id;name;disambiguatingDescription;description;longitude;latitude;streetAddress;postalCode;addressLocality;telephone;email;url;image;dateModified000b9f97-3f11-4434-9d10-7a2dc930accd;Hirschenbühne Stammheim;Kleintheater im ehemaligen Stallgebäude des historischen Gasthofs Hirschen;Das historische Stallgebäude wird einmal im Monat zur Theaterbühne mit herausragenden Programmen und Künstler und Künstlerinnen. Wir zeigen ein vielfältiges und buntes Theater- und Kulturprogramm in einem familiären und stilvollem Ambiente. Gemütlichkeit, beste Unterhaltung und Gastfreundschaft stehen an erster Stelle. Oder wie Bänz Friedli sagt: «Die Hirschenbühne ist klein, fein und wunderbar: Hier können wir Auftretenden dem Publikum ganz nahe sein. Die Stimmung ist liebevoll und professionell zugleich, ein seltenes Glück.»

Vor der Vorstellung servieren wir den Theaterteller, der zusammen mit dem Theaterticket gebucht werden kann. Das Angebot reicht vom Vesperplättchen über Salat oder heissen Fleischkäse bis Spätzle oder Winzerpfanne. Hirschengastgeber Mirco Schumacher wird Sie mit seiner saisonalen Küche begeistern!;8.801598299999995;47.631862;Steigstrasse 4;8477;Stammheim;+41798988446;post@hirschenbuehne.ch;https://hirschenbuehne.ch;[{'@type': 'ImageObject', 'contentUrl': 'https://ostpimtsoch.sos-ch-dk-2.exoscale-cdn.com/catalog/0/a/0/b/0a0bbfb5c55bc338eee852d6ffae91d53fb35cb3_cd189475695cc30bda91dd2427dd3003.JPG'}];2025-03-31T18:55:31+02:00
0071c72a-ce5e-4c5d-bfde-1ab68af5d039;Textilmuseum St.Gallen;Was wäre eine Textilstadt wie St.Gallen ohne ein Textilmuseum?;Gewebe und Stickereien aus aller Welt, Musterbücher, Entwurfszeichnungen und Fotografien illustrieren die Geschicke der Schweizer Textilindustrie zwischen regionaler Verbundenheit und internationaler Verflechtung.   

Geschichte: 
Seit 1863 erwarb das «Kaufmännische Direktorium St.Gallen» regelmässig Stoffmuster aus aller Welt und legte diese in einem Musterzimmer für die regionale Textilindustrie zur Ansicht auf. 1878 wurde schliesslich das «Industrie- und Gewerbemuseums St.Gallen» gegründet, wodurch das Bedürfnis nach einem eigenen Gebäude entstand. Dieses wurde 1886 im ehemaligen Seidenhof-Areal an der Vadianstrasse in einem palastartigen Historismus-Bau fertiggestellt. Neben den Sammlungen des «Kaufmännischen Direktoriums» beherbergte das Museum die Textilbibliothek, die Zeichnungsschule und ab 1890 die Stickereischule. Gleichzeitig wurde eine Plattform für die Präsentation ästhetischer Innovationen sowie die Inspiration durch Designs geschaffen. Im Jahr 1982 erfolgte eine Umbenennung von «Industrie- und Gewerbemuseum» in Textilmuseum St.Gallen. Seit 1900 finden vermehrt Wechselausstellungen statt, wobei das Textilmuseum St.Gallen auf bedeutende Privatsammlungen und Firmenarchive zurückgreifen kann, die im Laufe der Jahrzehnte ins Haus gelangten. Sie ergänzen die ursprünglichen Mustersammlungen mit wertvollen historischen Textilien, die den Textilindustriellen einst als Vorlage für die eigene Produktion dienten und die heute noch zu den Highlights der Museumssammlung zählen. 

Architektur: 
Im Laufe der Jahre wuchs die Sammlung stetig. Der Platzbedarf stieg und so wurde das Museum 1956 aufgestockt. Einen ähnlich massiven Eingriff in das Erscheinungsbild des Hauses stellt der graue Fassadenanstrich von 1962 dar, der inzwischen wieder mit roter Farbe übermalt wurde. Die Textilbibliothek wurde 1987/88 umgebaut und erweitert. 

Der viergeschossige Backsteinbau ist 40 Meter lang und beginnt mit dem Hochparterre auf einem halbgeschossigen Granitsockel. Die vierte Etage ist hinter dem Dachgesims zurückversetzt und betont so die Turmform des Gebäudes. Das Gebäude, dessen Entwurf auf den Zürcher Architekten Gustav Gull zurückgeht, wird aufgrund seiner roten Backsteinfassade auch «Palazzo Rosso» genannt.   

Heutige Nutzung: 
Auch heute noch ist das Textilmuseum St.Gallen eine lebendige Plattform für historisches und innovatives Textildesign. Zwei bis drei Sonderausstellungen pro Jahr ergänzen die Dauerausstellung zur Ostschweizer Textilgeschichte thematisch. Ein vielfältiges Veranstaltungsprogramm, museumspädagogische Aktivitäten sowie ein attraktiver Shop runden das Angebot ab. ;9.37364;47.42334;Vadianstrasse 2;9000;St. Gallen;+41 71 228 00 17;sgross@textilmuseum.ch;https://www.textilmuseum.ch/;[{'@type': 'ImageObject', 'contentUrl': 'https://ostpimtsoch.sos-ch-dk-2.exoscale-cdn.com/catalog/8/5/c/e/85ce35a66d2618ffb39fc0c9860497205e111ca9_9a9fc7c3fe18b3fc9030762374ed5468.jpg'}];2026-06-16T20:35:33+02:00
016d7bf9-d944-4bdc-83cf-bc1aca1b176f;Museum Alte Säge Valens;Das Museum Alte Säge Valens, restauriert von Valens Tourismus, ist ein frei zugänglicher Zeitzeuge der Holzwirtschaft des letzten Jahrhunderts. Es bietet das ganze Jahr über Einblicke in die Geschichte der alten Säge.;1990 wurden die Säge durch den Eigentümer Ferdinand Reiter Junior stillgelegt und 2004/2005 durch Valens Tourismus, unter Führung von Kurt Wyrsch, restauriert und als Museum für die Öffentlichkeit wiedereröffnet. Die Alte Säge Valens ist das ganze Jahr frei zugänglich und ein spannender Zeitzeuge der Holzwirtschaft des letzten Jahrhunderts.;9.481201171875002;46.97268790109085;Madrusstrasse;7317;Valens;0791045567;ela.mack@gmail.com;http://www.valens-tourismus.ch;[{'@type': 'ImageObject', 'contentUrl': 'https://ostpimtsoch.sos-ch-dk-2.exoscale-cdn.com/catalog/9/9/b/f/99bfd1fc235a91c9aa1e12a172f8e2a11453c186_70bf9a3f580a98320b16b05296120053.jpeg'}];2025-12-15T22:10:24+01:00
03139e0b-89de-4fc8-b77c-4d091aafbdbf;Grabenpärkli;Der Park mit dem knallroten Fass ;Gleich in der Nähe des Bahnhofs St.Gallen befindet sich das kleine aber feine Grabenpärkli. Parkbänke säumen die schönen Blumenbeete und laden zum Verweilen ein. Der eigentliche Hingucker ist die Skulptur des bedeutenden Spreng- und Explosionskünstlers Roman Signer. Aus einem knallroten Fass klatscht ein starker, satter Wasserstrahl auf den Boden. ;9.373902082443239;47.424704688926056;Am Pärkli;9000;St. Gallen;[{'@type': 'ImageObject', 'contentUrl': 'https://ostpimtsoch.sos-ch-dk-2.exoscale-cdn.com/catalog/2/8/9/8/289852898a63c2e3093d3cb10a02cbce0d500ea0_08b88a9bf3c99938f672f44d303dddec.jpg'}];2025-02-17T19:34:55+01:00
031a557b-144c-4ffb-91c6-04830475c6e0;Alte Mühle Wolfhalden ;Die Alte Mühle ist ein fünfgeschossiges Gebäude am Gstaldenbach mit Baujahr 1789, mit einzigartigen Malereien in der Stube – ein kunsthistorisch bedeutsames Baudenkmal!;<p>1789 liess Müllermeister H.H. Zürcher am Gstaldenbach in Wolfhalden ein stattliches, fünfgeschossiges Gebäude errichten. Im Gebäude befanden sich sowohl die Wohnung für die Familie als auch eine Mahlmühle, eine Bäckerei und eine Wirtschaft. Zürcher liess Wände und Decke in der Stube vollständig bemalen. Die Malereien sind gut erhalten und machen das Ensemble zu einem einzigartigen Schatz.</p><p>Die Alte Mühle liegt in der Gemeinde Wolfhalden, im Tobel, Hinterergeten, nahe der Grenze zu Heiden. Öffentliche Führungen finden jeweils am letzten Samstag in den Monaten Mai, Juni, Juli, August und September statt. Änderungen vorbehalten.&nbsp;</p><p>Start:&nbsp;14.00 Uhr<br>Die Alte Mühle Wolfhalden liegt circa 10 Gehminuten vom Bahnhof Heiden entfernt.</p><p>Kosten:&nbsp;Kollekte zugunsten des Vereins pro Alte Mühle Wolfhalden&nbsp;</p><p>Anmeldung:&nbsp;erforderlich</p><p>Gebuchte Führungen sind auf Anfrage möglich.<br>Teilnehmerzahl:&nbsp; max. 20 Personen</p><p>Kosten: CHF 110.00</p><div>Dauer: 45 bis 60 Minuten</div><p><br></p>;9.537875566539226;47.44479863545972;[{'@type': 'ImageObject', 'contentUrl': 'https://ostpimtsoch.sos-ch-dk-2.exoscale-cdn.com/catalog/a/8/9/0/a8904a3bcbda3b9e7321f0628ca20802c72b1b9b_70102530ea7b45e9d4a94e5561e32f01.jpg'}];2025-04-22T18:16:42+02:00
045905da-293c-41c1-8026-f4477928bd28;Ob Lucken;Ob Lucken ist ein Aussichtspunkt oberhalb der Gemeinde Beggingen, wo man einen schöne Aussicht auf das Klettgau hat. ;<p>Neben einer Grillstelle und einer privaten H&uuml;tte befindet sich hier ebenfalls noch eine Startrampe f&uuml;r Gleitschirmflieger und Deltasegler. Ob Lucken ist mit dem Auto nicht erreichbar. Via Parkplatz Heidebaum gelangen Sie zu Fuss zum Aussichtspunkt.</p>;8.5557091;47.7628528;8228;Beggingen;[{'@type': 'ImageObject', 'contentUrl': 'https://ostpimtsoch.sos-ch-dk-2.exoscale-cdn.com/catalog/2/f/e/4/2fe4466c56015655441cc987a6951eb6e325ccf8_898101c4e9aa35aae54766bc1b895046.jpg'}];2026-01-08T19:55:14+01:00
05399507-382d-420b-a794-fbd6130ec467;Theaterhaus Thurgau;Das Theaterhaus Thurgau in Weinfelden ist die gemeinsame Produktions- und Spielstätte von Theater Bilitz, bühni wyfelde und theagovia theater und frohsinn kultur.;<p>Das Theaterhaus Thurgau bietet ein vielf&auml;ltiges Programm mit einem Schwerpunkt auf Theaterangeboten f&uuml;r Kinder und Jugendliche. Neben den Eigenproduktionen der b&uuml;hni wyfelde und des theagovia theaters organisiert das Theater Bilitz spannende Veranstaltungsreihen und Kurse. F&uuml;r Erwachsene gibt es regelm&auml;ssig Gastspiele, die vom Kulturverein Frohsinn pr&auml;sentiert werden. Das Gesamtprogramm erscheint drei- bis viermal j&auml;hrlich und ist auf der Webseite des Theaterhauses abrufbar. Dar&uuml;ber hinaus kann das Theaterhaus f&uuml;r verschiedene Anl&auml;sse gemietet werden. Zur Verf&uuml;gung stehen ein Theatersaal mit B&uuml;hne und Trib&uuml;ne, ein Proberaum sowie ein Foyer mit Bar.</p>;9.1034238;47.5676321;Lagerstrasse 3;8570;Weinfelden;+41 71 622 20 40;info@theaterhausthurgau.ch;http://www.theaterhausthurgau.ch;[{'@type': 'ImageObject', 'contentUrl': 'https://ostpimtsoch.sos-ch-dk-2.exoscale-cdn.com/catalog/1/9/6/c/196c12281e8341bf9f741f296698c03655903a18_db9c281f20bdcdec4fec400234500dad.jpg'}];2026-02-18T23:02:43+01:00
05b1f99c-edcf-4adc-abe1-0b8ff5875619;Biohof Tappolet;Biohof mit Direktvermarktung und modernem, rustikalem Gastraum für Anlässe wie Geburtstagsfeiern, Versammlungen oder Seminare. Geeignet  für Gruppen zwischen 20 und 50 Personen.;Wir verwöhnen Sie gerne mit Speisen aus der Hofküche, wo wir hofeigene, saisonale und regionale Produkte  frisch für Sie verarbeiten  und in einem feinen Menü auf den Teller bringen.;8.4673933;47.6790253;Trasadingerstrasse 1;8217;Wilchingen;+41 79 290 85 36;info@tappolet-biohof.ch;http://www.tappolet-biohof.ch;[{'@type': 'ImageObject', 'contentUrl': 'https://ostpimtsoch.sos-ch-dk-2.exoscale-cdn.com/catalog/d/7/3/e/d73e64965a96dcd9385d9b65b965ca92f9b00c0b_1ac3d2ae93bed70546f8046f8d4bf203.jpg'}];2025-03-31T18:47:47+02:00
05bc91d7-9d55-41ec-9a7a-b6d4ff85d2d3;Hof zu Wil;Der Hof zu Wil, ursprünglich als Wehranlage der Grafen von Toggenburg errichtet, gilt als Wahrzeichen der Stadt.;<p>Der Hof zu Wil mit Sitz in der Wiler Altstadt ist ein Kulturdenkmal von nationaler historischer Bedeutung und blickt auf eine mehr als 800-j&auml;hrige Geschichte zur&uuml;ck. Die k&uuml;nftige Nutzung umfasst den Betrieb eines Restaurants, eines Beherbergungsbetriebes, einer Musealen Inszenierung, Schul- und Veranstaltungsr&auml;umen und der &ouml;rtlichen Bibliothek sowie des touristischen Info-Centers. Weitere Informationen sind auf <a href="https://hofzuwil.ch/" target="_blank" rel="noopener noreferrer">www.hofzuwil.ch</a> ersichtlich. Direkt unterhalb der Altstadt liegt der idyllische Stadtweier mit Kinderspielplatz.</p>;9.04999;47.46762;Marktgasse 88;9500;Wil SG;+41 71 913 87 07;hofleitung@hofzuwil.ch;https://hofzuwil.ch;[{'@type': 'ImageObject', 'contentUrl': 'https://ostpimtsoch.sos-ch-dk-2.exoscale-cdn.com/catalog/b/a/e/2/bae293f40fc1badef56e1339bb65197f8d145f04_248f4bebe8f1a1632b8a1f2bf23f7fad.jpg'}];2026-06-16T20:35:33+02:00
0a93ce24-39aa-4b3d-b34e-431a8b4256bb;Rheinschifffahrten Wirth;Schifffahrten, Schleusenfahrt, Veranstaltungen, Extrafahrten, Eventfahrten, Schulreisen.
Bootswerft,
Bootsfahrschule,
Bootsvermietung,;<p>Wir befahren den Rhein mit Passagierschiff Rhenania und zwei Weidlingen Biber / Möve zwischen Rekingen - Eglisau und Rheinfall.</p><p>Einstiegsorte z.B. Rekingen, Kaiserstuhl, Rheinsfelden, Eglisau, Tössegg, Rüdlingen, Ellikon, Rheinau Kloster oder beim Rheinfall, können je nach Wunsch bestimmt werden.</p><p>Gerne verwöhnen wir Sie und Ihre Gäste mit einer Schifffahrt an verschiedenen Anlässen z.B. Geburtstag, Geschäftsausflüge, Hochzeiten, Veranstaltungen, Seniorenausflüge, Schulreisen, Events, Weihnachtsessen kulinarisch aus unserer Apéro und Speisekarte.</p><p>Auf unserem Veranstaltungskalender finden Sie das ganze Jahr, verschiedene Angebote mit Brunch-Schiff, Spaghetti-Plausch, Sommerbuffet, Mittagessen, Käse-Fondue usw.</p>;8.5244954;47.5711809;Alte Landstrasse 24;8193;Eglisau;+41 44 867 17 15;info@schiffwirth.ch;http://www.schiffwirth.ch/;[{'@type': 'ImageObject', 'contentUrl': 'https://ostpimtsoch.sos-ch-dk-2.exoscale-cdn.com/catalog/d/2/a/8/d2a8c3226146cd096617383ef27214ddce55c74f_697a3717d500fae2b4f3a5638bd92c10.jpg'}];2025-03-28T18:55:13+01:00
0b6dd180-ecf3-4fd8-9323-65d3044b519e;Zeppelin Museum Friedrichshafen;Kunst trifft Technik am Ufer des Bodensees;Im denkmalgeschützten Gebäude des Hafenbahnhofs vereint das Zeppelin Museum Friedrichshafen die weltweit bedeutendste Sammlung zur Luftschifffahrt mit einer Kunstsammlung, die die großen Meister aus Süddeutschland vom Mittelalter bis zur Neuzeit umfasst. Rund 1.500 Exponate auf über 4.000 Quadratmetern Fläche umfassen einzigartige Objekte – nicht nur für Zeppelin-Liebhaber. Zu den Highlights zählen die begehbaren Passagierräume der LZ 129 Hindenburg im originalgetreuen, rund 33 Meter langen Nachbau, eine Wunderkammer zum Kultobjekt Zeppelin sowie Experimentierstationen, die das Prinzip „Leichter als Luft“ für Groß und Klein versteh- und mittels eines Flugsimulators erlebbar machen.

Fragmente der Luftschiffe wie Gerippe, Propeller, Gondeln, Höhenmotoren oder Getriebe sind neben historischen Ton-, Film- und Bildaufnahmen, Zeitungsartikeln und der Ausstattung der Luftschiffe zu sehen. Sie lassen multimedial aufleben, wer die Pioniere der Luftschifffahrt waren und erinnern an ihre größten Erfolge und die schrecklichsten Katastrophen. Außerdem beantworten sie die Frage, wie es Graf Zeppelin gelang, ein Luftschiff zu bauen, das fast viermal so groß ist wie ein Airbus, aber dennoch leichter als Luft und wie er die Stadt Friedrichshafen damit als Industriestandort nachhaltig prägte.

Einen besonderen Ausstellungsschwerpunkt bilden zudem Werke von Künstler*innen, die sich während der Zeit des Nationalsozialismus an den Bodensee in die „Innere Emigration“ zurückzogen, wie Otto Dix, Max Ackermann oder Willi Baumeister. In akribischer Forschungsarbeit begibt sich das Zeppelin Museum auf Spurensuche und arbeitet die Geschichten der Kunstwerke seiner Sammlung auf. Auf diese Weise macht es Schicksale von Sammler*innen sichtbar, von geraubten oder verlagerten Kunstwerken oder von Hetzaktionen der Nationalsozialist*innen gegen die Moderne Kunst.

Durch Wechselausstellungen zu gesellschaftlich aktuellen Themen spannt das Museum einen Bogen zur zeitgenössischen Kunst und bringt Kunst und Technik immer wieder aufs Neue in Dialog. Jeden Sonntag finden öffentliche Führungen durch die Ausstellungen statt, donnerstags sind Besucher*innen im OPEN HOUSE! zu kostenlosen Vorträgen, Lesungen und anderen Veranstaltungen eingeladen.

Zur Vor- und Nachbereitung bietet das Zeppelin Museum zahlreiche kostenlose, digitale Inhalte und Formate an: Die Digitale Sammlung und die Mediathek laden zum Stöbern ein, in der Podcastreihe ZM talks plaudern Mitarbeiter*innen aus dem Nähkästchen oder führen Gespräche mit Expert*innen zu aktuellen Themen, die ZeppApp bietet umfassende Informationen und Audioguides zu den Ausstellungen, die eigene Diskursplattform debatorial® lädt zum Austausch ein, der Museumsblog zum Lesen und die Profile auf den sozialen Netzwerken zu Interaktion und Storytelling.;9.4830611;47.6507925;Seestraße 22;88045;Friedrichshafen;+49 7541 3801-25;info@zeppelin-museum.de;https://www.zeppelin-museum.de/;[{'@type': 'ImageObject', 'contentUrl': 'https://ostpimtsoch.sos-ch-dk-2.exoscale-cdn.com/catalog/3/6/5/a/365aad8bfa4294d14a0020317d240f15be388ee8_b8817ba0f05a554b1cffebf2ed5ffeda.png'}];2026-06-16T20:35:33+02:00
0bf04eb9-d23c-4b2e-9c8a-2ec1ec63c792;Festungsmuseum Heldsberg;Ein Ausflugserlebnis der besonderen Art, und das bei jeder Witterung.;Das Artilleriewerk Heldsberg war vom 2. Weltkrieg bis 1993 Teil der Grenzbefestigung im Rheintal. Durch seine Lage kontrollierte es mit seinen vier 7.5 cm Festungs-Geschützen im Norden das Südende des Bodensees und im Süden die Rheinübergänge im Rheintal bis Montlingen. Mit der Sperre am Stoss bei Altstätten wurde der Übergang ins Appenzellerland gesichert. Zum Angebot des Festungsmuseums Heldsberg gehört auch der eindrückliche, unterirdische Kommandobunker der Grenzbrigade 8, Haslen AI, der in über 30 Räumen die Zeit des „Kalten Krieges“ thematisiert.

In der Heldsbergstube und in der Soldatenstube „Kästlis“ Haslen, werden die Gäste mit Getränken und Speisen verwöhnt. Wechselnde Sonderausstellungen bereichern die militärhistorischen Museen.;9.643226599999934;47.4432905;Obere Heldsbergstrasse 5;9430;Sankt Margrethen;+41 71 733 40 31;info@festung.ch;http://www.festung.ch/;[{'@type': 'ImageObject', 'contentUrl': 'https://ostpimtsoch.sos-ch-dk-2.exoscale-cdn.com/catalog/6/0/4/9/60491eec44c2fc14522aa4de57e76a42f81032df_1d2a1593a6c40dfa4302a9c1011bca53.JPG'}];2026-06-16T20:35:33+02:00
0c24bdec-9b04-4b12-898c-cc12cbbc8518;Kommandobunker Grenzbrigade 8;Der Kommandoposten Haslen wurde Anfang der 1960er-Jahre erbaut und diente der Schweizer Armee bis 1996 als Kommandostandort für die Grenzbrigade 8.;Die Anlage umfasst über 30 Büro- und Schlafräume, Maschinenraum, Telefonzentrale, Küche und Soldatenstube sowie weitere Nebenräume.

Zusammen mit vielen Angehörigen des letzten aktiven Brigadestabs und weiteren Helfern ist es gelungen, auf dem gesamten unteren Stock der Kaserne die Arbeit eines Brigadestabs während des Kalten Krieges nachzustellen und für den Besucher erklär- und erlebbar zu machen. Des weiteren ist der Kalte Krieg selbst Thema der Ausstellung und wird von verschiedenen Seiten beleuchtet.

Ausgestattete Mannschaftsunterkünfte, Bibliothek, ein aufwändiges Geländemodell (Rheinüberquerung der Amerikaner im 2. Weltkrieg), verschiedene Uniformen und natürlich auch der betriebsbereite Maschinenraum runden die vielfältigen Museumsräumlichkeiten ab.

Nach dem spannenden Rundgang steht die Soldatenstube für einen Apéro oder gar ein komplettes Essen zur Verfügung. Das Sekretariat gibt gerne weitere Auskünfte.;9.3720583;47.3577958;Vorderhaslen 9;9054;Schlatt-Haslen;+41 79 2626823;roland.lehner@festung.ch;http://www.festung.ch;[{'@type': 'ImageObject', 'contentUrl': 'https://ostpimtsoch.sos-ch-dk-2.exoscale-cdn.com/catalog/1/8/3/c/183c72d560a676ed159ec0f2c6843b518efde8db_b78003a74ab8a66e45b5b7fc26ffe4d4.jpg'}];2026-06-16T20:35:33+02:00
0d855a21-1310-4ba2-b64e-794bcb63b423;autobau erlebniswelt;In der Autobau Erlebniswelt in Romanshorn faszinieren seltene Fahrzeuge aus dem nationalen und internationalen Rennsport sowie edle Sportkarossen im einmaligen Ambiente eines denkmalgeschützten Industriegebäudes.;Keine zehn Gehminuten vom Bahnhof Romanshorn entfernt entführt die Autobau Erlebniswelt in das Reich des Automobil-Rennsports. Denkmalgeschützte Hallen und der riesige Stahltank eines ehemaligen Tanklagers beherbergen eine imposante Autosammlung. 120 Fahrzeuge dürfen im wahrsten Sinne des Wortes hautnah erlebt werden. Praktisch ohne Absperrung bewegen sich Besuchende im Museum frei zwischen den Autos und blicken in die Führerkabinen von waschechten Rennautos – sogar aus der Formel 1. Namen wie Aston Martin, Bugatti, Ferrari, Lamborghini, Maserati, Mercedes oder Porsche sind hier vertreten und lassen die Herzen von Autobegeisterten höherschlagen. Namen wie Aston Martin, Ferrari, Lamborghini, Maserati, Mercedes oder Porsche sind hier vertreten und lassen die Herzen von Autobegeisterten höherschlagen. 

Nicht nur Museum, sondern auch Eventlocation am Bodensee ist die Autobau Erlebniswelt und begeistert mit Anlässen, Tagungen oder Feiern im besonderen Industrieambiente. ;9.3761945;47.5575714;Egnacherweg 7;8590;Romanshorn;+41714660066;y.stuetz@autobau.ch;http://www.autobau.ch/;[{'@type': 'ImageObject', 'contentUrl': 'https://ostpimtsoch.sos-ch-dk-2.exoscale-cdn.com/catalog/a/a/c/7/aac779ba8da96bc88feea0007325c5fb8d4adbf8_2b0cec2713b72a5982908694c47ecdbb.jpg'}];2026-06-16T22:26:55+02:00
0d93e052-2a03-4bac-bfa0-efe110d6f5e6;Grillplatz Rossegg;9.3408195;47.2126822;Wildhaus;[{'@type': 'ImageObject', 'contentUrl': 'https://ostpimtsoch.sos-ch-dk-2.exoscale-cdn.com/catalog/4/c/1/1/4c117779dc3d0924391def65101359fb287e0d08_2901562ea9cf8974905ecdf7907c28c8.jpeg'}];2025-10-28T16:12:59+01:00
100fcc79-3d2e-4f46-8c73-424a95248cfd;Appenzeller Brauchtumsmuseum;Schon gehört von den mystischen Silvesterchläusen oder dem urtümlichen Blochbrauch?;Das lebendige Brauchtum ist Mittelpunkt der Ausstellung. Hauptthemen sind das Silvesterchlausen, die Alpfahrt, das Bloch und die Viehschau. Der Museumsrundgang gewährt Einblicke ins Sennenleben, in bäuerliche Wohnräume, in die Welt der Trachten, in traditionelle Werkstätten und in die Volkskunst.

Hackbrett, Zither, Bassgeige, Handorgel, Schwyzerörgeli, Klavier, Talerschwingen und Schellenschötten dürfen ausprobiert werden.;9.282804;47.317324;Dorfplatz 6;9107;Urnäsch;+41 71 364 23 22;info@museum-urnaesch.ch;http://www.museum-urnaesch.ch/;[{'@type': 'ImageObject', 'contentUrl': 'https://ostpimtsoch.sos-ch-dk-2.exoscale-cdn.com/catalog/3/2/4/5/3245d3cdbdc62242a3a0bcaa8d45d1402e09ba84_4da753d7c94858a8a2b1e182ee4c93a9.jpg'}];2026-06-16T20:35:33+02:00
12b158c5-11e1-44f4-adec-66cdfd2ea29f;Figurentheater-Museum & Figurentheater;Tauchen Sie ein in die «Wunderwelten des Figurenspiels»!;In einem typischen Appenzellerhaus, im Dorfkern von Herisau, lassen liebevoll ausgestellte Marionetten, Handpuppen und andere Figuren, die Besucherinnen und Besucher in Welten voller Fantasie und Poesie eintauchen. Hier können die Kinder aber nicht nur Figuren bestaunen, sondern, geführt von der Hauskatze, an verschiedenen Stationen das Puppenspiel selbst ausprobieren oder spannenden Märchen lauschen.
Die Ausstellungen wechseln periodisch und lassen immer wieder neue 
Facetten des Figurenspiels entdecken. 

Das Museum kann auch reserviert werden, um die Ausstellung in aller Ruhe anzuschauen. Ebenso können Führungen für Gruppen gebucht werden mit oder ohne Apéro. 

Die Ausstellungen werden auch auf Französisch und Englisch präsentiert. 

Eintrittspreise:
Erwachsene CHF 8.00, Kinder CHF 5.00, Familien CHF 20.00
Für Kinder aus den Kantonen AR und SG ist der Eintritt gratis.

Saisonstart im Theater am 2. Oktober 2022, immer am Sonntag 11 Uhr
Spielplan auf www.figurentheatermuseum.ch;9.27979840461888;47.3851375;Oberdorfstrasse 18;9100;Herisau;+41 76 520 79 09;info@figurentheatermuseum.ch;https://www.figurentheatermuseum.ch/;[{'@type': 'ImageObject', 'contentUrl': 'https://ostpimtsoch.sos-ch-dk-2.exoscale-cdn.com/catalog/8/c/c/1/8cc101376df8ce1dcc512387969e407d3e4f591b_7dbb0cba366ede5df8bb1f80b3920c51.jpg'}];2025-04-22T18:16:42+02:00
1303bd9f-0142-4a28-ab17-35e048ff5f02;Chocolarium;Die beliebte Schokoladen-Erlebniswelt von Munz und Minor lädt zu einer süssen Reise auf die Suche nach dem Glück ein.;<p>Das Chocolarium bietet einen interaktiven Erlebnis-Rundgang, Einblick in die Live Produktion und diverse Schoggi-Kurse an. Naschen erwünscht!</p><p>Wer Schokolade liebt, kommt nicht um einen Besuch im Chocolarium herum. Auf dem interaktiven Erlebnis-Rundgang erfahren Schoggifans auf spielerische Art und Weise viel Wissenswertes über Schokolade und wie das Glück hineingelangt. Von der Glasgalerie aus beobachten sie, wie die beliebten Produkte von Munz und Minor hergestellt werden.</p><p>Im neuen Raum für individuelles Glück strahlen mehrere Schokoladenbrunnen mit Flüssigschokolade und laden dazu ein, die Geschmacksrichtungen Weiss, Milch, Dunkel, Himbeer (der erste pinkfarbene Brunnen!) und sogar vegane Gianduja zu kosten und bewerten. Naschen ist hier ausdrücklich erwünscht.</p><p>Anschliessend kann der Erlebnis-Rundgang mit einer süssen Erinnerung abgerundet werden: Eine frische Munz Schoggi-Tafel wird vom Show-Confiseur gegossen und kann nach Herzenslust verziert werden. Chocolarium - das vielbesuchte Ausflugsziel in der Ostschweiz heisst herzlich willkommen!</p>;9.164934160728885;47.4130675;Toggenburgerstrasse 41;9230;Flawil SG;0712283888;info@chocolarium.ch;https://www.chocolarium.ch/;[{'@type': 'ImageObject', 'contentUrl': 'https://ostpimtsoch.sos-ch-dk-2.exoscale-cdn.com/catalog/e/9/8/a/e98a703f6d02c050a9b6d3ea7c91c0e924c29ca7_e4dbe248d7430be4a9722ae2126b0b31.jpg'}];2025-04-17T18:55:42+02:00
145d3464-5585-4a04-af43-90e9944f3378;Circularity Trail Lichtensteig;Höher. Weiter. Schneller. Mehr. Willkommen in unserer heutigen Gesellschaft. Doch entspricht dieser Modus auch unserer inneren Natur? Glücklich und erfüllt leben geht anders. Und das wissen wir auch – eigentlich.;<p><span style="background-color: rgb(255, 255, 255); color: rgb(54, 54, 54);">Der Circularity Trail möchte dazu inspirieren, wieder mehr in Einklang mit der Natur zu leben und das eigene Leben kreislaufbasierter auszurichten. Alles zu ihrer Zeit. Denn jede Zeit hat ihren ganz besonderen Wert, ihre eigene Kraft.</span></p><p></p><p><span style="background-color: rgb(255, 255, 255); color: rgb(54, 54, 54);">Die verschiedenen Stationen des Trails sind im Stadtgebiet Lichtensteig verteilt. An den jeweiligen Orten findest du jeweils ein Täfelchen mit QR-Code, welches den entsprechenden Audiofile für dich bereithält. Die Standorte knüpfen dabei an bestehende Orte und Projekte im Kontext von Mini.Stadt Lichtensteig an und sind thematisch darauf abgestimmt. </span></p><p></p><p><span style="background-color: rgb(255, 255, 255); color: rgb(54, 54, 54);">Die einzelnen Audiofiles bieten unterschiedliche Zugänge zu Circularity &amp; Kreislaufprinzip und zeichnen in ihrer Gesamtheit ein perspektivenreiches Bild zum Themenbereich Circular Society/Living.</span></p><p></p><p>Weitere Informationen zum Circularity Trail gibt es <a href="https://www.lichtensteig.ch/circularitytrail" rel="noopener noreferrer" target="_blank">hier</a>. </p><p></p><p></p>;9.087045192718508;47.32369757432914;9620;Lichtensteig;+41 58 228 23 99;info@lichtensteig.sg.ch;https://www.lichtensteig.ch/circularitytrail;[{'@type': 'ImageObject', 'contentUrl': 'https://ostpimtsoch.sos-ch-dk-2.exoscale-cdn.com/catalog/f/3/4/5/f34514526cd32dba78a5259c0ec891bfb4ceefa7_1789b97076b778f95491a907b6419038.webp'}];2025-10-28T16:23:25+01:00
15088853-63ae-48e0-83b2-59af0fb281fe;Münsterkirche;Das Münster ist der ursprünglichste romanische Kirchenbau der Schweiz, eine eindrucksvolle Basilika. ;<p>Die einstige Benediktinerabtei Allerheiligen mit der um 1106 geweihten Klosterkirche und dem M&uuml;nsterturm aus der 2. H&auml;lfte des 12. Jahrhunderts z&auml;hlt zu den wenigen, gut erhaltenen, romanischen Klosteranlagen der Schweiz. Um 1090 legte man die Grundmauern zu einem grossen, f&uuml;nfschiffigen M&uuml;nster. Der Bau blieb aber in den Fundamenten stecken und an seiner Stelle realisierte man das heutige M&uuml;nster. Der M&uuml;nsterturm wurde um 1150 errichtet, der Turmhelm ist sp&auml;tgotisch. 1524 wurde die Benediktinerabtei aufgehoben und das M&uuml;nster zur Pfarrkirche. Heute ist das M&uuml;nster Gottesdienstraum der evangelisch-reformierten Kirchgemeinde Schaffhausen-M&uuml;nster und dient ausserdem als Konzertkirche.</p>;8.636419036867235;47.6952851;8200;Schaffhausen;[{'@type': 'ImageObject', 'contentUrl': 'https://ostpimtsoch.sos-ch-dk-2.exoscale-cdn.com/catalog/1/1/b/a/11ba26b71eb2c28dbdd5e78036643f82f63a180b_ff79db444324e0f43e1ef0a0f25ea4f8.jpeg'}];2026-01-08T19:25:54+01:00
155956e8-2e54-464f-a9dd-abeb6665617b;Bettinas Weinevents in Hallau;Wein-Rätsel-Wanderung;Reben, Rätsel, Wein, geheime Codes und Botschaften versprechen ein aussergewöhnliches Wandererlebnis.
Um zum Wein zu kommen und die Flaschen zu öffnen, muss die Gruppe verschiedene Teamaufgaben und Rätsel auf dem Weg lösen.;8.4645073;47.6972953;Neunkircherstrasse 3;8215;Hallau;+41 78 243 95 53;info@bettinas-weinevents.ch;https://www.bettinas-weinevents.ch;[{'@type': 'ImageObject', 'contentUrl': 'https://ostpimtsoch.sos-ch-dk-2.exoscale-cdn.com/catalog/b/0/8/d/b08d9c9f7c1f7afc455f47090b345bbae41a77ed_85c9ec2c3eb3480bc7472371ec282a4a.jpg'}];2026-02-11T19:45:20+01:00
163bce38-a278-45ad-a6d3-d1aa9c0fb64c;Wyland Usziit;Lama-Trekkings, Atemtraining und Eisbaden mit der Wim-Hof-Methode;<p>Gönnen Sie sich und Ihren Lieben eine Auszeit vom privaten oder dem Berufs-Alltag dank unserer Lamas, Minipigs und der Wim-Hof-Methode. Auch Gutscheine erhältlich!</p><p>Gerne ermöglichen wir auf unserem Lama- und Minipig-Hof nachhaltige Auszeiten für einzelne Personen und Gruppen. Auch Menschen mit Beeinträchtigungen sind herzlich willkommen!</p><p>Wir bieten Spaziergänge mit unseren Lamas, tiergestützte Coachings, Erlebnispädagogik &amp; Aktivierungsprogramme für Heime, Schulen und Stiftungen sowie ein spannendes Angebot an Kursen (z.B. Eisbaden &amp; Atemtraining mit der Wim-Hof-Methode, Mentaltraining für Sportler, Outdoor Survival-Erlebnisse, Klangschalen- und Mal-Kurse, Selbstbehauptung für Kinder und Erwachsene, Taiji inmitten von Lamas, ...).
</p><p>
Dabei lautet unser Motto: Geniessen, erholen &amp; dabei Körper und Geist nachhaltig Gutes tun.
Herzlich willkommen bei Wyland Usziit!</p><p>PS: Besuche nur auf Voranmeldung.</p>;8.630833625793459;47.631083889861;Radhof 1;8460;Marthalen;+41 78 676 24 12;kontakt@wyland-usziit.ch;https://www.wyland-usziit.ch;[{'@type': 'ImageObject', 'contentUrl': 'https://ostpimtsoch.sos-ch-dk-2.exoscale-cdn.com/catalog/7/1/c/f/71cfc0bbbd22c7131be812f8a80e9f1273de7515_330bae41ec2584e796a90389e5f04c9d.jpg'}];2025-03-31T18:47:47+02:00
171f9a04-27a8-489b-82c2-78ecb3750281;Siblinger Randenturm;Der Siblinger Randenturm ist einer der vier Aussichtstürme im Schaffhauserland.;<p>Auf der 19 m hohen Plattform &ouml;ffnet sich den Besuchern eine aussergew&ouml;hnliches Panorama von den Vorarlbergeralpen, &uuml;ber die Ost- und Zentralschweizer Berge bis zu den Gipfeln des Berner Oberlandes und weiter bis zu den Schwarzwaldh&ouml;hen. Atemberaubend ist auch der ungehinderte Blick auf die liebliche Landschaft des Klettgau und die W&auml;lder des Randens.</p><p>1872 wurde durch die Freunde der Naturbetrachtung ein erster Aussichtsturm auf dem Siblinger Schlossbuck erstellt. Bereits zehn Jahre sp&auml;ter wurde er allerdings von einem Sturm weggefegt und gleichen Jahres durch einen 12 m hohen Eisenfachwerkbau ersetzt. Dieser hatte eine entscheidend l&auml;ngere Lebensdauer. Er diente bis 2014 seinem Zweck. Allerdings war er so bauf&auml;llig geworden, dass ein Ersatz n&ouml;tig wurde. Der heutige, architektonisch und technisch ungew&ouml;hnliche Turm wurde im November 2014 eingeweiht.</p>;8.5340233;47.7210362;Randenstrasse 8;8225;Siblingen;[{'@type': 'ImageObject', 'contentUrl': 'https://ostpimtsoch.sos-ch-dk-2.exoscale-cdn.com/catalog/7/f/5/c/7f5c1f7002a9779537ee772b4efbc6c9cc2f2eb3_48f537c8b884c034314295d3e1ff4236.jpg'}];2026-01-08T19:40:20+01:00
1832766f-0c84-4f54-a861-58ac7a12165c;Bergkirche St. Moritz;Die im Jahr 1491 gebaute und dem heiligen Mauritius geweihte Bergkirche, auf einem Vorsprung des Hallauer Berges gelegen, überragt das durch seinen Weinbau bekannte Dorf Hallau. Die erhöhte Lage bringt es mit sich, dass die Kirche im Blickpunkt des ganzen Klettgaus liegt und zum Wahrzeichen Hallaus geworden ist. ;<p>1974 wurde sie wegen ihrer kunstgeschichtlichen und historischen Bedeutung zum Kunstdenkmal von nationaler Bedeutung erkl&auml;rt. Von 1976 bis 1978 hat man sie gr&uuml;ndlich restauriert und im Jahr 2015 erneut sanft renoviert.</p><p>Die Bergkirche kann auf Anfrage besichtigt werden. Bei Interesse melde dich bitte per Mail an: erleben@schaffhauserland.ch</p>;8.461066748821793;47.7024438;Bergstrasse;8215;Hallau;martin.breitenfeldt@ref-sh.ch;https://www.ref-sh.ch/kg/hallau/;[{'@type': 'ImageObject', 'contentUrl': 'https://ostpimtsoch.sos-ch-dk-2.exoscale-cdn.com/catalog/f/3/d/e/f3de288cdd545f24569b45862ef031dae665baaa_58b40e97e61ad74a896e6f4ebebd03b5.jpg'}];2025-12-18T19:10:31+01:00
1939feb9-f820-40c4-a545-b7dff23845d4;Olma Messen St.Gallen;Die grösste Location in der Ostschweiz für Kongresse, Tagungen, Festlichkeiten und mehr.;Ob für eine Tagung mit 100 Personen, für ein Bankett mit 1000 Gästen, für einen Kongress mit 1500 oder eine GV mit 4000 Teilnehmern – Die Olma Messen St.Gallen bieten die passenden Räume mit modernster Infrastruktur und Veranstaltungstechnik – erstklassiges Catering inklusive. Die Hallen sind sehr beliebt als Locations für Events, Konzerte oder Musical-Produktionen. Jährlich zieht das Team der Olma Messen St.Gallen bei über 100 Veranstaltungen die Strippen hinter den Kulissen und schafft echte Erlebnisse und wertvolle Begegnungen für zehntausende von Menschen.

Das flexible Raumangebot von modularen Tagungsräumen bis zu Hallen
für Grossanlässe mit den jeweiligen adäquaten Foyers ermöglicht individuelle Settings von Kongressen und Events. Die zentrale Lage im Herzen der Stadt St.Gallen, die bequeme Anbindung an den ÖV, der direkte Autobahnanschluss, ein attraktives Parkplatzangebot und Hotelkapazitäten gehören ebenfalls dazu.;9.385859900000014;47.4335726;Splügenstrasse 12;9008;St.Gallen;info@congressevents.ch;http://www.congressevents.ch/;[{'@type': 'ImageObject', 'contentUrl': 'https://ostpimtsoch.sos-ch-dk-2.exoscale-cdn.com/catalog/9/6/5/7/96577ab4098cde68de7595d96890699e4809df95_1ab72d7428665bc104efa34444a15d9c.jpg'}];2026-06-16T20:17:36+02:00
19a1ec89-b583-4b84-82f8-08c1e664f683;Spielplatz Prodalp Flumserberg;Der Spielplatz Prodalp Flumserberg bietet Kindern auf 1500 m Höhe über dem Walensee vielfältige Spielmöglichkeiten. Mit Hüpfkissen, Hüpfburg, Schaukeln und einem Veloparcours ist er ideal für Bewegung und Spass. In der Nähe befinden sich das Restaurant Prodalp und der Kletterturm Cliimber.;<p>Ein abwechslungsreicher Spielplatz mit einem Hüpfkissen und einer Hüpfburg, die den Kindern viel Raum für energievolles Springen und Toben bieten. Es gibt mehrere Schaukeln, die sowohl für kleinere als auch für größere Kinder geeignet sind. Ein Spielturm mit Kletterelementen und einer kleinen Rutschbahn lädt zu Abenteuern und ersten Kletterversuchen ein. Außerdem sorgt ein spezieller Veloparcours für die Kleinen dafür, dass sie mit ihren Fahrrädern oder den vorhandenen Laufrädern sicher fahren und ihre Geschicklichkeit verbessern können. Ein Ort voller Bewegung und Spaß für Kinder unterschiedlichen Alters! In der Nähe befindet sich das Restaurant Prodalp, sowie der Kletterturm «Cliimber». </p>;9.2893443;47.0806776;Prodalp;8897;Flumserberg;info@flumserbergbahnen.ch;[{'@type': 'ImageObject', 'contentUrl': 'https://ostpimtsoch.sos-ch-dk-2.exoscale-cdn.com/catalog/9/0/9/3/9093cd7d5a4d6bcc92fe79f22dad17910cafa5e8_2e5e7089fb7838addae3210c5da75f4f.jpg'}];2026-06-05T16:30:20+02:00
19d289f1-4b2e-4fcb-8e12-07d9cf329cf2;Grillplatz Säntiswäldli;Gemütlicher Grillplatz mit kleinem, neu erbautem Spielplatz.;Der Grillplatz Säntiswäldli befindet sich in Unterwasser direkt am Anfang der Schwendistrasse gegenüber der Berg und Bett Säntis Lodge. Die Feuerstelle im kleinen lichten Wäldchen verfügt über einen rechteckigen Rost, der in der Höhe verstellbar ist, einem Holzvorrat und Sitzgelegenheiten auf drei Holzbänken. Dank des neu erbauten Spielplatzes können sich die Kinder im kleinen Seilgarten oder auf der Wippe vergnügen, während die Erwachsenen dem fröhlichen Lachen oder der vorbeiplätschernden Thur zuhören. Ausserdem steht auch das "Mitfahrbänkli" gleich nebenan, wo Sie sich hinsetzen können und warten, bis das nächste vorbeifahrende Auto Sie zu den Schwendiseen mitnimmt.
Kinderwagentauglich: ja, Holz: ja, Trinkwasser: nein, WC: nein, Kapazität: ca. 12;9.31269943714142;47.19602178175681;Frühweidstrasse;9657;Unterwasser;[{'@type': 'ImageObject', 'contentUrl': 'https://ostpimtsoch.sos-ch-dk-2.exoscale-cdn.com/catalog/6/b/c/b/6bcb99dfb00df5123d865ec452e1bab945cb928f_9038fa4afc83b648ddc38be98cc145bb.jpg'}];2025-10-28T16:12:59+01:00
19d5863c-c7bd-4505-b550-77680e6a7656;Napoleonmuseum Arenenberg;Der Arenenberg im Thurgau liegt mit seinem Schloss an einem der schönsten und romantischsten Plätze am ganzen Bodensee. Von der Schlossterrasse aus bietet sich ein spektakulärer Blick über die Unterseeregion.;Historisches Herzstück des Arenenbergs ist das Napoleonmuseum im Schloss. Hier können die sorgfältig restaurierten, original ausgestatteten Wohnräume von Königin Hortense und der kaiserlichen Familie Napoleons III. besichtigt werden. Prachtvolle Zeltsalons, private Rückzugsräume, Zofenzimmer und kostbare Gemälde aber auch ein handbestickter Kinderthron sind hier zu sehen. Umgeben ist das Schlossgut von einem Landschaftspark und vom Arenenberger Schul- und Gutsbetrieb, zu dem auch die Rebhänge des eigenen Weinguts gehören.;9.0592034;47.6726822;Arenenberg 1;8268;Salenstein;+41 58 345 74 10;reservation.nap@tg.ch;https://napoleonmuseum.tg.ch;[{'@type': 'ImageObject', 'contentUrl': 'https://ostpimtsoch.sos-ch-dk-2.exoscale-cdn.com/catalog/8/1/9/1/81911a6d6eb4cb181d92ace7719db48d3c1d41ae_802e8e27cf5687f013a20a6fbaf6b0b7.jpg'}];2026-06-16T20:35:33+02:00
1a5e29ab-0d20-420b-9dbf-fc0783715fa2;Schienenerlebnisse;Kreative Ideen, Flexibilität und Erfahrung. Sie planen einen Event auf Schienen und wollen Ihren Gästen eine einzigartige Atmosphäre bieten?;<p>Wir stellen Ihnen gerne ein Gesamtpaket unter der Ber&uuml;cksichtigung Ihrer W&uuml;nsche zusammen. Ob private oder gesch&auml;ftliche Anl&auml;sse &ndash; mit unserem Fachwissen und unserer Kreativit&auml;t beraten wir Sie ganz individuell und mit Liebe zum Detail.</p><p>Sie haben die M&ouml;glichkeit, aus bereits bestehenden Event-Beispielen auszuw&auml;hlen, diese je nach Wunsch individuell anzupassen oder f&uuml;r sich einen ganz eigenen Event zu gestalten. Mit dem untenstehenden Button gelangen Sie zu auserlesenen Event-Beispielen.</p>;8.894150753920062;47.55586341460734;Metzgerstrasse 5;8500;Frauenfeld;[{'@type': 'ImageObject', 'contentUrl': 'https://ostpimtsoch.sos-ch-dk-2.exoscale-cdn.com/catalog/2/b/b/5/2bb576d83066deb70e9fb2c1d71da7479961e2eb_ced1f5bb9631c2aafb31b53d4c0958c1.jpg', 'caption': {'de': 'Lokomotive'}}];2026-03-05T18:34:44+01:00
1b41c5db-37b4-48df-98ca-d1e3bacfb968;Feuerstelle Löchli;9.540499448776247;47.433755001345006;[{'@type': 'ImageObject', 'contentUrl': 'https://ostpimtsoch.sos-ch-dk-2.exoscale-cdn.com/catalog/c/0/6/f/c06f2854f97251348993f01a516c0907fe2dcd69_bbacdc9cc198fe5ac9dbf423ce7045b3.jpg'}];2025-07-16T18:25:22+02:00
1f9b5f84-6fbc-498b-977d-a2bd3a89c42e;Tellenbrunnen;Der achteckige Brunnen wurde im 16. Jahrhundert als steinerner Brunnen errichtet. Wilhelm Tell ziert als Symbol des freiheitsliebenden Schweizers die Brunnensäule.;8.636963988259705;47.696122599999995;Vordergasse;8200;Schaffhausen;[{'@type': 'ImageObject', 'contentUrl': 'https://ostpimtsoch.sos-ch-dk-2.exoscale-cdn.com/catalog/8/3/b/2/83b2abfc7a3aeee649531b615da104e0155c8d6d_9c683eff7458dfd9fd0e735645f7cee5.JPG'}];2025-02-17T12:48:39+01:00
205ced8d-18fb-424b-9e4c-25c1a8eb2eb0;Kräutergarten zu Allerheiligen;Eine Reise durch die Kulturgeschichte der Pflanzen Dort, wo sich früher in der Klosteranlage zu Allerheiligen der „Chrutgarte“ befunden hat, wurde 1937/38 ein Kräutergarten neu angelegt. ;<p>W&auml;hrend bei den Benediktiner M&ouml;nchen der Nutzen der Heil-, Gew&uuml;rz und Gem&uuml;sepflanzen im Vordergrund stand, ist der heutige Kr&auml;utergarten ein Schaugarten und eine Oase der Ruhe. Die Pflanzen werden nicht geerntet. Neben typischen Klosterpflanzen befinden sich im Kr&auml;utergarten zu Allerheiligen Heilpflanzen, volksbotanisch bedeutende Pflanzen der Bauerng&auml;rten sowie Bibelpflanzen.</p>;8.636769393088347;47.694901099999996;Klosterstrasse 19;8200;Schaffhausen;[{'@type': 'ImageObject', 'contentUrl': 'https://ostpimtsoch.sos-ch-dk-2.exoscale-cdn.com/catalog/2/6/6/b/266b46d20c7e6706ea6d36fd1a036b9afc248711_79506d0ad94ce170234b6470d973cfe8.jpg'}];2026-01-09T19:33:57+01:00
216dedf4-88f5-4f3f-96de-1cf1acfead4d;Museum Lindwurm;Im Museum Lindwurm in Stein am Rhein ist die Biedermeierzeit (ca. 1815–1848) lebendig: Auf vier Etagen zeigen Esszimmer, Schlafzimmer, Küche und Salon das Leben einer gehobenen Bürgerfamilie ohne Strom und fliessend Wasser.;<p><span data-teams="true">Im Hinterhaus befinden sich St&auml;lle, Werkstatt, Getreidespeicher und die Schlafkammer des Knechts. Ein interaktives Spielzimmer l&auml;dt Kinder und Erwachsene ein, historische Kleidung anzuprobieren, Spiele zu entdecken und auf Strohmatratzen zu liegen.</span></p>;8.8583098;47.6605749;Understadt 18;8260;Stein am Rhein;+41 52 741 25 12;info@museum-lindwurm.ch;http://www.museum-lindwurm.ch/;[{'@type': 'ImageObject', 'contentUrl': 'https://ostpimtsoch.sos-ch-dk-2.exoscale-cdn.com/catalog/f/7/c/4/f7c476e9267cf9fee17df778e65b12bc93d7c88f_c6d44eca8e7aed4c57c42a2b7b24dd49.jpg'}];2026-03-31T16:30:22+02:00
23a1b59f-456b-4464-b96e-d8701001038d;Beringer Randenturm;Der Beringer Randenturm ist er 26 Meter hoch und bietet einen weiten Blick auf den Klettgau und die Alpen.;<p>Bevor der Beringer Randenturm (650 m. &uuml;. M) 1998 in Stahlfachwerkbauweise oberhalb von Beringen erbaut worden ist, stand hier seit 1884 ein 18 m hoher Turm.&nbsp;</p>;8.580992349999999;47.70510835;Vorderi Ebeni-Strasse 4;8222;Beringen;+41 52 685 13 44;bollinger.daniel@bluewin.ch;http://www.randenturm.ch;[{'@type': 'ImageObject', 'contentUrl': 'https://ostpimtsoch.sos-ch-dk-2.exoscale-cdn.com/catalog/b/6/3/8/b638d1b1ff8665c83438d39aa9e64758b92ecd00_b98ee34643181152c86c87131ddfdc97.jpg'}];2026-01-09T19:41:31+01:00
23d6a2bd-f72d-4879-b8e6-081502c8af43;Erlebniszentrum Echinapoint;Das Erlebniszentrum Echinapoint in Roggwil lässt Besuchende in die Welt der Naturheilkunde eintauchen. Wie kommt die Heilpflanze in die Flasche? Wer war Alfred Vogel? Wie wirkt der rote Sonnenhut, Echinacea? Antworten finden die Besuchenden im grossen Erlebnis-Kräutergarten in Roggwil.;Das Erlebniszentrum Echinapoint in Roggwil ist das Sprachrohr der A.Vogel AG in Roggwil, traditionsreiche Herstellerin von biologischen Naturheilmitteln. Hier wird die Geschichte der Naturheilkunde erlebbar. In dem, wie eine Blume angelegten Kräutergarten, erkunden Besuchende mit allen Sinnen die Herstellung und Wirkungsweise von pflanzlichen Arzneimitteln sowie das Leben und Werk des Naturheilkunde-Pioniers Alfred Vogel. Gäste erfahren, wie die persönliche Gesundheit auf natürliche Weise erhalten werden kann oder wie eine gesunde vollwertige Ernährung aussieht. Der Name EchinaPoint rührt übrigens von Alfred Vogels Lieblingspflanze Echinacea, dem roten Sonnenhut. In den 1950er Jahren brachte er diese Pflanze von einer Amerikareise mit in die Schweiz. Bis heute wird Echinacea unter anderem zur Stärkung der Abwehrkräfte verwendet. Das Erlebniszentrum ist täglich geöffnet, der Eintritt ist frei. Auf Voranmeldung werden Gruppenführungen angeboten.;9.4043759;47.503364;Grünaustrasse 4;9325;Roggwil;+41 71 454 62 42;team.roggwil@avogel.ch;https://www.avogel.ch/de/garten/roggwil/;[{'@type': 'ImageObject', 'contentUrl': 'https://ostpimtsoch.sos-ch-dk-2.exoscale-cdn.com/catalog/5/1/e/7/51e794c70dad84a2c4a09cce298f0543e7f78772_bbebb635a32a611e1300c1797c37223c.jpg'}];2025-03-31T21:21:33+02:00
24e0ccad-d1ea-4658-aafd-0c8d4b4b9c67;Foxtrail Wildhaus;Zwischen den sieben Churfirsten und dem Säntis gibt es im Sommer und im Winter einiges zu entdecken. Viel mehr noch gibt es zu hören, denn hier dreht sich alles um den Klang der Alpkultur. Auch der Fuchs spitzt seine Lauscher, während er seine Spur durch die Berge legt.;Keine Zeit, die atemberaubende Aussicht auf den Säntis und die Churfirsten zu geniessen, denn wer den Foxtrail in Wildhaus unter die Füsse nimmt, muss Augen und Ohren offen halten, um den Gold- und Silberschatz zu finden. Dabei spielt eine seltene Blume eine grosse Rolle.
 
Die Verfolger begeben sich in luftige Höhe, vernehmen den Klang historischer Kommunikationsanlagen und tauchen im Getümmel der Feriengäste unbemerkt in einen engen Kanal ein. Auch Schleckmäuler kommen auf diesem Trail auf ihre Kosten.;9.350459575653078;47.20346689730784;9658;Wildhaus;+41 58 510 74 00;mail@foxtrail.ch;https://foxtrail.ch/produkte/trails/ostschweiz/funi/;[{'@type': 'ImageObject', 'contentUrl': 'https://ostpimtsoch.sos-ch-dk-2.exoscale-cdn.com/catalog/9/7/6/2/9762d8551982df7d8a60f6379c96c8afe4039eed_2560067b95822602fe85d8202e64d591.jpg'}];2025-10-28T16:23:25+01:00
251f2203-708b-4af8-9495-1a4cf3eca129;Klang Escape Room;Der weltweit erste Escape Room zum Thema Klang;<p>Vor einiger Zeit kam die ortsfremde Lena Jeger ins Toggenburg, um f&uuml;r die Klangwelt kostenlose Klangkurse anzubieten. Im Gegenzug erhielt sie eine Unterkunft in der Klangschmiede. Jetzt ist die Musiklehrerin verschwunden &ndash; und ihr Zimmer ist abgesperrt! Verschafft euch Zugang zum Wohnraum von Lena und findet heraus, warum das Tal gef&auml;hrdet ist! Ultimativer, interaktiver R&auml;tselspass f&uuml;r Gruppen und Familien. Meldet euch bei Interesse &uuml;ber info@klangwelt.ch f&uuml;r einen Besuch an. Bitte gebt uns eure vollst&auml;ndigen Kontaktdaten an (Name, Vorname, Adresse, Telefonnummer, Mailadresse). Vielen Dank.</p><p>&nbsp;</p><p>Auskunft zur Zug&auml;nglichkeit: <a href="https://www.ginto.guide/entries/619d64d8-c3dc-4526-80f8-18c96530e219?lnk_src=business" target="_blank" rel="noopener">ginto</a></p>;9.27897870540619;47.193419883716835;Sonnenhalbstrasse 22;9656;Alt St. Johann;+41 71 998 50 00;info@klangwelt.ch;https://klangwelt.ch/angebote/gruppenangebote/klang-escape-room;[{'@type': 'ImageObject', 'contentUrl': 'https://ostpimtsoch.sos-ch-dk-2.exoscale-cdn.com/catalog/d/3/b/c/d3bc29bf0d41eefd8b119155a776de7a21b54b98_240da3f7ccde01ebb2cf5fb1a7161db8.jpg'}];2026-04-17T20:18:21+02:00
26260d8a-1230-424d-af90-c050346c16e0;Erlebnisflugplatz Sitterdorf;Der Erlebnisflugplatz Sitterdorf vereint Flugplatz, Tierpark, Freizeitpark und Gastronomie. Besuchende beobachten Kleinflugzeuge auf der Piste, entdecken Tiere und Spielangebote – und geniessen Klassiker im Restaurant Airfood.;<p data-start="98" data-end="625">Der Erlebnisflugplatz Sitterdorf ist weit mehr als ein Flugplatz. Auf dem Gel&auml;nde befinden sich ein Tierpark mit Pfaue, Rehen, Hirschen, Ziegen und Papageien sowie ein Freizeitareal mit vielf&auml;ltigen Spielm&ouml;glichkeiten. Spielger&auml;te, Seilbahnen, Modellschiffe oder Electric Carts bieten Spass auf dem Wasser oder an Land &ndash; teilweise mit Muskelkraft, teilweise per Knopfdruck. Das Erlebnisz&uuml;gli f&auml;hrt Familien durch den &uuml;berschaubaren Park. F&uuml;r die Verpflegung sorgt das Restaurant Airfood mit bodenst&auml;ndigen Klassikern und mediterranem Touch &ndash; vom Mittagessen bis zum Dessert. Wer es unkompliziert mag, findet Snacks am Bahnhofskiosk. Der Blick auf die Start- und Landebahn geh&ouml;rt dazu: Kleinflugzeuge k&ouml;nnen aus n&auml;chster N&auml;he beobachtet werden &ndash; ein Erlebnis f&uuml;r Gross und Klein.</p>;9.2603052;47.5097176;Flugplatz 1;8589;Sitterdorf;+41 71 422 30 31;info@erlebnisflugplatz.ch;https://www.erlebnisflugplatz.ch/default.shtml;[{'@type': 'ImageObject', 'contentUrl': 'https://ostpimtsoch.sos-ch-dk-2.exoscale-cdn.com/catalog/6/f/4/8/6f4878c5dd392fead0a8700a9ebe516b4b10fec0_fcd6d94d19caf9a9d8ddfea280d2d2ff.png'}];2025-08-20T21:23:41+02:00
26447794-f542-4869-a21b-64d9fa2d947b;Tröckneturm;Der Tröckneturm mit den ihn umgebenden Weihern zählt zu den auffälligsten Baudenkmälern aus der Blütezeit der Ostschweizer Textilindustrie.;<p>Geschichte: Die Geschichte des Tr&ouml;ckneturms ist eng mit der nahegelegenen Burg Waldegg (1475 errichtet) verflochten. Das stattliche Anwesen, zu dem mehrere Weihern geh&ouml;rte, war fast 300 Jahre im Besitz des Klosters St.Gallen und fiel nach der Helvetischen Revolution an den Kanton. Im Jahr 1825 ersteigerte der St.Galler Kaufmann Johann Jakob T&auml;schler (1786-1830) die Burg und das sie umgebende Areal und errichtete einen Fabrikanbau an die Burg Waldegg. Dort betrieb er eine Rotf&auml;rberei. T&auml;schler war es auch, der 1828 den Tr&ouml;ckneturm errichten liess. Architektur: Der Bau ist eine durchdachte Konstruktion: Das &uuml;berh&auml;ngende Dach erm&ouml;glichte bei sch&ouml;nem Wetter das Aufh&auml;ngen der T&uuml;cher im Freien. Bei schlechter Witterung konnten die Stoffbahnen im Innern aufgezogen und mittels Beheizung getrocknet werden.</p>
<p>Heutige Nutzung: Im Jahr 2019 erwarb die Stadt das Burgweiherareal und machte es der Bev&ouml;lkerung zug&auml;nglich. Der Turm geh&ouml;rt der im Jahr 1997 gegr&uuml;ndeten Stiftung Tr&ouml;ckneturm. Diese Stiftung liess das einzigartige textilhistorische Objekt zu einem Begegnungsort umbauen. Dabei wurde auch eine Ausstellung zur Geschichte der Stadt St.Gallen und zur Geschichte der Textilindustrie eingerichtet. Die Ausstellungsr&auml;ume k&ouml;nnen an F&uuml;hrungen, durchgef&uuml;hrt durch das Textilmuseum, besucht werden. Der Tr&ouml;ckneturm kann zudem f&uuml;r Anl&auml;sse gemietet werden. Seit Januar 2023 bietet das Zivilstandsamt auch Trauungen im Tr&ouml;ckneturm an.</p>;9.348409400000037;47.4159719;Am Burgweiherweg 1;9000;St. Gallen;info@troeckneturm.ch;http://www.troeckneturm.ch;[{'@type': 'ImageObject', 'contentUrl': 'https://ostpimtsoch.sos-ch-dk-2.exoscale-cdn.com/catalog/3/9/6/e/396e0195e2583260348fa2416de91a8e3273d3f7_99f1780eae26091d119d1993fc7af2d1.jpg'}];2026-06-16T20:35:33+02:00
26931348-f2d5-4550-85ed-f265c8bde9a8;St.Galler Bauernmarkt;Frisch, saisonal, aus der Region, das zeichnet die Produkte des Bauernmarktes aus.;So abwechslungsreich wie sich jeder Marktstand gestaltet, so vielfältig sind die Bauernbetriebe der Marktfahrerfamilien. Regionales Gemüse, Obst, Kräuter, Milchprodukte oder Blumen - hier gibt es jeweils freitags Neues und Altbewährtes zu entdecken und probieren.  ;9.3750971;47.4260286;9000;St. Gallen;rolf.bischofberger@gmx.ch;https://bauernmarkt-sg.ch/;[{'@type': 'ImageObject', 'contentUrl': 'https://ostpimtsoch.sos-ch-dk-2.exoscale-cdn.com/catalog/5/2/f/e/52fef070fa6241324dc1e6d3b3b7995a2a270354_5c55eb60395ff67c0ae37cc3499f8538.jpg'}];2026-06-16T20:35:33+02:00
2789854f-9fdc-4438-97b7-bce1065d9028;Vinorama Museum Ermatingen;Das Museum Vinorama in Ermatingen ist ein Museum, das die traditionsreiche Geschichte des Weinhandels der Familie Ammann im 19. Jahrhundert lebendig werden lässt.;<p>Das Wohnmuseum im historischen Haus Ph&ouml;nix entf&uuml;hrt in die Lebenswelt einer Arztfamilie um 1900. Im zweiten Obergeschoss befinden sich im Stil des 19. Jahrhunderts eingerichtete historische Salons. Die ehemalige Pferdestallung Remise thematisiert die Geschichte der Region am Untersee und ihre Verbindung zum Kloster Reichenau, mit Schwerpunkten auf Weinbau, Fischerei und Vogeljagd. Im Obergeschoss werden wechselnde Kunstausstellungen pr&auml;sentiert. Ein Eventraum im Erdgeschoss sowie ein Rosengarten erg&auml;nzen das Angebot. Das Museum liegt zentral in Ermatingen und bietet mit seinen verschiedenen Ausstellungsbereichen ein vielseitiges Kulturerlebnis im Thurgau. Das Haus Ph&ouml;nix stellt seine historischen Salons f&uuml;r Sitzungen, Konferenzen oder zivile Trauungen zur Verf&uuml;gung. Gruppenf&uuml;hrungen durch das Museum sind auf Anfrage ebenfalls m&ouml;glich.</p>;9.0770616;47.6690093;Hauptstrasse 62;8272;Ermatingen;+41 77 411 77 52;info@vinorama-ermatingen.ch;http://www.vinorama-ermatingen.ch/;[{'@type': 'ImageObject', 'contentUrl': 'https://ostpimtsoch.sos-ch-dk-2.exoscale-cdn.com/catalog/6/2/1/a/621a5adb4065365186c3ce4b721c5a70b078b62e_6a93ffa7a5daa8fe698ef51959eb6735.jpg'}];2025-10-28T21:45:51+01:00
284c3c5b-ecf6-4f6b-839e-89415df5c691;Alpaka Rütihof;Geniessen Sie auf einem Spaziergang mit unseren Alpakas eine unbeschwerte Auszeit oder einfach einen gemütlichen Nachmittag mit Ihrer Familie.;Im westlichsten Zipfel des Kantons Schaffhausen, im wunderschönen Chläggi sind wir zuhause. Viel Rebfläche prägen unser Landschaftsbild. 

Über die Jahre sind auf unserem Hof immer mehr verschiedene Tiere eingezogen. Zuletzt im Sommer 2021 zwei Alpakas. Sie sind die grosse Leidenschaft von mir, bereiten aber der ganzen Familie Freude. Mittlerweile ist die Herde auf sechs Tiere angewachsen.

Damit auch Sie diese feinfühligen und lieben Tiere kennenlernen können, biete ich Spaziergänge in unserer wunderbaren Natur an.;8.413384118084258;47.6683695;Rütihof 1;8219;Trasadingen;082 681 57 10;buchmannruetihof@bluewin.ch;https://www.alpaka-ruetihof.ch/;[{'@type': 'ImageObject', 'contentUrl': 'https://ostpimtsoch.sos-ch-dk-2.exoscale-cdn.com/catalog/1/4/d/0/14d08712c1461b47f1281561aa433073786b2294_ee6b19f95940ddc33e648062f10359fc.jpg'}];2026-02-13T19:39:05+01:00
2a77a924-b43d-4a99-a7ee-e5f55d9a1172;Kräuter-Pfarrer Künzle Museum;Das Kräuter-Pfarrer Künzle Museum in Vilters zeigt das Leben des Kräuterpfarrers, der elf Jahre in Wangs-Vilters tätig war. Geöffnet an jedem ersten und dritten Sonntag im Monat.;<p>Hoch &uuml;ber Vilters, im ehemaligen Pfarrhaus, &ouml;ffnete am 10. November 2019 das &laquo;Kr&auml;uter-Pfarrer K&uuml;nzle&raquo; Museum seine T&uuml;ren. Die Dauerausstellung zeigt das Leben und Wirken des Kr&auml;uterpfarrers, der w&auml;hrend elf Jahren in Wangs-Vilters als Pfarrer t&auml;tig war und dort auch 1945 begraben wurde. Ge&ouml;ffnet ist das Museum jeweils jeden ersten und dritten Sonntag im Monat, von 10 - 12 und 13-16 Uhr.</p><p>Flyer mit Daten <a href="https://pfarrerkuenzle.ch/wp-content/uploads/2026/01/Flyer-2026.pdf">https://pfarrerkuenzle.ch/wp-content/uploads/2026/01/Flyer-2026.pdf</a></p>;9.448006153106691;47.02292944947706;Sonnenbergstr. 32;7324;Vilters;+41 79 616 35 38;info@pfarrerkuenzle.ch;https://pfarrerkuenzle.ch/;[{'@type': 'ImageObject', 'contentUrl': 'https://ostpimtsoch.sos-ch-dk-2.exoscale-cdn.com/catalog/7/2/f/1/72f1b73406c16c090db4b72c7c5698e9301aec01_6122fddaf6655cdcf8df9a0e2fe7fcdb.jpg'}];2026-04-01T21:37:20+02:00
2cdf848d-0db7-4d83-aeca-81025a1ba9e7;Orts- und Dichtermuseum Wilchingen;Bei uns treffen Sie auf Gegenstände der Lokal-Geschichte, eine wunderbare Gemäldesammlung und auf drei Dichterstuben. Kommen Sie doch vorbei.;Neben einer Ausstellung über die bäuerliche Wohnkultur im Klettgau, Geräten und Werkzeugen aus Landwirtschaft und Kleingewerbe und Darstellungen der Geologie und der Dorfgeschichte, treffen Sie bei uns auf Dichterstuben von Berta Hallauer, Albert Bächtold und Ruth Blum sowie auf die Jakob Ritzmann Stube, welche eine wunderbare Gemäldesammlung aus dem Schaffen des Kunstmalers zeigt.;8.4681705;47.6677146;Hauptstrasse 16;8217;Wilchingen;052 632 65 03;claudia.ochsner@wilchingen.ch;https://wilchingen.ch/CMS/Webseite/Gemeinde-Wilchingen/Freizeit---Kultur-2025299-DE.html;[{'@type': 'ImageObject', 'contentUrl': 'https://ostpimtsoch.sos-ch-dk-2.exoscale-cdn.com/catalog/4/4/4/d/444d0833df3c41fd0e21411bbd93ead7ff96bf62_a98dd816f7bc969ef135462dd2a48381.jpg'}];2025-02-17T12:51:25+01:00
3165c158-4864-4aab-b90f-12ef9b3b5a17;Event-Raum Engels-Früchtehof;Der stilvolle Veranstaltungsraum vom Familienbetrieb Engels-Früchtehof liegt am Untersee in Mammern. Seine überdachte Aussenterrasse besticht mit Blick auf Bodensee und die Burg Hohenklingen. Gäste nutzen die tadellose Gastroküche oder buchen ein Catering.;Der moderne Veranstaltungsraum auf dem Engels-Früchtehof bietet Platz für bis zu 70 Personen. Er verfügt über eine erstklassige Ausstattung. Komplette Bestuhlung, grosszügige Tische, Beamerwand mit Beamer sowie Geschirr sind vorhanden. Wer selbst anpacken möchte, dem steht eine tolle Gastroküche zur Verfügung, ausgestattet mit Buffet, Induktionsfelder, Tellerwärmer, Gastro-Steamer, Kühlschrank, Geschirrspüler, Kühltheke, Kaffeemaschine und einer Auswahl an Getränken. Eine attraktive überdachte Aussenterrasse mit malerischem Blick auf den Untersee und die Burg Hohenklingen lädt zum Pausieren und Geniessen ein. Viel Holz schafft ein wohliges Ambiente. Familie Engel bietet in ihrem Hofladen Gemüse und Früchte aus eigener Produktion zur Verwendung an. Ein Apéro mit kalter Platte sowie Dekorationen und Floristik richtet das Familienunternehmen in dritter Generation ebenfalls gerne aus. Auf Wunsch organisiert der Früchtehof für die weitere Verpflegung ein passendes Catering mit einem regionalen Partyservice. Gästen steht es aber auch frei, ihr eigenes Catering mitzubringen.;8.913065086888112;47.64458355;Hauptstrasse 15;8265;Mammern;+452 741 24 67;info@engel-mammern.ch;https://www.engel-mammern.ch/;[{'@type': 'ImageObject', 'contentUrl': 'https://ostpimtsoch.sos-ch-dk-2.exoscale-cdn.com/catalog/f/e/8/0/fe80fb51ce67ec1b48f1d9d12c47d8c69f23cd08_a43f04ef8df705b40a6a76ca5fe7662d.jpg'}];2026-04-01T22:21:34+02:00
33334310-d1a3-4b30-bb1c-9eb9acbe3c1b;Munot;Munot - das Wahrzeichen von Schaffhausen thront schon über 400 Jahre über der Stadt.;Die Festung Munot wurde im 16. Jahrhundert von den Schaffhauser Bürgern in Fronarbeit erbaut und prägt das Bild der Schaffhauser Altstadt bis heute. Das Wahrzeichen der Stadt ist ein Anziehungspunkt für Touristen wie auch Einheimische. Auf seiner Zinne finden Open Air Kinos, Kinderfeste, Tanzveranstaltungen und andere Veranstaltungen statt.

Munotglöcklein
Im Turm befindet sich die Wohnung der Munotwächterin, sie läutet jeden Abend um 21.00 Uhr - von Hand - das bekannte Munotglöcklein. Im Sommer 2002 wurde das Glöcklein repariert und seit dem 26. August 2002 wird die Glocke auf dem Turm - wie seit 1589 - nun wieder jeden Abend um neun Uhr während fünf Minuten von Hand geläutet.;8.639892613826817;47.6968942;Munotstieg ;8200;Schaffhausen;https://munot.ch/;[{'@type': 'ImageObject', 'contentUrl': 'https://ostpimtsoch.sos-ch-dk-2.exoscale-cdn.com/catalog/7/6/c/1/76c1b26431483865a02bcc7abd46a2ca9273f925_8e85aad0ffc3eaa21a8e241b54ee49c9.jpg'}];2026-01-26T19:11:39+01:00
38a16017-d23e-425a-bb3d-8f85bbdbf6a2;Grillplatz Laui auf der Wolzenalp, Nesslau;Nahe der Wolzenalp, am Wanderweg in Richtung Nesslau und Ijental, befindet sich eine aussichtsreiche familienfreundliche Infrastruktur zum Bräteln.;Die Feuerstelle nach Schweizer-Familie-Standard ist eine von schweizweit über 500, die sich bestens für die Wanderverpflegung aus dem Rucksack oder für einen Tagesausflug eignet. Sie ist mit zwei Grillrosten, verfügbarem Brennholz, Tischen und Bänken sowie Ruhebänken mit toller Bergsicht eingerichtet. Sie lässt sich in 45 Minuten ab Bergstation Rietbach oder in knapp zwei Stunden ab Bahnhof Nesslau Neu St. Johann erreichen.

Die Grillstelle liegt am Klimaerlebnisweg Toggenburg. Kinderwagentauglich: ja ab Nesslau via Schneit, Holz: ja, Trinkwasser: nein, WC: nein, Kapazität: ca. 20;9.169686;47.217016;Laui;9650;Nesslau;+41 71 999 99 11;info@toggenburg.swiss;https://www.nesslau-tourismus.ch;[{'@type': 'ImageObject', 'contentUrl': 'https://ostpimtsoch.sos-ch-dk-2.exoscale-cdn.com/catalog/5/a/1/7/5a17639118b67ad99e75fc88a1853c3d6f182f46_9b3fd3fe9f53e1f11ae9c38f34b32879.jpg'}];2025-10-28T16:12:59+01:00
39f4348c-0333-4760-84ee-16a3fdac5c75;Seilbahn Schönhalden;Seit 1976 bringt unsere Bartholet-Seilbahn Gäste von Flums-Saxli direkt zur Schönhalden.;<p>Unsere Seilbahn ist seit 1976 in Betrieb und wurde von der einheimischen Firma Bartholet AG erbaut. Die Pendelbahn mit je zwei gekoppelten 4er-Kabinen kann pro Stunde 40 Personen bef&ouml;rdern. Die Talstation in Flums Saxli liegt auf 640m &uuml;.M. von wo die Seilbahn auf einer L&auml;nge von 2'407m direkt bis zum Berghotel Sch&ouml;nhalden auf 1494m &uuml;.M. f&auml;hrt.</p>;9.3498915;47.078528;Saxlirank;8894;Flumserberg Saxli;+41 81 733 11 96;flury@schoenhalden.ch;https://www.schoenhalden.ch/seilbahn/;[{'@type': 'ImageObject', 'contentUrl': 'https://ostpimtsoch.sos-ch-dk-2.exoscale-cdn.com/catalog/0/3/8/e/038e81054abf213ade7a1d8194f9228a34fb21d8_a6385032862644b1872c503bf87972ad.jpg'}];2026-04-30T16:30:22+02:00
3b30c9b2-bf7d-46b5-9beb-10f1c8a0068f;Bergkäserei Mädris;In der Bergkäserei Mädris wird silofreie Bergmilch zu hochwertigen Produkten veredelt. Besuchende können an Führungen teilnehmen und die einzigartigen Melser Bergkäse probieren. Ein Ausflug in die umliegende Natur bietet sich an.;In der Bergkäserei Mädris wird die silofreie Bergmilch, die naturbelassene Rohmilch der Kühe von fünf Bergbauernfamilien, zu hochwertigen Milchprodukten veredelt. Im Käsekeller und im Kühlraum reifen die unverfälschten Melser Bergkäse und weitere Spezialitäten heran. 
Einzigartig ist ihr Geschmack, den das duftende Bergheu in den Wintermonaten und die saftigen Kräuter im Frühjahr in die Milchprodukte bringen. Unsere Bergheimet und Maiensässe liegen an der Bergflanke am Melser Hinterberg von 800-1200m Höhe. In diesem Lebensraum ist auch das Naturschutzgebiet Chapfensee eingebettet.

Käsereibesuch für Gruppen (Winter)
Für Gruppen offerieren wir eine unvergessliche Besichtigung unserer Bergkäserei. 
Angebot von Mitte Oktober bis Ende Mai (übrige Zeit nur ohne Käseherstellung).
- Begrüssung durch einen der drei Eigentümer der Bergkäserei Mädris
- Rundgang Milchannahme und Käserei
- Einblick in unseren Reifekeller
- Käsedegustation mit den Melser Bergkäsen mild / würzig / rezent, Chapfä-Mutschli, Bergträumli, Degustation der Mädriser Jogurt
- Gelegenheit zum Käsekauf direkt ab Käsekeller
Eine Anmeldung ist erforderlich.

Verbinden Sie einen Käsereibesuch bei uns mit einem Ausflug in die Natur. Bei bester Aussicht erlebt man die Wildheit des Melser Hinterbergs bei einem sanften Spaziergang durch das botanisch wertvolle Naturschutzgebiet Chapfensee. Lohnenswert im Sommer oder im Winter ist auch ein Abstecher ins wildromantische Weisstannental.
Der Bergweiler Mädris und die dazugehörigen Maiensässe liegen an einer Bergflanke hoch über dem Seeztal. Ein bezauberndes Eldorado für Wanderer und Biker. Von kleinen Rundwanderungen bis hin zu mehrtägigen Bergtouren bieten sich unzählige Möglichkeiten:
- Rundwanderung durch geschützte Moorlandschaften am Chapfensee
- Rundwanderung vom Chapfensee zur Sonnenterrasse Vermol
- Themenpfad Melser Geoweg
- Erdpyramiden und Wasserkraft: Wanderung ins Seeztobel
- Bergwanderung Vermol - Alp Tamons - Hüenerchopf
- Panoramaweg Chapfensee - Schwarzenberg - Berghotel Schönhalden
- WALSA-Höhenweg, Bad Ragaz - Amden
- Skitour oder Schneeschuhlaufen Vermol - Tamons - Hüeneri
- Bergtalwanderung Vermol - Schwendi - Weisstannen;9.392086458162218;47.05219913986842;Meilenstrasse 16;8886;Mädris-Vermol;+41 81 710 09 93;bergkaeserei@maedris.ch;http://www.maedris.ch;[{'@type': 'ImageObject', 'contentUrl': 'https://ostpimtsoch.sos-ch-dk-2.exoscale-cdn.com/catalog/1/1/f/2/11f215421b3d83d3639a8d044d6dbf3c48e15c02_e404dfccaa01a5d4b6530e553c5843bb.jpg'}];2025-09-30T16:30:22+02:00
400bc32f-cc8a-4712-a5ca-30c913497620;Ausstellungssaal im Stiftsbezirk;In einem eigenen Raum wird als Hauptattraktion der berühmte St.Galler Klosterplan der Stiftsbibliothek präsentiert. Er gilt als bedeutendste Architekturzeichnung des Mittelalters.;<p>Die Ausstellung "Das Wunder der &Uuml;berlieferung &ndash; Der St.Galler Klosterplan und Europa im fr&uuml;hen Mittelalter" befasst sich mit der einmaligen &Uuml;berlieferungsdichte von Dokumenten des Fr&uuml;hmittelalters in St.Gallen. Dabei stehen die Rechtsdokumente, die im Stiftsarchiv St.Gallen erhalten geblieben sind, im Vordergrund, darunter auch zwei Verbr&uuml;derungsb&uuml;cher und das einzige &uuml;berlieferte Professbuch der Karolingerzeit. Wechselausstellungen mit thematisch ausgew&auml;hlten Urkunden geben Einblicke in die Lebenswelten des fr&uuml;hen Mittelalters. Der ber&uuml;hmte St.Galler Klosterplan kann nach einer einf&uuml;hrenden Multivision einige Sekunden im Original betrachtet werden. Das wertvolle Dokument muss aus konservatorischen Gr&uuml;nden vor zu starker Lichtexposition gesch&uuml;tzt werden.</p>;9.3778712;47.4240379;Klosterhof 1;9000;St. Gallen;+41 71 227 34 16;https://www.stiftsbezirk.ch/de/aktuelle-ausstellungen/ausstellungssaal;[{'@type': 'ImageObject', 'contentUrl': 'https://ostpimtsoch.sos-ch-dk-2.exoscale-cdn.com/catalog/c/d/2/c/cd2c7ba625cddd3908764de711aaf888398aed23_462fe9bcf8e387cb9144bcc15897101a.jpg'}];2026-06-16T20:35:33+02:00
428f51d3-01cb-47d3-89dd-c885b4180c6a;Mohrenbrunnen;Früher wurde der Mohrenbrunnen Schwertbrunnen genannt. 1535 wurde der damalige Holzbrunnen durch einen aus Stein ersetzt. Die Säule stammt von 1520. Benannt wurde der Mohrenbrunnen nach dem als Mohr dargestellten Kaspar, dem jüngsten der Heiligen Drei Könige mit Krummschwert, Goldpokal und Wappenschild. Im Volksmund liebevoll «de Mohrejoggeli» genannt. Diese originelle Brunnenfigur symbolisiert den wohlhabenden Stadtbürger.;8.6334453;47.697176;Fronwagplatz;8200;Schaffhausen;[{'@type': 'ImageObject', 'contentUrl': 'https://ostpimtsoch.sos-ch-dk-2.exoscale-cdn.com/catalog/7/c/a/c/7cac6c03c330fe2177e32916db33b117c159f2e3_d011261d4ce1635a3e1bcf1557296427.JPG'}];2025-02-17T12:48:39+01:00
4297bc41-4245-42ac-ab9d-023c9769f83b;Kutschenfahrten Fässler;Kutschenfahrten im Obertoggenburg;Wir bieten im Sommer Gesellschaftsfahrten und im Winter Schlittenfahrten an.
Auf Wunsch können auch Fonduefahrten organisiert werden. 
Es können Fahrten für kleinere sowie grössere Gruppen durchgeführt werden.;9.1843718290329;47.232970622096424;Bühlerbrücke 455;9650;Nesslau;+41 71 994 34 64;r-faessler@bluewin.ch;[{'@type': 'ImageObject', 'contentUrl': 'https://ostpimtsoch.sos-ch-dk-2.exoscale-cdn.com/catalog/5/6/4/b/564b61cc9bebea0155ea6e3eafc9c9e703fa2fa0_3328a20321dbcc9ee56bc520d65924d2.jpg'}];2025-10-28T16:23:25+01:00
46041e39-9c93-44dd-a28d-de9d78933127;Ruine Radegg;Am Südhang des Rossbergs in Osterfingen, auf einem schroffen Bergsporn, liegt die Burgruine Radegg. ;<p>Durch die Westmauer, wo jetzt ein Holzsteg angebracht ist, f&uuml;hrten sehr wahrscheinlich eine Zugbr&uuml;cke und ein Burgtor ins Wohngeb&auml;ude. Die Burg wurde um 1200 zum ersten Mal erw&auml;hnt. Die Herren von Rossberg besassen G&uuml;ter in Osterfingen, L&ouml;hningen, Beringen, Guntmadingen und Trasadingen. Die Burg wurde wom&ouml;glich bei K&auml;mpfen mit dem umliegenden Adel zerst&ouml;rt. Die auf dem Gel&auml;nde der Vorburg gefundenen Bogen- und Armbrustpfeile sowie die Feuerspuren weisen auf diesen Untergang hin.</p>;8.506737;47.6518137;8218;Wilchingen;[{'@type': 'ImageObject', 'contentUrl': 'https://ostpimtsoch.sos-ch-dk-2.exoscale-cdn.com/catalog/6/a/9/5/6a95386a28f2f1b5d1805b6227d93f02818496df_151f8c3c829bc5e40c02f935257c34ee.jpg'}];2026-01-08T19:47:51+01:00
4616761a-c0e9-40db-bc32-540faa23b6d3;Stein am Rhein;Stein am Rhein ist ein einzigartiges Kleinod an Untersee und Rhein – eingebettet in eine paradiesische Landschaft. ;Der Charme dieses mittelalterlichen Städtchens zieht die Besucher sofort in seinen Bann. Hoch über der Altstadt thront die Burg Hohenklingen. Der Aufstieg wird belohnt durch eine atemberaubende Aussicht über den südlichen Hegau, den Bodensee und die Rheinlandschaft.;8.8596129;47.6593787;8260;Stein am Rhein;[{'@type': 'ImageObject', 'contentUrl': 'https://ostpimtsoch.sos-ch-dk-2.exoscale-cdn.com/catalog/e/0/c/f/e0cf027d5736e6b575b59f8f45b441b7e9cfe045_77cbe7670921d6b4336e241ce7c3e9a9.jpg'}];2025-02-17T12:46:31+01:00
473d7015-be91-4781-8073-a26ac5244fee;Adanks kleine Farm;Adanks kleine Farm in Fläsch bietet eine Vielfalt an Demeter-Produkten. Schottische Hochlandrinder und Bruderhähne werden gehalten, während Safran, Polentamais und Knoblauch auf den Feldern gedeihen. Der Hofladen bietet diese wertvollen Produkte an.;Demeter-Bauernhof mit viel Flair für das Aussergewöhnliche. 
Wir halten schottische Hochlandrinder und Bruderhähne. Auf unseren Feldern wächst Safran, Polentamais, Knoblauch und natürlich Gras für unsere Rinder
Die wertvollen Produkte werden im schönen Hofladen angeboten. 
Der Hof liegt am Fuss des Fläscherbergs 1 km nach der Rheinbrücke nach Fläsch.;9.505635589917608;47.031034;Neugüter 251;7306;Fläsch;+41 79 364 53 32;juerg@adankskleinefarm.ch;http://adankskleinefarm.ch/#home;[{'@type': 'ImageObject', 'contentUrl': 'https://ostpimtsoch.sos-ch-dk-2.exoscale-cdn.com/catalog/c/3/9/e/c39ee3e1cc8ded11f14ea4dd162cea1926e573cd_c1748e55d05e5db3e9a634b685bf89d0.jpeg'}];2026-06-22T20:40:34+02:00
479545b4-6a07-4be2-b99e-90327e41c7b9;Sarganserländer Maskenmuseum Flums;Das Sarganserländer Maskenmuseum in Flums zeigt rund 200 historische und zeitgenössische Holzmasken. Die Ausstellung ist in drei Räume unterteilt und bietet Einblicke in die regionale Maskenschnitzkunst.;Im Sarganserland gelten Flums, Mels und Walenstadt als die Hochburgen der Maskenschnitzer. Doch auch in anderen Gemeinden der Region wird dieser über 200 Jahre alte Brauch heute noch gepflegt. Rund 200 historische und zeitgenössische Holzmasken sind im Museum zu sehen und präsentieren das typische Brauchtum der Region. 
 
Das Sarganserländer Maskenmuseum wurde im Rahmen des 50-Jahr-Jubiläums der Talgemeinschaft Sarganserland Walensee 2006 in den Kellerräumlichkeiten des Flumser Rathauses realisiert. Die Ausstellung ist in drei Räume aufgeteilt. Der Raum der Region enthält typische Masken aus allen acht Sarganserländer Gemeinden. Hier erzählt eine Videoschau über die Entstehung einer einzelnen Holzmaske. Im Raum der Maskengeschichte sind historische Masken und wertvolle Raritäten sowie die zur Herstellung benötigten Schnitzwerkzeuge zu sehen. Der dritte Raum, der Raum der Masken, ist schliesslich den neueren Masken von zeitgenössischen Schnitzern gewidmet.;9.343642234774673;47.090096599999995;Marktstrasse 25;8890;Flums;+41792213132;bruno.bless@outlook.com;https://www.flums.ch/sehenswuerdigkeiten/8451;[{'@type': 'ImageObject', 'contentUrl': 'https://ostpimtsoch.sos-ch-dk-2.exoscale-cdn.com/catalog/7/1/e/9/71e90b8c9fa633262f202c9b193db08dd37fcc12_df6886feb97855d11371c1ec6763c2b3.jpg'}];2025-12-15T22:10:24+01:00
4858551c-bcb7-4632-b5fa-84bd9adeff9e;Gipsmuseum mit Bergwerksstollen;Ein Besuch des ehemaligen Gipsbergwerkes in Schleitheim - welches einen Einblick in die Gipsabbaumethoden des 18./19. Jahrhunderts gibt - ist ein wahres Erlebnis! Es ist das einzige Gipsbergwerk in der Schweiz, welches man besuchen kann.
;Der Gipsabbau in ober- und unterirdischen Brüchen bedeutete im 18. und 19. Jahrhundert für die ganze Region Schleitheim Arbeit und Verdienst. Schleitheimer Gips war ein begehrtes Produkt.

Heute können Sie als Besucher auf den Spuren der früheren Gipsbrecher rund 200 Meter tief ins Berginnere vordringen, bis Ihnen - wie einst den Bergleuten - ein kleines Seelein Einhalt gebietet.

Wasser- und Lufttemperatur im Stollen liegen im Sommer und im Winter bei ca. 10 Grad.

Durch die bergmännisch gesicherten und periodisch kontrollierten Stollen in die vor ca. 240 Mio. Jahren abgelagerte Gipsschicht einzudringen ist ein faszinierendes und zugleich lehrreiches Erlebnis.;8.460860368125857;47.748710200000005;Flüelistrasse 25;8226;Schleitheim;+41 52 632 40 10;http://www.museum-schleitheim.ch/;[{'@type': 'ImageObject', 'contentUrl': 'https://ostpimtsoch.sos-ch-dk-2.exoscale-cdn.com/catalog/8/2/b/b/82bbfff5bf4886819f6c30e3d29f17f60d283ef6_60464fd68bfb903de35a07223963803f.jpg'}];2025-02-17T12:51:25+01:00
486573b4-212f-4856-ba61-e1fc0251cea2;Resonanzzentrum Peter Roth;Das Resonanzzentrum Peter Roth, als Holzbau konzipiert, hat zum Ziel, Klanggäste ganzheitlich zu betreuen und ihnen einen Zugang zum Thema «Klang» zu eröffnen. Das Empfangshaus dient als zentraler Anlaufpunkt für kulturelle und touristische Aktivitäten. ;Der Klangdom im dritten Stock des Resonanzzentrums Peter Roth ist das Herzstück des Hauses und der erste öffentlich zugängliche Klangdom in der Schweiz. Als Begegnungs- und Erlebnishaus heisst das Zentrum Besucherinnen und Besucher willkommen und bietet einen interaktiven Zugang zu Klang, Resonanz und Schwingung. Der Klangdom ist ein besonderer Ort für besondere Musik: Er bietet Platz für bis zu 100 Gäste, schafft Begegnungen und ermöglicht die Reflexion der Klangerfahrungen. Ein wichtiger Bestandteil für die erste audiovisuelle Präsentation im Klangdom ist die Dokumentarfilmreihe «Vom Zauberklang der Dinge», die das Werk von Peter Roth und die Musizierenden zeigt, die ihn begleitet haben.;9.329731464385988;47.19039062489649;Vordere Schwendistrasse 60;9658;Wildhaus;+41 71 998 50 00;info@klangwelt.ch;https://klangwelt.ch;[{'@type': 'ImageObject', 'contentUrl': 'https://ostpimtsoch.sos-ch-dk-2.exoscale-cdn.com/catalog/a/9/2/5/a925841c4df3f8913fd9f9ae947528e3c69f956f_1eb904a51248c710736c251f3e99c7af.jpg'}];2025-10-28T16:18:03+01:00
4929ccb7-4b8f-45b0-b006-57db1f3f39e9;JUST Welt;Besuchen Sie die JUST Welt – eine interaktive Entdeckungsreise für alle Sinne zum Ursprung der wohltuenden JUST Produkte für Gesundheit, Schönheit und Wohlbefinden.;In Walzenhausen, inmitten der Appenzeller Natur, hoch über dem Bodensee, haben Sie die einmalige Gelegenheit das Unternehmen JUST hautnah kennenzulernen und das Geheimnis hinter den wohltuenden Kräuter-Pflegeprodukte zu entdecken. 

Kommen Sie mit auf eine Reise zum Ursprung des natürlichen Wohlgefühls! 

Sonia lädt Sie im 360°-Kino auf eine interaktive Edelweiss-Entdeckungsreise durch die Appenzeller Kräuterwelt ein. Bei jedem Edelweiss-Symbol im JUST Welt Museum erzählt Ihnen Sonia etwas Wissenswertes über JUST Produkte oder etwas Spannendes über die Gründerfamilie Jüstrich. Oder begeben Sie sich mit einem erfahrenen JUST Mitarbeiter in kleiner Gruppe auf die Arnika Produktionstour, bei der Sie Ihre Sinne testen können und live erleben wie die Produkte in der hochmodernen Produktion entstehen. Beide Touren können auch miteinander kombiniert werden. Am Ende jeder Tour laden wir Sie auf eine Tasse belebenden Kräutertee zum Verweilen und Probieren unserer JUST Produkte im «Chrüterforum» ein. 

•	Erlebnistour 1: Edelweisstour - ca. 1 Stunde mit Audioguide (keine Mindestgruppengrösse)
•	Erlebnistour 2: Arnikatour - ca. 1 Stunde mit Führung, ab 10 Personen
•	Erlebnistour 3: Kombi Edelweiss- und Arnikatour - ca. 2 Stunden, ab 10 Personen

Planen Sie diesen Ausflug mit dem Rollstuhl? Dann kontaktieren Sie vorgängig die JUST Welt, das Team unterstützt Sie gerne dabei.;9.6019082;47.4519444;Dorf 62;9428;Walzenhausen;+41 71 886 42 42;besichtigung@just.ch;https://www.just.swiss/just-welt/;[{'@type': 'ImageObject', 'contentUrl': 'https://ostpimtsoch.sos-ch-dk-2.exoscale-cdn.com/catalog/3/7/9/0/379041566137b71788ec92f2eb88f8806fd9f733_aca3d6460e4508268c7f20ecc7252ce8.jpg', 'caption': {'de': 'Aussenansicht JUST Welt'}}];2025-02-27T18:14:26+01:00
4b40c314-ff35-4391-a2dd-e7303190498b;Militärmuseum St.Luzisteig;Das Militärmuseum St. Luzisteig in Maienfeld bietet Einblicke in die Geschichte der Festung, die bis ins 15. Jahrhundert zurückreicht. Neben der Ausstellung wird ein Kurzfilm über die Luzisteig gezeigt.;40 Jahre lang war die Festung auf der St.Luzisteig Heimat der Trainrekrutenschulen und -truppen. Die bewegte Vorgeschichte und Geschichte der Luzisteig geht jedoch bis ins 15. Jahrhundert zurück.
Heute befindet sich auf der Passhöhe St.Luzisteig (zwischen Maienfeld und Balzers) im alten Arsenal ein sehenswertes Militärmuseum. Erleben Sie dort ein spannendes und bedeutendes Stück Zeitgeschichte. Nebst der Ausstellung wird dem Besucher ein Kurzfilm über die Geschichte rund um die St.Luzisteig vorgeführt. 

Eintrittspreise: 
Erwachsene CHF 10.00
Kinder (6-16 Jahre) CHF 5.00
Militär (uniformiert) CHF 3.00

Für Gruppen ab 10 Personen:
Erwachsene CHF 5.00
Kinder (6-16 Jahre) CHF 3.00
Militär (uniformiert) CHF 3.00

Das General-Stübli kann für diverse Anlässe und Bewirtungen auf Anfrage gebucht werden und bietet Platz bis zu 45 Personen.;9.529239535331728;47.02959419495996;Am Platz 1;7304;Maienfeld;079 367 81 56;info@luzisteig.ch;https://www.luzisteig.ch/home/;[{'@type': 'ImageObject', 'contentUrl': 'https://ostpimtsoch.sos-ch-dk-2.exoscale-cdn.com/catalog/d/6/0/2/d602c6895b2a4bb0fdd3a76021401d3cd66479ec_ac2ca112e977753c2a02ff6a7516128c.jpg'}];2026-08-29T16:30:18+02:00
5174356a-1a0e-4ce2-8d5a-119b9ca0d241;Seilbahn Vättnerberg;Die Seilbahn Vättnerberg fährt seit 1932 von Vättis auf 1065 m Länge und 625 m Höhe zum Vättnerberg – modernisiert 1972 und 2000.;<p>Die Seilbahn V&auml;ttnerberg, betrieben von der V&auml;ttnerberg Korporation, verbindet V&auml;ttis/Taminatal mit dem V&auml;ttnerberg (ca. 1600&ndash;1800 m &uuml;.M.). Die Bahn wurde urspr&uuml;nglich 1932 errichtet, 1972 elektrifiziert und 2000 umgebaut. Sie spannt sich &uuml;ber eine Seill&auml;nge von 1 065 m bei 625 m H&ouml;hendifferenz.</p>;9.4560546;46.9219972;7315;Vättis;+41 79 448 38 51;info@vättnerberg.ch;https://www.vättnerberg.ch/seilbahn/;[{'@type': 'ImageObject', 'contentUrl': 'https://ostpimtsoch.sos-ch-dk-2.exoscale-cdn.com/catalog/0/d/d/5/0dd54ac630877477210fbaa5302aeab06c5b9459_3ae0a8862916119325abad115aa03a90.jpg'}];2026-04-14T21:17:22+02:00
52561659-8932-4248-93ac-42a63b50e261;Erlebnishaus Klangschmiede;In der Klangschmiede erleben Sie Klang, Resonanz und Brauchtum hautnah.;<p>In der 2011 er&ouml;ffneten Werkstatt und Gesch&auml;ftsstelle der Klangwelt Toggenburg wird das Kunsthandwerk des Schmiedens von Schellen und anderen Klangk&ouml;rpern gezeigt und vermittelt. Die Klangschmiede ist ein interaktives Erlebnishaus mit verschiedenen Themenr&auml;umen. Tauchen Sie ein in die Themen Weltall, Fauna und Flora, Naturtonmusik und Brauchtum. Und erfahren Sie mehr &uuml;ber Klangph&auml;nomene oder Heilung durch Klang. Ausprobieren und Experimentieren ist ausdr&uuml;cklich erw&uuml;nscht.</p><p>&nbsp;</p><p>Auskunft zur Zug&auml;nglichkeit:&nbsp;<a href="https://www.ginto.guide/entries/b7546341-d476-4086-82d8-2f124487b429?lnk_src=business" target="_blank" rel="noopener">ginto</a></p>;9.27897870540619;47.193419883716835;Sonnenhalbstrasse 22;9656;Alt St. Johann;+41 71 998 50 00;info@klangwelt.ch;http://www.klangwelt.ch;[{'@type': 'ImageObject', 'contentUrl': 'https://ostpimtsoch.sos-ch-dk-2.exoscale-cdn.com/catalog/1/f/b/4/1fb4521b8529ccc27ad00226a5844ceae6a7c149_512a2a4447d8e1f02dbf9aa210971509.jpg'}];2026-04-17T19:53:30+02:00
5299bc40-e93e-46b2-af5a-50bbf320b553;open art museum;Ein offener Ort für Kunst ohne Grenzen – mit Fokus auf Outsider Art. 

;<p><span style="font-size: 11.0pt; font-family: 'Aptos',sans-serif; mso-fareast-font-family: Aptos; mso-fareast-theme-font: minor-latin; mso-bidi-font-family: Aptos; mso-ansi-language: DE-CH; mso-fareast-language: EN-US; mso-bidi-language: AR-SA;">Das open art museum zeigt Ausstellungen im Crossover zwischen Art Brut, naiver Kunst und zeitgen&ouml;ssischen Positionen. Ein besonderer Schwerpunkt liegt auf der Vermittlung an Kinder und Jugendliche. Das open art museum verf&uuml;gt &uuml;ber eine Sammlung von &uuml;ber 8&rsquo;000 Werken von mehr als 180 K&uuml;nstler*innen und steht f&uuml;r die existenzielle Bedeutung k&uuml;nstlerischen Schaffens &ndash; sowohl f&uuml;r den einzelnen Menschen als auch f&uuml;r die Gesellschaft als Ganzes. Es bringt Menschen &uuml;ber Kunst zusammen und versteht sich als offener Ort f&uuml;r Kunst ohne Grenzen, mit Fokus auf Outsider Art. Die wechselnden Ausstellungen im open art museum zeigen Werke, die durch ihre Vielseitigkeit, ihre ungew&ouml;hnlichen Inhalte und ihren Erfindungsreichtum faszinieren. Zugleich erz&auml;hlen sie von gelebtem Leben &ndash; eine Kunst voller Geschichten. Wir m&ouml;chten zeigen, dass Kunst &uuml;berall entsteht &ndash; oft aus dem Alltag heraus, mit einfachen Mitteln und Materialien. Sie er&ouml;ffnet &uuml;berraschende Perspektiven und l&auml;dt ein, das Eigene und das Fremde neu zu entdecken.</span></p>;9.3669498;47.4196383;Davidstrasse 44;9000;St. Gallen;+41 71 223 58 57;info@openartmuseum.ch;http://www.openartmuseum.ch;[{'@type': 'ImageObject', 'contentUrl': 'https://ostpimtsoch.sos-ch-dk-2.exoscale-cdn.com/catalog/3/9/c/e/39ce5a595a9e87b88a402d193d67d9d197fb88f1_8ed9aced8789d1c37a4610106528253a.jpg'}];2026-06-16T20:35:33+02:00
536fc1f7-581c-4072-a766-a1f12ba3f1ae;Eventraum Schüür;Basierend auf dem Monatsprogramm bieten wir in unserem stimmungsvollen Eventraum im Zentrum von Brunnadern Anlässe und Veranstaltungen mit kulinarischem Hintergrund.;<p>Die Sch&uuml;&uuml;r wird gef&uuml;hrt von Menschen mit und ohne Handicap. Unser Anliegen liegt in der integrativen und sinnvollen Besch&auml;ftigung von Menschen mit Beeintr&auml;chtigungen. Dieder Betrieb der Sch&uuml;&uuml;r basiert auf dem Monatsprogramm. Dieses kann ab ca. dem 20. Des Vormonats auf unserer Website herunter geladen werden: www.schuurbrunnadern.ch Wir werden gerne gebucht und sind auch hervorragend geeignet f&uuml;r Gastroanl&auml;sse von Gruppen und Bed&uuml;rfnisse verschiedenster Art, bei der wir gerne f&uuml;r ihr Wohl besorgt sind. Unser atmosph&auml;risch starker Eventraum umfasst mit Gastrobestuhlung min. 60 Pl&auml;tze. Unsere Veranstaltungen haben in der Regel einen kulinarischen Hintergrund. Wir geben aber auch Veranstaltungen Raum die lediglich ein Catering, oder einen Apero inkludieren. Sie k&ouml;nnen bei uns auch ihre eigene Veranstaltung organisieren. Unser Raum kann auch gemietet werden. Die Technik umfasst WLAN und einen Beamer. Geplant ist der Aufbau einer verbesserten Ausstellungsraumtechnik. Mit dem Treppenlift ist ein barrierefreier Zugang m&ouml;glich. Nur bedingt geeignet sind wir f&uuml;r Anl&auml;sse mit mehreren rollstuhlfahrenden Teilnehmern. Parkpl&auml;tze befinden sich in unmittelbarer N&auml;he und der Bahnhof ist in 5 min. erreicht. Unsere Betriebsleiterin Frau Susanne Stalder beantwortet gerne ihre weiteren Fragen: info@schuurbrunnadern.</p><p>&nbsp;</p><p>Auskunft zur Zug&auml;nglichkeit:&nbsp;<a href="https://www.ginto.guide/entries/0922abed-fda6-469f-868f-5b9ad886126d?lnk_src=business" target="_blank" rel="noopener">ginto</a></p>;9.130995869636537;47.33540906495313;Dorfstrasse 20a;9125;Brunnadern;+41 77 261 56 00;info@schuurbrunnadern.ch;https://www.schuurbrunnadern.ch/;[{'@type': 'ImageObject', 'contentUrl': 'https://ostpimtsoch.sos-ch-dk-2.exoscale-cdn.com/catalog/0/0/6/5/0065d0f04d666c61576f42c5ddbdbfb508d13e53_c2777110ea30dfd8dbf3663ed95e2fb7.jpg'}];2026-04-17T19:38:39+02:00
54376a6d-191c-497f-8166-74ee3e754dba;Ackerhus;Das Ackerhus in Ebnat‑Kappel ist ein lebendiger Ort für Toggenburger Kulturgeschichte, Hausorgeln, Halszithern und historische Möbel – ein Museum und Kulturlokal, das Vergangenheit und Gegenwart verbindet.;<div><p>Im Herzen des Toggenburgs steht das Ackerhus in Ebnat‑Kappel &ndash; ein Ort, der Kulturerbe auf inspirierende Weise bewahrt und lebendig h&auml;lt. Das historische Bauernhaus aus dem 18. Jahrhundert wurde 1952 von Albert Edelmann originalgetreu an seinem heutigen Standort aufgebaut. Damit legte er den Grundstein f&uuml;r das heutige Heimatmuseum und Kulturlokal.</p><p>Das Ackerhus vereint Geschichte und Gegenwart zu einem besonderen Ort: Toggenburger Architektur, liebevoll restaurierte und modern erweiterte R&auml;ume laden zu Sonderausstellungen, Konzerten und privaten Feiern ein. Hier treffen Vergangenheit und Gegenwart aufeinander und schaffen Inhalte, die Herkunft dokumentieren und in der Gegenwart verbinden.</p><p>Ob bei einem spontanen Besuch der Ausstellung oder einer besonderen Veranstaltung &ndash; das Ackerhus bietet Perspektiven, die neugierig machen und Lust auf mehr wecken.</p></div>;9.1224594;47.2673229;Ackerhusweg 20;9642;Ebnat-Kappel;+41797790284;info@ackerhus.ch;http://ackerhus.ch;[{'@type': 'ImageObject', 'contentUrl': 'https://ostpimtsoch.sos-ch-dk-2.exoscale-cdn.com/catalog/c/7/3/2/c732f569944a4ee740e3bf12de19af8687b119c5_7877ed55ea900bd21e365e0528c31f22.jpg'}];2026-03-16T19:45:28+01:00
57b09d53-c26b-4102-96bc-23dc991f67fc;Freudenberg;Beliebter Aussichtspunkt und Naherholungsgebiet der Stadt St.Gallen ;Über den Drei Weieren liegt der "Hausberg" von St.Gallen. Er ist durch verschiedene Fusswege erreichbar und bietet eine schöne Aussicht auf den Alpstein über das Fürstenland bis über den Bodensee hinaus nach Deutschland. Verschiedene Feuerstellen laden zum Verweilen und Geniessen ein. ;9.39328;47.42094;Bitzistrasse ;9011;St. Gallen;[{'@type': 'ImageObject', 'contentUrl': 'https://ostpimtsoch.sos-ch-dk-2.exoscale-cdn.com/catalog/6/1/d/a/61daaf5ac2120039e0a6e2d5dc08cb31c5424c52_b952c6067a9300b24b122dbba10aa602.jpg'}];2025-02-17T19:40:30+01:00
5a97a6d2-bc7a-4e2d-bb46-eecac33eb867;Aussichtspunkt Walzenhausen;Direkt am Veloweg gelegen, kommt man beim Aussichtspunkt in Walzenhausen in den Genuss von traumhaften Ausblicken über das St.Galler Rheintal bis hin zum angrenzenden Nachbarland Österreich.;Inmitten von Walzenhausen und auf der rasanten Abfahrt in Richtung Rheineck tut sich ein wunderschöner Aussichtspunkt auf. Hier lässt es sich vom St.Galler Rheintal über den Bodensee bis hin ins angrenzende Nachbarland Österreich blicken. Auf dem Bänkli können einige Minuten verweilt werden.

Der Aussichtspunkt Walzenhausen ist Teil der Velo-Rallye Bodensee. Mehr zur Velo-Sammelchallenge unter www.st.gallen-bodensee.ch/velo-rallye.;9.60657835006714;47.44858057411852;Güetli;9428 ;Walzenhausen;[{'@type': 'ImageObject', 'contentUrl': 'https://ostpimtsoch.sos-ch-dk-2.exoscale-cdn.com/catalog/4/3/7/4/437492d8895b7417d1848d9af6f510071c7facf1_27a4a03e9f7826a47da296b08a70b02c.jpg'}];2026-04-15T18:44:25+02:00
5b63d121-437e-47ae-9057-dbfa23a644d1;Rhein-Schauen Museum und Rheinbähnle;Die wunderbar vielfältige Landschaft im Naturschutzgebiet am Bodensee erleben;<p>Rhein-Schauen ist ein Museum der besonderen Art. Den Reiz macht die Kombination von Werkhof, Ausstellung und Dienstbahn aus. Informativ, unterhaltsam und abwechslungsreich. Im Werkhof Lustenau erwartet den Besucher ein interessantes Panoptikum. Technik zum Anfassen, Landschaft zum Erfahren, mehr als 120 Jahre gelebte Geschichte, aber auch Gegenwart und Zukunft spannend und verst&auml;ndlich dargestellt. Die Strecke der Bahn f&uuml;hrt vom Ausgangspunkt, dem Werkhof Lustenau, den Rhein hoch nach Wiesenrain, Sonderfahrten sind individuell auf Ihre Bed&uuml;rfnisse buchbar. Die Fahrt vom Werkhof flussabw&auml;rts f&uuml;hrt direkt ins Naturschutzgebiet zu den Schleienl&ouml;chern. Mit einer der historischen Elektrolokomotiven aus den 1940er- Jahren oder einer Dampflokomotive von 1910 bzw. 1920 erleben grosse und kleine G&auml;ste die wunderbar vielf&auml;ltige Landschaft um den Bodensee und Rhein.</p>;9.66099500656128;47.4473835748098;Höchster Strasse 4;6890;Lustenau;+43557720539;office@rheinschauen.at;http://www.rheinschauen.at;[{'@type': 'ImageObject', 'contentUrl': 'https://ostpimtsoch.sos-ch-dk-2.exoscale-cdn.com/catalog/e/2/b/9/e2b910fa1eeba56f7535347ca4813fe81fbc456d_4fab57f8f5bd8ffb6429c73c9341eee1.jpg', 'caption': {'de': 'Lokomotive'}}];2026-06-16T20:35:33+02:00
5cd6dec5-2b83-4ba1-8d5c-5850129ccd52;Naturschutzgebiet Bannriet-Spitzmäder;Die einzigartige Landschaft, das Interesse am Torfabbau, die artenreiche Pflanzen- und Tierwelt, die vielfältigen Beobachtungsmöglichkeiten oder einfach nur eine gesunde Portion Neugier – es gibt viele Gründe, im Schollenriet vorbeizuschauen.;Die Schollenmühle ist eine ehemalige Torffabrik. In ihrer Umgebung wurde der Torf abgebaut und in der Schollenmühle zu Torfmull und Spezialerden weiterverarbeitet. Die Schollenmühle liegt mitten im Naturschutzgebiet Bannriet-Spitzmäder. Der Torfabbau hat hier ein abwechslungsreiches Landschaftsrelief hinterlassen. Auch ausserhalb des Schollenmühle-Areals sind spannende Naturbeobachtungen möglich. Das Schutzgebiet ist Pflanzen und Tieren vorbehalten. Ausgetieft, überschwemmt, verlandet, abgetorft und melioriert – verschiedenste Kräfte und Akteure haben das heutige Riet geformt. Die Vielfalt an Tieren und Pflanzen im 53 Hektaren grossen Naturschutzgebiet ist überwältigend. Blumenwiesen und Buntbrachen bringen Farbe in die Rietlandschaft und sind ein Schlaraffenland für blütenbesuchende Insekten. Gebüschgruppen strukturieren die Landschaft und bieten Rückzugsraum für Tiere.

Aus Anlass des 200-Jahr-Jubiläums des Kantons St.Gallen im Jahre 2003 wurde am Rand des Naturschutzgebietes Spitzmäder auf der Gemeindegrenze zwischen Altstätten und Oberriet ein Beobachtungsturm erstellt. Die weiträumige Aussicht in die Rheintalebene und das begleitende Bergpanorama sowie vielfältige Beobachtungsmöglichkeiten der Tierwelt lohnen bei jedem Wetter einen Besuch des architektonisch gelungenen Beobachtungsturms.;9.566738;47.357694;[{'@type': 'ImageObject', 'contentUrl': 'https://ostpimtsoch.sos-ch-dk-2.exoscale-cdn.com/catalog/c/e/6/c/ce6c270b44f323b7fb2774fa264ff30010c04308_e5098e1bf92e3dc440bdc94f7c9c977e.jpg'}];2025-05-14T17:32:41+02:00
5d70d1a1-f5ea-40ef-8ac0-19d10d74482b;Begegnungszentrum DAS TRÖSCH;DAS TRÖSCH ist ein lebendiger Treffpunkt für alle Menschen im Zentrum von Kreuzlingen. Als offenes Begegnungszentrum schafft es Raum: zum Mieten, zum Mitgestalten und einfach zum Sein.;<p>Mitten in Kreuzlingen bietet das Begegnungszentrum DAS TR&Ouml;SCH einen modernen und farbenfrohen Ort f&uuml;r Menschen und ihre Ideen. Sieben flexibel nutzbare R&auml;ume stehen zur Miete bereit &ndash; individuell einrichtbar und ideal f&uuml;r Kurse, Sitzungen, Feiern und vieles mehr. Das engagierte Tr&ouml;sch-Team begleitet pers&ouml;nlich und kompetent bei der Raumauswahl und Planung.</p><p>Ob N&auml;hkurs, Yoga-Session, Vereinssitzung oder Kindergeburtstag: Im Tr&ouml;sch findet alles Platz, was Menschen verbindet. Das Caf&eacute; und die Dachterrasse laden von Montag bis Freitag zum Verweilen ein &ndash; offen f&uuml;r alle.</p>;9.17406813904729;47.650579;Hauptstrasse 42;8280;Kreuzlingen;+41715212111;info@dastroesch.ch;https://www.dastroesch.ch;[{'@type': 'ImageObject', 'contentUrl': 'https://ostpimtsoch.sos-ch-dk-2.exoscale-cdn.com/catalog/c/7/8/e/c78e021b642544f6a27f4aab2b2d23abc094fa7a_9cc7d47c1006023fc84e98e2aebb4357.jpg'}];2026-02-17T22:27:38+01:00
5f4e34a1-4382-40de-9616-05f8b8c013ca;Waldfriedhof Schaffhausen;Ein spezieller Ort der Ruhe und Besinnung ist der 1914 eingeweihte Waldfriedhof Schaffhausen. ;<p>Nach dem Vorbild des Waldfriedhofes M&uuml;nchen projektierte der M&uuml;nchner Stadtbaurat Gr&auml;ssel die Anlage in einem Teil des Rheinhardwaldes. Harmonisch in den bestehenden Buchenwald eingebettet, sind auf einer Fl&auml;che von rund 17 ha verschiedene Grabfelder, Familiengr&auml;ber und Kunstwerke aller Art zu finden. Der Eingangsbereich wird von der markanten Abdankungshalle mit Krematorium gepr&auml;gt. Bemerkenswert ist die Urnennischenanlage sowie die Grabanlage f&uuml;r die Opfer der Bombardierung von 1944. Der Waldfriedhof ist als einer der 40 sch&ouml;nsten P&auml;rke der Schweiz ausgezeichnet. Tipp zirka Ende Juni fliegen abends viele Gl&uuml;hw&uuml;rmchen F&uuml;hrungen f&uuml;r Gruppen Nach telefonischer Voranmeldung</p>;8.654006826644565;47.70814015;Rheinhardstrasse;8200;Schaffhausen;+41 52 632 56 53;[{'@type': 'ImageObject', 'contentUrl': 'https://ostpimtsoch.sos-ch-dk-2.exoscale-cdn.com/catalog/d/8/5/2/d8528902139bb5e4ad0b3d9720a96c7f2a404166_6843a73a4bf866eedec91acea5a1c4d1.jpg'}];2026-01-09T19:27:12+01:00
60195f85-c9bd-4162-a484-b4859b72e41b;Galerie Paul Hafner;Die Galerie Paul Hafner besteht seit 1993.

;<p>Die Galerie Paul Hafner präsentiert in ihren Ausstellungen Werke von regionalen, nationalen und internationalen Künstler:innen: Zeichnungen, Malerei, Objekte, Fotoarbeiten und Installationen.</p>;8.646240234375002;46.837761198387675;Davidstrasse 40;9000;St.Gallen;+41 79 352 43 85;galerie.paulhafner@bluewin.ch;https://www.paulhafner.ch;[{'@type': 'ImageObject', 'contentUrl': 'https://ostpimtsoch.sos-ch-dk-2.exoscale-cdn.com/catalog/a/0/3/b/a03b71bdc3d09c37387b2832fc3ed646831e03b1_2941630d6429b3e7cb86ce35a9a08c70.jpeg'}];2026-06-16T20:17:36+02:00
607cb610-9eed-4b48-a628-402841ac0161;Historisches Museum Thurgau;Aushängeschild des Historischen Museums Thurgau ist das Schloss Frauenfeld, ein Kulturdenkmal von nationaler Bedeutung. Das Schloss lädt auf eine vielfältige Reise in die Vergangenheit ein und repräsentiert Thurgauer Geschichte aus beinahe 800 Jahren. Der Eintritt ist frei.;Die Schlossausstellung «Geheimnis Mittelalter» vermittelt Jung und Alt spielerisch aufbereitete Animationen, atmosphärisch inszenierte Schlossräume und ein lehrreicher Rundgang. Ebenfalls wird geschichtliches Wissen über den Thurgau im Spätmittelalter, als Schloss Frauenfeld zweimal im Brennpunkt des Weltgeschehens stand, aufgezeigt.

Besucherinnen und Besucher können die bewegte Zeit zwischen dem Konzil 1414 und der Reformation 1517 sinnlich nachfühlen, begleitet von vier Schlossfiguren, die mit fesselnden Dialogen, Geräuschen und Lichtspielen die ferne Epoche lebendig machen.

Familien mit Kindern entdecken Schloss Frauenfeld mit dem Rätselkartenset Kati und Sven, erfahren Stadtgeschichte auf dem Leuli-Trail oder begeben sich mit dem Smartphone-Game auf eine actionreiche Spurensuche.;8.8968444;47.5551918;Rathausplatz 2/Schloss Frauenfeld;8500;Frauenfeld;058 345 73 80;historisches.museum@tg.ch;http://www.historisches-museum.tg.ch/;[{'@type': 'ImageObject', 'contentUrl': 'https://ostpimtsoch.sos-ch-dk-2.exoscale-cdn.com/catalog/e/d/6/8/ed68043bd9b338d569220c9e224811d4a9794dd7_2226417512dc59902329c92749bc3a8d.JPG'}];2025-10-28T21:45:51+01:00
61cf85c5-99f3-4d86-9c37-bfdbc75c81ba;Biotop «Wangental Natur Pur»;Das Wangental ist zweifellos eines der schönsten Täler des Kantons Schaffhausen und bildet den Durchgang zwischen Rhein und Klettgau. ;<p>Eingebettet in waldige H&uuml;gel, ist das Wangental ein Juwel, reich an botanischen, zoologischen, geologischen und historischen Sch&auml;tzen. Ein Steg durch das Biotop und zwei Beobachtungsh&uuml;tten erlauben das ungest&ouml;rte Sichten der artenreichen Tier- und Pflanzenwelt.</p>;8.516161903344555;47.647514650000005;Zollstrasse;8218;Wilchingen;http://www.wangental.ch/;[{'@type': 'ImageObject', 'contentUrl': 'https://ostpimtsoch.sos-ch-dk-2.exoscale-cdn.com/catalog/9/0/5/0/90508632cd57c8addbdb8c462873280dcbd15384_e96b402830d59ce7d778b6201ff4aa4b.jpg'}];2026-01-09T19:27:12+01:00
62820559-537c-43f8-bfd3-8865ceb19e7f;Wasserschloss Hagenwil;Die historischen Räumlichkeiten des Wasserschlosses Hagenwil verführen mit ihrem individuellen Charme. Seit über 200 Jahren ist das Schloss in Familienbesitz der Familie Angehrn.;Der Gastgeber Andi Angehrn und sein Team legen grössten Wert auf eine frische Küche mit hochwertigen Produkten aus Betrieben mit natur- und tiergerechter Produktion. Die abwechslungsreichen Kreationen des Thurgauer Gastronomen entzücken Augen und Magen. Dank der hohen Qualität und der konstanten Leistungen konnte sich Andi Angehrn mit seinem Team 2012 über die Aufnahme in die Gilde der etablierten Schweizer Gastronomen freuen.

Kultur ist der Familie Angehrn wichtig, deshalb pflegen sie diese mit Veranstaltungen in der Burgbar, den Schlossfestspielen Hagenwil oder mit dem Erntedankfest. Die Räume des Wasserschlosses bieten gemütliches Ambiente für Anlässe mit bis zu 110 Personen, bei Apéros finden bis zu 150 Gäste Platz. 

Das Wasserschloss Hagenwil verfügt über Zimmer, die noch im Originalzustand sind. Im Himmelbettzimmer ist auf Anfrage eine Übernachtung möglich, zum Beispiel für ein Hochzeitspaar, Geburtstagskinder usw.;9.3052422;47.5291497;Schloss-Strasse 1;8580;Hagenwil bei Amriswil;+41 71 411 19 13;info@schloss-hagenwil.ch;http://www.schloss-hagenwil.ch/;[{'@type': 'ImageObject', 'contentUrl': 'https://ostpimtsoch.sos-ch-dk-2.exoscale-cdn.com/catalog/9/8/8/7/9887e6bdbf5beeae7582d09d7026729be5ad0b31_b464bd9b02696f3042a4d9b48d95884c.jpg'}];2026-06-16T22:03:25+02:00
63f490ec-c7d6-4942-9669-c43fe5a43e59;Hof Eggenberger;Hof Eggenberger in Jenins bietet einen Landwirtschaftsbetrieb mit integriertem Hofladen und SCHLAFF-FASS. Der 2-Generationenhof liegt in der sonnigen Bündner Herrschaft und ist täglich von 06:00 bis 21:00 Uhr geöffnet.;Unsere 2-Generationenhof liegt inmitten der sonnigen Bündner Herrschaft im Herzen des Weinbaudorfes Jenins. Zusammen bewirtschaften wir mit viel Begeisterung und Elan unseren Landwirtschaftsbetrieb mit integrierten Hofladen und SCHLAFF-FASS.;9.558609724044802;46.99974157452924;Unterdorf 14;7307;Jenins;+41 79 543 87 93;eggenberger-roffler@bluewin.ch;https://www.hofeggenberger.ch;[{'@type': 'ImageObject', 'contentUrl': 'https://ostpimtsoch.sos-ch-dk-2.exoscale-cdn.com/catalog/a/a/0/1/aa01a80125214bc85bd3b14df47ab17dc19cf309_69c0f756d8e23091cc9a590d400937cb.jpeg'}];2026-06-22T20:40:34+02:00
67bb4479-5c3f-4aea-be2e-5e01af00f21c;Ortsmuseum Beringen;Das Museum - mit einer breiten volkstümlichen Ausstellung - ist im alten Wohnturm aus dem 13. Jahrhundert untergebracht. ;<p>Wir besitzen eine grosse Sammlung von Ger&auml;tschaften aus Landwirtschaft, Rebbau und Forstwirtschaft, Gegenst&auml;nden aus dem Haushalt, Trachten, Handwerksarbeiten, ganzen Werkst&auml;tten, antiken K&uuml;chen, Messapparaten und Werkzeugen. Zudem gibt es Ausstellungen zu den Themen Arch&auml;ologie, Geologie und K&uuml;nstler aus der Gemeinde und im Dachboden trifft man Wechselausstellungen an oder kann musikalische oder kulturelle Anl&auml;sse geniessen.</p>;8.5744657;47.6989921;Steig 3;8222;Beringen;+41 79 333 91 55;e.w.michaud@shinternet.ch;http://www.museum-beringen.ch;[{'@type': 'ImageObject', 'contentUrl': 'https://ostpimtsoch.sos-ch-dk-2.exoscale-cdn.com/catalog/2/3/3/e/233e4c115df5f12917f2a448989deb142532320d_eb39664005fab6365a24f88f8a736f7b.jpeg'}];2026-01-09T19:41:31+01:00
69292d8d-8ce1-4b38-a584-3ef690e7714d;Kulturhaus Obere Stube;Das Kulturhaus ist ein Ort des Verweilens, der Begegnungen und der Kulturvielfalt.;<p>Das Kulturhaus Obere Stube ist ein lebendiger und offener Ausstellungs- und Begegnungsort f&uuml;r nationale und internationale Kunst und Kultur. Im ehemals als Zunfthaus &laquo;Zur Rose&raquo; genutzten H&auml;userensemble gibt es historische Ausstellungen und zeitgen&ouml;ssische nationale und internationale Kunst zu sehen. Regelm&auml;ssig werden die beiden Sonderausstellungsr&auml;ume neu bespielt. Themen aus der Klassischen Moderne, Design, regionale Kultur und Geschichte aber auch performative und experimentelle Kunst finden hier einen neuen Spielort. Der grosse Zunftsaal aus dem 15. Jahrhundert, in dem semipermanente Ausstellungen gezeigt werden und die holzvert&auml;ferte Zunftstube von 1681 sind die historischen Highlights.</p><p><strong>Schwebende Steine</strong><br>Der Innenhof &uuml;berrascht: Hier hat der australische K&uuml;nstler Jamie North eine markante Skulpturenlandschaft kreiert. Eine Wand voller schwebender Steine verleiht dem Innenhof Struktur und Charakter. Kunst und Natur verbinden sich auf einzigartige Weise miteinander. Wer dem gesch&auml;ftigen Treiben der Altstadt f&uuml;r eine Weile entfliehen m&ouml;chte, findet hier ein ruhiges Pl&auml;tzchen.</p><p><strong>Beiz</strong><br>Die Beiz bietet f&uuml;r den kleinen Hunger eine Auswahl an Snacks und Getr&auml;nken.</p>;8.860220369700535;47.6594087;Oberstadt 7;8260;Stein am Rhein;+41 52 742 48 48;info@kulturhaus-oberestube.ch;https://www.kulturhaus-oberestube.ch;[{'@type': 'ImageObject', 'contentUrl': 'https://ostpimtsoch.sos-ch-dk-2.exoscale-cdn.com/catalog/f/b/5/4/fb548775122f426136d8fc8bda1c7972eed9b1d0_b6db5200e5761b4572c23f0cc03871a1.jpg'}];2026-02-11T19:23:48+01:00
69529483-0128-4c67-acde-aeadb7948418;Eichhof Balgach;Seit 1996 bewirtschaftet die Familie Ritz den vielseitigen und spannenden Betrieb im St.Galler Rheintal ;Der Hofladen und das Hofcafé wurden 2011 gebaut. Der Schwerpunkt des Sortiments liegt auf hofeigenem Fleisch sowie dem eigenen Wein. 

Das breite Angebot besteht grösstenteils aus eigenen Produkten, dazu gehören Gebäck, Konfitüren, Eingemachtes und vieles mehr. Daneben werden einige Produkte wie frisches Gemüse und Früchte, Milchprodukte oder Mehl von Bauern und Lieferanten aus der Region zugekauft. 

Im Café werden jede Woche unterschiedliche Kuchen, Torten und weitere süsse Köstlichkeiten angeboten. Das Café, die Sonnenterasse und viele weitere schöne Orte laden zu gemütliche und erholsame Stunden auf dem Hof ein.

Der Eichhof bietet für Gross und Klein ein Erlebnis. Diverse Tiere wie Kühe, Ziegen, Kaninchen, Hühner, Enten, Pfauen lassen sich bestaunen. Nebst der Tierattraktion erwartet die Kinder auch unzählige Spieltraktoren sowie einen grossen Sandkasten.;9.6045795;47.3953162;Siedlung Eichhof 1497;9436;Balgach;+41 71 722 51 55;info@eichhof-balgach.ch;http://eichhof-balgach.ch/;[{'@type': 'ImageObject', 'contentUrl': 'https://ostpimtsoch.sos-ch-dk-2.exoscale-cdn.com/catalog/9/9/f/9/99f943b583fc2dbcd2d5daea8d974db6ba3c9a6e_22e5ea8a8d4c033f05a0235636947b8e.jpg'}];2026-06-16T20:17:36+02:00
6d1543e6-0c41-41f7-b324-e3339bd07629;Ortsmuseum Neunkirch;Erleben Sie unsere Geschichte-die antiken und kuriosen Schätze werden sie faszinieren.;In den verschiedenen Räumen des Museums, im lauschigen Oberhof, erhalten Sie einen Überblick über Handwerk, Kirche, Haushalt, Urgeschichte, Landwirtschaft und vieles mehr aus unserer Region. Erleben Sie unsere Geschichte – die antiken und kuriosen Schätze werden Sie begeistern.

Spannende Führung durch das Ortsmuseum: 
-	1 ¼ Std. auf Anmeldung
-	CHF 15.00 pro Person / mind. CHF 90.00
-	Auf Anfrage auch mit Apéro;8.50067821404082;47.69097657082046;Oberhofgasse 16;8213;Neunkirch;052 681 32 47;info@tourismus-neunkirch.ch;https://www.tourismus-neunkirch.ch;[{'@type': 'ImageObject', 'contentUrl': 'https://ostpimtsoch.sos-ch-dk-2.exoscale-cdn.com/catalog/d/e/e/2/dee293567919772c5e98d0084926d60a57999a07_5ee1bc20b68852f024fdf40b574af9b2.jpg'}];2025-02-17T12:51:25+01:00
6e548f0e-a0b8-4c04-8020-6ed1704ab162;Museum Henry Dunant;Das einzige Museum weltweit, das dem Initiator des Internationalen Roten Kreuzes gewidmet ist, präsentiert seine neue, inklusive und multimediale Ausstellung.;
Henry Dunant hatte bis zu seinem Tod rund 20 Jahre in Heiden gelebt. Die neu geordneten Räume führen durch das wechselhafte Leben des wirkungsmächtigen Genfers und schlagen eine Brücke in die Gegenwart. Das Museum lädt täglich von 11 bis 16 Uhr zu Erkundungen in Deutsch, Französisch und Englisch ein. Führungen für Gruppen und Schulklassen werden auch ausserhalb der Öffnungszeiten angeboten.
;9.5312492;47.4433309;Asylstrasse 2;9410;Heiden;+41 71 891 44 04;info@dunant-museum.ch;http://www.dunant-museum.ch/;[{'@type': 'ImageObject', 'contentUrl': 'https://ostpimtsoch.sos-ch-dk-2.exoscale-cdn.com/catalog/b/3/0/5/b30521898195f87df148de97c2f2b7fb5f052b4e_fc9071a5b02128eda6c7ed6595f020db.jpg'}];2025-02-17T14:26:34+01:00
728ceaa5-d12a-43b7-a36d-411c159a7bed;Besuch bei der Kamerasau;Der Adelbach-Hof im schönen Neckertal ist das zu Hause von einem besonderen Schwein. Und zwar zeigt es euch live seinen ganzen Tagesablauf.;Wenn es sich im Dreck wälzt, das Futter freudestrahlend frisst oder mit seinen Kolleginnen im Stall ein Nickerchen macht. Die Kamerasau filmt und streamt live auf die Webseite www.kamerasau.ch. Hier sehen alle, wie die 20 Freiland-Schweine ihr Leben geniessen. 

Natürlich steht auch der Hof offen, wer sich vor Ort die Schweine betrachten möchte und ist jederzeit herzlich Willkommen. Taucht in das Leben unserer Schweine ein und geniesst auf dem Glasboden-Stall gemütlich einen Kaffee, währenddem die Tiere beobachtet werden können. 

Auf Wunsch planen wir gerne eine Führung durch unseren ganzen Hof. Erleben Sie wie wir arbeiten und was wir für Produkte herstellen. In unserem Hofladen kann die Einkaufstasche mit verschiedenen Köstlichkeiten gefüllt werden. 

;9.1275410068259;47.343055449999994;Adelbach 993;9126;Necker;+41 71 565 73 51;info@adelbach-hof.ch;https://www.adelbach-hof.ch/;[{'@type': 'ImageObject', 'contentUrl': 'https://ostpimtsoch.sos-ch-dk-2.exoscale-cdn.com/catalog/d/b/7/c/db7c4c37bb5501045b3ce088a8a4fb3a86c5e7e5_0bdd21017ebcc87910f97d84b6654673.JPG'}];2026-03-12T19:36:32+01:00
731f9c00-4f68-4cb1-a228-f2dd4f2457a5;Couture-Lehratelier;Textile Kultur – gelebt und praktiziert!;Kleidung aus edlen Stoffen präzise auf den Leib geschneidert. Minutiös verarbeitete Einzelstücke, die so individuell sind wie ihre Trägerin. Schweizer Handwerk auf höchstem Niveau, dessen Qualität so manche Luxusmarke in den Schatten stellt. Ein unerreichbarer Traum? Nein, dies ist die tag-täglich gelebte Realität im Couture-Lehratelier des GBS St. Gallen!

Am Ende des Fertigungsprozesses steht bei uns nicht irgendein Stück zusammengenähter Stoff, sondern – textile Kultur, die wir be-leben und weiter vermitteln!;9.3776229;47.4243962;Kugelgasse 19;9000;St. Gallen;+41 58 228 27 25;couture-lehratelier@gbssg.ch;https://www.gbssg.ch/gestaltung/berufliche-grundbildung/bekleidungsgestalterin-efz-im-couture-lehratelier.html;[{'@type': 'ImageObject', 'contentUrl': 'https://ostpimtsoch.sos-ch-dk-2.exoscale-cdn.com/catalog/6/7/4/7/6747da75f7c43518b6244ef8049c2dec8ab7b59b_56663b128d5ab21495f7a797b3f7aabc.jpg'}];2026-06-16T20:17:36+02:00
7380a8fe-cb90-4cf5-b04f-4e7f8f7afe40;Storchenhof Balgach;Der Storchenhof ist ein Familienbetrieb im St.Galler Rheintal.;Ein Erlebnis- und Erholungsraum für Natur- und Tierfreunde aus Nah und Fern. Neben Kühen, Gänsen, Hunden, Katzen, Bienen, Zwergziegen und Störchen, werden auch Pferde und Ponys gehalten.;9.614388942718508;47.37663971975095;9436;Balgach ;+41 71 722 47 49;storchenhof.thurnheer@bluewin.ch;http://www.pony-riding.ch;[{'@type': 'ImageObject', 'contentUrl': 'https://ostpimtsoch.sos-ch-dk-2.exoscale-cdn.com/catalog/c/7/2/d/c72d9d619c8a2934a7d58493836cdeaf3faeb7ad_19139dab19eb3ec601367e6fe27107f1.jpg'}];2025-03-31T19:25:58+02:00
73874bf0-8b24-4a27-b029-f1ffa2947ac4;TapTab Musikraum;Der bereits 1988 als lose Gruppierung von Konzert- und Partyveranstaltern gegründete TapTab-Musikverein betreibt seit der Eröffnung des Kulturzentrums Kammgarn 1998 in eigener Regie den TapTab-Musikraum - einen Club mit einem Fassungsvermögen von 200 Personen.;<p>Gegen 15'000 BesucherInnen sch&auml;tzen j&auml;hrlich das reiche Angebot: Konzerte, Partys, Poetry Slams, Filme (etwa die &laquo;Kurz &amp; Knapp&raquo;-Kurzfilmreihe), musikalische Lesungen und vieles mehr. Das TapTab-Veranstalterteam - bestehend aus rund 40 Aktiven und zus&auml;tzlich 60 freiwilligen HelferInnen - featuret den Underground, das Nicht-Etablierte sowie neue Str&ouml;mungen von Popkultur und DJ-Culture, und gibt kontinuierlich lokalen und regionalen Bands, DJs, Kurzfilmerinnen und Slammern ein Podium. Daneben pflegt TapTab aber auch die internationale Vernetzung mit &auml;hnlich positionierten Szenen und holt Acts aus der ganzen Welt nach Schaffhausen. Mit 130 Veranstaltungen j&auml;hrlich ist es der profilierteste Musikclub der Region (2002 mit dem +GF+-Preis ausgezeichnet) und aus dem hiesigen Kulturleben nicht mehr wegzudenken.</p>;8.6364235;47.6944915;Baumgartenstrasse 19;8200;Schaffhausen;sekretariat@taptab.ch;http://www.taptab.ch/;[{'@type': 'ImageObject', 'contentUrl': 'https://ostpimtsoch.sos-ch-dk-2.exoscale-cdn.com/catalog/4/6/5/7/4657bd0509f7672ee131fd21a08a7afc7127aef1_68cf5a1522e4de1e7658a4024612ffe5.jpg'}];2026-01-23T19:03:22+01:00
7477fa69-0ec4-4d71-89e9-209a77eddccb;Museum kunst + wissen;Kunst- und Stoffdruckereimuseum;Direkt am Rhein. Gebäude mit markantem Treppenturm. Sonderausstellungen zu Kunst, Geschichte und Natur. Zudem Sammlungsausstellungen zur ehem. Türkischrot-Färberei und Stoffdruckerei im Oberen Amtshaus sowie Präsentation von aktuellem und vergangenem Thurgauer Kunstschaffen mit Schwerpunkt Diessenhofen.;8.753088;47.6898803;Museumsgasse 11;8253;Diessenhofen;052 533 11 67;kultur@diessenhofen.ch;https://www.diessenhofen.ch/museum;[{'@type': 'ImageObject', 'contentUrl': 'https://ostpimtsoch.sos-ch-dk-2.exoscale-cdn.com/catalog/f/e/1/d/fe1d453a5f2485d5e0304e52563319b349baa3e0_51e337d7cfd54f791bb0a3069650a6d7.jpg'}];2025-02-17T12:51:25+01:00
76b06e15-7748-49f6-9e52-ccf1b0f76d79;Breitenmoser Gustarium;Eine Erlebniswelt zum «Erleben, Entdecken und Selbermachen» – das Breitenmoser Gustarium mit Blick auf den Alpstein.;Das Breitenmoser Gustarium ist die in der Schweiz einzigartige Erlebniswelt, die sich der Fleischbranche widmet. Unterschiedliche Grillseminare finden rund ums Jahr auf der Grillterrasse statt. Hier lernt man Tipps und Tricks von den Fachleuten. Teilnehmerinnen und Teilnehmer eines Wurstseminars lernen alles über die Herstellung einer Siedwurst und packen dann selbst mit an. 
Auch Spontanbesucher können sich bei uns verwöhnen lassen. Ein frisch aufgeschnittenes Appenzeller Plättli lässt sich draussen oder in der Metzgerstube mit Blick auf den Alpstein geniessen. Die interaktive, unterhaltsame und informative Ausstellung «rund um den Genuss» kann kostenlos besucht werden. 
Im Genussladen können Sie unsere Spezialitäten degustieren, erwerben und sich von vielen Geschenkideen inspirieren lassen. Feste und Seminare bis 60 Personen machen wir für Sie zu einem ganz speziellen Erlebnis. Die Metzgerstube mit Bar und Cheminée ist liebevoll eingerichtet und dekoriert. Unsere Köche verwöhnen Sie mit hauseigenen Spezialitäten. 

Grillseminare: 18 bis 23 Teilnehmende
Wurstseminare: 15 bis 30 Teilnehmende
Festliche Platten legen und gestalten: 10 bis 15 Teilnehmende
Kleiner Grill-Lehrgang: 20 bis 45 Teilnehmende 

Kosten für Seminare: von CHF 85.00 (Wurstseminar mit Essen) bis CHF 210 für Grillkurs Special Cuts
Dauer: von 2.5 bis 4 Stunden für Kurse

Sitzplätze Metzgerstube für Gastroanlässe: bis 60 Personen;9.4277641;47.3202708;Sägehüslistrasse 13;9050;Appenzell Steinegg ;+41 71 788 09 81;info@gustarium.ch;https://www.gustarium.ch/;[{'@type': 'ImageObject', 'contentUrl': 'https://ostpimtsoch.sos-ch-dk-2.exoscale-cdn.com/catalog/1/4/6/4/1464073b92ab91784d0ae0f3d246da0cd7a18cfb_e7d0176850dd5e81962e500cdd2cb082.jpg'}];2025-03-27T18:14:15+01:00
784154f3-6dfe-4827-bbe4-81bce19285d0;Bergkirche Neunkirch;Die Kirche ist datiert aus dem frühen 14. Jahrhundert. ;<p>Schiff und Chorw&auml;nde tragen verschiedene Epitaphien aus der Barockzeit. Fresken zieren den Chor. Im Turm, der 1484 errichtet wurde, l&auml;utet die 2. &auml;lteste Glocke der Schweiz immer am 1. August um 5:00 Uhr den Feiertag ein.</p>;8.50073480838849;47.6856869;Oberwiesstrasse 22;8213;Neunkirch;[{'@type': 'ImageObject', 'contentUrl': 'https://ostpimtsoch.sos-ch-dk-2.exoscale-cdn.com/catalog/d/4/b/a/d4bae3b7bcaeffb70d2fadabe8d30fac6f12f144_eb91fd4a5d13c6d235bb864d346c00f9.jpg'}];2026-01-08T19:25:54+01:00
78566b16-82d2-4031-8005-ef834a66e73d;Naturschutzgebiet «Tannbüel»;Bei Bargen, der nördlichsten Gemeinde der Schweiz, befindet sich das Tannbüel. Ein Naturschutzgebiet von nationaler Bedeutung, das jährlich unzählige Naturfreunde anlockt. ;<p>Im Mai und Juni können im Tannbüel mindestens 15 verschiedene Orchideen-Arten entdeckt werden. Besonders zahlreich blüht der Frauenschuh. Aber auch weitere Orchideen, Enziangewächse, Sträucher und Bäume machen die Artenvielfalt im Tannbüel aus.</p><p>Der <strong>aktuelle Blütenstand</strong> wird von Grün Schaffhausen überprüft und <a href="https://www.stadt-schaffhausen.ch/aktuellesinformationen" rel="noopener noreferrer" target="_blank">hier</a> publiziert.</p>;8.5831118;47.7995786;8233;Bargen;[{'@type': 'ImageObject', 'contentUrl': 'https://ostpimtsoch.sos-ch-dk-2.exoscale-cdn.com/catalog/e/0/7/5/e0756aa749bdd4ec968c0d54590b75c06f008aab_ff427ba261fe440d7e6d40ef504048a8.jpg'}];2025-04-28T18:53:43+02:00
79db15cb-da93-4f43-99be-f01dcf967426;A.Vogel Heilpflanzen-Schaugarten und Erlebniswelt;Eine Reise in Geschichte und Gegenwart eines der wichtigsten Naturheilkundlers des 20. Jahrhunderts;<p class="MsoNormal">Alfred Vogel (1902 – 1996) zog in den 1930er-Jahren nach
Teufen im Appenzellerland. Hier lebte der Naturheilkunde-Pionier, schrieb seine
erfolgreichen Gesundheitsbücher und begann, Arzneimittel aus frischen Pflanzen
herzustellen.&nbsp;Heute befinden sich hier auf dem Hätschen der A.Vogel
Heilpflanzen-Schaugarten, das A.Vogel Museum, die A. Vogel Drogerie und der
Verlag A.Vogel.</p><p class="MsoNormal">Rund 120 verschiedene Heil- und Küchenkräuter wachsen im
Heilpflanzen-Schaugarten auf rund 1'000 Metern ü.M. umgeben vom herrlichen
Panorama des Alpsteins und eingebettet in die sanften grünen Hügel des
Appenzellerlands. <o:p></o:p></p><p class="MsoNormal">Ein Besuch bei A.Vogel in Teufen eignet sich ideal als
Tagesausflug, Club-Event, Firmen- oder Vereinsanlass und vieles mehr. Lassen
Sie sich vom Heilpflanzengarten&nbsp;inspirieren!&nbsp;</p><p class="MsoNormal">Spontanbesucherinnen und -besucher können den
Heilpflanzen-Schaugarten in Teufen täglich kostenlos besuchen. Gruppen wird die
Teilnahme an Gartenführungen plus Museumsrundgang empfohlen.&nbsp;</p><p class="MsoNormal">











</p><p class="MsoNormal">Der A.Vogel Heilpflanzen-Schaugarten trägt seit Juli 2021
die «Natur-im-Garten»-Plakette.&nbsp;<o:p></o:p></p>;9.3893398;47.3957654;Hätschen;9053;Teufen;+41 71 335 66 11;team@gesundheitszentrum-avogel.ch;https://www.avogel.ch/de/garten/teufen/;[{'@type': 'ImageObject', 'contentUrl': 'https://ostpimtsoch.sos-ch-dk-2.exoscale-cdn.com/catalog/5/7/9/7/5797d4aec3654e5a10837b056c7d9354f4bbaaf4_4716929accfa7264bc113960c1e126b5.jpg'}];2026-04-21T18:02:22+02:00
7a058edf-e702-4ac3-bd81-b13b46d170e5;Eventraum Plan & Werke;Der Eventraum der Plan und Werke AG in Weinfelden mit Kamin und begrünter Dachterrasse mit Grill lädt bis zu 40 Personen zum Feiern und Tagen ein. Für das leibliche Wohl sorgt die hauseigene Köchin.;Hochzeit, Geburtstag oder Corporate Event – in den Räumen der Plan und Werke wird gefeiert, gekocht und getagt. Die Räume bestechen durch exklusives Ambiente, edelste Materialen und moderne Technik. Vier topmodern ausgerüstete Küchenwelten stehen für Kochkurse und Veranstaltungen zur Verfügung. Highlights sind der spektakuläre Weinturm mit über 1500 Spitzenweinen aus der ganzen Welt und die 130 qm grosse Terrasse mit Lounge, Bar, Open Space und schliessbarem Dach. Zwei je 150 qm grosse Musterwohnung eignen sich besonders für Meetings, bei denen man sich wie Zuhause fühlt. Die hauseigene Köchin erfüllt jeden kulinarischen Wunsch und legt dabei grossen Wert auf regionale und saisonale Produkte.;9.1324135;47.5603985;Oberfeldstrasse 2;8570;Weinfelden;+41 71 503 10 10;info@planwerke.ch;https://www.planwerke.ch/de/;[{'@type': 'ImageObject', 'contentUrl': 'https://ostpimtsoch.sos-ch-dk-2.exoscale-cdn.com/catalog/e/b/8/7/eb87e568d48d079b8eec8505ab214a30770550a7_c319df384923e111f389f00b59acce78.jpg'}];2025-02-17T13:21:04+01:00
7b3b71e1-93fa-4968-9910-7f97c6099834;Altes Bad Pfäfers bei der Taminaschlucht;Das Alte Bad Pfäfers, das älteste erhaltene Barockbad der Schweiz, liegt am Eingang der Taminaschlucht. Es bietet historische Räume, Museen und ein Restaurant und ist bekannt für das 36,5 °C warme Thermalwasser.;Das Alte Bad Pfäfers ist das älteste erhaltene Barockbad der Schweiz. Heute ist das historische Gebäude eine Kultursehenswürdigkeit mit überregionaler Ausstrahlung. Das geschichtsträchtige Haus steht am Eingang der Taminaschlucht, wo das berühmte 36,5° C warme Thermalwasser entspringt.

Die Geschichte des Alten Bad Pfäfers beginnt im Jahr 1240, als zwei Jäger eine 36,5° C warme Quelle in der Taminaschlucht entdecken. In deren Wasser erkennen die Mönche des nahe gelegenen Benediktiner-Klosters eine heilende Wirkung. Im Laufe der Jahrhunderte wächst das Bad zu einer international renommierten Kurstätte heran. Gebadet wird in Bad Pfäfers heute jedoch schon lange nicht mehr. Zwischen 1983 und 1995 wurde es umfassend renoviert. Es beheimatet heute ein beliebtes Restaurant und ist immer wieder Schauplatz diverser kultureller Veranstaltungen.

Das Museum Badgeschichte vermittelt einen Einblick in die wechselvolle Geschichte des Bades und des Badens von den Ursprüngen bis in die Gegenwart.

Das Museum Kloster Pfäfers zeigt die enge Verbindung zur Geschichte des Bades und stellt das Benediktiner-Kloster als geistliches und kulturelles Zentrum des Sarganserlandes dar, von der Gründung um 730 bis zur Aufhebung im Jahr 1838.

Die Paracelsus-Gedenkstätte zeigt das Leben und Wirken des Paracelsus, der als erster Badearzt im Alten Bad Pfäfers wirkte. Aber auch die neugotische Badkapelle und die restaurierte alte Küche sind einen Besuch wert.

Die grosszügig gestaltete Mediathek lädt zum Verweilen ein. Über verschiedene Medien wird die Geschichte des Alten Bad Pfäfers vermittelt.
Ein neuer Audiowalk lädt auf einen virtuellen Spaziergang zur Blütezeit des Bad Pfäfers um 1833 ein.;9.487643;46.9739994;Taminaschlucht;7310;Pfäfers;+41 81 302 71 61;office@altes-bad-pfaefers.ch;http://www.altes-bad-pfaefers.ch;[{'@type': 'ImageObject', 'contentUrl': 'https://ostpimtsoch.sos-ch-dk-2.exoscale-cdn.com/catalog/8/4/c/8/84c87679b0571dae01bbf9643ae8c2936e85780d_46cd3e6656194f4be93555ea5eda4faa.JPG'}];2026-07-29T20:51:30+02:00
7b4819e6-37ee-4d8b-848f-f73ee15ba1aa;Burgruine Gräpplang;Frei zugängliche Ruine hoch über dem Dorf Flums mit eindrucksvoller Aussicht aufs Sarganserland; ein bedeutendes Kulturgut, erschlossen durch ein modernes Treppensystem. Feuerstelle zum Grillieren. Eventraum für Anlässe.;<div>Die <strong>Burgruine Gr&auml;pplang</strong> thront hoch &uuml;ber Flums und bietet eine eindrucksvolle Aussicht auf das Sarganserland.</div><p>&nbsp;</p><p>Auf dem Burgh&uuml;gel steht die Ruine der im Mittelalter bekannt gewordenen Ritterburg, welche die Herren von Flums um 1220 auf der "crap long", dem "langen Felsen", errichteten. Nach mehreren Lehen-Besitzern f&auml;llt die Burg 1419 an Z&uuml;rich. 1440 wird sie durch Glarner und Schwyzer Truppen zerst&ouml;rt. Ludwig Tschudi kauft 1528 die Festung, die nach reger Baut&auml;tigkeit 1767 infolge finanzieller Probleme wieder ver&auml;ussert werden muss. Es folgen mehrere Besitzer, bis die Burg, verwahrlost, im Jahre 1804 zum Abbruch verkauft wird. 1923 erwirbt, renoviert und unterh&auml;lt die Gemeinde Flums die Ruine.</p><p>Dass nicht alle Burgherren gute Herren gewesen sind, zeigen die Legenden &bdquo;Schloss Gr&auml;pplang&ldquo; und &bdquo;Der b&ouml;se Burgherr&ldquo;. Beide berichten von einem Tyrannen, der seine Untertanen ausn&uuml;tzt. Betreten Sie die gut restaurierte Ruine und versetzen Sie sich in fr&uuml;here Zeiten. Die Mauern und eingezogenen Treppen vermitteln Ihnen ein gutes Bild der Burg. Geniessen Sie im oberen, grossen Raum die Aussicht. Hier finden Sie einen kraftvollen Ort, der sich von seiner Energiequalit&auml;t her als Kultplatz eignet. F&uuml;r die Bewohner der Burg ist der Platz sicherlich zu stark gewesen. Hat eventuell einer der b&ouml;sen Burgherren hier getafelt oder gar hier geschlafen, k&ouml;nnen wir uns seine Unausgeglichenheit, die sich zur Tyrannei entwickelt hat, gut vorstellen.</p><p>Bei der Feuerstelle im ehemaligen Burghof finden Sie nochmals einen Kraftplatz mit Kultplatzqualit&auml;ten. Die Intensit&auml;t seiner Energien ist bedeutend h&ouml;her als im Rest der Burg. Funde belegen, dass der Ort schon vor seiner Besiedelung, seit der Jungsteinzeit, von Menschen besucht worden ist.</p>;9.332059621810915;47.10285654399423;Gräpplangstrasse 32;8890;Flums;+41 79 555 49 64;ruinegraepplang@gmail.com;https://www.ruinegraepplang.ch/;[{'@type': 'ImageObject', 'contentUrl': 'https://ostpimtsoch.sos-ch-dk-2.exoscale-cdn.com/catalog/8/3/f/0/83f06c51f7d9ffef313929c78f1492e8665b2d32_162b3ee4d6d43b52905aa22fbdee7d7e.JPG', 'caption': {'de': 'Burgruine Gräpplang', 'en': 'Gräpplang Castle ruins'}}];2026-03-31T21:30:34+02:00
7c717663-8466-4b8c-8494-4b044269f6d1;Museum zu Allerheiligen Schaffhausen;Das Museum zu Allerheiligen ist eine der grossen Sehenswürdigkeiten von Schaffhausen. Mitten in der Schaffhauser Altstadt - im ehemaligen Benediktinerkloster Allerheiligen - nimmt das vielfältigste Universalmuseum der Schweiz seine Besucher mit auf eine Zeitreise in vergangene Lebenswelten.;<p>Einzigartige Exponate und interaktive Medienstationen erz&auml;hlen von Eiszeitj&auml;gern, der Bl&uuml;tezeit des Klosters und der wechselvollen Schaffhauser Stadt- und Industriegeschichte. Eine bedeutende Kunstsammlung zeigt Werke von der Renaissance bis in die Gegenwart. In der international beachteten Antikenkollektion Ebn&ouml;ther sind arch&auml;ologische Sch&auml;tze von Mesopotamien bis S&uuml;damerika zu sehen. Neben den Dauerausstellungen nehmen regelm&auml;ssig stattfindende Wechselausstellungen aktuelle Themen auf. Zur Gesamtanlage geh&ouml;ren auch das imposante M&uuml;nster, der idyllische Kr&auml;utergarten sowie der gr&ouml;sste frei zug&auml;ngliche Kreuzgang der Schweiz. Der Museumsbesuch geschieht immer in einer ganz besonderen Atmosph&auml;re.</p><p>&nbsp;</p><p><strong>Familien und Kinder </strong></p><p>Das Museum zu Allerheiligen ist ein spannendes Ausflugsziel f&uuml;r die ganze Familie. Zu den Highlights geh&ouml;ren die beliebten Taschenlampenf&uuml;hrungen und die regelm&auml;ssig stattfindenden Erlebnisnachmittage, die zum spielerischen Entdecken und selbst&auml;ndigen Experimentieren einladen. Einmal pro Jahr findet im und rund um das Museum ein grosser Familientag statt. F&uuml;r alle, die das Museum zu Allerheiligen mit der Familie gerne auf eigene Faust erkunden m&ouml;chten, gibt&rsquo;s im Museum R&auml;tsel- und Suchspiele, einen Kinderpodcast sowie ein Steinzeit-Jagdlager wo die Kleinen campieren und die gr&ouml;sseren Kinder sich mit einer Muschel einen Steinzeit-Halsschmuck basteln k&ouml;nnen.&nbsp;<a href="https://allerheiligen.ch/besuchen/angebote/#a34">Hier</a> geht es zum Familienangebot.</p>;8.635880971249236;47.69488545;Klosterstrasse 16;8200;Schaffhausen;+41 52 633 07 77;admin.allerheiligen@stsh.ch;http://www.allerheiligen.ch/;[{'@type': 'ImageObject', 'contentUrl': 'https://ostpimtsoch.sos-ch-dk-2.exoscale-cdn.com/catalog/7/c/5/6/7c5671b7e75ca89c0a94fec42e568337981c2d6b_841b3ed804d199a231392438d58af777.jpg'}];2026-01-23T19:17:58+01:00
7c8f4276-6a14-4c75-9cf5-54eac46c3e15;Kinderbaustelle Wattwil;Die Offene Kinderbaustelle Wattwil schafft im Zentrum von Wattwil einen Platz, auf dem Kinder frei nach ihren Ideen und Wünschen hoch und tief bauen dürfen.;Das Projekt Offene Kinderbaustelle Wattwil schafft im Zentrum von Wattwil einen Platz, auf dem Kinder hoch und tief bauen dürfen.

Auf der Kinderbaustelle in Wattwil werden die Kinder unterstützt und begleitet durch kompetente Betreuungspersonen. In dem dafür vorgesehenen Areal können sie mit unterschiedlichsten Baumaterialien frei nach ihren Ideen und Wünschen, ihrem Wissen und Können, bauen und gestalten. Dabei lernen Kinder im Freien sich handwerklich und kreativ zu betätigen, alleine oder gemeinsam, beziehen ihre Umwelt in ihr Handeln mit ein und fördern dabei ihre taktilen- sozialen- und motorischen Fähigkeiten. 

Willkommen sind alle Kinder bis zum 12. Lebensjahr. Das Angebot ist für alle Besucherinnen und Besucher gratis und neben den betreuten Öffnungszeiten steht die Kinderbaustelle allen Schulklassen aus der Unter- und Mittelstufe, den Kindertagestätten, der Heilpädagogischen Schule, allen Jugendvereinen aus Wattwil und der Region und weiteren Interessierten aus dem Bereich der Kinderbetreuung für allfällige Projekte und Anlässe zur Verfügung.;9.09904128761418;47.2892278;Churfirstenstrasse;9630;Wattwil;+41 71 987 55 99;jugendarbeit@wattwil.ch;http://www.kinderbaustelle-wattwil.ch;[{'@type': 'ImageObject', 'contentUrl': 'https://ostpimtsoch.sos-ch-dk-2.exoscale-cdn.com/catalog/0/b/f/4/0bf4ce9c744d00996f65ce691ee6d8b35a955aca_3e3b504e89efa74277920b51eeb41cec.JPG'}];2025-10-28T16:20:36+01:00
7e2f778d-e4eb-4e9e-a340-718136da25e3;kinder.musical.theater Storchen;Pippi Langstrumpf, Peter Pan oder Frau Holle – in diesem einmaligen Theater spielen Kinder für Kinder und Familien auf professionellem Niveau. Grosse und kleine Musicalfans kommen voll auf ihre Kosten.;Die kinder.musical.theater Storchen GmbH mietet und betreibt das ehemalige Kino Storchen als Kinder- &amp; Musical-Theater. Primär erfolgt die Auslastung des Kindertheaters durch Eigenproduktionen, sekundär durch Fremdproduktionen oder spezielle Events.

Die Verantwortlichen der KinderTheater Storchen GmbH verfügen über 25 Jahre Erfahrung in der professionellen Produktion von Kindertheater und Musicals. Dazu gehören Produktionen wie Pippi Langstrumpf, Pippi im Takatukaland, Pippi ausser Rand und Band, Dschungelbuch, Lion King, Jim Knopf, La cage aux folles, Peter Pan, Frau Holle, Prinzessin auf der Erbse, Cinderella und viele mehr.;9.3760763;47.4271362;Magnihalden 7;9000;St. Gallen;+41 76 585 09 27;kurt.wettstein@storchen.theater;http://www.storchen.theater;[{'@type': 'ImageObject', 'contentUrl': 'https://ostpimtsoch.sos-ch-dk-2.exoscale-cdn.com/catalog/c/3/6/0/c360172a5bf9b2a5a795718370c8b7348d7f1ad9_b3118d7db1fd7b8b9ca9fb732900363e.jpg'}];2026-06-16T20:40:45+02:00
7f173124-54a8-431a-9d0d-ce3669b4d095;Stadtgarten Stein am Rhein;Der schöne Stadtgarten in Stein am Rhein liegt direkt am Rheinufer. Hier kannst du gemütliche Stunden auf der grossen Wiese verbringen und geniessen. ;<p>F&uuml;r die Kinder hat es einen Spielplatz mit Sandkasten, Rutsche, Schaukel, Kletterger&auml;t, Wasserspiel, Felsh&ouml;hlen und Ritterburg.</p><p>Ebenfalls f&auml;hrt an gewissen Tagen die&nbsp;<a href="https://steinerliliputbahn.ch/" target="_blank" rel="noopener">Liliputbahn</a>, ein massst&auml;blicher Zug der R&auml;tischen Bahn, durch den Garten. Ein besonderes Erlebnis f&uuml;r Kinder und Erwachsene.</p>;8.855343280765833;47.6618946;Hemishoferstrasse;8260;Stein am Rhein;[{'@type': 'ImageObject', 'contentUrl': 'https://ostpimtsoch.sos-ch-dk-2.exoscale-cdn.com/catalog/1/1/1/8/1118abba7476e76f741d2fa2cd9e490b86921018_f246fb9f511e522913ec30329a034a12.png'}];2026-01-29T19:36:48+01:00
81b63521-c153-4a48-9a01-df2203cbe53a;Aussichtspunkt Rüti;Der Aussichtspunkt Rüti befindet sich oberhalb von Roggwil an traumhafter Lage. Ein Bänkli lädt ein, den Ausblick über den Bodensee und die Apfelhaine zu geniessen.;Oberhalb von Roggwil bei Watt befindet sich der Aussichtspunkt Rüti. Von hier aus haben Velofahrer und Spaziergänger einen fantastischen Ausblick auf die umliegende Region und den Bodensee. Und ein Bänkli lädt für eine gemütliche Verschnaufpause ein.

Der Aussichtspunkt Rüti ist Teil der Velo-Rallye Bodensee. Mehr zur Velo-Sammelchallenge unter www.st.gallen-bodensee.ch/velo-rallye.;9.376659393310549;47.49453108244489;Rüti;9306 ;Roggwil;[{'@type': 'ImageObject', 'contentUrl': 'https://ostpimtsoch.sos-ch-dk-2.exoscale-cdn.com/catalog/4/5/b/0/45b0114cc2f13d7aac64dc728d8bd05f7cf315f1_6a7fff146c5cf15f481c8f2784409dd2.jpg'}];2026-04-15T18:44:25+02:00
82633455-0386-4ea5-8c43-fe4f0924730b;Wohlfühlhof Neuhus;Ferien auf dem Wohlfühlhof Neuhus in Urnäsch AR
Idylle und Erholung auf 1'030 m.ü.M.
Geniesst eine Auszeit in unserer liebevoll eingerichteten 2,5-Zimmer-Familienwohnung, eingebettet in die Natur des Appenzellerlands. Unser Bauernhof bietet den perfekten Ort, um dem Alltag zu entfliehen, tief durchzuatmen und die Seele baumeln zu lassen.;Euer Rückzugsort in den Hügeln des Appenzeller Hinterlands

Unsere Ferienwohnung bietet:
- Eine grosszügige, helle 2,5-Zimmer-Wohnung mit Wohnküche, Schlafzimmer, Nebenraum und grossem Badezimmer
- Eine abgeschiedene Lage in einem idyllischen Hügel-Tälchen – Ruhe garantiert
- Viel Platz für Familien, die gemeinsame Momente geniessen und die Natur erleben möchten

Ruhe und Erleben – das Beste aus zwei Welten

Erlebt die Stille und Gelassenheit der Bergwelt, während Ihr das Leben auf einem Bauernhof hautnah miterlebt:
- Abschalten in der Natur: Kein Strassenlärm, nur Vogelgezwitscher und das leise Muhen der Kühe 😉
- Mitmachen im Stall: Wer Lust hat, kann jeweils abends beim Füttern und Versorgen der Tiere helfen
- Kinderträume wahr werden lassen: Platz zum Spielen, Entdecken und einfach Kind sein

Zeit für Euch – oder für Abenteuer
Ob Ihr einfach entspannen oder die Umgebung erkunden möchtet:
- Der Wanderweg startet direkt vor der Haustür
- Entdeckt die Ostschweiz mit der OSKAR-Gästekarte (bei uns erhältlich, mehr Infos: www.oskar-ferien.ch)

Jetzt buchen und abschalten

Alle freien Daten und weitere Infos findet Ihr auf unserer Website:
www.wohlfuehlhof-neuhus.ch

Wir freuen uns darauf, Euch bei uns willkommen zu heißen und Euch einen Ort der Ruhe und Erholung zu bieten!;9.32244122028351;47.33291497436471;Neuhus 510;9107 ;Urnäsch;+41 79 356 26 60;info@wohlfuehlhof-neuhus.ch;https://www.wohlfuehlhof-neuhus.ch/;[{'@type': 'ImageObject', 'contentUrl': 'https://ostpimtsoch.sos-ch-dk-2.exoscale-cdn.com/catalog/a/5/b/8/a5b8e1f3be41f25b50b86695470f06e7a838b4ea_f6122ae4ddb8359e826f59d9f1c1e4dd.jpg'}];2025-04-08T18:11:26+02:00
8404883d-a9e7-4902-9c27-fce6f8932c30;Kathedrale St.Gallen;Die barocke Kathedrale mit ihrer dominanten Doppelturm-Fassade ist das prachtvolle Wahrzeichen der Stadt St.Gallen. Zusammen mit dem Stiftsbezirk und der Stiftsbibliothek bildet sie ein einzigartiges historisches Ensemble.;<p>Die Kathedrale St.Gallen ist gleichzeitig Pfarrkirche der Dompfarrei und Bistumskirche des 1847 gegr&uuml;ndeten Bistums St.Gallen. Sie steht dort, wo 612 der irische Wanderm&ouml;nch Gallus eine Einsiedelei errichtete. Die Kathedrale und die barocke Klosteranlage wurden in der Mitte des 18. Jahrhunderts erbaut. 1805 hob der neu gegr&uuml;ndete Kanton St.Gallen das Kloster auf und &uuml;bertrug die Verwaltung der kirchlichen G&uuml;ter dem Katholischen Konfessionsteil. Die Kathedrale bildet mit dem Stiftsbezirk, insbesondere mit der Stiftsbibliothek und dem Stiftsarchiv, den Kern des Unesco-Weltkulturerbes.</p>;9.3766812;47.4232113;Klosterhof;9000;St. Gallen;+41 71 227 33 40;https://www.stiftsbezirk.ch/de/kathedrale-informationen;[{'@type': 'ImageObject', 'contentUrl': 'https://ostpimtsoch.sos-ch-dk-2.exoscale-cdn.com/catalog/a/2/8/d/a28dd588df1cbc05c30bb9ea62559b365ef14975_80b64ab83f22682a476658c02e7c271b.jpg'}];2026-06-16T20:10:27+02:00
85f83e1e-19a7-44b4-a95c-8f45e2d4f2a2;Märliwelt am Kronberg;Gross und Klein begleiten Arnika und Jacobi durch ihre Welt voller märchenhafter Abenteuer mit Wasser und Sand bis hin zu luftigen Kletterhöhen und Kugelbahn-Stationen. Staunende Kinderaugen sind garantiert.;9 Erlebnisstationen mit Rätsel und viel Wissenswertem über Pflanzen und Tiere wollen entdeckt werden. Eine Kletterkrone, eine Wasserwelt mit Floss, Wasserspielen und Feenteich laden ein zu neuen Abenteuern. Im Kugelpark wird eine Krafttier-Kugel auf die Reise durch die vier Elemente geschickt. Auf einem Riesen-Trampolin sind ungeahnte Höhenflüge zu erleben. 
 
Benötigte Zeit: 2-4 Stunden 
geeignet ab 2-12 Jahren 
Empfehlung: Badetuch einpacken;9.32816505432129;47.319021794663854;St. Josefstrasse 2;9108;Jakobsbad;0041 71 794 12 89;info@kronberg.ch;http://www.kronberg.ch/märliwelt;[{'@type': 'ImageObject', 'contentUrl': 'https://ostpimtsoch.sos-ch-dk-2.exoscale-cdn.com/catalog/3/9/d/b/39dbf6f4e125e3de61e44a571bf2b2f53a0cfd3a_102c7669f42d4c75fc2c5ca823acbd19.jpg'}];2026-04-07T18:14:21+02:00
862dedef-7833-4938-a971-8f8873328999;Naturmuseum Thurgau;Die Thurgauer Natur und ihre Bewohnenden auf einen Blick gibt’s im Naturmuseum Thurgau. Spannende Sonderausstellungen, interaktive Rundgänge und der Museumsgarten ergänzen das Erlebnis und machen aus dem Besuch eine Naturentdeckungsreise.;<p>Das Naturmuseum Thurgau befindet sich in der Altstadt von Frauenfeld. Es nimmt Besuchende mit auf eine Entdeckungsreise durch die Natur der Region. Auf drei Stockwerken sind über 1000 Pflanzen- und Tierpräparate vom Käfer bis zum mächtigen Bären ausgestellt. Ein naturgetreu nachgebauter Biberbau und die lebenden Ameisen begeistern genauso wie verschiedene interaktive «begreif»-Stationen, wie Streichelfelle oder Puzzles. Der Audiorundgang «Mit Monty im Museum» nimmt kleine und grosse Museumsgäste mit auf einen vergnüglichen Ausstellungsrundgang. Unter demselben Dach befindet sich zudem das Museum für Archäologie Thurgau. Im Sommer bietet der archäobotanische Museumsgarten mit verschiedenen Nutz- und Kulturpflanzen Natur zum Anfassen. Nach dem Rundgang lädt das Museumscafé zum Verweilen ein. Im Foyer bietet der Museums-Shop ein ausgewähltes Angebot an Büchern, Spielen, Ansichtskarten und Repliken. Museum und Garten sind hindernisfrei.</p>;8.8986052;47.5565939;Freiestrasse 24;8510;Frauenfeld;+41 58 345 74 00;naturmuseum@tg.ch;http://www.naturmuseum.tg.ch/;[{'@type': 'ImageObject', 'contentUrl': 'https://ostpimtsoch.sos-ch-dk-2.exoscale-cdn.com/catalog/6/0/f/7/60f7060ccf76592a612dcaa947b85bc8fcc49c14_954938af5f53563ed5b265cc58e9e84b.jpg'}];2025-04-28T21:23:39+02:00
8849fefb-8e3a-4043-b806-9b01d40e0b19;Visitor Centre;Das Visitor Centre inmitten der Schaffhauser Altstadt.;<p>Besuche uns im Visitor Centre mitten in der Schaffhauser Altstadt. Bei uns wirst du kompetent beraten und erh&auml;ltst Tipps f&uuml;r deinen Ausflug im Schaffhauserland. Ausgew&auml;hlte Brosch&uuml;ren und Wanderkarten findest du an unserer Prospektwand. Du m&ouml;chtest dich lieber selbst Informieren? Kein Problem, mit unserem Infoscreen kannst du durch unserer Webseite surfen. Auch ein passendes Mitbringsel f&uuml;r die Lieben zu Hause oder als Andenken f&uuml;r dich selbst findest du in unserem kleinen Regio-Shop. Ebenfalls befindet sich das Vinorama des Schaffhauser Blauburgunderlandes bei uns im Besucherzentrum. Degustiere bis zu acht Weine und w&auml;hle aus 30 verschiedenen Weinen den passenden f&uuml;r zu Hause aus.</p>;8.6342689;47.6963232;Vordergasse 73;8200;Schaffhausen;+41 52 632 40 20;info@schaffhauserland.ch;https://schaffhauserland.ch/de/;[{'@type': 'ImageObject', 'contentUrl': 'https://ostpimtsoch.sos-ch-dk-2.exoscale-cdn.com/catalog/c/0/a/1/c0a199c0a4c0df86db281b96b1c3440abef7fd63_bcbff977702ce3664ae2e35d57539495.jpg'}];2026-02-28T16:30:24+01:00
89957d43-4ab2-486c-9fa1-a3c8fae30676;Aussichtspunkt Rehetobel;Vom Aussichtspunkt Rehetobel geniessen Velofahrer und Spaziergänger einen fantastischen Ausblick auf St.Galler und Appenzeller Berg- und Waldgebiete.;Velofahrer aufgepasst: auf dem Veloweg in Rehetobel erwartet einen eine rasante Abfahrt mit traumhaften Ausblicken. Die Lobenschwendistrasse hinab tut sich die Aussicht auf St.Galler und Appenzeller Berg- und Waldgebiete auf. Ein Bänkli lädt ein, die Momente während einer Verschnaufpause zu geniesse.

Der Aussichtspunkt Rehetobel ist Teil der Velo-Rallye Bodensee. Mehr zur Velo-Sammelchallenge unter www.st.gallen-bodensee.ch/velo-rallye.;9.464936256408693;47.42317882549432;Lobenschwendistrasse;9038 ;Rehetobel;[{'@type': 'ImageObject', 'contentUrl': 'https://ostpimtsoch.sos-ch-dk-2.exoscale-cdn.com/catalog/3/c/b/3/3cb32fe273f2f7db70317629fb4adcef15d33cda_32da1f7cdf42fabbc5b93a801fccf893.jpg'}];2026-04-15T18:44:25+02:00
8b2c1425-db3a-41f7-8f57-081ebb03e5ff;Ortsmuseum Walenstadt;Das Ortsmuseum Walenstadt widmet sich der Geschichte der Stadt. Es zeigt Urkunden, Bilder bedeutender Persönlichkeiten und Exponate wie die Originalmasken der Gemeinderölli. Der Verkehrsweg Sarganserland-Walensee und die Wasserkraftnutzung Widenbach werden anschaulich dargestellt.;Das Ortsmuseum widmet sich der Geschichte von Walenstadt. Neben Urkunden der Stadt werden Bilder bedeutender Persönlichkeiten präsentiert. Der Verkehrsweg Sarganserland-Walensee und die Wasserkraftnutzung Widenbach werden anschaulich dargestellt. Spezielle Exponate sind die Originalmasken der Gemeinderölli von Walenstadt und die Holzmasken von Berschis.

Öffnungszeiten: 1. Samstag jeden Monats: Von 10.00 - 11. 00 Uhr. Um 10.00 Uhr Führung durch das Ortsmuseum, bei Interessen mit Stadtrundgang.
Anmeldungen für Führungen ausserhalb dieses Termins sind per Mail möglich.;9.3148602;47.1242197;Rathausplatz 1;8880;Walenstadt;+41 00 000 00 00;ortsbuerger.walenstadt@bluewin.ch;https://www.ortsgemeinde-walenstadt.ch/oeffentlichkeit/ortsmuseum/;[{'@type': 'ImageObject', 'contentUrl': 'https://ostpimtsoch.sos-ch-dk-2.exoscale-cdn.com/catalog/0/1/1/e/011ed70ef41c5cb3a29f050838d6ec1bf52fc3c9_be4dd1d6c15304c50a3e0c3faf99f6bf.jpg'}];2026-09-05T16:30:18+02:00
8d942e32-50a0-4956-b517-02d47599afc0;Burganlage Neu-Aspermont;Die Burganlage Neu-Aspermont in Jenins stammt aus dem 13. Jahrhundert und ist ganzjährig zugänglich. Sie wurde nach dem Schwabenkrieg 1499 wieder aufgebaut und bietet eine Wendeltreppe im Turm.;Die Burg Neu-Aspermont stammt aus dem 13. Jahrhundert. In den Urkunden wird im Jahr 1120 ein Ritter Aspermont, Vice-Domenicus des Bischofs von Chur, erwähnt. Die Burg blieb über Generationen in dessen Familie. Die Grafen von Aspermont hatten auch bei Thorenbüren, dem heutigen Dornbirn, verschiedene Besitztümer. Ulrich XI übersiedelte 1376 auf einen Sitz innerhalb der dortigen Ländereien und nahm den Namen Rauenberg an, was so viel wie Aspermont bedeuten könnte. 

Während des so genannten Schwabenkriegs 1499 wurde Neu-Aspermont zerstört. Adelsmann Dietpold von Schlandersberg liess die Burg wieder aufbauen und den Turm um zwei Geschosse aufstocken. Um 1538 übernahm zwischenzeitlich der Grüscher Peter von Finer, seines Zeichens Landvogt zu Castels, die Burg. Der legendäre Ritter von Molina war im Jahr 1630 einer der letzten Bewohner von Neu-Aspermont. 

1863 konnte Hauptmann Ernst Rhomberg aus Dornbirn die Burg von drei Jeninser Bürgern erwerben. Von 1999-2025 wurden durch den Verein und die Stiftung Burg Neu-Aspermont umfassende Konservierungsarbeiten durchgeführt. 2014 gelangte die Burg in den Besitz des Vereins und 2017 wurde sie der Stiftung Burg Neu-Aspermont übertragen. Die Burg ist öffentlich zugänglich mit einer Wendeltreppe im Innern des Turms.;9.5652261;47.0032475;Alpweg;7307;Jenins;+79 681 29 30;info@neu-aspermont.ch;https://www.neu-aspermont.ch/;[{'@type': 'ImageObject', 'contentUrl': 'https://ostpimtsoch.sos-ch-dk-2.exoscale-cdn.com/catalog/9/2/5/0/92500e8482f6f08ceb7a52fb289012c30f9b3525_2b35ae9d684ac19ea55267add9de48b8.jpg'}];2026-06-24T20:59:49+02:00
8e6741fa-952d-42e8-96bf-139281ef6fc1;Ortsmuseum Flawil;Das Wohnhaus eines ehemaligen Webereibesitzers ist heute Wohn- und ortsgeschichtliches Museum der einst stark textilwirtschaftlich geprägten Untertoggenburger Gemeinde.;Die Villa «Lindengut» des einstigen Textilindustriellen Huldreich Ottiker ist seit 1989 Wohn- und ortsgeschichtliches Museum zugleich. Mit dem umgebenden Park mit Wasserbecken und Tuffsteingrotte ist sie Zeugin der textilen Vergangenheit von Flawil. 
Während mehr als 200 Jahren transportierten Flawiler Fuhrleute Waren für Ostschweizer Textilherren innerhalb der Schweiz, nach Frankfurt am Main, nach Lyon, ja bis nach Marseille und darüber hinaus. Mit dem Bau der Eisenbahn verloren sie ihre Erwerbsgrundlage. Es entstanden Textilbetriebe wie Webereien, Bleicherei, Färberei, Stickereifabriken, und Stickerhäuser prägten während Jahrzehnten Dorfbild und Erwerbsleben in der Untertoggenburger Gemeinde Flawil. 

Das Museum verfügt über einen beachtlichen Bestand an historischem Filmmaterial, z.B. den ältesten Film des Kantons St.Gallen aus der Zeit um 1905.;9.1927776;47.412636;Sankt Gallerstrasse 81;9230;Flawil;+41793488661;info@ortsmuseumflawil.ch;http://www.ortsmuseumflawil.ch/;[{'@type': 'ImageObject', 'contentUrl': 'https://ostpimtsoch.sos-ch-dk-2.exoscale-cdn.com/catalog/a/9/9/f/a99f97f8370ffc1bbbc34091d4dd7694e3202ff1_f7adbcda1b5af5593e61526f1a3b308d.jpg'}];2026-06-16T20:35:33+02:00
8e8c4eb6-2efe-40fe-8e08-fb76c80afb14;Stiftsbezirk St.Gallen;Zeitlos, einzigartig, inspirierend.;<p>Der Grundstein der Abtei legte 612 der irische Wanderm&ouml;nch Gallus. 719 wurde die F&uuml;rstabtei St.Gallen gegr&uuml;ndet und 1805 aufgehoben. In dieser &uuml;ber 1000-j&auml;hrigen Geschichte z&auml;hlte das Kloster mit dem Stiftsbezirk zum geistigen Zentrum Europas und wurde 1983 in die Liste des UNESCO-Weltkulturerbes aufgenommen. Noch heute ist der Stiftsbezirk ein geschichtstr&auml;chtiger Ort, der nebst einer der sch&ouml;nsten barocken Bibliotheken der Welt auch den &auml;ltesten Klosterplan seiner Art der &Ouml;ffentlichkeit zug&auml;nglich macht. Attraktive Ausstellungen in der Stiftsbibliothek, im Gew&ouml;lbekeller und im Ausstellungssaal pr&auml;sentieren den einzigartigen Schatz an Handschriften, Urkunden und Drucken. &Ouml;ffentliche und private F&uuml;hrungen durch Fachpersonen vermitteln die Geschichte auf einer pers&ouml;nlichen Ebene. Und f&uuml;r Familien erm&ouml;glicht der R&auml;tselspass einen spielerischen Zugang in die Welt des Klosters.</p>;9.37864;47.42329;Klosterhof;9000;St.Gallen;+41 71 227 34 16;stibi@stibi.ch;https://www.stiftsbezirk.ch/de/veranstaltungen;[{'@type': 'ImageObject', 'contentUrl': 'https://ostpimtsoch.sos-ch-dk-2.exoscale-cdn.com/catalog/5/2/6/5/526582354b84e36e2681dbb1b6e285a8fba2caa2_379fb45b771bfffb96d8ea0fdd80c417.jpg'}];2026-06-16T20:35:33+02:00
901a4bb7-45a5-474e-a0b7-df91ee91610e;Maz Diepoldsau;Der beliebte und regional bekannte Bade- und Erholungsplatz am Alten Rhein;Hier kommt Ferienstimmung auf: Zwei Feuerstellen laden zum Grillieren ein und Steinblöcke dienen hier als Tisch und Bank. An einem schönen Sommertag ist der Sprung ins kühle Nass ein Muss. Es gibt unzählige weitere gemütliche Sitzmöglichkeiten am Wasser.  ;9.673333168029787;47.388851558583;Alpstrasse;9444;Diepoldsau;info@rheintal.com;https://www.agglomeration-rheintal.org/;[{'@type': 'ImageObject', 'contentUrl': 'https://ostpimtsoch.sos-ch-dk-2.exoscale-cdn.com/catalog/f/a/8/a/fa8a080c0cfe67285f6f02e4c8d555db21c6d729_e359354393fc568e4a39a1f130a10f86.jpg'}];2026-06-16T20:10:27+02:00
90fb2247-91e2-4b53-a997-086b7051e5e9;Rock- und Pop-Museum;Das einzigartige Rock- und Pop-Museum. Erlebe eine Zeitreise durch die Geschichte der populären Musik des 20. Jahrhunderts.;<p><span style="font-size: 12.0pt; line-height: 107%; font-family: 'Calibri',sans-serif; mso-ascii-theme-font: minor-latin; mso-fareast-font-family: 'Times New Roman'; mso-hansi-theme-font: minor-latin; mso-bidi-theme-font: minor-latin; mso-ansi-language: DE-CH; mso-fareast-language: DE-CH; mso-bidi-language: AR-SA;">Erlebe die Entwicklung der popul&auml;ren Musik von den Anf&auml;ngen des 20. Jahrhunderts bis in die 2000-er-Jahre. Begegne W.C. Handy, dem &laquo;Father of the Blues&raquo;, den vier grossen britischen Band und vielen anderen Stars. Sieh viele Auszeichnungen (Gold- und Platinscheiben), Memorabilien, Fotos und Autogrammen sowie Film- und Audiodateien. Die Guides erz&auml;hlen bei einer gef&uuml;hrten Zeitreise Storys zu Musikgeschichte, K&uuml;nstlern und Bands oder einzelnen Songs. Erlebe Musikgeschichte in Wort, Bild und Ton.<br><br><br></span></p>;9.2356921;47.473747;Sornpark 9;9246;Niederbüren;info@rockpopmuseum.ch;http://www.rockpopmuseum.ch/;[{'@type': 'ImageObject', 'contentUrl': 'https://ostpimtsoch.sos-ch-dk-2.exoscale-cdn.com/catalog/9/e/9/2/9e92d0851c46ec345f0d9c4c191de424f053fbb8_cc5732257d89aab475ad1ab6de63e418.JPG'}];2026-06-16T20:35:33+02:00
919a0252-e361-48fe-938f-debf8d0c2dea;Wohnmobilstellplatz Rüdlingen;Herzlich Willkommen auf dem Wohnmobilstellplatz der Gemeinde Rüdlingen und des Begegnungszentrums Rüdlingen. Hoch über dem Rhein, in der Nähe der Thurauen erwarten Sie 5 Stellplätze. Strom, Frischwasser sowie Duschen & WC stehen zur Verfügung. ;<p><span class="NormalTextRun SCXW242644495 BCX9">Die Stellpl&auml;tze stehen jeweils vom 1. M&auml;rz bis 31. Oktober zur Verf&uuml;gung.&nbsp;</span><span class="NormalTextRun SCXW242644495 BCX9">Die 5 Stellpl&auml;tze befinden sich auf dem oberen Parkplatz, gegen&uuml;ber dem&nbsp;</span><span class="NormalTextRun SpellingErrorV2Themed SCXW242644495 BCX9">Haupthaus</span><span class="NormalTextRun SCXW242644495 BCX9"> (markierte Fl&auml;chen). Sie sind f&uuml;r Kurzaufenthalte (bis 3 Tage/N&auml;chte) gedacht. Die vorhandene Infrastruktur erm&ouml;glicht einen bequemen </span><span class="NormalTextRun SpellingErrorV2Themed SCXW242644495 BCX9">Retablierungs</span><span class="NormalTextRun SCXW242644495 BCX9">-Aufenthalt.</span></p>;8.568331375475701;47.5882615;Alte Nackerstrasse 2;8455;Rüdlingen;+41 44 867 09 02;info@begegnungszentrum.ch;https://begegnungszentrum.ch/;[{'@type': 'ImageObject', 'contentUrl': 'https://ostpimtsoch.sos-ch-dk-2.exoscale-cdn.com/catalog/5/4/7/b/547ba540f5606623ce1fa9d962cb102840d1aed3_52776f5b3e3e0f48815a01a539c9812e.jpg'}];2026-01-05T19:31:20+01:00
91cfbc87-7fcb-4d0e-acb0-f8c965e3b0cc;Markthalle Altenrhein - Hundertwasser Architektur;Mit der Markthalle Altenrhein wollte Friedensreich Hundertwasser einen Kontrast schaffen zur geraden, farblosen Welt. Ein Paradies, bei dem der Kreativität keine Grenzen gesetzt sind. Eine Quelle der Inspiration, in der man gerne länger bleibt.;<p>Vergoldete Zwiebelt&uuml;rme, leuchtende Farben, geschwungene Linien, ungleiche Fenster, unebene B&ouml;den, bunte Keramiks&auml;ulen, schattige Wandelg&auml;nge. Ein M&auml;rchenschloss mitten im Industriegebiet. Ausflugsziel, Museum, Galerie, Shop und Eventlokal unter einem Dach, auf dem vier leuchtende Goldkuppeln thronen. Die Markthalle Altenrhein ist ein Architekturprojekt nach Idee und Konzept des &ouml;sterreichischen K&uuml;nstlers Friedensreich Hundertwasser. Das Einzige, das in der ganzen Schweiz gebaut wurde. Sie liegt in unmittelbarer N&auml;he zum Bodensee, der Stadt St. Gallen, dem Appenzellerland und direkt am internationalen Bodensee-Radweg.</p>
<p><span style="font-size: 12.0pt; font-family: 'Aptos',sans-serif; mso-fareast-font-family: Aptos; mso-fareast-theme-font: minor-latin; mso-bidi-font-family: Aptos; mso-ansi-language: DE-CH; mso-fareast-language: DE-CH; mso-bidi-language: AR-SA;">Die ganze Halle und das Bistro sind rollstuhlg&auml;ngig.</span></p>;9.54854;47.48515;Knotternstrasse 2;9422;Staad;+41 79 506 47 35;info@markthalle-altenrhein.ch;http://www.markthalle-altenrhein.ch;[{'@type': 'ImageObject', 'contentUrl': 'https://ostpimtsoch.sos-ch-dk-2.exoscale-cdn.com/catalog/8/8/6/0/886024d7e37e3665e7f000dd72e6975e208d09fa_c9714935fd0e6f8af2f1a36b77e13574.jpg'}];2026-06-16T20:35:33+02:00
91e15434-f6ae-412b-ae5f-926ddb158e17;Historama, Schloss Laufen am Rheinfall;Ausstellung über das Schloss und den Rheinfall.;<p>Das Schloss Laufen und der Rheinfall haben eine lange gemeinsame Geschichte. Besuchen Sie die Schlossausstellung: In elf Zimmern – verteilt auf zwei Etagen – erwartet Sie eine faszinierende Reise in Bild und Ton durch Romantik, Belle Epoque und Gegenwart. </p>;8.615051507935123;47.676777006827166;Schloss Areal - Schlosshof;8447;Dachsen;+41 52 659 67 67;info@schlosslaufen.ch;http://www.schlosslaufen.ch;[{'@type': 'ImageObject', 'contentUrl': 'https://ostpimtsoch.sos-ch-dk-2.exoscale-cdn.com/catalog/a/3/d/2/a3d2411db8c62912857fa98ce95e6fd483691432_5aa90c6ebd30cb96fdbcc8fffbd319cf.jpg'}];2026-02-09T19:41:35+01:00
93587f7d-a796-4a98-a0fd-77fdd1d6529a;Strohhotel Bodensee;Ob Heu oder Stroh, kuschlig ist's alleweil. Das Strohhotel in Frasnacht ist das familiäre Übernachtungsangebot mit viel Charme direkt am Bodensee. Das Strohlager scheint zu abenteuerlich? In den einfach eingerichteten Zimmern finden Gäste bestimmt Erholung vom turbulenten Alltag.;<p>Der Bauernhof liegt in ländlicher Umgebung direkt am Bodenseeradweg (Route 2) mit 100 Meter Seeentfernung. Der Seezugang ist in unmittelbarer Nähe und ideal für eine kleine Abkühlung an heissen Sommertagen oder auch als Ein- und Ausstiegsplatz für Kanu, Kajak und SUP. Am See gibt es eine Grillmöglichkeit.<br><br>Ob im Stroh, in einem Familienzimmer, in einem Doppelzimmer oder in der Ferienwohnung, Familien und Individualgäste fühlen sich im Strohhotel am Bodensee einfach wohl.<br><br>Auf dem Hof gibt es Milchkühe, Kälber, Hühner und Kaninchen.</p>;9.4084453;47.5301154;Kratzern 39;9320;Frasnacht;+41 76 307 54 55;strohhotel@bluewin.ch;http://www.strohhotelbodensee.ch;[{'@type': 'ImageObject', 'contentUrl': 'https://ostpimtsoch.sos-ch-dk-2.exoscale-cdn.com/catalog/6/7/5/a/675af782919222f8e9998d933ba70a04c02c867e_de27eff702cb0d6526f16f5117a7a184.jpg'}];2026-06-16T22:14:20+02:00
93a29617-bffc-4a9d-b717-81021556d02d;Feierlenhof;Der Feierlenhof Altnau liegt hoch erhoben über dem Bodensee inmitten von grüner Landidylle. Auf dem aktiven Obstbaubetrieb geniessen Gäste die malerische Sicht auf den See und Feines aus dem Hofladen. Der Feierlenhof ist der optimale Ort für Ferien auf dem Bauernhof oder für Feste umgeben von Apfelhainen.;<p>Am oberen Dorfrand des Apfeldorfes Altnau liegt der Feierlenhof in einer wunderbaren Wander- und Veloregion inmitten von Obsthainen und mit Sicht auf den Bodensee. Der Altnauer Apfelweg erzählt über das rotbackige Früchtchen und der Feierlenhof lädt zur Pause ein! Im Hofladen bedienen sich die Gäste mit Kaffee und Kuchen, erfrischenden Getränken oder machen sich ein Plättli aus Schüblig und regionalem Käse. Auch Firmenanlässe, Familienfeste und Hochzeiten werden hier gefeiert. Essen draussen unter Kirschbäumen oder in der Scheune sind möglich. Alles was aufgetischt wird, kommt direkt mit viel Liebe vom Hof oder aus der Region. Urchiges Rahmenprogramm wie Most pressen, Hufeisen werfen oder Butter schütteln runden das Programm ab. Für Ferien auf dem Hof stehen verschiedene Wohnungen zur Verfügung und für Kinder ist es ein wahres Paradies. Die vielen Tiere warten auf Streicheleinheiten, Trottis, Gokarts oder Traktore auf Wettrennen. Spielplätze laden zum Schaukeln und Rutschen ein.</p>;9.259662342395993;47.6028835;Bleihofstrasse 25;8595;Altnau;+41 71 695 23 72;info@feierlenhof.ch;http://feierlenhof.ch/;[{'@type': 'ImageObject', 'contentUrl': 'https://ostpimtsoch.sos-ch-dk-2.exoscale-cdn.com/catalog/2/0/4/5/204555b6b08758c60383ff93e99cb999b314635e_2e8aaa3b821c434fbf5a35af6536f757.jpg'}];2025-07-24T21:18:31+02:00
93a752a7-be03-4759-b421-89aee9d61044;Rosengarten Munot;Der Rosengarten liegt direkt neben dem Munot. Der Garten umfasst einw Fläche von rund 2000 Quadratmetern und circa 170 Rosenarten.;<p>Er beinhaltet die wichtigsten Rosensorten aller vorkommenden Gruppen. Bereits Ende der 40er Jahre bestanden Pl&auml;ne im hinteren Teil der Munotpromenade einen Rosengarten anzulegen. 1976 nahm die Stadtg&auml;rtnerei die Idee wieder auf und in den darauffolgenden Jahren wurde das Projekt umgesetzt.</p>;8.63925707398979;47.69739945;Munotstrasse;8200;Schaffhausen;[{'@type': 'ImageObject', 'contentUrl': 'https://ostpimtsoch.sos-ch-dk-2.exoscale-cdn.com/catalog/4/6/7/f/467ffde10c8197f78fcde596b1c27d345e78499a_c4934bda22982375263d5f4ec2c11f48.jpg'}];2026-01-09T19:33:57+01:00
93c8493a-cc45-4a7e-8c43-b4257a974341;Schleitheimer Randenturm;Der Randenturm oberhalb von Schleitheim bietet eine schöne Aussicht über die Region bis hin zum Schwarzwald. Er ist ein beliebtes Ausflugsziel für Wandernde und Naturfreunde.;Der 1872 ursprünglich hölzener, 40 Fuss hoher Turm fiel 1894 zusammen und wurde 1909 in den Ruinen der Schleitheimer Randenburg durch einen eisernen Turm ersetzt. Heute 896 m ü. M.

Im Zweiten Weltkriegs diente der Turm der Schweizer Armee als Beobachtungsposten der Fliegerabwehrtruppen.;8.5387729;47.7513942;8228;Schleitheim;[{'@type': 'ImageObject', 'contentUrl': 'https://ostpimtsoch.sos-ch-dk-2.exoscale-cdn.com/catalog/5/5/5/0/555081d9b684b647426684a91d5d1b00cdc7f7a3_f0900e23f1061e35c9892a73646203cc.jpg'}];2026-01-08T19:40:20+01:00
954545b6-0669-48d6-a4c1-6e782eaa4b64;Kirche Buchberg und Rüdlingen;Erst seit 1850 steht die Kirche von Rüdlingen und Buchberg an ihrem ausgesucht schönen Ort zwischen den beiden Dörfern mit einer einmaligen Aussicht auf den Rhein und das Flaachtal. ;<p>Bereits 1130 wird ein Kirchlein in R&uuml;dlingen erw&auml;hnt, das St. Margarethen-Kirchlein. Im Laufe des 13. Jahrhunderts wurde es vermutlich durch eine Feuersrunst zerst&ouml;rt und danach nicht wieder aufgebaut. Urkundlich erw&auml;hnt ist auch die St. Jakobskirche oberhalb des Pfarrhauses auf dem heutigen Friedhofsgebeit. Sie geh&ouml;rte urspr&uuml;nglich der Pfarrei Lottstetten. In den ersten Jahren der Reformationszeit schlossen sich Buchberg und R&uuml;dlingen (damals waren sie noch eine einzige Gemeinde) ebenso wie der ganze Kanton Schaffhausen der reformierten Glaubensrichtung an. Trotz mehrerer Renovationen im 17. und 18. Jahrhundert wurde die St. Jakobskirche immer bauf&auml;lliger. Die beiden Gemeinden beschlossen schliesslich, das alte Kirchlein abzubrechen und am heutigen Standort neu zu errichten.</p>;8.566916129182228;47.575041549999995;Dorfstrasse 2;8454;Buchberg;[{'@type': 'ImageObject', 'contentUrl': 'https://ostpimtsoch.sos-ch-dk-2.exoscale-cdn.com/catalog/5/7/e/c/57ec148a719ffe3c19d47df2831088f3916d3351_6a0e54a44eae082918b3ed01da8f6404.jpg'}];2026-01-09T19:27:12+01:00
97aca84c-fb9f-4ff8-bde4-8374f5578c7e;Wäbchäller von Helen Niederer;Handweberin und Gastgeberin;Im Wäbchäller des bald 300 Jahre alten Hauses Oberdorf 9, mitten in Bühler, stehen seit 25 Jahren zwei Handwebstühle. Im 18. und im 19. Jahrhundert wurde in diesem Haus gewoben, wie in 236 anderen Häusern in Bühler. Heute fliegt das Weberschiffli wieder fleissig hin und her und es «chlepft» wie früher. Es entstehen Textilien wie Handtücher, Tischwäsche und Einkaufstasche mit verschiedenen Mustern und Farben aus natürlichem Material. 

Im gemütlichen Haus mit viel Charme stehen zudem zwei Doppelzimmer, lauschige Plätzchen im Garten und ein Aufenthaltsraum mit TV für Gäste zur Verfügung. Das BnB steht mitten im Appenzellerland und ist Ausgangspunkt für Touren in den Alpstein oder für Ausflüge an den Bodensee und in die Textilstadt St. Gallen.;9.426107369486177;47.37377327880496;Oberdorf 9;9055;Bühler AR;+41 71 793 15 91;h.niederer@bluewin.ch;https://www.waebchaeller.ch/angebot/;[{'@type': 'ImageObject', 'contentUrl': 'https://ostpimtsoch.sos-ch-dk-2.exoscale-cdn.com/catalog/b/f/d/c/bfdc6b4065f37cd9f9c0ebe56d97f53b0034ffe9_f3b408f9065dd326346801b926a12d8e.JPG'}];2026-06-16T20:35:33+02:00
9e1845ab-c21b-4283-806e-b388cdc5cf18;Kirche «uf Burg» und Römerkastell;Unbemerkt von vielen Besuchern des mittelalterlichen Städtchens Stein am Rhein, verbirgt sich am anderen Rheinufer mit der Kirche «uf Burg» ein kleines Juwel: Die älteste Gottesdienststätte des Kantons Schaffhausen. ;<p>Die Kirche hat eine turbulente und komplizierte Geschichte hinter sich, sowohl in rechtlicher als auch in baulicher Hinsicht. Sie steht inmitten des r&ouml;mischen Kastells Tasgetium, das im 3. Jahrhunder errichtet wurde.</p><p>Das Kastell wurde kurz vor 300 n. Chr. nach den Alemanneneinf&auml;llen errichtet. Reste der Mauern zeugen noch heute davon, und die heutige Kirche steht im Zentrum des Kastells. Ausgrabungen haben gezeigt, dass im ehemaligen sp&auml;tr&ouml;mischen Kastell Tasgetium &uuml;ber 1.400 Jahre lang christliche Gottesdienste abgehalten wurden.</p><p>Heute wird der Besucher vor allem durch die in sakraler W&uuml;rde erstrahlenden Wandmalereien im Chor belohnt. Sie stammen aus der Zeit kurz vor 1420 und stellen in 30 Gem&auml;lden, die in drei Zyklen unterteilt sind, Szenen aus der christlichen Heilsgeschichte dar.</p>;8.858664145505362;47.656604;Burg 3;8260;Stein am Rhein;[{'@type': 'ImageObject', 'contentUrl': 'https://ostpimtsoch.sos-ch-dk-2.exoscale-cdn.com/catalog/1/5/c/1/15c1bb74811e7630d4fbb5a5965142d90d52480e_c8ab27678b3ecf91f04b390c4abddbd0.jpg'}];2025-10-28T18:58:21+01:00
9f3edcce-43db-425a-b437-eb612a443e1a;Ortsmuseum Hallau;Ausstellungen zur Dorfgeschichte, Landwirtschaft, Handwerk und mehr.;Das Ortsmuseum Hallau ist der richtige Ort für historisch interessierte Besucher. Unsere Ausstellung «Hallau. Eigensinnig. Innovativ. Wehrhaft.» beleuchtet die Entwicklung der Region von der Entstehung der Landschaft bis in die Gegenwart.
Daneben beinhaltete das Museum unter anderem eine grosse Waffensammlung mit dem Genferstutzen als Prunkstück, Uniformen und Trachten aus der Region Hallau, Werkzeuge und Gebrauchsgegenstände der Handwerker und des Gewerbes, Dokumente und Bilder aus Hallau, eine Feuerwehrausstellung sowie das Wasser- und Elektrizitätswerk Hallau (WEH).

Zudem finden Sie bei uns die Zeilensetz- und Giessmaschine «Lino», welche immer noch in Betrieb ist.;8.4621471;47.6985696;Hohwehri 6;8215;Hallau;+41 79 520 45 55;kontakt@ortsmuseum-hallau.ch;http://www.ortsmuseum-hallau.ch/;[{'@type': 'ImageObject', 'contentUrl': 'https://ostpimtsoch.sos-ch-dk-2.exoscale-cdn.com/catalog/0/9/3/0/093086f3aaf772b26c86f14291506dfd47315101_dbfe5b1a78ec73362cd0b4b5d7b8fb7c.jpg'}];2025-02-17T12:51:25+01:00
a2ce8640-b677-447c-b638-a7ffb298e87f;Aussichtsplattform Pizalun;Die Aussichtsplattform Pizalun auf dem St. Margrethenberg bietet eine beeindruckende Rundumsicht auf die Berge von St. Gallen und Graubünden. Sie ist in weniger als einer Stunde von der Talstation des Skilifts Tristeli erreichbar.;Die Aussichtsplattform Pizalun auf der Hochebene St. Margrethenberg bietet eine Rundumsicht auf die umliegende St. Galler und Bündner Bergwelt. Dank den Panoramatafeln kann man die vielen Berge rundherum ganz einfach benennen. Zu Füssen liegt einem die Bündner Herrschaft und das Sarganserland. Und der Blick entlang dem Rhein führt bei guter Sicht bis zum Bodensee. 

Die Aussichtsplattform ist ab der Talstation des Skilifts Tristeli in einer knappen Stunde erreichbar. Auf einem leicht ansteigenden Wanderweg geht es durch Wälder und über blumenreiche Wiesen dem Gipfel Pizalun entgegen. Ganz nach oben zur Aussichtsplattform Pizalun führt eine steile aber gut ausgebaute Treppe. Vom Pizalun runter Richtung Fürggli führt ein gemütlicher Wanderweg an der Bergwirtschaft Jägeri vorbei. Wieder auf der Hochebene geht es auf der selten befahrenen Strasse zurück zum Ausgangspunkt.;9.5203328;46.9711004;7313;St. Margrethenberg;+41 81 300 40 20;badragaz@heidiland.com;https://heidiland.com/de/service/tourist-office.html;[{'@type': 'ImageObject', 'contentUrl': 'https://ostpimtsoch.sos-ch-dk-2.exoscale-cdn.com/catalog/6/0/1/c/601c328c5ddd2904659a149881bbf6caaab0c3ed_b32a1ef7aeb7adb6108abd7f7bb84987.JPG'}];2026-04-01T21:48:09+02:00
a2d16596-eb0e-477e-8391-799937c62528;Kirche St. Johann;Die Gründung der ehemaligen Leut- und Pfarrkirche reicht in die Zeit um das Jahr 1000 zurück. Ihre Gesamtbreite von 34 Metern wird in der Schweiz nur von den Münstern zu Basel und Bern übertroffen.;<p>Die barocke Stuckdecke im Hauptschiff schuf Johann Jakob Sch&auml;rer 1733. Das Kreuztragungsfresko an der Westwand neben der Orgel entstand um 1500 und zeigt im Hintergrund die &auml;lteste bekannte (Teil-) Ansicht Schaffhausens. 1990 erfolgte die Einweihung der neu renovierten Kirche St. Johann; sie wird auch als Konzertkirche genutzt und ist Auff&uuml;hrungsort der Bachfachfeste.</p>;8.636059927401881;47.696454349999996;8200;Schaffhausen;https://www.ref-sh.ch/kg/sjm/;[{'@type': 'ImageObject', 'contentUrl': 'https://ostpimtsoch.sos-ch-dk-2.exoscale-cdn.com/catalog/0/d/a/9/0da9404023a1c3179f0a995cefe44a34356bb53d_4aead6f3b191cadb9dde73b71ce91025.jpg'}];2026-01-08T19:25:54+01:00
a5071b23-3e0e-47af-9841-0c753562df02;Klostergarten St.Gallen;Der Klostergarten zwischen dem Eingang zum Pfalzkeller und dem Regierungsgebäude lädt zum Verweilen ein.;<p>Klosterg&auml;rten dienten einst der Selbstversorgung der M&ouml;nche mit Obst, Gem&uuml;se, Kr&auml;utern und Heilpflanzen. Das erste Wissen f&uuml;r den Gartenbau im Kloster St.Gallen lieferten Mitbr&uuml;der von der Insel Reichenau. Der dort um 825 entstandene St.Galler Klosterplan der Stiftsbibliothek enth&auml;lt erste Hinweise auf Inhalt und Positionierung von G&auml;rten. Der Klostergarten befindet sich am Ort des ehemaligen Hofgartens. Er ist nicht nur ein wichtiger Teil des kulturellen Erbes der einstigen F&uuml;rstabtei St.Gallen, sondern er unterstreicht auch die Biodiversit&auml;t mitten in der Stadt.</p>;9.378792318002592;47.4239606;Klosterhof;9000;St.Gallen;https://www.klostergarten-sg.ch/;[{'@type': 'ImageObject', 'contentUrl': 'https://ostpimtsoch.sos-ch-dk-2.exoscale-cdn.com/catalog/3/8/a/a/38aa9ca2aa846a0a20b783fc12d7f6aae83a640f_60ad0fece8f86fead514cd52cd233a71.JPG'}];2026-04-13T17:49:05+02:00
a5d3b35a-23e4-42f6-8129-f06113e6074f;Museum Stemmler;Mitten in der Altstadt befindet sich die naturkundliche Sammlung des Präparators, Kürschners und Naturschützers Carl Stemmler (1882-1971), die an Wunderkammern längst vergangener Zeiten erinnert.;<p>Ein Museum im Museum. Die Ausstellung zeigt viele V&ouml;gel und S&auml;ugetiere aus Schaffhausen und Europa: Pr&auml;parate, Federn, Nestern, Eier, Geweihe, Zeichnungen. Vogelstimmen h&ouml;ren, Tast- und Riechstation, Waldtier-Quiz - ein Haus voller Tiere, die faszinieren.</p>;8.6346024;47.6966564;Sporrengasse 7;8200;Schaffhausen;+41 52 625 88 46;museum.stemmler@stsh.ch;https://allerheiligen.ch/besuch/museum-stemmler/;[{'@type': 'ImageObject', 'contentUrl': 'https://ostpimtsoch.sos-ch-dk-2.exoscale-cdn.com/catalog/8/d/0/c/8d0c41aa31bbc37b29841fed682fc6f0c5ca4419_94b9a6d5c1cd22a6b397cf8fdb522449.jpg'}];2026-01-08T19:40:20+01:00
a656872b-95da-4f01-aa5e-ec1d706c843c;Hof-Tschannen;Ferien mit See- und Bergblick, dem Alltag den Rücken kehren, in der Thurgauer Landidylle auftanken? Der Bauernhof Tschannen machts möglich. Gäste verbringen Urlaub inmitten des bäuerlichen Alltags mit Tieren und aktiver Landwirtschaft. Ein währschaftes Bauernfrühstück ist inklusive.;Der Hof Tschannen liegt mitten im Grünen am Dorfrand von Illighausen mit herrlichem Blick auf den Bodensee und in den Alpstein. Besuchende können auf Stroh oder im Gästezimmer übernachten. Es wird ein reichhaltiges Bauernfrühstück mit hausgemachten Produkten angeboten. Auf Anfrage ist Halb- und Vollpension erhältlich. Ein grosser Hofplatz, ein überdachter Sandkasten, Rutschbahn, viele Spielzeuge oder ein Garten zum Austoben lassen Kinderherzen höherschlagen. Tierfreunde helfen der gastfreundlichen Familie Tschannen beim Füttern der Rinder oder beim Einsammeln der Hühnereier. Wer's gemütlicher mag, streichelt die Hofbüsis oder schaut den Schweinchen und Hasen zu. Der Wald mit einer Grillstelle ist nur 100 Meter vom Hof entfernt. Der heizbare Aufenthaltsraum lädt zum Verweilen ein. Auch Kindergeburtstage werden gerne ausgerichtet.;9.214230175896676;47.61307795360362;Lindenhof 1B;8574;Illighausen;+41 71 688 16 42;info@hof-tschannen.ch;http://www.hof-tschannen.ch/;[{'@type': 'ImageObject', 'contentUrl': 'https://ostpimtsoch.sos-ch-dk-2.exoscale-cdn.com/catalog/1/3/3/9/1339919d528166803b3f892fc4a64910cf495ec4_2c8e756d7c8542a7936915680510c1a4.jpg'}];2025-03-31T21:21:33+02:00
a8ba947a-cf5e-4270-a9e2-0e8c3c87b1cc;Naturbeobachtungsturm Weitsicht am Alten Rhein;Beobachtungsplattform für Vögel und Fische;Einzigartige Bilder sind für jeden Fotografen ein Highlight – und mit dem Naturbeobachtungsturm „Turm Weitsicht“ im Naturschutzgebiet „Bisewäldli“ des Alten Rheins ist es heute möglich, ungestört und unentdeckt einmalige Momente zu erleben. Ein seltener Wintergast, quakende Frösche, die Stille und die Natur, jeder Tag ist einzigartig, für Fussgänger, Ornithologe oder Fotografen.

;9.57098;47.48879;Rheinspitz;9423;Thal;[{'@type': 'ImageObject', 'contentUrl': 'https://ostpimtsoch.sos-ch-dk-2.exoscale-cdn.com/catalog/e/e/a/0/eea07c8f3c4c88381b9e878ef31821f6e7b1740c_f0fcaaa399980f92d3977e5bd44d50b7.jpg'}];2025-02-17T19:34:55+01:00
a9ce7d40-e518-4fc7-adff-ef32060d4f25;Naturzentrum Thurauen;Das Naturzentrum Thurauen beherbergt die interaktive Ausstellung «Kosmos Auenlandschaft» mit einem Erlebnispfad durch den Auenwald und ist Ausgangspunkt für Exkursionen für Familien und Gruppen in die Thurauen.;<p>Lassen Sie sich in die faszinierende Natur einer lebendigen Flussaue entführen! Im Naturzentrum Thurauen erwarten Sie die interaktive Ausstellung „Kosmos Auenlandschaft“ mit dem Erlebnispfad durch den Auenwald und einer Sonderausstellung «Wow, ein Eisvogel». Das Restaurant, das vom TCS geführt wird, lädt mit einer grosszügigen Terrasse, Cheminée und Lounge zu jeder Jahreszeit zum Verweilen ein. Schwimmbad, Feuerstellen und Spielplatz runden das vielfältige Angebot für Jung und Alt ab. Das Naturzentrum ist zudem Ausgangspunkt für Wanderungen durch die einzigartigen Thurauen und Familien können den abwechslungsreichen Abenteuerweg Thurauen erkunden (Start beim Parkplatz Ellikerbrücke).</p><p>Oder beginnen Sie Ihren Teamausflug mit einer erlebnisreichen Führung durch das grösste Auenschutzgebiet des Mittellandes. Unter fachkundiger Leitung entdecken Sie die schönsten Ecken der Thurauen, erfahren mehr über die Renaturierung und begegnen einigen typischen Auenbewohnern. Die Mittagspause verbringen Sie an einer gemütlichen Feuerstelle direkt an der Thur. Am Nachmittag steht Ihr Team im Fokus: mit einem Teamtrainer optimieren Sie die Zusammenarbeit und stärken den Zusammenhalt mit anspruchsvollen Aufgaben unter freiem Himmel.</p>;8.5816947;47.5789571;Steubisallmend 3;8416;Flaach;+41 52 355 15 55;info@naturzentrum-thurauen.ch;http://naturzentrum-thurauen.ch/;[{'@type': 'ImageObject', 'contentUrl': 'https://ostpimtsoch.sos-ch-dk-2.exoscale-cdn.com/catalog/9/9/e/6/99e6279e62c606dec68356179fe373d236e904b6_2cb2b10b5e4c7229a086b754e0b5a72c.JPG'}];2025-03-31T18:53:19+02:00
aa480876-d99f-48bc-87d5-67e015a87139;Napoleonmuseum Arenenberg;Der Arenenberg liegt an einem der schönsten Plätze am Bodensee. Im Schloss befindet sich das Napoleonmuseum. Hier sind die original eingerichteten Wohnräume der kaiserlichen Familie Napoleons III. zu sehen.;Nach dem Sturz Napoleons l. musste seine Stieftochter, die holländische Königin Hortense, aus Frankreich fliehen. Im Jahr 1817 kaufte sie das Schlossgut Arenenberg und machte es zu ihrem Exilsitz. Sie baute um und stattete die prachtvollen Salons stilsicher und mit viel Pariser Flair aus. Aus Frankreich brachte sie ihren siebenjährigen Sohn, Louis Napoléon mit, der hier im Thurgau am Bodensee aufwuchs und bis zu seinem einunddreissigsten Lebensjahr lebte. Danach gelangte er mit Umwegen zurück nach Frankreich und ging unter dem Namen Napoleon III. als letzter französischer Kaiser in die Geschichte ein. Seine Frau, Kaiserin Eugénie, erweiterte das Schloss um zusätzliche Salons. 1906 schenkte Eugénie das Anwesen dem Kanton Thurgau, der in dem Schlossgut ihrem Wunsch gemäss das Napoleonmuseum und eine Schule für die Thurgauer Landwirtschaft einrichtete. Beides besteht bis heute.;9.0592034;47.6726822;Arenenberg 1;8268;Salenstein;+41 58 345 74 10;napoleonmuseum@tg.ch;https://napoleonmuseum.tg.ch/;[{'@type': 'ImageObject', 'contentUrl': 'https://ostpimtsoch.sos-ch-dk-2.exoscale-cdn.com/catalog/2/6/8/2/26822123fe533e5b32e804f71f778f19682aa93e_6a22ffe2cf69428d3f6e1b311818d093.jpg'}];2026-03-31T16:30:20+02:00
aa6ee3cd-f1b1-4c30-b763-978f20f3e55e;Feuerwehrmuseum DEPOT61;Das Feuerwehrmuseum zeigt die einzigartige Geschichte der Feuerwehr St.Gallen.;Zu sehen sind historische Pferdezug-Pumpen, Oldtimer Fahrzeuge wie der Kettenwagen "Autopumpe Helene", zudem seltene Gerätschaften und viele Ausrüstungsgegenstände aus mehreren Generationen. All diese Exponate sind Zeugen einer vergangenen Zeit und haben Jahrzehnte für den Schutz der Bevölkerung rund um die Uhr zur Verfügung gestanden. Das Feuerwehrmuseum wird ausschliesslich von Freiwilligen des Nostalgievereins betrieben.;9.3586331;47.4172672;Burgstrasse 61;9000;St. Gallen;+41 79 335 18 54;info@depot61.ch;https://nfsg.ch/;[{'@type': 'ImageObject', 'contentUrl': 'https://ostpimtsoch.sos-ch-dk-2.exoscale-cdn.com/catalog/3/1/3/6/31366ff3675a6ac0873485e5ed37ed0656a78fa8_2872027dd9ce1929663864cbbc2a4c08.jpg'}];2026-06-16T20:35:33+02:00
ad406ce9-3cee-46fc-b628-8edc6770442f;Automuseum Lömmenschwil;Im Automuseum Lömmenschwil werden Oldtimer, Rennboote und Flugzeuge aus vielen Jahrzehnten präsentiert.;Seit über 40 Jahren befassen sich die Museumsbetreiber mit dem Sammeln und Restaurieren von historischen Fahrzeugen. Was mit Oldtimer-Autos begann, entwickelte sich mit der Zeit immer weiter. Mit dem Einbezug der anderen Elemente kamen Oldtimer-Flugzeuge und Rennboote dazu. Diese Fahrzeuge sind Zeugen einer fast vergessenen Geschichte von zahlreichen Schweizer Fahrern. Rennwagen von 1924 bis 2004 bringen den Besuchern die technische Entwicklung im Rennsport näher. Zahlreiche Exponate bieten Einblicke in die Technik von früher.
Es werden auch spannende Führungen durch die Sammlung angeboten. Das Museum eignet sich auch hervorragend als Event-Location. Das Bistro bietet Platz für 50 Personen.;9.35713291168213;47.50266751158526;Wäldi/Bahnhofstrasse 3;9308;Lömmenschwil;+41 71 455 20 80;info@automuseum.ch;https://automuseum.ch/STARTSEITE/;[{'@type': 'ImageObject', 'contentUrl': 'https://ostpimtsoch.sos-ch-dk-2.exoscale-cdn.com/catalog/4/6/f/1/46f12c9ae2aa35fb7345b012d2e11d37418f7220_c1f5cc8c2bca775649b5f4d480e86d33.jpg'}];2026-06-16T20:35:33+02:00
afbc09b5-fd1c-4e44-9945-cf0634eb8a8d;Paxmal;Das Paxmal in Walenstadtberg ist ein Friedensdenkmal von Karl Bickel, das zur inneren Einkehr und Meditation einlädt. Es ist von Frühling bis Herbst frei zugänglich und bietet einen beeindruckenden Blick auf die Churfirsten und den Walensee.;Mit dem Paxmal, dem Friedensmal, dessen Grundgedanke der Frieden für alle ist, schaffte Karl Bickel einen Ort der inneren Einkehr, der Meditation über den Menschen und seine Ziele, seine Lebens- und seiner Gesellschaftsformen.

Der Künstler wird 1886 in Zürich-Hirslanden geboren und verliert mit vier Jahren seinen Vater. 1900 bis 1904 macht er eine Lehre als Lithograf und Clichéezeichner im Atelier Paul Bleuer. In der grafischen Anstalt Hüttner wird er technischer Leiter und eröffnet 1908 sein eigenes grafisches Atelier. Bis 1912 stellt er Briefköpfe, Geschäftsempfehlungskarten und Modekataloge her. 1913 erkrankt Bickel an Tuberkulose und weilt über ein Jahr zur Kur in Walenstadtberg. Hier stellen sich Visonen ein, die er bei Genesung in Form eines Friedenstempels umsetzen will. 1924 beginnt er mit dem 25 Jahre dauernden Bau des Paxmals und lernt die St. Gallerin Berta Albrecht, die er 1926 heiratet, kennen. Sein Sohn Karl wird 1927 geboren. Bickel stirbt mit 96 Jahren 1982 auf Schrina-Hochrugg.

Das Paxmal ist ein hoch interessanter Ort des Staunens. Energetisch reicht es nicht zum Kraftort. Geniessen Sie den Platz zwischen den monumentalen Churfirsten und dem Walensee, setzen Sie sich mit dem Kunstwerk und seinen Aussagen auseinander und lassen Sie Ihre Seele fliegen, wenn sich der Himmel im Wasser spiegelt.

Das Paxmal ist von Frühling bis Herbst frei zugänglich.;9.270269293307088;47.142272649999995;8881;Walenstadtberg;081 710 27 77;info@museumbickel.ch;https://www.museumbickel.ch/index.php/paxmal;[{'@type': 'ImageObject', 'contentUrl': 'https://ostpimtsoch.sos-ch-dk-2.exoscale-cdn.com/catalog/c/f/b/a/cfba83d5cc3e742ec0d648c76244d0dc5a04d0d5_4cb226bbb338b966c835133d95ebfda4.jpg'}];2025-12-15T22:15:04+01:00
b0d7fb38-b8b2-4084-b479-89f29401b936;Baumwipfelpfad Neckertal;Baumkronen von oben sehen - auf dem Baumwipfelfad die Perspektive wechseln in einer ländlichen-naturnahen, inspirierenden Umgebung.;Der einzigartige Baumwipfelpfad Neckertal verbindet Nachhaltigkeit und Naturerlebnis und ist eine Bereicherung für die Gäste und die Region. Die schöne Natur- und Kulturlandschaft wurde erhalten und macht es möglich, den Wald mit anderen Augen zu sehen. Entdecken Sie diese kleine Perle und geniessen Sie bei uns einmalige Einblicke in die Natur und Ausblicke über das ganze Neckertal.

Mit aussergewöhnlichen Perspektiven bietet der etwas andere Freizeitpark mit seinem dazugehörigen Walderlebnisweg einen unvergesslichen und spannenden Naturaufenthalt. An den vielen Erlebnisstationen wird zudem einiges an Wissen über den Wald und dessen Bewohner vermittelt.

Geniessen Sie die Stunden im Wald, offline und entschleunigt. Ganz gemütlich zu zweit, mit Kindern auf dem Spielplatz, beim selber «brötlä» an der Grillstelle oder einfach ganz entspannt an der Sonne. Hier ist willkommen, wer gerne im Wald die Seele baumeln lässt. Die kleine Oase im Wald lädt dazu ein, etwas zu verweilen, dem Rauschen der Blätter und dem Zwitschern der Vögel zu lauschen und Zeit mit Familie und Freunden zu verbringen.;9.195284;47.307197;Lettenstrasse 19;9122;Mogelsberg;+41 71 552 33 03;info@baumwipfelpfad.ch;http://www.baumwipfelpfad.ch;[{'@type': 'ImageObject', 'contentUrl': 'https://ostpimtsoch.sos-ch-dk-2.exoscale-cdn.com/catalog/2/4/8/9/24898d3660d029e6e8c2c93b25012b10e0c9e06a_9dca7ca9adcab718bd03fc5bef155ca0.jpg'}];2025-05-14T17:37:57+02:00
b1708e92-657a-40e4-9cfe-32b821cf7310;Museum für Archäologie;Das Museum für Archäologie liegt, zusammen mit dem Naturmuseum, mitten in der Altstadt von Frauenfeld. Die Ausstellung zeigt das reichhaltige archäologische Erbe des Kantons Thurgau von den Pfahlbauern über die Kelten bis zu den Römern. Der Eintritt ist frei.;Auf einem spannenden Rundgang durchstreifen Gäste im Museum für Archäologie in Frauenfeld 10'000 Jahre Vergangenheit des Kantons Thurgau. Die Funde aus den hiesigen Pfahlbauten – seit 2011 UNESCO-Welterbe – liefern interessante Informationen zum Alltag vor Jahrtausenden im Bodenseeraum. Höhepunkte sind etwa das älteste Goldgefäss der Schweiz oder eine gallo-römische Holzstatue. Spannende Wechselausstellungen ergänzen das Angebot. Der neue Mitarbeiter, Archie der Dachs, nimmt Familien mit auf Spurensuche durchs Museum, lässt Details in den Vitrinen suchen und animiert zum Zeichnen und Basteln. Für das richtige Lösungsworts gibt’s eine Belohnung. Unterm gleichen Dach befindet sich auch das Thurgauer Naturmuseum. Der gemeinsame archäobotanische Garten im Vorhof der Museen macht die Vielfalt und Geschichte unserer Kultur- und Nutzpflanzen erlebbar. Nach dem Rundgang lädt das Museumscafé zum Verweilen ein. Museum und Garten sind hindernisfrei.;8.8984937;47.5564574;Freiestrasse 24;8510;Frauenfeld;+41 58 345 74 00;archaeologie@tg.ch;https://archaeologiemuseum.tg.ch;[{'@type': 'ImageObject', 'contentUrl': 'https://ostpimtsoch.sos-ch-dk-2.exoscale-cdn.com/catalog/1/2/4/1/12410caf6a9b8554220e3bdef7f2fdfca6cadabb_d2621c0014efa0654e70dec7183ae6b5.jpg'}];2025-02-17T13:24:37+01:00
b30e1922-f8b4-4c3d-ab71-55b7b560c144;Vorstadt Variété;Das Vorstadt Variété präsentiert jedes Jahr auf der Bühne im Restaurant noah's Schützenstube ein abwechslungsreiches Programm.;<p>Am 12. Januar 1957 ging in der Sch&uuml;tzenstube zum allerersten Mal der Vorhang auf. Viele hundert Vorstellungen sind seitdem in der legend&auml;ren Sch&uuml;tzenstube schon &uuml;ber die B&uuml;hne gegangen.</p>;8.6352019;47.6988822;Schützengraben 27;8200;Schaffhausen;variete@schuetzenstube.ch;http://www.vorstadtvariete.ch/;[{'@type': 'ImageObject', 'contentUrl': 'https://ostpimtsoch.sos-ch-dk-2.exoscale-cdn.com/catalog/d/0/2/8/d028573acbdcb6c1830d8b5cddf685860bb25534_4d941d060e37111a382795cea2f640b4.jpg'}];2026-01-09T19:56:10+01:00
b31d0dec-c369-4059-8c31-c17ec106b81e;Kunstmuseum Thurgau;Das Kunstmuseum Thurgau setzt mit seiner hochkarätigen Sammlung sowie attraktiven Wechselausstellungen einen spannenden Gegenpol zur Vergangenheitsidylle des ehemaligen Klosters.;Den Kern des Museums bildet die seit 1942 bestehende kantonale Kunstsammlung, die unter anderem die Nachlässe von Adolf Dietrich, Carl Roesch und Hans Krüsi umfasst. Insgesamt verwaltet das Museum über 30'000 Sammlungsobjekte, von der Fotografie über Zeichnungen und Gemälden bis zur raumgreifenden Installation. Ausserdem haben international bekannte Künstlerinnen und Künstler eigens für den Kontext der Kartause Ittingen neue Werke entwickelt. Janet Cardiffs «Ittingen Walk» führt das Publikum auf einen unkonventionellen Rundgang durch die beiden Museen. «Die verstummte Bibliothek» von Joseph Kosuth thematisiert die Ordnung des Wissens, während Muda Mathis in ihrem «Paradies» die biblische Geschichte auf ganz unkonventionelle Art und Weise neu erzählt.;8.866288661956789;47.58376337739829;8532;Warth;+41 58 345 10 60;sekretariat.kunstmuseum@tg.ch;http://www.kunstmuseum.tg.ch;[{'@type': 'ImageObject', 'contentUrl': 'https://ostpimtsoch.sos-ch-dk-2.exoscale-cdn.com/catalog/b/6/b/b/b6bb230c3da7b8ea4f61a87304ab6b42f041ffda_2ceb5b0f1f358157617353afa9829a44.jpg'}];2025-08-28T16:30:25+02:00
b3e5dc69-d135-4ad6-a756-7fe176c9659f;Spielplatz Schloss Laufen;Spielplatz direkt beim Schloss Laufen;Ein kleiner Spielplatz mit Rutschbahn, Kletterseilen und Balancierbalken beim Schloss Laufen lädt zum Austoben ein. ;8.61515438071403;47.67609645;8447;Dachsen;[{'@type': 'ImageObject', 'contentUrl': 'https://ostpimtsoch.sos-ch-dk-2.exoscale-cdn.com/catalog/1/e/d/3/1ed305541115d146fe9bac460976f80872132f30_69f0c1f19efb43236b400d7f360e9864.jpeg'}];2025-10-28T19:03:31+01:00
b42cceca-48e9-4d01-a617-be6031905f17;Figurentheater-Museum & Figurentheater;Die bunte Welt des Figurentheaters;<p class="MsoNormal">Im Dorfkern von Herisau, in einem typischen alten Appenzellerhaus l&auml;sst das Figurentheatermuseum Besucherinnen und Besucher eintauchen in die fantasievolle, bunte Welt des Figurentheaters. Auf insgesamt drei Stockwerken gibt es verschiedene Marionetten, Handpuppen und andere Figuren zu entdecken und allerlei Spannendes zu erfahren. Jedes Jahr wird eine andere spannende Schweizer B&uuml;hne portr&auml;tiert. Die Jahresausstellung wird jeweils durch thematische Pr&auml;sentationen aus der hauseigenen Sammlung erg&auml;nzt &ndash; so lassen sich immer wieder neue Facetten des Figurenspiels entdecken und beleuchten. <span style="mso-spacerun: yes;">&nbsp;</span>Das Museum kann auf Anfrage exklusiv reserviert werden; zudem sind F&uuml;hrungen f&uuml;r Gruppen mit oder ohne Ap&eacute;ro buchbar.</p><p class="MsoNormal"><strong>Strolchi erwartet die kleinen Besucherinnen und Besucher</strong><br>Die Katze Strolchi begleitet Kinder auf einem liebevoll gestalteten Spiel- und Erlebnisweg mit interaktiven Stationen durch das Haus und l&auml;sst sie selbst zu Puppenspielerinnen und Puppenspielern werden.&nbsp;</p><p class="MsoNormal">Die Ausstellungen sind auch auf Franz&ouml;sisch und Englisch zug&auml;nglich.<br><br>Eintrittspreise:<br>Erwachsene CHF 8.00, Kinder CHF 5.00, Familien CHF 20.00<br>F&uuml;r Kinder aus den Kantonen AR und SG ist der Eintritt gratis.<br><br>Die Theatersaison dauert jeweils von Oktober bis Mai, Auff&uuml;hrungen finden immer am Sonntag um 11 Uhr statt</p><p class="MsoNormal">Spielplan: www.figurentheatermuseum.ch</p>;9.27979840461888;47.3851375;Oberdorfstrasse 18;9100;Herisau;+41 76 520 79 09;info@figurentheatermuseum.ch;https://www.figurentheatermuseum.ch;[{'@type': 'ImageObject', 'contentUrl': 'https://ostpimtsoch.sos-ch-dk-2.exoscale-cdn.com/catalog/f/3/5/9/f3599feced0b2651f87f56f90d4e39b66536bfc4_6f421c8ecd83483f507c6dc4212c3422.jpg'}];2026-06-16T20:35:33+02:00
b4380614-1e07-4934-b904-8649cd55daec;Ittinger Museum;Das Ittinger Museum gibt einen lebendigen Einblick in die Geschichte der Gebäude und ihrer Bewohner. In den kargen Mönchszellen lässt sich nachempfinden, wie die Kartäuser in Stille und Einsamkeit Gottes Nähe suchten.;Der reich ausgestattete Essraum sowie die prächtige Rokoko-Kirche präsentieren sich bis heute so, als lebten und beteten noch Mönche in Ittingen. Gleichzeitig erzählt der Billardtisch im Kapitelsaal von der Auflösung des Klosters 1848 und von der darauffolgenden Nutzung des Ortes als Herrschaftssitz einer Gutsherrenfamilie. Die Themen und Geschichten rund um das Kloster und den Kartäuserorden werden mittels Audioguide, Hörspielen für Kinder und Publikationen einem breiten Publikum nähergebracht. 

Auch der Aussenraum ist vom mönchischen Leben geprägt, wie die Besucher auf vier Themenpfaden durch die Gärten der Kartause erfahren können. Wer mit offenen Augen durch die Anlage streift, stösst inmitten der Blütenpracht heutiger Bepflanzung immer wieder auch auf Fragmente historischer Gartengestaltung.;8.866385221481325;47.58356066997053;8532;Warth;+41 58 345 10 60;sekretariat.kunstmuseum@tg.ch;http://www.kunstmuseum.tg.ch/;[{'@type': 'ImageObject', 'contentUrl': 'https://ostpimtsoch.sos-ch-dk-2.exoscale-cdn.com/catalog/0/a/0/2/0a02799cb2757e4ec60c7b6909cb9358b0c74b76_3abf1278705798015f26a44b942a80d8.jpg'}];2025-08-28T16:30:28+02:00
b4874419-78c1-4c12-a36b-c8f4ac7d0890;Riesenhüpfkissen Flumserberg Prodalp;Das Riesenhüpfkissen auf Prodalp befindet sich neben dem Kletterturm CLiiMBER und dem Bergrestaurant Prodalp. Die Nutzung ist kostenlos und bietet Spass für Familien in der Sommersaison.;Das Hüpfkissen auf Prodalp steht gleich neben dem Kletterturm CLiiMBER und dem Bergrestaurant Prodalp. Die Benutzung ist kostenlos.;9.28898334503174;47.080340311768;Prodalp;8897;Flumserberg Tannenheim;+41 81 720 15 15;info@flumserbergbahnen.ch;https://www.flumserberg.ch;[{'@type': 'ImageObject', 'contentUrl': 'https://ostpimtsoch.sos-ch-dk-2.exoscale-cdn.com/catalog/6/d/2/8/6d28f1b9f8a93f91b4c0fa76a2d31b4619555fd0_fd33c3ed418de8773dc58ee8e1cc1d5e.jpg'}];2026-01-11T22:40:44+01:00
b72adce2-8ca3-4c15-a6e4-5b92b41dea29;Aussichtspunkt Ruggisberg;Umgeben von blühenden Obstbäumen und leuchtenden Blumenfeldern befindet man sich auf dem Ruggisberg im Apfelparadis. Hier soll die Picknickdecke ausgeweitet und eine Verschnaufpause von der Velotour genossen werden.;Auf dem Ruggisberg breitet sich die umliegende Region mit einem Tuch voller Obstbäume und leuchtenden Blumenfeldern aus. Besonders schön ist es hier im Frühling, wenn sich die Knospen der Apfelbäume öffnen und ein prachtvolles Blütenmeer um Vorschein kommt. Und der Bodensee lässt sich natürlich auch noch erblicken.

Der Aussichtspunkt Ruggisberg ist Teil der Velo-Rallye Bodensee. Mehr zur Velo-Sammelchallenge unter www.st.gallen-bodensee.ch/velo-rallye.;9.371262788772585;47.48867308651914;9308 ;Roggwil;[{'@type': 'ImageObject', 'contentUrl': 'https://ostpimtsoch.sos-ch-dk-2.exoscale-cdn.com/catalog/4/3/2/7/4327bd486c510cd6492f8868289e1eee82d57fb2_2cf38c18dad194fb1cb2d8ec71f8e08c.jpg'}];2026-04-15T18:44:25+02:00
b86cafd6-9aec-43e9-8d54-e9a9625fecf8;Appenzeller Volkskunde-Museum Stein AR;Hautnah vermittelt das Museum appenzellische Sennenkultur und die Geschichte der Textil-Heimindustrie.;<p class="MsoNormal"><span lang="DE" style="font-size: 12.0pt; font-family: 'Arial',sans-serif;">Die Ausstellung pr&auml;sentiert Ger&auml;te und Gef&auml;sse rund ums Alpk&auml;sen,</span><span lang="DE" style="font-size: 12.0pt; font-family: 'Arial',sans-serif; mso-ansi-language: DE-CH;"> </span><span style="font-size: 12.0pt; font-family: 'Arial',sans-serif; mso-ansi-language: DE-CH;">regionaltypischen&nbsp;Schmuck f&uuml;r Tier und Mensch </span><span lang="DE" style="font-size: 12.0pt; font-family: 'Arial',sans-serif;">&ndash; von </span><span style="font-size: 12.0pt; font-family: 'Arial',sans-serif; mso-ansi-language: DE-CH;">Schellen und Hosentr&auml;gern bis hin zu Trachtenschmuck &ndash; sowie </span><span lang="DE" style="font-size: 12.0pt; font-family: 'Arial',sans-serif;">Bauern- und M&ouml;belmalerei mehrerer Jahrhunderte. Darunter finden sich als ein Highlight auch die ber&uuml;hmten &bdquo;Gaiser W&auml;nde&ldquo;.</span></p><p class="MsoNormal"><span style="font-size: 12.0pt; font-family: 'Arial',sans-serif; mso-ansi-language: DE-CH;">Anhand von Musterb&uuml;chern, zwei Hands</span><span lang="DE" style="font-size: 12.0pt; font-family: 'Arial',sans-serif;">tickmaschinen und einem einmaligen </span><span style="font-size: 12.0pt; font-family: 'Arial',sans-serif; mso-ansi-language: DE-CH;">Plattstichwebstuhl gibt das Museum ausserdem einen lebendigen Einblick in die bewegte Textilgeschichte des Appenzellerlandes.</span><span lang="DE" style="font-size: 12.0pt; font-family: 'Arial',sans-serif;">&nbsp;</span></p><p class="MsoNormal"><span lang="DE" style="font-size: 12.0pt; font-family: 'Arial',sans-serif;">Zu</span><span style="font-size: 12.0pt; font-family: 'Arial',sans-serif; mso-ansi-language: DE-CH;"> bestimmten Zeiten finden in der Textilabteilung Live-Aktivit&auml;ten statt.</span></p><p class="MsoNormal"><span style="font-size: 12.0pt; font-family: 'Arial',sans-serif; mso-ansi-language: DE-CH;">Neben der Dauerausstellung zeigt das Museum </span><span lang="DE" style="font-size: 12.0pt; font-family: 'Arial',sans-serif;">Sonderausstellungen zu unterschiedlichen Themen.</span></p><p class="MsoNormal"><span style="font-size: 12.0pt; font-family: 'Arial',sans-serif; mso-ansi-language: DE-CH;">Infos zu den </span><span lang="DE" style="font-size: 12.0pt; font-family: 'Arial',sans-serif; color: black; mso-themecolor: text1;">aktuellen &Ouml;ffnungszeiten und </span><span style="font-size: 12.0pt; font-family: 'Arial',sans-serif; mso-ansi-language: DE-CH;">zum Programm sind der Webseite zu entnehmen.</span></p>;9.3444626;47.3730472;Dorf 821;9063;Stein;+41 71 368 50 56;info@appenzeller-museum.ch;https://www.appenzeller-museum.ch/;[{'@type': 'ImageObject', 'contentUrl': 'https://ostpimtsoch.sos-ch-dk-2.exoscale-cdn.com/catalog/7/0/7/8/7078b3f9c001203ed4deb2fd0fa49eee55f3de5a_35a78eb965783e96035c5d8fdcbb8142.jpg'}];2026-06-16T20:35:33+02:00
b8c17f2d-e171-4bde-b26e-19d2b996ff6b;Schiffmändli - Schifffahrt am Rheinfall;Kursfahrten durch den rheinischen Amazonas und vorbei am grössten Wasserfall von Europa.;<p>Erleben Sie den Rhein zwischen dem tosenden Rheinfall und Eglisau auf den Booten von &laquo;Schiffm&auml;ndli&raquo;. Ob allein oder in der Gruppe, bei unserem Sonntagsbrunch auf dem Schiff, einer aufregenden Schleusenfahrt oder einem gem&uuml;tlichen Ausklang des Abends bei einem Glas Wein - wir bieten Ihnen umfangreiche Angebote rund um die Schifffahrt auf dem Rheinfall und dem &laquo;rheinischen Amazonas&raquo;.</p>;8.611457282052802;47.677538929401635;Rheinfallquai;8212;Neuhausen am Rheinfall;+41 52 659 69 00;info@schiffmaendli.ch;http://schiffmaendli.ch/;[{'@type': 'ImageObject', 'contentUrl': 'https://ostpimtsoch.sos-ch-dk-2.exoscale-cdn.com/catalog/2/8/2/6/28263f03dc168610c2b22cc3be1a25024d281e94_40e49517ee71e44376be917f5e959fff.jpg'}];2026-03-31T16:30:21+02:00
b98253a9-50d0-4842-a96c-b82344bafea8;Museum Henry Dunant;Das Henry-Dunant-Museum umkreist als weltweit einziges Museum das Leben und Wirken des visionären Initianten des Internationalen Roten Kreuzes und der Genfer Konventionen.;<p>Henry Dunant (1828&ndash;1910) verbrachte die letzten 18 Lebensjahre in Heiden. Das Appenzeller Dorf mit seiner klassizistischen Architektur war damals ein international bekannter Kurort. Hier, auf 800 m. &uuml;. Meer, mit Blick auf den Bodensee und &uuml;ber Grenzen hinweg, hat er seine Memoiren verfasst und seine Ideen f&uuml;r eine friedlichere Welt und einen Internationalen Gerichtshof weiterentwickelt. In Heiden erreichte ihn 1901 die Mitteilung, dass er als Erster mit dem Friedensnobelpreis ausgezeichnet wird. Das ihm gewidmete Museum ist im ehemaligen Bezirkskrankenhaus untergebracht, in welchem Dunant als zur&uuml;ckgezogener Pension&auml;r bis zu seinem Tod am 30. Oktober 1910 gelebt hatte.&nbsp;</p>;9.531348500461359;47.443330200000005;Asylstrasse 2;9410;Heiden;+41 71 891 44 04;info@dunant-museum.ch;https://www.dunant-museum.ch;[{'@type': 'ImageObject', 'contentUrl': 'https://ostpimtsoch.sos-ch-dk-2.exoscale-cdn.com/catalog/2/d/e/1/2de1e1b80390040313204255a5ae40fcc69307f5_9a4bfbb9e7a64d250205610068c02218.jpg'}];2026-06-16T20:35:33+02:00
ba49546d-5d2a-451e-bae8-e10faaa052b8;Kochstall;Der Kochstall ist eine Schatzkammer. Ein Ort mit köstlichen Details und dem Verständnis für echten Genuss. Erbaut 1751. Herzenssache seit 2017. ;<p><span style="font-weight: bold;">Gruppen Kochevent</span><br>Ob als Teamevent für die Mitarbeitenden, Familienfeier oder Kochseminar. Unsere Kochevents sind unvergessliche Gemeinschaftserlebnisse und Sie erweitern ganz nebenbei ihre Kochkünste.</p><p><span style="font-weight: bold;">Feste &amp; Bankett</span>e<br>Runde Geburtstage, Konfirmationen oder ein Firmenjubiläum: Einen guten Grund zum Feiern gibt es immer. Der Kochstall bietet den festlichen Rahmen für Ihren Anlass.</p>;8.4967173;47.7031654;Schulstrasse 16;8214;Gächlingen;052 533 04 94;muh@kochstall.ch;https://www.kochstall.ch;[{'@type': 'ImageObject', 'contentUrl': 'https://ostpimtsoch.sos-ch-dk-2.exoscale-cdn.com/catalog/a/3/1/9/a319fe0f8337978947e3515e4345c5bad4b50ec0_6af7363210945e394b16ceac3982d0bb.jpg'}];2025-02-17T12:48:39+01:00
bba7bf07-6af7-468a-9847-fac7a732fdde;Typorama – Museum für Satz und Druck;Das Typorama in Bischofszell ist ein typographisches Museum und zugleich ein Produktionsbetrieb, in dem noch heute Druckerzeugnisse in der faszinierenden Bleisatz-Technik hergestellt werden und diese Technik bei Führungen direkt erlebt wird. Es befindet sich unterhalb der historischen Altstadt.;Eine Handsetzerei beherbergt in acht Gassen Hunderte von Schriftgarnituren. Auch sind dreizehn verschiedene Typen Bleisetzmaschinen voll einsatzbereit. Im Maschinensaal stehen eine Kniehebel-Handpresse, zwei Boston-Handtiegelpressen, sieben Tiegel-Schnellpressen verschiedener Bauart, eine Stoppzylinder-Schnellpresse, zwei Stoppzylinder-Automaten (einer davon vertikal), zwei Eintouren-Automaten sowie ein Zweitouren-Automat. Die Sammlung wird abgerundet durch die ersten den Bleisatz ablösenden Fotosatzgeräte. Zudem ermöglicht eine komplette Buchbinderei die Produktion von Büchern. Man kann das Typorama entweder zum einfachen Rundgang besuchen oder eine komplette Führung mit Apéro buchen. Das Museum ist ausserdem jeden Mittwochnachmittag für Kinder geöffnet. Die Kleinen können selber Hand anlegen und ihre Texte und Bilder unter Anleitung setzen und drucken. In den Workshops lernt man nicht nur Linolschnitt oder Buchbinden, sondern sogar die Bedienung einer Setz- oder Druckmaschine.;9.2339237;47.4927213;Fabrikstrasse 30a;9220;Bischofszell;+41 71 422 28 20;info@typorama.ch;https://www.typorama.ch/;[{'@type': 'ImageObject', 'contentUrl': 'https://ostpimtsoch.sos-ch-dk-2.exoscale-cdn.com/catalog/a/7/0/5/a70534ea5b6bed26e0c84d9d3ad16a5a9b44d56d_affd09b7dd0bede2d6415cad4786d2ba.jpg'}];2026-05-05T22:29:50+02:00
bc4b7661-91c7-49cb-9327-804708c99076;Breitenmoser Gustarium;Die Erlebniswelt der Breitenmoser Appenzeller Fleischspezialitäten AG - für Fleischgeniesserinnen und Wurstliebhaber.;Ein Ort der Vielfalt mit einer in der Schweiz einzigartigen, interaktiven Ausstellung "rund um den Genuss", Grill- und Wurstseminaren, Genussladen und einem Gastrobereich mit Cheminée und Bar und Blick auf den Alpstein.

Breitenmoser Appenzeller Fleischspezialitäten AG ist einer der führenden Fleischveredelungsbetriebe mit Fachgeschäften in Appenzell, Gais, Teufen und Rorschacherberg. Die Traditionsmetzgerei mit einzigartigen Appenzeller Spezialitäten geht auf das Gründungsjahr 1896 zurück. Seit Mai 2023 gibt es zudem die vielfältige Erlebniswelt "Breitenmoser Gustarium" die Interessantes und Unterhaltsames rund um Fleisch und Wurst bietet. Hier lassen sich nach Voranmeldung Feste feiern und Seminare abhalten. Auch spontan kann man die Ausstellung besuchen und in der lichtdurchfluteten Metzgerstube «meet &amp; (m)eat» ein frisch aufgeschnittenes Appenzeller Plättli mit einem Getränk geniessen. Im Genussladen kann man stöbern, sich an der Rezeptwand inspirieren lassen und Appenzeller Spezialitäten und Delikatessen mit nach Hause nehmen.  
;9.4281642;47.3203495;Sägehüslistrasse 13;9050;Appenzell Steinegg;+41 71 788 09 81;info@gustarium.ch;https://www.gustarium.ch/;[{'@type': 'ImageObject', 'contentUrl': 'https://ostpimtsoch.sos-ch-dk-2.exoscale-cdn.com/catalog/2/f/d/a/2fda0da3e0df020468f6bde9cba52b733c721afc_5d7f253721616a5486d83edaf69cf741.jpg'}];2026-06-16T20:35:33+02:00
bcc948d6-8b08-4e4e-90eb-214b0bce8748;Spielerlebnis Walensee - Quinten;Das Spielerlebnis Walensee in Quinten ist der grösste Themenspielplatz der Schweiz. Es bietet eine spannende Schnitzeljagd für Familien, kombiniert mit Schiffsfahrten und Entdeckungen auf sechs Spielplätzen rund um den Walensee.;Das Spielerlebnis Walensee ist der grösste Themenspielplatz der Schweiz und bietet eine spannende Schnitzeljagd für die ganze Familie. Unter dem Motto «Wer löst das Geheimnis vom Walensee?» erleben die Kinder Spiel- und Rätselplausch verbunden mit Schiffsfahrten und Entdeckungen auf sechs Spielplätzen rund um den Walensee. Das Spiel ist so aufgebaut, dass bereits Kinder ab 6 Jahren mit ein wenig Hilfe das Rätsel lösen können.

Quinten:
Die «Costa del Sol» in Quinten ist berühmt für ihr südliches Klima und nur via Seeweg erreichbar. Der neue Themenwanderweg entlang der Küste verrät Wissenswertes über die exotischen Früchte und Tiere an diesem paradiesischen, kleinen Ort.;9.216027259826662;47.12894624011246;8878;Quinten;+41817201818;mara@spielerlebnis-walensee.ch;https://www.spielerlebnis-walensee.ch;[{'@type': 'ImageObject', 'contentUrl': 'https://ostpimtsoch.sos-ch-dk-2.exoscale-cdn.com/catalog/e/9/5/2/e952a683c87ba9ea07f24929deea4b2112914d33_a3098fda28bd91c5e21a96ff8474485a.jpg'}];2026-06-30T20:58:21+02:00
bf2236a2-a398-4c87-bfc3-1f363a48b2e4;Grillplatz Summerigchopf;Gemütlicher Grillplatz, abseits vom Trubel mit wunderbarer Aussicht zu den sieben Churfirsten.;Die Grillstelle Summerigkopf befindet sich abseits von Wildhaus und ist nur zu Fuss über den Wanderweg erreichbar. Der Platz verfügt über einen rechteckigen Rost, der in der Höhe nicht verstellbar ist und drei Holzbänke, die Platz für ca. 12-15 Personen bieten.
Kinderwagentauglich: nein, Holz: nein, Trinkwasser: nein, WC: nein, Kapazität: ca. 12-15;9.4013705;47.210958;9658;Wildhaus;[{'@type': 'ImageObject', 'contentUrl': 'https://ostpimtsoch.sos-ch-dk-2.exoscale-cdn.com/catalog/0/d/f/0/0df0e1fe3bac50fff6767cc4d6ea616e3b054166_bc416f836bd08b350487c2877b981244.jpg'}];2025-10-28T16:15:24+01:00
bf39aa48-6e2c-4321-8157-0178475fe3c4;Autohalle Classics;Die Eventlocation mit Erlebnischarakter;<p>Ob Tagung, Hochzeit, Gesch&auml;ftsveranstaltung oder private Feier, unser Team findet f&uuml;r jede Gelegenheit den passenden Rahmen. Es stehen verschieden grosse mit modernster Technik ausgestattete Event- und Tagungsr&auml;ume zur Verf&uuml;gung. Gerne planen wir gemeinsam deinen Anlass nach Wunsch!</p>;8.6921318;47.5935036;Hostbachstrasse 4;8450;Andelfingen;+41 52 304 34 34;info@autohalle.ch;https://autohalle.ch/;[{'@type': 'ImageObject', 'contentUrl': 'https://ostpimtsoch.sos-ch-dk-2.exoscale-cdn.com/catalog/2/3/d/1/23d138c6052c5b8728e0ad508132897e23689396_28b7dc3df9b1f6c0a7e4d05dd68994e9.jpg'}];2025-06-30T18:48:53+02:00
bf404ee9-47f2-44fb-8086-5d0c35f33a50;Schaaren;Das Naherholungsgebiet Schaaren lädt zum Baden und Grillieren ein.;Schaffhauser und Schaffhauserinnen stacheln mit dem Weidling gerne hier hin und machen eine Pause.;8.6939409;47.6936481;8252;Schlatt;[{'@type': 'ImageObject', 'contentUrl': 'https://ostpimtsoch.sos-ch-dk-2.exoscale-cdn.com/catalog/7/0/5/9/7059914895bc8d181da2248654a75e8121a2bbe5_640f9751b6b07d992be4002ebf1b7611.jpg'}];2025-10-28T18:58:21+01:00
c0d07da1-7875-4053-b129-2820385dade7;Stiftsbibliothek St.Gallen;Die Stiftsbibliothek zählt zu den ältesten und schönsten Bibliotheken der Welt. Bereits im 8. Jahrhundert verfügte das Kloster St.Gallen über eine bedeutende Sammlung von Büchern.;<p>Der heutige Bibliotheksraum entstand zwischen 1758 und 1767 unter der Leitung des Bregenzerw&auml;lder Baumeisters Peter Thumb. Die wechselnden Ausstellungen wertvoller Manuskripte und Unikate geben einen nachhaltigen Eindruck der St.Galler Klosterkultur. Der Barocksaal der Stiftsbibliothek &uuml;berrascht durch seine reiche Rokoko-Ausstattung und gilt als einer der sch&ouml;nsten des Landes. Der Bestand der heute noch aktiven Bibliothek betr&auml;gt rund 170'000 B&uuml;cher. Die beeindruckende Sammlung fr&uuml;hmittelalterlicher Original-Handschriften macht diese Institution weltber&uuml;hmt. &Uuml;ber 400 B&auml;nde sind mehr als 1'000 Jahre alt.</p>;9.376703;47.423152;Klosterhof 6D;9000;St Gallen;+41 71 227 34 16;stibi@stibi.ch;https://www.stiftsbezirk.ch/de/stiftsbibliothek/;[{'@type': 'ImageObject', 'contentUrl': 'https://ostpimtsoch.sos-ch-dk-2.exoscale-cdn.com/catalog/9/6/e/d/96ed492f1be250a7d45801e15bb1e010611e8e21_817862b9ac89ad4ec5b26653697120de.jpg'}];2026-06-16T20:35:33+02:00
c37661c7-b2ec-428b-9aa9-3c4300be12fb;Schweizerische Schifffahrtsgesellschaft Untersee und Rhein;Erleben Sie unvergessliche Momente an Bord und entdecken Sie einzigartige Schätze und Ausflugsziele vom Bodensee bis zum Rheinfall - auf der schönsten Stromfahrt Europas.;Ob in der Gruppe oder ganz privat – entdecken Sie einzigartige Ausflugsziele wie Stein am Rhein, die Insel Reichenau und vieles mehr auf dem Wasser. Auch Spezialangebote, wie die Brunch-Fahrt oder das Strickschiff laden zum Verweilen ein. Wir beraten Sie gerne und stellen Ihnen auch individuelle Angebote zusammen.

Unsere Kursschiffe verkehren von April bis Oktober zwischen Schaffhausen und Konstanz / Kreuzlingen.
Erkunden Sie mit uns die Region am Untersee und Rhein, wir freuen uns Sie bald an Bord begrüssen zu dürfen.;8.640824;47.6953486;Freier Platz 8;8200;Schaffhausen;+41 52 634 08 88;info@urh.ch;http://www.urh.ch/;[{'@type': 'ImageObject', 'contentUrl': 'https://ostpimtsoch.sos-ch-dk-2.exoscale-cdn.com/catalog/c/5/e/3/c5e3292e6ff2db4889477d58d9cd1a7a1f784465_1ee512e603e9cd71ee56ecac2b28cc8b.jpg'}];2026-01-23T19:31:57+01:00
c41cae1d-8361-475f-88b8-1370d810f1cc;Baumwipfelpfad Neckertal;Baumkronen von oben sehen - Staunen, lernen, geniessen und spielen!;<p>Der einzigartige Baumwipfelpfad Neckertal verbindet Nachhaltigkeit und Naturerlebnis und ist eine Bereicherung f&uuml;r das Neckertal und die Umgebung. Die sch&ouml;ne Natur- und Kulturlandschaft wurde erhalten und macht es m&ouml;glich, den Wald mit anderen Augen zu sehen. Erleben Sie das besondere Ausflugsziel in der Schweizer Natur und geniessen Sie bei uns Einblicke in die Baumkronen der auff&auml;lligen Art. Mit aussergew&ouml;hnlichen Perspektiven und spielerischem Lehrwert bietet der etwas andere Freizeitpark mit seinem dazugeh&ouml;rigen Walderlebnisweg ein Naturaufenthalt mit Tiefgang. Geniessen Sie die Stunden im Wald, offline und entschleunigt. Ganz gem&uuml;tlich zu zweit, mit Kindern auf dem Spielplatz, beim selber br&ouml;tl&auml; an der Grillstelle oder beim Glas Wein an der Sonne. Bei uns ist willkommen, wer gerne im Wald die Seele baumeln l&auml;sst. Unsere kleine Oase im Wald l&auml;dt dazu ein, etwas zu verweilen, dem Rauschen der Bl&auml;tter und dem Zwitschern der V&ouml;gel zu lauschen und Zeit mit Familie und Freunden zu verbringen.</p><p><br><span data-teams="true">Auskunft zur Zug&auml;nglichkeit</span>:&nbsp;<a href="https://www.ginto.guide/entries/3099ce5e-667a-41f9-9f44-0904a3a4cbc5?lnk_src=business">ginto</a></p>;9.1437367;47.3582246;Lettenstrasse 19;9122;Mogelsberg;+41 71 552 33 03;info@baumwipfelpfad.ch;http://www.baumwipfelpfad.ch;[{'@type': 'ImageObject', 'contentUrl': 'https://ostpimtsoch.sos-ch-dk-2.exoscale-cdn.com/catalog/d/2/f/5/d2f5d1b81d394bffa746b201f8f72a81141bd16f_742ab0f636fbf969ec2bfcb88d6c97ea.jpg'}];2026-04-17T20:18:21+02:00
c80447b4-c34f-4b40-ab57-beaef6774e97;Brauchtumskäserei Alp Tannenboden;Die Brauchtumskäserei Alp Tannenboden bietet Einblicke in die traditionelle Käseherstellung. Besuchende können durch ein Schaufenster dem Käser zusehen oder an einer Führung mit Käse-Degustation teilnehmen. Es gibt auch die Möglichkeit, selbst Käse herzustellen.;Erleben Sie Urigkeit und Brauchtum auf unterhaltsame und spannende Art. Auf der Alp Tannenboden können Sie durch das Schaufenster im Restaurant dem Käser zuschauen. 

Falls Sie weiter hinter die Kulissen blicken möchten, empfiehlt sich eine Führung durch die Schaukäserei mit Käse-Degustation oder Sie schlüpfen gar selber in die Rolle des Sennen. In der Brauchtumskäserei können Sie Ihren eigenen Käse herstellen, über dem offenen Feuer wie anno dazumal in der um die Jahrhundertwende erbauten Alp- und Brauchtumskäserei Tannenboden. Kombinieren Sie die Führung mit einem anschliessenden Mittagessen wie Älplermagronen, Fondue oder Racclette.

Die Brauchtumskäserei ist Teil der Schaukäserei Tannenbodenalp, die über einen Themenspielplatz, Verkaufsräume für Alp-Produkte und weitere Attraktionen verfügt.;9.2880264;47.0900119;Alp Tannenbodenstrasse 4;8898;Flumserberg Tannenbodenalp;+41 81 733 00 23;info@sennenstube.ch;https://www.sennenstube.ch;[{'@type': 'ImageObject', 'contentUrl': 'https://ostpimtsoch.sos-ch-dk-2.exoscale-cdn.com/catalog/2/1/e/7/21e72468181fba7cc07d276b27e5d76bb4a8ddc3_719aa6b0e28c2d80609eac8e8dcf3b75.jpg'}];2026-04-09T21:43:51+02:00
c811429c-80ca-45c3-b59f-d728565f374e;Fähre Paradies;Überqueren Sie den Rhein von Büsingen nach Paradies/Schlatt im Fährboot.;<p>M&ouml;chten Sie nach einem Anlass im Paradies/Schlatt nicht mit dem Auto oder mit dem Zug nach Schaffhausen fahren? Oder wollen Sie einfach den Rhein trocken &uuml;berqueren? Wir sind von April bis Ende September t&auml;glich f&uuml;r Sie da.&nbsp;</p><p>Die F&auml;hrboote (offen und geschlossen) k&ouml;nnen auch f&uuml;r Rundfahrten gebucht werden.</p>;8.673845529556276;47.685929553267556;Klostergutstrasse;8252;Schlatt;+41 76 366 59 77;faehrbetrieb@georgfischer.com;https://www.klostergutparadies.ch/de/klostergut-paradies/region-and-activities/port-services.html;[{'@type': 'ImageObject', 'contentUrl': 'https://ostpimtsoch.sos-ch-dk-2.exoscale-cdn.com/catalog/3/7/f/1/37f12e539a1f83c7cdeff443e868a7b4c3240420_eb94b06e25ded31d4ec66977af369360.jpg'}];2026-01-20T19:10:40+01:00
c8af36e0-bbec-4fb0-a102-56dd5fec2660;Museum Schleitheimertal;Museum der lokalen Geschichte mit internationalem Highlite;Schauen Sie in unser Museum herein - angelegt im alten Schulhaus aus dem Jahr 1780 - und erfahren Sie Interessantes rund um Schleitheim.

Unsere Ausstellungen beinhalten unter anderem Versteinerungen von vorzeitlichen Meeres- und Landbewohner. Erfahren sie mehr über den Dinosaurier Schleitheimia schutzi. Bilder, Dokumente und Funde aus der Schleitheimer Frühgeschichte sowie Gebrauchs- und Luxusgegenstände und Handwerksachen aus dem Schleitheimer Alltagsleben sind in interessanten Ausstellungen zu erkunden.

Zudem haben wir eine kleine Ausstellung über die einstige Strassenbahn Schaffhausen-Schleitheim StSS.

Ein internationale Anziehungspunkt ist der weltweit einzig öffentlich zu sehende Druck des Schleitheimer-Bekenntnisses  aus dem 16. Jh. und die dazugehörende Ausstellung über die Entstehung des Täufertums. (in Deutsch und Englisch);8.4889616;47.7494859;Kirchgasse 8;8226;Schleitheim;+41 52 680 14 87;info@museum-schleitheim.ch;https://www.museum-schleitheim.ch/;[{'@type': 'ImageObject', 'contentUrl': 'https://ostpimtsoch.sos-ch-dk-2.exoscale-cdn.com/catalog/6/5/5/3/6553df1af459ff3e7013618f8b91748fb1972fe8_79a3c35f7ead08b5e560727c000d8acd.jpg'}];2026-01-23T19:17:58+01:00
c9ce7872-137c-40ef-a9a9-22dcd8d8a687;Graf & Gräfin Hofgut;Unser Hofgut in Oberhallau, einem kleinen Bauerndorf im Kanton Schaffhausen, umfasst eine Pferdepension mit Reitplatz, Ackerbau, Rebbau mit eigenem Wein, den Obstgarten «Golderaa» und die Produktion von erneuerbarer Energie. ;<p>Lernen Sie unsere Weine bei einer Degustation kennen und besuchen Sie uns auf unserem Hofgut. Nebst unseren k&ouml;stlichen Weinen bieten wir abwechslungsreiche Erlebnisse. Bei &laquo;Wein mit Esel&raquo; gehen Sie mit uns und unseren Eseln auf einen Spaziergang durch die Oberhallauer Reblandschaft und erfahren allerlei &uuml;ber die Rebarbeiten und besuchen den Sortengarten. Zum Schluss geniessen Sie die Goldeselweine beim Rebh&auml;uschen mit sch&ouml;ner Aussicht. Winzer f&uuml;r ein Jahr Erlernen Sie die Handarbeiten in den Reben und pflegen Sie Ihre eigene Rebreihe &uuml;ber ein ganzes Jahr. Unter fachkundiger Anleitung eignen Sie sich das Winzerhandwerk vom Rebschnitt bis zur Ernte an.</p>;8.476370079967069;47.7027291;Wiesengrundstrasse 2;8216;Oberhallau;+41 52 681 10 00;info@graf-graefin.ch;https://graf-graefin.jimdofree.com/;[{'@type': 'ImageObject', 'contentUrl': 'https://ostpimtsoch.sos-ch-dk-2.exoscale-cdn.com/catalog/7/c/a/2/7ca2e296ff4a35cf1a9cb6dda04bf4bb539be17d_a516c16cc30f1ca2007b575b06da011b.jpg'}];2026-01-09T19:33:57+01:00
ca4e5120-309d-4aff-93e4-7d12822d05e2;MoMö - Schweizer Mosterei- und Brennereimuseum;Das MoMö - Mostindiens Nationalmuseum - ist der Erlebnisort für die ganze Familie: Das Schweizer Mosterei- und Brennereimuseum lädt ein zum Entdecken, zum Lernen und zum Spass haben.;<p>Kennst du den Gr&uuml;nder der Mosterei M&ouml;hl? Du erf&auml;hrst es vor Ort im MoM&ouml;. W&uuml;rdest du dich zum Safthandwerker eignen? Unsere Mostfabrik testet dein Wissen. Kennst du die fleissigste Bienenart? Vor Ort erf&auml;hrst du alles &uuml;ber diese Best&auml;ubungsk&uuml;nstler. Du m&ouml;chtest bodenst&auml;ndiges Essen und Trinken? In der dazugeh&ouml;rigen Bar erhalten G&auml;ste kleine K&ouml;stlichkeiten aus der Region und nat&uuml;rlich M&ouml;hl-Spezialit&auml;ten. Die Familie M&ouml;hl freut sich auf deinen Besuch im Apfelparadies.&nbsp;</p>;9.412203402045316;47.5070748;St. Gallerstrasse 209;9320;Arbon;+41 71 447 10 00;momoe@moehl.ch;https://www.momoe.ch;[{'@type': 'ImageObject', 'contentUrl': 'https://ostpimtsoch.sos-ch-dk-2.exoscale-cdn.com/catalog/9/a/3/4/9a34f60e1eb5c3a93da85ed0d08a1bcadb1688bb_01f5fdd4bcd87cbb0c7f86bac7e46224.jpg'}];2026-06-22T21:53:27+02:00
caa010a8-2a9b-4fc6-b873-7991989e6f7c;Kleine Bühne Schaffhausen;Die «kleine bühne» ist seit über 70 Jahren auf der grossen Bühne des Stadttheaters Schaffhausen zuhause und lockt jedes Jahr erfolgreich zahlreiche kleine und grosse Theaterfans ins grosse Haus auf dem Herrenacker. ;<p>Jahr f&uuml;r Jahr verbringen die Mitglieder der kleinen b&uuml;hne - Menschen aus unterschiedlichsten Lebenswelten - einen grossen Teile ihrer Freizeit daf&uuml;r, Geschichten auf die B&uuml;hne zu bringen. Ob als Schauspieler*innen spielen, als Teil der Baucrew B&uuml;hnenbilder entstehen lassen, als Mitglied des N&auml;hteams Kost&uuml;me erschaffen oder als Verantwortliche f&uuml;r die Requisiten Brockenh&auml;user und Dachst&uuml;hle durchforsten - spielen, singen, h&auml;mmern, malen, zuschneiden, abstecken, aufsp&uuml;ren, schminken oder frisieren geh&ouml;ren dazu. So, wie die Produktionen zu Schaffhausen geh&ouml;ren. Ob vor Weihnachten f&uuml;r die Kinder oder alle zwei Jahre zur Saisoner&ouml;ffnung des Stadttheaters f&uuml;r die Erwachsenen.</p>;8.6502814;47.7114905;Ebnatring 25;8200;Schaffhausen;info@kleinebuehne.ch;https://www.kleinebuehne.ch/;[{'@type': 'ImageObject', 'contentUrl': 'https://ostpimtsoch.sos-ch-dk-2.exoscale-cdn.com/catalog/2/7/b/3/27b36d200008ad7370743e93481de33360c95841_a6a76b819f5ceb036257e17a51513cf6.jpg'}];2026-01-09T19:56:10+01:00
cb3c5dde-2367-4bb6-a152-4b3fde89f391;Rathaus Stein am Rhein;Das prachtvolle Rathaus von Stein am Rhein begeistert mit seinen farbenfrohen Fassadenmalereien und eindrucksvollen Fachwerkdetails. Im Herzen der Altstadt gelegen, zeugt es von der reichen Geschichte und Kultur der malerischen Stadt am Rhein.;<p><span data-teams="true">Das Rathaus entstand in den Jahren 1539 bis 1542. Lange Zeit diente es auch als Tuch-, Korn- und Kaufhaus. Seine heutige Gestalt erhielt es zwischen 1898 und 1900. Damals wurden die Markthalle geschlossen sowie der Erker und die Malereien angebracht. Die Geschichtsbilder stammen vom Historienmaler Carl von H&auml;berlin aus Stuttgart, die Wappen und Figuren von Christian Schmidt aus Z&uuml;rich. Im gotischen Grossen Ratssaal befinden sich unter anderem die ber&uuml;hmte Wappenscheibenkollektion von 1542 und eine Waffensammlung aus dem 15. bis 18. Jahrhundert. Im Kleinen Ratssaal, der 1766 mit vergoldeter T&auml;felung im Rokoko-Stil ausgestattet wurde, tagt seit 1542 der Stadtrat.</span></p><p><span data-teams="true">Das Rathausgeb&auml;ude und die Sammlungen k&ouml;nnen derzeit nicht besichtigt werden.</span></p>;8.85969464159983;47.65925145;Rathausplatz 6;8260;Stein am Rhein;[{'@type': 'ImageObject', 'contentUrl': 'https://ostpimtsoch.sos-ch-dk-2.exoscale-cdn.com/catalog/8/9/5/9/8959417ea1ee539e7e56981da96ef0adadae83f7_c65ed6532c7886b0a6dc32a4bdc69f82.jpg'}];2025-10-28T18:58:21+01:00
cc8962eb-f13f-40e0-bf40-299d08b3eb8a;Karussell Neunkirch;Kinder Nostalgie Karussell mieten;<p>Ein Kinderkarussell, welches Kinder erfreut und bei Erwachsenen Kindheitserinnerungen aufkommen l&auml;sst. Nostalgische Figuren von h&uuml;pfenden Pferden &uuml;ber Schwan, G&uuml;ggel, L&ouml;we, B&auml;r usw. und nat&uuml;rlich die Orgelmusik begeistert die Kinder auf der Karussellfahrt. Das nostalgische Lafayette anno 1897 hat Platz f&uuml;r 12 Kinder pro Fahrt.</p><ul><li>Gr&ouml;sse des Modules: L&auml;nge 3,0 m x Breite 3,0 m x H&ouml;he 3,8 m</li><li>Platzbedarf: L&auml;nge 4,0 m Breite 4,0 m x H&ouml;he 4,0 m</li><li>Strombedarf: 1 x 230 V /16 A</li><li>Betreuung: 1 Person</li><li>Anzahl Pl&auml;tze: 12</li><li>Selbstbetreuung m&ouml;glich.</li><li>Instruktion ist im Preis inbegriffen.</li><li>Mietpreis: f&uuml;r 1 Tag CHF 750.00, jeder weitere Miettag (CHF 400.00). L&auml;ngere Buchungen auf Anfrage.</li><li>Auf- und Abbau vor Ort pauschal CHF 150.00</li><li>Lieferung: innerhalb Kanton Schaffhausen im Auf-und Abbaupreis inbegriffen. Weitere Distanzen nach Absprache.</li><li>Bedienservice durch uns: zus&auml;tzlich zum Mietpreis CHF 400.00 pro Tag.</li><li>Versicherung inklusive.</li><li>Betreuung bis 6 Stunden Aktionszeit. F&uuml;r jede weitere Stunde wird CHF 40.00 berechnet.</li></ul>;8.4987558;47.6902925;Vordergasse 32;8213;Neunkirch;+41 76 801 15 56;urs.wildberger@bluewin.ch;[{'@type': 'ImageObject', 'contentUrl': 'https://ostpimtsoch.sos-ch-dk-2.exoscale-cdn.com/catalog/6/c/3/f/6c3f868511fa06b4fbb2b4ed1b7008910f63ddea_4da2f8cbe0ad8683b40e5cbe4b01dd9c.jpg'}];2026-01-23T19:10:41+01:00
ce7bd415-1deb-4198-994b-81bf477b6f10;Forum Würth Rorschach;Kunst am See erleben;<p>Direkt am sch&ouml;nen Bodenseeufer k&ouml;nnen G&auml;ste bei freiem Eintritt regelm&auml;ssig wechselnde Kunstausstellungen besuchen. Das Forum W&uuml;rth Rorschach ist der museale Bereich des W&uuml;rth Haus Rorschach und zeigt regelm&auml;ssig wechselnde Kunstausstellungen zu unterschiedlichen Themen. Mit den Foyer‒Pr&auml;sentationen bietet das Forum W&uuml;rth Rorschach neben der Hauptausstellung immer wieder neue Ausstellungen und gibt einen weiteren spannenden Einblick in die moderne und zeitgen&ouml;ssische eigene Sammlung W&uuml;rth, die mittlerweile &uuml;ber 21'000 Werke umfasst. Der Skulpturengarten l&auml;dt ganzj&auml;hrig zum Verweilen ein und bildet einen fliessenden &Uuml;bergang der Kunst aus dem Inneren des Hauses bis zum Bodenseeufer. Hier findet man z.B. Exponate von Niki de Saint Phalle, Horst Antes und Henry Moore. Vor allem f&uuml;r Familien bietet der Skulpturengarten eine besondere Abwechslung mit zum Teil bespielbaren Mosaik-Skulpturen wie der &laquo;B&auml;r&raquo; oder &laquo;Nikigator&raquo; von Niki de Saint Phalle.</p>;9.50669;47.47842;Churerstrasse 10;9400;Rorschach;+41 71 225 10 00;info@wuerth-management.com;https://www.wuerth-haus-rorschach.ch;[{'@type': 'ImageObject', 'contentUrl': 'https://ostpimtsoch.sos-ch-dk-2.exoscale-cdn.com/catalog/f/6/d/c/f6dc82fc1442afa22de0bb50df136a05959fff50_0c5c69b8cae11a540732269adef8e365.jpg', 'caption': {'de': 'Einblick in die Ausstellung «Wasser, Wolken, Wind»'}}];2026-06-16T20:35:33+02:00
cf73b21d-50eb-44c8-9127-9462dcb2730c;Thurgauer Schulmuseum Amriswil;Im ehemaligen Schulhaus von Amriswil befindet sich das erste Schulmuseum der Schweiz – ein Ort, der die Geschichte des Schweizer Schulwesens der letzten 100 Jahre auf faszinierende Weise lebendig werden lässt. Die Dauerausstellung zeigt ein originalgetreu erhaltenes Schulzimmer aus den 1920er-Jahren, ergänzt durch abwechslungsreiche Wechselausstellungen.;<p>Das Schulmuseum ist ein Erlebnis für alle Generationen: Im liebevoll eingerichteten Klassenzimmer im ersten Obergeschoss fühlen sich ältere Besuchende in ihre eigene Schulzeit zurückversetzt, während jüngere entdecken, wie das Lernen damals ablief. Die authentische Atmosphäre von 1920 wird durch originale Schulmöbel und Materialien greifbar gemacht. So laden etwa Thurgauer Lesebücher aus den Jahren ab 1910 zum Stöbern ein, und alte Hilfsmittel wie Setzkästen, Schreibfedern, Fibeln, Schiefertafeln und Rechenschieber lassen längst vergangene Unterrichtsmethoden wieder aufleben.</p><p>Das Schulmuseum bietet als ausserschulischer Lernort verschiedene museumspädagogisch betreute und auf den Lehrplan abgestimmte Vermittlungsangebote für Schulklassen vom Kindergarten bis zur Oberstufe und Mittelschule. Spannende Wechselausstellungen greifen Themen wie «Näschi» oder Werken auf, und bei Museumsveranstaltungen gibt es tiefere Einblicke in die Schweizer Schulgeschichte.</p><p>Ein Besuch im Schulmuseum Amriswil ist eine Zeitreise, die Bildungsgeschichte spürbar und erlebbar macht.</p>;9.2737792;47.5443811;Weinfelderstrasse 127;8580;Amriswil;+41 71 410 07 01;info@schulmuseum.ch;http://www.schulmuseum.ch/;[{'@type': 'ImageObject', 'contentUrl': 'https://ostpimtsoch.sos-ch-dk-2.exoscale-cdn.com/catalog/4/c/2/d/4c2d1cb82904762962012518b82d49d8a86d4b95_6ea60c49b74d7e264dd8bd82f9ad9507.jpg'}];2025-02-17T13:24:37+01:00
d0d4b080-eac0-4f15-a980-e19469c6394c;Schaudepot St. Katharinental | Volkskundliche Sammlung Historisches Museum Thurgau;Das Schaudepot St. Katharinental, idyllisch am Rheinufer bei Diessenhofen gelegen, ist ein Zentrum für ländliche Alltagskultur im Bodenseeraum: Landwirtschaft, Weinbau, Transport, Handwerk und Gewerbe sowie häusliche Frauenarbeit werden hier lebendig in Szene gesetzt.;Im Kornhaus des ehemaligen Dominikanerinnenklosters wird eine überwältigende Vielfalt von über 10'000 Objekten ausgestellt. Auf eindrückliche Weise werden Besuchende hier Zeuge der Lebens- und Arbeitsweise zu Urgrossmutters Zeit. Auf 2'700 Quadratmetern heisst es Eintauchen in die Welt unserer Vorfahren. Was bewegte Pferdebesitzer dazu, ein Stück graviertes Hirschgeweih an ihr Fuhrwerk zu hängen? Weshalb wurde ein Scherenmotiv in einen Dachziegel gedrückt? Auf geführten Touren erfahren Besuchende faszinierende Geschichten aus einer Zeit ohne Rasenroboter, Induktionsherd und Mobiltelefon. Darüber hinaus bestaunen sie auch das grösste historische Holzfass der Schweiz, ein 45'000 Liter-Gigant von 1759 aus Mostindien.

Das Schaudepot öffnet seine Tore das ganze Jahr – allerdings nur auf Voranmeldung. Zur Auswahl stehen Führungen zu verschiedenen Themen, die ca. 60 Minuten dauern.;8.736922;47.6909985;Franzosenstrasse;8253;Diessenhofen;+41 58 345 73 80;historisches.museum@tg.ch;http://www.historisches-museum.tg.ch/;[{'@type': 'ImageObject', 'contentUrl': 'https://ostpimtsoch.sos-ch-dk-2.exoscale-cdn.com/catalog/b/2/9/c/b29c026fddb65804934e44466f4366edd5a82987_d044d3a60bd559d308507932d9827edb.JPG'}];2026-04-01T22:45:52+02:00
d1458296-803b-4992-88a5-b19f37464faa;Sternwarte Schaffhausen;Die Sternwarte Schaffhausen lädt dazu ein, in die faszinierende Welt der Sterne und Planeten einzutauchen – ein Ort zum Staunen, Entdecken und Träumen.;Die Sternwarte Schaffhausen ist im Jahre 2012 eröffnet worden und hat die über 60 jährige Sternwarte auf der Steig ersetzt. Sie verfügt über ein grosses Observatorium mit mehreren Geräten zur Himmelsbeobachtung. Das grösste ist ein Newton-Reflektor mit 40 cm Spiegeldurchmesser; mit den kleineren Teleskopen kann unter Anleitung auch auf eigene Faust nach Himmelsobjekten gesucht werden.

Ein bewölkter Himmel ist für die Schaffhauser Sternwarte kein Grund, auf Astronomie zu verzichten: Im modernen Planetarium mit 25 Sitzplätzen sind atemberaubende Ausflüge in’s Weltall möglich. Auch Filme in 360° können gezeigt werden.

Ein gut ausgerüsteter Schulungsraum bietet Platz für rund 35 Personen. Hier erhalten Sie eine erste Einführung in die Geheimnisse der Astronomie.

Und wenn Sie schon alles über die Astronomie wissen: Von der Terrasse des Planetariums geniessen Sie eine einmalige Aussicht auf die Stadt Schaffhausen und den nahe gelegenen Randen.

Für den Durst gibt es die «Astro-Bar», die bei schönem Wetter auch unter freiem Himmel aufgestellt werden kann.;8.609760754275321;47.70562385;Weiherweg 8;8200;Schaffhausen;reservation@sternwarte-schaffhausen.ch;http://www.sternwarte-schaffhausen.ch/;[{'@type': 'ImageObject', 'contentUrl': 'https://ostpimtsoch.sos-ch-dk-2.exoscale-cdn.com/catalog/f/f/5/d/ff5d41c455bfeca2bfa127bbf8a772fe392203ef_fb0debabfdd7d328360e7c84cea84323.jpeg'}];2026-01-09T19:41:31+01:00
d1643c65-1190-4265-91c5-af97df6ec58c;Pflug- und Schmiedemuseum Guntmadingen;In Guntmadingen im Kanton Schaffhausen befindet sich das grösste Pflugmuseum der Schweiz.
Wir betreiben auch eine historische Hammerschmiede.;In Guntmadingen liegt eine Hammerschmiede, in der alte Schmiedehämmer wieder zum Leben erweckt werden. Mit selbst entwickelten Brennöfen kann das Verhütten von Bohnerz demonstriert und daraus Eisen gewonnen werden. Daneben kann eine beeindruckende Sammlung an Pflügen bestaunt werden, wovon einer mutmasslich aus Bohnerz vom Südranden geschmiedet wurde.;8.5560677;47.6853156;Neuengasse 14;8223;Guntmadingen;079 352 42 65;info@pflugmuseum.ch;https://www.pflugmuseum.ch/;[{'@type': 'ImageObject', 'contentUrl': 'https://ostpimtsoch.sos-ch-dk-2.exoscale-cdn.com/catalog/7/0/9/6/7096f4a83ad4964f5f00e555d1eb1c359db334e9_05e286b1fe662603d22e8ce27c41fc06.jpg'}];2025-02-17T12:51:25+01:00
d35a4d6d-a842-49a3-b8d7-202230e2e5c5;Palace;Das Palace spürt mit einem vielseitigen Musikprogramm popkulturelle Strömungen und überraschende Klänge auf. Auch Vorträge über Themen von Verkehrsplanung über die Medienkrise bis zum Weltuntergang gehören zum Programm.;<p>Das jahrzehntelang als Kino betriebene Palace wurde 2006 als Konzertlokal von einer Gruppe regionaler Kulturschaffenden eröffnet. Mit einem für die Ostschweiz einzigartigen Programm entwickelte sich das Palace rasch zu einem Konzertlokal, das über die Stadt- und Landesgrenzen hinaus Beachtung fand. Im vielseitigen Musikprogramm werden popkulturelle Strömungen, interessante Nischen und überraschende Klänge verfolgt. Die Vortragsreihe &laquo;Erfreuliche Universität&raquo; behandelt aktuelle gesellschaftliche, politische und kulturelle Fragen und hat sich zu einem wichtigen städtischen Diskussionstreffpunkt entwickelt.</p>;9.3731219;47.4266283;Zwinglistrasse 3;9000;St. Gallen;+41 71 222 21 23;kontakt@palace.sg;http://www.palace.sg/;[{'@type': 'ImageObject', 'contentUrl': 'https://ostpimtsoch.sos-ch-dk-2.exoscale-cdn.com/catalog/0/7/1/6/0716b7220bb47a41870902c13b74fb96f7862876_40824fb4aa08576a0256bf5a44b98825.jpg'}];2026-06-16T20:17:36+02:00
d50e30d5-51bd-4c74-bfb1-8ef94c1e2235;Alte Schmitte Neunkirch;Alte Schmiedewerkstatt mit original erhaltener Einrichtung aus zwei Jahrhunderten;In der alten Schmitte in Neunkirch wurde womöglich in der zweiten Phase des Erzabbaus auf dem Südranden von 1810 -1850 auch Bohnerz geschmiedet. Von 1823 bis zur Schliessung im Jahre 1948 betrieben hier drei Generationen der Familie Uehlinger eine Waffen- und Hufschmiede. 

Individuelle Besichtigungen sind auf Anfrage jederzeit möglich (ohne Schmiedevorführungen) Infos: www.schmitte-neunkirch.ch;8.5003105;47.6903841;Vordergasse 8;8213;Neunkirch;052 681 24 68;gabiuehlinger@bluewin.ch;https://schmitte-neunkirch.ch/;[{'@type': 'ImageObject', 'contentUrl': 'https://ostpimtsoch.sos-ch-dk-2.exoscale-cdn.com/catalog/4/2/3/4/423484733fcd9ccf99dff13660bf9119b696516f_706c5f4eb46a1341c71707998daedba0.jpg'}];2025-02-17T12:51:25+01:00
d8ac0cdc-986e-4bfa-b0cc-7360a7e39c13;museumbickel;Das museumbickel in Walenstadt zeigt zeitgenössische Kunst aus der Schweiz und Nachbarländern. Es bietet drei bis vier Ausstellungen jährlich und ist ein bedeutender Kunstschauplatz der Region. Gruppenführungen sind auf Anfrage möglich.;Das museumbickel in Walenstadt besteht seit 2002 und wird von der Karl-Bickel-Stiftung getragen. Es realisiert drei bis vier Ausstellungen pro Jahr. Interessante zeitgenössische Positionen aus der Schweiz und den Nachbarländern werden gezeigt, wobei auch das Kunstschaffen in der Region regelmässig beleuchtet wird. Eine Ausstellung pro Jahr widmet sich den Werken von Karl Bickel.

Mit seinem eigenständigen Programm und zahlreichen anregenden Begleitveranstaltungen, wie Führungen, Konzerten, Podiumsdiskussionen, ist das museumbickel zu einem wichtigen Schauplatz des Kunstgeschehens der Region geworden.

Das museumbickel überzeugt mit seiner Ausstellungshalle von beinahe unveränderter Industriearchitektur des beginnenden zwanzigsten Jahrhunderts. Die säulenfreie Halle von 400 m2 bietet alles, was die grundlegenden Bedürfnisse der Kunst an Zeit und Raum, Stille und Licht verlangen.

Gruppenbesuche und Führungen auf Anfrage auch ausserhalb der Öffnungszeiten.;9.3121399;47.1218073;Zettlereistrasse 9;8880;Walenstadt;+41 81 710 27 77;info@museumbickel.ch;http://www.museumbickel.ch;[{'@type': 'ImageObject', 'contentUrl': 'https://ostpimtsoch.sos-ch-dk-2.exoscale-cdn.com/catalog/d/b/0/8/db08a635e6e0f2ce8c66e44a28875afe57dc9a05_32928e79177fcac294f6aa917b3da37c.jpg'}];2025-12-15T22:15:04+01:00
d947383e-104c-49e2-9e2b-3c48fa7a430b;Turngeräte Museum;Seit 1912 Jahren kommen in der Schweiz die Turngeräte für das Schul- und Vereinsturnen aus Ebnat-Kappel!;Besucher und Besucherinnen finden in der Ausstellung Turngeräte, welche sofort Erinnerungen und Emotionen wecken. Neben diesen Geräten können auch Unikate bestaunt werden, wie das vermutlich älteste noch existierende Pauschenpferd mit Kopf und Schwanz. Bücher, Fotos und Filme zeigen als Zeitzeugen das Turnen von damals.

Wir beleuchten die über 300-jährige Geschichte des Turnwesens: von den Übungen in den Ritterakademien, dem Turnen als vaterländische Pflicht, bis zu Sport, Spiel und Spass! 
Neu auch mit Audioguide, Themenparcours und verschiedenen Rätseln.


Eintritt: 
CHF 5.-/Person
Kinder und Jugendliche bis 16 Jahre gratis
Führungen für Gruppen: CHF 10.-/Person, mindestens CHF 80.-/Gruppe 

;9.115742400845049;47.265513299999995;Industriestrasse 10;9642;Ebnat-Kappel;+41719926633;museum@alder-eisenhut.swiss;https://turngeraetemuseum.ch/;[{'@type': 'ImageObject', 'contentUrl': 'https://ostpimtsoch.sos-ch-dk-2.exoscale-cdn.com/catalog/4/9/4/7/4947e23c469600dff8ae67f37f0458d039241f23_7bccf44022866d712e63ea19c4d3a1f5.jpg'}];2025-10-28T16:18:03+01:00
da17da8e-fc7c-4b1d-a719-7d1c8b913f8e;Seifenmuseum;Erstaunliches über die Vielfalt von Farben, Formen und Verwendungszwecken der Seifen.;Das schmucke Seifenmuseum in St.Gallen entführt die Besucherinnen und Besucher in duftender Umgebung in die Welt der Seife, ihrer Produktion und Vermarktung. Anhand einer alten Maschine aus der Seifenproduktion wird die Herstellung von Seife auf anschauliche Weise gezeigt. Alte Reklamen vermitteln ein Bild der Seifenwerbung von früher und Werkzeuge, die noch vor zwei Generationen in jedem Haushalt zu finden waren, geben einen Einblick in die Kulturgeschichte des Waschens.;9.3921067;47.4304028;Grossackerstrasse 2;9000;St. Gallen;+41 79 692 61 81;kontakt@seifenmuseum.ch;http://www.seifenmuseum.ch;[{'@type': 'ImageObject', 'contentUrl': 'https://ostpimtsoch.sos-ch-dk-2.exoscale-cdn.com/catalog/b/a/3/d/ba3d22e7702e08b656a06c12108e02ae5cf735cc_df2c7f4d4834f4b9284f59a451ed6600.jpg'}];2026-06-16T20:35:33+02:00
da48a8d3-a95a-4387-acc5-5bd9d41d8f8e;Eisenwerk Frauenfeld;Das Eisenwerk, 1986 aus einer alten Schraubenfabrik entstanden, ist heute kulturelles Epizentrum von Frauenfeld. Hier finden zahlreiche Konzerte, Theaterveranstaltungen und Ausstellungen statt.;In einer inspirierenden Atmosphäre, die industrielle Grosszügigkeit und Werkstattcharakter ausstrahlt, finden weit über hundert Veranstaltungen pro Jahr statt. Diese werden zumeist vom Verein Kultur im Eisenwerk durchgeführt; die Räume im Eisenwerk können aber auch für eigene private oder öffentliche Veranstaltungen gemietet werden. Daneben gibt es auch kulturelle Kurse für Kinder, Jugendliche und Erwachsene und eine Gemeinschafts-Werkstatt mit Leihlager. Die Webseite des Eisenwerks vermittelt das ganze bunte Programm.
 
;8.8940078;47.5610445;Industriestrasse 23;8500;Frauenfeld;+41 52 728 89 99;genossenschaft@eisenwerk.ch;https://www.eisenwerk.ch/;[{'@type': 'ImageObject', 'contentUrl': 'https://ostpimtsoch.sos-ch-dk-2.exoscale-cdn.com/catalog/4/c/2/7/4c278e8beb791fc32dd1d049581be197ff7d4214_487b737796494ca754b9d12dc783aec2.jpg'}];2025-02-17T13:21:04+01:00
dc870fd2-eb85-41f0-a6c9-c69ae78a8a94;Puppentheater-Wildhaus;Puppentheater Wildhaus
Willkommen im Puppentheater Wildhaus – wo Fantasie lebendig wird!
Seit 1978 begeistern liebevoll geführte Marionetten Kinder und Erwachsene gleichermassen. Ob märchenhafte Nachmittagsvorstellung oder stimmungsvolles Abendstück.;Puppentheater Wildhaus – ein kleines Wunder im Toggenburg

Im Herzen von Wildhaus verbirgt sich ein besonderer Ort der Fantasie: das Puppentheater Wildhaus.
Hier erzählen kunstvoll geführte Marionetten Geschichten voller Herz, Humor und Magie – für Kinder und Erwachsene gleichermassen.

Seit 1978 begeistert das engagierte Team mit liebevoll inszenierten Aufführungen, handgefertigten Figuren und einer unverwechselbaren Atmosphäre.
Am Mittwoch-Nachmittag gehört die Bühne den kleinen Gästen, am Mittwoch-Abend entführt das Ensemble Erwachsene in poetische und humorvolle Theaterwelten.

Ein Besuch im Puppentheater Wildhaus ist mehr als Unterhaltung – es ist ein Stück gelebte Kultur im Toggenburg, das Gross und Klein verzaubert.

👉 Tipp: Ideal für Familien, Gruppen und Kulturfreunde – ein unvergessliches Erlebnis für Ihren Aufenthalt in Wildhaus.;9.34543;47.20138;Rietli 182;9658;Wildhaus;+41 794686105;praesident@puppentheater-wildhaus.ch;https://www.puppentheater-wildhaus.ch/;[{'@type': 'ImageObject', 'contentUrl': 'https://ostpimtsoch.sos-ch-dk-2.exoscale-cdn.com/catalog/e/6/c/4/e6c473e8d60ca3bb9e04dff14577551b983b3f48_9b712831afac169a7e11064769f536d0.jpg'}];2026-03-12T19:55:09+01:00
dcc4526c-68f8-4731-b59c-d7f511261513;Stammheimer Hopfentropfen Erlebnishof;Auf dem Hopfen-Hof im beschaulichen Stammheimertal erwarten Gäste feuchtfröhliche Erlebnisse rund um Hopfen und Malz: Ein Hopfenlehrpfad, Führungen durch die Hopfenanlagen, eine Bier Olümp-iade, Hofladen und Besenbeiz oder das Brauen des eigenen Biers. Prost!;Die Bier-Erlebniswelt auf dem Hopfen-Hof ist vielfältig. In der kleinen hofeigenen Brauerei etwa brauen Gäste ihr eigenes Bier und personalisieren es mit spezieller Etikette. Auf dem Lehrpfad erfährt man alles zum Hopfenanbau und degustiert natürlich vom hauseigenen Hopfenbräu. Bei einer Bier Olümp-iade stärken Gruppen den Teamgeist und lassen sich bei einer Degustation mit Hopfen-Spezialitäten oder dem hofeigenen Whisky verwöhnen. Zu letzterem gibt’s eigene Seminar in der neuen Whisky-Lounge. Auch für das leibliche Wohl wird auf dem Hopfen-Hof gesorgt. Eine Besenbeiz begrüsst Besuchende im Garten oder im Innenbereich mit währschaften Speisen. Auch Feste feiern kann man in den urchig gemütlichen Räumlichkeiten des Hofs ganz wunderbar. ;8.7802289;47.6335853;Kollbrunn 422;8476;Unterstammheim;+41 52 745 27 19;reutimann@hopfentropfen.ch;http://www.hopfentropfen.ch;[{'@type': 'ImageObject', 'contentUrl': 'https://ostpimtsoch.sos-ch-dk-2.exoscale-cdn.com/catalog/8/9/7/1/897120bd8f60b62c0e83d210d12d793cd7dfdd97_5caa7ce01eda7d0ce6a9ffa0987a47f2.JPG'}];2026-02-16T23:41:18+01:00
dfcc5a75-11d1-4478-9ec9-674ba307e3cc;Drei Weieren;Das Naturschwimmbad mit einzigartigem Ausblick über die historische Gallusstadt und den Bodensee.;<p>Im 17. Jahrhundert k&uuml;nstlich angelegt, um die Wasserversorgung der Textil-Bleichen und Feuerwehren zu gew&auml;hrleisten, nutzten die Bewohner die Weieren schon bald zum Baden und Erholen. Damals wurde streng nach Geschlechtern getrennt &ndash; darum auch die Namen &laquo;Manne- und Buebeweiher&raquo; und &laquo;Frauen- und Familienbadi&raquo;. Die Drei Weieren z&auml;hlen heute zu den sch&ouml;nsten Naturschwimmb&auml;dern der Schweiz. Die schmucken historischen Jugendstil-Holzbauten erinnern an St.Gallens Vergangenheit als Textil-Weltstadt. Heute l&auml;dt das Naherholungsgebiet nebst dem Baden auch zum Flanieren, Picknicken und im Winter auch zum Schlittschuhlaufen ein. Anreise Drei Weieren: Die Weiherlandschaft ist sehr gut an das Stadtzentrum angebunden. So fahren die M&uuml;hleggbahn oder der Stadtbus 6 (Richtung St. Georgen Bach) bis zur Station &laquo;St. Gallen, M&uuml;hlegg&raquo;. Von dort erreicht man die Weiher in gut f&uuml;nf Minuten zu Fuss. In den Sommermonaten f&auml;hrt gar ein B&auml;derbus direkt zu den Weihern. Anreisende mit dem Auto finden kostenpflichtige Parkpl&auml;tze unter anderem beim Frauenbad.</p>;9.38322979999998;47.4200042;Bitzistrasse 65;9011;St. Gallen;[{'@type': 'ImageObject', 'contentUrl': 'https://ostpimtsoch.sos-ch-dk-2.exoscale-cdn.com/catalog/7/1/5/e/715e4834c9fc043826e45bbaa80987d4b1a24f61_93a62104f59c62ac794b7b3a6100c01c.jpg'}];2026-06-16T20:10:27+02:00
e3a0bafc-657d-4335-968a-a7b43857768d;Klangwelt Toggenburg;Das Toggenburg, in den Voralpen der Ostschweiz gelegen, ist geprägt von einer ursprünglichen Gesangs- und Musikkultur, welche in der einheimischen Bevölkerung stark verwurzelt ist.;Wir bieten einzigartige Erlebnisse in Klangkursen, auf dem Klangweg, bei Festivals und Konzerten, in der Klangschmiede und im Klanghaus am Schwendisee. Die qualitativ hochstehenden Angebote richten sich an Laien, Hobby-Musikanten, Berufsmusiker, Geniesser, Familien oder an Personen, die sich eine neue Klangwelt eröffnen möchten.

Der Klangweg
Klangwandern Sie auf dem einzigartigen Erlebnisweg!
Über 25 Klanginstallationen freuen sich entdeckt und bespielt zu werden.  Lassen Sie beim «Röhrophon» mit Flipflops eine Melodie ertönen, erleben Sie verschiedene Schellen- und Glockentöne bei der «Glockenbühne» oder bringen Sie Wasser durch Reibung zum Springen beim «Hüpfwasser». Die vielen Klanginstallationen bieten Spass für Gross und Klein. Der Klangweg erstreckt sich über mehrere Etappen von der Alp Sellamatt über Iltios bis ins Oberdorf und ist bequem mit den Bergbahnen erreichbar. Das perfekte Familienerlebnis wird von vielzähligen Grillstellen, Bergrestaurants, Spielplätzen und der unvergleichlich authentischen Bergidylle des Toggenburgs garantiert.

Die Klangschmiede
In der 2011 eröffneten Werkstatt und Geschäftsstelle der Klangwelt Toggenburg wird das Kunsthandwerk des Schmiedens von Schellen und anderen Klangkörpern gezeigt und vermittelt. Die Klangschmiede ist ein interaktives Erlebnishaus mit verschiedenen Themenräumen.

Tauchen Sie ein in die Themen Weltall, Fauna und Flora, Naturtonmusik und Brauchtum. Und erfahren Sie mehr über Klangphänomene oder Heilung durch Klang. Ausprobieren und Experimentieren ist ausdrücklich erwünscht.

Klangkurse
Tauchen Sie ein in die Klänge der Tradition, ins Heim- und Fernweh, in eine atemberaubende Lautsphäre zwischen den Churfirsten und dem Alpstein. Bekannte Musikpersönlichkeiten und hochkarätige Kursleitende bieten ein breites Angebot an Wissensvermittlung und Kulturerlebnis für neugierige Laien und anspruchsvolle Musiker.

Das Klangfestival
Seit 2004 treffen sich alle zwei Jahre Stimmen aus aller Welt am Klangfestival Toggenburg. Dann jeweils wird die Propstei in Alt St. Johann zum Epizentrum des Naturklangs. Hier, im Tal gelebter Tradition, treffen Musikerinnen und Musiker, Sängerinnen und Sänger aus nah und fern aufeinander.

An weiteren Konzerten über das Jahr verteilt haben verschiedenste Künstlerinnen und Künstler die Möglichkeit, im Toggenburg aufzutreten.

Das Klanghaus
Das Klanghaus wird ab Mai 2025 der wichtigste Ort der Klangwelt Toggenburg werden: ein einmaliger Anziehungspunkt inmitten der Natur für Proben, Aufnahmen, Kurse, für Forschung und Experiment, mit einer exzellenten Akustik und professionellen Aufnahmemöglichkeiten.;9.27900552749634;47.19344167004296;Sonnenhalbstrasse 22;9656;Alt St. Johann;+41 71 998 50 00;info@klangwelt.ch;http://www.klangwelt.ch;[{'@type': 'ImageObject', 'contentUrl': 'https://ostpimtsoch.sos-ch-dk-2.exoscale-cdn.com/catalog/f/a/1/6/fa1652db634f3ada4e158c7e5bd1a25327562a11_45cb506a5a1adab7705bb8bb6eecfc31.jpg'}];2025-10-28T16:18:03+01:00
e3cd6f5d-1e4b-4015-91f3-15f9687d03a9;Brauchtumsmuseum - Naturjodelkurs und Talerschwingen;Brauchtum und Kultur im Brauchtumsmuseum in Urnäsch erleben.;Nach einem appenzellischen Willkommensgetränk erhalten Sie unter fachkundiger Führung einen Einblick in die bäuerliche Kultur des Appenzellerlandes und erlernen mit einem Appenzeller Jodler in den stimmungsvollen Räumlichkeiten den Naturjodel und das Talerschwingen. Ein echtes Erlebnis!

Dauer: 2 bis 2 1/2 Stunden
Teilnehmer: bis 25 Personen
Kosten: CHF 260.00 zzgl. Museumseintritt;9.2829;47.31713;Dorfplatz 6;9107;Urnäsch;+41 71 364 23 22;info@museum-urnaesch.ch;https://www.museum-urnaesch.ch;[{'@type': 'ImageObject', 'contentUrl': 'https://ostpimtsoch.sos-ch-dk-2.exoscale-cdn.com/catalog/a/f/5/7/af5765ed5ce94216df7bfcb4782f1176233d377a_0ec53b62e4060c893efe78c29ff2d071.gif'}];2025-02-17T09:50:55+01:00
e41bb8b9-a378-4806-8098-1c335f67a7cb;Kutschenfahrten Müller;Gerne führen wir für Sie während des ganzen Jahres Pferdefahrten durch.

Ausflugsfahrten für:
- Geburtstag
- Hochzeit
- Jubiläum
- als Geschenksidee;Willkommen bei Müllers Kutschenfahrten.

Erleben Sie die Schönheit von Wattwil, Ebnat-Kappel und Krummenau in exklusiver Atmosphäre. Wir bieten Kutschenfahrten für Gruppen jeder Grösse an. Rufen Sie uns an, wir beraten Sie gerne.;9.112739800000003;47.271621499999995;Stegrütistrasse 3;9642;Ebnat-Kappel;079 696 79 92;mueller.ebnat-k@thurweb.ch;[{'@type': 'ImageObject', 'contentUrl': 'https://ostpimtsoch.sos-ch-dk-2.exoscale-cdn.com/catalog/1/1/e/9/11e9ac945febf68760efdf5c9a7441950fda7853_48cd9b8011cb49e233b098de6175060a.JPG'}];2026-04-01T19:44:25+02:00
e5f520d6-2ec9-44bb-bda6-4ec92c546401;Festhalle Rüegerholz;Die Festhalle Rüegerholz in Frauenfeld ist multifunktionale Event-Location sowie Dreifach-Turnhalle mit Infrastruktur für jeden Anlass.;Die Festhalle Rüegerholz in Frauenfeld ist die ideale Location für grosse Anlässe. Sie bietet den rustikalen Rahmen, Infrastruktur und Platz für Konzerte, Partys, Firmenanlässe, Tagungen, Hochzeiten, Bankette, Ausstellungen, Sportanlässe oder Ähnliches. Bis zu 1'000 Personen finden Platz bei einer Bankettbestuhlung und bis 3'500 Stehplätze sind vorhanden. Grosse Bühne mit Einrichtung für Bands, Rangverkündigungen oder Darbietungen, ein Office für den professionellen Betrieb einer Festwirtschaft und genügend Parkplätze in nächster Umgebung stehen zur Verfügung. Weitere Informationen sowie den aktuellen Belegungsplan finden Gäste auf der Website der Stadt Frauenfeld.;8.90019304392472;47.54942045;Festhüttenstrasse 21;8500;Frauenfeld;052 721 23 10;afs@stadtfrauenfeld.ch;https://www.frauenfeld.ch/festhalle;[{'@type': 'ImageObject', 'contentUrl': 'https://ostpimtsoch.sos-ch-dk-2.exoscale-cdn.com/catalog/e/3/2/3/e323cda17fc2f4c5ab84ef01b2304ad6c20cd38e_989a547ed15d0ea2e980dc625099b68e.jpg'}];2025-02-17T13:21:04+01:00
e6b38b56-8c08-4f7d-8011-bee2c98d13d8;Rosengarten Charlottenfels;Der circa 300 Quadratmeter grosse Rosen- und Pfingstrosengarten wurde einst vom Schweizer «Rosenvater» Dietrich Woessner als Stil- und Prüfgarten prächtig angelegt. ;<p>Die Rosen wurden durch die Rosenfreunde Schaffhausen 2009 neu gepflanzt. Gleich unterhalb der Rosen wachsen seit 2014 &uuml;ber 90 verschiedene Pfingstrosensarten. Gleich beim Garteneingang wachsen Wildarten, aus denen zahlreichen Sorten gez&uuml;chtet wurden. Auch sind zehn Sorten zu sehen, die der 2006 verstorbene Engl&auml;nder Sir Peter Smithers im Tessin gez&uuml;chtet hat.</p>;8.620969234807257;47.68968825;Charlottenfels;8212;Neuhausen am Rheinfall;[{'@type': 'ImageObject', 'contentUrl': 'https://ostpimtsoch.sos-ch-dk-2.exoscale-cdn.com/catalog/5/a/0/b/5a0b7d9c97d5b0ba647f86f1f5a2d6869c8aac53_aead41166be096445484d6581ee08dd9.jpeg'}];2026-01-09T19:33:57+01:00
e7e1cbf6-cfea-4409-8b44-caa572fc53ae;Klangspur powered by Foxtrail;Gehen Sie rund um Alt St. Johann auf die Spur des Fuchses.;<p>L&ouml;sen Sie knifflige und abwechslungsreiche R&auml;tsel auf der Klangspur durch Alt St. Johann. Beim rund einst&uuml;ndigen Abenteuer r&auml;tseln, knobeln und kombinieren Sie im Team und erleben &Uuml;berraschendes und Unerwartetes. Eine Schnitzeljagd, die Sie in bester Erinnerung behalten werden. Bitte buchen Sie einige Tage im Voraus online den Termin. Kurzfristige Buchungen k&ouml;nnen nicht garantiert werden und m&uuml;ssen telefonisch angefragt werden. Der Start ist in der Klangschmiede Alt St. Johann, Parkpl&auml;tze hinter der Raiffeisenbank (ca. 10 Minuten Fussweg).</p><p>&nbsp;</p><p>Auskunft zur Zug&auml;nglichkeit: <a href="https://www.ginto.guide/entries/b9e22bf0-8888-4917-9da4-ef803b686604?lnk_src=business" target="_blank" rel="noopener">ginto</a></p>;9.27897870540619;47.193419883716835;Sonnenhalbstrasse 22;9656;Alt St. Johann;+41 71 998 50 00;info@klangwelt.swiss;https://klangwelt.ch/angebote/gruppenangebote/klangspur-powered-by-foxtrail;[{'@type': 'ImageObject', 'contentUrl': 'https://ostpimtsoch.sos-ch-dk-2.exoscale-cdn.com/catalog/6/5/b/a/65bae879bd7d259f24bface779e6b317f269df69_771d88c2524565f460c76db7bd08e822.jpg'}];2026-04-17T20:18:21+02:00
e80cbd4d-5e42-49d7-ad9f-ac2041630448;Grillplatz Ijental, Nesslau;Im Ijental, oberhalb Nesslau, befindet sich diese gut eingerichtete Feuerstelle. Sie liegt am Klimaerlebnisweg Toggenburg.;Die Feuerstelle nach Schweizer-Familie-Standard ist eine von schweizweit über 500, die sich bestens für die Wanderverpflegung aus dem Rucksack oder für einen Tagesausflug eignet. Sie ist mit zwei Grillrosten, verfügbarem Brennholz und Sitzgelegenheiten gut eingerichtet. Sie lässt sich in gut einer Stunde ab Bergstation Rietbach auf der Wolzenalp erreichen und befindet sich am Klimaerlebnisweg Toggenburg. Idyllisch bettet sie sich in die Moorlandschaft ein, lauschig an einem kleinen See gelegen.

Kinderwagentauglich: ja (von Nesslau via Schneit), Holz: ja, Trinkwasser: nein, WC: ja, Kapazität: ca. 20
;9.16873;47.20912;[{'@type': 'ImageObject', 'contentUrl': 'https://ostpimtsoch.sos-ch-dk-2.exoscale-cdn.com/catalog/e/a/5/8/ea585d9fed63b9adecd0ae2a15b6cc482d082831_aea12ba60a8cdee137a6444c2b2f2cc4.JPG'}];2025-10-28T16:15:24+01:00
e9b1ecf3-8476-4775-b580-d7e72cf4b959;Planetarium - Sternwarte;Das Bodensee Planetarium ist das einzige seiner Art am Bodensee und beeindruckt Besucherinnen und Besucher durch seine modernste Technik und beeindruckende Multimedia- und Live-Shows. Die wechselnden Vorführungen bieten immer wieder neue, faszinierende Eindrücke.;Das Planetarium holt für die Besucherinnen und Besucher Sonne, Mond und Sterne vom Himmel - auch bei Regenwetter. Unterschiedliche Programme werden für Erwachsene, Familien und Kinder angeboten. Jeden Mittwochabend steht die Sternwarte der Öffentlichkeit zur Verfügung. Nachts können der Mond, Sternhaufen, Gasnebel und Galaxien beobachtet werden. Von der Dachterrasse aus erklärt fachkundiges Personal die Sternbilder und Planeten, die gerade am Nachthimmel sichtbar sind.;9.160468;47.6413215;Breitenrainstrasse 21;8280;Kreuzlingen;+41 71 677 38 00;hallo@bodensee-planetarium.ch;https://bodensee-planetarium.ch/?utm_source=thurgau-bodensee&utm_medium=referral&utm_campaign=lead&utm_content=portrait;[{'@type': 'ImageObject', 'contentUrl': 'https://ostpimtsoch.sos-ch-dk-2.exoscale-cdn.com/catalog/f/b/5/a/fb5a36b82de9ef736cafd84016975a5d7270fc61_a12d12dadc407f247967c7cf28b743c3.jpg'}];2025-02-17T13:24:37+01:00
ec2b5cc4-4834-4913-8e34-f322c0ca23de;Feuerstelle Nieschberg;Feuerstelle mit schöner Aussicht ;Die Feuerstelle wird zwischen April (Ostern) und Oktober wöchentlich mit Brennholz versorgt. Alle Feuerstellen sind öffentlich und dürfen von allen Personen benützt werden. Reservationen sind nicht möglich. Zudem hat es einen Rost, Tisch sowie einen Abfalleimer. ;9.275005000000002;47.37196985122776;9100;Herisau ;+41 71 354 54 54;info@herisau.ar.ch;[{'@type': 'ImageObject', 'contentUrl': 'https://ostpimtsoch.sos-ch-dk-2.exoscale-cdn.com/catalog/b/c/9/2/bc927c299cc7e591d7d840a61c34f743026b463f_e896dcc122090a2b3f8a55fd5f6802a7.jpg'}];2025-02-27T18:10:24+01:00
f0dc78df-b70a-4a58-9049-bece1ed96897;Grillplatz Stropfgarten;Die herrliche Grillstelle auf dem Chnobelweg lädt zum Verweilen ein. ;Auf dem letzten Drittel vom Chnobelweg Bächli ist der Platz mitten im Wald und gut geschützt vor der Sonne zu finden.

Ein grosser Tisch mit zwei Bänken, eine grosse Grillstelle mit Rost und Holz stehen zur Verfügung. 

Eine perfekter Ort um sich zu stärken, damit die letzten Rätsel mit "Chnobeln" schnell gelöst sind. ;9.203084;47.313843;9633 Hemberg (Bächli);info@hemberg-tourismus.ch;https://hemberg-tourismus.ch/;[{'@type': 'ImageObject', 'contentUrl': 'https://ostpimtsoch.sos-ch-dk-2.exoscale-cdn.com/catalog/7/b/e/9/7be9affcf1e47ea488067ecf70d6b49472c47ad0_5143f5e71b4b192cb33b30d60bcb3593.jpg', 'caption': {'de': 'Grillstelle Stropfgarten'}}];2025-10-28T16:15:24+01:00
f20bef8b-9f0c-4486-9faf-295055e6916d;Herrenacker;Der Herrenacker ist der grösster Platz in der Stadt Schaffhausen.;<p>Hier wurden früher Ritterturniere durchgeführt. Später wurde er als Parkplatz genutzt.</p><p>Heute finden jährlich Veranstaltungen und Konzerte wie zum Beispiel das Stars in Town statt. Ebenfalls findet man am Platz das Stadttheater sowie diverse Restaurants.</p>;8.633343585859027;47.695559700000004;Herrenacker;8200;Schaffhausen;[{'@type': 'ImageObject', 'contentUrl': 'https://ostpimtsoch.sos-ch-dk-2.exoscale-cdn.com/catalog/3/3/e/2/33e23bcea0b2a0dc3f3ae6978b02d413905c066d_26d9566d4f95b7320675ba1dc74a942e.jpg'}];2025-02-17T12:55:49+01:00
f56f2ac6-bf2e-4d02-83a3-810fc3d576e6;Klanghaus Toggenburg;Das Klanghaus Toggenburg ist ein Ort, an dem Architektur, Klang und Natur in einem einzigartigen Zusammenspiel erfahrbar werden.;<p>Die R&auml;ume des Klanghauses sind wie ein Instrument gebaut und bieten den Besuchenden die M&ouml;glichkeit, den Klang und seine Resonanzen auf besondere Weise zu erleben. Zwei Aussenb&uuml;hnen laden zu Konzerten und Musikexperimenten unter freiem Himmel am Schwendisee ein. Mit seiner einzigartigen Akustik wird das Klanghaus sowohl Besucherinnen und Besucher als auch Musizierende aus nah und fern begeistern und als Ort f&uuml;r Konzerte, Kurse, Proben, Workshops.</p><p><br><strong>&Ouml;ffnungszeiten&nbsp;</strong><br>Die &Ouml;ffnungszeiten des Klanghauses richten sich nach dem Programm und den verschiedenen Veranstaltungen.</p><p><strong>Das Klanghaus erleben</strong><br>Das Klanghaus ist im Rahmen von F&uuml;hrungen, Konzerten und Kursen zug&auml;nglich. Der Besuch im Innenbereich ist in der Regel an eine Teilnahme an diesen Angeboten gebunden. F&uuml;hrungen &ndash; das zentrale Erlebnis Das Klanghaus aus n&auml;chster N&auml;he entdecken</p><p>&bull; &Ouml;ffentliche F&uuml;hrungen finden jeweils am Sonntagnachmittag statt <br>&bull; Begrenzte Teilnehmendenzahl (25 Personen) f&uuml;r ein intensives Erlebnis <br>&bull; Voranmeldung empfohlen, da die Pl&auml;tze schnell ausgebucht sind</p><p><strong>Spontan vorbeischauen</strong> <br>Auch ohne F&uuml;hrung lohnt sich ein Besuch: Das Klanghaus ist wundersch&ouml;n in die Landschaft eingebettet und kann von aussen frei besichtigt werden &ndash; ideal f&uuml;r einen Spaziergang.</p>;9.3353568;47.1956423;Vordere Schwendistrasse 61;9657;Unterwasser;+41 71 998 50 00;info@klangwelt.ch;https://klangwelt.ch;[{'@type': 'ImageObject', 'contentUrl': 'https://ostpimtsoch.sos-ch-dk-2.exoscale-cdn.com/catalog/5/1/9/2/51921766edc01a5522295e631a3d53ce6ba8c31f_3ebaee7dbc0702eae3cc7b97759de065.jpg'}];2026-06-08T19:40:17+02:00
f5914ce7-2d65-4257-8234-e89642c4724c;Stadttheater Schaffhausen;Gastspielhaus Stadttheater Schaffhausen;Das Stadttheater Schaffhausen gehört zu den schönsten Theatern der Schweiz. Von September bis Mai zeigt es das Beste aus Schauspiel, Musiktheater, Tanz und Kabarett sowie spannendes und phantasievolles Theater für Kinder und Familien. Neben neuen Inszenierungen bekannter Klassiker sind regelmässig auch Erstaufführungen und neue Stücke im Programm, welche von Künstlern und Ensembles aus der Schweiz und der ganzen Welt präsentiert werden.

Zusätzlich zum Theaterprogramm finden im Stadttheater auch die Konzerte des Musik Collegium Schaffhausen sowie verschiedene weitere Anlässe statt.;8.6332829040932;47.695939800000005;Herrenacker 23;8200;Schaffhausen;+41 52 625 05 55;stadttheater@stsh.ch;http://www.stadttheater-sh.ch/;[{'@type': 'ImageObject', 'contentUrl': 'https://ostpimtsoch.sos-ch-dk-2.exoscale-cdn.com/catalog/2/0/d/3/20d3c1a2cbd4b6a3db8b76ba16d36892f3ec9f45_39b88896d0154963a6c7222c0a042221.jpg'}];2025-11-26T19:57:20+01:00
f846372e-77a8-4332-8e21-80ab26f304e7;Stadtkirche Stein am Rhein;Einst Klosterkirche. Im 12. Jh. erbaut unter Einfluss der Hirsauer Reform. Der Bildersturm der Reformation zerstörte die Innenausstattung mit Ausnahme des Chorgestühls und der -Malereien. 1583/84 Umbau zur protestantischen Kirche. Im 19. und 20. diverse Umbauten. 1561 Abtragung des vom Blitz getroffenen Kirchturms; der andere Turm leicht schief und mit gespindeltem Dach.;8.860362607116809;47.6588227;Chirchhofplatz 16;8260;Stein am Rhein;[{'@type': 'ImageObject', 'contentUrl': 'https://ostpimtsoch.sos-ch-dk-2.exoscale-cdn.com/catalog/2/5/2/1/25219c978d0e6cd4c3d3464935f5f444512caec7_1ad68e03b33ceedf1fc5ed77c4010d6c.jpeg'}];2025-02-17T12:46:31+01:00
f8ea6c0a-eaad-4807-8621-73e435b8a6ed;Landsknechtbrunnen;Am südlichen Ende der Fronwagplatzes steht der Landsknecht- oder Metzgerbrunnen, ein vierröhriger Brunnen und der grösste Brunnen der Stadt. Die schwer bewaffnete Landsknechtfigur auf der Brunnensäule symbolisiert die wehrhafte Stadt Schaffhausen.;8.6334438;47.6965686;Fronwagplatz;8200;Schaffhausen;[{'@type': 'ImageObject', 'contentUrl': 'https://ostpimtsoch.sos-ch-dk-2.exoscale-cdn.com/catalog/9/5/4/9/9549914cc9af4fbfb4cb432c4eb1438af0ab3828_2e0765d5af33d82f4099947b9868837d.JPG'}];2025-02-17T12:48:39+01:00
fa86b384-ad55-48ca-902f-a1dd14bc9363;Historisches Museum Bischofszell;Wo einst wohlhabende Tuchhändler residierten, zeigt heute das Historische Museum Bischofszell in über 20 Räumen, wie Bischofszeller und Bischofszellerinnen die letzten 500 Jahre wohnten und lebten. In der Schniderbudig wird gefeiert.;<p>Das Historische Museum Bischofszell empf&auml;ngt G&auml;ste in zwei stattlichen Patrizierh&auml;usern aus dem 18. Jahrhundert. Einst waren sie Wohnraum von Leinwandh&auml;ndlern. Heute zeigt das Museum, wie in Bischofszell von der Sp&auml;tgotik bis ins 20. Jahrhundert gelebt wurde. Neben Wohnkultur und Stadtgeschichte finden sich hier eine Keramik- und Kartensammlung, ein Drogeriezimmer und eine Apotheke wie anno dazumal. Die Spielzeugsammlung des 19. und 20. Jahrhunderts erfreut auch j&uuml;ngere Besuchende. Eine St&auml;rkung mit Getr&auml;nken und Geb&auml;ck gibt&rsquo;s in der Kaffeestube &ndash; einem b&uuml;rgerlichen Speisezimmer der 1920er.</p><p>Im historischen Gew&ouml;lbekeller des Museums sowie im angrenzenden Innenhof mit Barockgarten und dem darin liegenden H&auml;uschen &laquo;Schniderbudig&raquo; darf heute gefeiert und getagt werden. Vor mehr als 400 Jahren war die Schniderbudig Tuchhaus f&uuml;r den Leinwandhandel. Heute sorgt Gerry Scheiwiller als Gastgeber in der &laquo;Schniderbudig&raquo; bei Anl&auml;ssen mit bis zu 70 Personen f&uuml;r kulinarische Highlights.</p><p>Die Schniderbudig geh&ouml;rt zu den wenigen auserw&auml;hlten Orten im Kanton Thurgau, die standesamtliche Trauungen in einer historischen Kulisse erm&ouml;glichen.&nbsp;</p>;9.2402887;47.4936424;Marktgasse 4/6;9220;Bischofszell;+41 78 673 14 88;chl@museum-bischofszell.ch;https://www.museum-bischofszell.ch/;[{'@type': 'ImageObject', 'contentUrl': 'https://ostpimtsoch.sos-ch-dk-2.exoscale-cdn.com/catalog/9/0/1/4/901468bb02db0bca7800fcf7ab124079b8e135ee_5958416512a1284450c1bc726ec0a2bc.jpg'}];2026-06-09T22:56:57+02:00
fcfafb16-b2c6-4a56-9302-28b01451789b;Sperre Stoss;Panzersperren am Stoss;Diverse grosse Festungsbauten in der Schweiz, so etwa am Gotthard, bei Gondo im Tessin, und bei Saint Maurice VS wurden bereits im späten 19. Jahrhundert realisiert. An der Ostgrenze war jedoch bis kurz vor dem Zweiten Weltkrieg die veraltete Sperre auf der Luziensteig das einzige Festungswerk. Die Machtergreifung durch die Nationalsozialisten in Deutschland und der Anschluss Österreichs an das Deutsche Reich machten unsere Politiker hellhörig und führten Bundesrat und Parlament die Notwendigkeit eines verstärkten Grenzschutzes im Osten drastisch vor Augen. Das im Februar 1935 genehmigte «Bauprogramm für Grenzbefestigungen» gab endlich «grünes Licht» für die Projektierung von Festungswerken im Rheintal. Doch zuvor waren umfangreiche Rekognoszierungen notwendig. Erst kurz vor Kriegsbeginn begannen die Bauarbeiten. Unter anderem auch am Stoss, dem als wichtigster Übergang vom Rheintal ins Appenzellerland, eine bedeutende strategische Bedeutung zukam.;9.505451031788997;47.365691490027;Stossstrasse;9450;Altstätten;+41 792626823;roland.lehner@festung.ch;https://www.festung.ch;[{'@type': 'ImageObject', 'contentUrl': 'https://ostpimtsoch.sos-ch-dk-2.exoscale-cdn.com/catalog/f/d/e/1/fde1f2921bae3b090483f9955789c9d02eac515c_1c0652bd09ede4e767b22037446e004b.jpg'}];2026-06-16T20:35:33+02:00
fd236723-18b6-46ad-a0bf-fd3ebcf926cf;Grillstelle KSS Sport- und Freizeitpark;Zwei neue Feuerstellen inkl. Grill und Holz;Innerhalb des Freibadgeländes des KSS Sport- und Freizeitparks, leicht erhöht mit Sicht auf die ganze Anlage. Tisch und Bänke befinden sich gleich nebenan. Ein Grill und Holz stehen zur Verfügung. 
Zutritt mit Eintrittsticket oder Abo.;8.62225866280024;47.7040448;Breitenaustrasse 117;8200;Schaffhausen;+41 52 633 02 22;info@kss.ch;https://kss.ch/;[{'@type': 'ImageObject', 'contentUrl': 'https://ostpimtsoch.sos-ch-dk-2.exoscale-cdn.com/catalog/e/b/2/1/eb216f731296bfeeaae80904638916e5dd6425dc_b9c325d3631d55c01cbf5c9bdcb7f3bd.jpg'}];2025-10-28T19:01:12+01:00
fd819b2a-2ab2-43e1-a285-4283f454fb11;Walter Zoo AG Gossau;Faszinieren, bilden, schützen. Der Walter Zoo begeistert grosse und kleine Entdecker.;<p>Rund 1'000 Tiere aus rund 100 verschiedenen Tierarten machen den Besuch zu einem bleibenden Erlebnis. Sei es der majestätische Berberlöwe, die faszinierenden Sibirischen Tiger, das Treiben der Schimpansen, die schillernden Rosaflamingos, die Kleinen Pandas und Zwergotter, die spannende Tier- und Pflanzenwelt im Savannenhaus oder im Tropenhaus.

Inmitten grosszügiger Anlagen sind Zebras, Vikunjas, Trampeltiere, Ponys und Esel zu beobachten. Bei kommentierten Tierbeschäftigungen und Fütterungen, beim Flugtraining und in der Zooschule erfahren die Gäste Spannendes und Wissenswertes aus dem Tierreich. 

Weitere Attraktionen für die kleinen Besucherinnen und Besucher sind die Abenteuerspielpätze, die Fütterungsvoliere, Kamel- und Ponyreiten oder die Streichelwiese. Das Zoorestaurant mit Blick ins Tropenhaus, verschiedene Verpflegungsstände und Grillstellen runden das vielfältige Angebot ab. Ein Highlight sind die täglichen Aufführungen im Zootheater (während der Haupsaison).

Der Walter Zoo ist aber auch ein spannender Ort für Veranstaltungen. Ob Apero, Bankett oder Brunch: Die Eventräumlichkeiten bieten das geeignete Ambiente für jedes Fest. Aber auch für Kundenanlässe, Teambildung, Kaderschulung, Seminar, Hauptversammlung oder Workshop – hier erfahren die Teilnehmenden Begeisterung und Emotionen. Führungen, Vorträge oder Tierbegegnungen machen den Event zum besonderen Event!</p><p>Für Schulklassen und Gruppen bis maximal 36 Personen besteht von Frühjahr bis Herbst die Möglichkeit, im Zoo an frei wählbaren Daten zu übernachten.&nbsp;&nbsp;</p>;9.28499954084611;47.4200682;Neuchlen 200;9200;Gossau;+41 71 387 50 50;events@walterzoo.ch;https://www.walterzoo.ch/;[{'@type': 'ImageObject', 'contentUrl': 'https://ostpimtsoch.sos-ch-dk-2.exoscale-cdn.com/catalog/3/f/4/f/3f4f1b1093cf0e6c0859ec7feaf589557495bc63_7037b7be6b3f4ae452940dc798e36970.jpg'}];2026-06-16T20:40:45+02:00
fec41767-4000-474b-8139-b21903e0b6a5;Gewölbekeller im Stiftsbezirk;Der Gewölbekeller zeigt die Dauerausstellung "Gallus und sein Kloster – 1400 Jahre Kulturgeschichte".;<p>Die Ausstellung "Gallus und sein Kloster" f&uuml;hrt anhand von Originalhandschriften und Objekten durch 1400 Jahre Kulturgeschichte, von der Einsiedlerzelle des Gallus bis zum UNESCO-Weltkulturerbe Stiftsbezirk. Sie stellt den Beitrag der Kl&ouml;ster an die kulturelle Entwicklung Europas dar, in Schrift, Sprache, Musik, Bau, Kunst und Spiritualit&auml;t. Einen H&ouml;hepunkt bildet das Evangelium Longum, dessen Prunkeinband um 895 vom St.Galler M&ouml;nch und K&uuml;nstler Tuotilo geschaffen wurde. Eine Multivision folgt dem Weg, der Gallus von Irland an den Bodensee und hierher ins Steinachtal f&uuml;hrte. In einem eigenen Bereich werden die sp&auml;tere Entwicklung der F&uuml;rstabtei und ihre Beziehung zur Stadt St.Gallen dargestellt.</p>;9.37644;47.42276;Klosterhof 6D;9000;St. Gallen;+41 71 227 34 16;stibi@stibi.ch;https://www.stiftsbezirk.ch;[{'@type': 'ImageObject', 'contentUrl': 'https://ostpimtsoch.sos-ch-dk-2.exoscale-cdn.com/catalog/d/f/0/9/df0908c8cb7d0867e61da1a3d68f3b9896649899_ee0b050b7087bcf71ea414fe55176e59.jpg'}];2026-06-16T20:35:33+02:00
ff31feb1-b6a1-4280-a19f-f436695d445c;Smilestones - Miniaturwelt am Rheinfall;Das Smilestones hat bis im Frühjahr 2026 geschlossen.
Schweizer Meilensteine in lebendigen Landschaften mit einem Lächeln entdecken.;<p>Smilestones – die kleine, grosse Welt, die dich garantiert inspiriert und zum Lachen animiert.
</p><p>Komm vorbei und tauche in die grösste Indoor-Miniaturwelt der Schweiz ein.
Bei Smilestones reist du durch viele berühmte Orte der Schweiz, wie Schaffhausen und die Ostschweiz, das Appenzellerland, das Berner Oberland und viele mehr!
Entdecke die Schweiz aus der Vogelperspektive und bestaune unzählige liebevoll gestaltete und witzige Szenen. Erlebe Highlights wie unsere hauseigene Lindt &amp; Sprüngli Schoggifabrik (ja, mit echter Schoggi!) oder dutzende fahrende Modelleisenbahnen auf über 1’300m Schiene.
</p><p>
Ob Gross oder Klein, es hat bestimmt für alle etwas zum Schmunzeln dabei.</p><p>

Direkt über dem Rheinfall, Indoor, klimatisiert und ganzjährig geöffnet.</p>;8.6136071;47.6826239;Rhytech 4;8212;Neuhausen am Rheinfall;+41 52 511 20 00;info@smilestones.ch;https://www.smilestones.ch/;[{'@type': 'ImageObject', 'contentUrl': 'https://ostpimtsoch.sos-ch-dk-2.exoscale-cdn.com/catalog/8/d/b/0/8db010999c8024dabb20992261f9302610bce17f_2878378b0b83b1e509e83f10363a53a9.jpg'}];2025-10-28T19:03:31+01:00
