{"type": "FeatureCollection", "features": [{"type": "Feature", "properties": {"identifier": "000b9f97-3f11-4434-9d10-7a2dc930accd", "name": "Hirschenb\u00fchne Stammheim", "description": "Das historische Stallgeb\u00e4ude wird einmal im Monat zur Theaterb\u00fchne mit herausragenden Programmen und K\u00fcnstler und K\u00fcnstlerinnen. Wir zeigen ein vielf\u00e4ltiges und buntes Theater- und Kulturprogramm in einem famili\u00e4ren und stilvollem Ambiente. Gem\u00fctlichkeit, beste Unterhaltung und Gastfreundschaft stehen an erster Stelle. Oder wie B\u00e4nz Friedli sagt: \u00abDie Hirschenb\u00fchne ist klein, fein und wunderbar: Hier k\u00f6nnen wir Auftretenden dem Publikum ganz nahe sein. Die Stimmung ist liebevoll und professionell zugleich, ein seltenes Gl\u00fcck.\u00bb\n\nVor der Vorstellung servieren wir den Theaterteller, der zusammen mit dem Theaterticket gebucht werden kann. Das Angebot reicht vom Vesperpl\u00e4ttchen \u00fcber Salat oder heissen Fleischk\u00e4se bis Sp\u00e4tzle oder Winzerpfanne. Hirschengastgeber Mirco Schumacher wird Sie mit seiner saisonalen K\u00fcche begeistern!", "url": "https://hirschenbuehne.ch", "image": "https://ostpimtsoch.sos-ch-dk-2.exoscale-cdn.com/catalog/0/a/0/b/0a0bbfb5c55bc338eee852d6ffae91d53fb35cb3_cd189475695cc30bda91dd2427dd3003.JPG", "openstreetmap_id": "way/295568998"}, "geometry": {"type": "Point", "coordinates": ["8.801598299999995", "47.631862"]}}, {"type": "Feature", "properties": {"identifier": "0071c72a-ce5e-4c5d-bfde-1ab68af5d039", "name": "Textilmuseum St.Gallen", "description": "Gewebe und Stickereien aus aller Welt, Musterb\u00fccher, Entwurfszeichnungen und Fotografien illustrieren die Geschicke der Schweizer Textilindustrie zwischen regionaler Verbundenheit und internationaler Verflechtung.   \n\nGeschichte: \nSeit 1863 erwarb das \u00abKaufm\u00e4nnische Direktorium St.Gallen\u00bb regelm\u00e4ssig Stoffmuster aus aller Welt und legte diese in einem Musterzimmer f\u00fcr die regionale Textilindustrie zur Ansicht auf. 1878 wurde schliesslich das \u00abIndustrie- und Gewerbemuseums St.Gallen\u00bb gegr\u00fcndet, wodurch das Bed\u00fcrfnis nach einem eigenen Geb\u00e4ude entstand. Dieses wurde 1886 im ehemaligen Seidenhof-Areal an der Vadianstrasse in einem palastartigen Historismus-Bau fertiggestellt. Neben den Sammlungen des \u00abKaufm\u00e4nnischen Direktoriums\u00bb beherbergte das Museum die Textilbibliothek, die Zeichnungsschule und ab 1890 die Stickereischule. Gleichzeitig wurde eine Plattform f\u00fcr die Pr\u00e4sentation \u00e4sthetischer Innovationen sowie die Inspiration durch Designs geschaffen. Im Jahr 1982 erfolgte eine Umbenennung von \u00abIndustrie- und Gewerbemuseum\u00bb in Textilmuseum St.Gallen. Seit 1900 finden vermehrt Wechselausstellungen statt, wobei das Textilmuseum St.Gallen auf bedeutende Privatsammlungen und Firmenarchive zur\u00fcckgreifen kann, die im Laufe der Jahrzehnte ins Haus gelangten. Sie erg\u00e4nzen die urspr\u00fcnglichen Mustersammlungen mit wertvollen historischen Textilien, die den Textilindustriellen einst als Vorlage f\u00fcr die eigene Produktion dienten und die heute noch zu den Highlights der Museumssammlung z\u00e4hlen. \n\nArchitektur: \nIm Laufe der Jahre wuchs die Sammlung stetig. Der Platzbedarf stieg und so wurde das Museum 1956 aufgestockt. Einen \u00e4hnlich massiven Eingriff in das Erscheinungsbild des Hauses stellt der graue Fassadenanstrich von 1962 dar, der inzwischen wieder mit roter Farbe \u00fcbermalt wurde. Die Textilbibliothek wurde 1987/88 umgebaut und erweitert. \n\nDer viergeschossige Backsteinbau ist 40 Meter lang und beginnt mit dem Hochparterre auf einem halbgeschossigen Granitsockel. Die vierte Etage ist hinter dem Dachgesims zur\u00fcckversetzt und betont so die Turmform des Geb\u00e4udes. Das Geb\u00e4ude, dessen Entwurf auf den Z\u00fcrcher Architekten Gustav Gull zur\u00fcckgeht, wird aufgrund seiner roten Backsteinfassade auch \u00abPalazzo Rosso\u00bb genannt.   \n\nHeutige Nutzung: \nAuch heute noch ist das Textilmuseum St.Gallen eine lebendige Plattform f\u00fcr historisches und innovatives Textildesign. Zwei bis drei Sonderausstellungen pro Jahr erg\u00e4nzen die Dauerausstellung zur Ostschweizer Textilgeschichte thematisch. Ein vielf\u00e4ltiges Veranstaltungsprogramm, museumsp\u00e4dagogische Aktivit\u00e4ten sowie ein attraktiver Shop runden das Angebot ab. ", "url": "https://www.textilmuseum.ch/", "image": "https://ostpimtsoch.sos-ch-dk-2.exoscale-cdn.com/catalog/8/5/c/e/85ce35a66d2618ffb39fc0c9860497205e111ca9_9a9fc7c3fe18b3fc9030762374ed5468.jpg", "openstreetmap_id": "node/373868024"}, "geometry": {"type": "Point", "coordinates": ["9.37364", "47.42334"]}}, {"type": "Feature", "properties": {"identifier": "016d7bf9-d944-4bdc-83cf-bc1aca1b176f", "name": "Museum Alte S\u00e4ge Valens", "description": "1990 wurden die S\u00e4ge durch den Eigent\u00fcmer Ferdinand Reiter Junior stillgelegt und 2004/2005 durch Valens Tourismus, unter F\u00fchrung von Kurt Wyrsch, restauriert und als Museum f\u00fcr die \u00d6ffentlichkeit wiederer\u00f6ffnet. Die Alte S\u00e4ge Valens ist das ganze Jahr frei zug\u00e4nglich und ein spannender Zeitzeuge der Holzwirtschaft des letzten Jahrhunderts.", "url": "http://www.valens-tourismus.ch", "image": "https://ostpimtsoch.sos-ch-dk-2.exoscale-cdn.com/catalog/9/9/b/f/99bfd1fc235a91c9aa1e12a172f8e2a11453c186_70bf9a3f580a98320b16b05296120053.jpeg", "openstreetmap_id": "way/883151730"}, "geometry": {"type": "Point", "coordinates": ["9.481201171875002", "46.97268790109085"]}}, {"type": "Feature", "properties": {"identifier": "03139e0b-89de-4fc8-b77c-4d091aafbdbf", "name": "Grabenp\u00e4rkli", "description": "Gleich in der N\u00e4he des Bahnhofs St.Gallen befindet sich das kleine aber feine Grabenp\u00e4rkli. Parkb\u00e4nke s\u00e4umen die sch\u00f6nen Blumenbeete und laden zum Verweilen ein. Der eigentliche Hingucker ist die Skulptur des bedeutenden Spreng- und Explosionsk\u00fcnstlers Roman Signer. Aus einem knallroten Fass klatscht ein starker, satter Wasserstrahl auf den Boden. ", "image": "https://ostpimtsoch.sos-ch-dk-2.exoscale-cdn.com/catalog/2/8/9/8/289852898a63c2e3093d3cb10a02cbce0d500ea0_08b88a9bf3c99938f672f44d303dddec.jpg", "openstreetmap_id": "way/8080662"}, "geometry": {"type": "Point", "coordinates": ["9.373902082443239", "47.424704688926056"]}}, {"type": "Feature", "properties": {"identifier": "031a557b-144c-4ffb-91c6-04830475c6e0", "name": "Alte M\u00fchle Wolfhalden ", "description": "<p>1789 liess M\u00fcllermeister H.H. Z\u00fcrcher am Gstaldenbach in Wolfhalden ein stattliches, f\u00fcnfgeschossiges Geb\u00e4ude errichten. Im Geb\u00e4ude befanden sich sowohl die Wohnung f\u00fcr die Familie als auch eine Mahlm\u00fchle, eine B\u00e4ckerei und eine Wirtschaft. Z\u00fcrcher liess W\u00e4nde und Decke in der Stube vollst\u00e4ndig bemalen. Die Malereien sind gut erhalten und machen das Ensemble zu einem einzigartigen Schatz.</p><p>Die Alte M\u00fchle liegt in der Gemeinde Wolfhalden, im Tobel, Hinterergeten, nahe der Grenze zu Heiden. \u00d6ffentliche F\u00fchrungen finden jeweils am letzten Samstag in den Monaten Mai, Juni, Juli, August und September statt. \u00c4nderungen vorbehalten.&nbsp;</p><p>Start:&nbsp;14.00 Uhr<br>Die Alte M\u00fchle Wolfhalden liegt circa 10 Gehminuten vom Bahnhof Heiden entfernt.</p><p>Kosten:&nbsp;Kollekte zugunsten des Vereins pro Alte M\u00fchle Wolfhalden&nbsp;</p><p>Anmeldung:&nbsp;erforderlich</p><p>Gebuchte F\u00fchrungen sind auf Anfrage m\u00f6glich.<br>Teilnehmerzahl:&nbsp; max. 20 Personen</p><p>Kosten: CHF 110.00</p><div>Dauer: 45 bis 60 Minuten</div><p><br></p>", "image": "https://ostpimtsoch.sos-ch-dk-2.exoscale-cdn.com/catalog/a/8/9/0/a8904a3bcbda3b9e7321f0628ca20802c72b1b9b_70102530ea7b45e9d4a94e5561e32f01.jpg", "openstreetmap_id": "12414096234"}, "geometry": {"type": "Point", "coordinates": ["9.537875566539226", "47.44479863545972"]}}, {"type": "Feature", "properties": {"identifier": "045905da-293c-41c1-8026-f4477928bd28", "name": "Ob Lucken", "description": "<p>Neben einer Grillstelle und einer privaten H&uuml;tte befindet sich hier ebenfalls noch eine Startrampe f&uuml;r Gleitschirmflieger und Deltasegler. Ob Lucken ist mit dem Auto nicht erreichbar. Via Parkplatz Heidebaum gelangen Sie zu Fuss zum Aussichtspunkt.</p>", "image": "https://ostpimtsoch.sos-ch-dk-2.exoscale-cdn.com/catalog/2/f/e/4/2fe4466c56015655441cc987a6951eb6e325ccf8_898101c4e9aa35aae54766bc1b895046.jpg", "openstreetmap_id": "node/5041278242"}, "geometry": {"type": "Point", "coordinates": ["8.5557091", "47.7628528"]}}, {"type": "Feature", "properties": {"identifier": "05399507-382d-420b-a794-fbd6130ec467", "name": "Theaterhaus Thurgau", "description": "<p>Das Theaterhaus Thurgau bietet ein vielf&auml;ltiges Programm mit einem Schwerpunkt auf Theaterangeboten f&uuml;r Kinder und Jugendliche. Neben den Eigenproduktionen der b&uuml;hni wyfelde und des theagovia theaters organisiert das Theater Bilitz spannende Veranstaltungsreihen und Kurse. F&uuml;r Erwachsene gibt es regelm&auml;ssig Gastspiele, die vom Kulturverein Frohsinn pr&auml;sentiert werden. Das Gesamtprogramm erscheint drei- bis viermal j&auml;hrlich und ist auf der Webseite des Theaterhauses abrufbar. Dar&uuml;ber hinaus kann das Theaterhaus f&uuml;r verschiedene Anl&auml;sse gemietet werden. Zur Verf&uuml;gung stehen ein Theatersaal mit B&uuml;hne und Trib&uuml;ne, ein Proberaum sowie ein Foyer mit Bar.</p>", "url": "http://www.theaterhausthurgau.ch", "image": "https://ostpimtsoch.sos-ch-dk-2.exoscale-cdn.com/catalog/1/9/6/c/196c12281e8341bf9f741f296698c03655903a18_db9c281f20bdcdec4fec400234500dad.jpg", "openstreetmap_id": "node/894577974"}, "geometry": {"type": "Point", "coordinates": ["9.1034238", "47.5676321"]}}, {"type": "Feature", "properties": {"identifier": "05b1f99c-edcf-4adc-abe1-0b8ff5875619", "name": "Biohof Tappolet", "description": "Wir verw\u00f6hnen Sie gerne mit Speisen aus der Hofk\u00fcche, wo wir hofeigene, saisonale und regionale Produkte  frisch f\u00fcr Sie verarbeiten  und in einem feinen Men\u00fc auf den Teller bringen.", "url": "http://www.tappolet-biohof.ch", "image": "https://ostpimtsoch.sos-ch-dk-2.exoscale-cdn.com/catalog/d/7/3/e/d73e64965a96dcd9385d9b65b965ca92f9b00c0b_1ac3d2ae93bed70546f8046f8d4bf203.jpg", "openstreetmap_id": "node/3197381431"}, "geometry": {"type": "Point", "coordinates": ["8.4673933", "47.6790253"]}}, {"type": "Feature", "properties": {"identifier": "05bc91d7-9d55-41ec-9a7a-b6d4ff85d2d3", "name": "Hof zu Wil", "description": "<p>Der Hof zu Wil mit Sitz in der Wiler Altstadt ist ein Kulturdenkmal von nationaler historischer Bedeutung und blickt auf eine mehr als 800-j&auml;hrige Geschichte zur&uuml;ck. Die k&uuml;nftige Nutzung umfasst den Betrieb eines Restaurants, eines Beherbergungsbetriebes, einer Musealen Inszenierung, Schul- und Veranstaltungsr&auml;umen und der &ouml;rtlichen Bibliothek sowie des touristischen Info-Centers. Weitere Informationen sind auf <a href=\"https://hofzuwil.ch/\" target=\"_blank\" rel=\"noopener noreferrer\">www.hofzuwil.ch</a> ersichtlich. Direkt unterhalb der Altstadt liegt der idyllische Stadtweier mit Kinderspielplatz.</p>", "url": "https://hofzuwil.ch", "image": "https://ostpimtsoch.sos-ch-dk-2.exoscale-cdn.com/catalog/b/a/e/2/bae293f40fc1badef56e1339bb65197f8d145f04_248f4bebe8f1a1632b8a1f2bf23f7fad.jpg", "openstreetmap_id": "way/284581246"}, "geometry": {"type": "Point", "coordinates": ["9.04999", "47.46762"]}}, {"type": "Feature", "properties": {"identifier": "0a93ce24-39aa-4b3d-b34e-431a8b4256bb", "name": "Rheinschifffahrten Wirth", "description": "<p>Wir befahren den Rhein mit Passagierschiff Rhenania und zwei Weidlingen Biber / M\u00f6ve zwischen Rekingen - Eglisau und Rheinfall.</p><p>Einstiegsorte z.B. Rekingen, Kaiserstuhl, Rheinsfelden, Eglisau, T\u00f6ssegg, R\u00fcdlingen, Ellikon, Rheinau Kloster oder beim Rheinfall, k\u00f6nnen je nach Wunsch bestimmt werden.</p><p>Gerne verw\u00f6hnen wir Sie und Ihre G\u00e4ste mit einer Schifffahrt an verschiedenen Anl\u00e4ssen z.B. Geburtstag, Gesch\u00e4ftsausfl\u00fcge, Hochzeiten, Veranstaltungen, Seniorenausfl\u00fcge, Schulreisen, Events, Weihnachtsessen kulinarisch aus unserer Ap\u00e9ro und Speisekarte.</p><p>Auf unserem Veranstaltungskalender finden Sie das ganze Jahr, verschiedene Angebote mit Brunch-Schiff, Spaghetti-Plausch, Sommerbuffet, Mittagessen, K\u00e4se-Fondue usw.</p>", "url": "http://www.schiffwirth.ch/", "image": "https://ostpimtsoch.sos-ch-dk-2.exoscale-cdn.com/catalog/d/2/a/8/d2a8c3226146cd096617383ef27214ddce55c74f_697a3717d500fae2b4f3a5638bd92c10.jpg", "openstreetmap_id": "node/12368583297"}, "geometry": {"type": "Point", "coordinates": ["8.5244954", "47.5711809"]}}, {"type": "Feature", "properties": {"identifier": "0b6dd180-ecf3-4fd8-9323-65d3044b519e", "name": "Zeppelin Museum Friedrichshafen", "description": "Im denkmalgesch\u00fctzten Geb\u00e4ude des Hafenbahnhofs vereint das Zeppelin Museum Friedrichshafen die weltweit bedeutendste Sammlung zur Luftschifffahrt mit einer Kunstsammlung, die die gro\u00dfen Meister aus S\u00fcddeutschland vom Mittelalter bis zur Neuzeit umfasst. Rund 1.500 Exponate auf \u00fcber 4.000 Quadratmetern Fl\u00e4che umfassen einzigartige Objekte \u2013 nicht nur f\u00fcr Zeppelin-Liebhaber. Zu den Highlights z\u00e4hlen die begehbaren Passagierr\u00e4ume der LZ 129 Hindenburg im originalgetreuen, rund 33 Meter langen Nachbau, eine Wunderkammer zum Kultobjekt Zeppelin sowie Experimentierstationen, die das Prinzip \u201eLeichter als Luft\u201c f\u00fcr Gro\u00df und Klein versteh- und mittels eines Flugsimulators erlebbar machen.\n\nFragmente der Luftschiffe wie Gerippe, Propeller, Gondeln, H\u00f6henmotoren oder Getriebe sind neben historischen Ton-, Film- und Bildaufnahmen, Zeitungsartikeln und der Ausstattung der Luftschiffe zu sehen. Sie lassen multimedial aufleben, wer die Pioniere der Luftschifffahrt waren und erinnern an ihre gr\u00f6\u00dften Erfolge und die schrecklichsten Katastrophen. Au\u00dferdem beantworten sie die Frage, wie es Graf Zeppelin gelang, ein Luftschiff zu bauen, das fast viermal so gro\u00df ist wie ein Airbus, aber dennoch leichter als Luft und wie er die Stadt Friedrichshafen damit als Industriestandort nachhaltig pr\u00e4gte.\n\nEinen besonderen Ausstellungsschwerpunkt bilden zudem Werke von K\u00fcnstler*innen, die sich w\u00e4hrend der Zeit des Nationalsozialismus an den Bodensee in die \u201eInnere Emigration\u201c zur\u00fcckzogen, wie Otto Dix, Max Ackermann oder Willi Baumeister. In akribischer Forschungsarbeit begibt sich das Zeppelin Museum auf Spurensuche und arbeitet die Geschichten der Kunstwerke seiner Sammlung auf. Auf diese Weise macht es Schicksale von Sammler*innen sichtbar, von geraubten oder verlagerten Kunstwerken oder von Hetzaktionen der Nationalsozialist*innen gegen die Moderne Kunst.\n\nDurch Wechselausstellungen zu gesellschaftlich aktuellen Themen spannt das Museum einen Bogen zur zeitgen\u00f6ssischen Kunst und bringt Kunst und Technik immer wieder aufs Neue in Dialog. Jeden Sonntag finden \u00f6ffentliche F\u00fchrungen durch die Ausstellungen statt, donnerstags sind Besucher*innen im OPEN HOUSE! zu kostenlosen Vortr\u00e4gen, Lesungen und anderen Veranstaltungen eingeladen.\n\nZur Vor- und Nachbereitung bietet das Zeppelin Museum zahlreiche kostenlose, digitale Inhalte und Formate an: Die Digitale Sammlung und die Mediathek laden zum St\u00f6bern ein, in der Podcastreihe ZM talks plaudern Mitarbeiter*innen aus dem N\u00e4hk\u00e4stchen oder f\u00fchren Gespr\u00e4che mit Expert*innen zu aktuellen Themen, die ZeppApp bietet umfassende Informationen und Audioguides zu den Ausstellungen, die eigene Diskursplattform debatorial\u00ae l\u00e4dt zum Austausch ein, der Museumsblog zum Lesen und die Profile auf den sozialen Netzwerken zu Interaktion und Storytelling.", "url": "https://www.zeppelin-museum.de/", "image": "https://ostpimtsoch.sos-ch-dk-2.exoscale-cdn.com/catalog/3/6/5/a/365aad8bfa4294d14a0020317d240f15be388ee8_b8817ba0f05a554b1cffebf2ed5ffeda.png", "openstreetmap_id": "way/35929714"}, "geometry": {"type": "Point", "coordinates": ["9.4830611", "47.6507925"]}}, {"type": "Feature", "properties": {"identifier": "0bf04eb9-d23c-4b2e-9c8a-2ec1ec63c792", "name": "Festungsmuseum Heldsberg", "description": "Das Artilleriewerk Heldsberg war vom 2. Weltkrieg bis 1993 Teil der Grenzbefestigung im Rheintal. Durch seine Lage kontrollierte es mit seinen vier 7.5 cm Festungs-Gesch\u00fctzen im Norden das S\u00fcdende des Bodensees und im S\u00fcden die Rhein\u00fcberg\u00e4nge im Rheintal bis Montlingen. Mit der Sperre am Stoss bei Altst\u00e4tten wurde der \u00dcbergang ins Appenzellerland gesichert. Zum Angebot des Festungsmuseums Heldsberg geh\u00f6rt auch der eindr\u00fcckliche, unterirdische Kommandobunker der Grenzbrigade 8, Haslen AI, der in \u00fcber 30 R\u00e4umen die Zeit des \u201eKalten Krieges\u201c thematisiert.\n\nIn der Heldsbergstube und in der Soldatenstube \u201eK\u00e4stlis\u201c Haslen, werden die G\u00e4ste mit Getr\u00e4nken und Speisen verw\u00f6hnt. Wechselnde Sonderausstellungen bereichern die milit\u00e4rhistorischen Museen.", "url": "http://www.festung.ch/", "image": "https://ostpimtsoch.sos-ch-dk-2.exoscale-cdn.com/catalog/6/0/4/9/60491eec44c2fc14522aa4de57e76a42f81032df_1d2a1593a6c40dfa4302a9c1011bca53.JPG", "openstreetmap_id": "way/81759684"}, "geometry": {"type": "Point", "coordinates": ["9.643226599999934", "47.4432905"]}}, {"type": "Feature", "properties": {"identifier": "0c24bdec-9b04-4b12-898c-cc12cbbc8518", "name": "Kommandobunker Grenzbrigade 8", "description": "Die Anlage umfasst \u00fcber 30 B\u00fcro- und Schlafr\u00e4ume, Maschinenraum, Telefonzentrale, K\u00fcche und Soldatenstube sowie weitere Nebenr\u00e4ume.\n\nZusammen mit vielen Angeh\u00f6rigen des letzten aktiven Brigadestabs und weiteren Helfern ist es gelungen, auf dem gesamten unteren Stock der Kaserne die Arbeit eines Brigadestabs w\u00e4hrend des Kalten Krieges nachzustellen und f\u00fcr den Besucher erkl\u00e4r- und erlebbar zu machen. Des weiteren ist der Kalte Krieg selbst Thema der Ausstellung und wird von verschiedenen Seiten beleuchtet.\n\nAusgestattete Mannschaftsunterk\u00fcnfte, Bibliothek, ein aufw\u00e4ndiges Gel\u00e4ndemodell (Rhein\u00fcberquerung der Amerikaner im 2. Weltkrieg), verschiedene Uniformen und nat\u00fcrlich auch der betriebsbereite Maschinenraum runden die vielf\u00e4ltigen Museumsr\u00e4umlichkeiten ab.\n\nNach dem spannenden Rundgang steht die Soldatenstube f\u00fcr einen Ap\u00e9ro oder gar ein komplettes Essen zur Verf\u00fcgung. Das Sekretariat gibt gerne weitere Ausk\u00fcnfte.", "url": "http://www.festung.ch", "image": "https://ostpimtsoch.sos-ch-dk-2.exoscale-cdn.com/catalog/1/8/3/c/183c72d560a676ed159ec0f2c6843b518efde8db_b78003a74ab8a66e45b5b7fc26ffe4d4.jpg", "openstreetmap_id": "way/469977394"}, "geometry": {"type": "Point", "coordinates": ["9.3720583", "47.3577958"]}}, {"type": "Feature", "properties": {"identifier": "0d855a21-1310-4ba2-b64e-794bcb63b423", "name": "autobau erlebniswelt", "description": "Keine zehn Gehminuten vom Bahnhof Romanshorn entfernt entf\u00fchrt die Autobau Erlebniswelt in das Reich des Automobil-Rennsports. Denkmalgesch\u00fctzte Hallen und der riesige Stahltank eines ehemaligen Tanklagers beherbergen eine imposante Autosammlung. 120 Fahrzeuge d\u00fcrfen im wahrsten Sinne des Wortes hautnah erlebt werden. Praktisch ohne Absperrung bewegen sich Besuchende im Museum frei zwischen den Autos und blicken in die F\u00fchrerkabinen von waschechten Rennautos \u2013 sogar aus der Formel 1. Namen wie Aston Martin, Bugatti, Ferrari, Lamborghini, Maserati, Mercedes oder Porsche sind hier vertreten und lassen die Herzen von Autobegeisterten h\u00f6herschlagen. Namen wie Aston Martin, Ferrari, Lamborghini, Maserati, Mercedes oder Porsche sind hier vertreten und lassen die Herzen von Autobegeisterten h\u00f6herschlagen. \n\nNicht nur Museum, sondern auch Eventlocation am Bodensee ist die Autobau Erlebniswelt und begeistert mit Anl\u00e4ssen, Tagungen oder Feiern im besonderen Industrieambiente. ", "url": "http://www.autobau.ch/", "image": "https://ostpimtsoch.sos-ch-dk-2.exoscale-cdn.com/catalog/a/a/c/7/aac779ba8da96bc88feea0007325c5fb8d4adbf8_2b0cec2713b72a5982908694c47ecdbb.jpg", "openstreetmap_id": "4490051106.0"}, "geometry": {"type": "Point", "coordinates": ["9.3761945", "47.5575714"]}}, {"type": "Feature", "properties": {"identifier": "0d93e052-2a03-4bac-bfa0-efe110d6f5e6", "name": "Grillplatz Rossegg", "image": "https://ostpimtsoch.sos-ch-dk-2.exoscale-cdn.com/catalog/4/c/1/1/4c117779dc3d0924391def65101359fb287e0d08_2901562ea9cf8974905ecdf7907c28c8.jpeg", "openstreetmap_id": "node/4560202101"}, "geometry": {"type": "Point", "coordinates": ["9.3408195", "47.2126822"]}}, {"type": "Feature", "properties": {"identifier": "100fcc79-3d2e-4f46-8c73-424a95248cfd", "name": "Appenzeller Brauchtumsmuseum", "description": "Das lebendige Brauchtum ist Mittelpunkt der Ausstellung. Hauptthemen sind das Silvesterchlausen, die Alpfahrt, das Bloch und die Viehschau. Der Museumsrundgang gew\u00e4hrt Einblicke ins Sennenleben, in b\u00e4uerliche Wohnr\u00e4ume, in die Welt der Trachten, in traditionelle Werkst\u00e4tten und in die Volkskunst.\n\nHackbrett, Zither, Bassgeige, Handorgel, Schwyzer\u00f6rgeli, Klavier, Talerschwingen und Schellensch\u00f6tten d\u00fcrfen ausprobiert werden.", "url": "http://www.museum-urnaesch.ch/", "image": "https://ostpimtsoch.sos-ch-dk-2.exoscale-cdn.com/catalog/3/2/4/5/3245d3cdbdc62242a3a0bcaa8d45d1402e09ba84_4da753d7c94858a8a2b1e182ee4c93a9.jpg", "openstreetmap_id": "node/299122250"}, "geometry": {"type": "Point", "coordinates": ["9.282804", "47.317324"]}}, {"type": "Feature", "properties": {"identifier": "12b158c5-11e1-44f4-adec-66cdfd2ea29f", "name": "Figurentheater-Museum & Figurentheater", "description": "In einem typischen Appenzellerhaus, im Dorfkern von Herisau, lassen liebevoll ausgestellte Marionetten, Handpuppen und andere Figuren, die Besucherinnen und Besucher in Welten voller Fantasie und Poesie eintauchen. Hier k\u00f6nnen die Kinder aber nicht nur Figuren bestaunen, sondern, gef\u00fchrt von der Hauskatze, an verschiedenen Stationen das Puppenspiel selbst ausprobieren oder spannenden M\u00e4rchen lauschen.\nDie Ausstellungen wechseln periodisch und lassen immer wieder neue \nFacetten des Figurenspiels entdecken. \n\nDas Museum kann auch reserviert werden, um die Ausstellung in aller Ruhe anzuschauen. Ebenso k\u00f6nnen F\u00fchrungen f\u00fcr Gruppen gebucht werden mit oder ohne Ap\u00e9ro. \n\nDie Ausstellungen werden auch auf Franz\u00f6sisch und Englisch pr\u00e4sentiert. \n\nEintrittspreise:\nErwachsene CHF 8.00, Kinder CHF 5.00, Familien CHF 20.00\nF\u00fcr Kinder aus den Kantonen AR und SG ist der Eintritt gratis.\n\nSaisonstart im Theater am 2. Oktober 2022, immer am Sonntag 11 Uhr\nSpielplan auf www.figurentheatermuseum.ch", "url": "https://www.figurentheatermuseum.ch/", "image": "https://ostpimtsoch.sos-ch-dk-2.exoscale-cdn.com/catalog/8/c/c/1/8cc101376df8ce1dcc512387969e407d3e4f591b_7dbb0cba366ede5df8bb1f80b3920c51.jpg", "openstreetmap_id": "318077106"}, "geometry": {"type": "Point", "coordinates": ["9.27979840461888", "47.3851375"]}}, {"type": "Feature", "properties": {"identifier": "1303bd9f-0142-4a28-ab17-35e048ff5f02", "name": "Chocolarium", "description": "<p>Das Chocolarium bietet einen interaktiven Erlebnis-Rundgang, Einblick in die Live Produktion und diverse Schoggi-Kurse an. Naschen erw\u00fcnscht!</p><p>Wer Schokolade liebt, kommt nicht um einen Besuch im Chocolarium herum. Auf dem interaktiven Erlebnis-Rundgang erfahren Schoggifans auf spielerische Art und Weise viel Wissenswertes \u00fcber Schokolade und wie das Gl\u00fcck hineingelangt. Von der Glasgalerie aus beobachten sie, wie die beliebten Produkte von Munz und Minor hergestellt werden.</p><p>Im neuen Raum f\u00fcr individuelles Gl\u00fcck strahlen mehrere Schokoladenbrunnen mit Fl\u00fcssigschokolade und laden dazu ein, die Geschmacksrichtungen Weiss, Milch, Dunkel, Himbeer (der erste pinkfarbene Brunnen!) und sogar vegane Gianduja zu kosten und bewerten. Naschen ist hier ausdr\u00fccklich erw\u00fcnscht.</p><p>Anschliessend kann der Erlebnis-Rundgang mit einer s\u00fcssen Erinnerung abgerundet werden: Eine frische Munz Schoggi-Tafel wird vom Show-Confiseur gegossen und kann nach Herzenslust verziert werden. Chocolarium - das vielbesuchte Ausflugsziel in der Ostschweiz heisst herzlich willkommen!</p>", "url": "https://www.chocolarium.ch/", "image": "https://ostpimtsoch.sos-ch-dk-2.exoscale-cdn.com/catalog/e/9/8/a/e98a703f6d02c050a9b6d3ea7c91c0e924c29ca7_e4dbe248d7430be4a9722ae2126b0b31.jpg", "openstreetmap_id": "way/196358285"}, "geometry": {"type": "Point", "coordinates": ["9.164934160728885", "47.4130675"]}}, {"type": "Feature", "properties": {"identifier": "145d3464-5585-4a04-af43-90e9944f3378", "name": "Circularity Trail Lichtensteig", "description": "<p><span style=\"background-color: rgb(255, 255, 255); color: rgb(54, 54, 54);\">Der Circularity Trail m\u00f6chte dazu inspirieren, wieder mehr in Einklang mit der Natur zu leben und das eigene Leben kreislaufbasierter auszurichten. Alles zu ihrer Zeit. Denn jede Zeit hat ihren ganz besonderen Wert, ihre eigene Kraft.</span></p><p></p><p><span style=\"background-color: rgb(255, 255, 255); color: rgb(54, 54, 54);\">Die verschiedenen Stationen des Trails sind im Stadtgebiet Lichtensteig verteilt. An den jeweiligen Orten findest du jeweils ein T\u00e4felchen mit QR-Code, welches den entsprechenden Audiofile f\u00fcr dich bereith\u00e4lt. Die Standorte kn\u00fcpfen dabei an bestehende Orte und\u00a0Projekte im Kontext von Mini.Stadt Lichtensteig an und sind thematisch darauf abgestimmt. </span></p><p></p><p><span style=\"background-color: rgb(255, 255, 255); color: rgb(54, 54, 54);\">Die einzelnen Audiofiles bieten unterschiedliche Zug\u00e4nge zu Circularity &amp; Kreislaufprinzip und zeichnen in ihrer Gesamtheit ein perspektivenreiches Bild zum Themenbereich Circular Society/Living.</span></p><p></p><p>Weitere Informationen zum Circularity Trail gibt es <a href=\"https://www.lichtensteig.ch/circularitytrail\" rel=\"noopener noreferrer\" target=\"_blank\">hier</a>. </p><p></p><p></p>", "url": "https://www.lichtensteig.ch/circularitytrail", "image": "https://ostpimtsoch.sos-ch-dk-2.exoscale-cdn.com/catalog/f/3/4/5/f34514526cd32dba78a5259c0ec891bfb4ceefa7_1789b97076b778f95491a907b6419038.webp", "openstreetmap_id": "undefined/undefined"}, "geometry": {"type": "Point", "coordinates": ["9.087045192718508", "47.32369757432914"]}}, {"type": "Feature", "properties": {"identifier": "15088853-63ae-48e0-83b2-59af0fb281fe", "name": "M\u00fcnsterkirche", "description": "<p>Die einstige Benediktinerabtei Allerheiligen mit der um 1106 geweihten Klosterkirche und dem M&uuml;nsterturm aus der 2. H&auml;lfte des 12. Jahrhunderts z&auml;hlt zu den wenigen, gut erhaltenen, romanischen Klosteranlagen der Schweiz. Um 1090 legte man die Grundmauern zu einem grossen, f&uuml;nfschiffigen M&uuml;nster. Der Bau blieb aber in den Fundamenten stecken und an seiner Stelle realisierte man das heutige M&uuml;nster. Der M&uuml;nsterturm wurde um 1150 errichtet, der Turmhelm ist sp&auml;tgotisch. 1524 wurde die Benediktinerabtei aufgehoben und das M&uuml;nster zur Pfarrkirche. Heute ist das M&uuml;nster Gottesdienstraum der evangelisch-reformierten Kirchgemeinde Schaffhausen-M&uuml;nster und dient ausserdem als Konzertkirche.</p>", "image": "https://ostpimtsoch.sos-ch-dk-2.exoscale-cdn.com/catalog/1/1/b/a/11ba26b71eb2c28dbdd5e78036643f82f63a180b_ff79db444324e0f43e1ef0a0f25ea4f8.jpeg", "openstreetmap_id": "way/25463272"}, "geometry": {"type": "Point", "coordinates": ["8.636419036867235", "47.6952851"]}}, {"type": "Feature", "properties": {"identifier": "155956e8-2e54-464f-a9dd-abeb6665617b", "name": "Bettinas Weinevents in Hallau", "description": "Reben, R\u00e4tsel, Wein, geheime Codes und Botschaften versprechen ein aussergew\u00f6hnliches Wandererlebnis.\nUm zum Wein zu kommen und die Flaschen zu \u00f6ffnen, muss die Gruppe verschiedene Teamaufgaben und R\u00e4tsel auf dem Weg l\u00f6sen.", "url": "https://www.bettinas-weinevents.ch", "image": "https://ostpimtsoch.sos-ch-dk-2.exoscale-cdn.com/catalog/b/0/8/d/b08d9c9f7c1f7afc455f47090b345bbae41a77ed_85c9ec2c3eb3480bc7472371ec282a4a.jpg", "openstreetmap_id": "way/767330992"}, "geometry": {"type": "Point", "coordinates": ["8.4645073", "47.6972953"]}}, {"type": "Feature", "properties": {"identifier": "163bce38-a278-45ad-a6d3-d1aa9c0fb64c", "name": "Wyland Usziit", "description": "<p>G\u00f6nnen Sie sich und Ihren Lieben eine Auszeit vom privaten oder dem Berufs-Alltag dank unserer Lamas, Minipigs und der Wim-Hof-Methode. Auch Gutscheine erh\u00e4ltlich!</p><p>Gerne erm\u00f6glichen wir auf unserem Lama- und Minipig-Hof nachhaltige Auszeiten f\u00fcr einzelne Personen und Gruppen. Auch Menschen mit Beeintr\u00e4chtigungen sind herzlich willkommen!</p><p>Wir bieten Spazierg\u00e4nge mit unseren Lamas, tiergest\u00fctzte Coachings, Erlebnisp\u00e4dagogik &amp; Aktivierungsprogramme f\u00fcr Heime, Schulen und Stiftungen sowie ein spannendes Angebot an Kursen (z.B. Eisbaden &amp; Atemtraining mit der Wim-Hof-Methode, Mentaltraining f\u00fcr Sportler, Outdoor Survival-Erlebnisse, Klangschalen- und Mal-Kurse, Selbstbehauptung f\u00fcr Kinder und Erwachsene, Taiji inmitten von Lamas, ...).\n</p><p>\nDabei lautet unser Motto: Geniessen, erholen &amp; dabei K\u00f6rper und Geist nachhaltig Gutes tun.\nHerzlich willkommen bei Wyland Usziit!</p><p>PS: Besuche nur auf Voranmeldung.</p>", "url": "https://www.wyland-usziit.ch", "image": "https://ostpimtsoch.sos-ch-dk-2.exoscale-cdn.com/catalog/7/1/c/f/71cfc0bbbd22c7131be812f8a80e9f1273de7515_330bae41ec2584e796a90389e5f04c9d.jpg", "openstreetmap_id": "node/5559884952"}, "geometry": {"type": "Point", "coordinates": ["8.630833625793459", "47.631083889861"]}}, {"type": "Feature", "properties": {"identifier": "171f9a04-27a8-489b-82c2-78ecb3750281", "name": "Siblinger Randenturm", "description": "<p>Auf der 19 m hohen Plattform &ouml;ffnet sich den Besuchern eine aussergew&ouml;hnliches Panorama von den Vorarlbergeralpen, &uuml;ber die Ost- und Zentralschweizer Berge bis zu den Gipfeln des Berner Oberlandes und weiter bis zu den Schwarzwaldh&ouml;hen. Atemberaubend ist auch der ungehinderte Blick auf die liebliche Landschaft des Klettgau und die W&auml;lder des Randens.</p><p>1872 wurde durch die Freunde der Naturbetrachtung ein erster Aussichtsturm auf dem Siblinger Schlossbuck erstellt. Bereits zehn Jahre sp&auml;ter wurde er allerdings von einem Sturm weggefegt und gleichen Jahres durch einen 12 m hohen Eisenfachwerkbau ersetzt. Dieser hatte eine entscheidend l&auml;ngere Lebensdauer. Er diente bis 2014 seinem Zweck. Allerdings war er so bauf&auml;llig geworden, dass ein Ersatz n&ouml;tig wurde. Der heutige, architektonisch und technisch ungew&ouml;hnliche Turm wurde im November 2014 eingeweiht.</p>", "image": "https://ostpimtsoch.sos-ch-dk-2.exoscale-cdn.com/catalog/7/f/5/c/7f5c1f7002a9779537ee772b4efbc6c9cc2f2eb3_48f537c8b884c034314295d3e1ff4236.jpg", "openstreetmap_id": "node/1777404927"}, "geometry": {"type": "Point", "coordinates": ["8.5340233", "47.7210362"]}}, {"type": "Feature", "properties": {"identifier": "1832766f-0c84-4f54-a861-58ac7a12165c", "name": "Bergkirche St. Moritz", "description": "<p>1974 wurde sie wegen ihrer kunstgeschichtlichen und historischen Bedeutung zum Kunstdenkmal von nationaler Bedeutung erkl&auml;rt. Von 1976 bis 1978 hat man sie gr&uuml;ndlich restauriert und im Jahr 2015 erneut sanft renoviert.</p><p>Die Bergkirche kann auf Anfrage besichtigt werden. Bei Interesse melde dich bitte per Mail an: erleben@schaffhauserland.ch</p>", "url": "https://www.ref-sh.ch/kg/hallau/", "image": "https://ostpimtsoch.sos-ch-dk-2.exoscale-cdn.com/catalog/f/3/d/e/f3de288cdd545f24569b45862ef031dae665baaa_58b40e97e61ad74a896e6f4ebebd03b5.jpg", "openstreetmap_id": "way/256181776"}, "geometry": {"type": "Point", "coordinates": ["8.461066748821793", "47.7024438"]}}, {"type": "Feature", "properties": {"identifier": "1939feb9-f820-40c4-a545-b7dff23845d4", "name": "Olma Messen St.Gallen", "description": "Ob f\u00fcr eine Tagung mit 100 Personen, f\u00fcr ein Bankett mit 1000 G\u00e4sten, f\u00fcr einen Kongress mit 1500 oder eine GV mit 4000 Teilnehmern \u2013 Die Olma Messen St.Gallen bieten die passenden R\u00e4ume mit modernster Infrastruktur und Veranstaltungstechnik \u2013 erstklassiges Catering inklusive. Die Hallen sind sehr beliebt als Locations f\u00fcr Events, Konzerte oder Musical-Produktionen. J\u00e4hrlich zieht das Team der Olma Messen St.Gallen bei \u00fcber 100 Veranstaltungen die Strippen hinter den Kulissen und schafft echte Erlebnisse und wertvolle Begegnungen f\u00fcr zehntausende von Menschen.\n\nDas flexible Raumangebot von modularen Tagungsr\u00e4umen bis zu Hallen\nf\u00fcr Grossanl\u00e4sse mit den jeweiligen ad\u00e4quaten Foyers erm\u00f6glicht individuelle Settings von Kongressen und Events. Die zentrale Lage im Herzen der Stadt St.Gallen, die bequeme Anbindung an den \u00d6V, der direkte Autobahnanschluss, ein attraktives Parkplatzangebot und Hotelkapazit\u00e4ten geh\u00f6ren ebenfalls dazu.", "url": "http://www.congressevents.ch/", "image": "https://ostpimtsoch.sos-ch-dk-2.exoscale-cdn.com/catalog/9/6/5/7/96577ab4098cde68de7595d96890699e4809df95_1ab72d7428665bc104efa34444a15d9c.jpg", "openstreetmap_id": "way/268684903"}, "geometry": {"type": "Point", "coordinates": ["9.385859900000014", "47.4335726"]}}, {"type": "Feature", "properties": {"identifier": "19a1ec89-b583-4b84-82f8-08c1e664f683", "name": "Spielplatz Prodalp Flumserberg", "description": "<p>Ein abwechslungsreicher Spielplatz mit einem H\u00fcpfkissen und einer H\u00fcpfburg, die den Kindern viel Raum f\u00fcr energievolles Springen und Toben bieten. Es gibt mehrere Schaukeln, die sowohl f\u00fcr kleinere als auch f\u00fcr gr\u00f6\u00dfere Kinder geeignet sind. Ein Spielturm mit Kletterelementen und einer kleinen Rutschbahn l\u00e4dt zu Abenteuern und ersten Kletterversuchen ein. Au\u00dferdem sorgt ein spezieller Veloparcours f\u00fcr die Kleinen daf\u00fcr, dass sie mit ihren Fahrr\u00e4dern oder den vorhandenen Laufr\u00e4dern sicher fahren und ihre Geschicklichkeit verbessern k\u00f6nnen. Ein Ort voller Bewegung und Spa\u00df f\u00fcr Kinder unterschiedlichen Alters! In der N\u00e4he befindet sich das Restaurant Prodalp, sowie der Kletterturm \u00abCliimber\u00bb. </p>", "image": "https://ostpimtsoch.sos-ch-dk-2.exoscale-cdn.com/catalog/9/0/9/3/9093cd7d5a4d6bcc92fe79f22dad17910cafa5e8_2e5e7089fb7838addae3210c5da75f4f.jpg", "openstreetmap_id": "way/194824439"}, "geometry": {"type": "Point", "coordinates": ["9.2893443", "47.0806776"]}}, {"type": "Feature", "properties": {"identifier": "19d289f1-4b2e-4fcb-8e12-07d9cf329cf2", "name": "Grillplatz S\u00e4ntisw\u00e4ldli", "description": "Der Grillplatz S\u00e4ntisw\u00e4ldli befindet sich in Unterwasser direkt am Anfang der Schwendistrasse gegen\u00fcber der Berg und Bett S\u00e4ntis Lodge. Die Feuerstelle im kleinen lichten W\u00e4ldchen verf\u00fcgt \u00fcber einen rechteckigen Rost, der in der H\u00f6he verstellbar ist, einem Holzvorrat und Sitzgelegenheiten auf drei Holzb\u00e4nken. Dank des neu erbauten Spielplatzes k\u00f6nnen sich die Kinder im kleinen Seilgarten oder auf der Wippe vergn\u00fcgen, w\u00e4hrend die Erwachsenen dem fr\u00f6hlichen Lachen oder der vorbeipl\u00e4tschernden Thur zuh\u00f6ren. Ausserdem steht auch das \"Mitfahrb\u00e4nkli\" gleich nebenan, wo Sie sich hinsetzen k\u00f6nnen und warten, bis das n\u00e4chste vorbeifahrende Auto Sie zu den Schwendiseen mitnimmt.\nKinderwagentauglich: ja, Holz: ja, Trinkwasser: nein, WC: nein, Kapazit\u00e4t: ca. 12", "image": "https://ostpimtsoch.sos-ch-dk-2.exoscale-cdn.com/catalog/6/b/c/b/6bcb99dfb00df5123d865ec452e1bab945cb928f_9038fa4afc83b648ddc38be98cc145bb.jpg", "openstreetmap_id": "node/7368942740"}, "geometry": {"type": "Point", "coordinates": ["9.31269943714142", "47.19602178175681"]}}, {"type": "Feature", "properties": {"identifier": "19d5863c-c7bd-4505-b550-77680e6a7656", "name": "Napoleonmuseum Arenenberg", "description": "Historisches Herzst\u00fcck des Arenenbergs ist das Napoleonmuseum im Schloss. Hier k\u00f6nnen die sorgf\u00e4ltig restaurierten, original ausgestatteten Wohnr\u00e4ume von K\u00f6nigin Hortense und der kaiserlichen Familie Napoleons III. besichtigt werden. Prachtvolle Zeltsalons, private R\u00fcckzugsr\u00e4ume, Zofenzimmer und kostbare Gem\u00e4lde aber auch ein handbestickter Kinderthron sind hier zu sehen. Umgeben ist das Schlossgut von einem Landschaftspark und vom Arenenberger Schul- und Gutsbetrieb, zu dem auch die Rebh\u00e4nge des eigenen Weinguts geh\u00f6ren.", "url": "https://napoleonmuseum.tg.ch", "image": "https://ostpimtsoch.sos-ch-dk-2.exoscale-cdn.com/catalog/8/1/9/1/81911a6d6eb4cb181d92ace7719db48d3c1d41ae_802e8e27cf5687f013a20a6fbaf6b0b7.jpg", "openstreetmap_id": "node/1129328125"}, "geometry": {"type": "Point", "coordinates": ["9.0592034", "47.6726822"]}}, {"type": "Feature", "properties": {"identifier": "1a5e29ab-0d20-420b-9dbf-fc0783715fa2", "name": "Schienenerlebnisse", "description": "<p>Wir stellen Ihnen gerne ein Gesamtpaket unter der Ber&uuml;cksichtigung Ihrer W&uuml;nsche zusammen. Ob private oder gesch&auml;ftliche Anl&auml;sse &ndash; mit unserem Fachwissen und unserer Kreativit&auml;t beraten wir Sie ganz individuell und mit Liebe zum Detail.</p><p>Sie haben die M&ouml;glichkeit, aus bereits bestehenden Event-Beispielen auszuw&auml;hlen, diese je nach Wunsch individuell anzupassen oder f&uuml;r sich einen ganz eigenen Event zu gestalten. Mit dem untenstehenden Button gelangen Sie zu auserlesenen Event-Beispielen.</p>", "image": "https://ostpimtsoch.sos-ch-dk-2.exoscale-cdn.com/catalog/2/b/b/5/2bb576d83066deb70e9fb2c1d71da7479961e2eb_ced1f5bb9631c2aafb31b53d4c0958c1.jpg", "openstreetmap_id": "node/158773000"}, "geometry": {"type": "Point", "coordinates": ["8.894150753920062", "47.55586341460734"]}}, {"type": "Feature", "properties": {"identifier": "1b41c5db-37b4-48df-98ca-d1e3bacfb968", "name": "Feuerstelle L\u00f6chli", "image": "https://ostpimtsoch.sos-ch-dk-2.exoscale-cdn.com/catalog/c/0/6/f/c06f2854f97251348993f01a516c0907fe2dcd69_bbacdc9cc198fe5ac9dbf423ce7045b3.jpg", "openstreetmap_id": "12192277436"}, "geometry": {"type": "Point", "coordinates": ["9.540499448776247", "47.433755001345006"]}}, {"type": "Feature", "properties": {"identifier": "1f9b5f84-6fbc-498b-977d-a2bd3a89c42e", "name": "Tellenbrunnen", "description": "Der achteckige Brunnen wurde im 16. Jahrhundert als steinerner Brunnen errichtet. Wilhelm Tell ziert als Symbol des freiheitsliebenden Schweizers die Brunnens\u00e4ule.", "image": "https://ostpimtsoch.sos-ch-dk-2.exoscale-cdn.com/catalog/8/3/b/2/83b2abfc7a3aeee649531b615da104e0155c8d6d_9c683eff7458dfd9fd0e735645f7cee5.JPG", "openstreetmap_id": "way/193305290"}, "geometry": {"type": "Point", "coordinates": ["8.636963988259705", "47.696122599999995"]}}, {"type": "Feature", "properties": {"identifier": "205ced8d-18fb-424b-9e4c-25c1a8eb2eb0", "name": "Kr\u00e4utergarten zu Allerheiligen", "description": "<p>W&auml;hrend bei den Benediktiner M&ouml;nchen der Nutzen der Heil-, Gew&uuml;rz und Gem&uuml;sepflanzen im Vordergrund stand, ist der heutige Kr&auml;utergarten ein Schaugarten und eine Oase der Ruhe. Die Pflanzen werden nicht geerntet. Neben typischen Klosterpflanzen befinden sich im Kr&auml;utergarten zu Allerheiligen Heilpflanzen, volksbotanisch bedeutende Pflanzen der Bauerng&auml;rten sowie Bibelpflanzen.</p>", "image": "https://ostpimtsoch.sos-ch-dk-2.exoscale-cdn.com/catalog/2/6/6/b/266b46d20c7e6706ea6d36fd1a036b9afc248711_79506d0ad94ce170234b6470d973cfe8.jpg", "openstreetmap_id": "way/193331781"}, "geometry": {"type": "Point", "coordinates": ["8.636769393088347", "47.694901099999996"]}}, {"type": "Feature", "properties": {"identifier": "216dedf4-88f5-4f3f-96de-1cf1acfead4d", "name": "Museum Lindwurm", "description": "<p><span data-teams=\"true\">Im Hinterhaus befinden sich St&auml;lle, Werkstatt, Getreidespeicher und die Schlafkammer des Knechts. Ein interaktives Spielzimmer l&auml;dt Kinder und Erwachsene ein, historische Kleidung anzuprobieren, Spiele zu entdecken und auf Strohmatratzen zu liegen.</span></p>", "url": "http://www.museum-lindwurm.ch/", "image": "https://ostpimtsoch.sos-ch-dk-2.exoscale-cdn.com/catalog/f/7/c/4/f7c476e9267cf9fee17df778e65b12bc93d7c88f_c6d44eca8e7aed4c57c42a2b7b24dd49.jpg", "openstreetmap_id": "node/3124778327"}, "geometry": {"type": "Point", "coordinates": ["8.8583098", "47.6605749"]}}, {"type": "Feature", "properties": {"identifier": "23a1b59f-456b-4464-b96e-d8701001038d", "name": "Beringer Randenturm", "description": "<p>Bevor der Beringer Randenturm (650 m. &uuml;. M) 1998 in Stahlfachwerkbauweise oberhalb von Beringen erbaut worden ist, stand hier seit 1884 ein 18 m hoher Turm.&nbsp;</p>", "url": "http://www.randenturm.ch", "image": "https://ostpimtsoch.sos-ch-dk-2.exoscale-cdn.com/catalog/b/6/3/8/b638d1b1ff8665c83438d39aa9e64758b92ecd00_b98ee34643181152c86c87131ddfdc97.jpg", "openstreetmap_id": "way/979838867"}, "geometry": {"type": "Point", "coordinates": ["8.580992349999999", "47.70510835"]}}, {"type": "Feature", "properties": {"identifier": "23d6a2bd-f72d-4879-b8e6-081502c8af43", "name": "Erlebniszentrum Echinapoint", "description": "Das Erlebniszentrum Echinapoint in Roggwil ist das Sprachrohr der A.Vogel AG in Roggwil, traditionsreiche Herstellerin von biologischen Naturheilmitteln. Hier wird die Geschichte der Naturheilkunde erlebbar. In dem, wie eine Blume angelegten Kr\u00e4utergarten, erkunden Besuchende mit allen Sinnen die Herstellung und Wirkungsweise von pflanzlichen Arzneimitteln sowie das Leben und Werk des Naturheilkunde-Pioniers Alfred Vogel. G\u00e4ste erfahren, wie die pers\u00f6nliche Gesundheit auf nat\u00fcrliche Weise erhalten werden kann oder wie eine gesunde vollwertige Ern\u00e4hrung aussieht. Der Name EchinaPoint r\u00fchrt \u00fcbrigens von Alfred Vogels Lieblingspflanze Echinacea, dem roten Sonnenhut. In den 1950er Jahren brachte er diese Pflanze von einer Amerikareise mit in die Schweiz. Bis heute wird Echinacea unter anderem zur St\u00e4rkung der Abwehrkr\u00e4fte verwendet. Das Erlebniszentrum ist t\u00e4glich ge\u00f6ffnet, der Eintritt ist frei. Auf Voranmeldung werden Gruppenf\u00fchrungen angeboten.", "url": "https://www.avogel.ch/de/garten/roggwil/", "image": "https://ostpimtsoch.sos-ch-dk-2.exoscale-cdn.com/catalog/5/1/e/7/51e794c70dad84a2c4a09cce298f0543e7f78772_bbebb635a32a611e1300c1797c37223c.jpg", "openstreetmap_id": "298482617.0"}, "geometry": {"type": "Point", "coordinates": ["9.4043759", "47.503364"]}}, {"type": "Feature", "properties": {"identifier": "24e0ccad-d1ea-4658-aafd-0c8d4b4b9c67", "name": "Foxtrail Wildhaus", "description": "Keine Zeit, die atemberaubende Aussicht auf den S\u00e4ntis und die Churfirsten zu geniessen, denn wer den Foxtrail in Wildhaus unter die F\u00fcsse nimmt, muss Augen und Ohren offen halten, um den Gold- und Silberschatz zu finden. Dabei spielt eine seltene Blume eine grosse Rolle.\n \nDie Verfolger begeben sich in luftige H\u00f6he, vernehmen den Klang historischer Kommunikationsanlagen und tauchen im Get\u00fcmmel der Ferieng\u00e4ste unbemerkt in einen engen Kanal ein. Auch Schleckm\u00e4uler kommen auf diesem Trail auf ihre Kosten.", "url": "https://foxtrail.ch/produkte/trails/ostschweiz/funi/", "image": "https://ostpimtsoch.sos-ch-dk-2.exoscale-cdn.com/catalog/9/7/6/2/9762d8551982df7d8a60f6379c96c8afe4039eed_2560067b95822602fe85d8202e64d591.jpg", "openstreetmap_id": "node/2327133067"}, "geometry": {"type": "Point", "coordinates": ["9.350459575653078", "47.20346689730784"]}}, {"type": "Feature", "properties": {"identifier": "251f2203-708b-4af8-9495-1a4cf3eca129", "name": "Klang Escape Room", "description": "<p>Vor einiger Zeit kam die ortsfremde Lena Jeger ins Toggenburg, um f&uuml;r die Klangwelt kostenlose Klangkurse anzubieten. Im Gegenzug erhielt sie eine Unterkunft in der Klangschmiede. Jetzt ist die Musiklehrerin verschwunden &ndash; und ihr Zimmer ist abgesperrt! Verschafft euch Zugang zum Wohnraum von Lena und findet heraus, warum das Tal gef&auml;hrdet ist! Ultimativer, interaktiver R&auml;tselspass f&uuml;r Gruppen und Familien. Meldet euch bei Interesse &uuml;ber info@klangwelt.ch f&uuml;r einen Besuch an. Bitte gebt uns eure vollst&auml;ndigen Kontaktdaten an (Name, Vorname, Adresse, Telefonnummer, Mailadresse). Vielen Dank.</p><p>&nbsp;</p><p>Auskunft zur Zug&auml;nglichkeit: <a href=\"https://www.ginto.guide/entries/619d64d8-c3dc-4526-80f8-18c96530e219?lnk_src=business\" target=\"_blank\" rel=\"noopener\">ginto</a></p>", "url": "https://klangwelt.ch/angebote/gruppenangebote/klang-escape-room", "image": "https://ostpimtsoch.sos-ch-dk-2.exoscale-cdn.com/catalog/d/3/b/c/d3bc29bf0d41eefd8b119155a776de7a21b54b98_240da3f7ccde01ebb2cf5fb1a7161db8.jpg", "openstreetmap_id": "node/1083115186"}, "geometry": {"type": "Point", "coordinates": ["9.27897870540619", "47.193419883716835"]}}, {"type": "Feature", "properties": {"identifier": "26260d8a-1230-424d-af90-c050346c16e0", "name": "Erlebnisflugplatz Sitterdorf", "description": "<p data-start=\"98\" data-end=\"625\">Der Erlebnisflugplatz Sitterdorf ist weit mehr als ein Flugplatz. Auf dem Gel&auml;nde befinden sich ein Tierpark mit Pfaue, Rehen, Hirschen, Ziegen und Papageien sowie ein Freizeitareal mit vielf&auml;ltigen Spielm&ouml;glichkeiten. Spielger&auml;te, Seilbahnen, Modellschiffe oder Electric Carts bieten Spass auf dem Wasser oder an Land &ndash; teilweise mit Muskelkraft, teilweise per Knopfdruck. Das Erlebnisz&uuml;gli f&auml;hrt Familien durch den &uuml;berschaubaren Park. F&uuml;r die Verpflegung sorgt das Restaurant Airfood mit bodenst&auml;ndigen Klassikern und mediterranem Touch &ndash; vom Mittagessen bis zum Dessert. Wer es unkompliziert mag, findet Snacks am Bahnhofskiosk. Der Blick auf die Start- und Landebahn geh&ouml;rt dazu: Kleinflugzeuge k&ouml;nnen aus n&auml;chster N&auml;he beobachtet werden &ndash; ein Erlebnis f&uuml;r Gross und Klein.</p>", "url": "https://www.erlebnisflugplatz.ch/default.shtml", "image": "https://ostpimtsoch.sos-ch-dk-2.exoscale-cdn.com/catalog/6/f/4/8/6f4878c5dd392fead0a8700a9ebe516b4b10fec0_fcd6d94d19caf9a9d8ddfea280d2d2ff.png", "openstreetmap_id": "216851652.0"}, "geometry": {"type": "Point", "coordinates": ["9.2603052", "47.5097176"]}}, {"type": "Feature", "properties": {"identifier": "26447794-f542-4869-a21b-64d9fa2d947b", "name": "Tr\u00f6ckneturm", "description": "<p>Geschichte: Die Geschichte des Tr&ouml;ckneturms ist eng mit der nahegelegenen Burg Waldegg (1475 errichtet) verflochten. Das stattliche Anwesen, zu dem mehrere Weihern geh&ouml;rte, war fast 300 Jahre im Besitz des Klosters St.Gallen und fiel nach der Helvetischen Revolution an den Kanton. Im Jahr 1825 ersteigerte der St.Galler Kaufmann Johann Jakob T&auml;schler (1786-1830) die Burg und das sie umgebende Areal und errichtete einen Fabrikanbau an die Burg Waldegg. Dort betrieb er eine Rotf&auml;rberei. T&auml;schler war es auch, der 1828 den Tr&ouml;ckneturm errichten liess. Architektur: Der Bau ist eine durchdachte Konstruktion: Das &uuml;berh&auml;ngende Dach erm&ouml;glichte bei sch&ouml;nem Wetter das Aufh&auml;ngen der T&uuml;cher im Freien. Bei schlechter Witterung konnten die Stoffbahnen im Innern aufgezogen und mittels Beheizung getrocknet werden.</p>\n<p>Heutige Nutzung: Im Jahr 2019 erwarb die Stadt das Burgweiherareal und machte es der Bev&ouml;lkerung zug&auml;nglich. Der Turm geh&ouml;rt der im Jahr 1997 gegr&uuml;ndeten Stiftung Tr&ouml;ckneturm. Diese Stiftung liess das einzigartige textilhistorische Objekt zu einem Begegnungsort umbauen. Dabei wurde auch eine Ausstellung zur Geschichte der Stadt St.Gallen und zur Geschichte der Textilindustrie eingerichtet. Die Ausstellungsr&auml;ume k&ouml;nnen an F&uuml;hrungen, durchgef&uuml;hrt durch das Textilmuseum, besucht werden. Der Tr&ouml;ckneturm kann zudem f&uuml;r Anl&auml;sse gemietet werden. Seit Januar 2023 bietet das Zivilstandsamt auch Trauungen im Tr&ouml;ckneturm an.</p>", "url": "http://www.troeckneturm.ch", "image": "https://ostpimtsoch.sos-ch-dk-2.exoscale-cdn.com/catalog/3/9/6/e/396e0195e2583260348fa2416de91a8e3273d3f7_99f1780eae26091d119d1993fc7af2d1.jpg", "openstreetmap_id": "way/30264397"}, "geometry": {"type": "Point", "coordinates": ["9.348409400000037", "47.4159719"]}}, {"type": "Feature", "properties": {"identifier": "26931348-f2d5-4550-85ed-f265c8bde9a8", "name": "St.Galler Bauernmarkt", "description": "So abwechslungsreich wie sich jeder Marktstand gestaltet, so vielf\u00e4ltig sind die Bauernbetriebe der Marktfahrerfamilien. Regionales Gem\u00fcse, Obst, Kr\u00e4uter, Milchprodukte oder Blumen - hier gibt es jeweils freitags Neues und Altbew\u00e4hrtes zu entdecken und probieren.  ", "url": "https://bauernmarkt-sg.ch/", "image": "https://ostpimtsoch.sos-ch-dk-2.exoscale-cdn.com/catalog/5/2/f/e/52fef070fa6241324dc1e6d3b3b7995a2a270354_5c55eb60395ff67c0ae37cc3499f8538.jpg", "openstreetmap_id": "node/137896218"}, "geometry": {"type": "Point", "coordinates": ["9.3750971", "47.4260286"]}}, {"type": "Feature", "properties": {"identifier": "2789854f-9fdc-4438-97b7-bce1065d9028", "name": "Vinorama Museum Ermatingen", "description": "<p>Das Wohnmuseum im historischen Haus Ph&ouml;nix entf&uuml;hrt in die Lebenswelt einer Arztfamilie um 1900. Im zweiten Obergeschoss befinden sich im Stil des 19. Jahrhunderts eingerichtete historische Salons. Die ehemalige Pferdestallung Remise thematisiert die Geschichte der Region am Untersee und ihre Verbindung zum Kloster Reichenau, mit Schwerpunkten auf Weinbau, Fischerei und Vogeljagd. Im Obergeschoss werden wechselnde Kunstausstellungen pr&auml;sentiert. Ein Eventraum im Erdgeschoss sowie ein Rosengarten erg&auml;nzen das Angebot. Das Museum liegt zentral in Ermatingen und bietet mit seinen verschiedenen Ausstellungsbereichen ein vielseitiges Kulturerlebnis im Thurgau. Das Haus Ph&ouml;nix stellt seine historischen Salons f&uuml;r Sitzungen, Konferenzen oder zivile Trauungen zur Verf&uuml;gung. Gruppenf&uuml;hrungen durch das Museum sind auf Anfrage ebenfalls m&ouml;glich.</p>", "url": "http://www.vinorama-ermatingen.ch/", "image": "https://ostpimtsoch.sos-ch-dk-2.exoscale-cdn.com/catalog/6/2/1/a/621a5adb4065365186c3ce4b721c5a70b078b62e_6a93ffa7a5daa8fe698ef51959eb6735.jpg", "openstreetmap_id": "node/2240025563"}, "geometry": {"type": "Point", "coordinates": ["9.0770616", "47.6690093"]}}, {"type": "Feature", "properties": {"identifier": "284c3c5b-ecf6-4f6b-839e-89415df5c691", "name": "Alpaka R\u00fctihof", "description": "Im westlichsten Zipfel des Kantons Schaffhausen, im wundersch\u00f6nen Chl\u00e4ggi sind wir zuhause. Viel Rebfl\u00e4che pr\u00e4gen unser Landschaftsbild. \n\n\u00dcber die Jahre sind auf unserem Hof immer mehr verschiedene Tiere eingezogen. Zuletzt im Sommer 2021 zwei Alpakas. Sie sind die grosse Leidenschaft von mir, bereiten aber der ganzen Familie Freude. Mittlerweile ist die Herde auf sechs Tiere angewachsen.\n\nDamit auch Sie diese feinf\u00fchligen und lieben Tiere kennenlernen k\u00f6nnen, biete ich Spazierg\u00e4nge in unserer wunderbaren Natur an.", "url": "https://www.alpaka-ruetihof.ch/", "image": "https://ostpimtsoch.sos-ch-dk-2.exoscale-cdn.com/catalog/1/4/d/0/14d08712c1461b47f1281561aa433073786b2294_ee6b19f95940ddc33e648062f10359fc.jpg", "openstreetmap_id": "way/282465574"}, "geometry": {"type": "Point", "coordinates": ["8.413384118084258", "47.6683695"]}}, {"type": "Feature", "properties": {"identifier": "2a77a924-b43d-4a99-a7ee-e5f55d9a1172", "name": "Kr\u00e4uter-Pfarrer K\u00fcnzle Museum", "description": "<p>Hoch &uuml;ber Vilters, im ehemaligen Pfarrhaus, &ouml;ffnete am 10. November 2019 das &laquo;Kr&auml;uter-Pfarrer K&uuml;nzle&raquo; Museum seine T&uuml;ren. Die Dauerausstellung zeigt das Leben und Wirken des Kr&auml;uterpfarrers, der w&auml;hrend elf Jahren in Wangs-Vilters als Pfarrer t&auml;tig war und dort auch 1945 begraben wurde. Ge&ouml;ffnet ist das Museum jeweils jeden ersten und dritten Sonntag im Monat, von 10 - 12 und 13-16 Uhr.</p><p>Flyer mit Daten <a href=\"https://pfarrerkuenzle.ch/wp-content/uploads/2026/01/Flyer-2026.pdf\">https://pfarrerkuenzle.ch/wp-content/uploads/2026/01/Flyer-2026.pdf</a></p>", "url": "https://pfarrerkuenzle.ch/", "image": "https://ostpimtsoch.sos-ch-dk-2.exoscale-cdn.com/catalog/7/2/f/1/72f1b73406c16c090db4b72c7c5698e9301aec01_6122fddaf6655cdcf8df9a0e2fe7fcdb.jpg", "openstreetmap_id": "way/119360990"}, "geometry": {"type": "Point", "coordinates": ["9.448006153106691", "47.02292944947706"]}}, {"type": "Feature", "properties": {"identifier": "2cdf848d-0db7-4d83-aeca-81025a1ba9e7", "name": "Orts- und Dichtermuseum Wilchingen", "description": "Neben einer Ausstellung \u00fcber die b\u00e4uerliche Wohnkultur im Klettgau, Ger\u00e4ten und Werkzeugen aus Landwirtschaft und Kleingewerbe und Darstellungen der Geologie und der Dorfgeschichte, treffen Sie bei uns auf Dichterstuben von Berta Hallauer, Albert B\u00e4chtold und Ruth Blum sowie auf die Jakob Ritzmann Stube, welche eine wunderbare Gem\u00e4ldesammlung aus dem Schaffen des Kunstmalers zeigt.", "url": "https://wilchingen.ch/CMS/Webseite/Gemeinde-Wilchingen/Freizeit---Kultur-2025299-DE.html", "image": "https://ostpimtsoch.sos-ch-dk-2.exoscale-cdn.com/catalog/4/4/4/d/444d0833df3c41fd0e21411bbd93ead7ff96bf62_a98dd816f7bc969ef135462dd2a48381.jpg", "openstreetmap_id": "node/3213706985"}, "geometry": {"type": "Point", "coordinates": ["8.4681705", "47.6677146"]}}, {"type": "Feature", "properties": {"identifier": "3165c158-4864-4aab-b90f-12ef9b3b5a17", "name": "Event-Raum Engels-Fr\u00fcchtehof", "description": "Der moderne Veranstaltungsraum auf dem Engels-Fr\u00fcchtehof bietet Platz f\u00fcr bis zu 70 Personen. Er verf\u00fcgt \u00fcber eine erstklassige Ausstattung. Komplette Bestuhlung, grossz\u00fcgige Tische, Beamerwand mit Beamer sowie Geschirr sind vorhanden. Wer selbst anpacken m\u00f6chte, dem steht eine tolle Gastrok\u00fcche zur Verf\u00fcgung, ausgestattet mit Buffet, Induktionsfelder, Tellerw\u00e4rmer, Gastro-Steamer, K\u00fchlschrank, Geschirrsp\u00fcler, K\u00fchltheke, Kaffeemaschine und einer Auswahl an Getr\u00e4nken. Eine attraktive \u00fcberdachte Aussenterrasse mit malerischem Blick auf den Untersee und die Burg Hohenklingen l\u00e4dt zum Pausieren und Geniessen ein. Viel Holz schafft ein wohliges Ambiente. Familie Engel bietet in ihrem Hofladen Gem\u00fcse und Fr\u00fcchte aus eigener Produktion zur Verwendung an. Ein Ap\u00e9ro mit kalter Platte sowie Dekorationen und Floristik richtet das Familienunternehmen in dritter Generation ebenfalls gerne aus. Auf Wunsch organisiert der Fr\u00fcchtehof f\u00fcr die weitere Verpflegung ein passendes Catering mit einem regionalen Partyservice. G\u00e4sten steht es aber auch frei, ihr eigenes Catering mitzubringen.", "url": "https://www.engel-mammern.ch/", "image": "https://ostpimtsoch.sos-ch-dk-2.exoscale-cdn.com/catalog/f/e/8/0/fe80fb51ce67ec1b48f1d9d12c47d8c69f23cd08_a43f04ef8df705b40a6a76ca5fe7662d.jpg", "openstreetmap_id": "way/306904390"}, "geometry": {"type": "Point", "coordinates": ["8.913065086888112", "47.64458355"]}}, {"type": "Feature", "properties": {"identifier": "33334310-d1a3-4b30-bb1c-9eb9acbe3c1b", "name": "Munot", "description": "Die Festung Munot wurde im 16. Jahrhundert von den Schaffhauser B\u00fcrgern in Fronarbeit erbaut und pr\u00e4gt das Bild der Schaffhauser Altstadt bis heute. Das Wahrzeichen der Stadt ist ein Anziehungspunkt f\u00fcr Touristen wie auch Einheimische. Auf seiner Zinne finden Open Air Kinos, Kinderfeste, Tanzveranstaltungen und andere Veranstaltungen statt.\n\nMunotgl\u00f6cklein\nIm Turm befindet sich die Wohnung der Munotw\u00e4chterin, sie l\u00e4utet jeden Abend um 21.00 Uhr - von Hand - das bekannte Munotgl\u00f6cklein. Im Sommer 2002 wurde das Gl\u00f6cklein repariert und seit dem 26. August 2002 wird die Glocke auf dem Turm - wie seit 1589 - nun wieder jeden Abend um neun Uhr w\u00e4hrend f\u00fcnf Minuten von Hand gel\u00e4utet.", "url": "https://munot.ch/", "image": "https://ostpimtsoch.sos-ch-dk-2.exoscale-cdn.com/catalog/7/6/c/1/76c1b26431483865a02bcc7abd46a2ca9273f925_8e85aad0ffc3eaa21a8e241b54ee49c9.jpg", "openstreetmap_id": "way/4812268"}, "geometry": {"type": "Point", "coordinates": ["8.639892613826817", "47.6968942"]}}, {"type": "Feature", "properties": {"identifier": "38a16017-d23e-425a-bb3d-8f85bbdbf6a2", "name": "Grillplatz Laui auf der Wolzenalp, Nesslau", "description": "Die Feuerstelle nach Schweizer-Familie-Standard ist eine von schweizweit \u00fcber 500, die sich bestens f\u00fcr die Wanderverpflegung aus dem Rucksack oder f\u00fcr einen Tagesausflug eignet. Sie ist mit zwei Grillrosten, verf\u00fcgbarem Brennholz, Tischen und B\u00e4nken sowie Ruheb\u00e4nken mit toller Bergsicht eingerichtet. Sie l\u00e4sst sich in 45 Minuten ab Bergstation Rietbach oder in knapp zwei Stunden ab Bahnhof Nesslau Neu St. Johann erreichen.\n\nDie Grillstelle liegt am Klimaerlebnisweg Toggenburg. Kinderwagentauglich: ja ab Nesslau via Schneit, Holz: ja, Trinkwasser: nein, WC: nein, Kapazit\u00e4t: ca. 20", "url": "https://www.nesslau-tourismus.ch", "image": "https://ostpimtsoch.sos-ch-dk-2.exoscale-cdn.com/catalog/5/a/1/7/5a17639118b67ad99e75fc88a1853c3d6f182f46_9b3fd3fe9f53e1f11ae9c38f34b32879.jpg", "openstreetmap_id": "node/5615045633"}, "geometry": {"type": "Point", "coordinates": ["9.169686", "47.217016"]}}, {"type": "Feature", "properties": {"identifier": "39f4348c-0333-4760-84ee-16a3fdac5c75", "name": "Seilbahn Sch\u00f6nhalden", "description": "<p>Unsere Seilbahn ist seit 1976 in Betrieb und wurde von der einheimischen Firma Bartholet AG erbaut. Die Pendelbahn mit je zwei gekoppelten 4er-Kabinen kann pro Stunde 40 Personen bef&ouml;rdern. Die Talstation in Flums Saxli liegt auf 640m &uuml;.M. von wo die Seilbahn auf einer L&auml;nge von 2'407m direkt bis zum Berghotel Sch&ouml;nhalden auf 1494m &uuml;.M. f&auml;hrt.</p>", "url": "https://www.schoenhalden.ch/seilbahn/", "image": "https://ostpimtsoch.sos-ch-dk-2.exoscale-cdn.com/catalog/0/3/8/e/038e81054abf213ade7a1d8194f9228a34fb21d8_a6385032862644b1872c503bf87972ad.jpg", "openstreetmap_id": "node/2428613804"}, "geometry": {"type": "Point", "coordinates": ["9.3498915", "47.078528"]}}, {"type": "Feature", "properties": {"identifier": "3b30c9b2-bf7d-46b5-9beb-10f1c8a0068f", "name": "Bergk\u00e4serei M\u00e4dris", "description": "In der Bergk\u00e4serei M\u00e4dris wird die silofreie Bergmilch, die naturbelassene Rohmilch der K\u00fche von f\u00fcnf Bergbauernfamilien, zu hochwertigen Milchprodukten veredelt. Im K\u00e4sekeller und im K\u00fchlraum reifen die unverf\u00e4lschten Melser Bergk\u00e4se und weitere Spezialit\u00e4ten heran. \nEinzigartig ist ihr Geschmack, den das duftende Bergheu in den Wintermonaten und die saftigen Kr\u00e4uter im Fr\u00fchjahr in die Milchprodukte bringen. Unsere Bergheimet und Maiens\u00e4sse liegen an der Bergflanke am Melser Hinterberg von 800-1200m H\u00f6he. In diesem Lebensraum ist auch das Naturschutzgebiet Chapfensee eingebettet.\n\nK\u00e4sereibesuch f\u00fcr Gruppen (Winter)\nF\u00fcr Gruppen offerieren wir eine unvergessliche Besichtigung unserer Bergk\u00e4serei. \nAngebot von Mitte Oktober bis Ende Mai (\u00fcbrige Zeit nur ohne K\u00e4seherstellung).\n- Begr\u00fcssung durch einen der drei Eigent\u00fcmer der Bergk\u00e4serei M\u00e4dris\n- Rundgang Milchannahme und K\u00e4serei\n- Einblick in unseren Reifekeller\n- K\u00e4sedegustation mit den Melser Bergk\u00e4sen mild / w\u00fcrzig / rezent, Chapf\u00e4-Mutschli, Bergtr\u00e4umli, Degustation der M\u00e4driser Jogurt\n- Gelegenheit zum K\u00e4sekauf direkt ab K\u00e4sekeller\nEine Anmeldung ist erforderlich.\n\nVerbinden Sie einen K\u00e4sereibesuch bei uns mit einem Ausflug in die Natur. Bei bester Aussicht erlebt man die Wildheit des Melser Hinterbergs bei einem sanften Spaziergang durch das botanisch wertvolle Naturschutzgebiet Chapfensee. Lohnenswert im Sommer oder im Winter ist auch ein Abstecher ins wildromantische Weisstannental.\nDer Bergweiler M\u00e4dris und die dazugeh\u00f6rigen Maiens\u00e4sse liegen an einer Bergflanke hoch \u00fcber dem Seeztal. Ein bezauberndes Eldorado f\u00fcr Wanderer und Biker. Von kleinen Rundwanderungen bis hin zu mehrt\u00e4gigen Bergtouren bieten sich unz\u00e4hlige M\u00f6glichkeiten:\n- Rundwanderung durch gesch\u00fctzte Moorlandschaften am Chapfensee\n- Rundwanderung vom Chapfensee zur Sonnenterrasse Vermol\n- Themenpfad Melser Geoweg\n- Erdpyramiden und Wasserkraft: Wanderung ins Seeztobel\n- Bergwanderung Vermol - Alp Tamons - H\u00fcenerchopf\n- Panoramaweg Chapfensee - Schwarzenberg - Berghotel Sch\u00f6nhalden\n- WALSA-H\u00f6henweg, Bad Ragaz - Amden\n- Skitour oder Schneeschuhlaufen Vermol - Tamons - H\u00fceneri\n- Bergtalwanderung Vermol - Schwendi - Weisstannen", "url": "http://www.maedris.ch", "image": "https://ostpimtsoch.sos-ch-dk-2.exoscale-cdn.com/catalog/1/1/f/2/11f215421b3d83d3639a8d044d6dbf3c48e15c02_e404dfccaa01a5d4b6530e553c5843bb.jpg", "openstreetmap_id": "way/388129219"}, "geometry": {"type": "Point", "coordinates": ["9.392086458162218", "47.05219913986842"]}}, {"type": "Feature", "properties": {"identifier": "400bc32f-cc8a-4712-a5ca-30c913497620", "name": "Ausstellungssaal im Stiftsbezirk", "description": "<p>Die Ausstellung \"Das Wunder der &Uuml;berlieferung &ndash; Der St.Galler Klosterplan und Europa im fr&uuml;hen Mittelalter\" befasst sich mit der einmaligen &Uuml;berlieferungsdichte von Dokumenten des Fr&uuml;hmittelalters in St.Gallen. Dabei stehen die Rechtsdokumente, die im Stiftsarchiv St.Gallen erhalten geblieben sind, im Vordergrund, darunter auch zwei Verbr&uuml;derungsb&uuml;cher und das einzige &uuml;berlieferte Professbuch der Karolingerzeit. Wechselausstellungen mit thematisch ausgew&auml;hlten Urkunden geben Einblicke in die Lebenswelten des fr&uuml;hen Mittelalters. Der ber&uuml;hmte St.Galler Klosterplan kann nach einer einf&uuml;hrenden Multivision einige Sekunden im Original betrachtet werden. Das wertvolle Dokument muss aus konservatorischen Gr&uuml;nden vor zu starker Lichtexposition gesch&uuml;tzt werden.</p>", "url": "https://www.stiftsbezirk.ch/de/aktuelle-ausstellungen/ausstellungssaal", "image": "https://ostpimtsoch.sos-ch-dk-2.exoscale-cdn.com/catalog/c/d/2/c/cd2c7ba625cddd3908764de711aaf888398aed23_462fe9bcf8e387cb9144bcc15897101a.jpg", "openstreetmap_id": "way/131608042"}, "geometry": {"type": "Point", "coordinates": ["9.3778712", "47.4240379"]}}, {"type": "Feature", "properties": {"identifier": "428f51d3-01cb-47d3-89dd-c885b4180c6a", "name": "Mohrenbrunnen", "description": "Fr\u00fcher wurde der Mohrenbrunnen Schwertbrunnen genannt. 1535 wurde der damalige Holzbrunnen durch einen aus Stein ersetzt. Die S\u00e4ule stammt von 1520. Benannt wurde der Mohrenbrunnen nach dem als Mohr dargestellten Kaspar, dem j\u00fcngsten der Heiligen Drei K\u00f6nige mit Krummschwert, Goldpokal und Wappenschild. Im Volksmund liebevoll \u00abde Mohrejoggeli\u00bb genannt. Diese originelle Brunnenfigur symbolisiert den wohlhabenden Stadtb\u00fcrger.", "image": "https://ostpimtsoch.sos-ch-dk-2.exoscale-cdn.com/catalog/7/c/a/c/7cac6c03c330fe2177e32916db33b117c159f2e3_d011261d4ce1635a3e1bcf1557296427.JPG", "openstreetmap_id": "node/274768321"}, "geometry": {"type": "Point", "coordinates": ["8.6334453", "47.697176"]}}, {"type": "Feature", "properties": {"identifier": "4297bc41-4245-42ac-ab9d-023c9769f83b", "name": "Kutschenfahrten F\u00e4ssler", "description": "Wir bieten im Sommer Gesellschaftsfahrten und im Winter Schlittenfahrten an.\nAuf Wunsch k\u00f6nnen auch Fonduefahrten organisiert werden. \nEs k\u00f6nnen Fahrten f\u00fcr kleinere sowie gr\u00f6ssere Gruppen durchgef\u00fchrt werden.", "image": "https://ostpimtsoch.sos-ch-dk-2.exoscale-cdn.com/catalog/5/6/4/b/564b61cc9bebea0155ea6e3eafc9c9e703fa2fa0_3328a20321dbcc9ee56bc520d65924d2.jpg", "openstreetmap_id": "node/8818782613"}, "geometry": {"type": "Point", "coordinates": ["9.1843718290329", "47.232970622096424"]}}, {"type": "Feature", "properties": {"identifier": "46041e39-9c93-44dd-a28d-de9d78933127", "name": "Ruine Radegg", "description": "<p>Durch die Westmauer, wo jetzt ein Holzsteg angebracht ist, f&uuml;hrten sehr wahrscheinlich eine Zugbr&uuml;cke und ein Burgtor ins Wohngeb&auml;ude. Die Burg wurde um 1200 zum ersten Mal erw&auml;hnt. Die Herren von Rossberg besassen G&uuml;ter in Osterfingen, L&ouml;hningen, Beringen, Guntmadingen und Trasadingen. Die Burg wurde wom&ouml;glich bei K&auml;mpfen mit dem umliegenden Adel zerst&ouml;rt. Die auf dem Gel&auml;nde der Vorburg gefundenen Bogen- und Armbrustpfeile sowie die Feuerspuren weisen auf diesen Untergang hin.</p>", "image": "https://ostpimtsoch.sos-ch-dk-2.exoscale-cdn.com/catalog/6/a/9/5/6a95386a28f2f1b5d1805b6227d93f02818496df_151f8c3c829bc5e40c02f935257c34ee.jpg", "openstreetmap_id": "node/469281641"}, "geometry": {"type": "Point", "coordinates": ["8.506737", "47.6518137"]}}, {"type": "Feature", "properties": {"identifier": "4616761a-c0e9-40db-bc32-540faa23b6d3", "name": "Stein am Rhein", "description": "Der Charme dieses mittelalterlichen St\u00e4dtchens zieht die Besucher sofort in seinen Bann. Hoch \u00fcber der Altstadt thront die Burg Hohenklingen. Der Aufstieg wird belohnt durch eine atemberaubende Aussicht \u00fcber den s\u00fcdlichen Hegau, den Bodensee und die Rheinlandschaft.", "image": "https://ostpimtsoch.sos-ch-dk-2.exoscale-cdn.com/catalog/e/0/c/f/e0cf027d5736e6b575b59f8f45b441b7e9cfe045_77cbe7670921d6b4336e241ce7c3e9a9.jpg", "openstreetmap_id": "way/145219187"}, "geometry": {"type": "Point", "coordinates": ["8.8596129", "47.6593787"]}}, {"type": "Feature", "properties": {"identifier": "473d7015-be91-4781-8073-a26ac5244fee", "name": "Adanks kleine Farm", "description": "Demeter-Bauernhof mit viel Flair f\u00fcr das Aussergew\u00f6hnliche. \nWir halten schottische Hochlandrinder und Bruderh\u00e4hne. Auf unseren Feldern w\u00e4chst Safran, Polentamais, Knoblauch und nat\u00fcrlich Gras f\u00fcr unsere Rinder\nDie wertvollen Produkte werden im sch\u00f6nen Hofladen angeboten. \nDer Hof liegt am Fuss des Fl\u00e4scherbergs 1\u00a0km nach der Rheinbr\u00fccke nach Fl\u00e4sch.", "url": "http://adankskleinefarm.ch/#home", "image": "https://ostpimtsoch.sos-ch-dk-2.exoscale-cdn.com/catalog/c/3/9/e/c39ee3e1cc8ded11f14ea4dd162cea1926e573cd_c1748e55d05e5db3e9a634b685bf89d0.jpeg", "openstreetmap_id": "way/1037787064"}, "geometry": {"type": "Point", "coordinates": ["9.505635589917608", "47.031034"]}}, {"type": "Feature", "properties": {"identifier": "479545b4-6a07-4be2-b99e-90327e41c7b9", "name": "Sarganserl\u00e4nder Maskenmuseum Flums", "description": "Im Sarganserland gelten Flums, Mels und Walenstadt als die Hochburgen der Maskenschnitzer. Doch auch in anderen Gemeinden der Region wird dieser \u00fcber 200 Jahre alte Brauch heute noch gepflegt. Rund 200 historische und zeitgen\u00f6ssische Holzmasken sind im Museum zu sehen und pr\u00e4sentieren das typische Brauchtum der Region. \n \nDas Sarganserl\u00e4nder Maskenmuseum wurde im Rahmen des 50-Jahr-Jubil\u00e4ums der Talgemeinschaft Sarganserland Walensee 2006 in den Kellerr\u00e4umlichkeiten des Flumser Rathauses realisiert. Die Ausstellung ist in drei R\u00e4ume aufgeteilt. Der Raum der Region enth\u00e4lt typische Masken aus allen acht Sarganserl\u00e4nder Gemeinden. Hier erz\u00e4hlt eine Videoschau \u00fcber die Entstehung einer einzelnen Holzmaske. Im Raum der Maskengeschichte sind historische Masken und wertvolle Rarit\u00e4ten sowie die zur Herstellung ben\u00f6tigten Schnitzwerkzeuge zu sehen. Der dritte Raum, der Raum der Masken, ist schliesslich den neueren Masken von zeitgen\u00f6ssischen Schnitzern gewidmet.", "url": "https://www.flums.ch/sehenswuerdigkeiten/8451", "image": "https://ostpimtsoch.sos-ch-dk-2.exoscale-cdn.com/catalog/7/1/e/9/71e90b8c9fa633262f202c9b193db08dd37fcc12_df6886feb97855d11371c1ec6763c2b3.jpg", "openstreetmap_id": "way/194917725"}, "geometry": {"type": "Point", "coordinates": ["9.343642234774673", "47.090096599999995"]}}, {"type": "Feature", "properties": {"identifier": "4858551c-bcb7-4632-b5fa-84bd9adeff9e", "name": "Gipsmuseum mit Bergwerksstollen", "description": "Der Gipsabbau in ober- und unterirdischen Br\u00fcchen bedeutete im 18. und 19. Jahrhundert f\u00fcr die ganze Region Schleitheim Arbeit und Verdienst. Schleitheimer Gips war ein begehrtes Produkt.\n\nHeute k\u00f6nnen Sie als Besucher auf den Spuren der fr\u00fcheren Gipsbrecher rund 200 Meter tief ins Berginnere vordringen, bis Ihnen - wie einst den Bergleuten - ein kleines Seelein Einhalt gebietet.\n\nWasser- und Lufttemperatur im Stollen liegen im Sommer und im Winter bei ca. 10 Grad.\n\nDurch die bergm\u00e4nnisch gesicherten und periodisch kontrollierten Stollen in die vor ca. 240 Mio. Jahren abgelagerte Gipsschicht einzudringen ist ein faszinierendes und zugleich lehrreiches Erlebnis.", "url": "http://www.museum-schleitheim.ch/", "image": "https://ostpimtsoch.sos-ch-dk-2.exoscale-cdn.com/catalog/8/2/b/b/82bbfff5bf4886819f6c30e3d29f17f60d283ef6_60464fd68bfb903de35a07223963803f.jpg", "openstreetmap_id": "way/279408443"}, "geometry": {"type": "Point", "coordinates": ["8.460860368125857", "47.748710200000005"]}}, {"type": "Feature", "properties": {"identifier": "486573b4-212f-4856-ba61-e1fc0251cea2", "name": "Resonanzzentrum Peter Roth", "description": "Der Klangdom im dritten Stock des Resonanzzentrums Peter Roth ist das Herzst\u00fcck des Hauses und der erste \u00f6ffentlich zug\u00e4ngliche Klangdom in der Schweiz. Als Begegnungs- und Erlebnishaus heisst das Zentrum Besucherinnen und Besucher willkommen und bietet einen interaktiven Zugang zu Klang, Resonanz und Schwingung. Der Klangdom ist ein besonderer Ort f\u00fcr besondere Musik: Er bietet Platz f\u00fcr bis zu 100 G\u00e4ste, schafft Begegnungen und erm\u00f6glicht die Reflexion der Klangerfahrungen. Ein wichtiger Bestandteil f\u00fcr die erste audiovisuelle Pr\u00e4sentation im Klangdom ist die Dokumentarfilmreihe \u00abVom Zauberklang der Dinge\u00bb, die das Werk von Peter Roth und die Musizierenden zeigt, die ihn begleitet haben.", "url": "https://klangwelt.ch", "image": "https://ostpimtsoch.sos-ch-dk-2.exoscale-cdn.com/catalog/a/9/2/5/a925841c4df3f8913fd9f9ae947528e3c69f956f_1eb904a51248c710736c251f3e99c7af.jpg", "openstreetmap_id": "way/1068618149"}, "geometry": {"type": "Point", "coordinates": ["9.329731464385988", "47.19039062489649"]}}, {"type": "Feature", "properties": {"identifier": "4929ccb7-4b8f-45b0-b006-57db1f3f39e9", "name": "JUST Welt", "description": "In Walzenhausen, inmitten der Appenzeller Natur, hoch \u00fcber dem Bodensee, haben Sie die einmalige Gelegenheit das Unternehmen JUST hautnah kennenzulernen und das Geheimnis hinter den wohltuenden Kr\u00e4uter-Pflegeprodukte zu entdecken. \n\nKommen Sie mit auf eine Reise zum Ursprung des nat\u00fcrlichen Wohlgef\u00fchls! \n\nSonia l\u00e4dt Sie im 360\u00b0-Kino auf eine interaktive Edelweiss-Entdeckungsreise durch die Appenzeller Kr\u00e4uterwelt ein. Bei jedem Edelweiss-Symbol im JUST Welt Museum erz\u00e4hlt Ihnen Sonia etwas Wissenswertes \u00fcber JUST Produkte oder etwas Spannendes \u00fcber die Gr\u00fcnderfamilie J\u00fcstrich. Oder begeben Sie sich mit einem erfahrenen JUST Mitarbeiter in kleiner Gruppe auf die Arnika Produktionstour, bei der Sie Ihre Sinne testen k\u00f6nnen und live erleben wie die Produkte in der hochmodernen Produktion entstehen. Beide Touren k\u00f6nnen auch miteinander kombiniert werden. Am Ende jeder Tour laden wir Sie auf eine Tasse belebenden Kr\u00e4utertee zum Verweilen und Probieren unserer JUST Produkte im \u00abChr\u00fcterforum\u00bb ein. \n\n\u2022\tErlebnistour 1: Edelweisstour - ca. 1 Stunde mit Audioguide (keine Mindestgruppengr\u00f6sse)\n\u2022\tErlebnistour 2: Arnikatour - ca. 1 Stunde mit F\u00fchrung, ab 10 Personen\n\u2022\tErlebnistour 3: Kombi Edelweiss- und Arnikatour - ca. 2 Stunden, ab 10 Personen\n\nPlanen Sie diesen Ausflug mit dem Rollstuhl? Dann kontaktieren Sie vorg\u00e4ngig die JUST Welt, das Team unterst\u00fctzt Sie gerne dabei.", "url": "https://www.just.swiss/just-welt/", "image": "https://ostpimtsoch.sos-ch-dk-2.exoscale-cdn.com/catalog/3/7/9/0/379041566137b71788ec92f2eb88f8806fd9f733_aca3d6460e4508268c7f20ecc7252ce8.jpg", "openstreetmap_id": "node/776749159"}, "geometry": {"type": "Point", "coordinates": ["9.6019082", "47.4519444"]}}, {"type": "Feature", "properties": {"identifier": "4b40c314-ff35-4391-a2dd-e7303190498b", "name": "Milit\u00e4rmuseum St.Luzisteig", "description": "40 Jahre lang war die Festung auf der St.Luzisteig Heimat der Trainrekrutenschulen und -truppen. Die bewegte Vorgeschichte und Geschichte der Luzisteig geht jedoch bis ins 15. Jahrhundert zur\u00fcck.\nHeute befindet sich auf der Passh\u00f6he St.Luzisteig (zwischen Maienfeld und Balzers) im alten Arsenal ein sehenswertes Milit\u00e4rmuseum. Erleben Sie dort ein spannendes und bedeutendes St\u00fcck Zeitgeschichte. Nebst der Ausstellung wird dem Besucher ein Kurzfilm \u00fcber die Geschichte rund um die St.Luzisteig vorgef\u00fchrt. \n\nEintrittspreise: \nErwachsene CHF 10.00\nKinder (6-16 Jahre) CHF 5.00\nMilit\u00e4r (uniformiert) CHF 3.00\n\nF\u00fcr Gruppen ab 10 Personen:\nErwachsene CHF 5.00\nKinder (6-16 Jahre) CHF 3.00\nMilit\u00e4r (uniformiert) CHF 3.00\n\nDas General-St\u00fcbli kann f\u00fcr diverse Anl\u00e4sse und Bewirtungen auf Anfrage gebucht werden und bietet Platz bis zu 45 Personen.", "url": "https://www.luzisteig.ch/home/", "image": "https://ostpimtsoch.sos-ch-dk-2.exoscale-cdn.com/catalog/d/6/0/2/d602c6895b2a4bb0fdd3a76021401d3cd66479ec_ac2ca112e977753c2a02ff6a7516128c.jpg", "openstreetmap_id": "node/1456728108"}, "geometry": {"type": "Point", "coordinates": ["9.529239535331728", "47.02959419495996"]}}, {"type": "Feature", "properties": {"identifier": "5174356a-1a0e-4ce2-8d5a-119b9ca0d241", "name": "Seilbahn V\u00e4ttnerberg", "description": "<p>Die Seilbahn V&auml;ttnerberg, betrieben von der V&auml;ttnerberg Korporation, verbindet V&auml;ttis/Taminatal mit dem V&auml;ttnerberg (ca.\u202f1600&ndash;1800\u202fm &uuml;.M.). Die Bahn wurde urspr&uuml;nglich 1932 errichtet, 1972 elektrifiziert und 2000 umgebaut. Sie spannt sich &uuml;ber eine Seill&auml;nge von 1\u202f065\u202fm bei 625\u202fm H&ouml;hendifferenz.</p>", "url": "https://www.v\u00e4ttnerberg.ch/seilbahn/", "image": "https://ostpimtsoch.sos-ch-dk-2.exoscale-cdn.com/catalog/0/d/d/5/0dd54ac630877477210fbaa5302aeab06c5b9459_3ae0a8862916119325abad115aa03a90.jpg", "openstreetmap_id": "node/560106340"}, "geometry": {"type": "Point", "coordinates": ["9.4560546", "46.9219972"]}}, {"type": "Feature", "properties": {"identifier": "52561659-8932-4248-93ac-42a63b50e261", "name": "Erlebnishaus Klangschmiede", "description": "<p>In der 2011 er&ouml;ffneten Werkstatt und Gesch&auml;ftsstelle der Klangwelt Toggenburg wird das Kunsthandwerk des Schmiedens von Schellen und anderen Klangk&ouml;rpern gezeigt und vermittelt. Die Klangschmiede ist ein interaktives Erlebnishaus mit verschiedenen Themenr&auml;umen. Tauchen Sie ein in die Themen Weltall, Fauna und Flora, Naturtonmusik und Brauchtum. Und erfahren Sie mehr &uuml;ber Klangph&auml;nomene oder Heilung durch Klang. Ausprobieren und Experimentieren ist ausdr&uuml;cklich erw&uuml;nscht.</p><p>&nbsp;</p><p>Auskunft zur Zug&auml;nglichkeit:&nbsp;<a href=\"https://www.ginto.guide/entries/b7546341-d476-4086-82d8-2f124487b429?lnk_src=business\" target=\"_blank\" rel=\"noopener\">ginto</a></p>", "url": "http://www.klangwelt.ch", "image": "https://ostpimtsoch.sos-ch-dk-2.exoscale-cdn.com/catalog/1/f/b/4/1fb4521b8529ccc27ad00226a5844ceae6a7c149_512a2a4447d8e1f02dbf9aa210971509.jpg", "openstreetmap_id": "node/1083115186"}, "geometry": {"type": "Point", "coordinates": ["9.27897870540619", "47.193419883716835"]}}, {"type": "Feature", "properties": {"identifier": "5299bc40-e93e-46b2-af5a-50bbf320b553", "name": "open art museum", "description": "<p><span style=\"font-size: 11.0pt; font-family: 'Aptos',sans-serif; mso-fareast-font-family: Aptos; mso-fareast-theme-font: minor-latin; mso-bidi-font-family: Aptos; mso-ansi-language: DE-CH; mso-fareast-language: EN-US; mso-bidi-language: AR-SA;\">Das open art museum zeigt Ausstellungen im Crossover zwischen Art Brut, naiver Kunst und zeitgen&ouml;ssischen Positionen. Ein besonderer Schwerpunkt liegt auf der Vermittlung an Kinder und Jugendliche. Das open art museum verf&uuml;gt &uuml;ber eine Sammlung von &uuml;ber 8&rsquo;000 Werken von mehr als 180 K&uuml;nstler*innen und steht f&uuml;r die existenzielle Bedeutung k&uuml;nstlerischen Schaffens &ndash; sowohl f&uuml;r den einzelnen Menschen als auch f&uuml;r die Gesellschaft als Ganzes. Es bringt Menschen &uuml;ber Kunst zusammen und versteht sich als offener Ort f&uuml;r Kunst ohne Grenzen, mit Fokus auf Outsider Art. Die wechselnden Ausstellungen im open art museum zeigen Werke, die durch ihre Vielseitigkeit, ihre ungew&ouml;hnlichen Inhalte und ihren Erfindungsreichtum faszinieren. Zugleich erz&auml;hlen sie von gelebtem Leben &ndash; eine Kunst voller Geschichten. Wir m&ouml;chten zeigen, dass Kunst &uuml;berall entsteht &ndash; oft aus dem Alltag heraus, mit einfachen Mitteln und Materialien. Sie er&ouml;ffnet &uuml;berraschende Perspektiven und l&auml;dt ein, das Eigene und das Fremde neu zu entdecken.</span></p>", "url": "http://www.openartmuseum.ch", "image": "https://ostpimtsoch.sos-ch-dk-2.exoscale-cdn.com/catalog/3/9/c/e/39ce5a595a9e87b88a402d193d67d9d197fb88f1_8ed9aced8789d1c37a4610106528253a.jpg", "openstreetmap_id": "node/1245467692"}, "geometry": {"type": "Point", "coordinates": ["9.3669498", "47.4196383"]}}, {"type": "Feature", "properties": {"identifier": "536fc1f7-581c-4072-a766-a1f12ba3f1ae", "name": "Eventraum Sch\u00fc\u00fcr", "description": "<p>Die Sch&uuml;&uuml;r wird gef&uuml;hrt von Menschen mit und ohne Handicap. Unser Anliegen liegt in der integrativen und sinnvollen Besch&auml;ftigung von Menschen mit Beeintr&auml;chtigungen. Dieder Betrieb der Sch&uuml;&uuml;r basiert auf dem Monatsprogramm. Dieses kann ab ca. dem 20. Des Vormonats auf unserer Website herunter geladen werden: www.schuurbrunnadern.ch Wir werden gerne gebucht und sind auch hervorragend geeignet f&uuml;r Gastroanl&auml;sse von Gruppen und Bed&uuml;rfnisse verschiedenster Art, bei der wir gerne f&uuml;r ihr Wohl besorgt sind. Unser atmosph&auml;risch starker Eventraum umfasst mit Gastrobestuhlung min. 60 Pl&auml;tze. Unsere Veranstaltungen haben in der Regel einen kulinarischen Hintergrund. Wir geben aber auch Veranstaltungen Raum die lediglich ein Catering, oder einen Apero inkludieren. Sie k&ouml;nnen bei uns auch ihre eigene Veranstaltung organisieren. Unser Raum kann auch gemietet werden. Die Technik umfasst WLAN und einen Beamer. Geplant ist der Aufbau einer verbesserten Ausstellungsraumtechnik. Mit dem Treppenlift ist ein barrierefreier Zugang m&ouml;glich. Nur bedingt geeignet sind wir f&uuml;r Anl&auml;sse mit mehreren rollstuhlfahrenden Teilnehmern. Parkpl&auml;tze befinden sich in unmittelbarer N&auml;he und der Bahnhof ist in 5 min. erreicht. Unsere Betriebsleiterin Frau Susanne Stalder beantwortet gerne ihre weiteren Fragen: info@schuurbrunnadern.</p><p>&nbsp;</p><p>Auskunft zur Zug&auml;nglichkeit:&nbsp;<a href=\"https://www.ginto.guide/entries/0922abed-fda6-469f-868f-5b9ad886126d?lnk_src=business\" target=\"_blank\" rel=\"noopener\">ginto</a></p>", "url": "https://www.schuurbrunnadern.ch/", "image": "https://ostpimtsoch.sos-ch-dk-2.exoscale-cdn.com/catalog/0/0/6/5/0065d0f04d666c61576f42c5ddbdbfb508d13e53_c2777110ea30dfd8dbf3663ed95e2fb7.jpg", "openstreetmap_id": "way/177908927"}, "geometry": {"type": "Point", "coordinates": ["9.130995869636537", "47.33540906495313"]}}, {"type": "Feature", "properties": {"identifier": "54376a6d-191c-497f-8166-74ee3e754dba", "name": "Ackerhus", "description": "<div><p>Im Herzen des Toggenburgs steht das Ackerhus in Ebnat\u2011Kappel &ndash; ein Ort, der Kulturerbe auf inspirierende Weise bewahrt und lebendig h&auml;lt. Das historische Bauernhaus aus dem 18. Jahrhundert wurde 1952 von Albert Edelmann originalgetreu an seinem heutigen Standort aufgebaut. Damit legte er den Grundstein f&uuml;r das heutige Heimatmuseum und Kulturlokal.</p><p>Das Ackerhus vereint Geschichte und Gegenwart zu einem besonderen Ort: Toggenburger Architektur, liebevoll restaurierte und modern erweiterte R&auml;ume laden zu Sonderausstellungen, Konzerten und privaten Feiern ein. Hier treffen Vergangenheit und Gegenwart aufeinander und schaffen Inhalte, die Herkunft dokumentieren und in der Gegenwart verbinden.</p><p>Ob bei einem spontanen Besuch der Ausstellung oder einer besonderen Veranstaltung &ndash; das Ackerhus bietet Perspektiven, die neugierig machen und Lust auf mehr wecken.</p></div>", "url": "http://ackerhus.ch", "image": "https://ostpimtsoch.sos-ch-dk-2.exoscale-cdn.com/catalog/c/7/3/2/c732f569944a4ee740e3bf12de19af8687b119c5_7877ed55ea900bd21e365e0528c31f22.jpg", "openstreetmap_id": "node/746685880"}, "geometry": {"type": "Point", "coordinates": ["9.1224594", "47.2673229"]}}, {"type": "Feature", "properties": {"identifier": "57b09d53-c26b-4102-96bc-23dc991f67fc", "name": "Freudenberg", "description": "\u00dcber den Drei Weieren liegt der \"Hausberg\" von St.Gallen. Er ist durch verschiedene Fusswege erreichbar und bietet eine sch\u00f6ne Aussicht auf den Alpstein \u00fcber das F\u00fcrstenland bis \u00fcber den Bodensee hinaus nach Deutschland. Verschiedene Feuerstellen laden zum Verweilen und Geniessen ein. ", "image": "https://ostpimtsoch.sos-ch-dk-2.exoscale-cdn.com/catalog/6/1/d/a/61daaf5ac2120039e0a6e2d5dc08cb31c5424c52_b952c6067a9300b24b122dbba10aa602.jpg", "openstreetmap_id": "node/4734212725"}, "geometry": {"type": "Point", "coordinates": ["9.39328", "47.42094"]}}, {"type": "Feature", "properties": {"identifier": "5a97a6d2-bc7a-4e2d-bb46-eecac33eb867", "name": "Aussichtspunkt Walzenhausen", "description": "Inmitten von Walzenhausen und auf der rasanten Abfahrt in Richtung Rheineck tut sich ein wundersch\u00f6ner Aussichtspunkt auf. Hier l\u00e4sst es sich vom St.Galler Rheintal \u00fcber den Bodensee bis hin ins angrenzende Nachbarland \u00d6sterreich blicken. Auf dem B\u00e4nkli k\u00f6nnen einige Minuten verweilt werden.\n\nDer Aussichtspunkt Walzenhausen ist Teil der Velo-Rallye Bodensee. Mehr zur Velo-Sammelchallenge unter www.st.gallen-bodensee.ch/velo-rallye.", "image": "https://ostpimtsoch.sos-ch-dk-2.exoscale-cdn.com/catalog/4/3/7/4/437492d8895b7417d1848d9af6f510071c7facf1_27a4a03e9f7826a47da296b08a70b02c.jpg", "openstreetmap_id": "way/199117441"}, "geometry": {"type": "Point", "coordinates": ["9.60657835006714", "47.44858057411852"]}}, {"type": "Feature", "properties": {"identifier": "5b63d121-437e-47ae-9057-dbfa23a644d1", "name": "Rhein-Schauen Museum und Rheinb\u00e4hnle", "description": "<p>Rhein-Schauen ist ein Museum der besonderen Art. Den Reiz macht die Kombination von Werkhof, Ausstellung und Dienstbahn aus. Informativ, unterhaltsam und abwechslungsreich. Im Werkhof Lustenau erwartet den Besucher ein interessantes Panoptikum. Technik zum Anfassen, Landschaft zum Erfahren, mehr als 120 Jahre gelebte Geschichte, aber auch Gegenwart und Zukunft spannend und verst&auml;ndlich dargestellt. Die Strecke der Bahn f&uuml;hrt vom Ausgangspunkt, dem Werkhof Lustenau, den Rhein hoch nach Wiesenrain, Sonderfahrten sind individuell auf Ihre Bed&uuml;rfnisse buchbar. Die Fahrt vom Werkhof flussabw&auml;rts f&uuml;hrt direkt ins Naturschutzgebiet zu den Schleienl&ouml;chern. Mit einer der historischen Elektrolokomotiven aus den 1940er- Jahren oder einer Dampflokomotive von 1910 bzw. 1920 erleben grosse und kleine G&auml;ste die wunderbar vielf&auml;ltige Landschaft um den Bodensee und Rhein.</p>", "url": "http://www.rheinschauen.at", "image": "https://ostpimtsoch.sos-ch-dk-2.exoscale-cdn.com/catalog/e/2/b/9/e2b910fa1eeba56f7535347ca4813fe81fbc456d_4fab57f8f5bd8ffb6429c73c9341eee1.jpg", "openstreetmap_id": "way/91088463"}, "geometry": {"type": "Point", "coordinates": ["9.66099500656128", "47.4473835748098"]}}, {"type": "Feature", "properties": {"identifier": "5cd6dec5-2b83-4ba1-8d5c-5850129ccd52", "name": "Naturschutzgebiet Bannriet-Spitzm\u00e4der", "description": "Die Schollenm\u00fchle ist eine ehemalige Torffabrik. In ihrer Umgebung wurde der Torf abgebaut und in der Schollenm\u00fchle zu Torfmull und Spezialerden weiterverarbeitet. Die Schollenm\u00fchle liegt mitten im Naturschutzgebiet Bannriet-Spitzm\u00e4der. Der Torfabbau hat hier ein abwechslungsreiches Landschaftsrelief hinterlassen. Auch ausserhalb des Schollenm\u00fchle-Areals sind spannende Naturbeobachtungen m\u00f6glich. Das Schutzgebiet ist Pflanzen und Tieren vorbehalten. Ausgetieft, \u00fcberschwemmt, verlandet, abgetorft und melioriert \u2013 verschiedenste Kr\u00e4fte und Akteure haben das heutige Riet geformt. Die Vielfalt an Tieren und Pflanzen im 53 Hektaren grossen Naturschutzgebiet ist \u00fcberw\u00e4ltigend. Blumenwiesen und Buntbrachen bringen Farbe in die Rietlandschaft und sind ein Schlaraffenland f\u00fcr bl\u00fctenbesuchende Insekten. Geb\u00fcschgruppen strukturieren die Landschaft und bieten R\u00fcckzugsraum f\u00fcr Tiere.\n\nAus Anlass des 200-Jahr-Jubil\u00e4ums des Kantons St.Gallen im Jahre 2003 wurde am Rand des Naturschutzgebietes Spitzm\u00e4der auf der Gemeindegrenze zwischen Altst\u00e4tten und Oberriet ein Beobachtungsturm erstellt. Die weitr\u00e4umige Aussicht in die Rheintalebene und das begleitende Bergpanorama sowie vielf\u00e4ltige Beobachtungsm\u00f6glichkeiten der Tierwelt lohnen bei jedem Wetter einen Besuch des architektonisch gelungenen Beobachtungsturms.", "image": "https://ostpimtsoch.sos-ch-dk-2.exoscale-cdn.com/catalog/c/e/6/c/ce6c270b44f323b7fb2774fa264ff30010c04308_e5098e1bf92e3dc440bdc94f7c9c977e.jpg", "openstreetmap_id": "way/445016261"}, "geometry": {"type": "Point", "coordinates": ["9.566738", "47.357694"]}}, {"type": "Feature", "properties": {"identifier": "5d70d1a1-f5ea-40ef-8ac0-19d10d74482b", "name": "Begegnungszentrum DAS TR\u00d6SCH", "description": "<p>Mitten in Kreuzlingen bietet das Begegnungszentrum DAS TR&Ouml;SCH einen modernen und farbenfrohen Ort f&uuml;r Menschen und ihre Ideen. Sieben flexibel nutzbare R&auml;ume stehen zur Miete bereit &ndash; individuell einrichtbar und ideal f&uuml;r Kurse, Sitzungen, Feiern und vieles mehr. Das engagierte Tr&ouml;sch-Team begleitet pers&ouml;nlich und kompetent bei der Raumauswahl und Planung.</p><p>Ob N&auml;hkurs, Yoga-Session, Vereinssitzung oder Kindergeburtstag: Im Tr&ouml;sch findet alles Platz, was Menschen verbindet. Das Caf&eacute; und die Dachterrasse laden von Montag bis Freitag zum Verweilen ein &ndash; offen f&uuml;r alle.</p>", "url": "https://www.dastroesch.ch", "image": "https://ostpimtsoch.sos-ch-dk-2.exoscale-cdn.com/catalog/c/7/8/e/c78e021b642544f6a27f4aab2b2d23abc094fa7a_9cc7d47c1006023fc84e98e2aebb4357.jpg", "openstreetmap_id": "way/136911137"}, "geometry": {"type": "Point", "coordinates": ["9.17406813904729", "47.650579"]}}, {"type": "Feature", "properties": {"identifier": "5f4e34a1-4382-40de-9616-05f8b8c013ca", "name": "Waldfriedhof Schaffhausen", "description": "<p>Nach dem Vorbild des Waldfriedhofes M&uuml;nchen projektierte der M&uuml;nchner Stadtbaurat Gr&auml;ssel die Anlage in einem Teil des Rheinhardwaldes. Harmonisch in den bestehenden Buchenwald eingebettet, sind auf einer Fl&auml;che von rund 17 ha verschiedene Grabfelder, Familiengr&auml;ber und Kunstwerke aller Art zu finden. Der Eingangsbereich wird von der markanten Abdankungshalle mit Krematorium gepr&auml;gt. Bemerkenswert ist die Urnennischenanlage sowie die Grabanlage f&uuml;r die Opfer der Bombardierung von 1944. Der Waldfriedhof ist als einer der 40 sch&ouml;nsten P&auml;rke der Schweiz ausgezeichnet. Tipp zirka Ende Juni fliegen abends viele Gl&uuml;hw&uuml;rmchen F&uuml;hrungen f&uuml;r Gruppen Nach telefonischer Voranmeldung</p>", "image": "https://ostpimtsoch.sos-ch-dk-2.exoscale-cdn.com/catalog/d/8/5/2/d8528902139bb5e4ad0b3d9720a96c7f2a404166_6843a73a4bf866eedec91acea5a1c4d1.jpg", "openstreetmap_id": "relation/3235671"}, "geometry": {"type": "Point", "coordinates": ["8.654006826644565", "47.70814015"]}}, {"type": "Feature", "properties": {"identifier": "60195f85-c9bd-4162-a484-b4859b72e41b", "name": "Galerie Paul Hafner", "description": "<p>Die Galerie Paul Hafner pr\u00e4sentiert in ihren Ausstellungen Werke von regionalen, nationalen und internationalen K\u00fcnstler:innen: Zeichnungen, Malerei, Objekte, Fotoarbeiten und Installationen.</p>", "url": "https://www.paulhafner.ch", "image": "https://ostpimtsoch.sos-ch-dk-2.exoscale-cdn.com/catalog/a/0/3/b/a03b71bdc3d09c37387b2832fc3ed646831e03b1_2941630d6429b3e7cb86ce35a9a08c70.jpeg", "openstreetmap_id": "way/314997893"}, "geometry": {"type": "Point", "coordinates": ["8.646240234375002", "46.837761198387675"]}}, {"type": "Feature", "properties": {"identifier": "607cb610-9eed-4b48-a628-402841ac0161", "name": "Historisches Museum Thurgau", "description": "Die Schlossausstellung \u00abGeheimnis Mittelalter\u00bb vermittelt Jung und Alt spielerisch aufbereitete Animationen, atmosph\u00e4risch inszenierte Schlossr\u00e4ume und ein lehrreicher Rundgang. Ebenfalls wird geschichtliches Wissen \u00fcber den Thurgau im Sp\u00e4tmittelalter, als Schloss Frauenfeld zweimal im Brennpunkt des Weltgeschehens stand, aufgezeigt.\n\nBesucherinnen und Besucher k\u00f6nnen die bewegte Zeit zwischen dem Konzil 1414 und der Reformation 1517 sinnlich nachf\u00fchlen, begleitet von vier Schlossfiguren, die mit fesselnden Dialogen, Ger\u00e4uschen und Lichtspielen die ferne Epoche lebendig machen.\n\nFamilien mit Kindern entdecken Schloss Frauenfeld mit dem R\u00e4tselkartenset Kati und Sven, erfahren Stadtgeschichte auf dem Leuli-Trail oder begeben sich mit dem Smartphone-Game auf eine actionreiche Spurensuche.", "url": "http://www.historisches-museum.tg.ch/", "image": "https://ostpimtsoch.sos-ch-dk-2.exoscale-cdn.com/catalog/e/d/6/8/ed68043bd9b338d569220c9e224811d4a9794dd7_2226417512dc59902329c92749bc3a8d.JPG", "openstreetmap_id": "1129306887.0"}, "geometry": {"type": "Point", "coordinates": ["8.8968444", "47.5551918"]}}, {"type": "Feature", "properties": {"identifier": "61cf85c5-99f3-4d86-9c37-bfdbc75c81ba", "name": "Biotop \u00abWangental Natur Pur\u00bb", "description": "<p>Eingebettet in waldige H&uuml;gel, ist das Wangental ein Juwel, reich an botanischen, zoologischen, geologischen und historischen Sch&auml;tzen. Ein Steg durch das Biotop und zwei Beobachtungsh&uuml;tten erlauben das ungest&ouml;rte Sichten der artenreichen Tier- und Pflanzenwelt.</p>", "url": "http://www.wangental.ch/", "image": "https://ostpimtsoch.sos-ch-dk-2.exoscale-cdn.com/catalog/9/0/5/0/90508632cd57c8addbdb8c462873280dcbd15384_e96b402830d59ce7d778b6201ff4aa4b.jpg", "openstreetmap_id": "way/107679037"}, "geometry": {"type": "Point", "coordinates": ["8.516161903344555", "47.647514650000005"]}}, {"type": "Feature", "properties": {"identifier": "62820559-537c-43f8-bfd3-8865ceb19e7f", "name": "Wasserschloss Hagenwil", "description": "Der Gastgeber Andi Angehrn und sein Team legen gr\u00f6ssten Wert auf eine frische K\u00fcche mit hochwertigen Produkten aus Betrieben mit natur- und tiergerechter Produktion. Die abwechslungsreichen Kreationen des Thurgauer Gastronomen entz\u00fccken Augen und Magen. Dank der hohen Qualit\u00e4t und der konstanten Leistungen konnte sich Andi Angehrn mit seinem Team 2012 \u00fcber die Aufnahme in die Gilde der etablierten Schweizer Gastronomen freuen.\n\nKultur ist der Familie Angehrn wichtig, deshalb pflegen sie diese mit Veranstaltungen in der Burgbar, den Schlossfestspielen Hagenwil oder mit dem Erntedankfest. Die R\u00e4ume des Wasserschlosses bieten gem\u00fctliches Ambiente f\u00fcr Anl\u00e4sse mit bis zu 110 Personen, bei Ap\u00e9ros finden bis zu 150 G\u00e4ste Platz. \n\nDas Wasserschloss Hagenwil verf\u00fcgt \u00fcber Zimmer, die noch im Originalzustand sind. Im Himmelbettzimmer ist auf Anfrage eine \u00dcbernachtung m\u00f6glich, zum Beispiel f\u00fcr ein Hochzeitspaar, Geburtstagskinder usw.", "url": "http://www.schloss-hagenwil.ch/", "image": "https://ostpimtsoch.sos-ch-dk-2.exoscale-cdn.com/catalog/9/8/8/7/9887e6bdbf5beeae7582d09d7026729be5ad0b31_b464bd9b02696f3042a4d9b48d95884c.jpg", "openstreetmap_id": "4417866591.0"}, "geometry": {"type": "Point", "coordinates": ["9.3052422", "47.5291497"]}}, {"type": "Feature", "properties": {"identifier": "63f490ec-c7d6-4942-9669-c43fe5a43e59", "name": "Hof Eggenberger", "description": "Unsere 2-Generationenhof liegt inmitten der sonnigen B\u00fcndner Herrschaft im Herzen des Weinbaudorfes Jenins. Zusammen bewirtschaften wir mit viel Begeisterung und Elan unseren Landwirtschaftsbetrieb mit integrierten Hofladen und SCHLAFF-FASS.", "url": "https://www.hofeggenberger.ch", "image": "https://ostpimtsoch.sos-ch-dk-2.exoscale-cdn.com/catalog/a/a/0/1/aa01a80125214bc85bd3b14df47ab17dc19cf309_69c0f756d8e23091cc9a590d400937cb.jpeg", "openstreetmap_id": "way/445547459"}, "geometry": {"type": "Point", "coordinates": ["9.558609724044802", "46.99974157452924"]}}, {"type": "Feature", "properties": {"identifier": "67bb4479-5c3f-4aea-be2e-5e01af00f21c", "name": "Ortsmuseum Beringen", "description": "<p>Wir besitzen eine grosse Sammlung von Ger&auml;tschaften aus Landwirtschaft, Rebbau und Forstwirtschaft, Gegenst&auml;nden aus dem Haushalt, Trachten, Handwerksarbeiten, ganzen Werkst&auml;tten, antiken K&uuml;chen, Messapparaten und Werkzeugen. Zudem gibt es Ausstellungen zu den Themen Arch&auml;ologie, Geologie und K&uuml;nstler aus der Gemeinde und im Dachboden trifft man Wechselausstellungen an oder kann musikalische oder kulturelle Anl&auml;sse geniessen.</p>", "url": "http://www.museum-beringen.ch", "image": "https://ostpimtsoch.sos-ch-dk-2.exoscale-cdn.com/catalog/2/3/3/e/233e4c115df5f12917f2a448989deb142532320d_eb39664005fab6365a24f88f8a736f7b.jpeg", "openstreetmap_id": "node/4754786533"}, "geometry": {"type": "Point", "coordinates": ["8.5744657", "47.6989921"]}}, {"type": "Feature", "properties": {"identifier": "69292d8d-8ce1-4b38-a584-3ef690e7714d", "name": "Kulturhaus Obere Stube", "description": "<p>Das Kulturhaus Obere Stube ist ein lebendiger und offener Ausstellungs- und Begegnungsort f&uuml;r nationale und internationale Kunst und Kultur. Im ehemals als Zunfthaus &laquo;Zur Rose&raquo; genutzten H&auml;userensemble gibt es historische Ausstellungen und zeitgen&ouml;ssische nationale und internationale Kunst zu sehen. Regelm&auml;ssig werden die beiden Sonderausstellungsr&auml;ume neu bespielt. Themen aus der Klassischen Moderne, Design, regionale Kultur und Geschichte aber auch performative und experimentelle Kunst finden hier einen neuen Spielort. Der grosse Zunftsaal aus dem 15. Jahrhundert, in dem semipermanente Ausstellungen gezeigt werden und die holzvert&auml;ferte Zunftstube von 1681 sind die historischen Highlights.</p><p><strong>Schwebende Steine</strong><br>Der Innenhof &uuml;berrascht: Hier hat der australische K&uuml;nstler Jamie North eine markante Skulpturenlandschaft kreiert. Eine Wand voller schwebender Steine verleiht dem Innenhof Struktur und Charakter. Kunst und Natur verbinden sich auf einzigartige Weise miteinander. Wer dem gesch&auml;ftigen Treiben der Altstadt f&uuml;r eine Weile entfliehen m&ouml;chte, findet hier ein ruhiges Pl&auml;tzchen.</p><p><strong>Beiz</strong><br>Die Beiz bietet f&uuml;r den kleinen Hunger eine Auswahl an Snacks und Getr&auml;nken.</p>", "url": "https://www.kulturhaus-oberestube.ch", "image": "https://ostpimtsoch.sos-ch-dk-2.exoscale-cdn.com/catalog/f/b/5/4/fb548775122f426136d8fc8bda1c7972eed9b1d0_b6db5200e5761b4572c23f0cc03871a1.jpg", "openstreetmap_id": "way/145219181"}, "geometry": {"type": "Point", "coordinates": ["8.860220369700535", "47.6594087"]}}, {"type": "Feature", "properties": {"identifier": "69529483-0128-4c67-acde-aeadb7948418", "name": "Eichhof Balgach", "description": "Der Hofladen und das Hofcaf\u00e9 wurden 2011 gebaut. Der Schwerpunkt des Sortiments liegt auf hofeigenem Fleisch sowie dem eigenen Wein. \n\nDas breite Angebot besteht gr\u00f6sstenteils aus eigenen Produkten, dazu geh\u00f6ren Geb\u00e4ck, Konfit\u00fcren, Eingemachtes und vieles mehr. Daneben werden einige Produkte wie frisches Gem\u00fcse und Fr\u00fcchte, Milchprodukte oder Mehl von Bauern und Lieferanten aus der Region zugekauft. \n\nIm Caf\u00e9 werden jede Woche unterschiedliche Kuchen, Torten und weitere s\u00fcsse K\u00f6stlichkeiten angeboten. Das Caf\u00e9, die Sonnenterasse und viele weitere sch\u00f6ne Orte laden zu gem\u00fctliche und erholsame Stunden auf dem Hof ein.\n\nDer Eichhof bietet f\u00fcr Gross und Klein ein Erlebnis. Diverse Tiere wie K\u00fche, Ziegen, Kaninchen, H\u00fchner, Enten, Pfauen lassen sich bestaunen. Nebst der Tierattraktion erwartet die Kinder auch unz\u00e4hlige Spieltraktoren sowie einen grossen Sandkasten.", "url": "http://eichhof-balgach.ch/", "image": "https://ostpimtsoch.sos-ch-dk-2.exoscale-cdn.com/catalog/9/9/f/9/99f943b583fc2dbcd2d5daea8d974db6ba3c9a6e_22e5ea8a8d4c033f05a0235636947b8e.jpg", "openstreetmap_id": "node/3787700303"}, "geometry": {"type": "Point", "coordinates": ["9.6045795", "47.3953162"]}}, {"type": "Feature", "properties": {"identifier": "6d1543e6-0c41-41f7-b324-e3339bd07629", "name": "Ortsmuseum Neunkirch", "description": "In den verschiedenen R\u00e4umen des Museums, im lauschigen Oberhof, erhalten Sie einen \u00dcberblick \u00fcber Handwerk, Kirche, Haushalt, Urgeschichte, Landwirtschaft und vieles mehr aus unserer Region. Erleben Sie unsere Geschichte \u2013 die antiken und kuriosen Sch\u00e4tze werden Sie begeistern.\n\nSpannende F\u00fchrung durch das Ortsmuseum: \n-\t1 \u00bc Std. auf Anmeldung\n-\tCHF 15.00 pro Person / mind. CHF 90.00\n-\tAuf Anfrage auch mit Ap\u00e9ro", "url": "https://www.tourismus-neunkirch.ch", "image": "https://ostpimtsoch.sos-ch-dk-2.exoscale-cdn.com/catalog/d/e/e/2/dee293567919772c5e98d0084926d60a57999a07_5ee1bc20b68852f024fdf40b574af9b2.jpg", "openstreetmap_id": "way/315599160"}, "geometry": {"type": "Point", "coordinates": ["8.50067821404082", "47.69097657082046"]}}, {"type": "Feature", "properties": {"identifier": "6e548f0e-a0b8-4c04-8020-6ed1704ab162", "name": "Museum Henry Dunant", "description": "\nHenry Dunant hatte bis zu seinem Tod rund 20 Jahre in Heiden gelebt. Die neu geordneten R\u00e4ume f\u00fchren durch das wechselhafte Leben des wirkungsm\u00e4chtigen Genfers und schlagen eine Br\u00fccke in die Gegenwart. Das Museum l\u00e4dt t\u00e4glich von 11 bis 16 Uhr zu Erkundungen in Deutsch, Franz\u00f6sisch und Englisch ein. F\u00fchrungen f\u00fcr Gruppen und Schulklassen werden auch ausserhalb der \u00d6ffnungszeiten angeboten.\n", "url": "http://www.dunant-museum.ch/", "image": "https://ostpimtsoch.sos-ch-dk-2.exoscale-cdn.com/catalog/b/3/0/5/b30521898195f87df148de97c2f2b7fb5f052b4e_fc9071a5b02128eda6c7ed6595f020db.jpg", "openstreetmap_id": "199522073"}, "geometry": {"type": "Point", "coordinates": ["9.5312492", "47.4433309"]}}, {"type": "Feature", "properties": {"identifier": "728ceaa5-d12a-43b7-a36d-411c159a7bed", "name": "Besuch bei der Kamerasau", "description": "Wenn es sich im Dreck w\u00e4lzt, das Futter freudestrahlend frisst oder mit seinen Kolleginnen im Stall ein Nickerchen macht. Die Kamerasau filmt und streamt live auf die Webseite www.kamerasau.ch. Hier sehen alle, wie die 20 Freiland-Schweine ihr Leben geniessen. \n\nNat\u00fcrlich steht auch der Hof offen, wer sich vor Ort die Schweine betrachten m\u00f6chte und ist jederzeit herzlich Willkommen. Taucht in das Leben unserer Schweine ein und geniesst auf dem Glasboden-Stall gem\u00fctlich einen Kaffee, w\u00e4hrenddem die Tiere beobachtet werden k\u00f6nnen. \n\nAuf Wunsch planen wir gerne eine F\u00fchrung durch unseren ganzen Hof. Erleben Sie wie wir arbeiten und was wir f\u00fcr Produkte herstellen. In unserem Hofladen kann die Einkaufstasche mit verschiedenen K\u00f6stlichkeiten gef\u00fcllt werden. \n\n", "url": "https://www.adelbach-hof.ch/", "image": "https://ostpimtsoch.sos-ch-dk-2.exoscale-cdn.com/catalog/d/b/7/c/db7c4c37bb5501045b3ce088a8a4fb3a86c5e7e5_0bdd21017ebcc87910f97d84b6654673.JPG", "openstreetmap_id": "node/218081985"}, "geometry": {"type": "Point", "coordinates": ["9.1275410068259", "47.343055449999994"]}}, {"type": "Feature", "properties": {"identifier": "731f9c00-4f68-4cb1-a228-f2dd4f2457a5", "name": "Couture-Lehratelier", "description": "Kleidung aus edlen Stoffen pr\u00e4zise auf den Leib geschneidert. Minuti\u00f6s verarbeitete Einzelst\u00fccke, die so individuell sind wie ihre Tr\u00e4gerin. Schweizer Handwerk auf h\u00f6chstem Niveau, dessen Qualit\u00e4t so manche Luxusmarke in den Schatten stellt. Ein unerreichbarer Traum? Nein, dies ist die tag-t\u00e4glich gelebte Realit\u00e4t im Couture-Lehratelier des GBS St. Gallen!\n\nAm Ende des Fertigungsprozesses steht bei uns nicht irgendein St\u00fcck zusammengen\u00e4hter Stoff, sondern \u2013 textile Kultur, die wir be-leben und weiter vermitteln!", "url": "https://www.gbssg.ch/gestaltung/berufliche-grundbildung/bekleidungsgestalterin-efz-im-couture-lehratelier.html", "image": "https://ostpimtsoch.sos-ch-dk-2.exoscale-cdn.com/catalog/6/7/4/7/6747da75f7c43518b6244ef8049c2dec8ab7b59b_56663b128d5ab21495f7a797b3f7aabc.jpg", "openstreetmap_id": "way/404547815"}, "geometry": {"type": "Point", "coordinates": ["9.3776229", "47.4243962"]}}, {"type": "Feature", "properties": {"identifier": "7380a8fe-cb90-4cf5-b04f-4e7f8f7afe40", "name": "Storchenhof Balgach", "description": "Ein Erlebnis- und Erholungsraum f\u00fcr Natur- und Tierfreunde aus Nah und Fern. Neben K\u00fchen, G\u00e4nsen, Hunden, Katzen, Bienen, Zwergziegen und St\u00f6rchen, werden auch Pferde und Ponys gehalten.", "url": "http://www.pony-riding.ch", "image": "https://ostpimtsoch.sos-ch-dk-2.exoscale-cdn.com/catalog/c/7/2/d/c72d9d619c8a2934a7d58493836cdeaf3faeb7ad_19139dab19eb3ec601367e6fe27107f1.jpg", "openstreetmap_id": "way/303881098"}, "geometry": {"type": "Point", "coordinates": ["9.614388942718508", "47.37663971975095"]}}, {"type": "Feature", "properties": {"identifier": "73874bf0-8b24-4a27-b029-f1ffa2947ac4", "name": "TapTab Musikraum", "description": "<p>Gegen 15'000 BesucherInnen sch&auml;tzen j&auml;hrlich das reiche Angebot: Konzerte, Partys, Poetry Slams, Filme (etwa die &laquo;Kurz &amp; Knapp&raquo;-Kurzfilmreihe), musikalische Lesungen und vieles mehr. Das TapTab-Veranstalterteam - bestehend aus rund 40 Aktiven und zus&auml;tzlich 60 freiwilligen HelferInnen - featuret den Underground, das Nicht-Etablierte sowie neue Str&ouml;mungen von Popkultur und DJ-Culture, und gibt kontinuierlich lokalen und regionalen Bands, DJs, Kurzfilmerinnen und Slammern ein Podium. Daneben pflegt TapTab aber auch die internationale Vernetzung mit &auml;hnlich positionierten Szenen und holt Acts aus der ganzen Welt nach Schaffhausen. Mit 130 Veranstaltungen j&auml;hrlich ist es der profilierteste Musikclub der Region (2002 mit dem +GF+-Preis ausgezeichnet) und aus dem hiesigen Kulturleben nicht mehr wegzudenken.</p>", "url": "http://www.taptab.ch/", "image": "https://ostpimtsoch.sos-ch-dk-2.exoscale-cdn.com/catalog/4/6/5/7/4657bd0509f7672ee131fd21a08a7afc7127aef1_68cf5a1522e4de1e7658a4024612ffe5.jpg", "openstreetmap_id": "node/3941896863"}, "geometry": {"type": "Point", "coordinates": ["8.6364235", "47.6944915"]}}, {"type": "Feature", "properties": {"identifier": "7477fa69-0ec4-4d71-89e9-209a77eddccb", "name": "Museum kunst + wissen", "description": "Direkt am Rhein. Geb\u00e4ude mit markantem Treppenturm. Sonderausstellungen zu Kunst, Geschichte und Natur. Zudem Sammlungsausstellungen zur ehem. T\u00fcrkischrot-F\u00e4rberei und Stoffdruckerei im Oberen Amtshaus sowie Pr\u00e4sentation von aktuellem und vergangenem Thurgauer Kunstschaffen mit Schwerpunkt Diessenhofen.", "url": "https://www.diessenhofen.ch/museum", "image": "https://ostpimtsoch.sos-ch-dk-2.exoscale-cdn.com/catalog/f/e/1/d/fe1d453a5f2485d5e0304e52563319b349baa3e0_51e337d7cfd54f791bb0a3069650a6d7.jpg", "openstreetmap_id": "node/9850624761"}, "geometry": {"type": "Point", "coordinates": ["8.753088", "47.6898803"]}}, {"type": "Feature", "properties": {"identifier": "76b06e15-7748-49f6-9e52-ccf1b0f76d79", "name": "Breitenmoser Gustarium", "description": "Das Breitenmoser Gustarium ist die in der Schweiz einzigartige Erlebniswelt, die sich der Fleischbranche widmet. Unterschiedliche Grillseminare finden rund ums Jahr auf der Grillterrasse statt. Hier lernt man Tipps und Tricks von den Fachleuten. Teilnehmerinnen und Teilnehmer eines Wurstseminars lernen alles \u00fcber die Herstellung einer Siedwurst und packen dann selbst mit an. \nAuch Spontanbesucher k\u00f6nnen sich bei uns verw\u00f6hnen lassen. Ein frisch aufgeschnittenes Appenzeller Pl\u00e4ttli l\u00e4sst sich draussen oder in der Metzgerstube mit Blick auf den Alpstein geniessen. Die interaktive, unterhaltsame und informative Ausstellung \u00abrund um den Genuss\u00bb kann kostenlos besucht werden. \nIm Genussladen k\u00f6nnen Sie unsere Spezialit\u00e4ten degustieren, erwerben und sich von vielen Geschenkideen inspirieren lassen. Feste und Seminare bis 60 Personen machen wir f\u00fcr Sie zu einem ganz speziellen Erlebnis. Die Metzgerstube mit Bar und Chemin\u00e9e ist liebevoll eingerichtet und dekoriert. Unsere K\u00f6che verw\u00f6hnen Sie mit hauseigenen Spezialit\u00e4ten. \n\nGrillseminare: 18 bis 23 Teilnehmende\nWurstseminare: 15 bis 30 Teilnehmende\nFestliche Platten legen und gestalten: 10 bis 15 Teilnehmende\nKleiner Grill-Lehrgang: 20 bis 45 Teilnehmende \n\nKosten f\u00fcr Seminare: von CHF 85.00 (Wurstseminar mit Essen) bis CHF 210 f\u00fcr Grillkurs Special Cuts\nDauer: von 2.5 bis 4 Stunden f\u00fcr Kurse\n\nSitzpl\u00e4tze Metzgerstube f\u00fcr Gastroanl\u00e4sse: bis 60 Personen", "url": "https://www.gustarium.ch/", "image": "https://ostpimtsoch.sos-ch-dk-2.exoscale-cdn.com/catalog/1/4/6/4/1464073b92ab91784d0ae0f3d246da0cd7a18cfb_e7d0176850dd5e81962e500cdd2cb082.jpg", "openstreetmap_id": "node/11240658636"}, "geometry": {"type": "Point", "coordinates": ["9.4277641", "47.3202708"]}}, {"type": "Feature", "properties": {"identifier": "784154f3-6dfe-4827-bbe4-81bce19285d0", "name": "Bergkirche Neunkirch", "description": "<p>Schiff und Chorw&auml;nde tragen verschiedene Epitaphien aus der Barockzeit. Fresken zieren den Chor. Im Turm, der 1484 errichtet wurde, l&auml;utet die 2. &auml;lteste Glocke der Schweiz immer am 1. August um 5:00 Uhr den Feiertag ein.</p>", "image": "https://ostpimtsoch.sos-ch-dk-2.exoscale-cdn.com/catalog/d/4/b/a/d4bae3b7bcaeffb70d2fadabe8d30fac6f12f144_eb91fd4a5d13c6d235bb864d346c00f9.jpg", "openstreetmap_id": "way/228591748"}, "geometry": {"type": "Point", "coordinates": ["8.50073480838849", "47.6856869"]}}, {"type": "Feature", "properties": {"identifier": "78566b16-82d2-4031-8005-ef834a66e73d", "name": "Naturschutzgebiet \u00abTannb\u00fcel\u00bb", "description": "<p>Im Mai und Juni k\u00f6nnen im Tannb\u00fcel mindestens 15 verschiedene Orchideen-Arten entdeckt werden. Besonders zahlreich bl\u00fcht der Frauenschuh. Aber auch weitere Orchideen, Enziangew\u00e4chse, Str\u00e4ucher und B\u00e4ume machen die Artenvielfalt im Tannb\u00fcel aus.</p><p>Der <strong>aktuelle Bl\u00fctenstand</strong> wird von Gr\u00fcn Schaffhausen \u00fcberpr\u00fcft und <a href=\"https://www.stadt-schaffhausen.ch/aktuellesinformationen\" rel=\"noopener noreferrer\" target=\"_blank\">hier</a> publiziert.</p>", "image": "https://ostpimtsoch.sos-ch-dk-2.exoscale-cdn.com/catalog/e/0/7/5/e0756aa749bdd4ec968c0d54590b75c06f008aab_ff427ba261fe440d7e6d40ef504048a8.jpg", "openstreetmap_id": "node/8572663835"}, "geometry": {"type": "Point", "coordinates": ["8.5831118", "47.7995786"]}}, {"type": "Feature", "properties": {"identifier": "79db15cb-da93-4f43-99be-f01dcf967426", "name": "A.Vogel Heilpflanzen-Schaugarten und Erlebniswelt", "description": "<p class=\"MsoNormal\">Alfred Vogel (1902 \u2013 1996) zog in den 1930er-Jahren nach\nTeufen im Appenzellerland. Hier lebte der Naturheilkunde-Pionier, schrieb seine\nerfolgreichen Gesundheitsb\u00fccher und begann, Arzneimittel aus frischen Pflanzen\nherzustellen.&nbsp;Heute befinden sich hier auf dem H\u00e4tschen der A.Vogel\nHeilpflanzen-Schaugarten, das A.Vogel Museum, die A. Vogel Drogerie und der\nVerlag A.Vogel.</p><p class=\"MsoNormal\">Rund 120 verschiedene Heil- und K\u00fcchenkr\u00e4uter wachsen im\nHeilpflanzen-Schaugarten auf rund 1'000 Metern \u00fc.M. umgeben vom herrlichen\nPanorama des Alpsteins und eingebettet in die sanften gr\u00fcnen H\u00fcgel des\nAppenzellerlands. <o:p></o:p></p><p class=\"MsoNormal\">Ein Besuch bei A.Vogel in Teufen eignet sich ideal als\nTagesausflug, Club-Event, Firmen- oder Vereinsanlass und vieles mehr. Lassen\nSie sich vom Heilpflanzengarten&nbsp;inspirieren!&nbsp;</p><p class=\"MsoNormal\">Spontanbesucherinnen und -besucher k\u00f6nnen den\nHeilpflanzen-Schaugarten in Teufen t\u00e4glich kostenlos besuchen. Gruppen wird die\nTeilnahme an Gartenf\u00fchrungen plus Museumsrundgang empfohlen.&nbsp;</p><p class=\"MsoNormal\">\n\n\n\n\n\n\n\n\n\n\n\n</p><p class=\"MsoNormal\">Der A.Vogel Heilpflanzen-Schaugarten tr\u00e4gt seit Juli 2021\ndie \u00abNatur-im-Garten\u00bb-Plakette.&nbsp;<o:p></o:p></p>", "url": "https://www.avogel.ch/de/garten/teufen/", "image": "https://ostpimtsoch.sos-ch-dk-2.exoscale-cdn.com/catalog/5/7/9/7/5797d4aec3654e5a10837b056c7d9354f4bbaaf4_4716929accfa7264bc113960c1e126b5.jpg", "openstreetmap_id": "node/4149594093"}, "geometry": {"type": "Point", "coordinates": ["9.3893398", "47.3957654"]}}, {"type": "Feature", "properties": {"identifier": "7a058edf-e702-4ac3-bd81-b13b46d170e5", "name": "Eventraum Plan & Werke", "description": "Hochzeit, Geburtstag oder Corporate Event \u2013 in den R\u00e4umen der Plan und Werke wird gefeiert, gekocht und getagt. Die R\u00e4ume bestechen durch exklusives Ambiente, edelste Materialen und moderne Technik. Vier topmodern ausger\u00fcstete K\u00fcchenwelten stehen f\u00fcr Kochkurse und Veranstaltungen zur Verf\u00fcgung. Highlights sind der spektakul\u00e4re Weinturm mit \u00fcber 1500 Spitzenweinen aus der ganzen Welt und die 130 qm grosse Terrasse mit Lounge, Bar, Open Space und schliessbarem Dach. Zwei je 150 qm grosse Musterwohnung eignen sich besonders f\u00fcr Meetings, bei denen man sich wie Zuhause f\u00fchlt. Die hauseigene K\u00f6chin erf\u00fcllt jeden kulinarischen Wunsch und legt dabei grossen Wert auf regionale und saisonale Produkte.", "url": "https://www.planwerke.ch/de/", "image": "https://ostpimtsoch.sos-ch-dk-2.exoscale-cdn.com/catalog/e/b/8/7/eb87e568d48d079b8eec8505ab214a30770550a7_c319df384923e111f389f00b59acce78.jpg", "openstreetmap_id": "8404599767.0"}, "geometry": {"type": "Point", "coordinates": ["9.1324135", "47.5603985"]}}, {"type": "Feature", "properties": {"identifier": "7b3b71e1-93fa-4968-9910-7f97c6099834", "name": "Altes Bad Pf\u00e4fers bei der Taminaschlucht", "description": "Das Alte Bad Pf\u00e4fers ist das \u00e4lteste erhaltene Barockbad der Schweiz. Heute ist das historische Geb\u00e4ude eine Kultursehensw\u00fcrdigkeit mit \u00fcberregionaler Ausstrahlung. Das geschichtstr\u00e4chtige Haus steht am Eingang der Taminaschlucht, wo das ber\u00fchmte 36,5\u00b0 C warme Thermalwasser entspringt.\n\nDie Geschichte des Alten Bad Pf\u00e4fers beginnt im Jahr 1240, als zwei J\u00e4ger eine 36,5\u00b0 C warme Quelle in der Taminaschlucht entdecken. In deren Wasser erkennen die M\u00f6nche des nahe gelegenen Benediktiner-Klosters eine heilende Wirkung. Im Laufe der Jahrhunderte w\u00e4chst das Bad zu einer international renommierten Kurst\u00e4tte heran. Gebadet wird in Bad Pf\u00e4fers heute jedoch schon lange nicht mehr. Zwischen 1983 und 1995 wurde es umfassend renoviert. Es beheimatet heute ein beliebtes Restaurant und ist immer wieder Schauplatz diverser kultureller Veranstaltungen.\n\nDas Museum Badgeschichte vermittelt einen Einblick in die wechselvolle Geschichte des Bades und des Badens von den Urspr\u00fcngen bis in die Gegenwart.\n\nDas Museum Kloster Pf\u00e4fers zeigt die enge Verbindung zur Geschichte des Bades und stellt das Benediktiner-Kloster als geistliches und kulturelles Zentrum des Sarganserlandes dar, von der Gr\u00fcndung um 730 bis zur Aufhebung im Jahr 1838.\n\nDie Paracelsus-Gedenkst\u00e4tte zeigt das Leben und Wirken des Paracelsus, der als erster Badearzt im Alten Bad Pf\u00e4fers wirkte. Aber auch die neugotische Badkapelle und die restaurierte alte K\u00fcche sind einen Besuch wert.\n\nDie grossz\u00fcgig gestaltete Mediathek l\u00e4dt zum Verweilen ein. \u00dcber verschiedene Medien wird die Geschichte des Alten Bad Pf\u00e4fers vermittelt.\nEin neuer Audiowalk l\u00e4dt auf einen virtuellen Spaziergang zur Bl\u00fctezeit des Bad Pf\u00e4fers um 1833 ein.", "url": "http://www.altes-bad-pfaefers.ch", "image": "https://ostpimtsoch.sos-ch-dk-2.exoscale-cdn.com/catalog/8/4/c/8/84c87679b0571dae01bbf9643ae8c2936e85780d_46cd3e6656194f4be93555ea5eda4faa.JPG", "openstreetmap_id": "node/10730436961"}, "geometry": {"type": "Point", "coordinates": ["9.487643", "46.9739994"]}}, {"type": "Feature", "properties": {"identifier": "7b4819e6-37ee-4d8b-848f-f73ee15ba1aa", "name": "Burgruine Gr\u00e4pplang", "description": "<div>Die <strong>Burgruine Gr&auml;pplang</strong> thront hoch &uuml;ber Flums und bietet eine eindrucksvolle Aussicht auf das Sarganserland.</div><p>&nbsp;</p><p>Auf dem Burgh&uuml;gel steht die Ruine der im Mittelalter bekannt gewordenen Ritterburg, welche die Herren von Flums um 1220 auf der \"crap long\", dem \"langen Felsen\", errichteten. Nach mehreren Lehen-Besitzern f&auml;llt die Burg 1419 an Z&uuml;rich. 1440 wird sie durch Glarner und Schwyzer Truppen zerst&ouml;rt. Ludwig Tschudi kauft 1528 die Festung, die nach reger Baut&auml;tigkeit 1767 infolge finanzieller Probleme wieder ver&auml;ussert werden muss. Es folgen mehrere Besitzer, bis die Burg, verwahrlost, im Jahre 1804 zum Abbruch verkauft wird. 1923 erwirbt, renoviert und unterh&auml;lt die Gemeinde Flums die Ruine.</p><p>Dass nicht alle Burgherren gute Herren gewesen sind, zeigen die Legenden &bdquo;Schloss Gr&auml;pplang&ldquo; und &bdquo;Der b&ouml;se Burgherr&ldquo;. Beide berichten von einem Tyrannen, der seine Untertanen ausn&uuml;tzt. Betreten Sie die gut restaurierte Ruine und versetzen Sie sich in fr&uuml;here Zeiten. Die Mauern und eingezogenen Treppen vermitteln Ihnen ein gutes Bild der Burg. Geniessen Sie im oberen, grossen Raum die Aussicht. Hier finden Sie einen kraftvollen Ort, der sich von seiner Energiequalit&auml;t her als Kultplatz eignet. F&uuml;r die Bewohner der Burg ist der Platz sicherlich zu stark gewesen. Hat eventuell einer der b&ouml;sen Burgherren hier getafelt oder gar hier geschlafen, k&ouml;nnen wir uns seine Unausgeglichenheit, die sich zur Tyrannei entwickelt hat, gut vorstellen.</p><p>Bei der Feuerstelle im ehemaligen Burghof finden Sie nochmals einen Kraftplatz mit Kultplatzqualit&auml;ten. Die Intensit&auml;t seiner Energien ist bedeutend h&ouml;her als im Rest der Burg. Funde belegen, dass der Ort schon vor seiner Besiedelung, seit der Jungsteinzeit, von Menschen besucht worden ist.</p>", "url": "https://www.ruinegraepplang.ch/", "image": "https://ostpimtsoch.sos-ch-dk-2.exoscale-cdn.com/catalog/8/3/f/0/83f06c51f7d9ffef313929c78f1492e8665b2d32_162b3ee4d6d43b52905aa22fbdee7d7e.JPG", "openstreetmap_id": "node/572206579.0"}, "geometry": {"type": "Point", "coordinates": ["9.332059621810915", "47.10285654399423"]}}, {"type": "Feature", "properties": {"identifier": "7c717663-8466-4b8c-8494-4b044269f6d1", "name": "Museum zu Allerheiligen Schaffhausen", "description": "<p>Einzigartige Exponate und interaktive Medienstationen erz&auml;hlen von Eiszeitj&auml;gern, der Bl&uuml;tezeit des Klosters und der wechselvollen Schaffhauser Stadt- und Industriegeschichte. Eine bedeutende Kunstsammlung zeigt Werke von der Renaissance bis in die Gegenwart. In der international beachteten Antikenkollektion Ebn&ouml;ther sind arch&auml;ologische Sch&auml;tze von Mesopotamien bis S&uuml;damerika zu sehen. Neben den Dauerausstellungen nehmen regelm&auml;ssig stattfindende Wechselausstellungen aktuelle Themen auf. Zur Gesamtanlage geh&ouml;ren auch das imposante M&uuml;nster, der idyllische Kr&auml;utergarten sowie der gr&ouml;sste frei zug&auml;ngliche Kreuzgang der Schweiz. Der Museumsbesuch geschieht immer in einer ganz besonderen Atmosph&auml;re.</p><p>&nbsp;</p><p><strong>Familien und Kinder </strong></p><p>Das Museum zu Allerheiligen ist ein spannendes Ausflugsziel f&uuml;r die ganze Familie. Zu den Highlights geh&ouml;ren die beliebten Taschenlampenf&uuml;hrungen und die regelm&auml;ssig stattfindenden Erlebnisnachmittage, die zum spielerischen Entdecken und selbst&auml;ndigen Experimentieren einladen. Einmal pro Jahr findet im und rund um das Museum ein grosser Familientag statt. F&uuml;r alle, die das Museum zu Allerheiligen mit der Familie gerne auf eigene Faust erkunden m&ouml;chten, gibt&rsquo;s im Museum R&auml;tsel- und Suchspiele, einen Kinderpodcast sowie ein Steinzeit-Jagdlager wo die Kleinen campieren und die gr&ouml;sseren Kinder sich mit einer Muschel einen Steinzeit-Halsschmuck basteln k&ouml;nnen.&nbsp;<a href=\"https://allerheiligen.ch/besuchen/angebote/#a34\">Hier</a> geht es zum Familienangebot.</p>", "url": "http://www.allerheiligen.ch/", "image": "https://ostpimtsoch.sos-ch-dk-2.exoscale-cdn.com/catalog/7/c/5/6/7c5671b7e75ca89c0a94fec42e568337981c2d6b_841b3ed804d199a231392438d58af777.jpg", "openstreetmap_id": "relation/5856244"}, "geometry": {"type": "Point", "coordinates": ["8.635880971249236", "47.69488545"]}}, {"type": "Feature", "properties": {"identifier": "7c8f4276-6a14-4c75-9cf5-54eac46c3e15", "name": "Kinderbaustelle Wattwil", "description": "Das Projekt Offene Kinderbaustelle Wattwil schafft im Zentrum von Wattwil einen Platz, auf dem Kinder hoch und tief bauen d\u00fcrfen.\n\nAuf der Kinderbaustelle in Wattwil werden die Kinder unterst\u00fctzt und begleitet durch kompetente Betreuungspersonen. In dem daf\u00fcr vorgesehenen Areal k\u00f6nnen sie mit unterschiedlichsten Baumaterialien frei nach ihren Ideen und W\u00fcnschen, ihrem Wissen und K\u00f6nnen, bauen und gestalten. Dabei lernen Kinder im Freien sich handwerklich und kreativ zu bet\u00e4tigen, alleine oder gemeinsam, beziehen ihre Umwelt in ihr Handeln mit ein und f\u00f6rdern dabei ihre taktilen- sozialen- und motorischen F\u00e4higkeiten. \n\nWillkommen sind alle Kinder bis zum 12. Lebensjahr. Das Angebot ist f\u00fcr alle Besucherinnen und Besucher gratis und neben den betreuten \u00d6ffnungszeiten steht die Kinderbaustelle allen Schulklassen aus der Unter- und Mittelstufe, den Kindertagest\u00e4tten, der Heilp\u00e4dagogischen Schule, allen Jugendvereinen aus Wattwil und der Region und weiteren Interessierten aus dem Bereich der Kinderbetreuung f\u00fcr allf\u00e4llige Projekte und Anl\u00e4sse zur Verf\u00fcgung.", "url": "http://www.kinderbaustelle-wattwil.ch", "image": "https://ostpimtsoch.sos-ch-dk-2.exoscale-cdn.com/catalog/0/b/f/4/0bf4ce9c744d00996f65ce691ee6d8b35a955aca_3e3b504e89efa74277920b51eeb41cec.JPG", "openstreetmap_id": "803268012"}, "geometry": {"type": "Point", "coordinates": ["9.09904128761418", "47.2892278"]}}, {"type": "Feature", "properties": {"identifier": "7e2f778d-e4eb-4e9e-a340-718136da25e3", "name": "kinder.musical.theater Storchen", "description": "Die kinder.musical.theater Storchen GmbH mietet und betreibt das ehemalige Kino Storchen als Kinder- &amp; Musical-Theater. Prim\u00e4r erfolgt die Auslastung des Kindertheaters durch Eigenproduktionen, sekund\u00e4r durch Fremdproduktionen oder spezielle Events.\n\nDie Verantwortlichen der KinderTheater Storchen GmbH verf\u00fcgen \u00fcber 25 Jahre Erfahrung in der professionellen Produktion von Kindertheater und Musicals. Dazu geh\u00f6ren Produktionen wie Pippi Langstrumpf, Pippi im Takatukaland, Pippi ausser Rand und Band, Dschungelbuch, Lion King, Jim Knopf, La cage aux folles, Peter Pan, Frau Holle, Prinzessin auf der Erbse, Cinderella und viele mehr.", "url": "http://www.storchen.theater", "image": "https://ostpimtsoch.sos-ch-dk-2.exoscale-cdn.com/catalog/c/3/6/0/c360172a5bf9b2a5a795718370c8b7348d7f1ad9_b3118d7db1fd7b8b9ca9fb732900363e.jpg", "openstreetmap_id": "way/311107326"}, "geometry": {"type": "Point", "coordinates": ["9.3760763", "47.4271362"]}}, {"type": "Feature", "properties": {"identifier": "7f173124-54a8-431a-9d0d-ce3669b4d095", "name": "Stadtgarten Stein am Rhein", "description": "<p>F&uuml;r die Kinder hat es einen Spielplatz mit Sandkasten, Rutsche, Schaukel, Kletterger&auml;t, Wasserspiel, Felsh&ouml;hlen und Ritterburg.</p><p>Ebenfalls f&auml;hrt an gewissen Tagen die&nbsp;<a href=\"https://steinerliliputbahn.ch/\" target=\"_blank\" rel=\"noopener\">Liliputbahn</a>, ein massst&auml;blicher Zug der R&auml;tischen Bahn, durch den Garten. Ein besonderes Erlebnis f&uuml;r Kinder und Erwachsene.</p>", "image": "https://ostpimtsoch.sos-ch-dk-2.exoscale-cdn.com/catalog/1/1/1/8/1118abba7476e76f741d2fa2cd9e490b86921018_f246fb9f511e522913ec30329a034a12.png", "openstreetmap_id": "way/305915615"}, "geometry": {"type": "Point", "coordinates": ["8.855343280765833", "47.6618946"]}}, {"type": "Feature", "properties": {"identifier": "81b63521-c153-4a48-9a01-df2203cbe53a", "name": "Aussichtspunkt R\u00fcti", "description": "Oberhalb von Roggwil bei Watt befindet sich der Aussichtspunkt R\u00fcti. Von hier aus haben Velofahrer und Spazierg\u00e4nger einen fantastischen Ausblick auf die umliegende Region und den Bodensee. Und ein B\u00e4nkli l\u00e4dt f\u00fcr eine gem\u00fctliche Verschnaufpause ein.\n\nDer Aussichtspunkt R\u00fcti ist Teil der Velo-Rallye Bodensee. Mehr zur Velo-Sammelchallenge unter www.st.gallen-bodensee.ch/velo-rallye.", "image": "https://ostpimtsoch.sos-ch-dk-2.exoscale-cdn.com/catalog/4/5/b/0/45b0114cc2f13d7aac64dc728d8bd05f7cf315f1_6a7fff146c5cf15f481c8f2784409dd2.jpg", "openstreetmap_id": "way/107235596"}, "geometry": {"type": "Point", "coordinates": ["9.376659393310549", "47.49453108244489"]}}, {"type": "Feature", "properties": {"identifier": "82633455-0386-4ea5-8c43-fe4f0924730b", "name": "Wohlf\u00fchlhof Neuhus", "description": "Euer R\u00fcckzugsort in den H\u00fcgeln des Appenzeller Hinterlands\n\nUnsere Ferienwohnung bietet:\n- Eine grossz\u00fcgige, helle 2,5-Zimmer-Wohnung mit Wohnk\u00fcche, Schlafzimmer, Nebenraum und grossem Badezimmer\n- Eine abgeschiedene Lage in einem idyllischen H\u00fcgel-T\u00e4lchen \u2013 Ruhe garantiert\n- Viel Platz f\u00fcr Familien, die gemeinsame Momente geniessen und die Natur erleben m\u00f6chten\n\nRuhe und Erleben \u2013 das Beste aus zwei Welten\n\nErlebt die Stille und Gelassenheit der Bergwelt, w\u00e4hrend Ihr das Leben auf einem Bauernhof hautnah miterlebt:\n- Abschalten in der Natur: Kein Strassenl\u00e4rm, nur Vogelgezwitscher und das leise Muhen der K\u00fche \ud83d\ude09\n- Mitmachen im Stall: Wer Lust hat, kann jeweils abends beim F\u00fcttern und Versorgen der Tiere helfen\n- Kindertr\u00e4ume wahr werden lassen: Platz zum Spielen, Entdecken und einfach Kind sein\n\nZeit f\u00fcr Euch \u2013 oder f\u00fcr Abenteuer\nOb Ihr einfach entspannen oder die Umgebung erkunden m\u00f6chtet:\n- Der Wanderweg startet direkt vor der Haust\u00fcr\n- Entdeckt die Ostschweiz mit der OSKAR-G\u00e4stekarte (bei uns erh\u00e4ltlich, mehr Infos: www.oskar-ferien.ch)\n\nJetzt buchen und abschalten\n\nAlle freien Daten und weitere Infos findet Ihr auf unserer Website:\nwww.wohlfuehlhof-neuhus.ch\n\nWir freuen uns darauf, Euch bei uns willkommen zu hei\u00dfen und Euch einen Ort der Ruhe und Erholung zu bieten!", "url": "https://www.wohlfuehlhof-neuhus.ch/", "image": "https://ostpimtsoch.sos-ch-dk-2.exoscale-cdn.com/catalog/a/5/b/8/a5b8e1f3be41f25b50b86695470f06e7a838b4ea_f6122ae4ddb8359e826f59d9f1c1e4dd.jpg", "openstreetmap_id": "316710758"}, "geometry": {"type": "Point", "coordinates": ["9.32244122028351", "47.33291497436471"]}}, {"type": "Feature", "properties": {"identifier": "8404883d-a9e7-4902-9c27-fce6f8932c30", "name": "Kathedrale St.Gallen", "description": "<p>Die Kathedrale St.Gallen ist gleichzeitig Pfarrkirche der Dompfarrei und Bistumskirche des 1847 gegr&uuml;ndeten Bistums St.Gallen. Sie steht dort, wo 612 der irische Wanderm&ouml;nch Gallus eine Einsiedelei errichtete. Die Kathedrale und die barocke Klosteranlage wurden in der Mitte des 18. Jahrhunderts erbaut. 1805 hob der neu gegr&uuml;ndete Kanton St.Gallen das Kloster auf und &uuml;bertrug die Verwaltung der kirchlichen G&uuml;ter dem Katholischen Konfessionsteil. Die Kathedrale bildet mit dem Stiftsbezirk, insbesondere mit der Stiftsbibliothek und dem Stiftsarchiv, den Kern des Unesco-Weltkulturerbes.</p>", "url": "https://www.stiftsbezirk.ch/de/kathedrale-informationen", "image": "https://ostpimtsoch.sos-ch-dk-2.exoscale-cdn.com/catalog/a/2/8/d/a28dd588df1cbc05c30bb9ea62559b365ef14975_80b64ab83f22682a476658c02e7c271b.jpg", "openstreetmap_id": "way/131605938"}, "geometry": {"type": "Point", "coordinates": ["9.3766812", "47.4232113"]}}, {"type": "Feature", "properties": {"identifier": "85f83e1e-19a7-44b4-a95c-8f45e2d4f2a2", "name": "M\u00e4rliwelt am Kronberg", "description": "9 Erlebnisstationen mit R\u00e4tsel und viel Wissenswertem \u00fcber Pflanzen und Tiere wollen entdeckt werden. Eine Kletterkrone, eine Wasserwelt mit Floss, Wasserspielen und Feenteich laden ein zu neuen Abenteuern. Im Kugelpark wird eine Krafttier-Kugel auf die Reise durch die vier Elemente geschickt. Auf einem Riesen-Trampolin sind ungeahnte H\u00f6henfl\u00fcge zu erleben. \n \nBen\u00f6tigte Zeit: 2-4 Stunden \ngeeignet ab 2-12 Jahren \nEmpfehlung: Badetuch einpacken", "url": "http://www.kronberg.ch/m\u00e4rliwelt", "image": "https://ostpimtsoch.sos-ch-dk-2.exoscale-cdn.com/catalog/3/9/d/b/39dbf6f4e125e3de61e44a571bf2b2f53a0cfd3a_102c7669f42d4c75fc2c5ca823acbd19.jpg", "openstreetmap_id": "way/1161445173"}, "geometry": {"type": "Point", "coordinates": ["9.32816505432129", "47.319021794663854"]}}, {"type": "Feature", "properties": {"identifier": "862dedef-7833-4938-a971-8f8873328999", "name": "Naturmuseum Thurgau", "description": "<p>Das Naturmuseum Thurgau befindet sich in der Altstadt von Frauenfeld. Es nimmt Besuchende mit auf eine Entdeckungsreise durch die Natur der Region. Auf drei Stockwerken sind \u00fcber 1000 Pflanzen- und Tierpr\u00e4parate vom K\u00e4fer bis zum m\u00e4chtigen B\u00e4ren ausgestellt. Ein naturgetreu nachgebauter Biberbau und die lebenden Ameisen begeistern genauso wie verschiedene interaktive \u00abbegreif\u00bb-Stationen, wie Streichelfelle oder Puzzles. Der Audiorundgang \u00abMit Monty im Museum\u00bb nimmt kleine und grosse Museumsg\u00e4ste mit auf einen vergn\u00fcglichen Ausstellungsrundgang. Unter demselben Dach befindet sich zudem das Museum f\u00fcr Arch\u00e4ologie Thurgau. Im Sommer bietet der arch\u00e4obotanische Museumsgarten mit verschiedenen Nutz- und Kulturpflanzen Natur zum Anfassen. Nach dem Rundgang l\u00e4dt das Museumscaf\u00e9 zum Verweilen ein. Im Foyer bietet der Museums-Shop ein ausgew\u00e4hltes Angebot an B\u00fcchern, Spielen, Ansichtskarten und Repliken. Museum und Garten sind hindernisfrei.</p>", "url": "http://www.naturmuseum.tg.ch/", "image": "https://ostpimtsoch.sos-ch-dk-2.exoscale-cdn.com/catalog/6/0/f/7/60f7060ccf76592a612dcaa947b85bc8fcc49c14_954938af5f53563ed5b265cc58e9e84b.jpg", "openstreetmap_id": "node/1129298047"}, "geometry": {"type": "Point", "coordinates": ["8.8986052", "47.5565939"]}}, {"type": "Feature", "properties": {"identifier": "8849fefb-8e3a-4043-b806-9b01d40e0b19", "name": "Visitor Centre", "description": "<p>Besuche uns im Visitor Centre mitten in der Schaffhauser Altstadt. Bei uns wirst du kompetent beraten und erh&auml;ltst Tipps f&uuml;r deinen Ausflug im Schaffhauserland. Ausgew&auml;hlte Brosch&uuml;ren und Wanderkarten findest du an unserer Prospektwand. Du m&ouml;chtest dich lieber selbst Informieren? Kein Problem, mit unserem Infoscreen kannst du durch unserer Webseite surfen. Auch ein passendes Mitbringsel f&uuml;r die Lieben zu Hause oder als Andenken f&uuml;r dich selbst findest du in unserem kleinen Regio-Shop. Ebenfalls befindet sich das Vinorama des Schaffhauser Blauburgunderlandes bei uns im Besucherzentrum. Degustiere bis zu acht Weine und w&auml;hle aus 30 verschiedenen Weinen den passenden f&uuml;r zu Hause aus.</p>", "url": "https://schaffhauserland.ch/de/", "image": "https://ostpimtsoch.sos-ch-dk-2.exoscale-cdn.com/catalog/c/0/a/1/c0a199c0a4c0df86db281b96b1c3440abef7fd63_bcbff977702ce3664ae2e35d57539495.jpg", "openstreetmap_id": "node/2441592879"}, "geometry": {"type": "Point", "coordinates": ["8.6342689", "47.6963232"]}}, {"type": "Feature", "properties": {"identifier": "89957d43-4ab2-486c-9fa1-a3c8fae30676", "name": "Aussichtspunkt Rehetobel", "description": "Velofahrer aufgepasst: auf dem Veloweg in Rehetobel erwartet einen eine rasante Abfahrt mit traumhaften Ausblicken. Die Lobenschwendistrasse hinab tut sich die Aussicht auf St.Galler und Appenzeller Berg- und Waldgebiete auf. Ein B\u00e4nkli l\u00e4dt ein, die Momente w\u00e4hrend einer Verschnaufpause zu geniesse.\n\nDer Aussichtspunkt Rehetobel ist Teil der Velo-Rallye Bodensee. Mehr zur Velo-Sammelchallenge unter www.st.gallen-bodensee.ch/velo-rallye.", "image": "https://ostpimtsoch.sos-ch-dk-2.exoscale-cdn.com/catalog/3/c/b/3/3cb32fe273f2f7db70317629fb4adcef15d33cda_32da1f7cdf42fabbc5b93a801fccf893.jpg", "openstreetmap_id": "way/99424249"}, "geometry": {"type": "Point", "coordinates": ["9.464936256408693", "47.42317882549432"]}}, {"type": "Feature", "properties": {"identifier": "8b2c1425-db3a-41f7-8f57-081ebb03e5ff", "name": "Ortsmuseum Walenstadt", "description": "Das Ortsmuseum widmet sich der Geschichte von Walenstadt. Neben Urkunden der Stadt werden Bilder bedeutender Pers\u00f6nlichkeiten pr\u00e4sentiert. Der Verkehrsweg Sarganserland-Walensee und die Wasserkraftnutzung Widenbach werden anschaulich dargestellt. Spezielle Exponate sind die Originalmasken der Gemeinder\u00f6lli von Walenstadt und die Holzmasken von Berschis.\n\n\u00d6ffnungszeiten: 1. Samstag jeden Monats: Von 10.00 - 11. 00 Uhr. Um 10.00 Uhr F\u00fchrung durch das Ortsmuseum, bei Interessen mit Stadtrundgang.\nAnmeldungen f\u00fcr F\u00fchrungen ausserhalb dieses Termins sind per Mail m\u00f6glich.", "url": "https://www.ortsgemeinde-walenstadt.ch/oeffentlichkeit/ortsmuseum/", "image": "https://ostpimtsoch.sos-ch-dk-2.exoscale-cdn.com/catalog/0/1/1/e/011ed70ef41c5cb3a29f050838d6ec1bf52fc3c9_be4dd1d6c15304c50a3e0c3faf99f6bf.jpg", "openstreetmap_id": "node/5813467555"}, "geometry": {"type": "Point", "coordinates": ["9.3148602", "47.1242197"]}}, {"type": "Feature", "properties": {"identifier": "8d942e32-50a0-4956-b517-02d47599afc0", "name": "Burganlage Neu-Aspermont", "description": "Die Burg Neu-Aspermont stammt aus dem 13. Jahrhundert. In den Urkunden wird im Jahr 1120 ein Ritter Aspermont, Vice-Domenicus des Bischofs von Chur, erw\u00e4hnt. Die Burg blieb \u00fcber Generationen in dessen Familie. Die Grafen von Aspermont hatten auch bei Thorenb\u00fcren, dem heutigen Dornbirn, verschiedene Besitzt\u00fcmer. Ulrich XI \u00fcbersiedelte 1376 auf einen Sitz innerhalb der dortigen L\u00e4ndereien und nahm den Namen Rauenberg an, was so viel wie Aspermont bedeuten k\u00f6nnte. \n\nW\u00e4hrend des so genannten Schwabenkriegs 1499 wurde Neu-Aspermont zerst\u00f6rt. Adelsmann Dietpold von Schlandersberg liess die Burg wieder aufbauen und den Turm um zwei Geschosse aufstocken. Um 1538 \u00fcbernahm zwischenzeitlich der Gr\u00fcscher Peter von Finer, seines Zeichens Landvogt zu Castels, die Burg. Der legend\u00e4re Ritter von Molina war im Jahr 1630 einer der letzten Bewohner von Neu-Aspermont. \n\n1863 konnte Hauptmann Ernst Rhomberg aus Dornbirn die Burg von drei Jeninser B\u00fcrgern erwerben. Von 1999-2025 wurden durch den Verein und die Stiftung Burg Neu-Aspermont umfassende Konservierungsarbeiten durchgef\u00fchrt. 2014 gelangte die Burg in den Besitz des Vereins und 2017 wurde sie der Stiftung Burg Neu-Aspermont \u00fcbertragen. Die Burg ist \u00f6ffentlich zug\u00e4nglich mit einer Wendeltreppe im Innern des Turms.", "url": "https://www.neu-aspermont.ch/", "image": "https://ostpimtsoch.sos-ch-dk-2.exoscale-cdn.com/catalog/9/2/5/0/92500e8482f6f08ceb7a52fb289012c30f9b3525_2b35ae9d684ac19ea55267add9de48b8.jpg", "openstreetmap_id": "node/281744674"}, "geometry": {"type": "Point", "coordinates": ["9.5652261", "47.0032475"]}}, {"type": "Feature", "properties": {"identifier": "8e6741fa-952d-42e8-96bf-139281ef6fc1", "name": "Ortsmuseum Flawil", "description": "Die Villa \u00abLindengut\u00bb des einstigen Textilindustriellen Huldreich Ottiker ist seit 1989 Wohn- und ortsgeschichtliches Museum zugleich. Mit dem umgebenden Park mit Wasserbecken und Tuffsteingrotte ist sie Zeugin der textilen Vergangenheit von Flawil. \nW\u00e4hrend mehr als 200 Jahren transportierten Flawiler Fuhrleute Waren f\u00fcr Ostschweizer Textilherren innerhalb der Schweiz, nach Frankfurt am Main, nach Lyon, ja bis nach Marseille und dar\u00fcber hinaus. Mit dem Bau der Eisenbahn verloren sie ihre Erwerbsgrundlage. Es entstanden Textilbetriebe wie Webereien, Bleicherei, F\u00e4rberei, Stickereifabriken, und Stickerh\u00e4user pr\u00e4gten w\u00e4hrend Jahrzehnten Dorfbild und Erwerbsleben in der Untertoggenburger Gemeinde Flawil. \n\nDas Museum verf\u00fcgt \u00fcber einen beachtlichen Bestand an historischem Filmmaterial, z.B. den \u00e4ltesten Film des Kantons St.Gallen aus der Zeit um 1905.", "url": "http://www.ortsmuseumflawil.ch/", "image": "https://ostpimtsoch.sos-ch-dk-2.exoscale-cdn.com/catalog/a/9/9/f/a99f97f8370ffc1bbbc34091d4dd7694e3202ff1_f7adbcda1b5af5593e61526f1a3b308d.jpg", "openstreetmap_id": "way/196720659"}, "geometry": {"type": "Point", "coordinates": ["9.1927776", "47.412636"]}}, {"type": "Feature", "properties": {"identifier": "8e8c4eb6-2efe-40fe-8e08-fb76c80afb14", "name": "Stiftsbezirk St.Gallen", "description": "<p>Der Grundstein der Abtei legte 612 der irische Wanderm&ouml;nch Gallus. 719 wurde die F&uuml;rstabtei St.Gallen gegr&uuml;ndet und 1805 aufgehoben. In dieser &uuml;ber 1000-j&auml;hrigen Geschichte z&auml;hlte das Kloster mit dem Stiftsbezirk zum geistigen Zentrum Europas und wurde 1983 in die Liste des UNESCO-Weltkulturerbes aufgenommen. Noch heute ist der Stiftsbezirk ein geschichtstr&auml;chtiger Ort, der nebst einer der sch&ouml;nsten barocken Bibliotheken der Welt auch den &auml;ltesten Klosterplan seiner Art der &Ouml;ffentlichkeit zug&auml;nglich macht. Attraktive Ausstellungen in der Stiftsbibliothek, im Gew&ouml;lbekeller und im Ausstellungssaal pr&auml;sentieren den einzigartigen Schatz an Handschriften, Urkunden und Drucken. &Ouml;ffentliche und private F&uuml;hrungen durch Fachpersonen vermitteln die Geschichte auf einer pers&ouml;nlichen Ebene. Und f&uuml;r Familien erm&ouml;glicht der R&auml;tselspass einen spielerischen Zugang in die Welt des Klosters.</p>", "url": "https://www.stiftsbezirk.ch/de/veranstaltungen", "image": "https://ostpimtsoch.sos-ch-dk-2.exoscale-cdn.com/catalog/5/2/6/5/526582354b84e36e2681dbb1b6e285a8fba2caa2_379fb45b771bfffb96d8ea0fdd80c417.jpg", "openstreetmap_id": "way/8081312"}, "geometry": {"type": "Point", "coordinates": ["9.37864", "47.42329"]}}, {"type": "Feature", "properties": {"identifier": "901a4bb7-45a5-474e-a0b7-df91ee91610e", "name": "Maz Diepoldsau", "description": "Hier kommt Ferienstimmung auf: Zwei Feuerstellen laden zum Grillieren ein und Steinbl\u00f6cke dienen hier als Tisch und Bank. An einem sch\u00f6nen Sommertag ist der Sprung ins k\u00fchle Nass ein Muss. Es gibt unz\u00e4hlige weitere gem\u00fctliche Sitzm\u00f6glichkeiten am Wasser.  ", "url": "https://www.agglomeration-rheintal.org/", "image": "https://ostpimtsoch.sos-ch-dk-2.exoscale-cdn.com/catalog/f/a/8/a/fa8a080c0cfe67285f6f02e4c8d555db21c6d729_e359354393fc568e4a39a1f130a10f86.jpg", "openstreetmap_id": "relation/1683873"}, "geometry": {"type": "Point", "coordinates": ["9.673333168029787", "47.388851558583"]}}, {"type": "Feature", "properties": {"identifier": "90fb2247-91e2-4b53-a997-086b7051e5e9", "name": "Rock- und Pop-Museum", "description": "<p><span style=\"font-size: 12.0pt; line-height: 107%; font-family: 'Calibri',sans-serif; mso-ascii-theme-font: minor-latin; mso-fareast-font-family: 'Times New Roman'; mso-hansi-theme-font: minor-latin; mso-bidi-theme-font: minor-latin; mso-ansi-language: DE-CH; mso-fareast-language: DE-CH; mso-bidi-language: AR-SA;\">Erlebe die Entwicklung der popul&auml;ren Musik von den Anf&auml;ngen des 20. Jahrhunderts bis in die 2000-er-Jahre. Begegne W.C. Handy, dem &laquo;Father of the Blues&raquo;, den vier grossen britischen Band und vielen anderen Stars. Sieh viele Auszeichnungen (Gold- und Platinscheiben), Memorabilien, Fotos und Autogrammen sowie Film- und Audiodateien. Die Guides erz&auml;hlen bei einer gef&uuml;hrten Zeitreise Storys zu Musikgeschichte, K&uuml;nstlern und Bands oder einzelnen Songs. Erlebe Musikgeschichte in Wort, Bild und Ton.<br><br><br></span></p>", "url": "http://www.rockpopmuseum.ch/", "image": "https://ostpimtsoch.sos-ch-dk-2.exoscale-cdn.com/catalog/9/e/9/2/9e92d0851c46ec345f0d9c4c191de424f053fbb8_cc5732257d89aab475ad1ab6de63e418.JPG", "openstreetmap_id": "way/195819244"}, "geometry": {"type": "Point", "coordinates": ["9.2356921", "47.473747"]}}, {"type": "Feature", "properties": {"identifier": "919a0252-e361-48fe-938f-debf8d0c2dea", "name": "Wohnmobilstellplatz R\u00fcdlingen", "description": "<p><span class=\"NormalTextRun SCXW242644495 BCX9\">Die Stellpl&auml;tze stehen jeweils vom 1. M&auml;rz bis 31. Oktober zur Verf&uuml;gung.&nbsp;</span><span class=\"NormalTextRun SCXW242644495 BCX9\">Die 5 Stellpl&auml;tze befinden sich auf dem oberen Parkplatz, gegen&uuml;ber dem&nbsp;</span><span class=\"NormalTextRun SpellingErrorV2Themed SCXW242644495 BCX9\">Haupthaus</span><span class=\"NormalTextRun SCXW242644495 BCX9\"> (markierte Fl&auml;chen). Sie sind f&uuml;r Kurzaufenthalte (bis 3 Tage/N&auml;chte) gedacht. Die vorhandene Infrastruktur erm&ouml;glicht einen bequemen </span><span class=\"NormalTextRun SpellingErrorV2Themed SCXW242644495 BCX9\">Retablierungs</span><span class=\"NormalTextRun SCXW242644495 BCX9\">-Aufenthalt.</span></p>", "url": "https://begegnungszentrum.ch/", "image": "https://ostpimtsoch.sos-ch-dk-2.exoscale-cdn.com/catalog/5/4/7/b/547ba540f5606623ce1fa9d962cb102840d1aed3_52776f5b3e3e0f48815a01a539c9812e.jpg", "openstreetmap_id": "way/48434261"}, "geometry": {"type": "Point", "coordinates": ["8.568331375475701", "47.5882615"]}}, {"type": "Feature", "properties": {"identifier": "91cfbc87-7fcb-4d0e-acb0-f8c965e3b0cc", "name": "Markthalle Altenrhein - Hundertwasser Architektur", "description": "<p>Vergoldete Zwiebelt&uuml;rme, leuchtende Farben, geschwungene Linien, ungleiche Fenster, unebene B&ouml;den, bunte Keramiks&auml;ulen, schattige Wandelg&auml;nge. Ein M&auml;rchenschloss mitten im Industriegebiet. Ausflugsziel, Museum, Galerie, Shop und Eventlokal unter einem Dach, auf dem vier leuchtende Goldkuppeln thronen. Die Markthalle Altenrhein ist ein Architekturprojekt nach Idee und Konzept des &ouml;sterreichischen K&uuml;nstlers Friedensreich Hundertwasser. Das Einzige, das in der ganzen Schweiz gebaut wurde. Sie liegt in unmittelbarer N&auml;he zum Bodensee, der Stadt St. Gallen, dem Appenzellerland und direkt am internationalen Bodensee-Radweg.</p>\n<p><span style=\"font-size: 12.0pt; font-family: 'Aptos',sans-serif; mso-fareast-font-family: Aptos; mso-fareast-theme-font: minor-latin; mso-bidi-font-family: Aptos; mso-ansi-language: DE-CH; mso-fareast-language: DE-CH; mso-bidi-language: AR-SA;\">Die ganze Halle und das Bistro sind rollstuhlg&auml;ngig.</span></p>", "url": "http://www.markthalle-altenrhein.ch", "image": "https://ostpimtsoch.sos-ch-dk-2.exoscale-cdn.com/catalog/8/8/6/0/886024d7e37e3665e7f000dd72e6975e208d09fa_c9714935fd0e6f8af2f1a36b77e13574.jpg", "openstreetmap_id": "way/103450475"}, "geometry": {"type": "Point", "coordinates": ["9.54854", "47.48515"]}}, {"type": "Feature", "properties": {"identifier": "91e15434-f6ae-412b-ae5f-926ddb158e17", "name": "Historama, Schloss Laufen am Rheinfall", "description": "<p>Das Schloss Laufen und der Rheinfall haben eine lange gemeinsame Geschichte. Besuchen Sie die Schlossausstellung: In elf Zimmern \u2013 verteilt auf zwei Etagen \u2013 erwartet Sie eine faszinierende Reise in Bild und Ton durch Romantik, Belle Epoque und Gegenwart. </p>", "url": "http://www.schlosslaufen.ch", "image": "https://ostpimtsoch.sos-ch-dk-2.exoscale-cdn.com/catalog/a/3/d/2/a3d2411db8c62912857fa98ce95e6fd483691432_5aa90c6ebd30cb96fdbcc8fffbd319cf.jpg", "openstreetmap_id": "way/219320631"}, "geometry": {"type": "Point", "coordinates": ["8.615051507935123", "47.676777006827166"]}}, {"type": "Feature", "properties": {"identifier": "93587f7d-a796-4a98-a0fd-77fdd1d6529a", "name": "Strohhotel Bodensee", "description": "<p>Der Bauernhof liegt in l\u00e4ndlicher Umgebung direkt am Bodenseeradweg (Route 2) mit 100 Meter Seeentfernung. Der Seezugang ist in unmittelbarer N\u00e4he und ideal f\u00fcr eine kleine Abk\u00fchlung an heissen Sommertagen oder auch als Ein- und Ausstiegsplatz f\u00fcr Kanu, Kajak und SUP. Am See gibt es eine Grillm\u00f6glichkeit.<br><br>Ob im Stroh, in einem Familienzimmer, in einem Doppelzimmer oder in der Ferienwohnung, Familien und Individualg\u00e4ste f\u00fchlen sich im Strohhotel am Bodensee einfach wohl.<br><br>Auf dem Hof gibt es Milchk\u00fche, K\u00e4lber, H\u00fchner und Kaninchen.</p>", "url": "http://www.strohhotelbodensee.ch", "image": "https://ostpimtsoch.sos-ch-dk-2.exoscale-cdn.com/catalog/6/7/5/a/675af782919222f8e9998d933ba70a04c02c867e_de27eff702cb0d6526f16f5117a7a184.jpg", "openstreetmap_id": "node/452097148"}, "geometry": {"type": "Point", "coordinates": ["9.4084453", "47.5301154"]}}, {"type": "Feature", "properties": {"identifier": "93a29617-bffc-4a9d-b717-81021556d02d", "name": "Feierlenhof", "description": "<p>Am oberen Dorfrand des Apfeldorfes Altnau liegt der Feierlenhof in einer wunderbaren Wander- und Veloregion inmitten von Obsthainen und mit Sicht auf den Bodensee. Der Altnauer Apfelweg erz\u00e4hlt \u00fcber das rotbackige Fr\u00fcchtchen und der Feierlenhof l\u00e4dt zur Pause ein! Im Hofladen bedienen sich die G\u00e4ste mit Kaffee und Kuchen, erfrischenden Getr\u00e4nken oder machen sich ein Pl\u00e4ttli aus Sch\u00fcblig und regionalem K\u00e4se. Auch Firmenanl\u00e4sse, Familienfeste und Hochzeiten werden hier gefeiert. Essen draussen unter Kirschb\u00e4umen oder in der Scheune sind m\u00f6glich. Alles was aufgetischt wird, kommt direkt mit viel Liebe vom Hof oder aus der Region. Urchiges Rahmenprogramm wie Most pressen, Hufeisen werfen oder Butter sch\u00fctteln runden das Programm ab. F\u00fcr Ferien auf dem Hof stehen verschiedene Wohnungen zur Verf\u00fcgung und f\u00fcr Kinder ist es ein wahres Paradies. Die vielen Tiere warten auf Streicheleinheiten, Trottis, Gokarts oder Traktore auf Wettrennen. Spielpl\u00e4tze laden zum Schaukeln und Rutschen ein.</p>", "url": "http://feierlenhof.ch/", "image": "https://ostpimtsoch.sos-ch-dk-2.exoscale-cdn.com/catalog/2/0/4/5/204555b6b08758c60383ff93e99cb999b314635e_2e8aaa3b821c434fbf5a35af6536f757.jpg", "openstreetmap_id": "way/234922549"}, "geometry": {"type": "Point", "coordinates": ["9.259662342395993", "47.6028835"]}}, {"type": "Feature", "properties": {"identifier": "93a752a7-be03-4759-b421-89aee9d61044", "name": "Rosengarten Munot", "description": "<p>Er beinhaltet die wichtigsten Rosensorten aller vorkommenden Gruppen. Bereits Ende der 40er Jahre bestanden Pl&auml;ne im hinteren Teil der Munotpromenade einen Rosengarten anzulegen. 1976 nahm die Stadtg&auml;rtnerei die Idee wieder auf und in den darauffolgenden Jahren wurde das Projekt umgesetzt.</p>", "image": "https://ostpimtsoch.sos-ch-dk-2.exoscale-cdn.com/catalog/4/6/7/f/467ffde10c8197f78fcde596b1c27d345e78499a_c4934bda22982375263d5f4ec2c11f48.jpg", "openstreetmap_id": "way/192606472"}, "geometry": {"type": "Point", "coordinates": ["8.63925707398979", "47.69739945"]}}, {"type": "Feature", "properties": {"identifier": "93c8493a-cc45-4a7e-8c43-b4257a974341", "name": "Schleitheimer Randenturm", "description": "Der 1872 urspr\u00fcnglich h\u00f6lzener, 40 Fuss hoher Turm fiel 1894 zusammen und wurde 1909 in den Ruinen der Schleitheimer Randenburg durch einen eisernen Turm ersetzt. Heute 896 m \u00fc. M.\n\nIm Zweiten Weltkriegs diente der Turm der Schweizer Armee als Beobachtungsposten der Fliegerabwehrtruppen.", "image": "https://ostpimtsoch.sos-ch-dk-2.exoscale-cdn.com/catalog/5/5/5/0/555081d9b684b647426684a91d5d1b00cdc7f7a3_f0900e23f1061e35c9892a73646203cc.jpg", "openstreetmap_id": "node/3596303914"}, "geometry": {"type": "Point", "coordinates": ["8.5387729", "47.7513942"]}}, {"type": "Feature", "properties": {"identifier": "954545b6-0669-48d6-a4c1-6e782eaa4b64", "name": "Kirche Buchberg und R\u00fcdlingen", "description": "<p>Bereits 1130 wird ein Kirchlein in R&uuml;dlingen erw&auml;hnt, das St. Margarethen-Kirchlein. Im Laufe des 13. Jahrhunderts wurde es vermutlich durch eine Feuersrunst zerst&ouml;rt und danach nicht wieder aufgebaut. Urkundlich erw&auml;hnt ist auch die St. Jakobskirche oberhalb des Pfarrhauses auf dem heutigen Friedhofsgebeit. Sie geh&ouml;rte urspr&uuml;nglich der Pfarrei Lottstetten. In den ersten Jahren der Reformationszeit schlossen sich Buchberg und R&uuml;dlingen (damals waren sie noch eine einzige Gemeinde) ebenso wie der ganze Kanton Schaffhausen der reformierten Glaubensrichtung an. Trotz mehrerer Renovationen im 17. und 18. Jahrhundert wurde die St. Jakobskirche immer bauf&auml;lliger. Die beiden Gemeinden beschlossen schliesslich, das alte Kirchlein abzubrechen und am heutigen Standort neu zu errichten.</p>", "image": "https://ostpimtsoch.sos-ch-dk-2.exoscale-cdn.com/catalog/5/7/e/c/57ec148a719ffe3c19d47df2831088f3916d3351_6a0e54a44eae082918b3ed01da8f6404.jpg", "openstreetmap_id": "way/48436044"}, "geometry": {"type": "Point", "coordinates": ["8.566916129182228", "47.575041549999995"]}}, {"type": "Feature", "properties": {"identifier": "97aca84c-fb9f-4ff8-bde4-8374f5578c7e", "name": "W\u00e4bch\u00e4ller von Helen Niederer", "description": "Im W\u00e4bch\u00e4ller des bald 300 Jahre alten Hauses Oberdorf 9, mitten in B\u00fchler, stehen seit 25 Jahren zwei Handwebst\u00fchle. Im 18. und im 19. Jahrhundert wurde in diesem Haus gewoben, wie in 236 anderen H\u00e4usern in B\u00fchler. Heute fliegt das Weberschiffli wieder fleissig hin und her und es \u00abchlepft\u00bb wie fr\u00fcher. Es entstehen Textilien wie Handt\u00fccher, Tischw\u00e4sche und Einkaufstasche mit verschiedenen Mustern und Farben aus nat\u00fcrlichem Material. \n\nIm gem\u00fctlichen Haus mit viel Charme stehen zudem zwei Doppelzimmer, lauschige Pl\u00e4tzchen im Garten und ein Aufenthaltsraum mit TV f\u00fcr G\u00e4ste zur Verf\u00fcgung. Das BnB steht mitten im Appenzellerland und ist Ausgangspunkt f\u00fcr Touren in den Alpstein oder f\u00fcr Ausfl\u00fcge an den Bodensee und in die Textilstadt St. Gallen.", "url": "https://www.waebchaeller.ch/angebot/", "image": "https://ostpimtsoch.sos-ch-dk-2.exoscale-cdn.com/catalog/b/f/d/c/bfdc6b4065f37cd9f9c0ebe56d97f53b0034ffe9_f3b408f9065dd326346801b926a12d8e.JPG", "openstreetmap_id": "node/11158904513"}, "geometry": {"type": "Point", "coordinates": ["9.426107369486177", "47.37377327880496"]}}, {"type": "Feature", "properties": {"identifier": "9e1845ab-c21b-4283-806e-b388cdc5cf18", "name": "Kirche \u00abuf Burg\u00bb und R\u00f6merkastell", "description": "<p>Die Kirche hat eine turbulente und komplizierte Geschichte hinter sich, sowohl in rechtlicher als auch in baulicher Hinsicht. Sie steht inmitten des r&ouml;mischen Kastells Tasgetium, das im 3. Jahrhunder errichtet wurde.</p><p>Das Kastell wurde kurz vor 300 n. Chr. nach den Alemanneneinf&auml;llen errichtet. Reste der Mauern zeugen noch heute davon, und die heutige Kirche steht im Zentrum des Kastells. Ausgrabungen haben gezeigt, dass im ehemaligen sp&auml;tr&ouml;mischen Kastell Tasgetium &uuml;ber 1.400 Jahre lang christliche Gottesdienste abgehalten wurden.</p><p>Heute wird der Besucher vor allem durch die in sakraler W&uuml;rde erstrahlenden Wandmalereien im Chor belohnt. Sie stammen aus der Zeit kurz vor 1420 und stellen in 30 Gem&auml;lden, die in drei Zyklen unterteilt sind, Szenen aus der christlichen Heilsgeschichte dar.</p>", "image": "https://ostpimtsoch.sos-ch-dk-2.exoscale-cdn.com/catalog/1/5/c/1/15c1bb74811e7630d4fbb5a5965142d90d52480e_c8ab27678b3ecf91f04b390c4abddbd0.jpg", "openstreetmap_id": "way/22952611"}, "geometry": {"type": "Point", "coordinates": ["8.858664145505362", "47.656604"]}}, {"type": "Feature", "properties": {"identifier": "9f3edcce-43db-425a-b437-eb612a443e1a", "name": "Ortsmuseum Hallau", "description": "Das Ortsmuseum Hallau ist der richtige Ort f\u00fcr historisch interessierte Besucher. Unsere Ausstellung \u00abHallau. Eigensinnig. Innovativ. Wehrhaft.\u00bb beleuchtet die Entwicklung der Region von der Entstehung der Landschaft bis in die Gegenwart.\nDaneben beinhaltete das Museum unter anderem eine grosse Waffensammlung mit dem Genferstutzen als Prunkst\u00fcck, Uniformen und Trachten aus der Region Hallau, Werkzeuge und Gebrauchsgegenst\u00e4nde der Handwerker und des Gewerbes, Dokumente und Bilder aus Hallau, eine Feuerwehrausstellung sowie das Wasser- und Elektrizit\u00e4tswerk Hallau (WEH).\n\nZudem finden Sie bei uns die Zeilensetz- und Giessmaschine \u00abLino\u00bb, welche immer noch in Betrieb ist.", "url": "http://www.ortsmuseum-hallau.ch/", "image": "https://ostpimtsoch.sos-ch-dk-2.exoscale-cdn.com/catalog/0/9/3/0/093086f3aaf772b26c86f14291506dfd47315101_dbfe5b1a78ec73362cd0b4b5d7b8fb7c.jpg", "openstreetmap_id": "node/3206420258"}, "geometry": {"type": "Point", "coordinates": ["8.4621471", "47.6985696"]}}, {"type": "Feature", "properties": {"identifier": "a2ce8640-b677-447c-b638-a7ffb298e87f", "name": "Aussichtsplattform Pizalun", "description": "Die Aussichtsplattform Pizalun auf der Hochebene St. Margrethenberg bietet eine Rundumsicht auf die umliegende St. Galler und B\u00fcndner Bergwelt. Dank den Panoramatafeln kann man die vielen Berge rundherum ganz einfach benennen. Zu F\u00fcssen liegt einem die B\u00fcndner Herrschaft und das Sarganserland. Und der Blick entlang dem Rhein f\u00fchrt bei guter Sicht bis zum Bodensee. \n\nDie Aussichtsplattform ist ab der Talstation des Skilifts Tristeli in einer knappen Stunde erreichbar. Auf einem leicht ansteigenden Wanderweg geht es durch W\u00e4lder und \u00fcber blumenreiche Wiesen dem Gipfel Pizalun entgegen. Ganz nach oben zur Aussichtsplattform Pizalun f\u00fchrt eine steile aber gut ausgebaute Treppe. Vom Pizalun runter Richtung F\u00fcrggli f\u00fchrt ein gem\u00fctlicher Wanderweg an der Bergwirtschaft J\u00e4geri vorbei. Wieder auf der Hochebene geht es auf der selten befahrenen Strasse zur\u00fcck zum Ausgangspunkt.", "url": "https://heidiland.com/de/service/tourist-office.html", "image": "https://ostpimtsoch.sos-ch-dk-2.exoscale-cdn.com/catalog/6/0/1/c/601c328c5ddd2904659a149881bbf6caaab0c3ed_b32a1ef7aeb7adb6108abd7f7bb84987.JPG", "openstreetmap_id": "node/10832298839"}, "geometry": {"type": "Point", "coordinates": ["9.5203328", "46.9711004"]}}, {"type": "Feature", "properties": {"identifier": "a2d16596-eb0e-477e-8391-799937c62528", "name": "Kirche St. Johann", "description": "<p>Die barocke Stuckdecke im Hauptschiff schuf Johann Jakob Sch&auml;rer 1733. Das Kreuztragungsfresko an der Westwand neben der Orgel entstand um 1500 und zeigt im Hintergrund die &auml;lteste bekannte (Teil-) Ansicht Schaffhausens. 1990 erfolgte die Einweihung der neu renovierten Kirche St. Johann; sie wird auch als Konzertkirche genutzt und ist Auff&uuml;hrungsort der Bachfachfeste.</p>", "url": "https://www.ref-sh.ch/kg/sjm/", "image": "https://ostpimtsoch.sos-ch-dk-2.exoscale-cdn.com/catalog/0/d/a/9/0da9404023a1c3179f0a995cefe44a34356bb53d_4aead6f3b191cadb9dde73b71ce91025.jpg", "openstreetmap_id": "way/159312646"}, "geometry": {"type": "Point", "coordinates": ["8.636059927401881", "47.696454349999996"]}}, {"type": "Feature", "properties": {"identifier": "a5071b23-3e0e-47af-9841-0c753562df02", "name": "Klostergarten St.Gallen", "description": "<p>Klosterg&auml;rten dienten einst der Selbstversorgung der M&ouml;nche mit Obst, Gem&uuml;se, Kr&auml;utern und Heilpflanzen. Das erste Wissen f&uuml;r den Gartenbau im Kloster St.Gallen lieferten Mitbr&uuml;der von der Insel Reichenau. Der dort um 825 entstandene St.Galler Klosterplan der Stiftsbibliothek enth&auml;lt erste Hinweise auf Inhalt und Positionierung von G&auml;rten. Der Klostergarten befindet sich am Ort des ehemaligen Hofgartens. Er ist nicht nur ein wichtiger Teil des kulturellen Erbes der einstigen F&uuml;rstabtei St.Gallen, sondern er unterstreicht auch die Biodiversit&auml;t mitten in der Stadt.</p>", "url": "https://www.klostergarten-sg.ch/", "image": "https://ostpimtsoch.sos-ch-dk-2.exoscale-cdn.com/catalog/3/8/a/a/38aa9ca2aa846a0a20b783fc12d7f6aae83a640f_60ad0fece8f86fead514cd52cd233a71.JPG", "openstreetmap_id": "way/920698079"}, "geometry": {"type": "Point", "coordinates": ["9.378792318002592", "47.4239606"]}}, {"type": "Feature", "properties": {"identifier": "a5d3b35a-23e4-42f6-8129-f06113e6074f", "name": "Museum Stemmler", "description": "<p>Ein Museum im Museum. Die Ausstellung zeigt viele V&ouml;gel und S&auml;ugetiere aus Schaffhausen und Europa: Pr&auml;parate, Federn, Nestern, Eier, Geweihe, Zeichnungen. Vogelstimmen h&ouml;ren, Tast- und Riechstation, Waldtier-Quiz - ein Haus voller Tiere, die faszinieren.</p>", "url": "https://allerheiligen.ch/besuch/museum-stemmler/", "image": "https://ostpimtsoch.sos-ch-dk-2.exoscale-cdn.com/catalog/8/d/0/c/8d0c41aa31bbc37b29841fed682fc6f0c5ca4419_94b9a6d5c1cd22a6b397cf8fdb522449.jpg", "openstreetmap_id": "node/1129367661"}, "geometry": {"type": "Point", "coordinates": ["8.6346024", "47.6966564"]}}, {"type": "Feature", "properties": {"identifier": "a656872b-95da-4f01-aa5e-ec1d706c843c", "name": "Hof-Tschannen", "description": "Der Hof Tschannen liegt mitten im Gr\u00fcnen am Dorfrand von Illighausen mit herrlichem Blick auf den Bodensee und in den Alpstein. Besuchende k\u00f6nnen auf Stroh oder im G\u00e4stezimmer \u00fcbernachten. Es wird ein reichhaltiges Bauernfr\u00fchst\u00fcck mit hausgemachten Produkten angeboten. Auf Anfrage ist Halb- und Vollpension erh\u00e4ltlich. Ein grosser Hofplatz, ein \u00fcberdachter Sandkasten, Rutschbahn, viele Spielzeuge oder ein Garten zum Austoben lassen Kinderherzen h\u00f6herschlagen. Tierfreunde helfen der gastfreundlichen Familie Tschannen beim F\u00fcttern der Rinder oder beim Einsammeln der H\u00fchnereier. Wer's gem\u00fctlicher mag, streichelt die Hofb\u00fcsis oder schaut den Schweinchen und Hasen zu. Der Wald mit einer Grillstelle ist nur 100 Meter vom Hof entfernt. Der heizbare Aufenthaltsraum l\u00e4dt zum Verweilen ein. Auch Kindergeburtstage werden gerne ausgerichtet.", "url": "http://www.hof-tschannen.ch/", "image": "https://ostpimtsoch.sos-ch-dk-2.exoscale-cdn.com/catalog/1/3/3/9/1339919d528166803b3f892fc4a64910cf495ec4_2c8e756d7c8542a7936915680510c1a4.jpg", "openstreetmap_id": "way/330204224"}, "geometry": {"type": "Point", "coordinates": ["9.214230175896676", "47.61307795360362"]}}, {"type": "Feature", "properties": {"identifier": "a8ba947a-cf5e-4270-a9e2-0e8c3c87b1cc", "name": "Naturbeobachtungsturm Weitsicht am Alten Rhein", "description": "Einzigartige Bilder sind f\u00fcr jeden Fotografen ein Highlight \u2013 und mit dem Naturbeobachtungsturm \u201eTurm Weitsicht\u201c im Naturschutzgebiet \u201eBisew\u00e4ldli\u201c des Alten Rheins ist es heute m\u00f6glich, ungest\u00f6rt und unentdeckt einmalige Momente zu erleben. Ein seltener Wintergast, quakende Fr\u00f6sche, die Stille und die Natur, jeder Tag ist einzigartig, f\u00fcr Fussg\u00e4nger, Ornithologe oder Fotografen.\n\n", "image": "https://ostpimtsoch.sos-ch-dk-2.exoscale-cdn.com/catalog/e/e/a/0/eea07c8f3c4c88381b9e878ef31821f6e7b1740c_f0fcaaa399980f92d3977e5bd44d50b7.jpg", "openstreetmap_id": "node/6314582762"}, "geometry": {"type": "Point", "coordinates": ["9.57098", "47.48879"]}}, {"type": "Feature", "properties": {"identifier": "a9ce7d40-e518-4fc7-adff-ef32060d4f25", "name": "Naturzentrum Thurauen", "description": "<p>Lassen Sie sich in die faszinierende Natur einer lebendigen Flussaue entf\u00fchren! Im Naturzentrum Thurauen erwarten Sie die interaktive Ausstellung \u201eKosmos Auenlandschaft\u201c mit dem Erlebnispfad durch den Auenwald und einer Sonderausstellung \u00abWow, ein Eisvogel\u00bb. Das Restaurant, das vom TCS gef\u00fchrt wird, l\u00e4dt mit einer grossz\u00fcgigen Terrasse, Chemin\u00e9e und Lounge zu jeder Jahreszeit zum Verweilen ein. Schwimmbad, Feuerstellen und Spielplatz runden das vielf\u00e4ltige Angebot f\u00fcr Jung und Alt ab. Das Naturzentrum ist zudem Ausgangspunkt f\u00fcr Wanderungen durch die einzigartigen Thurauen und Familien k\u00f6nnen den abwechslungsreichen Abenteuerweg Thurauen erkunden (Start beim Parkplatz Ellikerbr\u00fccke).</p><p>Oder beginnen Sie Ihren Teamausflug mit einer erlebnisreichen F\u00fchrung durch das gr\u00f6sste Auenschutzgebiet des Mittellandes. Unter fachkundiger Leitung entdecken Sie die sch\u00f6nsten Ecken der Thurauen, erfahren mehr \u00fcber die Renaturierung und begegnen einigen typischen Auenbewohnern. Die Mittagspause verbringen Sie an einer gem\u00fctlichen Feuerstelle direkt an der Thur. Am Nachmittag steht Ihr Team im Fokus: mit einem Teamtrainer optimieren Sie die Zusammenarbeit und st\u00e4rken den Zusammenhalt mit anspruchsvollen Aufgaben unter freiem Himmel.</p>", "url": "http://naturzentrum-thurauen.ch/", "image": "https://ostpimtsoch.sos-ch-dk-2.exoscale-cdn.com/catalog/9/9/e/6/99e6279e62c606dec68356179fe373d236e904b6_2cb2b10b5e4c7229a086b754e0b5a72c.JPG", "openstreetmap_id": "node/1436693226"}, "geometry": {"type": "Point", "coordinates": ["8.5816947", "47.5789571"]}}, {"type": "Feature", "properties": {"identifier": "aa480876-d99f-48bc-87d5-67e015a87139", "name": "Napoleonmuseum Arenenberg", "description": "Nach dem Sturz Napoleons l. musste seine Stieftochter, die holl\u00e4ndische K\u00f6nigin Hortense, aus Frankreich fliehen. Im Jahr 1817 kaufte sie das Schlossgut Arenenberg und machte es zu ihrem Exilsitz. Sie baute um und stattete die prachtvollen Salons stilsicher und mit viel Pariser Flair aus. Aus Frankreich brachte sie ihren siebenj\u00e4hrigen Sohn, Louis Napol\u00e9on mit, der hier im Thurgau am Bodensee aufwuchs und bis zu seinem einunddreissigsten Lebensjahr lebte. Danach gelangte er mit Umwegen zur\u00fcck nach Frankreich und ging unter dem Namen Napoleon III. als letzter franz\u00f6sischer Kaiser in die Geschichte ein. Seine Frau, Kaiserin Eug\u00e9nie, erweiterte das Schloss um zus\u00e4tzliche Salons. 1906 schenkte Eug\u00e9nie das Anwesen dem Kanton Thurgau, der in dem Schlossgut ihrem Wunsch gem\u00e4ss das Napoleonmuseum und eine Schule f\u00fcr die Thurgauer Landwirtschaft einrichtete. Beides besteht bis heute.", "url": "https://napoleonmuseum.tg.ch/", "image": "https://ostpimtsoch.sos-ch-dk-2.exoscale-cdn.com/catalog/2/6/8/2/26822123fe533e5b32e804f71f778f19682aa93e_6a22ffe2cf69428d3f6e1b311818d093.jpg", "openstreetmap_id": "node/1129328125"}, "geometry": {"type": "Point", "coordinates": ["9.0592034", "47.6726822"]}}, {"type": "Feature", "properties": {"identifier": "aa6ee3cd-f1b1-4c30-b763-978f20f3e55e", "name": "Feuerwehrmuseum DEPOT61", "description": "Zu sehen sind historische Pferdezug-Pumpen, Oldtimer Fahrzeuge wie der Kettenwagen \"Autopumpe Helene\", zudem seltene Ger\u00e4tschaften und viele Ausr\u00fcstungsgegenst\u00e4nde aus mehreren Generationen. All diese Exponate sind Zeugen einer vergangenen Zeit und haben Jahrzehnte f\u00fcr den Schutz der Bev\u00f6lkerung rund um die Uhr zur Verf\u00fcgung gestanden. Das Feuerwehrmuseum wird ausschliesslich von Freiwilligen des Nostalgievereins betrieben.", "url": "https://nfsg.ch/", "image": "https://ostpimtsoch.sos-ch-dk-2.exoscale-cdn.com/catalog/3/1/3/6/31366ff3675a6ac0873485e5ed37ed0656a78fa8_2872027dd9ce1929663864cbbc2a4c08.jpg", "openstreetmap_id": "node/7193109515"}, "geometry": {"type": "Point", "coordinates": ["9.3586331", "47.4172672"]}}, {"type": "Feature", "properties": {"identifier": "ad406ce9-3cee-46fc-b628-8edc6770442f", "name": "Automuseum L\u00f6mmenschwil", "description": "Seit \u00fcber 40 Jahren befassen sich die Museumsbetreiber mit dem Sammeln und Restaurieren von historischen Fahrzeugen. Was mit Oldtimer-Autos begann, entwickelte sich mit der Zeit immer weiter. Mit dem Einbezug der anderen Elemente kamen Oldtimer-Flugzeuge und Rennboote dazu. Diese Fahrzeuge sind Zeugen einer fast vergessenen Geschichte von zahlreichen Schweizer Fahrern. Rennwagen von 1924 bis 2004 bringen den Besuchern die technische Entwicklung im Rennsport n\u00e4her. Zahlreiche Exponate bieten Einblicke in die Technik von fr\u00fcher.\nEs werden auch spannende F\u00fchrungen durch die Sammlung angeboten. Das Museum eignet sich auch hervorragend als Event-Location. Das Bistro bietet Platz f\u00fcr 50 Personen.", "url": "https://automuseum.ch/STARTSEITE/", "image": "https://ostpimtsoch.sos-ch-dk-2.exoscale-cdn.com/catalog/4/6/f/1/46f12c9ae2aa35fb7345b012d2e11d37418f7220_c1f5cc8c2bca775649b5f4d480e86d33.jpg", "openstreetmap_id": "node/2564787547"}, "geometry": {"type": "Point", "coordinates": ["9.35713291168213", "47.50266751158526"]}}, {"type": "Feature", "properties": {"identifier": "afbc09b5-fd1c-4e44-9945-cf0634eb8a8d", "name": "Paxmal", "description": "Mit dem Paxmal, dem Friedensmal, dessen Grundgedanke der Frieden f\u00fcr alle ist, schaffte Karl Bickel einen Ort der inneren Einkehr, der Meditation \u00fcber den Menschen und seine Ziele, seine Lebens- und seiner Gesellschaftsformen.\n\nDer K\u00fcnstler wird 1886 in Z\u00fcrich-Hirslanden geboren und verliert mit vier Jahren seinen Vater. 1900 bis 1904 macht er eine Lehre als Lithograf und Clich\u00e9ezeichner im Atelier Paul Bleuer. In der grafischen Anstalt H\u00fcttner wird er technischer Leiter und er\u00f6ffnet 1908 sein eigenes grafisches Atelier. Bis 1912 stellt er Briefk\u00f6pfe, Gesch\u00e4ftsempfehlungskarten und Modekataloge her. 1913 erkrankt Bickel an Tuberkulose und weilt \u00fcber ein Jahr zur Kur in Walenstadtberg. Hier stellen sich Visonen ein, die er bei Genesung in Form eines Friedenstempels umsetzen will. 1924 beginnt er mit dem 25 Jahre dauernden Bau des Paxmals und lernt die St. Gallerin Berta Albrecht, die er 1926 heiratet, kennen. Sein Sohn Karl wird 1927 geboren. Bickel stirbt mit 96 Jahren 1982 auf Schrina-Hochrugg.\n\nDas Paxmal ist ein hoch interessanter Ort des Staunens. Energetisch reicht es nicht zum Kraftort. Geniessen Sie den Platz zwischen den monumentalen Churfirsten und dem Walensee, setzen Sie sich mit dem Kunstwerk und seinen Aussagen auseinander und lassen Sie Ihre Seele fliegen, wenn sich der Himmel im Wasser spiegelt.\n\nDas Paxmal ist von Fr\u00fchling bis Herbst frei zug\u00e4nglich.", "url": "https://www.museumbickel.ch/index.php/paxmal", "image": "https://ostpimtsoch.sos-ch-dk-2.exoscale-cdn.com/catalog/c/f/b/a/cfba83d5cc3e742ec0d648c76244d0dc5a04d0d5_4cb226bbb338b966c835133d95ebfda4.jpg", "openstreetmap_id": "way/252917689"}, "geometry": {"type": "Point", "coordinates": ["9.270269293307088", "47.142272649999995"]}}, {"type": "Feature", "properties": {"identifier": "b0d7fb38-b8b2-4084-b479-89f29401b936", "name": "Baumwipfelpfad Neckertal", "description": "Der einzigartige Baumwipfelpfad Neckertal verbindet Nachhaltigkeit und Naturerlebnis und ist eine Bereicherung f\u00fcr die G\u00e4ste und die Region. Die sch\u00f6ne Natur- und Kulturlandschaft wurde erhalten und macht es m\u00f6glich, den Wald mit anderen Augen zu sehen. Entdecken Sie diese kleine Perle und geniessen Sie bei uns einmalige Einblicke in die Natur und Ausblicke \u00fcber das ganze Neckertal.\n\nMit aussergew\u00f6hnlichen Perspektiven bietet der etwas andere Freizeitpark mit seinem dazugeh\u00f6rigen Walderlebnisweg einen unvergesslichen und spannenden Naturaufenthalt. An den vielen Erlebnisstationen wird zudem einiges an Wissen \u00fcber den Wald und dessen Bewohner vermittelt.\n\nGeniessen Sie die Stunden im Wald, offline und entschleunigt. Ganz gem\u00fctlich zu zweit, mit Kindern auf dem Spielplatz, beim selber \u00abbr\u00f6tl\u00e4\u00bb an der Grillstelle oder einfach ganz entspannt an der Sonne. Hier ist willkommen, wer gerne im Wald die Seele baumeln l\u00e4sst. Die kleine Oase im Wald l\u00e4dt dazu ein, etwas zu verweilen, dem Rauschen der Bl\u00e4tter und dem Zwitschern der V\u00f6gel zu lauschen und Zeit mit Familie und Freunden zu verbringen.", "url": "http://www.baumwipfelpfad.ch", "image": "https://ostpimtsoch.sos-ch-dk-2.exoscale-cdn.com/catalog/2/4/8/9/24898d3660d029e6e8c2c93b25012b10e0c9e06a_9dca7ca9adcab718bd03fc5bef155ca0.jpg", "openstreetmap_id": "way/562472397"}, "geometry": {"type": "Point", "coordinates": ["9.195284", "47.307197"]}}, {"type": "Feature", "properties": {"identifier": "b1708e92-657a-40e4-9cfe-32b821cf7310", "name": "Museum f\u00fcr Arch\u00e4ologie", "description": "Auf einem spannenden Rundgang durchstreifen G\u00e4ste im Museum f\u00fcr Arch\u00e4ologie in Frauenfeld 10'000 Jahre Vergangenheit des Kantons Thurgau. Die Funde aus den hiesigen Pfahlbauten \u2013 seit 2011 UNESCO-Welterbe \u2013 liefern interessante Informationen zum Alltag vor Jahrtausenden im Bodenseeraum. H\u00f6hepunkte sind etwa das \u00e4lteste Goldgef\u00e4ss der Schweiz oder eine gallo-r\u00f6mische Holzstatue. Spannende Wechselausstellungen erg\u00e4nzen das Angebot. Der neue Mitarbeiter, Archie der Dachs, nimmt Familien mit auf Spurensuche durchs Museum, l\u00e4sst Details in den Vitrinen suchen und animiert zum Zeichnen und Basteln. F\u00fcr das richtige L\u00f6sungsworts gibt\u2019s eine Belohnung. Unterm gleichen Dach befindet sich auch das Thurgauer Naturmuseum. Der gemeinsame arch\u00e4obotanische Garten im Vorhof der Museen macht die Vielfalt und Geschichte unserer Kultur- und Nutzpflanzen erlebbar. Nach dem Rundgang l\u00e4dt das Museumscaf\u00e9 zum Verweilen ein. Museum und Garten sind hindernisfrei.", "url": "https://archaeologiemuseum.tg.ch", "image": "https://ostpimtsoch.sos-ch-dk-2.exoscale-cdn.com/catalog/1/2/4/1/12410caf6a9b8554220e3bdef7f2fdfca6cadabb_d2621c0014efa0654e70dec7183ae6b5.jpg", "openstreetmap_id": "node/1129297282"}, "geometry": {"type": "Point", "coordinates": ["8.8984937", "47.5564574"]}}, {"type": "Feature", "properties": {"identifier": "b30e1922-f8b4-4c3d-ab71-55b7b560c144", "name": "Vorstadt Vari\u00e9t\u00e9", "description": "<p>Am 12. Januar 1957 ging in der Sch&uuml;tzenstube zum allerersten Mal der Vorhang auf. Viele hundert Vorstellungen sind seitdem in der legend&auml;ren Sch&uuml;tzenstube schon &uuml;ber die B&uuml;hne gegangen.</p>", "url": "http://www.vorstadtvariete.ch/", "image": "https://ostpimtsoch.sos-ch-dk-2.exoscale-cdn.com/catalog/d/0/2/8/d028573acbdcb6c1830d8b5cddf685860bb25534_4d941d060e37111a382795cea2f640b4.jpg", "openstreetmap_id": "node/10213755887"}, "geometry": {"type": "Point", "coordinates": ["8.6352019", "47.6988822"]}}, {"type": "Feature", "properties": {"identifier": "b31d0dec-c369-4059-8c31-c17ec106b81e", "name": "Kunstmuseum Thurgau", "description": "Den Kern des Museums bildet die seit 1942 bestehende kantonale Kunstsammlung, die unter anderem die Nachl\u00e4sse von Adolf Dietrich, Carl Roesch und Hans Kr\u00fcsi umfasst. Insgesamt verwaltet das Museum \u00fcber 30'000 Sammlungsobjekte, von der Fotografie \u00fcber Zeichnungen und Gem\u00e4lden bis zur raumgreifenden Installation. Ausserdem haben international bekannte K\u00fcnstlerinnen und K\u00fcnstler eigens f\u00fcr den Kontext der Kartause Ittingen neue Werke entwickelt. Janet Cardiffs \u00abIttingen Walk\u00bb f\u00fchrt das Publikum auf einen unkonventionellen Rundgang durch die beiden Museen. \u00abDie verstummte Bibliothek\u00bb von Joseph Kosuth thematisiert die Ordnung des Wissens, w\u00e4hrend Muda Mathis in ihrem \u00abParadies\u00bb die biblische Geschichte auf ganz unkonventionelle Art und Weise neu erz\u00e4hlt.", "url": "http://www.kunstmuseum.tg.ch", "image": "https://ostpimtsoch.sos-ch-dk-2.exoscale-cdn.com/catalog/b/6/b/b/b6bb230c3da7b8ea4f61a87304ab6b42f041ffda_2ceb5b0f1f358157617353afa9829a44.jpg", "openstreetmap_id": "node/9908306266"}, "geometry": {"type": "Point", "coordinates": ["8.866288661956789", "47.58376337739829"]}}, {"type": "Feature", "properties": {"identifier": "b3e5dc69-d135-4ad6-a756-7fe176c9659f", "name": "Spielplatz Schloss Laufen", "description": "Ein kleiner Spielplatz mit Rutschbahn, Kletterseilen und Balancierbalken beim Schloss Laufen l\u00e4dt zum Austoben ein. ", "image": "https://ostpimtsoch.sos-ch-dk-2.exoscale-cdn.com/catalog/1/e/d/3/1ed305541115d146fe9bac460976f80872132f30_69f0c1f19efb43236b400d7f360e9864.jpeg", "openstreetmap_id": "way/486211249"}, "geometry": {"type": "Point", "coordinates": ["8.61515438071403", "47.67609645"]}}, {"type": "Feature", "properties": {"identifier": "b42cceca-48e9-4d01-a617-be6031905f17", "name": "Figurentheater-Museum & Figurentheater", "description": "<p class=\"MsoNormal\">Im Dorfkern von Herisau, in einem typischen alten Appenzellerhaus l&auml;sst das Figurentheatermuseum Besucherinnen und Besucher eintauchen in die fantasievolle, bunte Welt des Figurentheaters. Auf insgesamt drei Stockwerken gibt es verschiedene Marionetten, Handpuppen und andere Figuren zu entdecken und allerlei Spannendes zu erfahren. Jedes Jahr wird eine andere spannende Schweizer B&uuml;hne portr&auml;tiert. Die Jahresausstellung wird jeweils durch thematische Pr&auml;sentationen aus der hauseigenen Sammlung erg&auml;nzt &ndash; so lassen sich immer wieder neue Facetten des Figurenspiels entdecken und beleuchten. <span style=\"mso-spacerun: yes;\">&nbsp;</span>Das Museum kann auf Anfrage exklusiv reserviert werden; zudem sind F&uuml;hrungen f&uuml;r Gruppen mit oder ohne Ap&eacute;ro buchbar.</p><p class=\"MsoNormal\"><strong>Strolchi erwartet die kleinen Besucherinnen und Besucher</strong><br>Die Katze Strolchi begleitet Kinder auf einem liebevoll gestalteten Spiel- und Erlebnisweg mit interaktiven Stationen durch das Haus und l&auml;sst sie selbst zu Puppenspielerinnen und Puppenspielern werden.&nbsp;</p><p class=\"MsoNormal\">Die Ausstellungen sind auch auf Franz&ouml;sisch und Englisch zug&auml;nglich.<br><br>Eintrittspreise:<br>Erwachsene CHF 8.00, Kinder CHF 5.00, Familien CHF 20.00<br>F&uuml;r Kinder aus den Kantonen AR und SG ist der Eintritt gratis.<br><br>Die Theatersaison dauert jeweils von Oktober bis Mai, Auff&uuml;hrungen finden immer am Sonntag um 11 Uhr statt</p><p class=\"MsoNormal\">Spielplan: www.figurentheatermuseum.ch</p>", "url": "https://www.figurentheatermuseum.ch", "image": "https://ostpimtsoch.sos-ch-dk-2.exoscale-cdn.com/catalog/f/3/5/9/f3599feced0b2651f87f56f90d4e39b66536bfc4_6f421c8ecd83483f507c6dc4212c3422.jpg", "openstreetmap_id": "way/318077106"}, "geometry": {"type": "Point", "coordinates": ["9.27979840461888", "47.3851375"]}}, {"type": "Feature", "properties": {"identifier": "b4380614-1e07-4934-b904-8649cd55daec", "name": "Ittinger Museum", "description": "Der reich ausgestattete Essraum sowie die pr\u00e4chtige Rokoko-Kirche pr\u00e4sentieren sich bis heute so, als lebten und beteten noch M\u00f6nche in Ittingen. Gleichzeitig erz\u00e4hlt der Billardtisch im Kapitelsaal von der Aufl\u00f6sung des Klosters 1848 und von der darauffolgenden Nutzung des Ortes als Herrschaftssitz einer Gutsherrenfamilie. Die Themen und Geschichten rund um das Kloster und den Kart\u00e4userorden werden mittels Audioguide, H\u00f6rspielen f\u00fcr Kinder und Publikationen einem breiten Publikum n\u00e4hergebracht. \n\nAuch der Aussenraum ist vom m\u00f6nchischen Leben gepr\u00e4gt, wie die Besucher auf vier Themenpfaden durch die G\u00e4rten der Kartause erfahren k\u00f6nnen. Wer mit offenen Augen durch die Anlage streift, st\u00f6sst inmitten der Bl\u00fctenpracht heutiger Bepflanzung immer wieder auch auf Fragmente historischer Gartengestaltung.", "url": "http://www.kunstmuseum.tg.ch/", "image": "https://ostpimtsoch.sos-ch-dk-2.exoscale-cdn.com/catalog/0/a/0/2/0a02799cb2757e4ec60c7b6909cb9358b0c74b76_3abf1278705798015f26a44b942a80d8.jpg", "openstreetmap_id": "node/9908306266"}, "geometry": {"type": "Point", "coordinates": ["8.866385221481325", "47.58356066997053"]}}, {"type": "Feature", "properties": {"identifier": "b4874419-78c1-4c12-a36b-c8f4ac7d0890", "name": "Riesenh\u00fcpfkissen Flumserberg Prodalp", "description": "Das H\u00fcpfkissen auf Prodalp steht gleich neben dem Kletterturm CLiiMBER und dem Bergrestaurant Prodalp. Die Benutzung ist kostenlos.", "url": "https://www.flumserberg.ch", "image": "https://ostpimtsoch.sos-ch-dk-2.exoscale-cdn.com/catalog/6/d/2/8/6d28f1b9f8a93f91b4c0fa76a2d31b4619555fd0_fd33c3ed418de8773dc58ee8e1cc1d5e.jpg", "openstreetmap_id": "node/3431838772"}, "geometry": {"type": "Point", "coordinates": ["9.28898334503174", "47.080340311768"]}}, {"type": "Feature", "properties": {"identifier": "b72adce2-8ca3-4c15-a6e4-5b92b41dea29", "name": "Aussichtspunkt Ruggisberg", "description": "Auf dem Ruggisberg breitet sich die umliegende Region mit einem Tuch voller Obstb\u00e4ume und leuchtenden Blumenfeldern aus. Besonders sch\u00f6n ist es hier im Fr\u00fchling, wenn sich die Knospen der Apfelb\u00e4ume \u00f6ffnen und ein prachtvolles Bl\u00fctenmeer um Vorschein kommt. Und der Bodensee l\u00e4sst sich nat\u00fcrlich auch noch erblicken.\n\nDer Aussichtspunkt Ruggisberg ist Teil der Velo-Rallye Bodensee. Mehr zur Velo-Sammelchallenge unter www.st.gallen-bodensee.ch/velo-rallye.", "image": "https://ostpimtsoch.sos-ch-dk-2.exoscale-cdn.com/catalog/4/3/2/7/4327bd486c510cd6492f8868289e1eee82d57fb2_2cf38c18dad194fb1cb2d8ec71f8e08c.jpg", "openstreetmap_id": "way/171263990"}, "geometry": {"type": "Point", "coordinates": ["9.371262788772585", "47.48867308651914"]}}, {"type": "Feature", "properties": {"identifier": "b86cafd6-9aec-43e9-8d54-e9a9625fecf8", "name": "Appenzeller Volkskunde-Museum Stein AR", "description": "<p class=\"MsoNormal\"><span lang=\"DE\" style=\"font-size: 12.0pt; font-family: 'Arial',sans-serif;\">Die Ausstellung pr&auml;sentiert Ger&auml;te und Gef&auml;sse rund ums Alpk&auml;sen,</span><span lang=\"DE\" style=\"font-size: 12.0pt; font-family: 'Arial',sans-serif; mso-ansi-language: DE-CH;\"> </span><span style=\"font-size: 12.0pt; font-family: 'Arial',sans-serif; mso-ansi-language: DE-CH;\">regionaltypischen&nbsp;Schmuck f&uuml;r Tier und Mensch </span><span lang=\"DE\" style=\"font-size: 12.0pt; font-family: 'Arial',sans-serif;\">&ndash; von </span><span style=\"font-size: 12.0pt; font-family: 'Arial',sans-serif; mso-ansi-language: DE-CH;\">Schellen und Hosentr&auml;gern bis hin zu Trachtenschmuck &ndash; sowie </span><span lang=\"DE\" style=\"font-size: 12.0pt; font-family: 'Arial',sans-serif;\">Bauern- und M&ouml;belmalerei mehrerer Jahrhunderte. Darunter finden sich als ein Highlight auch die ber&uuml;hmten &bdquo;Gaiser W&auml;nde&ldquo;.</span></p><p class=\"MsoNormal\"><span style=\"font-size: 12.0pt; font-family: 'Arial',sans-serif; mso-ansi-language: DE-CH;\">Anhand von Musterb&uuml;chern, zwei Hands</span><span lang=\"DE\" style=\"font-size: 12.0pt; font-family: 'Arial',sans-serif;\">tickmaschinen und einem einmaligen </span><span style=\"font-size: 12.0pt; font-family: 'Arial',sans-serif; mso-ansi-language: DE-CH;\">Plattstichwebstuhl gibt das Museum ausserdem einen lebendigen Einblick in die bewegte Textilgeschichte des Appenzellerlandes.</span><span lang=\"DE\" style=\"font-size: 12.0pt; font-family: 'Arial',sans-serif;\">&nbsp;</span></p><p class=\"MsoNormal\"><span lang=\"DE\" style=\"font-size: 12.0pt; font-family: 'Arial',sans-serif;\">Zu</span><span style=\"font-size: 12.0pt; font-family: 'Arial',sans-serif; mso-ansi-language: DE-CH;\"> bestimmten Zeiten finden in der Textilabteilung Live-Aktivit&auml;ten statt.</span></p><p class=\"MsoNormal\"><span style=\"font-size: 12.0pt; font-family: 'Arial',sans-serif; mso-ansi-language: DE-CH;\">Neben der Dauerausstellung zeigt das Museum </span><span lang=\"DE\" style=\"font-size: 12.0pt; font-family: 'Arial',sans-serif;\">Sonderausstellungen zu unterschiedlichen Themen.</span></p><p class=\"MsoNormal\"><span style=\"font-size: 12.0pt; font-family: 'Arial',sans-serif; mso-ansi-language: DE-CH;\">Infos zu den </span><span lang=\"DE\" style=\"font-size: 12.0pt; font-family: 'Arial',sans-serif; color: black; mso-themecolor: text1;\">aktuellen &Ouml;ffnungszeiten und </span><span style=\"font-size: 12.0pt; font-family: 'Arial',sans-serif; mso-ansi-language: DE-CH;\">zum Programm sind der Webseite zu entnehmen.</span></p>", "url": "https://www.appenzeller-museum.ch/", "image": "https://ostpimtsoch.sos-ch-dk-2.exoscale-cdn.com/catalog/7/0/7/8/7078b3f9c001203ed4deb2fd0fa49eee55f3de5a_35a78eb965783e96035c5d8fdcbb8142.jpg", "openstreetmap_id": "1124886695.0"}, "geometry": {"type": "Point", "coordinates": ["9.3444626", "47.3730472"]}}, {"type": "Feature", "properties": {"identifier": "b8c17f2d-e171-4bde-b26e-19d2b996ff6b", "name": "Schiffm\u00e4ndli - Schifffahrt am Rheinfall", "description": "<p>Erleben Sie den Rhein zwischen dem tosenden Rheinfall und Eglisau auf den Booten von &laquo;Schiffm&auml;ndli&raquo;. Ob allein oder in der Gruppe, bei unserem Sonntagsbrunch auf dem Schiff, einer aufregenden Schleusenfahrt oder einem gem&uuml;tlichen Ausklang des Abends bei einem Glas Wein - wir bieten Ihnen umfangreiche Angebote rund um die Schifffahrt auf dem Rheinfall und dem &laquo;rheinischen Amazonas&raquo;.</p>", "url": "http://schiffmaendli.ch/", "image": "https://ostpimtsoch.sos-ch-dk-2.exoscale-cdn.com/catalog/2/8/2/6/28263f03dc168610c2b22cc3be1a25024d281e94_40e49517ee71e44376be917f5e959fff.jpg", "openstreetmap_id": "node/370461800"}, "geometry": {"type": "Point", "coordinates": ["8.611457282052802", "47.677538929401635"]}}, {"type": "Feature", "properties": {"identifier": "b98253a9-50d0-4842-a96c-b82344bafea8", "name": "Museum Henry Dunant", "description": "<p>Henry Dunant (1828&ndash;1910) verbrachte die letzten 18 Lebensjahre in Heiden. Das Appenzeller Dorf mit seiner klassizistischen Architektur war damals ein international bekannter Kurort. Hier, auf 800 m. &uuml;. Meer, mit Blick auf den Bodensee und &uuml;ber Grenzen hinweg, hat er seine Memoiren verfasst und seine Ideen f&uuml;r eine friedlichere Welt und einen Internationalen Gerichtshof weiterentwickelt. In Heiden erreichte ihn 1901 die Mitteilung, dass er als Erster mit dem Friedensnobelpreis ausgezeichnet wird. Das ihm gewidmete Museum ist im ehemaligen Bezirkskrankenhaus untergebracht, in welchem Dunant als zur&uuml;ckgezogener Pension&auml;r bis zu seinem Tod am 30. Oktober 1910 gelebt hatte.&nbsp;</p>", "url": "https://www.dunant-museum.ch", "image": "https://ostpimtsoch.sos-ch-dk-2.exoscale-cdn.com/catalog/2/d/e/1/2de1e1b80390040313204255a5ae40fcc69307f5_9a4bfbb9e7a64d250205610068c02218.jpg", "openstreetmap_id": "way/199522073"}, "geometry": {"type": "Point", "coordinates": ["9.531348500461359", "47.443330200000005"]}}, {"type": "Feature", "properties": {"identifier": "ba49546d-5d2a-451e-bae8-e10faaa052b8", "name": "Kochstall", "description": "<p><span style=\"font-weight: bold;\">Gruppen Kochevent</span><br>Ob als Teamevent f\u00fcr die Mitarbeitenden, Familienfeier oder Kochseminar. Unsere Kochevents sind unvergessliche Gemeinschaftserlebnisse und Sie erweitern ganz nebenbei ihre Kochk\u00fcnste.</p><p><span style=\"font-weight: bold;\">Feste &amp; Bankett</span>e<br>Runde Geburtstage, Konfirmationen oder ein Firmenjubil\u00e4um: Einen guten Grund zum Feiern gibt es immer. Der Kochstall bietet den festlichen Rahmen f\u00fcr Ihren Anlass.</p>", "url": "https://www.kochstall.ch", "image": "https://ostpimtsoch.sos-ch-dk-2.exoscale-cdn.com/catalog/a/3/1/9/a319fe0f8337978947e3515e4345c5bad4b50ec0_6af7363210945e394b16ceac3982d0bb.jpg", "openstreetmap_id": "node/9974644094"}, "geometry": {"type": "Point", "coordinates": ["8.4967173", "47.7031654"]}}, {"type": "Feature", "properties": {"identifier": "bba7bf07-6af7-468a-9847-fac7a732fdde", "name": "Typorama \u2013 Museum f\u00fcr Satz und Druck", "description": "Eine Handsetzerei beherbergt in acht Gassen Hunderte von Schriftgarnituren. Auch sind dreizehn verschiedene Typen Bleisetzmaschinen voll einsatzbereit. Im Maschinensaal stehen eine Kniehebel-Handpresse, zwei Boston-Handtiegelpressen, sieben Tiegel-Schnellpressen verschiedener Bauart, eine Stoppzylinder-Schnellpresse, zwei Stoppzylinder-Automaten (einer davon vertikal), zwei Eintouren-Automaten sowie ein Zweitouren-Automat. Die Sammlung wird abgerundet durch die ersten den Bleisatz abl\u00f6senden Fotosatzger\u00e4te. Zudem erm\u00f6glicht eine komplette Buchbinderei die Produktion von B\u00fcchern. Man kann das Typorama entweder zum einfachen Rundgang besuchen oder eine komplette F\u00fchrung mit Ap\u00e9ro buchen. Das Museum ist ausserdem jeden Mittwochnachmittag f\u00fcr Kinder ge\u00f6ffnet. Die Kleinen k\u00f6nnen selber Hand anlegen und ihre Texte und Bilder unter Anleitung setzen und drucken. In den Workshops lernt man nicht nur Linolschnitt oder Buchbinden, sondern sogar die Bedienung einer Setz- oder Druckmaschine.", "url": "https://www.typorama.ch/", "image": "https://ostpimtsoch.sos-ch-dk-2.exoscale-cdn.com/catalog/a/7/0/5/a70534ea5b6bed26e0c84d9d3ad16a5a9b44d56d_affd09b7dd0bede2d6415cad4786d2ba.jpg", "openstreetmap_id": "node/4720479534"}, "geometry": {"type": "Point", "coordinates": ["9.2339237", "47.4927213"]}}, {"type": "Feature", "properties": {"identifier": "bc4b7661-91c7-49cb-9327-804708c99076", "name": "Breitenmoser Gustarium", "description": "Ein Ort der Vielfalt mit einer in der Schweiz einzigartigen, interaktiven Ausstellung \"rund um den Genuss\", Grill- und Wurstseminaren, Genussladen und einem Gastrobereich mit Chemin\u00e9e und Bar und Blick auf den Alpstein.\n\nBreitenmoser Appenzeller Fleischspezialit\u00e4ten AG ist einer der f\u00fchrenden Fleischveredelungsbetriebe mit Fachgesch\u00e4ften in Appenzell, Gais, Teufen und Rorschacherberg. Die Traditionsmetzgerei mit einzigartigen Appenzeller Spezialit\u00e4ten geht auf das Gr\u00fcndungsjahr 1896 zur\u00fcck. Seit Mai 2023 gibt es zudem die vielf\u00e4ltige Erlebniswelt \"Breitenmoser Gustarium\" die Interessantes und Unterhaltsames rund um Fleisch und Wurst bietet. Hier lassen sich nach Voranmeldung Feste feiern und Seminare abhalten. Auch spontan kann man die Ausstellung besuchen und in der lichtdurchfluteten Metzgerstube \u00abmeet &amp; (m)eat\u00bb ein frisch aufgeschnittenes Appenzeller Pl\u00e4ttli mit einem Getr\u00e4nk geniessen. Im Genussladen kann man st\u00f6bern, sich an der Rezeptwand inspirieren lassen und Appenzeller Spezialit\u00e4ten und Delikatessen mit nach Hause nehmen.  \n", "url": "https://www.gustarium.ch/", "image": "https://ostpimtsoch.sos-ch-dk-2.exoscale-cdn.com/catalog/2/f/d/a/2fda0da3e0df020468f6bde9cba52b733c721afc_5d7f253721616a5486d83edaf69cf741.jpg", "openstreetmap_id": "node/11240658635"}, "geometry": {"type": "Point", "coordinates": ["9.4281642", "47.3203495"]}}, {"type": "Feature", "properties": {"identifier": "bcc948d6-8b08-4e4e-90eb-214b0bce8748", "name": "Spielerlebnis Walensee - Quinten", "description": "Das Spielerlebnis Walensee ist der gr\u00f6sste Themenspielplatz der Schweiz und bietet eine spannende Schnitzeljagd f\u00fcr die ganze Familie. Unter dem Motto \u00abWer l\u00f6st das Geheimnis vom Walensee?\u00bb erleben die Kinder Spiel- und R\u00e4tselplausch verbunden mit Schiffsfahrten und Entdeckungen auf sechs Spielpl\u00e4tzen rund um den Walensee. Das Spiel ist so aufgebaut, dass bereits Kinder ab 6 Jahren mit ein wenig Hilfe das R\u00e4tsel l\u00f6sen k\u00f6nnen.\n\nQuinten:\nDie \u00abCosta del Sol\u00bb in Quinten ist ber\u00fchmt f\u00fcr ihr s\u00fcdliches Klima und nur via Seeweg erreichbar. Der neue Themenwanderweg entlang der K\u00fcste verr\u00e4t Wissenswertes \u00fcber die exotischen Fr\u00fcchte und Tiere an diesem paradiesischen, kleinen Ort.", "url": "https://www.spielerlebnis-walensee.ch", "image": "https://ostpimtsoch.sos-ch-dk-2.exoscale-cdn.com/catalog/e/9/5/2/e952a683c87ba9ea07f24929deea4b2112914d33_a3098fda28bd91c5e21a96ff8474485a.jpg", "openstreetmap_id": "node/240078789"}, "geometry": {"type": "Point", "coordinates": ["9.216027259826662", "47.12894624011246"]}}, {"type": "Feature", "properties": {"identifier": "bf2236a2-a398-4c87-bfc3-1f363a48b2e4", "name": "Grillplatz Summerigchopf", "description": "Die Grillstelle Summerigkopf befindet sich abseits von Wildhaus und ist nur zu Fuss \u00fcber den Wanderweg erreichbar. Der Platz verf\u00fcgt \u00fcber einen rechteckigen Rost, der in der H\u00f6he nicht verstellbar ist und drei Holzb\u00e4nke, die Platz f\u00fcr ca. 12-15 Personen bieten.\nKinderwagentauglich: nein, Holz: nein, Trinkwasser: nein, WC: nein, Kapazit\u00e4t: ca. 12-15", "image": "https://ostpimtsoch.sos-ch-dk-2.exoscale-cdn.com/catalog/0/d/f/0/0df0e1fe3bac50fff6767cc4d6ea616e3b054166_bc416f836bd08b350487c2877b981244.jpg", "openstreetmap_id": "node/4623777394"}, "geometry": {"type": "Point", "coordinates": ["9.4013705", "47.210958"]}}, {"type": "Feature", "properties": {"identifier": "bf39aa48-6e2c-4321-8157-0178475fe3c4", "name": "Autohalle Classics", "description": "<p>Ob Tagung, Hochzeit, Gesch&auml;ftsveranstaltung oder private Feier, unser Team findet f&uuml;r jede Gelegenheit den passenden Rahmen. Es stehen verschieden grosse mit modernster Technik ausgestattete Event- und Tagungsr&auml;ume zur Verf&uuml;gung. Gerne planen wir gemeinsam deinen Anlass nach Wunsch!</p>", "url": "https://autohalle.ch/", "image": "https://ostpimtsoch.sos-ch-dk-2.exoscale-cdn.com/catalog/2/3/d/1/23d138c6052c5b8728e0ad508132897e23689396_28b7dc3df9b1f6c0a7e4d05dd68994e9.jpg", "openstreetmap_id": "node/10752986782"}, "geometry": {"type": "Point", "coordinates": ["8.6921318", "47.5935036"]}}, {"type": "Feature", "properties": {"identifier": "bf404ee9-47f2-44fb-8086-5d0c35f33a50", "name": "Schaaren", "description": "Schaffhauser und Schaffhauserinnen stacheln mit dem Weidling gerne hier hin und machen eine Pause.", "image": "https://ostpimtsoch.sos-ch-dk-2.exoscale-cdn.com/catalog/7/0/5/9/7059914895bc8d181da2248654a75e8121a2bbe5_640f9751b6b07d992be4002ebf1b7611.jpg", "openstreetmap_id": "node/6419655805"}, "geometry": {"type": "Point", "coordinates": ["8.6939409", "47.6936481"]}}, {"type": "Feature", "properties": {"identifier": "c0d07da1-7875-4053-b129-2820385dade7", "name": "Stiftsbibliothek St.Gallen", "description": "<p>Der heutige Bibliotheksraum entstand zwischen 1758 und 1767 unter der Leitung des Bregenzerw&auml;lder Baumeisters Peter Thumb. Die wechselnden Ausstellungen wertvoller Manuskripte und Unikate geben einen nachhaltigen Eindruck der St.Galler Klosterkultur. Der Barocksaal der Stiftsbibliothek &uuml;berrascht durch seine reiche Rokoko-Ausstattung und gilt als einer der sch&ouml;nsten des Landes. Der Bestand der heute noch aktiven Bibliothek betr&auml;gt rund 170'000 B&uuml;cher. Die beeindruckende Sammlung fr&uuml;hmittelalterlicher Original-Handschriften macht diese Institution weltber&uuml;hmt. &Uuml;ber 400 B&auml;nde sind mehr als 1'000 Jahre alt.</p>", "url": "https://www.stiftsbezirk.ch/de/stiftsbibliothek/", "image": "https://ostpimtsoch.sos-ch-dk-2.exoscale-cdn.com/catalog/9/6/e/d/96ed492f1be250a7d45801e15bb1e010611e8e21_817862b9ac89ad4ec5b26653697120de.jpg", "openstreetmap_id": "way/131605934"}, "geometry": {"type": "Point", "coordinates": ["9.376703", "47.423152"]}}, {"type": "Feature", "properties": {"identifier": "c37661c7-b2ec-428b-9aa9-3c4300be12fb", "name": "Schweizerische Schifffahrtsgesellschaft Untersee und Rhein", "description": "Ob in der Gruppe oder ganz privat \u2013 entdecken Sie einzigartige Ausflugsziele wie Stein am Rhein, die Insel Reichenau und vieles mehr auf dem Wasser. Auch Spezialangebote, wie die Brunch-Fahrt oder das Strickschiff laden zum Verweilen ein. Wir beraten Sie gerne und stellen Ihnen auch individuelle Angebote zusammen.\n\nUnsere Kursschiffe verkehren von April bis Oktober zwischen Schaffhausen und Konstanz / Kreuzlingen.\nErkunden Sie mit uns die Region am Untersee und Rhein, wir freuen uns Sie bald an Bord begr\u00fcssen zu d\u00fcrfen.", "url": "http://www.urh.ch/", "image": "https://ostpimtsoch.sos-ch-dk-2.exoscale-cdn.com/catalog/c/5/e/3/c5e3292e6ff2db4889477d58d9cd1a7a1f784465_1ee512e603e9cd71ee56ecac2b28cc8b.jpg", "openstreetmap_id": "node/4436281782"}, "geometry": {"type": "Point", "coordinates": ["8.640824", "47.6953486"]}}, {"type": "Feature", "properties": {"identifier": "c41cae1d-8361-475f-88b8-1370d810f1cc", "name": "Baumwipfelpfad Neckertal", "description": "<p>Der einzigartige Baumwipfelpfad Neckertal verbindet Nachhaltigkeit und Naturerlebnis und ist eine Bereicherung f&uuml;r das Neckertal und die Umgebung. Die sch&ouml;ne Natur- und Kulturlandschaft wurde erhalten und macht es m&ouml;glich, den Wald mit anderen Augen zu sehen. Erleben Sie das besondere Ausflugsziel in der Schweizer Natur und geniessen Sie bei uns Einblicke in die Baumkronen der auff&auml;lligen Art. Mit aussergew&ouml;hnlichen Perspektiven und spielerischem Lehrwert bietet der etwas andere Freizeitpark mit seinem dazugeh&ouml;rigen Walderlebnisweg ein Naturaufenthalt mit Tiefgang. Geniessen Sie die Stunden im Wald, offline und entschleunigt. Ganz gem&uuml;tlich zu zweit, mit Kindern auf dem Spielplatz, beim selber br&ouml;tl&auml; an der Grillstelle oder beim Glas Wein an der Sonne. Bei uns ist willkommen, wer gerne im Wald die Seele baumeln l&auml;sst. Unsere kleine Oase im Wald l&auml;dt dazu ein, etwas zu verweilen, dem Rauschen der Bl&auml;tter und dem Zwitschern der V&ouml;gel zu lauschen und Zeit mit Familie und Freunden zu verbringen.</p><p><br><span data-teams=\"true\">Auskunft zur Zug&auml;nglichkeit</span>:&nbsp;<a href=\"https://www.ginto.guide/entries/3099ce5e-667a-41f9-9f44-0904a3a4cbc5?lnk_src=business\">ginto</a></p>", "url": "http://www.baumwipfelpfad.ch", "image": "https://ostpimtsoch.sos-ch-dk-2.exoscale-cdn.com/catalog/d/2/f/5/d2f5d1b81d394bffa746b201f8f72a81141bd16f_742ab0f636fbf969ec2bfcb88d6c97ea.jpg", "openstreetmap_id": "node/5422373661"}, "geometry": {"type": "Point", "coordinates": ["9.1437367", "47.3582246"]}}, {"type": "Feature", "properties": {"identifier": "c80447b4-c34f-4b40-ab57-beaef6774e97", "name": "Brauchtumsk\u00e4serei Alp Tannenboden", "description": "Erleben Sie Urigkeit und Brauchtum auf unterhaltsame und spannende Art. Auf der Alp Tannenboden k\u00f6nnen Sie durch das Schaufenster im Restaurant dem K\u00e4ser zuschauen. \n\nFalls Sie weiter hinter die Kulissen blicken m\u00f6chten, empfiehlt sich eine F\u00fchrung durch die Schauk\u00e4serei mit K\u00e4se-Degustation oder Sie schl\u00fcpfen gar selber in die Rolle des Sennen. In der Brauchtumsk\u00e4serei k\u00f6nnen Sie Ihren eigenen K\u00e4se herstellen, \u00fcber dem offenen Feuer wie anno dazumal in der um die Jahrhundertwende erbauten Alp- und Brauchtumsk\u00e4serei Tannenboden. Kombinieren Sie die F\u00fchrung mit einem anschliessenden Mittagessen wie \u00c4lplermagronen, Fondue oder Racclette.\n\nDie Brauchtumsk\u00e4serei ist Teil der Schauk\u00e4serei Tannenbodenalp, die \u00fcber einen Themenspielplatz, Verkaufsr\u00e4ume f\u00fcr Alp-Produkte und weitere Attraktionen verf\u00fcgt.", "url": "https://www.sennenstube.ch", "image": "https://ostpimtsoch.sos-ch-dk-2.exoscale-cdn.com/catalog/2/1/e/7/21e72468181fba7cc07d276b27e5d76bb4a8ddc3_719aa6b0e28c2d80609eac8e8dcf3b75.jpg", "openstreetmap_id": "node/11153427939"}, "geometry": {"type": "Point", "coordinates": ["9.2880264", "47.0900119"]}}, {"type": "Feature", "properties": {"identifier": "c811429c-80ca-45c3-b59f-d728565f374e", "name": "F\u00e4hre Paradies", "description": "<p>M&ouml;chten Sie nach einem Anlass im Paradies/Schlatt nicht mit dem Auto oder mit dem Zug nach Schaffhausen fahren? Oder wollen Sie einfach den Rhein trocken &uuml;berqueren? Wir sind von April bis Ende September t&auml;glich f&uuml;r Sie da.&nbsp;</p><p>Die F&auml;hrboote (offen und geschlossen) k&ouml;nnen auch f&uuml;r Rundfahrten gebucht werden.</p>", "url": "https://www.klostergutparadies.ch/de/klostergut-paradies/region-and-activities/port-services.html", "image": "https://ostpimtsoch.sos-ch-dk-2.exoscale-cdn.com/catalog/3/7/f/1/37f12e539a1f83c7cdeff443e868a7b4c3240420_eb94b06e25ded31d4ec66977af369360.jpg", "openstreetmap_id": "node/2338335336"}, "geometry": {"type": "Point", "coordinates": ["8.673845529556276", "47.685929553267556"]}}, {"type": "Feature", "properties": {"identifier": "c8af36e0-bbec-4fb0-a102-56dd5fec2660", "name": "Museum Schleitheimertal", "description": "Schauen Sie in unser Museum herein - angelegt im alten Schulhaus aus dem Jahr 1780 - und erfahren Sie Interessantes rund um Schleitheim.\n\nUnsere Ausstellungen beinhalten unter anderem Versteinerungen von vorzeitlichen Meeres- und Landbewohner. Erfahren sie mehr \u00fcber den Dinosaurier Schleitheimia schutzi. Bilder, Dokumente und Funde aus der Schleitheimer Fr\u00fchgeschichte sowie Gebrauchs- und Luxusgegenst\u00e4nde und Handwerksachen aus dem Schleitheimer Alltagsleben sind in interessanten Ausstellungen zu erkunden.\n\nZudem haben wir eine kleine Ausstellung \u00fcber die einstige Strassenbahn Schaffhausen-Schleitheim StSS.\n\nEin internationale Anziehungspunkt ist der weltweit einzig \u00f6ffentlich zu sehende Druck des Schleitheimer-Bekenntnisses  aus dem 16. Jh. und die dazugeh\u00f6rende Ausstellung \u00fcber die Entstehung des T\u00e4ufertums. (in Deutsch und Englisch)", "url": "https://www.museum-schleitheim.ch/", "image": "https://ostpimtsoch.sos-ch-dk-2.exoscale-cdn.com/catalog/6/5/5/3/6553df1af459ff3e7013618f8b91748fb1972fe8_79a3c35f7ead08b5e560727c000d8acd.jpg", "openstreetmap_id": "node/3622520879"}, "geometry": {"type": "Point", "coordinates": ["8.4889616", "47.7494859"]}}, {"type": "Feature", "properties": {"identifier": "c9ce7872-137c-40ef-a9a9-22dcd8d8a687", "name": "Graf & Gr\u00e4fin Hofgut", "description": "<p>Lernen Sie unsere Weine bei einer Degustation kennen und besuchen Sie uns auf unserem Hofgut. Nebst unseren k&ouml;stlichen Weinen bieten wir abwechslungsreiche Erlebnisse. Bei &laquo;Wein mit Esel&raquo; gehen Sie mit uns und unseren Eseln auf einen Spaziergang durch die Oberhallauer Reblandschaft und erfahren allerlei &uuml;ber die Rebarbeiten und besuchen den Sortengarten. Zum Schluss geniessen Sie die Goldeselweine beim Rebh&auml;uschen mit sch&ouml;ner Aussicht. Winzer f&uuml;r ein Jahr Erlernen Sie die Handarbeiten in den Reben und pflegen Sie Ihre eigene Rebreihe &uuml;ber ein ganzes Jahr. Unter fachkundiger Anleitung eignen Sie sich das Winzerhandwerk vom Rebschnitt bis zur Ernte an.</p>", "url": "https://graf-graefin.jimdofree.com/", "image": "https://ostpimtsoch.sos-ch-dk-2.exoscale-cdn.com/catalog/7/c/a/2/7ca2e296ff4a35cf1a9cb6dda04bf4bb539be17d_a516c16cc30f1ca2007b575b06da011b.jpg", "openstreetmap_id": "way/276532789"}, "geometry": {"type": "Point", "coordinates": ["8.476370079967069", "47.7027291"]}}, {"type": "Feature", "properties": {"identifier": "ca4e5120-309d-4aff-93e4-7d12822d05e2", "name": "MoM\u00f6 - Schweizer Mosterei- und Brennereimuseum", "description": "<p>Kennst du den Gr&uuml;nder der Mosterei M&ouml;hl? Du erf&auml;hrst es vor Ort im MoM&ouml;. W&uuml;rdest du dich zum Safthandwerker eignen? Unsere Mostfabrik testet dein Wissen. Kennst du die fleissigste Bienenart? Vor Ort erf&auml;hrst du alles &uuml;ber diese Best&auml;ubungsk&uuml;nstler. Du m&ouml;chtest bodenst&auml;ndiges Essen und Trinken? In der dazugeh&ouml;rigen Bar erhalten G&auml;ste kleine K&ouml;stlichkeiten aus der Region und nat&uuml;rlich M&ouml;hl-Spezialit&auml;ten. Die Familie M&ouml;hl freut sich auf deinen Besuch im Apfelparadies.&nbsp;</p>", "url": "https://www.momoe.ch", "image": "https://ostpimtsoch.sos-ch-dk-2.exoscale-cdn.com/catalog/9/a/3/4/9a34f60e1eb5c3a93da85ed0d08a1bcadb1688bb_01f5fdd4bcd87cbb0c7f86bac7e46224.jpg", "openstreetmap_id": "way/630909769"}, "geometry": {"type": "Point", "coordinates": ["9.412203402045316", "47.5070748"]}}, {"type": "Feature", "properties": {"identifier": "caa010a8-2a9b-4fc6-b873-7991989e6f7c", "name": "Kleine B\u00fchne Schaffhausen", "description": "<p>Jahr f&uuml;r Jahr verbringen die Mitglieder der kleinen b&uuml;hne - Menschen aus unterschiedlichsten Lebenswelten - einen grossen Teile ihrer Freizeit daf&uuml;r, Geschichten auf die B&uuml;hne zu bringen. Ob als Schauspieler*innen spielen, als Teil der Baucrew B&uuml;hnenbilder entstehen lassen, als Mitglied des N&auml;hteams Kost&uuml;me erschaffen oder als Verantwortliche f&uuml;r die Requisiten Brockenh&auml;user und Dachst&uuml;hle durchforsten - spielen, singen, h&auml;mmern, malen, zuschneiden, abstecken, aufsp&uuml;ren, schminken oder frisieren geh&ouml;ren dazu. So, wie die Produktionen zu Schaffhausen geh&ouml;ren. Ob vor Weihnachten f&uuml;r die Kinder oder alle zwei Jahre zur Saisoner&ouml;ffnung des Stadttheaters f&uuml;r die Erwachsenen.</p>", "url": "https://www.kleinebuehne.ch/", "image": "https://ostpimtsoch.sos-ch-dk-2.exoscale-cdn.com/catalog/2/7/b/3/27b36d200008ad7370743e93481de33360c95841_a6a76b819f5ceb036257e17a51513cf6.jpg", "openstreetmap_id": "node/11972144072"}, "geometry": {"type": "Point", "coordinates": ["8.6502814", "47.7114905"]}}, {"type": "Feature", "properties": {"identifier": "cb3c5dde-2367-4bb6-a152-4b3fde89f391", "name": "Rathaus Stein am Rhein", "description": "<p><span data-teams=\"true\">Das Rathaus entstand in den Jahren 1539 bis 1542. Lange Zeit diente es auch als Tuch-, Korn- und Kaufhaus. Seine heutige Gestalt erhielt es zwischen 1898 und 1900. Damals wurden die Markthalle geschlossen sowie der Erker und die Malereien angebracht. Die Geschichtsbilder stammen vom Historienmaler Carl von H&auml;berlin aus Stuttgart, die Wappen und Figuren von Christian Schmidt aus Z&uuml;rich. Im gotischen Grossen Ratssaal befinden sich unter anderem die ber&uuml;hmte Wappenscheibenkollektion von 1542 und eine Waffensammlung aus dem 15. bis 18. Jahrhundert. Im Kleinen Ratssaal, der 1766 mit vergoldeter T&auml;felung im Rokoko-Stil ausgestattet wurde, tagt seit 1542 der Stadtrat.</span></p><p><span data-teams=\"true\">Das Rathausgeb&auml;ude und die Sammlungen k&ouml;nnen derzeit nicht besichtigt werden.</span></p>", "image": "https://ostpimtsoch.sos-ch-dk-2.exoscale-cdn.com/catalog/8/9/5/9/8959417ea1ee539e7e56981da96ef0adadae83f7_c65ed6532c7886b0a6dc32a4bdc69f82.jpg", "openstreetmap_id": "way/44215856"}, "geometry": {"type": "Point", "coordinates": ["8.85969464159983", "47.65925145"]}}, {"type": "Feature", "properties": {"identifier": "cc8962eb-f13f-40e0-bf40-299d08b3eb8a", "name": "Karussell Neunkirch", "description": "<p>Ein Kinderkarussell, welches Kinder erfreut und bei Erwachsenen Kindheitserinnerungen aufkommen l&auml;sst. Nostalgische Figuren von h&uuml;pfenden Pferden &uuml;ber Schwan, G&uuml;ggel, L&ouml;we, B&auml;r usw. und nat&uuml;rlich die Orgelmusik begeistert die Kinder auf der Karussellfahrt. Das nostalgische Lafayette anno 1897 hat Platz f&uuml;r 12 Kinder pro Fahrt.</p><ul><li>Gr&ouml;sse des Modules: L&auml;nge 3,0 m x Breite 3,0 m x H&ouml;he 3,8 m</li><li>Platzbedarf: L&auml;nge 4,0 m Breite 4,0 m x H&ouml;he 4,0 m</li><li>Strombedarf: 1 x 230 V /16 A</li><li>Betreuung: 1 Person</li><li>Anzahl Pl&auml;tze: 12</li><li>Selbstbetreuung m&ouml;glich.</li><li>Instruktion ist im Preis inbegriffen.</li><li>Mietpreis: f&uuml;r 1 Tag CHF 750.00, jeder weitere Miettag (CHF 400.00). L&auml;ngere Buchungen auf Anfrage.</li><li>Auf- und Abbau vor Ort pauschal CHF 150.00</li><li>Lieferung: innerhalb Kanton Schaffhausen im Auf-und Abbaupreis inbegriffen. Weitere Distanzen nach Absprache.</li><li>Bedienservice durch uns: zus&auml;tzlich zum Mietpreis CHF 400.00 pro Tag.</li><li>Versicherung inklusive.</li><li>Betreuung bis 6 Stunden Aktionszeit. F&uuml;r jede weitere Stunde wird CHF 40.00 berechnet.</li></ul>", "image": "https://ostpimtsoch.sos-ch-dk-2.exoscale-cdn.com/catalog/6/c/3/f/6c3f868511fa06b4fbb2b4ed1b7008910f63ddea_4da2f8cbe0ad8683b40e5cbe4b01dd9c.jpg", "openstreetmap_id": "node/3217414535"}, "geometry": {"type": "Point", "coordinates": ["8.4987558", "47.6902925"]}}, {"type": "Feature", "properties": {"identifier": "ce7bd415-1deb-4198-994b-81bf477b6f10", "name": "Forum W\u00fcrth Rorschach", "description": "<p>Direkt am sch&ouml;nen Bodenseeufer k&ouml;nnen G&auml;ste bei freiem Eintritt regelm&auml;ssig wechselnde Kunstausstellungen besuchen. Das Forum W&uuml;rth Rorschach ist der museale Bereich des W&uuml;rth Haus Rorschach und zeigt regelm&auml;ssig wechselnde Kunstausstellungen zu unterschiedlichen Themen. Mit den Foyer\u2012Pr&auml;sentationen bietet das Forum W&uuml;rth Rorschach neben der Hauptausstellung immer wieder neue Ausstellungen und gibt einen weiteren spannenden Einblick in die moderne und zeitgen&ouml;ssische eigene Sammlung W&uuml;rth, die mittlerweile &uuml;ber 21'000 Werke umfasst. Der Skulpturengarten l&auml;dt ganzj&auml;hrig zum Verweilen ein und bildet einen fliessenden &Uuml;bergang der Kunst aus dem Inneren des Hauses bis zum Bodenseeufer. Hier findet man z.B. Exponate von Niki de Saint Phalle, Horst Antes und Henry Moore. Vor allem f&uuml;r Familien bietet der Skulpturengarten eine besondere Abwechslung mit zum Teil bespielbaren Mosaik-Skulpturen wie der &laquo;B&auml;r&raquo; oder &laquo;Nikigator&raquo; von Niki de Saint Phalle.</p>", "url": "https://www.wuerth-haus-rorschach.ch", "image": "https://ostpimtsoch.sos-ch-dk-2.exoscale-cdn.com/catalog/f/6/d/c/f6dc82fc1442afa22de0bb50df136a05959fff50_0c5c69b8cae11a540732269adef8e365.jpg", "openstreetmap_id": "node/3357502595"}, "geometry": {"type": "Point", "coordinates": ["9.50669", "47.47842"]}}, {"type": "Feature", "properties": {"identifier": "cf73b21d-50eb-44c8-9127-9462dcb2730c", "name": "Thurgauer Schulmuseum Amriswil", "description": "<p>Das Schulmuseum ist ein Erlebnis f\u00fcr alle Generationen: Im liebevoll eingerichteten Klassenzimmer im ersten Obergeschoss f\u00fchlen sich \u00e4ltere Besuchende in ihre eigene Schulzeit zur\u00fcckversetzt, w\u00e4hrend j\u00fcngere entdecken, wie das Lernen damals ablief. Die authentische Atmosph\u00e4re von 1920 wird durch originale Schulm\u00f6bel und Materialien greifbar gemacht. So laden etwa Thurgauer Leseb\u00fccher aus den Jahren ab 1910 zum St\u00f6bern ein, und alte Hilfsmittel wie Setzk\u00e4sten, Schreibfedern, Fibeln, Schiefertafeln und Rechenschieber lassen l\u00e4ngst vergangene Unterrichtsmethoden wieder aufleben.</p><p>Das Schulmuseum bietet als ausserschulischer Lernort verschiedene museumsp\u00e4dagogisch betreute und auf den Lehrplan abgestimmte Vermittlungsangebote f\u00fcr Schulklassen vom Kindergarten bis zur Oberstufe und Mittelschule. Spannende Wechselausstellungen greifen Themen wie \u00abN\u00e4schi\u00bb oder Werken auf, und bei Museumsveranstaltungen gibt es tiefere Einblicke in die Schweizer Schulgeschichte.</p><p>Ein Besuch im Schulmuseum Amriswil ist eine Zeitreise, die Bildungsgeschichte sp\u00fcrbar und erlebbar macht.</p>", "url": "http://www.schulmuseum.ch/", "image": "https://ostpimtsoch.sos-ch-dk-2.exoscale-cdn.com/catalog/4/c/2/d/4c2d1cb82904762962012518b82d49d8a86d4b95_6ea60c49b74d7e264dd8bd82f9ad9507.jpg", "openstreetmap_id": "node/4399903689"}, "geometry": {"type": "Point", "coordinates": ["9.2737792", "47.5443811"]}}, {"type": "Feature", "properties": {"identifier": "d0d4b080-eac0-4f15-a980-e19469c6394c", "name": "Schaudepot St. Katharinental | Volkskundliche Sammlung Historisches Museum Thurgau", "description": "Im Kornhaus des ehemaligen Dominikanerinnenklosters wird eine \u00fcberw\u00e4ltigende Vielfalt von \u00fcber 10'000 Objekten ausgestellt. Auf eindr\u00fcckliche Weise werden Besuchende hier Zeuge der Lebens- und Arbeitsweise zu Urgrossmutters Zeit. Auf 2'700 Quadratmetern heisst es Eintauchen in die Welt unserer Vorfahren. Was bewegte Pferdebesitzer dazu, ein St\u00fcck graviertes Hirschgeweih an ihr Fuhrwerk zu h\u00e4ngen? Weshalb wurde ein Scherenmotiv in einen Dachziegel gedr\u00fcckt? Auf gef\u00fchrten Touren erfahren Besuchende faszinierende Geschichten aus einer Zeit ohne Rasenroboter, Induktionsherd und Mobiltelefon. Dar\u00fcber hinaus bestaunen sie auch das gr\u00f6sste historische Holzfass der Schweiz, ein 45'000 Liter-Gigant von 1759 aus Mostindien.\n\nDas Schaudepot \u00f6ffnet seine Tore das ganze Jahr \u2013 allerdings nur auf Voranmeldung. Zur Auswahl stehen F\u00fchrungen zu verschiedenen Themen, die ca. 60 Minuten dauern.", "url": "http://www.historisches-museum.tg.ch/", "image": "https://ostpimtsoch.sos-ch-dk-2.exoscale-cdn.com/catalog/b/2/9/c/b29c026fddb65804934e44466f4366edd5a82987_d044d3a60bd559d308507932d9827edb.JPG", "openstreetmap_id": "node/10209697173"}, "geometry": {"type": "Point", "coordinates": ["8.736922", "47.6909985"]}}, {"type": "Feature", "properties": {"identifier": "d1458296-803b-4992-88a5-b19f37464faa", "name": "Sternwarte Schaffhausen", "description": "Die Sternwarte Schaffhausen ist im Jahre 2012 er\u00f6ffnet worden und hat die \u00fcber 60 j\u00e4hrige Sternwarte auf der Steig ersetzt. Sie verf\u00fcgt \u00fcber ein grosses Observatorium mit mehreren Ger\u00e4ten zur Himmelsbeobachtung. Das gr\u00f6sste ist ein Newton-Reflektor mit 40 cm Spiegeldurchmesser; mit den kleineren Teleskopen kann unter Anleitung auch auf eigene Faust nach Himmelsobjekten gesucht werden.\n\nEin bew\u00f6lkter Himmel ist f\u00fcr die Schaffhauser Sternwarte kein Grund, auf Astronomie zu verzichten: Im modernen Planetarium mit 25 Sitzpl\u00e4tzen sind atemberaubende Ausfl\u00fcge in\u2019s Weltall m\u00f6glich. Auch Filme in 360\u00b0 k\u00f6nnen gezeigt werden.\n\nEin gut ausger\u00fcsteter Schulungsraum bietet Platz f\u00fcr rund 35 Personen. Hier erhalten Sie eine erste Einf\u00fchrung in die Geheimnisse der Astronomie.\n\nUnd wenn Sie schon alles \u00fcber die Astronomie wissen: Von der Terrasse des Planetariums geniessen Sie eine einmalige Aussicht auf die Stadt Schaffhausen und den nahe gelegenen Randen.\n\nF\u00fcr den Durst gibt es die \u00abAstro-Bar\u00bb, die bei sch\u00f6nem Wetter auch unter freiem Himmel aufgestellt werden kann.", "url": "http://www.sternwarte-schaffhausen.ch/", "image": "https://ostpimtsoch.sos-ch-dk-2.exoscale-cdn.com/catalog/f/f/5/d/ff5d41c455bfeca2bfa127bbf8a772fe392203ef_fb0debabfdd7d328360e7c84cea84323.jpeg", "openstreetmap_id": "way/189975051"}, "geometry": {"type": "Point", "coordinates": ["8.609760754275321", "47.70562385"]}}, {"type": "Feature", "properties": {"identifier": "d1643c65-1190-4265-91c5-af97df6ec58c", "name": "Pflug- und Schmiedemuseum Guntmadingen", "description": "In Guntmadingen liegt eine Hammerschmiede, in der alte Schmiedeh\u00e4mmer wieder zum Leben erweckt werden. Mit selbst entwickelten Brenn\u00f6fen kann das Verh\u00fctten von Bohnerz demonstriert und daraus Eisen gewonnen werden. Daneben kann eine beeindruckende Sammlung an Pfl\u00fcgen bestaunt werden, wovon einer mutmasslich aus Bohnerz vom S\u00fcdranden geschmiedet wurde.", "url": "https://www.pflugmuseum.ch/", "image": "https://ostpimtsoch.sos-ch-dk-2.exoscale-cdn.com/catalog/7/0/9/6/7096f4a83ad4964f5f00e555d1eb1c359db334e9_05e286b1fe662603d22e8ce27c41fc06.jpg", "openstreetmap_id": "node/3884229239"}, "geometry": {"type": "Point", "coordinates": ["8.5560677", "47.6853156"]}}, {"type": "Feature", "properties": {"identifier": "d35a4d6d-a842-49a3-b8d7-202230e2e5c5", "name": "Palace", "description": "<p>Das jahrzehntelang als Kino betriebene Palace wurde 2006 als Konzertlokal von einer Gruppe regionaler Kulturschaffenden ero\u0308ffnet. Mit einem fu\u0308r die Ostschweiz einzigartigen Programm entwickelte sich das Palace rasch zu einem Konzertlokal, das u\u0308ber die Stadt- und Landesgrenzen hinaus Beachtung fand. Im vielseitigen Musikprogramm werden popkulturelle Stro\u0308mungen, interessante Nischen und u\u0308berraschende Kla\u0308nge verfolgt. Die Vortragsreihe &laquo;Erfreuliche Universita\u0308t&raquo; behandelt aktuelle gesellschaftliche, politische und kulturelle Fragen und hat sich zu einem wichtigen sta\u0308dtischen Diskussionstreffpunkt entwickelt.</p>", "url": "http://www.palace.sg/", "image": "https://ostpimtsoch.sos-ch-dk-2.exoscale-cdn.com/catalog/0/7/1/6/0716b7220bb47a41870902c13b74fb96f7862876_40824fb4aa08576a0256bf5a44b98825.jpg", "openstreetmap_id": "way/424712634"}, "geometry": {"type": "Point", "coordinates": ["9.3731219", "47.4266283"]}}, {"type": "Feature", "properties": {"identifier": "d50e30d5-51bd-4c74-bfb1-8ef94c1e2235", "name": "Alte Schmitte Neunkirch", "description": "In der alten Schmitte in Neunkirch wurde wom\u00f6glich in der zweiten Phase des Erzabbaus auf dem S\u00fcdranden von 1810 -1850 auch Bohnerz geschmiedet. Von 1823 bis zur Schliessung im Jahre 1948 betrieben hier drei Generationen der Familie Uehlinger eine Waffen- und Hufschmiede. \n\nIndividuelle Besichtigungen sind auf Anfrage jederzeit m\u00f6glich (ohne Schmiedevorf\u00fchrungen) Infos: www.schmitte-neunkirch.ch", "url": "https://schmitte-neunkirch.ch/", "image": "https://ostpimtsoch.sos-ch-dk-2.exoscale-cdn.com/catalog/4/2/3/4/423484733fcd9ccf99dff13660bf9119b696516f_706c5f4eb46a1341c71707998daedba0.jpg", "openstreetmap_id": "node/3217414504"}, "geometry": {"type": "Point", "coordinates": ["8.5003105", "47.6903841"]}}, {"type": "Feature", "properties": {"identifier": "d8ac0cdc-986e-4bfa-b0cc-7360a7e39c13", "name": "museumbickel", "description": "Das museumbickel in Walenstadt besteht seit 2002 und wird von der Karl-Bickel-Stiftung getragen. Es realisiert drei bis vier Ausstellungen pro Jahr. Interessante zeitgen\u00f6ssische Positionen aus der Schweiz und den Nachbarl\u00e4ndern werden gezeigt, wobei auch das Kunstschaffen in der Region regelm\u00e4ssig beleuchtet wird. Eine Ausstellung pro Jahr widmet sich den Werken von Karl Bickel.\n\nMit seinem eigenst\u00e4ndigen Programm und zahlreichen anregenden Begleitveranstaltungen, wie F\u00fchrungen, Konzerten, Podiumsdiskussionen, ist das museumbickel zu einem wichtigen Schauplatz des Kunstgeschehens der Region geworden.\n\nDas museumbickel \u00fcberzeugt mit seiner Ausstellungshalle von beinahe unver\u00e4nderter Industriearchitektur des beginnenden zwanzigsten Jahrhunderts. Die s\u00e4ulenfreie Halle von 400 m2 bietet alles, was die grundlegenden Bed\u00fcrfnisse der Kunst an Zeit und Raum, Stille und Licht verlangen.\n\nGruppenbesuche und F\u00fchrungen auf Anfrage auch ausserhalb der \u00d6ffnungszeiten.", "url": "http://www.museumbickel.ch", "image": "https://ostpimtsoch.sos-ch-dk-2.exoscale-cdn.com/catalog/d/b/0/8/db08a635e6e0f2ce8c66e44a28875afe57dc9a05_32928e79177fcac294f6aa917b3da37c.jpg", "openstreetmap_id": "node/9582698151"}, "geometry": {"type": "Point", "coordinates": ["9.3121399", "47.1218073"]}}, {"type": "Feature", "properties": {"identifier": "d947383e-104c-49e2-9e2b-3c48fa7a430b", "name": "Turnger\u00e4te Museum", "description": "Besucher und Besucherinnen finden in der Ausstellung Turnger\u00e4te, welche sofort Erinnerungen und Emotionen wecken. Neben diesen Ger\u00e4ten k\u00f6nnen auch Unikate bestaunt werden, wie das vermutlich \u00e4lteste noch existierende Pauschenpferd mit Kopf und Schwanz. B\u00fccher, Fotos und Filme zeigen als Zeitzeugen das Turnen von damals.\n\nWir beleuchten die \u00fcber 300-j\u00e4hrige Geschichte des Turnwesens: von den \u00dcbungen in den Ritterakademien, dem Turnen als vaterl\u00e4ndische Pflicht, bis zu Sport, Spiel und Spass! \nNeu auch mit Audioguide, Themenparcours und verschiedenen R\u00e4tseln.\n\n\nEintritt: \nCHF 5.-/Person\nKinder und Jugendliche bis 16 Jahre gratis\nFu\u0308hrungen fu\u0308r Gruppen: CHF 10.-/Person, mindestens CHF 80.-/Gruppe \n\n", "url": "https://turngeraetemuseum.ch/", "image": "https://ostpimtsoch.sos-ch-dk-2.exoscale-cdn.com/catalog/4/9/4/7/4947e23c469600dff8ae67f37f0458d039241f23_7bccf44022866d712e63ea19c4d3a1f5.jpg", "openstreetmap_id": "way/282363012"}, "geometry": {"type": "Point", "coordinates": ["9.115742400845049", "47.265513299999995"]}}, {"type": "Feature", "properties": {"identifier": "da17da8e-fc7c-4b1d-a719-7d1c8b913f8e", "name": "Seifenmuseum", "description": "Das schmucke Seifenmuseum in St.Gallen entf\u00fchrt die Besucherinnen und Besucher in duftender Umgebung in die Welt der Seife, ihrer Produktion und Vermarktung. Anhand einer alten Maschine aus der Seifenproduktion wird die Herstellung von Seife auf anschauliche Weise gezeigt. Alte Reklamen vermitteln ein Bild der Seifenwerbung von fr\u00fcher und Werkzeuge, die noch vor zwei Generationen in jedem Haushalt zu finden waren, geben einen Einblick in die Kulturgeschichte des Waschens.", "url": "http://www.seifenmuseum.ch", "image": "https://ostpimtsoch.sos-ch-dk-2.exoscale-cdn.com/catalog/b/a/3/d/ba3d22e7702e08b656a06c12108e02ae5cf735cc_df2c7f4d4834f4b9284f59a451ed6600.jpg", "openstreetmap_id": "node/7193107395"}, "geometry": {"type": "Point", "coordinates": ["9.3921067", "47.4304028"]}}, {"type": "Feature", "properties": {"identifier": "da48a8d3-a95a-4387-acc5-5bd9d41d8f8e", "name": "Eisenwerk Frauenfeld", "description": "In einer inspirierenden Atmosph\u00e4re, die industrielle Grossz\u00fcgigkeit und Werkstattcharakter ausstrahlt, finden weit \u00fcber hundert Veranstaltungen pro Jahr statt. Diese werden zumeist vom Verein Kultur im Eisenwerk durchgef\u00fchrt; die R\u00e4ume im Eisenwerk k\u00f6nnen aber auch f\u00fcr eigene private oder \u00f6ffentliche Veranstaltungen gemietet werden. Daneben gibt es auch kulturelle Kurse f\u00fcr Kinder, Jugendliche und Erwachsene und eine Gemeinschafts-Werkstatt mit Leihlager. Die Webseite des Eisenwerks vermittelt das ganze bunte Programm.\n \n", "url": "https://www.eisenwerk.ch/", "image": "https://ostpimtsoch.sos-ch-dk-2.exoscale-cdn.com/catalog/4/c/2/7/4c278e8beb791fc32dd1d049581be197ff7d4214_487b737796494ca754b9d12dc783aec2.jpg", "openstreetmap_id": "1538243123.0"}, "geometry": {"type": "Point", "coordinates": ["8.8940078", "47.5610445"]}}, {"type": "Feature", "properties": {"identifier": "dc870fd2-eb85-41f0-a6c9-c69ae78a8a94", "name": "Puppentheater-Wildhaus", "description": "Puppentheater Wildhaus \u2013 ein kleines Wunder im Toggenburg\n\nIm Herzen von Wildhaus verbirgt sich ein besonderer Ort der Fantasie: das Puppentheater Wildhaus.\nHier erz\u00e4hlen kunstvoll gef\u00fchrte Marionetten Geschichten voller Herz, Humor und Magie \u2013 f\u00fcr Kinder und Erwachsene gleichermassen.\n\nSeit 1978 begeistert das engagierte Team mit liebevoll inszenierten Auff\u00fchrungen, handgefertigten Figuren und einer unverwechselbaren Atmosph\u00e4re.\nAm Mittwoch-Nachmittag geh\u00f6rt die B\u00fchne den kleinen G\u00e4sten, am Mittwoch-Abend entf\u00fchrt das Ensemble Erwachsene in poetische und humorvolle Theaterwelten.\n\nEin Besuch im Puppentheater Wildhaus ist mehr als Unterhaltung \u2013 es ist ein St\u00fcck gelebte Kultur im Toggenburg, das Gross und Klein verzaubert.\n\n\ud83d\udc49 Tipp: Ideal f\u00fcr Familien, Gruppen und Kulturfreunde \u2013 ein unvergessliches Erlebnis f\u00fcr Ihren Aufenthalt in Wildhaus.", "url": "https://www.puppentheater-wildhaus.ch/", "image": "https://ostpimtsoch.sos-ch-dk-2.exoscale-cdn.com/catalog/e/6/c/4/e6c473e8d60ca3bb9e04dff14577551b983b3f48_9b712831afac169a7e11064769f536d0.jpg", "openstreetmap_id": "node/1483750632"}, "geometry": {"type": "Point", "coordinates": ["9.34543", "47.20138"]}}, {"type": "Feature", "properties": {"identifier": "dcc4526c-68f8-4731-b59c-d7f511261513", "name": "Stammheimer Hopfentropfen Erlebnishof", "description": "Die Bier-Erlebniswelt auf dem Hopfen-Hof ist vielf\u00e4ltig. In der kleinen hofeigenen Brauerei etwa brauen G\u00e4ste ihr eigenes Bier und personalisieren es mit spezieller Etikette. Auf dem Lehrpfad erf\u00e4hrt man alles zum Hopfenanbau und degustiert nat\u00fcrlich vom hauseigenen Hopfenbr\u00e4u. Bei einer Bier Ol\u00fcmp-iade st\u00e4rken Gruppen den Teamgeist und lassen sich bei einer Degustation mit Hopfen-Spezialit\u00e4ten oder dem hofeigenen Whisky verw\u00f6hnen. Zu letzterem gibt\u2019s eigene Seminar in der neuen Whisky-Lounge. Auch f\u00fcr das leibliche Wohl wird auf dem Hopfen-Hof gesorgt. Eine Besenbeiz begr\u00fcsst Besuchende im Garten oder im Innenbereich mit w\u00e4hrschaften Speisen. Auch Feste feiern kann man in den urchig gem\u00fctlichen R\u00e4umlichkeiten des Hofs ganz wunderbar. ", "url": "http://www.hopfentropfen.ch", "image": "https://ostpimtsoch.sos-ch-dk-2.exoscale-cdn.com/catalog/8/9/7/1/897120bd8f60b62c0e83d210d12d793cd7dfdd97_5caa7ce01eda7d0ce6a9ffa0987a47f2.JPG", "openstreetmap_id": "node/825272402"}, "geometry": {"type": "Point", "coordinates": ["8.7802289", "47.6335853"]}}, {"type": "Feature", "properties": {"identifier": "dfcc5a75-11d1-4478-9ec9-674ba307e3cc", "name": "Drei Weieren", "description": "<p>Im 17. Jahrhundert k&uuml;nstlich angelegt, um die Wasserversorgung der Textil-Bleichen und Feuerwehren zu gew&auml;hrleisten, nutzten die Bewohner die Weieren schon bald zum Baden und Erholen. Damals wurde streng nach Geschlechtern getrennt &ndash; darum auch die Namen &laquo;Manne- und Buebeweiher&raquo; und &laquo;Frauen- und Familienbadi&raquo;. Die Drei Weieren z&auml;hlen heute zu den sch&ouml;nsten Naturschwimmb&auml;dern der Schweiz. Die schmucken historischen Jugendstil-Holzbauten erinnern an St.Gallens Vergangenheit als Textil-Weltstadt. Heute l&auml;dt das Naherholungsgebiet nebst dem Baden auch zum Flanieren, Picknicken und im Winter auch zum Schlittschuhlaufen ein. Anreise Drei Weieren: Die Weiherlandschaft ist sehr gut an das Stadtzentrum angebunden. So fahren die M&uuml;hleggbahn oder der Stadtbus 6 (Richtung St. Georgen Bach) bis zur Station &laquo;St. Gallen, M&uuml;hlegg&raquo;. Von dort erreicht man die Weiher in gut f&uuml;nf Minuten zu Fuss. In den Sommermonaten f&auml;hrt gar ein B&auml;derbus direkt zu den Weihern. Anreisende mit dem Auto finden kostenpflichtige Parkpl&auml;tze unter anderem beim Frauenbad.</p>", "image": "https://ostpimtsoch.sos-ch-dk-2.exoscale-cdn.com/catalog/7/1/5/e/715e4834c9fc043826e45bbaa80987d4b1a24f61_93a62104f59c62ac794b7b3a6100c01c.jpg", "openstreetmap_id": "way/424743187"}, "geometry": {"type": "Point", "coordinates": ["9.38322979999998", "47.4200042"]}}, {"type": "Feature", "properties": {"identifier": "e3a0bafc-657d-4335-968a-a7b43857768d", "name": "Klangwelt Toggenburg", "description": "Wir bieten einzigartige Erlebnisse in Klangkursen, auf dem Klangweg, bei Festivals und Konzerten, in der Klangschmiede und im Klanghaus am Schwendisee. Die qualitativ hochstehenden Angebote richten sich an Laien, Hobby-Musikanten, Berufsmusiker, Geniesser, Familien oder an Personen, die sich eine neue Klangwelt er\u00f6ffnen m\u00f6chten.\n\nDer Klangweg\nKlangwandern Sie auf dem einzigartigen Erlebnisweg!\n\u00dcber 25 Klanginstallationen freuen sich entdeckt und bespielt zu werden.  Lassen Sie beim \u00abR\u00f6hrophon\u00bb mit Flipflops eine Melodie ert\u00f6nen, erleben Sie verschiedene Schellen- und Glockent\u00f6ne bei der \u00abGlockenb\u00fchne\u00bb oder bringen Sie Wasser durch Reibung zum Springen beim \u00abH\u00fcpfwasser\u00bb. Die vielen Klanginstallationen bieten Spass f\u00fcr Gross und Klein. Der Klangweg erstreckt sich \u00fcber mehrere Etappen von der Alp Sellamatt \u00fcber Iltios bis ins Oberdorf und ist bequem mit den Bergbahnen erreichbar. Das perfekte Familienerlebnis wird von vielz\u00e4hligen Grillstellen, Bergrestaurants, Spielpl\u00e4tzen und der unvergleichlich authentischen Bergidylle des Toggenburgs garantiert.\n\nDie Klangschmiede\nIn der 2011 er\u00f6ffneten Werkstatt und Gesch\u00e4ftsstelle der Klangwelt Toggenburg wird das Kunsthandwerk des Schmiedens von Schellen und anderen Klangk\u00f6rpern gezeigt und vermittelt. Die Klangschmiede ist ein interaktives Erlebnishaus mit verschiedenen Themenr\u00e4umen.\n\nTauchen Sie ein in die Themen Weltall, Fauna und Flora, Naturtonmusik und Brauchtum. Und erfahren Sie mehr \u00fcber Klangph\u00e4nomene oder Heilung durch Klang. Ausprobieren und Experimentieren ist ausdr\u00fccklich erw\u00fcnscht.\n\nKlangkurse\nTauchen Sie ein in die Kl\u00e4nge der Tradition, ins Heim- und Fernweh, in eine atemberaubende Lautsph\u00e4re zwischen den Churfirsten und dem Alpstein. Bekannte Musikpers\u00f6nlichkeiten und hochkar\u00e4tige Kursleitende bieten ein breites Angebot an Wissensvermittlung und Kulturerlebnis f\u00fcr neugierige Laien und anspruchsvolle Musiker.\n\nDas Klangfestival\nSeit 2004 treffen sich alle zwei Jahre Stimmen aus aller Welt am Klangfestival Toggenburg. Dann jeweils wird die Propstei in Alt St. Johann zum Epizentrum des Naturklangs. Hier, im Tal gelebter Tradition, treffen Musikerinnen und Musiker, S\u00e4ngerinnen und S\u00e4nger aus nah und fern aufeinander.\n\nAn weiteren Konzerten \u00fcber das Jahr verteilt haben verschiedenste K\u00fcnstlerinnen und K\u00fcnstler die M\u00f6glichkeit, im Toggenburg aufzutreten.\n\nDas Klanghaus\nDas Klanghaus wird ab Mai 2025 der wichtigste Ort der Klangwelt Toggenburg werden: ein einmaliger Anziehungspunkt inmitten der Natur f\u00fcr Proben, Aufnahmen, Kurse, f\u00fcr Forschung und Experiment, mit einer exzellenten Akustik und professionellen Aufnahmem\u00f6glichkeiten.", "url": "http://www.klangwelt.ch", "image": "https://ostpimtsoch.sos-ch-dk-2.exoscale-cdn.com/catalog/f/a/1/6/fa1652db634f3ada4e158c7e5bd1a25327562a11_45cb506a5a1adab7705bb8bb6eecfc31.jpg", "openstreetmap_id": "node/9926283273"}, "geometry": {"type": "Point", "coordinates": ["9.27900552749634", "47.19344167004296"]}}, {"type": "Feature", "properties": {"identifier": "e3cd6f5d-1e4b-4015-91f3-15f9687d03a9", "name": "Brauchtumsmuseum - Naturjodelkurs und Talerschwingen", "description": "Nach einem appenzellischen Willkommensgetr\u00e4nk erhalten Sie unter fachkundiger F\u00fchrung einen Einblick in die b\u00e4uerliche Kultur des Appenzellerlandes und erlernen mit einem Appenzeller Jodler in den stimmungsvollen R\u00e4umlichkeiten den Naturjodel und das Talerschwingen. Ein echtes Erlebnis!\n\nDauer: 2 bis 2 1/2 Stunden\nTeilnehmer: bis 25 Personen\nKosten: CHF 260.00 zzgl. Museumseintritt", "url": "https://www.museum-urnaesch.ch", "image": "https://ostpimtsoch.sos-ch-dk-2.exoscale-cdn.com/catalog/a/f/5/7/af5765ed5ce94216df7bfcb4782f1176233d377a_0ec53b62e4060c893efe78c29ff2d071.gif", "openstreetmap_id": "299122250"}, "geometry": {"type": "Point", "coordinates": ["9.2829", "47.31713"]}}, {"type": "Feature", "properties": {"identifier": "e41bb8b9-a378-4806-8098-1c335f67a7cb", "name": "Kutschenfahrten M\u00fcller", "description": "Willkommen bei M\u00fcllers Kutschenfahrten.\n\nErleben Sie die Sch\u00f6nheit von Wattwil, Ebnat-Kappel und Krummenau in exklusiver Atmosph\u00e4re. Wir bieten Kutschenfahrten f\u00fcr Gruppen jeder Gr\u00f6sse an. Rufen Sie uns an, wir beraten Sie gerne.", "image": "https://ostpimtsoch.sos-ch-dk-2.exoscale-cdn.com/catalog/1/1/e/9/11e9ac945febf68760efdf5c9a7441950fda7853_48cd9b8011cb49e233b098de6175060a.JPG", "openstreetmap_id": "way/281751560"}, "geometry": {"type": "Point", "coordinates": ["9.112739800000003", "47.271621499999995"]}}, {"type": "Feature", "properties": {"identifier": "e5f520d6-2ec9-44bb-bda6-4ec92c546401", "name": "Festhalle R\u00fcegerholz", "description": "Die Festhalle R\u00fcegerholz in Frauenfeld ist die ideale Location f\u00fcr grosse Anl\u00e4sse. Sie bietet den rustikalen Rahmen, Infrastruktur und Platz f\u00fcr Konzerte, Partys, Firmenanl\u00e4sse, Tagungen, Hochzeiten, Bankette, Ausstellungen, Sportanl\u00e4sse oder \u00c4hnliches. Bis zu 1'000 Personen finden Platz bei einer Bankettbestuhlung und bis 3'500 Stehpl\u00e4tze sind vorhanden. Grosse B\u00fchne mit Einrichtung f\u00fcr Bands, Rangverk\u00fcndigungen oder Darbietungen, ein Office f\u00fcr den professionellen Betrieb einer Festwirtschaft und gen\u00fcgend Parkpl\u00e4tze in n\u00e4chster Umgebung stehen zur Verf\u00fcgung. Weitere Informationen sowie den aktuellen Belegungsplan finden G\u00e4ste auf der Website der Stadt Frauenfeld.", "url": "https://www.frauenfeld.ch/festhalle", "image": "https://ostpimtsoch.sos-ch-dk-2.exoscale-cdn.com/catalog/e/3/2/3/e323cda17fc2f4c5ab84ef01b2304ad6c20cd38e_989a547ed15d0ea2e980dc625099b68e.jpg", "openstreetmap_id": "way/220028109"}, "geometry": {"type": "Point", "coordinates": ["8.90019304392472", "47.54942045"]}}, {"type": "Feature", "properties": {"identifier": "e6b38b56-8c08-4f7d-8011-bee2c98d13d8", "name": "Rosengarten Charlottenfels", "description": "<p>Die Rosen wurden durch die Rosenfreunde Schaffhausen 2009 neu gepflanzt. Gleich unterhalb der Rosen wachsen seit 2014 &uuml;ber 90 verschiedene Pfingstrosensarten. Gleich beim Garteneingang wachsen Wildarten, aus denen zahlreichen Sorten gez&uuml;chtet wurden. Auch sind zehn Sorten zu sehen, die der 2006 verstorbene Engl&auml;nder Sir Peter Smithers im Tessin gez&uuml;chtet hat.</p>", "image": "https://ostpimtsoch.sos-ch-dk-2.exoscale-cdn.com/catalog/5/a/0/b/5a0b7d9c97d5b0ba647f86f1f5a2d6869c8aac53_aead41166be096445484d6581ee08dd9.jpeg", "openstreetmap_id": "way/749063149"}, "geometry": {"type": "Point", "coordinates": ["8.620969234807257", "47.68968825"]}}, {"type": "Feature", "properties": {"identifier": "e7e1cbf6-cfea-4409-8b44-caa572fc53ae", "name": "Klangspur powered by Foxtrail", "description": "<p>L&ouml;sen Sie knifflige und abwechslungsreiche R&auml;tsel auf der Klangspur durch Alt St. Johann. Beim rund einst&uuml;ndigen Abenteuer r&auml;tseln, knobeln und kombinieren Sie im Team und erleben &Uuml;berraschendes und Unerwartetes. Eine Schnitzeljagd, die Sie in bester Erinnerung behalten werden. Bitte buchen Sie einige Tage im Voraus online den Termin. Kurzfristige Buchungen k&ouml;nnen nicht garantiert werden und m&uuml;ssen telefonisch angefragt werden. Der Start ist in der Klangschmiede Alt St. Johann, Parkpl&auml;tze hinter der Raiffeisenbank (ca. 10 Minuten Fussweg).</p><p>&nbsp;</p><p>Auskunft zur Zug&auml;nglichkeit: <a href=\"https://www.ginto.guide/entries/b9e22bf0-8888-4917-9da4-ef803b686604?lnk_src=business\" target=\"_blank\" rel=\"noopener\">ginto</a></p>", "url": "https://klangwelt.ch/angebote/gruppenangebote/klangspur-powered-by-foxtrail", "image": "https://ostpimtsoch.sos-ch-dk-2.exoscale-cdn.com/catalog/6/5/b/a/65bae879bd7d259f24bface779e6b317f269df69_771d88c2524565f460c76db7bd08e822.jpg", "openstreetmap_id": "node/1083115186"}, "geometry": {"type": "Point", "coordinates": ["9.27897870540619", "47.193419883716835"]}}, {"type": "Feature", "properties": {"identifier": "e80cbd4d-5e42-49d7-ad9f-ac2041630448", "name": "Grillplatz Ijental, Nesslau", "description": "Die Feuerstelle nach Schweizer-Familie-Standard ist eine von schweizweit \u00fcber 500, die sich bestens f\u00fcr die Wanderverpflegung aus dem Rucksack oder f\u00fcr einen Tagesausflug eignet. Sie ist mit zwei Grillrosten, verf\u00fcgbarem Brennholz und Sitzgelegenheiten gut eingerichtet. Sie l\u00e4sst sich in gut einer Stunde ab Bergstation Rietbach auf der Wolzenalp erreichen und befindet sich am Klimaerlebnisweg Toggenburg. Idyllisch bettet sie sich in die Moorlandschaft ein, lauschig an einem kleinen See gelegen.\n\nKinderwagentauglich: ja (von Nesslau via Schneit), Holz: ja, Trinkwasser: nein, WC: ja, Kapazit\u00e4t: ca. 20\n", "image": "https://ostpimtsoch.sos-ch-dk-2.exoscale-cdn.com/catalog/e/a/5/8/ea585d9fed63b9adecd0ae2a15b6cc482d082831_aea12ba60a8cdee137a6444c2b2f2cc4.JPG", "openstreetmap_id": "node/3912935087"}, "geometry": {"type": "Point", "coordinates": ["9.16873", "47.20912"]}}, {"type": "Feature", "properties": {"identifier": "e9b1ecf3-8476-4775-b580-d7e72cf4b959", "name": "Planetarium - Sternwarte", "description": "Das Planetarium holt f\u00fcr die Besucherinnen und Besucher Sonne, Mond und Sterne vom Himmel - auch bei Regenwetter. Unterschiedliche Programme werden f\u00fcr Erwachsene, Familien und Kinder angeboten. Jeden Mittwochabend steht die Sternwarte der \u00d6ffentlichkeit zur Verf\u00fcgung. Nachts k\u00f6nnen der Mond, Sternhaufen, Gasnebel und Galaxien beobachtet werden. Von der Dachterrasse aus erkl\u00e4rt fachkundiges Personal die Sternbilder und Planeten, die gerade am Nachthimmel sichtbar sind.", "url": "https://bodensee-planetarium.ch/?utm_source=thurgau-bodensee&utm_medium=referral&utm_campaign=lead&utm_content=portrait", "image": "https://ostpimtsoch.sos-ch-dk-2.exoscale-cdn.com/catalog/f/b/5/a/fb5a36b82de9ef736cafd84016975a5d7270fc61_a12d12dadc407f247967c7cf28b743c3.jpg", "openstreetmap_id": "node/2133086183"}, "geometry": {"type": "Point", "coordinates": ["9.160468", "47.6413215"]}}, {"type": "Feature", "properties": {"identifier": "ec2b5cc4-4834-4913-8e34-f322c0ca23de", "name": "Feuerstelle Nieschberg", "description": "Die Feuerstelle wird zwischen April (Ostern) und Oktober w\u00f6chentlich mit Brennholz versorgt. Alle Feuerstellen sind \u00f6ffentlich und d\u00fcrfen von allen Personen ben\u00fctzt werden. Reservationen sind nicht m\u00f6glich. Zudem hat es einen Rost, Tisch sowie einen Abfalleimer. ", "image": "https://ostpimtsoch.sos-ch-dk-2.exoscale-cdn.com/catalog/b/c/9/2/bc927c299cc7e591d7d840a61c34f743026b463f_e896dcc122090a2b3f8a55fd5f6802a7.jpg", "openstreetmap_id": "863204936"}, "geometry": {"type": "Point", "coordinates": ["9.275005000000002", "47.37196985122776"]}}, {"type": "Feature", "properties": {"identifier": "f0dc78df-b70a-4a58-9049-bece1ed96897", "name": "Grillplatz Stropfgarten", "description": "Auf dem letzten Drittel vom Chnobelweg B\u00e4chli ist der Platz mitten im Wald und gut gesch\u00fctzt vor der Sonne zu finden.\n\nEin grosser Tisch mit zwei B\u00e4nken, eine grosse Grillstelle mit Rost und Holz stehen zur Verf\u00fcgung. \n\nEine perfekter Ort um sich zu st\u00e4rken, damit die letzten R\u00e4tsel mit \"Chnobeln\" schnell gel\u00f6st sind. ", "url": "https://hemberg-tourismus.ch/", "image": "https://ostpimtsoch.sos-ch-dk-2.exoscale-cdn.com/catalog/7/b/e/9/7be9affcf1e47ea488067ecf70d6b49472c47ad0_5143f5e71b4b192cb33b30d60bcb3593.jpg", "openstreetmap_id": "node/1882913441"}, "geometry": {"type": "Point", "coordinates": ["9.203084", "47.313843"]}}, {"type": "Feature", "properties": {"identifier": "f20bef8b-9f0c-4486-9faf-295055e6916d", "name": "Herrenacker", "description": "<p>Hier wurden fr\u00fcher Ritterturniere durchgef\u00fchrt. Sp\u00e4ter wurde er als Parkplatz genutzt.</p><p>Heute finden j\u00e4hrlich Veranstaltungen und Konzerte wie zum Beispiel das Stars in Town statt. Ebenfalls findet man am Platz das Stadttheater sowie diverse Restaurants.</p>", "image": "https://ostpimtsoch.sos-ch-dk-2.exoscale-cdn.com/catalog/3/3/e/2/33e23bcea0b2a0dc3f3ae6978b02d413905c066d_26d9566d4f95b7320675ba1dc74a942e.jpg", "openstreetmap_id": "way/4687042"}, "geometry": {"type": "Point", "coordinates": ["8.633343585859027", "47.695559700000004"]}}, {"type": "Feature", "properties": {"identifier": "f56f2ac6-bf2e-4d02-83a3-810fc3d576e6", "name": "Klanghaus Toggenburg", "description": "<p>Die R&auml;ume des Klanghauses sind wie ein Instrument gebaut und bieten den Besuchenden die M&ouml;glichkeit, den Klang und seine Resonanzen auf besondere Weise zu erleben. Zwei Aussenb&uuml;hnen laden zu Konzerten und Musikexperimenten unter freiem Himmel am Schwendisee ein. Mit seiner einzigartigen Akustik wird das Klanghaus sowohl Besucherinnen und Besucher als auch Musizierende aus nah und fern begeistern und als Ort f&uuml;r Konzerte, Kurse, Proben, Workshops.</p><p><br><strong>&Ouml;ffnungszeiten&nbsp;</strong><br>Die &Ouml;ffnungszeiten des Klanghauses richten sich nach dem Programm und den verschiedenen Veranstaltungen.</p><p><strong>Das Klanghaus erleben</strong><br>Das Klanghaus ist im Rahmen von F&uuml;hrungen, Konzerten und Kursen zug&auml;nglich. Der Besuch im Innenbereich ist in der Regel an eine Teilnahme an diesen Angeboten gebunden. F&uuml;hrungen &ndash; das zentrale Erlebnis Das Klanghaus aus n&auml;chster N&auml;he entdecken</p><p>&bull; &Ouml;ffentliche F&uuml;hrungen finden jeweils am Sonntagnachmittag statt <br>&bull; Begrenzte Teilnehmendenzahl (25 Personen) f&uuml;r ein intensives Erlebnis <br>&bull; Voranmeldung empfohlen, da die Pl&auml;tze schnell ausgebucht sind</p><p><strong>Spontan vorbeischauen</strong> <br>Auch ohne F&uuml;hrung lohnt sich ein Besuch: Das Klanghaus ist wundersch&ouml;n in die Landschaft eingebettet und kann von aussen frei besichtigt werden &ndash; ideal f&uuml;r einen Spaziergang.</p>", "url": "https://klangwelt.ch", "image": "https://ostpimtsoch.sos-ch-dk-2.exoscale-cdn.com/catalog/5/1/9/2/51921766edc01a5522295e631a3d53ce6ba8c31f_3ebaee7dbc0702eae3cc7b97759de065.jpg", "openstreetmap_id": "way/1068618149"}, "geometry": {"type": "Point", "coordinates": ["9.3353568", "47.1956423"]}}, {"type": "Feature", "properties": {"identifier": "f5914ce7-2d65-4257-8234-e89642c4724c", "name": "Stadttheater Schaffhausen", "description": "Das Stadttheater Schaffhausen geh\u00f6rt zu den sch\u00f6nsten Theatern der Schweiz. Von September bis Mai zeigt es das Beste aus Schauspiel, Musiktheater, Tanz und Kabarett sowie spannendes und phantasievolles Theater f\u00fcr Kinder und Familien. Neben neuen Inszenierungen bekannter Klassiker sind regelm\u00e4ssig auch Erstauff\u00fchrungen und neue St\u00fccke im Programm, welche von K\u00fcnstlern und Ensembles aus der Schweiz und der ganzen Welt pr\u00e4sentiert werden.\n\nZus\u00e4tzlich zum Theaterprogramm finden im Stadttheater auch die Konzerte des Musik Collegium Schaffhausen sowie verschiedene weitere Anl\u00e4sse statt.", "url": "http://www.stadttheater-sh.ch/", "image": "https://ostpimtsoch.sos-ch-dk-2.exoscale-cdn.com/catalog/2/0/d/3/20d3c1a2cbd4b6a3db8b76ba16d36892f3ec9f45_39b88896d0154963a6c7222c0a042221.jpg", "openstreetmap_id": "way/159312643"}, "geometry": {"type": "Point", "coordinates": ["8.6332829040932", "47.695939800000005"]}}, {"type": "Feature", "properties": {"identifier": "f846372e-77a8-4332-8e21-80ab26f304e7", "name": "Stadtkirche Stein am Rhein", "description": "Einst Klosterkirche. Im 12. Jh. erbaut unter Einfluss der Hirsauer Reform. Der Bildersturm der Reformation zerst\u00f6rte die Innenausstattung mit Ausnahme des Chorgest\u00fchls und der -Malereien. 1583/84 Umbau zur protestantischen Kirche. Im 19. und 20. diverse Umbauten. 1561 Abtragung des vom Blitz getroffenen Kirchturms; der andere Turm leicht schief und mit gespindeltem Dach.", "image": "https://ostpimtsoch.sos-ch-dk-2.exoscale-cdn.com/catalog/2/5/2/1/25219c978d0e6cd4c3d3464935f5f444512caec7_1ad68e03b33ceedf1fc5ed77c4010d6c.jpeg", "openstreetmap_id": "way/22952019"}, "geometry": {"type": "Point", "coordinates": ["8.860362607116809", "47.6588227"]}}, {"type": "Feature", "properties": {"identifier": "f8ea6c0a-eaad-4807-8621-73e435b8a6ed", "name": "Landsknechtbrunnen", "description": "Am s\u00fcdlichen Ende der Fronwagplatzes steht der Landsknecht- oder Metzgerbrunnen, ein vierr\u00f6hriger Brunnen und der gr\u00f6sste Brunnen der Stadt. Die schwer bewaffnete Landsknechtfigur auf der Brunnens\u00e4ule symbolisiert die wehrhafte Stadt Schaffhausen.", "image": "https://ostpimtsoch.sos-ch-dk-2.exoscale-cdn.com/catalog/9/5/4/9/9549914cc9af4fbfb4cb432c4eb1438af0ab3828_2e0765d5af33d82f4099947b9868837d.JPG", "openstreetmap_id": "node/274768320"}, "geometry": {"type": "Point", "coordinates": ["8.6334438", "47.6965686"]}}, {"type": "Feature", "properties": {"identifier": "fa86b384-ad55-48ca-902f-a1dd14bc9363", "name": "Historisches Museum Bischofszell", "description": "<p>Das Historische Museum Bischofszell empf&auml;ngt G&auml;ste in zwei stattlichen Patrizierh&auml;usern aus dem 18. Jahrhundert. Einst waren sie Wohnraum von Leinwandh&auml;ndlern. Heute zeigt das Museum, wie in Bischofszell von der Sp&auml;tgotik bis ins 20. Jahrhundert gelebt wurde. Neben Wohnkultur und Stadtgeschichte finden sich hier eine Keramik- und Kartensammlung, ein Drogeriezimmer und eine Apotheke wie anno dazumal. Die Spielzeugsammlung des 19. und 20. Jahrhunderts erfreut auch j&uuml;ngere Besuchende. Eine St&auml;rkung mit Getr&auml;nken und Geb&auml;ck gibt&rsquo;s in der Kaffeestube &ndash; einem b&uuml;rgerlichen Speisezimmer der 1920er.</p><p>Im historischen Gew&ouml;lbekeller des Museums sowie im angrenzenden Innenhof mit Barockgarten und dem darin liegenden H&auml;uschen &laquo;Schniderbudig&raquo; darf heute gefeiert und getagt werden. Vor mehr als 400 Jahren war die Schniderbudig Tuchhaus f&uuml;r den Leinwandhandel. Heute sorgt Gerry Scheiwiller als Gastgeber in der &laquo;Schniderbudig&raquo; bei Anl&auml;ssen mit bis zu 70 Personen f&uuml;r kulinarische Highlights.</p><p>Die Schniderbudig geh&ouml;rt zu den wenigen auserw&auml;hlten Orten im Kanton Thurgau, die standesamtliche Trauungen in einer historischen Kulisse erm&ouml;glichen.&nbsp;</p>", "url": "https://www.museum-bischofszell.ch/", "image": "https://ostpimtsoch.sos-ch-dk-2.exoscale-cdn.com/catalog/9/0/1/4/901468bb02db0bca7800fcf7ab124079b8e135ee_5958416512a1284450c1bc726ec0a2bc.jpg", "openstreetmap_id": "node/1129291980"}, "geometry": {"type": "Point", "coordinates": ["9.2402887", "47.4936424"]}}, {"type": "Feature", "properties": {"identifier": "fcfafb16-b2c6-4a56-9302-28b01451789b", "name": "Sperre Stoss", "description": "Diverse grosse Festungsbauten in der Schweiz, so etwa am Gotthard, bei Gondo im Tessin, und bei Saint Maurice VS wurden bereits im sp\u00e4ten 19. Jahrhundert realisiert. An der Ostgrenze war jedoch bis kurz vor dem Zweiten Weltkrieg die veraltete Sperre auf der Luziensteig das einzige Festungswerk. Die Machtergreifung durch die Nationalsozialisten in Deutschland und der Anschluss \u00d6sterreichs an das Deutsche Reich machten unsere Politiker hellh\u00f6rig und f\u00fchrten Bundesrat und Parlament die Notwendigkeit eines verst\u00e4rkten Grenzschutzes im Osten drastisch vor Augen. Das im Februar 1935 genehmigte \u00abBauprogramm f\u00fcr Grenzbefestigungen\u00bb gab endlich \u00abgr\u00fcnes Licht\u00bb f\u00fcr die Projektierung von Festungswerken im Rheintal. Doch zuvor waren umfangreiche Rekognoszierungen notwendig. Erst kurz vor Kriegsbeginn begannen die Bauarbeiten. Unter anderem auch am Stoss, dem als wichtigster \u00dcbergang vom Rheintal ins Appenzellerland, eine bedeutende strategische Bedeutung zukam.", "url": "https://www.festung.ch", "image": "https://ostpimtsoch.sos-ch-dk-2.exoscale-cdn.com/catalog/f/d/e/1/fde1f2921bae3b090483f9955789c9d02eac515c_1c0652bd09ede4e767b22037446e004b.jpg", "openstreetmap_id": "node/310819649"}, "geometry": {"type": "Point", "coordinates": ["9.505451031788997", "47.365691490027"]}}, {"type": "Feature", "properties": {"identifier": "fd236723-18b6-46ad-a0bf-fd3ebcf926cf", "name": "Grillstelle KSS Sport- und Freizeitpark", "description": "Innerhalb des Freibadgel\u00e4ndes des KSS Sport- und Freizeitparks, leicht erh\u00f6ht mit Sicht auf die ganze Anlage. Tisch und B\u00e4nke befinden sich gleich nebenan. Ein Grill und Holz stehen zur Verf\u00fcgung. \nZutritt mit Eintrittsticket oder Abo.", "url": "https://kss.ch/", "image": "https://ostpimtsoch.sos-ch-dk-2.exoscale-cdn.com/catalog/e/b/2/1/eb216f731296bfeeaae80904638916e5dd6425dc_b9c325d3631d55c01cbf5c9bdcb7f3bd.jpg", "openstreetmap_id": "way/232339023"}, "geometry": {"type": "Point", "coordinates": ["8.62225866280024", "47.7040448"]}}, {"type": "Feature", "properties": {"identifier": "fd819b2a-2ab2-43e1-a285-4283f454fb11", "name": "Walter Zoo AG Gossau", "description": "<p>Rund 1'000 Tiere aus rund 100 verschiedenen Tierarten machen den Besuch zu einem bleibenden Erlebnis. Sei es der majest\u00e4tische Berberl\u00f6we, die faszinierenden Sibirischen Tiger, das Treiben der Schimpansen, die schillernden Rosaflamingos, die Kleinen Pandas und Zwergotter, die spannende Tier- und Pflanzenwelt im Savannenhaus oder im Tropenhaus.\n\nInmitten grossz\u00fcgiger Anlagen sind Zebras, Vikunjas, Trampeltiere, Ponys und Esel zu beobachten. Bei kommentierten Tierbesch\u00e4ftigungen und F\u00fctterungen, beim Flugtraining und in der Zooschule erfahren die G\u00e4ste Spannendes und Wissenswertes aus dem Tierreich. \n\nWeitere Attraktionen f\u00fcr die kleinen Besucherinnen und Besucher sind die Abenteuerspielp\u00e4tze, die F\u00fctterungsvoliere, Kamel- und Ponyreiten oder die Streichelwiese. Das Zoorestaurant mit Blick ins Tropenhaus, verschiedene Verpflegungsst\u00e4nde und Grillstellen runden das vielf\u00e4ltige Angebot ab. Ein Highlight sind die t\u00e4glichen Auff\u00fchrungen im Zootheater (w\u00e4hrend der Haupsaison).\n\nDer Walter Zoo ist aber auch ein spannender Ort f\u00fcr Veranstaltungen. Ob Apero, Bankett oder Brunch: Die Eventr\u00e4umlichkeiten bieten das geeignete Ambiente f\u00fcr jedes Fest. Aber auch f\u00fcr Kundenanl\u00e4sse, Teambildung, Kaderschulung, Seminar, Hauptversammlung oder Workshop \u2013 hier erfahren die Teilnehmenden Begeisterung und Emotionen. F\u00fchrungen, Vortr\u00e4ge oder Tierbegegnungen machen den Event zum besonderen Event!</p><p>F\u00fcr Schulklassen und Gruppen bis maximal 36 Personen besteht von Fr\u00fchjahr bis Herbst die M\u00f6glichkeit, im Zoo an frei w\u00e4hlbaren Daten zu \u00fcbernachten.&nbsp;&nbsp;</p>", "url": "https://www.walterzoo.ch/", "image": "https://ostpimtsoch.sos-ch-dk-2.exoscale-cdn.com/catalog/3/f/4/f/3f4f1b1093cf0e6c0859ec7feaf589557495bc63_7037b7be6b3f4ae452940dc798e36970.jpg", "openstreetmap_id": "94381932"}, "geometry": {"type": "Point", "coordinates": ["9.28499954084611", "47.4200682"]}}, {"type": "Feature", "properties": {"identifier": "fec41767-4000-474b-8139-b21903e0b6a5", "name": "Gew\u00f6lbekeller im Stiftsbezirk", "description": "<p>Die Ausstellung \"Gallus und sein Kloster\" f&uuml;hrt anhand von Originalhandschriften und Objekten durch 1400 Jahre Kulturgeschichte, von der Einsiedlerzelle des Gallus bis zum UNESCO-Weltkulturerbe Stiftsbezirk. Sie stellt den Beitrag der Kl&ouml;ster an die kulturelle Entwicklung Europas dar, in Schrift, Sprache, Musik, Bau, Kunst und Spiritualit&auml;t. Einen H&ouml;hepunkt bildet das Evangelium Longum, dessen Prunkeinband um 895 vom St.Galler M&ouml;nch und K&uuml;nstler Tuotilo geschaffen wurde. Eine Multivision folgt dem Weg, der Gallus von Irland an den Bodensee und hierher ins Steinachtal f&uuml;hrte. In einem eigenen Bereich werden die sp&auml;tere Entwicklung der F&uuml;rstabtei und ihre Beziehung zur Stadt St.Gallen dargestellt.</p>", "url": "https://www.stiftsbezirk.ch", "image": "https://ostpimtsoch.sos-ch-dk-2.exoscale-cdn.com/catalog/d/f/0/9/df0908c8cb7d0867e61da1a3d68f3b9896649899_ee0b050b7087bcf71ea414fe55176e59.jpg", "openstreetmap_id": "node/1929726463"}, "geometry": {"type": "Point", "coordinates": ["9.37644", "47.42276"]}}, {"type": "Feature", "properties": {"identifier": "ff31feb1-b6a1-4280-a19f-f436695d445c", "name": "Smilestones - Miniaturwelt am Rheinfall", "description": "<p>Smilestones \u2013 die kleine, grosse Welt, die dich garantiert inspiriert und zum Lachen animiert.\n</p><p>Komm vorbei und tauche in die gr\u00f6sste Indoor-Miniaturwelt der Schweiz ein.\nBei Smilestones reist du durch viele ber\u00fchmte Orte der Schweiz, wie Schaffhausen und die Ostschweiz, das Appenzellerland, das Berner Oberland und viele mehr!\nEntdecke die Schweiz aus der Vogelperspektive und bestaune unz\u00e4hlige liebevoll gestaltete und witzige Szenen. Erlebe Highlights wie unsere hauseigene Lindt &amp; Spr\u00fcngli Schoggifabrik (ja, mit echter Schoggi!) oder dutzende fahrende Modelleisenbahnen auf \u00fcber 1\u2019300m Schiene.\n</p><p>\nOb Gross oder Klein, es hat bestimmt f\u00fcr alle etwas zum Schmunzeln dabei.</p><p>\n\nDirekt \u00fcber dem Rheinfall, Indoor, klimatisiert und ganzj\u00e4hrig ge\u00f6ffnet.</p>", "url": "https://www.smilestones.ch/", "image": "https://ostpimtsoch.sos-ch-dk-2.exoscale-cdn.com/catalog/8/d/b/0/8db010999c8024dabb20992261f9302610bce17f_2878378b0b83b1e509e83f10363a53a9.jpg", "openstreetmap_id": "node/11905377228"}, "geometry": {"type": "Point", "coordinates": ["8.6136071", "47.6826239"]}}]}