id;name;disambiguatingDescription;description;longitude;latitude;streetAddress;postalCode;addressLocality;telephone;email;url;image;dateModified007e2ded-e0f5-434d-a490-282c1b788ff3;WeinKeller.sh;Degustation, Verkauf, Events;Wir bewirtschaften die steilsten und besten Rebberge von Schaffhausen bis Diessenhofen. Besonders stolz sind wir auf unsere Spitzenweine vom Stadt Schaffhauser Heerenberg, dem ältesten Rebberg auf Stadtgebiet. Hoch über dem Rhein an bester Lage gedeihen Pinot blanc, Pinot gris, Chardonnay und Pinot noir. Seit 2014 bereichern die Diessenhofer Weine, Bürgerwy und Stadtwy unser Sortiment.
Unser Sortiment reicht von weissen Spezialitäten, über süffige Cuvées zu kräftigen Rotweinen, bis zum einzigartigen Dessertwein.

Wir sind stolz, schon zum 3. Mal (2014, 16, 19) mit unserem Heerenberger Pinot blanc den Spezialpreis bester Pinot blanc am Mondial des Pinots in Sierre bekommen zu haben. Auch unsere anderen Weine werden regelmässig national und international sehr gut ausgezeichnet.

In unserem wunderschönen Gewölbekeller in der Schaffhauser Altstadt beim Schwabentor führen wir mit Begeisterung und Leidenschaft Weinverkauf, Degustationen, Apéros und sonstige Events durch.
;8.6352854;47.6992962;Vorstadt 64;8200;Schaffhausen;+41 52 625 96 50;info@weinkeller.sh;http://www.weinkeller.sh/;[{'@type': 'ImageObject', 'contentUrl': 'https://ostpimtsoch.sos-ch-dk-2.exoscale-cdn.com/catalog/8/8/4/5/8845e6d6b6f90f3df603bb768c1025cb59673bc9_bfa824cdb90c84af95800fd90d212ead.jpg'}];2025-02-17T12:55:49+01:00
00a73240-b8d0-4ed9-80af-87cc16f101ad;Café-Bar Bahnhof Unterwasser;Ankommen, verweilen und weiterreisen. Gäste von nah und fern geniessen lokale Produkte, Sandwiches, Crêpes, Kaffee und erfrischende Cocktails im Bahnhof Unterwasser;Kaffee und Frühstück, heisse Sandwiches und erfrischende Cocktails: Die Café-Bar im neuen Bahnhof Unterwasser ist täglich, freitags und samstags bis Mitternacht, geöffnet und bietet den perfekten Ort, um zusammen zu kommen.

Die Café-Bar befindet sich im Bahnhof Unterwasser, entworfen von den Weltklasse Architekten Herzog & de Meuron, und bietet sowohl drinnen als auch draussen Plätze zum Verweilen. Die Café-Bar grenzt direkt an die Halle, in welcher die neue Standseilbahn in Unterwasser einfährt. Zusätzlich lassen sich hier auch Spezialitäten aus der Region finden und beispielsweise Käse als Mitbringsel mit nach Hause nehmen.;9.309121370315554;47.194764931669525;Frühweidstrasse 8;9657;Unterwasser;+41719986810;info@toggenburgbergbahnen.ch;https://www.chaeserrugg.ch/de/cafe-bar-bahnhof-unterwasser;[{'@type': 'ImageObject', 'contentUrl': 'https://ostpimtsoch.sos-ch-dk-2.exoscale-cdn.com/catalog/8/0/4/9/8049dfb054c2f734df0bac64a378e4f0da55176e_7204402d2c64fce711964fa7ce31ac37.jpg'}];2026-05-13T19:46:30+02:00
010196e3-3f90-424d-b48b-b41fd0814979;Panoramarestaurant Maschgenkamm;Das Panoramarestaurant Maschgenkamm am Flumserberg bietet eine beeindruckende Aussicht auf die umliegende Bergwelt. Mit Sitzplätzen im hellen Rundbau, einem geräumigen Saal und einer grossen Sonnenterrasse ist es ideal für Erholungssuchende.;Geniessen Sie im höchstgelegenen Gastronomiebetrieb am Flumserberg die Panoramaaussicht auf die umliegende Bergwelt. Lassen Sie Ihren Blick auf der einen Seite entspannt über die Weite des Spitzmeilen-Gebiets mit dem charakteristischen Wahrzeichen, dem 2501 m hohen Spitzmeilen, schweifen oder werden Sie auf der anderen Seite von der magischen Churfirsten- und Alvierkette mit ihren zackigen Gipfeln hoch über dem Walensee verzaubert.

Im hellen Rundbau stehen Ihnen 80 Sitzplätze zur Verfügung. Im geräumigen Saal können 240 Gäste den Blick auf die Churfirsten geniessen und das gemütliche Stübli bietet 48 Plätze mit bester Sicht auf das Spitzmeilengebiet. Auf der riesigen Sonnenterrasse können 600 Gäste gleichzeitig das atemberaubende Panorama bestaunen (200 Sitzplätze). Zudem stehen Liegestühle zur Verfügung.;9.2535677;47.0696724;Maschgenkamm;8898;Flumserberg;+41 81 733 19 39;info@maschgenkamm.ch;https://www.maschgenkamm.ch;[{'@type': 'ImageObject', 'contentUrl': 'https://ostpimtsoch.sos-ch-dk-2.exoscale-cdn.com/catalog/5/d/1/9/5d1924adc6b594bc583916057729db348cdb299e_72cbf5c27bc50096c814636334fe2c05.jpg'}];2025-11-25T22:17:28+01:00
01282b25-f32c-49ef-9f0e-54b3c3eafc24;BeDas Cafe GmbH;Gemütliches Café mit frischen, regionalen Bäckerei und Geschenkartikeln –alles auch in Laden «to go» erhältlich. ;Im BeDas Cafe sind Bäckereiartikel aller Art, Geschenke, selbstgemachte Patisserie und Gebäcke im Angebot. Im Café geniessen Sie die frischen Produkte vor Ort – und dazu den besten Kaffee im Herzen von Heiden. Es ist ein gemütlicher Treffpunkt für alle. Ob zum Zmorge, zum Znüni oder zum Dessert, bei uns sind Sie an der richtigen Adresse.
;9.53607805767112;47.44562202047335;Bahnhofstrasse 2;9410;Heiden;+41 71 571 26 26;info@bedas-cafe.ch;https://bedas-cafe.ch/;[{'@type': 'ImageObject', 'contentUrl': 'https://ostpimtsoch.sos-ch-dk-2.exoscale-cdn.com/catalog/9/7/4/0/974033b5aae81fc66e38843707d14135afb7caea_b45e770d3771b986089b480e6c53b0c8.jpg'}];2025-02-17T09:55:00+01:00
018b8384-25a2-43fa-a073-0e3873d4e657;Café-Conditorei Keller;Das Café-Conditorei Keller in Pfäfers lädt mit seinem gemütlichen Cafébereich zum Verweilen ein. Ob für einen Kaffee, ein Stück Kuchen oder einen kleinen Schwatz: Gäste geniessen hier eine entspannte Pause in angenehmer Atmosphäre.
Das Café ist zudem ein idealer Ausgangspunkt für Wanderungen, Velotouren und Ausfahrten ins herrliche Taminatal.;Idealer Start für Wanderungen, Velotouren oder Ausfahrten ins herrliche Taminatal.
Unser gemütliches Café-Restaurant, die Pfäferser
"Tube", lädt zum Verweilen für Jung und Alt ein.;9.500615394973318;46.98879345;Hintergasse 5;7312;Pfäfers;+41 81 302 17 52;info@baeckerei-keller.ch;http://www.baeckerei-keller.ch;[{'@type': 'ImageObject', 'contentUrl': 'https://ostpimtsoch.sos-ch-dk-2.exoscale-cdn.com/catalog/2/d/b/e/2dbec7561936929abfd006bf5868cbd33ca757e7_daea4bb2dc84db5c2a5dd23f44d4bd7f.jpg'}];2026-08-10T20:34:54+02:00
019f2a07-7aba-4900-8c92-c560af420c64;Restaurant Appenzeller Schaukäserei;Feinste Appenzeller Gerichte im Restaurant der Appenzeller Schaukäserei;Im Restaurant fühlt man sich sofort wohl und kann täglich durchgehend warm essen. Käse ist natürlich der Trumpf auf der Speisekarte. Zudem gibt es jeden Sonntagmorgen ein reichhaltiges Frühstücksbuffet. Und auch für jene, die gerne selber kochen, bietet das Höckli eine Attraktion: Im Käsekessi können die Besucherinnen und Besucher Käsehörnli zubereiten.;9.344723;47.373531;Dorf 711;9063;Stein AR;+41 71 368 50 70;info@schaukaeserei.ch;https://www.schaukaeserei.ch/restaurant;[{'@type': 'ImageObject', 'contentUrl': 'https://ostpimtsoch.sos-ch-dk-2.exoscale-cdn.com/catalog/0/2/f/9/02f9863559cb435d2f2b35f163c9ba65b4454364_7fcbbd8681902133922cd8d781fd6196.jpg'}];2025-02-17T09:55:00+01:00
03589bc2-c96d-492a-9ee0-0fdb8b37963b;Trotte Löhningen;Zukunftsorientierte Weinbaugenossenschaft mit Tradition;Die Trotte Löhningen ist eine Genossenschaft mit einer Tradition seit 1951. David Walter übernimmt 2019 die Geschäftsführung von seinen Eltern mit jungen Jahren. Mit frischem Wind führt er die Genossenschaft und übernimmt die Weinproduktion. Das Traubengut für die Weinbaugenossenschaft stammt aus Löhningen und dem Nachbardorf Beringen. Mit Sachverstand, Idealismus und einer grossen Verbundenheit zum Weinbau hegen und pflegen die 28 Winzer und Winzerinnen ihre Reben zum Grossteil in Handarbeit. 

Insgesamt neun Traubensorten werden auf rund 11 Hektaren angebaut. Die kalkhaltigen und flachgründigen Böden des Randens bringen einen ganz speziellen, Muskat betonten, fruchtigen und eleganten Riesling-Silvaner hervor. Aus diesem Grund sind in Löhningen etwa 70% der Rebfläche mit dieser Sorte bestockt. Löhningen die weisse Insel im Schaffhauser Blauburgunderland. Die kräftigen und fülligen Rotweine gedeihen in den tiefgründigeren Lagen in Richtung Beringen.;8.552750203158627;47.70016700205032;Herrengasse 21;8224;Löhningen;+41 52 685 36 46;info@trotte.ch;http://www.trotte.ch/;[{'@type': 'ImageObject', 'contentUrl': 'https://ostpimtsoch.sos-ch-dk-2.exoscale-cdn.com/catalog/e/1/b/b/e1bbddf832b7fa0ba9a4a425d7a52c2ddb4ff9e8_f761458d2a7425170c88e33d5f927ad3.jpg'}];2025-02-18T18:58:18+01:00
04b2e97d-cf11-47ff-aed1-4ca37ea52822;Parkrestaurant;Das Parkrestaurant in Bad Ragaz bietet mediterrane und traditionelle Schweizer Küche. Es liegt neben dem Giessenpark, dem Freibad und dem Campingplatz und ist ideal für Feinschmecker und Ruhesuchende.;Das Parkrestaurant in Bad Ragaz verbindet mediterrane Genussmomente mit traditioneller Schweizer Küche – frisch, regional und mit Liebe zubereitet. Direkt neben dem Giessenpark, dem Freibad und dem Campingplatz gelegen, ist es der perfekte Ort für Feinschmecker*innen und Ruhesuchende. ;9.511536955833437;47.00568976127432;Seestrasse 41;7310;Bad Ragaz;+41 78 480 03 49 ;info@camping-badragaz.ch;https://www.giessenparkbad.ch/restaurant/parkrestaurant;[{'@type': 'ImageObject', 'contentUrl': 'https://ostpimtsoch.sos-ch-dk-2.exoscale-cdn.com/catalog/b/3/7/7/b37722a665ebd82d0318402a7d19c577e6952a84_09148a763c092111a321f41d476d3343.png'}];2026-08-12T20:59:30+02:00
0508e718-e950-4c23-9372-f9b29d3342ad;Weingut Florin;Familienbetrieb mit eigener Kelterung;Steile Südlagen sind unser Terroir. Klima und Natur unsere Partner. Erfahrung und Leidenschaft unser Rückgrat. Herausragende Weine das Resultat.

Wir bewirtschaften 3.5 ha Rebberge unterhalb der Burg Hohenklingen. Steile Südlagen, 430-500 m.ü.M. gelegen. Unser Sortenspiegel umfasst die traditionellen Gewächse Pinot noir und Riesling-Sylvaner sowie die internationalen Klassiker Pinot gris, Chardonnay und Rheinriesling. Dazu kommen neue Sorten. Unsere Weine tragen unsere Handschrift. Wir pflegen die Rebberge. Wir keltern die Weine. Wir kümmern uns um die Vermarktung. Unser Motto: „Hier gewachsen – hier gekeltert – alles aus einer Hand“;8.858297152354787;47.661030800000006;Fronhof 26;8260;Stein am Rhein;+41 79 784 97 46;info@weingutflorin.ch;http://www.weingutflorin.ch/;[{'@type': 'ImageObject', 'contentUrl': 'https://ostpimtsoch.sos-ch-dk-2.exoscale-cdn.com/catalog/5/0/9/7/5097ab15a9aba4ec41f243e127dd0c982f58ce88_cb8f0750efac87a8450223d0e1fe2b79.jpg'}];2025-12-27T16:30:25+01:00
05b07de1-47b6-473f-9f8e-2195e96d8822;Gottlieber Seecafé & Manufakturladen;Direkt am malerischen Seerhein in Gottlieben lädt das Gottlieber Seecafé mit wunderschöner Außenterrasse zum gemütlichen Kaffeetrinken und Shoppen im Manufakturladen ein. Hier können bequem sämtliche Gottlieber Hüppen und Spezialitäten eingekauft werden.;Für viele Schokoladen- und Spezialitätenliebhaber gelten Gottlieber Hüppen und Gottlieber Produkte als feinste Leckerbissen. Sie gehören zum kulinarischen Erbe der Schweiz. Die bekannte Gottlieber Konditorkunst wird im inhabergeführten Manufakturbetrieb gepflegt und stetig verfeinert. Die hauchzarten warmen Crêpes, nicht dicker als 0,7 mm, werden immer noch wie früher einzeln gebacken und einzeln wie das Blatt einer wertvollen Havanna-Zigarre gerollt. Das geschieht ganz vorsichtig und genau, wie von Hand.

Im Gottlieber Seecafé mit Manufakturladen können sämtliche Gottlieber Spezialitäten wie Hüppen, Cacaomandeln und Schokolade eingekauft werden. Gemütliche Momente erleben die Besucher in schönem Ambiente auf der wunderschönen Seeterrasse bei einem kühlen Bier, Champagner oder einem guten Glas Wein. Aber auch an nebligen Herbst- und Wintertagen können Gäste die Seele baumeln lassen und das fliessende Wasser des Seerheins bei einer heissen und duftenden Tasse Kaffee beobachten.;9.1323091;47.6650975;Espenstrasse 9;8274;Gottlieben;+41 71 667 01 77;gottlieben@gottlieber.ch;https://www.gottlieber.ch/de/shops-cafes/seecafe-gottlieben;[{'@type': 'ImageObject', 'contentUrl': 'https://ostpimtsoch.sos-ch-dk-2.exoscale-cdn.com/catalog/6/2/5/b/625bd7281fb9bd8d016e2cae53f0d66fdfcdac46_3f8a9c5d1a1d8be5fead2f20212200b1.jpg'}];2026-04-28T22:34:30+02:00
05fcf794-5062-456a-ae09-4de25021c371;Restaurant Unterhof;Der vielleicht schönste Platz am Rhein in Diessenhofen.;Man munkelt, es sei der schönste Platz am Rhein. Überzeugen Sie sich selbst und geniessen Sie hausgemachte Spezialitäten.

Fischerstube: Im Gewölbekeller unserer Burg, unter Einheimischen auch bekannt unter "Höll" erwarten Sie hausgemachte Spezialitäten begleitet von regionalen Weinen in einzigartiger Atmosphäre.

Im ersten Stock unserer historischen Burg befindet sich die stilvoll, elegante Gourmetstube, in welcher wir Sie gerne nach allen Sinnen verwöhnen.;8.7478302;47.6901847;Rheinstrasse 23 ;8253 ;Diessenhofen;+41 52 646 38 83;info@unterhof.ch;https://www.unterhof.ch/;[{'@type': 'ImageObject', 'contentUrl': 'https://ostpimtsoch.sos-ch-dk-2.exoscale-cdn.com/catalog/0/b/c/d/0bcd04b56a9efc67bdd549b75dbda3f3f913c3b6_833940b438b1de6c4b6fece29c66ea1f.jpeg'}];2025-02-17T12:53:53+01:00
06354418-3b46-41cc-9496-7fc6e674864d;Weingut Türmliwy;Idyllisch inmitten von Weinreben und Obstbäumen liegt zwischen Weinfelden und Romanshorn das Weingut Türmliwy. Hier werden mit viel Herzblut Trauben in Spitzenqualität angebaut. Preisgekrönte Türmliweine sind das Ergebnis. ;Bereits in der vierten Generation bewirtschaftet Familie Löpfe den idyllisch gelegenen Hof Thalacker in Buchackern. Rund um das Anwesen wachsen über drei Hektaren Reben, die mit viel Liebe, Sachverstand und in Verbundenheit mit der Natur gepflegt werden. Die umsichtige Anbauweise spiegelt sich auch in der Qualität der Türmlyprodukte wieder: Die preisgekrönten Weine überzeugen mit ehrlichem Stil, klarem Geschmack und einer geraden Linie. An Degustationstagen, kleinen Festen bis zu 20 Personen oder Degustationen mit Rebbergführungen entdecken Gäste das Weingut und kommen in den Genuss der edlen Tropfen, die es hervorbringt. Eine Freude für Herz und Gaumen für alle Weinliebhabenden.;9.224717617034914;47.53880347298692;Talackerstrasse 5;8586;Buchackern;0041716481287;info@tuermliwy.ch;https://www.tuermliwy.ch/;[{'@type': 'ImageObject', 'contentUrl': 'https://ostpimtsoch.sos-ch-dk-2.exoscale-cdn.com/catalog/3/3/2/f/332fa935f518b28612c35bbc9b9072fb512cd347_40bdd8daeb9a87b4800660488db306f1.JPG'}];2026-04-01T22:54:20+02:00
06ac682f-23ad-431f-8c66-eb71c2704f81;Strähl Käse;Dank dem Innovationsgeist von Paul Strähl sen. und der unternehmerischen Energie der Nachfolgegenerationen der Familien Strähl und Holenstein, ist die Strähl Käse AG heute ein unabhängiges Familienunternehmen.;Was 1934 als Einmann-Betrieb begonnen hatt, entwickelte sich bis heute zu einem dynamischen Familienunternehmen mit rund 70 Mitarbeitenden. Das handwerkliche Geschick steht im Vordergrund, wenn es darum geht, die verschiedenen Käse-Spezialitäten mit aufwändiger Pflege zum optimalen Reifegrad zu begleiten. Die meisten Käsesorten kennt man weit über die Kantonsgrenze. Kein Wunder, denn täglich werden im kleinen Dorf bis zu 150'000 Liter Thurgauer Kuhmilch zu feinem Käse verarbeitet.

Produkte
Die ältere Generation erinnert sich noch an den «Strähl-Chäs» – so nannten die Thurgauer den grünen Tilsiter. Heute trifft man in fast allen guten Käsevitrinen auf viele weitere Spezialitäten mit Namen wie Thurgauer Rahmkäse, Echter Thurgauer, Bonaparte, Bonapepe, Arenenberger, Farmer, Landrauchkäse, Valbella Kümmelkäse oder ausgezeichneter Raclette-Käse in 4 Sorten.;9.1676012;47.6109626;Bahnhofstrasse 1;8573;Siegershausen;+41 71 678 11 11;info@straehl.ch;https://www.straehl.ch;[{'@type': 'ImageObject', 'contentUrl': 'https://ostpimtsoch.sos-ch-dk-2.exoscale-cdn.com/catalog/6/4/2/4/6424570bf63971f456145b21efd683cc08166929_2f8aafbcde5139eb8888e7aeee339e47.jpg'}];2025-02-17T13:21:04+01:00
07bdb0e2-1d3d-449a-8182-79e16add3f66;Zmorge-Korb der Bäckerei Füger;Die Genussregion St.Gallen-Bodensee wartet mit schönen Picknickplätzen. ;<p class="rich-text-paragraph" piano-view-event="false" data-v-360ed6ae="" style="margin-bottom: 1rem;"><span class="text-space-pre-line rich-text-text" data-abstract-init="body text" style="">Sei es am Bodenseeufer beim Forum Würth in Rorschach, beim Hafen in Steinach oder bei den Drei Weieren in St.Gallen. Sowohl in der Stadt als auch auf dem Land gibt es Plätze zum Ausruhen und Entspannen.</span></p><p class="rich-text-paragraph" piano-view-event="false" data-v-360ed6ae="" style="margin-bottom: 1rem;"><span class="text-space-pre-line rich-text-text" data-abstract-init="body text" style="">Die Bäckerei Füger mit Standorten in St.Gallen, Rorschach, Steinach und Mörschwil hat einen Korb mit verschiedenen Köstlichkeiten zusammengestellt. Um im Trockenen sitzen zu können, gibt es ein buntes Tuch, das als Picknickdecke dient. Dieses erzählt von der Vision der Riklin-Brüder und dem BIGNIK. Der Zmorge-Korb ist für 2 Personen buchbar. Weitere Spezialitäten können direkt vor Ort bei Füger bezogen werden.</span></p><p class="rich-text-paragraph" piano-view-event="false" data-v-360ed6ae="" style="margin-bottom: 1rem;"><span class="text-space-pre-line font-weight-bold rich-text-text" data-abstract-init="body text" style="">So funktioniert's:</span></p><ul><li style="margin-bottom: 1rem;">Beziehe den Zmorge-Korb während den&nbsp;Öffnungszeiten&nbsp;am gebuchten Standort der Bäckerei Füger.</li><li style="margin-bottom: 1rem;">Suche dir einen gemütlichen Platz im Freien und geniesse das leckere Picknick.</li><li style="margin-bottom: 1rem;">Anschliessend den Korb mit dem schmutzigen Geschirr während den Öffnungszeiten der Bäckerei Füger am jeweiligen Standort zurückgeben.</li></ul><p class="rich-text-paragraph" piano-view-event="false" data-v-360ed6ae="" style="margin-bottom: 1rem;"><span class="text-space-pre-line font-weight-bold rich-text-text" data-abstract-init="body text" style="">Im Preis inklusive</span><span class="text-space-pre-line rich-text-text" data-abstract-init="body text" style="">:</span></p><p class="rich-text-paragraph" piano-view-event="false" data-v-360ed6ae="" style="margin-bottom: 1rem;">Picknick-Korb gefüllt mit regionalen Spezialitäten der Bäckerei Füger:</p><ul><li style="margin-bottom: 0cm; line-height: normal;">2 Buttergipfel<o:p></o:p></li><li style="margin-bottom: 0cm; line-height: normal;">1 Switchel
Getränk<o:p></o:p></li><li style="margin-bottom: 0cm; line-height: normal;">2 Birchermüesli<o:p></o:p></li><li style="margin-bottom: 0cm; line-height: normal;">4 verschiedene
Brötli<o:p></o:p></li><li style="margin-bottom: 0cm; line-height: normal;">Butter/Lättä<o:p></o:p></li><li style="margin-bottom: 0cm; line-height: normal;">3 verschiedene
hausgemachte Konfitüren + Fügella<o:p></o:p></li><li style="margin-bottom: 0cm; line-height: normal;">2 Kaffee to go<o:p></o:p></li><li style="margin-bottom: 0cm; line-height: normal;">Originales,
handgenähtes BIGNIK-Tuch</li><li style="margin-bottom: 0cm; line-height: normal;">Teller, Besteck
und Gläser</li></ul><p class="MsoNormal" style="margin-bottom:0cm;line-height:normal"><br></p><p class="rich-text-paragraph" piano-view-event="false" data-v-360ed6ae="" style="margin-bottom: 1rem;"><span class="text-space-pre-line font-weight-bold rich-text-text" data-abstract-init="body text" style="">Standorte:</span></p><p class="rich-text-paragraph" piano-view-event="false" data-v-360ed6ae="" style="margin-bottom: 1rem;">Bäckerei Füger, Kirchstrasse 2, 9402 Mörschwil, Telefonnummer: +41 71 866 12 19</p><p class="rich-text-paragraph" piano-view-event="false" data-v-360ed6ae="" style="margin-bottom: 1rem;">Bäckerei Füger, Schulstrasse 2, 9323 Steinach, Telefonnummer: +41 71 571 04 77</p><p class="rich-text-paragraph" piano-view-event="false" data-v-360ed6ae="" style="margin-bottom: 1rem;">Bäckerei Füger, St. Gallerstrasse 13, 9400 Rorschach, Telefonnummer: +41 71 841 20 16</p><p class="rich-text-paragraph" piano-view-event="false" data-v-360ed6ae="" style="margin-bottom: 1rem;">Bäckerei Füger, Metallstrasse 18, 9000 St. Gallen, Telefonnummer: +41 71 222 20 12</p>;9.4236445;47.4681741;Kirchstrasse 2;9402 ;Mörschwil;+41 71 866 12 19;info@fueger.ch;https://fueger-handmade.ch/;[{'@type': 'ImageObject', 'contentUrl': 'https://ostpimtsoch.sos-ch-dk-2.exoscale-cdn.com/catalog/0/3/4/a/034a657f5669c8cf780c5890fca096fbd224cd6b_ae0c40d804892292b24379eda19a898d.jpg'}];2025-05-20T17:23:44+02:00
07fcc19a-6eba-44da-a117-8acd8ef80c45;Restaurant Helvetia;Helvetia ist Küche mit Schweizer Produkten. Der Name ist Programm:
Genuss. Leidenschaft. Unkompliziert. Einfach.;<p>Das Helvetia ist ein Restaurant f&uuml;r Genussmenschen, die Interesse an liebevoll zubereiteten Speisen und den dahinter stehenden Produkten haben. Die Gastgeber m&ouml;gen die Vielfalt der regionalen Produkte und zelebrieren dies auch mit ihren Gerichten. Die Produzenten sind wichtig, deshalb wird auch erw&auml;hnt, woher die Produkte kommen. Am Abend wird ein mehrg&auml;ngiges Men&uuml; serviert. Gekocht wird kein Einheitsbrei &ndash; der Abend soll zum lockeren, gediegenen Genuss werden. Eine umfangreiche, trendige und spannende Weinkarte durch den Sommelier und Gastgeber rundet das Angebot ab. Im Sommer k&ouml;nnen die G&auml;ste bei sch&ouml;nem Wetter auch den wundervollen ruhigen Garten im Gr&uuml;nen geniessen.</p>
<p>Das Restaurant Helvetia liegt direkt an der Kreuzbleiche mit Parkpl&auml;tzen am Haus. Es gibt auch Parkpl&auml;tze in der Blauen Zone sowie Geb&uuml;hrenparkpl&auml;tze an der Vonwilstrasse. Das Restaurant ist zu Fuss in 12 Gehminuten vom Hauptbahnhof entfernt und auch mit dem &ouml;ffentlichen Verkehr gut erreichbar (Bus Nr. 1,2,3 oder 4, 4 Minuten von der Bushaltestelle Lachen oder Vonwil).</p>;9.35669;47.41881;Vonwilstrasse 39;9000;St. Gallen;+41 71 277 21 27;kontakt@helvetia-sg.ch;https://helvetia-sg.ch/;[{'@type': 'ImageObject', 'contentUrl': 'https://ostpimtsoch.sos-ch-dk-2.exoscale-cdn.com/catalog/e/9/e/0/e9e0bda1e5c557c916a69d229c624ec67e935df6_2c7a1816872a8584704876fb83bc886d.jpg'}];2025-08-28T17:37:07+02:00
080963d0-9350-4826-9441-28dab02c2056;US-MEX Terraza Kreuzlingen;Direkt am Wasser, hinter der Bodensee-Arena, werden die Gäste über die Sommermonate im US-MEX Terraza Kreuzlingen begrüsst. Gemütliche Lounges, süffigen Drinks und unwiderstehliche US‑MEX Snacks laden von April bis September zum Geniessen und Verweilen ein.;In der grosszügigen Strandbar direkt am Bodensee und an der Grenze zu Deutschland lassen sich die Sommertage und lauen Sommernächte genussvoll erleben und den Alltag vergessen. Es erwarten die Gäste erfrischende Apéros und süffige Drinks bei unvergesslichen Sonnenuntergängen. Natürlich im gewohnten US-MEX Style: Grosszügige Portionen zu fairen Preisen bei hoher Qualität.

Die US-MEX Terraza Kreuzlingen ist von April bis September bei gutem Wetter täglich geöffnet. Informationen über den Öffnungsstatus sind auf der Website oder Facebookseite zu finden.

Eine weitere US-MEX Terraza ist in Steckborn am Untersee sowie in Frauenfeld an der Murg zu finden. Das dazugehörige US-MEX Restaurant gibt es an vier weiteren Standorten: Frauenfeld, Schaffhausen, St. Gallen, Weinfelden.

Hinweis: Das US-MEX ist keine Einlösestelle des Thurgau-Gutscheins.;9.182043671607973;47.655451937808;Seestrasse 11B.2;8280;Kreuzlingen;+41 71 511 29 30;kreuzlingen@usmex.ch;https://www.usmex.ch/terraza-strandbar/welcome/;[{'@type': 'ImageObject', 'contentUrl': 'https://ostpimtsoch.sos-ch-dk-2.exoscale-cdn.com/catalog/6/8/6/e/686e1f80afcfdc700d7d66095d95a7401fcf097b_0d7c50c936def0fde236911e1fb1b5fc.jpg'}];2026-04-23T23:03:14+02:00
09479141-0244-487e-9f23-c0da708aea60;Biotta ;Biotta ist eine Saftmanufaktur in Tägerwilen. Der Schweizer Bio-Pionier steht seit über 65 Jahren für einen respektvollen Umgang mit Mensch und Natur und Saftkreationen vom Feinsten.;In der Biotta Saftmanufaktur im Thurgauischen Tägerwilen werden direkt gepresste, naturbelassene Säfte und Smoothies hergestellt. Dabei stehen die biologische Ausrichtung, hohe Qualitätsstandards und der Genuss im Vordergrund. Wenn immer möglich, bezieht Biotta seine Rohstoffe von lokalen Bauern. Mit den Anbaupartnern in der Region aber auch im Ausland werden langjährige und vertrauensvolle Beziehungen gepflegt. Ergebnis sind geschmackvolle gesunde Frucht- und Gemüsesäfte, Smoothies, Shots und gar eine natürliche Alternative von Energydrink. 

Vom Feld in die Flasche und in die Verkaufsregale von Schweizer Supermärkten und Drogerien. Die leckeren Biottasäfte sind auch in diversen Online-Shops erhältlich.;9.138273;47.655565;Pflanzbergstrasse 8;8274;Tägerwilen;+41 71 466 48 39;daniela.schoenenberger@biotta.ch;https://biotta.ch/de/;[{'@type': 'ImageObject', 'contentUrl': 'https://ostpimtsoch.sos-ch-dk-2.exoscale-cdn.com/catalog/c/1/8/1/c181dde6379c055de3e637ea29fe799a33af5c67_14cfe366119fd6240e4eb60c8e557acc.png'}];2025-02-17T13:21:04+01:00
094cd122-67d0-480a-a4c1-b128347f0fb9;Pöstli Bar;Die Pöstli Bar in Sargans bietet eine entspannte Atmosphäre für alle, die nach einem langen Tag Erholung suchen. Sie ist familienfreundlich, ebike-freundlich und bietet kostenloses WLAN sowie eine Ladestation für Elektroautos.;Die Pöstlibar ist ein Treffpunkt für alle, die sich nach einem anstrengenden Tag noch etwas Spass und Erholung wünschen;9.440801756245769;47.047972009599;Bahnhofstrasse 1;7320;Sargans;+41 81 720 47 47;info@hotelpost-sargans.ch;https://www.hotelpost-sargans.ch/bar;[{'@type': 'ImageObject', 'contentUrl': 'https://ostpimtsoch.sos-ch-dk-2.exoscale-cdn.com/catalog/3/c/f/3/3cf320aec99e1dcc6a3f561fdb4aedbc06e58f33_beafbf855effc4c8a1fd1521448b084c.jpg'}];2026-08-31T16:30:22+02:00
0c5cd3f1-2a04-4f93-9fd7-f537b7d3a435;Murgseehütte;Die Murgseehütte liegt idyllisch inmitten der eindrucksvollen Bergwelt der Murgseen und ist ein beliebtes Ziel für Tagesgäste, Wandernde und Sportfischer. Die einfache Berghütte bietet Übernachtungsmöglichkeiten in authentischer Hüttenatmosphäre und dient als idealer Ausgangspunkt für Naturerlebnisse rund um die glasklaren Bergseen. Besonders bekannt ist die Murgseehütte für die einzigartige Bergseefischerei, deren Patente direkt vor Ort erhältlich sind.;<div><p>Die Murgseeh&uuml;tte bewahrt ihren urspr&uuml;nglichen, rustikalen Charakter und liegt eingebettet in die eindrucksvolle Bergwelt der Murgseen. Als beliebtes Ausflugsziel f&uuml;r Tagesg&auml;ste, Wandernde und Naturfreunde bietet sie eine authentische H&uuml;ttenatmosph&auml;re inmitten einer einzigartigen Alpenlandschaft.</p><p>Wer die Bergwelt l&auml;nger geniessen m&ouml;chte, kann direkt in der H&uuml;tte &uuml;bernachten und die Ruhe fernab des Alltags erleben. Der einfachste Zustieg f&uuml;hrt ab dem Parkplatz Mornen zur H&uuml;tte und ist auch bei wechselhaften Wetterbedingungen gut machbar.</p><p>Besonders gesch&auml;tzt wird die Murgseeh&uuml;tte von Sportfischerinnen und Sportfischern. Die Fischerei in den oberen und mittleren Murgseen ist w&auml;hrend der &Ouml;ffnungszeiten der H&uuml;tte bis Ende September m&ouml;glich. Fischerpatente k&ouml;nnen direkt vor Ort erworben werden, wodurch sich die H&uuml;tte als idealer Ausgangspunkt f&uuml;r ein naturnahes Angelerlebnis an den glasklaren Bergseen eignet.</p><p>Die Kombination aus &Uuml;bernachtungsm&ouml;glichkeit, Bergseefischerei und abwechslungsreichen Wanderungen macht die Murgseeh&uuml;tte zu einem besonderen Ausflugs- und &Uuml;bernachtungsziel im Heidiland.</p></div>;9.157645002118251;47.0390023;Murgsee 878;8877;Murg;+41 81 511 03 63;reservation@murgsee.ch;http://www.murgsee.ch;[{'@type': 'ImageObject', 'contentUrl': 'https://ostpimtsoch.sos-ch-dk-2.exoscale-cdn.com/catalog/1/8/9/5/189519b9ed706769ac7289d24ef91d2f803e040c_dde5b45c7f375ad65f36907fc8a54be1.jpg'}];2026-07-30T20:57:39+02:00
0cf8550e-7057-47fd-8488-09e2ca25fc24;Gysel Weine vom Haumesser;Als einheimische Wilchinger Winzer pflegen wir durch das Jahr mit viel Freude und Handarbeit und nach ökologischen Richtlinien unsere verschiedenen Rebberge, um im Herbst gesundes und hochwertiges Traubengut ernten zu können. ;<p>Dabei werden die Trauben von Hand gelesen und genaustens gepr&uuml;ft, bevor sie zu Wein weiter verarbeitet werden. Wir freuen uns, wenn wir Ihnen unser Weinsortiment vorstellen d&uuml;rfen und laden Sie herzlich ein, uns in unserem Haus &bdquo;zum Haumesser&ldquo;, einem ehemaligen Wirtshaus, zu besuchen.</p><p>Weinverkauf und Degustationsm&ouml;glichkeit jeden 1. und 3. Samstag im Monat 9.00 &ndash; 12.00 Uhr oder jeweils nach telefonischer Vereinbarung.</p>;8.4707789;47.6673484;Hauptstrasse 17;8217;Wilchingen;+4152 681 28 75;gysel.haumesser@bluewin.ch;https://www.gysel-haumesser.ch/;[{'@type': 'ImageObject', 'contentUrl': 'https://ostpimtsoch.sos-ch-dk-2.exoscale-cdn.com/catalog/2/2/5/3/22533dfeed4973a19806220cf11355ed44a039f9_2ceaace4bb74b140b4b0c425992a3a80.jpg'}];2026-01-09T19:56:10+01:00
0d06de89-40ee-4e09-9b5c-01fdc9754f22;Restaurant Wasserfels;Das «Wasserfels», familiäres Restaurant bekannt für seine italienische Pizza und Pasta Küche sowie die grosse Palette von Eisspezialitäten. ;<p>Ideale Lage direkt am Rheinufer, mit einer grossen Sommerterrasse. Sei es f&uuml;r einen Lunch oder Dinner, eine Familienfeier oder eine &laquo;F&ecirc;te&raquo; unter Freunden. Restaurant 120 Pl&auml;tze, Terrasse 140 Pl&auml;tze. Unser Restaurant ist rollstuhlg&auml;nig.</p>;8.8572063;47.6600963;Schiffländi 8;8260;Stein am Rhein;+41 52 741 22 36;wasserfels1@bluewin.ch;http://www.wasserfels.ch/;[{'@type': 'ImageObject', 'contentUrl': 'https://ostpimtsoch.sos-ch-dk-2.exoscale-cdn.com/catalog/0/0/8/b/008b5e707f3c30988232c8f17a36659bd7bef351_07b3a4f65ee388c7219f28fbb8c458fb.jpg'}];2025-12-10T19:37:40+01:00
0d1aacaa-5ce8-4170-86c7-88f5956734b1;Berggasthaus Überuf Kunkelspass;Das Berggasthaus Überuf Kunkelspass liegt auf einer Hochebene und bietet eine gemütliche Terrasse sowie eine rustikale Gaststube. Es gibt einfache Gerichte tagsüber und spezielle Menüs abends. Übernachtungsmöglichkeiten sind vorhanden.;Auf einer wunderschönen Hochebene auf dem historischen Kunkelspass.
Berggasthaus neben Kuhalp mit Möglichkeit, beim Melken zuzuschauen. Sonnige, gemütliche Terrasse und urchige Gaststube. Einfache  Gerichte tagsüber, abends auch speziellere Menü.

Unser Berggasthaus verfügt über diverse Betten im Touristenlager (20 Plätze) sowie über zwei Doppelzimmer und ein Familienzimmer mit 4 Betten.
Schauraum der Tektonik Sardona Arena. Auch als Konferenz- oder Sitzungszimmer nutzbar.

Ideale, rund 50 km lange, Biketour ab Chur. Wanderwege abseits der Strasse.
Mit dem Auto / Motorrad über Tamins oder Bad Ragaz/Vättis.  Fahrverbot. Bewilligungen auf der Gemeinde Tamins erhältlich. Bitte telefonieren, wird helfen Ihnen bei der Bewilligung;9.411492588112162;46.856023500000006;Kunkelsstrasse 89;7315;Tamins;077 253 98 45 ;kunkelspass@gmail.com;http://www.kunkelspass.ch;[{'@type': 'ImageObject', 'contentUrl': 'https://ostpimtsoch.sos-ch-dk-2.exoscale-cdn.com/catalog/3/c/0/a/3c0a6677cf1724f06716ca06bb8a56cd70f22de3_390b3411e460f8c5cc2ba8f9d02e3293.jpg'}];2026-04-14T21:35:40+02:00
0d800862-8200-40dc-b1e4-6b442b38785c;Toggenburger Brothandwerk Neu St. Johann;Wir sind eine kleine Handwerkliche Bäckerei. Wir lieben Brot in all seinen Formen und Farben. Wir möchten unsere Kreationen mit der ganzen Welt teilen.;Das Toggenburger Brothanderk bietet neben den Klassischen Broten wie Ruchbrot mit Bergweizenmehl oder Roggenbrote auch ein Sommerzeit und ein Winterzeit Sortiment an.
Da ist bestimmt für jeden etwas dabei. Gerne darf man vor Ort Degustieren.

Buttergipfel, Kernenbrötchen, Frische Sandwiches und Hauseigene Spezialitäten sind natürlich auch vorhanden.;9.194065332412722;47.230048788893384;Toggenburgerstrasse 22;9652;Neu St. Johann;0792495992;info@brothandwerk.ch;https://www.brothandwerk.ch;[{'@type': 'ImageObject', 'contentUrl': 'https://ostpimtsoch.sos-ch-dk-2.exoscale-cdn.com/catalog/3/e/3/a/3e3aecef01bca5514ad28252990a6d5b6daeeb7f_859a69ca959798fd5055682e8f1d93f4.jpeg'}];2025-10-29T19:33:01+01:00
0ed5426b-cdba-4829-a114-eed3df2cb793;Trischli Club;Auf zwei Etagen tanzt man im Trischli zu der neusten angesagten internationalen Musik, zusammengemixt von den besten DJs des Landes.;Das Trischli befindet sich nicht nur mitten im Herzen St. Gallens sondern zeigt auch das es in St.Gallen möglich ist, von Mittwoch bis Samstag richtig gross feiern zu gehen.;9.37788;47.42578;Brühlgasse 15;9000;St. Gallen;info@trischli.ch;https://www.trischli.ch/;[{'@type': 'ImageObject', 'contentUrl': 'https://ostpimtsoch.sos-ch-dk-2.exoscale-cdn.com/catalog/1/9/2/0/19205f62346cae57bbacd2d146a3dcf106aa951c_2cfe0f202fb303a72c51156c725405a5.jpg'}];2026-01-15T17:51:46+01:00
0f1712c2-5eb5-48f7-9a46-2c84722325b7;Restaurant Hotel Siblinger Randenhaus;Ausflugsrestaurant mit 9 Gästezimmern, gehobener regionaler und marktfrischer Küche. Ausflügler, Wanderer, Sportler, Familien, aber auch Geschäftsleute und Gourmets fühlen sich bei uns gleichermassen wohl.;<p>Weitsichten sind unser Markenzeichen. Unseren G&auml;sten pr&auml;sentiert sich bei sch&ouml;nem Wetter und guter Witterung eine einmalige Aussicht. Und ausser den Kuhglocken im Sommer ist es bei uns sehr ruhig.</p>;8.5386187;47.7298231;Randenstrasse 132;8225;Siblingen;+41 52 685 27 37;info@randenhaus.ch;http://www.randenhaus.ch/;[{'@type': 'ImageObject', 'contentUrl': 'https://ostpimtsoch.sos-ch-dk-2.exoscale-cdn.com/catalog/d/0/8/c/d08cef289601411ba401e377e93f1f4c7c6b5c52_58b7612e2cb2753a46fffa27db44a49e.jpg'}];2025-12-15T19:42:55+01:00
120e3513-793b-47fb-b4a8-9514602c31b3;Park am Rheinfall;Feiern im Park am Rheinfall.
Ab April 2026 steht das Park am Rheinfall für exklusive Bankette und Events bereit. Ob Hochzeit, Familienfest oder Firmenfeier – in unserer einmaligen Umgebung wird jeder Anlass zum besonderen Erlebnis.;<p>Ab April 26: Ihr Anlass im Park am Rheinfall.</p><p>Ab April 2026 &ouml;ffnet das Park am Rheinfall seine T&uuml;ren f&uuml;r unvergessliche Bankette und Events. Ob eine traumhafte Hochzeitsfeier, ein stimmungsvoller Familienanlass oder ein stilvolles Firmenfest - unsere einzigartige Lage direkt am Rheinfall bietet den perfekten Rahmen f&uuml;r besondere Momente.</p><p>&nbsp;</p>;8.6121171887634;47.679486005628526;Rheinfallquai 5;8212;Neuhausen am Rheinfall;+41 52 544 14 00;info@erlebnis-rheinfall.ch;https://erlebnis-rheinfall.ch/de;[{'@type': 'ImageObject', 'contentUrl': 'https://ostpimtsoch.sos-ch-dk-2.exoscale-cdn.com/catalog/e/9/e/1/e9e1c0043f14d9ca1b2c1cb3d25177a64b34a459_8496e1ff8afeb4a323a0681b19566a4e.jpg'}];2025-12-02T19:34:18+01:00
1224e8e6-33ff-4ce7-98fe-c40df4a73908;Alprestaurant Siez;Das Alprestaurant Siez im Weisstannental bietet von Mitte Mai bis Mitte Oktober eine authentische Alperfahrung. Es liegt direkt an der Via Alpina und ist ideal für Gruppen und Individualreisende. E-Bike-Ladestationen und ein grosser Kinderspielplatz sind vorhanden.;Hier im Weisstannental erleben Sie den Alpsommer von seiner schönsten Seite. Auf der asphaltierten Fahrstrasse kommen Sie mit dem Car, dem Auto, dem Motorrad oder dem Bike bis zum Parkplatz vor dem Restaurant und vor der Sennerei – ein ideales Ausflugsziel für Gruppen und für lndividualisten. Entlang der Seez können Sie auf gut ausgebauten Wanderwegen von Weisstannen bis zum Vorsiez wandern. An Sonn- und Feiertagen können Sie mit der Buslinie 432 vom Bahnhof Sargans bis zum Vorsiez fahren. Grosser Kinderspielplatz.

Im Vorsiez stehen auf Verlangen für E-Bikes Ladegeräte zur Verfügung.

Jeden Sonntag im Juli und August feiner Siezer Zmorgä-Brunch mit frischen, auf der Alp hergestellten Produkten.

Das Alprestaurant Siez liegt direkt an der Via Alpina und bietet Übernachtungsmöglichkeiten (zwei Drei-Bett-Zimmer sowie 35 Plätze im Massenlager). Die Schlafplätze im Massenlager sind mit Wolldecken und Kissen ausgerüstet, den Schlafsack bringen Sie selber mit. Etagendusche/WC.

Ob für ein paar Stunden, einen Tag oder mit Übernachtung – auf der Alp Siez können Sie den Alltag vergessen und das Alpleben geniessen.

Geöffnet von Mitte Mai bis Mitte Oktober.;9.302415847778322;46.97729108770787;Alpenstrasse 60;7326;Weisstannen;+41 81 723 17 48;wirt@alpsiez.ch;http://www.alpsiez.ch;[{'@type': 'ImageObject', 'contentUrl': 'https://ostpimtsoch.sos-ch-dk-2.exoscale-cdn.com/catalog/5/b/e/8/5be8100398fcff91081a5bb62530f10252dc6bac_50a092f10efa0a4000c62fd70eca21bf.jpg'}];2026-01-05T22:29:53+01:00
12a307a8-d577-4f99-9bdb-367fd992dd94;Veranda Arbon;Den Sommer an Arbons Strandpromenade mit Freunden und Familie geniessen! Einen kühlen Drink schlürfen mit herrlicher Aussicht auf den Bodensee und die Arboner Bucht. Und das mit mediterranem Ambiente – viel Meer brauchen wir nicht zum Glücklichsein!;<p>Im Veranda gibt es ein kleines und feines Angebot mit frischen, regionalen und saisonalen Zutaten. Zudem werden auch Fingerfood-Lovers mit knusprig frittierten Leckereien serviert. Eine grosse Auswahl an sommerlichen Drinks mit und ohne Alkohol findet man natürlich auch auf der Karte. Hello Sunshine! Die Sonntags-Langschläfer dürfen ihren ersten Kaffee auf der Veranda trinken. Von 10 bis 13.30 Uhr gibts dazu sogar noch hausgemachtes Birchermüesli, Zmorge Bagel oder Gipfeli.</p>;9.4343397;47.5113927;Bahnhofstrasse 49;9320;Arbon;071 440 00 76;hallo@verandaarbon.ch;https://verandaarbon.ch/;[{'@type': 'ImageObject', 'contentUrl': 'https://ostpimtsoch.sos-ch-dk-2.exoscale-cdn.com/catalog/c/b/7/6/cb7609af4895071f4c6c2551dad555d255ebdb67_0ae6b40e05bfd956362a332090875d47.jpg', 'caption': {'de': 'Veranda Arbon'}}];2025-07-24T21:23:17+02:00
12e92662-d78e-4683-9704-ca38d32f746e;Restaurant Brauwerk;Klein-Brauerei, Restaurant, Bar und Pärkli direkt am Hauptbahnhof und vor allem das Zuhause der Kreativ-Brauerei von Schützengarten.;Herzstück des Restaurant Brauwerk ist das klassische Sudwerk im Erdgeschoss mit einer Braukapazität von 500 Litern. 
​
Die Craft-Beer-Spielwiese - mitten in St.Gallen - verwirklicht nicht nur die Vision von einer modernen Brauhausgastronomie, sondern bietet auch jede Menge Platz für Bierkultur, Kulinarik, verrückte Ideen und Begegnungen.

Zum Angebot gehören klassische Fleischgerichte sowie Brauwerkspezialitäten. Natürlich sind auch für Vegetarier verschiedene Leckereien dabei. Ziel der Brauwerk Küche ist es, Bier und Food Pairing neu zu interpretieren.;9.37171;47.42479;Bahnhofstrasse 19;9000;St. Gallen;0041 71 222 85 90;info@restaurantbrauwerk.ch;http://www.restaurantbrauwerk.ch;[{'@type': 'ImageObject', 'contentUrl': 'https://ostpimtsoch.sos-ch-dk-2.exoscale-cdn.com/catalog/2/d/b/f/2dbf145bdc6d6181164b32de95ce7fb0f97baaa6_f5479a99db46ae61ac28a4c7d103997c.jpg'}];2025-08-01T04:23:06+02:00
1343789e-811f-44d5-9fd7-3c0c19423410;BAR RYŪ;Pop Up & Event Bar;<p>Geselligkeit am Rhein</p><p>Mitten in Schaffhausen, unweit des Rheins, lädt die BAR RYŪ zu einem besonderen Pop-Up-Erlebnis ein. Im Mittelpunkt stehen fein komponierte Drinks – von kreativen Cocktails &amp; Longdrinks bis zu ausgewählten Spirituosen und Weinen – serviert in einer stilvoll-urbanen Atmosphäre mit entspannten Vibes.</p><p>Die Bar versteht sich als Event-Location mit Charakter: wechselnde Musik- und Themenabende machen jeden Besuch einzigartig. Kulinarisch gibt’s passend dazu eine feine Auswahl an Comfort Food und kleinen Bar-Snacks, die das Erlebnis abrunden.</p><p>BAR RYŪ ist mehr als nur ein Drink – es ist ein Ort zum Ankommen, Verweilen und Geniessen. Pop Up und Event Bar mit Seele!</p>;8.639279330146968;47.69564595;Unterstadt 19;8200;Schaffhausen;+41 52 533 64 40;info@barkada.ch;https://www.barryu.ch/;[{'@type': 'ImageObject', 'contentUrl': 'https://ostpimtsoch.sos-ch-dk-2.exoscale-cdn.com/catalog/8/8/7/6/88766d70ccc1c0697579c196f889a3042b2a98ba_65e208f6ad514bf1843c88e962351d68.jpg'}];2025-04-17T18:46:00+02:00
1382b020-f551-4c2c-b6d3-6e8a649fed1f;Restaurant Falken;Brauereihaus;Das Stammhaus der Brauerei Falken verfügt über 600 Plätze im Restaurant und bietet gutbürgerliche Küche in bester Qualität und zu vernünftigen Preisen. Drei Säle, Kegelbahn und schöne Terrase inmitten der Fussgängerzone der Altstadt laden zum Verweilen.;8.6336848;47.6977076;Vorstadt 5;8200;Schaffhausen;+41 52 625 32 21;jj@flebion.ch;http://www.falken-schaffhausen.ch/;[{'@type': 'ImageObject', 'contentUrl': 'https://ostpimtsoch.sos-ch-dk-2.exoscale-cdn.com/catalog/5/e/7/9/5e798948820c5de06b9530a569230b33ffc2b8a7_263b7432dea10ddcde983a7c9df1c7bf.jpg'}];2025-02-17T12:53:53+01:00
13a3a9db-a113-40b3-a86e-1595f6c68b90;Chäs-Stübli by Cristal;Das Chäs-Stübli by Cristal in Flumserberg bietet Schweizer Käsespezialitäten wie hausgemachtes Fondue und würziges Raclette. Die Weinkarte umfasst über 250 Positionen, hauptsächlich von Schweizer Winzern.;Der Käse wird ausschliesslich über lokale Produzenten bezogen. Mit unseren selbst kreierten und hausgemachten Beilagen wird Ihr Besuch bei uns zu einem Genusserlebnis für alle Käseliebhaber.

Die Käsespezialitäten lassen sich hervorragend mit einem Wein von unserer sehr gut sortierten Weinkarte begleiten. Wir haben für Sie verschiedene Positionen zusammengestellt, mit dem Hauptaugenmerk auf Schweizer Winzer. Die Auswahl begrenzt sich bewusst nur auf europäische Produzenten.;9.282386599999999;47.0931453;Tannenbodenalpstrasse 3;8898;Flumserberg;+41 81 720 16 16;info@cristal-flumserberg.ch;https://cristal-flumserberg.ch/de/;[{'@type': 'ImageObject', 'contentUrl': 'https://ostpimtsoch.sos-ch-dk-2.exoscale-cdn.com/catalog/6/2/c/9/62c95bae666b47a81672566e5c54cf674019c9bd_d997231d0cdbde15b1a6dab8629468c9.jpg'}];2025-12-08T22:50:48+01:00
13ec0825-c17c-45b6-91f0-62c28e5f8f3f;Berggasthaus Lüsis;Das Berggasthaus Lüsis auf 1300 m ü.M. bietet eine herrliche Aussicht auf das Heidiland und den Walensee. Es liegt im Wandergebiet der Churfirsten und bietet einen Abholdienst ab Walenstadt.;Das Berggasthaus Lüsis liegt auf 1300 m.ü.M. ob Walenstadt inmitten des Wandergebietes der Churfirsten. Herrliche Aussicht auf das Heidiland und den Walensee.

Abholdienst ab Walenstadt.;9.330149080604796;47.13518475;Lüsisstrasse;8880;Walenstadt;+41 79 912 34 96;berggasthaus.luesis@bluewin.ch;https://berggasthaus-luesis.ch/;[{'@type': 'ImageObject', 'contentUrl': 'https://ostpimtsoch.sos-ch-dk-2.exoscale-cdn.com/catalog/5/8/f/a/58fa8290b92908504b6f9d9e98be8529bb82a333_dae62e8e803ee35a476aaa809fd9457e.jpg'}];2025-09-08T20:31:24+02:00
14717343-e17b-4ce7-810b-276d7272a7ae;Ristorante La Piazza Haus zum Thiergarten;Raffinierte Gerichte in entspannter Atmosphäre: Im geschichtsträchigen Haus zum Thiergarten mitten in der Altstadt von Schaffhausen lässt das Restaurant und Pizzeria La Piazza italienische Gemütlichkeit aufleben. ;<p>Im Sommer l&auml;dt die Sonnenterrasse mit viel mediterranem Flair zum genussvollen verweilen ein.</p>;8.6355411;47.6956525;Münsterplatz 38;8200;Schaffhausen;+41 52 620 30 30;info@lapiazza-restaurant.ch;http://www.lapiazza-restaurant.ch/;[{'@type': 'ImageObject', 'contentUrl': 'https://ostpimtsoch.sos-ch-dk-2.exoscale-cdn.com/catalog/4/2/6/7/42673b7976e274cb41e88eff0c9eaf2865f0aeec_dba299222f39e230507f8f164bd14156.jpeg'}];2026-01-09T19:48:57+01:00
14afa7f9-e95a-4461-9404-4b238cf315af;Schloss Laufen am Rheinfall;Ein Gesamterlebnis aus Naturschauspiel, Gastronomie und Kulturerbe erwartet Sie auf Schloss Laufen am Rheinfall.;Beeindruckend sind sowohl der Ausblick auf den tosenden Rheinfall als auch die historischen Gemäuer des 1200 Jahre alten Schlosses, das zum Kulturerbe vom Kanton Zürich zählt. 
Im Tagesrestaurant „Castello“ sorgt der ehemalige Bannersaal mit seinem heimeligen Kamin und der grossen Terrasse für eine stimmungsvolle Szenerie. Geniessen Sie köstliche Spezialitäten mit dem Fokus auf Regionalität und Saisonalität in geschichtsträchtiger Kulisse. Im „Bleulersaal“ werden Sie abends kulinarisch mit abwechslungsreichen Kreationen verwöhnt. Der abendlich beleuchtete Rheinfall rundet das Erlebnis ab. 

Vom Turmzimmer bis zum prunkvollen Rittersaal: Hier finden Sie einen würdigen und geschichtsträchtigen Rahmen für eine unvergessliche Familien- oder Firmenfeier, eine rauschende Hochzeit oder ein inspirierendes Seminar. Der ideale Ort für Feierlichkeiten von 2 bis zu 200 Personen. 

Das Besucherzentrum des Schloss Laufen mit Souvenir-Shop/Ticketing und Snack-Restaurant, ist die zentrale Anlaufstelle für Ihre Entdeckung einer der grössten Attraktionen der Schweiz. Glaslift, Känzeli, Panoramalift und Belvedere-Weg, sind nur einige der Höhepunkte. Einzelbesucher und Gruppen finden hier eine moderne Infrastruktur, erlebnis- und lehrreiche Besonderheiten im Historama, Kinderspielplatz sowie einen rollstuhl- und kinderwagengängiger Panoramaweg auf die Aussichtsplattform. Hier sind Sie ganz nah am rauschenden Wasserfall.  

Grosser Auto- und Busparkplatz. Eigene SBB-Station «Schloss Laufen am Rheinfall».;8.6149334;47.6764342;Rheinfallquai 30;8440;Dachsen;+41 52 659 67 67;info@schlosslaufen.ch;http://www.schlosslaufen.ch/;[{'@type': 'ImageObject', 'contentUrl': 'https://ostpimtsoch.sos-ch-dk-2.exoscale-cdn.com/catalog/6/a/2/9/6a29937bc288fd0ece38dc877c6e00d919d3519d_0ab35dfc1ddac45e1d4c64cc784935a4.jpg'}];2026-02-09T19:49:46+01:00
14eedca0-71cd-4dbb-b0a9-b75a314cd9d4;Kreative Tee- und Kaffeestube Tee&Mee;Tee&amp;Mee ist die etwas andere Art Tee und Kaffee zu geniessen. Durch das Shop in Shop System kann jeder Besucher nicht nur die Vielfalt des Tees kennenlernen, sondern auch die Geschenksideen von über 20 kreativen Ausstellern aus der Region bewundern.;In stilvollem Ambiente können Sie bei uns im Toggenburg den &quot;Afternoon Tee&quot; geniessen. Leckeres Gebäck wie Cupcakes, Brownies, Cookies und mehr erwartet Sie bei Tee&amp;Mee. 
Suchen Sie Ruhe oder eine kleine Auszeit in kreativer Umgebung, dann sind sie bei uns gut aufgehoben.;9.073756600000001;47.361558349999996;Landstasse 29;9606;Bütschwil;079 271 82 40;eveline.rueegg@teeundmee.ch;https://teeundmee.ch;[{'@type': 'ImageObject', 'contentUrl': 'https://ostpimtsoch.sos-ch-dk-2.exoscale-cdn.com/catalog/e/4/7/c/e47cc2fe95f1a8a8a896b79cde633dffad073839_4d83606685e0f698c0229283134e9230.jpeg'}];2026-04-01T19:18:22+02:00
152c4a82-ab06-402f-ba5a-edebd8dca2aa;Weingut Schmid;Das Familien-Weingut Schmid in Schlattingen ist jeden Samstag von 9:00 bis 13:00 Uhr für Gäste geöffnet. Auf Anfrage werden auch Weindegustationen angeboten.;Im thurgauischen Schlattingen bewirtschaftet das Weingut rund 6 Hektar Reben. Auf dem idyllischen Familienbetrieb werden alle Arbeitsschritte von der Rebe bis ins Glas vereint, die einzigartigen Weine wurden schon mehrfach national und international ausgezeichnet.;8.7686167;47.6619907;im Chloster 10;8255;Schlattingen;+41 52 657 24 95;info@weingut-schmid.ch;http://www.weingut-schmid.ch;[{'@type': 'ImageObject', 'contentUrl': 'https://ostpimtsoch.sos-ch-dk-2.exoscale-cdn.com/catalog/f/9/5/e/f95e8bdad94c76ee17c95556c4e4b40e6bd9b260_8c2db4d5ed463f600919b2966e1d0183.jpg'}];2026-03-17T23:02:51+01:00
1637d55b-4c62-4c7d-9499-575b681605f5;Hafenlounge Romanshorn;In der Hafenlounge in Romanshorn fühlt man sich den ganzen Sommer wie in den Ferien. Gäste können sich hier einen kühlen Sommerdrink an einem der sonnigsten Plätze auf der Schweizer Seite des Bodensees gönnen.;Direkt am Fährhafen von Romanshorn können die Gäste in der Hafenlounge auf einem der bequemen Strandstühle die einfahrenden Schiffe beobachten und erhalten obendrauf eine grandiose Aussicht auf die Bergketten des Alpsteins. Hier kann man von April bis September im Beachsand, in einer gemütlichen Lounge, oder auf einem der 200 weiteren stilvollen Sitzplätze einen kühlen Drink geniessen und entspannen. Kulinarisch verwöhnt werden die Gäste mit den regionalen und frisch zubereiteten Speisen direkt vom Grill.;9.3808081;47.5674689;Hafenstrasse 29;8590;Romanshorn;+41 71 463 95 95;info@hafenlounge.ch;http://hafenlounge.ch/;[{'@type': 'ImageObject', 'contentUrl': 'https://ostpimtsoch.sos-ch-dk-2.exoscale-cdn.com/catalog/3/0/f/6/30f6afdc78554a4d2d37a1675ab7e4870801f357_eba39fd3f86b977d237dca2929ca85f8.jpeg'}];2026-03-17T22:59:42+01:00
163aa76f-8ab2-4fe4-9503-482210fcc9ce;Restaurant Trocadero;Das Restaurant Trocadero in Bad Ragaz bietet seit 20 Jahren authentische italienische Küche. Gäste können hausgemachte Pasta, saftige Rindfleischspiesse und Holzofenpizzas in einem gemütlichen Ambiente geniessen.;Wie bei Mama… nur besser!
Seit 20 Jahren pflegen wir die authentische italienische Tischkultur in Bad Ragaz. 

Bei uns wird sinnesfreudig und mit dem Herzen gekocht – italienisch, saisonal und temperamentvoll. Klassiker, wie hausgemachte Pastagerichte oder «Spiedino di Manzo» - ein saftig gebratener Rindfleisch-Spiess - sowie mit viel Hingabe zubereitete Pizzas aus dem Holzofen sind wahre Gaumenfreuden all’italiana. 

Ein ambitioniertes Team freut sich, Sie nach den unauflöslichen Regeln der guten Küche und echter Gastfreundschaft zu verwöhnen, damit Sie das Trocadero in tiefer Zufriedenheit verlassen. ;9.496881380477504;47.00825409403388;Sarganserstrasse 43;7310;Bad Ragaz;+41 81 302 22 88;trocadero@remimag.ch;https://www.trocadero-ragaz.ch/;[{'@type': 'ImageObject', 'contentUrl': 'https://ostpimtsoch.sos-ch-dk-2.exoscale-cdn.com/catalog/7/9/c/9/79c9ee5aab6c64361b7c91c277752c8e9fba5a97_30ced9e0c90f8f515f3ec65a8e1f405f.jpg'}];2026-08-03T20:59:40+02:00
1872b621-ac9a-459f-b815-4f31b86f6a06;Alp Findels;Alp Findels bietet regionale Köstlichkeiten und hausgemachte Spezialitäten in einer idyllischen Umgebung. Ein Kinderspielplatz sorgt für Unterhaltung der kleinen Gäste, während Erwachsene die Aussicht auf die umliegende Berglandschaft geniessen können.;Nach der kurzen Bahnfahrt und einer bequemen halbstündigen Wanderung geniessen Sie eine Älplerkässchnitte oder ein feines z`Vieriplättli mit regionalen sowie auf der Alp produzierten Köstlichkeiten. Für die kleinen Gäste steht ein Kinderspielplatz gleich neben der Gartenbeiz.;9.4613904;46.9403613;Oberhalb Pfäfers SG;7315;Vättnerberg;+41 76 402 17 36;info@alpfindels.ch;https://www.alpfindels.ch/;[{'@type': 'ImageObject', 'contentUrl': 'https://ostpimtsoch.sos-ch-dk-2.exoscale-cdn.com/catalog/3/9/c/4/39c499284815187ce0e984bc33dd85d300bdddd9_f1b1f07179e4b86ccc306eb1ccc1e2b9.JPG'}];2026-08-31T20:58:58+02:00
18ee90a8-032e-4db9-ba45-be49cad84540;rivellaHome;Im gemütlichen rivellaHome geniessen Sie feine Fondue- und Raclette-Spezialitäten – perfekt, um sich vor dem Nachtskifahren zu stärken oder danach mit einem heissen Getränk aufzuwärmen.;Das rivellaHome ist ein gemütliches Fondue- & Raclette-Chalet, welches feinsten Käse-Spezialitäten anbietet.  
Vom 26.12.2025 bis 06.03.2026 findet jeweils freitags und zusätzlich am Samstag, 27.12.2025 das Nachtskifahren in der Flumserberg Galaxie statt. Der ideale Zeitpunkt sich davor im rivellaHome zu stärken oder sich bevor dem nach Hause gehen mit einem heissen Getränk aufzuwärmen.;9.2807483;47.0919796;Molseralpstr. 9;8898;Flumserberg;+41 81 720 15 66;info@colors-flumserberg.ch;https://www.flumserberg.ch/rivellahome;[{'@type': 'ImageObject', 'contentUrl': 'https://ostpimtsoch.sos-ch-dk-2.exoscale-cdn.com/catalog/2/5/b/1/25b18556c5be0578acb9ede8894039d6b82f5d6e_118312b8794cb0cc9411d82f79d0637a.jpg'}];2026-04-07T21:25:55+02:00
19bc535d-d42d-444a-907e-9063d0a7826d;Bäckerei Füger Handmade St.Gallen;Willkommen zum Gipfeltreffen;Die Bäckerinnen und Bäcker verarbeiten die optimal gereiften Teige direkt vor den Augen der Gästen zu frischen Broten, Brötchen, Zöpfen und natürlich Gipfeli.

In der Handmade Chocolaterie kann auch mitverfolgt werden, wie die verschiedenen Schokospezialitäten entstehen. Angeboten werden auch frische Frühstücksgerichte, nahrhafte Znüni-Verpflegungen und feine Mittagsgerichte. Die Lounges oder auch die einladende Dachterrasse mit fantastischem Weitblick laden zum Schlemmen und Verweilen ein.;9.354676008224489;47.420008188794;Metallstrasse 18;9000;St.Gallen;+41 71 222 20 12;sg@fueger.ch;https://fueger-handmade.ch/stgallen/;[{'@type': 'ImageObject', 'contentUrl': 'https://ostpimtsoch.sos-ch-dk-2.exoscale-cdn.com/catalog/6/f/2/6/6f269ac3c2cb41e149eb8fc54f0014af64ac0105_d3a13f6a3983e2d7bae4fb4732d210e1.JPG'}];2025-05-02T17:23:29+02:00
1a8156e2-f397-42e2-8f19-8ebe0ebc6857;Presswerk Gastronomie & Eventhalle;Das Presswerk in Arbon präsentiert sich als einzigartige Location, geprägt von industriellem Flair und urbaner Romantik. Ob zum Apéro mit Geschäftskollegen, zu Kaffee und Kuchen mit der Familie oder zum Nachtessen mit Freunden – das Presswerk heisst alle Gäste herzlich willkommen.;Ein historisches Backsteingebäude im Industriestil, weitläufige, lichtdurchflutete Hallen mit hohen Decken und moderner Ausstattung: Das Presswerk in Arbon präsentiert sich als einzigartige Location, geprägt von industriellem Flair und urbaner Romantik. Das zwischen 1905 und 1910 erbaute Gebäude diente zuerst der Stickereifabrik Heine bis in die 1940erJahre als Energiezentrale. Danach wurde es von Adolph Saurer gekauft und als Presserei sowie für den Rahmenbau genutzt. Nach einer aufwändigen Renovierung erstrahlt das Industriegebäude seit Ende 2018 in neuem Glanz und richtet sich multifunktional aus. Hier wird getanzt, gefeiert, gegessen und musiziert. Das Presswerk ist heute ein kreativer Treffpunkt mit einem vielfältigen Raumangebot – sowohl für kulturelle Ereignisse als auch für private Anlässe.;9.4312402;47.5101523;Hamelstrasse 15;9320;Arbon;+41 71 446 04 23;kontakt@presswerk-arbon.ch;http://www.presswerk-arbon.ch/;[{'@type': 'ImageObject', 'contentUrl': 'https://ostpimtsoch.sos-ch-dk-2.exoscale-cdn.com/catalog/d/8/5/4/d8549abb4eb11f50e977f8001e144aa6038e6afe_77e7bcd60fbc2cc143f968ff792e56cf.jpg'}];2025-02-17T13:26:36+01:00
1aa06852-b3ec-49b5-b341-d11b7c75b389;Weingut Familie Hansruedi Adank;Das Weingut Familie Hansruedi Adank in Fläsch bietet ein ideales Terroir für Burgundersorten. Die kalkhaltigen Böden und das alpine Klima prägen die Weine, die Geschichten von Handwerk und Tradition erzählen.;Reben und Wein sind unsere Leidenschaft, unsere Motivation. Wir lieben das Handwerk, die vielfältigen Arbeiten im Laufe der Jahreszeiten. Im Winter, wenn wir unter dem klaren Himmel der Bündner Herrschaft mit dem Rebschnitt das Fundament für den kommenden Jahrgang legen. Im Sommer, wenn morgens bei der Laubarbeit die Tautropfen auf den Rebblättern glitzern. Und ganz besonders im Herbst: dann lesen wir mit dem Ernteteam die Trauben – bei uns heisst das übrigens «wimmle» – und anschliessend beginnt die Arbeit im Keller. 

Erfahrung und Handwerk sind abgestimmt auf das Fläscher Terroir. Reich an Kalk und je nach Lage mit Ton und Lehm angereichert, prägen diese durchlässigen, warmen Schiefer-Böden unsere Weine. Doch erst das Mikroklima macht das Fläscher Terroir perfekt: Im Herbst ist der Himmel über der Bündner Herrschaft meist tiefblau und die Luft fühlt sich an wie Seide. Dann streicht der Föhn durch die Regionen des Alpenrheins. Er trocknet den Tau von den Trauben und seine Wärme verpasst der Beerenreife den letzten Schliff. So heiss es tagsüber auch werden kann. Gegen Abend streichen kühle Fallwinde vom Fläscher Berg her durch die Reben und sorgen für eine balancierte Säure.

Adank Weine ist ein Familienweingut und es versteht sich von selbst, dass wir alle Aufgaben gemeinsam bewältigen. In der Grösse unseres kleinen Teams liegt unsere Kraft. Gegenseitige Wertschätzung und ein offenes Ohr für die Ideen und Vorstellungen in unseren Köpfen bringen unsere Weine voran. Ehrliches Handwerk, Nachhaltigkeit und Zeit bilden die Grundpfeiler unserer Philosophie. Zeit, die wir uns nehmen, um die richtigen Entscheidungen zu treffen und Zeit, die wir den Weinen lassen, um zu ihrer Vollendung zu gelangen. Handwerk, das auf den Erfahrungen baut, die wir uns Tag für Tag im Keller und in den Rebbergen aneignen. Nachhaltigkeit, die wir leben: Unsere Böden sollen so vielfältig und so biodivers wie nur möglich an die nächste Generation weitergegeben werden.;9.5139953;47.0265408;St. Luzi 3;7306;Fläsch;+41 81 302 65 56;mail@adank-weine.ch;http://www.adank-weine.ch;[{'@type': 'ImageObject', 'contentUrl': 'https://ostpimtsoch.sos-ch-dk-2.exoscale-cdn.com/catalog/7/7/c/e/77ce2d22603d6d64c976cd1d9f76280048474041_864a2e958fa706e34ad3a3dd738dfc7a.jpg'}];2025-09-10T20:36:08+02:00
1aa219d9-40f8-4ef3-b3f3-0e4ae7bfe449;Alp Tschingla;Alp Tschingla bietet einfache, traditionelle Menüs und Übernachtungsmöglichkeiten in vier Doppelzimmern und einem Massenlager für 20 Personen. Entspannung bietet ein Hotpot, der nach einer Wanderung auf Voranmeldung eingeheizt wird.;<p>In unserer H&uuml;ttenk&uuml;che bereiten wir einfache und urchige Menus zu. Es gibt verschiedenes vom Grill, Salate, Aelplermaccaronen, Tomatenspaghetti oder einfach nur was kleines: K&auml;se, Salsiz, Speck und Brot. Zum &Uuml;bernachten stehen 4 Doppelzimmer und ein Massenlager f&uuml;r 20 Personen zur Verf&uuml;gung. Zur Entspannung nach einer sch&ouml;nen Wanderung, heizen wir gerne auf Voranmeldung den Hotpot ein.</p>;9.2948089;47.1483796;Auf der Alp;8880;Walenstadt;+41 76 804 07 88;lm.gadient@bluewin.ch;http://www.tschingla.ch;[{'@type': 'ImageObject', 'contentUrl': 'https://ostpimtsoch.sos-ch-dk-2.exoscale-cdn.com/catalog/0/3/2/e/032ecd6841f919cf9093fcffb601d2b3c82ec648_f99f6c9641003c2fdc30c6e98c61572f.jpg'}];2025-09-09T20:34:16+02:00
1b96af68-9e4e-4a64-85c2-72220d132dd9;Restaurant Schützengarten;Das Restaurant Schützengarten in Flums bietet bürgerliche Küche mit saisonalen Spezialitäten. Es ist ideal für Paare, Familien und Gruppen und bietet sowohl Innen- als auch Aussenbereiche. Haustiere sind willkommen.;Bürgerliche Küche mit verschiedenen Mittagsmenü und Empfehlungen
Gediegenes Abendessen im Wintergarten 
Metzgetä, Wildspezialitäten, Spargeln, Cordon- Bleufestival
immer etwas Neues;9.34622240368007;47.09429526703;Bahnhofstrasse 18;8890;Flums;+41 81 733 12 22;rest.schuetzengarten@bluewin.ch;http://www.schuetzen-garten.ch/;[{'@type': 'ImageObject', 'contentUrl': 'https://ostpimtsoch.sos-ch-dk-2.exoscale-cdn.com/catalog/e/4/a/4/e4a4e73732215dc6521fe51789d96198377f8a2d_b2b89c85191ebb9ca73c41748c7db692.jpg'}];2026-06-22T20:57:18+02:00
1c9f7866-513a-4ac3-a8be-31cf932705ae;Restaurant Seegarten;Am Bodensee, direkt am Kreuzlinger Yachthafen und in unmittelbarer Nähe eines Naturschutzgebietes, liegt das Restaurant Seegarten. Unter der Leitung von Cynthia und Charlie Günter gilt es als kulinarische Perle – ein Ort, an dem laut einem renommierten Gourmetkritiker «Sehnsüchte wahr werden».;<div>Das Restaurant Seegarten besticht durch die frische Zubereitung der Speisen. In der Küche verarbeitet Charlie Günter Produkte aus der Region: Das Gemüse stammt von den umliegenden Bauernhöfen, die Fischer aus der Nachbarschaft sorgen für saisonale Angebote auf der Speisekarte. Besonders anspruchsvolle Gäste können sich auf die täglich wechselnden Empfehlungen des Hauses verlassen.</div><div>Im Weinkeller des Seegartens lagern über 750 edle Tropfen, ein Drittel davon aus der Schweiz. Die Auswahl umfasst exzellent gelagerte Jahrgänge, die sowohl Kenner als auch Geniesser begeistern. </div><div><br></div><div>Die Weinkarte des Restaurants wurde 2002 in die «Best Wine List» aufgenommen, eine renommierte Liste, in der nur Weinkarten vertreten sind, die im Newsletter «Wein Wisser» mindestens 18 von 20 Punkten erhalten haben. Zurzeit gehören nur 19 Weinkarten in der Schweiz zu dieser exklusiven Auswahl.</div><div><br></div>;9.1957184;47.6469607;Promenadenstrasse 40;8280;Kreuzlingen;+41 71 688 28 77;restaurant@seegarten.ch;http://www.seegarten.ch/;[{'@type': 'ImageObject', 'contentUrl': 'https://ostpimtsoch.sos-ch-dk-2.exoscale-cdn.com/catalog/8/5/9/6/85962ea9341fd9e8fdfb7a4f193b03ac70189902_4ab6def3e2bb3f51a0f2ced502c2d663.jpg'}];2025-02-17T13:26:36+01:00
1d9555f9-0984-466d-8b59-a4a0339460be;Alte Alp Gaffia;Die Alte Alp Gaffia auf 1861 m ü. M. bietet regionale Speisen und hausgemachte Kuchen. Sie ist bequem mit der Sesselbahn erreichbar und lädt auf der Sonnenterrasse oder in der rustikalen Gaststube zum Verweilen ein.;Das Team begrüsst Sie täglich als Gast auf der Sonnenterasse und in der rustikalen Gaststube. Zur Alte Alp Gaffia auf 1861 m ü. M. gelangen Sie bequem mit der Sesselbahn von der Furt. Geniessen Sie regionale Speisen, feine hausgemachte Kuchen und Desserts. Des Weiteren bieten wir erfrischende Getränke und Spezialitäten an.;9.411474466323854;46.99004531027749;Wangserberg;7323;Wangs Furt;081 511 54 33;wemaka@bluewin.ch;https://www.altealpgaffia.ch/;[{'@type': 'ImageObject', 'contentUrl': 'https://ostpimtsoch.sos-ch-dk-2.exoscale-cdn.com/catalog/6/2/8/7/6287f142980b6080f3df778461de25dbceb051c1_7950bf62e988568b6444a5b9f14f21bb.jpg', 'caption': {'de': 'Alte Alp Gaffia'}}];2026-06-01T21:37:18+02:00
1e3a42ba-2d41-417e-94d7-51bf152448e9;Restaurant & Bistro Sauceria;„Wahrscheinlich das Restaurant mit den besten Saucen der Stadt“;Die Sauceria ist in der gastronomisch neu belebten Engelgasse in der St. Galler Altstadt zu finden. Ob im trendigen Restaurant, coolen Bistro oder im grossen Aussenrestaurant – alle Saucenkreationen werden zu Vegi, Pasta, Fleisch und Fisch serviert. Dazu gibt es noch Eva’s Bürli-Brot zum Tunken. Alles von der Küchenchefin Arjeta und ihrem Küchenteam selbst gemacht. Dazu verwöhnt Rafael mit seinem Serviceteam die Gäste mit seinem Graham Blend No 5 Special Drink oder einer guten Flasche Wein. Nicht zu Unrecht sagen viele der Gäste: „wahrscheinlich das Restaurant mit den besten Saucen der Stadt“. ;9.37448;47.42667;Engelgasse 13;9000;St. Gallen;0041 71 571 33 77;restaurant@sauceria.ch;http://www.sauceria.ch;[{'@type': 'ImageObject', 'contentUrl': 'https://ostpimtsoch.sos-ch-dk-2.exoscale-cdn.com/catalog/3/e/0/d/3e0d511955f7bf6b10ce367cc50598f206b17179_7e5036ef71ae1273d48a6a1d7fa792d2.jpg'}];2025-05-14T17:35:32+02:00
1fc7797e-c3e5-4e82-8b37-6bd39c1cbf47;Restaurant Miski Takiy  - Peru;Herzliche südamerikanische Gastfreundschaft und authentische peruanische Gastronomie erwartet Gäste in der Altstadt Frauenfeld im Miski-Takiy. Ihre Frische, Würze und Vielfalt an Aromen und Texturen macht die Küche Perus zu einer der besten der Welt.;Im Herzen der Altstadt Frauenfelds, umgeben von mittelalterlichen Gebäuden, liegt das einzige peruanische Restaurant des Kantons Thurgau: Miski-Takiy. Dank des lateinamerikanischen Flairs und der passenden Musik stellt sich bei Besuchenden bald ein exotisches Urlaubsgefühl ein. Gäste erleben hier eine kulinarische Entdeckungsreise von der peruanischen Küste, über die Anden bis hin zum Amazonasgebiet, von exotischen Pisco-Cocktails bis hin zu frischen Ceviche. Die Gastgebenden tragen die Küche ihres Landes im Herzen und in der Seele und haben sich zum Ziel gesetzt, ihre Gäste durch das würzige, pikante und erfrischende kulinarische Abenteuer ihres Heimatlandes zu führen. Peru wurde übrigens bei den World Travel Awards bereits zum 10. Mal als «Weltweit führendes kulinarisches Reiseziel» ausgezeichnet. Ein Besuch lohnt sich.;8.897946;47.5561887;Freiestrasse 15;8500;Frauenfeld;+41715582330;info@miskitakiy.ch;https://www.miskitakiy.ch;[{'@type': 'ImageObject', 'contentUrl': 'https://ostpimtsoch.sos-ch-dk-2.exoscale-cdn.com/catalog/4/d/1/5/4d15b42c3b43c63a377fc2b1852b993686303188_715be3b924add06d6e4bebcd60e1b759.jpg'}];2025-02-17T13:26:36+01:00
201f6e20-1f5e-44d7-99ee-f83632da2dba;Berggasthaus Prodkamm;Das Berggasthaus Prodkamm am Flumserberg bietet eine vielfältige Auswahl an regionalen und traditionellen Gerichten. Die grosse Sonnenterrasse lädt zum Verweilen ein und bietet eine beeindruckende Aussicht auf die umliegende Berglandschaft.;Das Berggasthaus Prodkamm am Flumserberg ist ein Ort, an dem Sie sich kulinarisch verwöhnen lassen können. Mit seinen authentischen, monatlich wechselnden Pasta- und Salatangeboten sowie der Speisekarte mit regionalen und traditionellen Gerichten bietet das Restaurant eine vielfältige Auswahl an Köstlichkeiten. Das Restaurant verfügt zudem über eine grosse Sonnenterrasse, auf der Sie Ihre Mahlzeiten im Freien einnehmen und dabei die atemberaubende Aussicht auf die umliegende Berglandschaft geniessen.
Das Berggasthaus Prodkamm lädt Sie ein, die authentische Küche und die entspannte Atmosphäre zu geniessen. Ob Sie nach einem Skitag eine Stärkung suchen oder einfach nur die Sonne auf der Terrasse geniessen möchten, hier werden Sie mit herzlicher Gastfreundschaft empfangen. Besuchen Sie das Berggasthaus Prodkamm und lassen Sie sich von den köstlichen Gerichten und der einzigartigen Lage begeistern.;9.26801383495331;47.07360037575466;Prodkamm;8897;Flumserberg Tannenheim;+41 81 733 23 13;info@prodkamm.ch;http://www.prodkamm.ch;[{'@type': 'ImageObject', 'contentUrl': 'https://ostpimtsoch.sos-ch-dk-2.exoscale-cdn.com/catalog/7/8/5/d/785da9ac840d7d24b0d63a535af1f5de12064c35_561c2cd18ad13fc973e840a193ca561b.jpg'}];2025-12-07T16:30:27+01:00
2064fcf9-3fe4-4f8e-a1c5-8051ce2eeeb2;Selbstbedienungs Restaurant Schloss Laufen am Rheinfall;Selbstbedienungs-Restaurant für eine schnelle Verpflegung. Auch Take-away möglich. Grosse Terrasse.;Sehen und Staunen macht hungrig und durstig: Das Selbstbedienungs-Restaurant mit seiner grossen Terrasse und dem Spielplatz liegt vor allem für Familien ideal.;8.61517245095456;47.675788890130335;Rheinfallquai;8447;Dachsen;+41 52 659 67 67;info@schlosslaufen.ch;https://schlosslaufen.ch/de/rheinfall/informationen;[{'@type': 'ImageObject', 'contentUrl': 'https://ostpimtsoch.sos-ch-dk-2.exoscale-cdn.com/catalog/4/e/3/0/4e30f3cab5f801bff377759b36cab4d5485890b4_683d110106fe3fd8fd74e4eec6a7cee0.jpg'}];2026-02-09T19:49:46+01:00
20e9ad99-326a-4c9b-876d-8a8b12d5db96;Berggasthaus Pardiel  ;Das Berggasthaus Pardiel auf 1630 m ü.M. bietet eine ideale Lage für Ski- und Wanderferien. Es liegt direkt neben der Bergbahn Pizol Bad Ragaz und verfügt über 11 rustikal eingerichtete Zimmer.;Das Berghaus ist somit der ideale Ausgangspunkt für Ihre Ski- oder Wanderferien. Das Skigebiet Pizol, mit seinen 50 Pistenkilometern, bietet für alle etwas. Der Skischul-Sammelplatz und der Skiverleih befindet sich in unmittelbarer Nähe. Als Ausgangspunkt für Wanderungen in einer einmaligen Bergwelt ist das Berghaus Pardiel Ihr Gruppenhaus. Ob auf einem Themenweg oder individuell auf dem Wanderweg ist alles direkt von unserm Haus machbar.

Verpflegung
Unsere grosszügige Küche eignet sich perfekt für Selbstversorger. 

Zimmer Allgemein
Unsere Zimmer sind im rustikalen Stil eingerichtet. Das Berggasthaus verfügt über 11 Zimmer.
Es stehen folgende Zimmerkategorien zur Verfügung:

6x Doppelzimmer
2x Vierbettzimmer
1x 5er-Massenlager
2x 14er-Massenlager;9.462869032451824;46.9897201;Pardiel;7310;Bad Ragaz;gastro@pizol.com;https://pizol.com/gastrobetriebe/gruppenhaus-pardiel/;[{'@type': 'ImageObject', 'contentUrl': 'https://ostpimtsoch.sos-ch-dk-2.exoscale-cdn.com/catalog/6/3/6/a/636ab54a2b5f734088247c1e5354f5bb4b731a16_6ee1e453d47535e0c254bd879ae1c403.jpg'}];2026-09-04T20:55:41+02:00
212c1c37-b6e8-4036-9e0b-a9e177ce4ed2;Bistro St.Gallen;Geschmackvoll durch den ganzen Tag;In gemütlicher und stilvoller Atmosphäre lassen sich köstliche Gerichte von früh bis spät geniessen: Vom ausgewogenen Frühstücksbuffet über internationale Speisen bis hin zu liebevoll kreierten Köstlichkeiten aus der hauseigenen Patisserie. Im Bistro St.Gallen finden die Gäste zu jeder Tageszeit den passenden Gaumenschmaus.;9.374426514160193;47.4213691;Wassergasse 7;9000;St. Gallen;+41 71 227 57 77;info@bistro-sg.ch;https://www.bistro-sg.ch;[{'@type': 'ImageObject', 'contentUrl': 'https://ostpimtsoch.sos-ch-dk-2.exoscale-cdn.com/catalog/3/2/4/f/324fb84cef279199e7417788ca357a3c5d6d3f71_38f42c81bb8385c9ae75d2f4290cf130.jpg'}];2026-04-14T18:26:05+02:00
21c691e1-504c-4894-b043-2f4e663c8788;Skihaus Gamperfin;Am Grabserberg auf rund 1'305 Meter über dem Meer steht das Skihaus Gamperfin.;Ganzjährig geöffnet mit Restaurations- und Hotelbetrieb, folgt das innovative Pächterpaar Fabienne & Marcel Wessner stets ihrem Motto "natürlich - eifach - echt". Im Restaurant gibt's regionale und saisonale Produkte, welche mit viel Freude zu leckeren Speisen zubereitet werden. ;9.379277229309084;47.171379819354826;Gamperfin 1769;9472 ;Grabs;+41 81 771 37 43;https://www.skihaus-gamperfin.ch/;[{'@type': 'ImageObject', 'contentUrl': 'https://ostpimtsoch.sos-ch-dk-2.exoscale-cdn.com/catalog/7/9/7/4/7974f8445d18f1da7a177dbcf473880016107b36_8e0bdbf6e4701bc16bb67a1b0517c127.jpg'}];2026-03-13T19:56:39+01:00
224014c6-b385-4b0d-a9f7-f21c1e24f3ae;Restaurant Artisans;Willkommen bei Artisans - Artisans of the Good Taste,
Klein, fein und mit viel Leidenschaft geführt: Im Restaurant mit 22 Plätzen werden frisch zubereitete Gerichte in höchster Qualität serviert.;<p>Die K&uuml;che ist mediterran und franz&ouml;sisch inspiriert - voller Aromen, die an Sonne, W&auml;rme und Leichtigkeit erinnern. Jeder Teller im Restaurant Artisans erz&auml;hlt ein St&uuml;ck der Geschichte der Gastgeber, ihrer Herkunft und ihrer Reise.</p><p>Das Restaurant ist bewusst klein und pers&ouml;nlich und bietet mit 22 Pl&auml;tzen ein Ort f&uuml;r N&auml;he, Atmosph&auml;re und echte Begegnungen.</p>;9.3755663;47.4231633;Bankgasse 14;9000;St.Gallen;071223 43 43;info@restaurantartisans.ch;https://restaurantartisans.ch;[{'@type': 'ImageObject', 'contentUrl': 'https://ostpimtsoch.sos-ch-dk-2.exoscale-cdn.com/catalog/a/e/9/0/ae907d1ad6d7ecef0af322b0e94eafc7c85b9cb7_60bb5109f40492d3ebc8d2cbcd6b8749.jpg'}];2026-05-26T18:24:10+02:00
225e182b-7742-4c04-83e6-0651f5aef821;Restaurant & Bar Adler Berlingen;Restaurant & Bar Adler in Berlingen – ein Ort für Genuss und Geselligkeit. Ob ein entspanntes Abendessen oder ein gemütlicher Drink an der Bar – hier findet jeder das passende Ambiente.;<p>Direkt am idyllischen Untersee, einem Teil des Bodensees, l&auml;dt das Restaurant Adler in Berlingen zum Geniessen und Verweilen ein. Kulinarische Spezialit&auml;ten wie Fleisch auf dem heissen Stein oder das klassische Entrec&ocirc;te Caf&eacute; de Paris werden mit Sorgfalt und Frische zubereitet. Der Stammtisch und die Bar laden zu geselligen Stunden ein und bieten eine erlesene Auswahl an Weinen, ausgew&auml;hlten Bieren und erstklassigen Cocktails.</p>
<p>F&uuml;r einen Aufenthalt in der Region stehen komfortable Unterk&uuml;nfte zur Verf&uuml;gung: Ein gem&uuml;tliches Doppelzimmer sowie eine grossz&uuml;gige 3,5-Zimmer-Wohnung bieten den idealen Rahmen f&uuml;r entspannte Tage am Bodensee. Nur wenige Schritte entfernt laden das Ufer des Bodensees und der nahegelegene Hafen zu abwechslungsreichen Freizeitaktivit&auml;ten ein &ndash; ob Baden, Spazieren oder einfach die Natur geniessen. Der Adler vereint kulinarische Erlebnisse, geselliges Beisammensein und erholsame Tage am Bodensee &ndash; ein Ort zum Wohlf&uuml;hlen inmitten des sch&ouml;nen Thurgaus.</p>;9.016196126643113;47.67398085000001;Seestrasse 28;8267;Berlingen;+41797472828;adler-berlingen@outlook.com;https://www.adler-berlingen.ch;[{'@type': 'ImageObject', 'contentUrl': 'https://ostpimtsoch.sos-ch-dk-2.exoscale-cdn.com/catalog/3/d/3/4/3d34faa9e4f325c96e96aca44346e0b0f3b2b80e_c92632cb3dfd654a9b83b42d933ebd2e.jpg'}];2026-04-01T22:51:20+02:00
22e409f1-67dd-49d4-ab66-3cfb79102cee;Restaurant & Biergarten Fischerhaus;Modernes wunderschön direkt am Ufer des Bodensees gelegenes Restaurant und Biergarten, das für schöne Stunden zum Verweilen einlädt. 
Unkomplizierter Genuss im Biergarten unter Kastanienbäumen mit Blick auf die Konstanzer Bucht. Gehobenere Ansprüche werden im Restaurant erfüllt.;Das Restaurant müsste wohl in vier Bereiche aufgeteilt sein. Ein schönes Stübli, eine typische Terrasse und der verglaste Restaurant-Pavillon. Hier gibt es frischen Fisch, eine feine Auswahl an Vegi- und Fleischgerichten und ein umfangreiches Weinangebot.

An schönen Tagen im Sommer lädt der unkomplizierte Biergarten mit 250 Sitzplätzen zum Verweilen ein. Hier werden die Gäste mit Burgern, Salaten, Schnitzel und Steinofen-Pizza verwöhnt.;9.199285;47.6471854;Promenadenstrasse 52;8280;Kreuzlingen;+41 71 688 18 77;info@fischerhaus.ch;http://www.fischerhaus.ch/;[{'@type': 'ImageObject', 'contentUrl': 'https://ostpimtsoch.sos-ch-dk-2.exoscale-cdn.com/catalog/6/3/8/b/638b73091f6c204de8a2a6fa2b601c1643d01994_0b61f338a37cf565346e9a282088238e.jpg'}];2025-02-17T13:26:36+01:00
235f3181-fc95-4e52-8db2-fdbff19e73b7;Bäckerei Bleiker;In unserer familiären Bäckerei entsteht jedes Gebäck in echter Handarbeit – natürlich, ehrlich und mit viel Zeit. Besonders stolz sind wir auf unsere Brote aus wertvollem Urdinkel. Traditionelles Handwerk trifft auf ursprünglichen Geschmack – jeden Tag frisch.;<p>In unserer familiengef&uuml;hrten B&auml;ckerei leben wir echtes B&auml;ckerhandwerk &ndash; ehrlich, nachhaltig und mit Herz. Unsere Brote entstehen in sorgf&auml;ltiger Handarbeit, mit viel Zeit und Liebe zum Detail. Wir verwenden ausschliesslich nat&uuml;rliche Zutaten und bevorzugen Rohstoffe aus der Region, wann immer m&ouml;glich. Besonders stolz sind wir auf unsere Brote aus wertvollem Urdinkel &ndash; einer urspr&uuml;nglichen, n&auml;hrstoffreichen Getreidesorte, die f&uuml;r ihren Geschmack und ihre gute Vertr&auml;glichkeit gesch&auml;tzt wird. Tradition und Qualit&auml;t stehen bei uns im Mittelpunkt &ndash; ganz ohne industrielle Zus&auml;tze, daf&uuml;r mit Verantwortung gegen&uuml;ber Mensch, Natur und unserer Heimat. F&uuml;r uns ist Backen mehr als ein Beruf &ndash; es ist gelebte Leidenschaft, famili&auml;res Miteinander und das t&auml;gliche Streben nach echtem Geschmack.</p>;9.1132313;47.3540722;Dorfstrasse;9621;Neckertal;+41713741180;info@baeckerei-bleiker.ch;https://baeckerei-bleiker-ch;[{'@type': 'ImageObject', 'contentUrl': 'https://ostpimtsoch.sos-ch-dk-2.exoscale-cdn.com/catalog/6/8/8/1/68815b9769813f19c7d3a41dfbc15cd4e2726bc1_118f0bb298398fe0ffa75b123d176928.png'}];2025-12-05T20:09:43+01:00
246fb02b-01a5-4624-b76d-a32b9a509010;Quellpark Kundelfingerhof;Im Quellpark Kundelfingerhof dreht sich alles rund um Fisch, Genuss und Wasser. Neben dem Natur- und Angelpark finden Gäste ein à la Carte-Restaurant, den Bankettpavillon am Teich, einen Hofladen, eine Hofmanufaktur, einen Angelshop und die bekannte Fischzucht.;Der Natur- und Angelpark bietet ein ideales Ziel für einen Genuss-, Firmen- oder Familienausflug. Im Restaurant spielt der eigene Fisch die Hauptrolle. Eine idyllische Atmosphäre, gepaart mit herzlicher Gastfreundschaft und kulinarische Köstlichkeiten, erwartet die Besuchenden. Auf die kleinen Gäste wartet ein Spielplatz draussen und Mal- und Spielsachen drinnen. Die Küche zaubert zudem feine kindergerechte Gerichte. Der Bankettpavillon direkt am Wasser ist die ideale Lokalität für Hochzeiten und Bankette bis 150 Personen. Alle Räumlichkeiten sind barrierefrei und rollstuhlgängig.

Der Selbstbedienung-Hofladen präsentiert ein grosse Auswahl an lokalen Spezialitäten in der Region. Viele Produkte stammen aus der eigenen Hofmanufaktur. Der Angelshop dient als Anmeldung für den Angelpark und bietet eine Auswahl an Angelzubehör und Ködern. Der Hofladen und der Angelshop sind 24/7 geöffnet. Bezahlt wir an einer Selfscanning-Kasse.;8.7078125;47.6771618;Kundelfingerhof;8252;Schlatt;+41 52 646 06 06;info@kundelfingerhof.ch;http://www.kundelfingerhof.ch/;[{'@type': 'ImageObject', 'contentUrl': 'https://ostpimtsoch.sos-ch-dk-2.exoscale-cdn.com/catalog/f/8/3/3/f833cff667acdc70aef4303d529d7391b01f9b08_e06ad49ef7095a140a71f18215b66292.jpg'}];2026-02-17T00:01:08+01:00
24748c3a-5642-490b-a48d-276e5a1bf358;Bäckerei-Konditorei Meyerhans;Bäckerei, Konditorei, Café und Restaurant in einem!;In unserer Bäckerei stellen wir täglich frisch die verschiedensten Brotsorten unter dem Reinheitsgebot des Naturel Labels  her.
In unserer Konditorei finden Sie alles was süsse Herzen höher schlagen lässt.
Unsere Produkte werden alle nach strengen Produktionsrichtlinien und gesunden Zutaten produziert. Von Torten über Patisserie bis zum Dessertbuffet für Ihr Fest.
Ebenfalls in der Konditorei hergestellt werden unsere feinen Appenzeller-Biber, die schon mehrere Preise gewonnen haben.;9.6017416;47.4514749;Dorf 51;9428;Walzenhausen;+41 71 888 14 80;info@beckmeyerhans.ch;http://www.beckmeyerhans.ch/;[{'@type': 'ImageObject', 'contentUrl': 'https://ostpimtsoch.sos-ch-dk-2.exoscale-cdn.com/catalog/e/f/a/5/efa511a05fadab60ebf5641da34a850100d18e7b_7388127bf2fe4e63525b0e6ee2e518e1.jpg'}];2025-11-19T19:04:57+01:00
2524149c-896d-41c6-9019-d214ba14d869;Bäckerei Konditorei Confiserie Café Ziehler Stein;Bei uns spüren Sie die Liebe zum Handwerk noch – wir vereinen Geschichte mit Innovation und kreieren mit Stolz und Akribie zu höchster Qualität praktisch sämtliche Produkte in unserem Sortiment selbst.

Etwas Toggenburg für alle.;Wir sind ein Familienbetrieb in dritter Generation, legen Wert auf Tradition, Regionalität, Innovation und Menschlichkeit. Wir sind ein bunt durchmischter Haufen, vom Lehrling bis zum längst pensionierten Mitarbeiter, der bestens aufeinander eingespielt ist.

Das Summen unserer Betriebsamkeit zieht Geniesser vom ganzen Tal, sowie weit darüber hinaus, an.

Infrastruktur für Zweiräder:
- E-Bike Ladestation
- Wasserhahn der zur Verfügung steht
- Reifen aufpumpen;9.22725;47.19861;Hauptstrasse 296;9655;Stein;071 994 19 90;info@ziehler.ch;https://ziehler.ch/;[{'@type': 'ImageObject', 'contentUrl': 'https://ostpimtsoch.sos-ch-dk-2.exoscale-cdn.com/catalog/7/1/c/8/71c82515e64c4171edd0b7998669ba530bbbeb0b_f322aa8f68fb2b0a1eda0dc1c5bd12bf.jpg'}];2025-10-28T16:12:59+01:00
257aa86f-c296-4898-8c2a-167acaa95bf2;erMarina Event- & Gastroschiff;Ehemals Bodenseekursschiff «MS Kreuzlingen» – heute stilvolles Event-, Gastroschiff und Fondue-Chalet in einem. Das «erMarina» in Ermatingen verwöhnt Gäste mit kreativer und auserlesener Küche, malerischen Sonnenuntergängen und wunderbaren Ausfahrten auf dem Untersee.;Schon über 65 Jahre alt ist das ehemalige Kursschiff MS Kreuzlingen. Trotzdem wurde es nicht in Pension geschickt – nein, es erhielt eine Verjüngungskur. Stilvoll renoviert und zum Restaurant umgebaut liegt es nun seit 2021 als «erMarina» in Ermatingen an der neuen Hafenanlage Stedi in Ermatingen. Mit gekühltem Drink in der Hand und sanft geschaukelt relaxt man hier auf der Decklounge oder lässt sich im Restaurant raffinierte regionale Spitzenkulinarik schmecken. Immer mit dabei: ein herrlicher Blick auf den Untersee. Das Schiff kann ausserdem täglich für Veranstaltungen und Ausfahrten für bis zu 180 Personen gebucht werden. Von Oktober bis März geniesst man im Winterschiff «SeeChalet» das beste Käsefondue der Region.;9.08575773239136;47.675010848212;Schifflände;8272;Ermatingen;+41 76 482 82 72 ;info@ermarina.ch;https://www.ermarina.ch;[{'@type': 'ImageObject', 'contentUrl': 'https://ostpimtsoch.sos-ch-dk-2.exoscale-cdn.com/catalog/3/5/7/f/357fc3e89682ac76150d6a07958d55ff854e69da_1d18b88e76e69d6ee5a40f31a70e418e.JPG'}];2026-03-12T23:23:58+01:00
25e451b6-85a3-4a8d-8c10-8bf1cb2b0e7c;focacceria St.Gallen;Hier findet man für jeden Geschmack, zu jeder Tageszeit und für jeden Hunger das Richtige.;<p>Die einmaligen Variationen an Antipasti, die grosse Auswahl an Pasta, Salaten, Suppen &amp; Desserts machen es m&ouml;glich, f&uuml;r jeden Geschmack das Richtige zu finden. Entgegen dem allgemeinen Trend von industriell hergestellten Convenience-Produkten wird zu 100% auf handveredelte K&ouml;stlichkeiten gesetzt. S&auml;mtliche Gerichte auf der Karte sind mit viel Liebe hausgemacht. Die Rohstoffe werden von Lieferanten aus der Region bezogen. Eine hochstehende Kaffeekultur, Bier aus der Region &amp; eine auserlesene Auswahl an Weinen erg&auml;nzen das kulinarische Angebot. Das Hauptaugenmerk liegt auf den Weinen aus Italien.</p>;9.375253998051948;47.427058450000004;Metzgergasse 22;9000;St.Gallen;+41 71 220 16 15;info@focacceria.ch;https://focacceria.ch/;[{'@type': 'ImageObject', 'contentUrl': 'https://ostpimtsoch.sos-ch-dk-2.exoscale-cdn.com/catalog/6/e/f/6/6ef66c47c64162ca76f6959dc151690517528969_48cbafdb89a1e145f0e7c864639d8a3c.JPG', 'caption': {'de': 'focacceria'}}];2026-02-02T18:38:05+01:00
25f39777-0e9a-4bfc-979a-d1563b9149b1;Weingut Heidelberg, Maienfeld;Das Weingut Heidelberg in Maienfeld bietet eine Besichtigung mit Weindegustation und Imbiss im rustikalen Weinstübli oder unter der Pergola im Weinberg. Die Eigenkelterung erfolgt in einem modernen Weinkeller und traditionellem Holzfasskeller.;Weingut mit 5 ha Rebland. Eigenkelterung in modernem Weinkeller und traditionellem Holzfasskeller.
Weingutsbesichtigung mit Weindegustation und Imbiss im rustikalen Weinstübli oder in der mit Reben bewachsenen Pergola mitten im Weinberg.

Einfache Küche, Catering möglich.;9.53107530744586;47.010756400000005;Heidelberggässli 4;7304;Maienfeld;+41 81 330 72 05;hp@lampert-weinbau.ch;http://www.lampert-weinbau.ch;[{'@type': 'ImageObject', 'contentUrl': 'https://ostpimtsoch.sos-ch-dk-2.exoscale-cdn.com/catalog/e/0/4/e/e04ead8b0cc20f88db5049eb9bed1a8e2769908f_e888020762c72675fe993bbc65ce00ab.jpg'}];2025-10-28T20:24:38+01:00
279e782f-c4b6-44f6-8187-013f435e3ce1;Lang's Café;Lang's Café ist ein Familienbetrieb mit täglich frisch zubereiteten Torten, Patisserie, Brot, Brötchen und belegten Broten. Geniessen Sie Mittagsmenüs und Abendessen in gemütlicher Atmosphäre. Passion und Qualität vereint!;Lang's Café in Neuhausen am Rheinfall ist ein vielseitiger Treffpunkt, der vom frühen Morgen bis spät abends geöffnet ist. Beginnen Sie Ihren Tag mit einem köstlichen Frühstück, mit hausgemachtem Gebäck und Gipfeli in gemütlicher Atmosphäre oder geniessen Sie ein herzhaftes Mittagessen aus der vielfältigen Speisekarte. Am Nachmittag laden hausgemachte Torten, Patisserie und Kaffeespezialitäten zum Verweilen ein. Abends können Sie bei einem leckeren Abendessen den Tag entspannt ausklingen lassen. Lang's Café bietet eine einladende Atmosphäre und freundlichen Service zu jeder Tageszeit.;8.6219848;47.6838789;Zentralstrasse 100;8212;Neuhausen am Rheinfall;+41 52 672 32 94;info@langs-cafe.ch;https://www.langs-cafe.ch;[{'@type': 'ImageObject', 'contentUrl': 'https://ostpimtsoch.sos-ch-dk-2.exoscale-cdn.com/catalog/7/a/9/4/7a94ffbad94332522ab419b4f62c0876ecc6d2b0_f2bb436548a6fda5b3b0bf2904b6b5ab.jpg'}];2025-02-17T12:46:31+01:00
28229e32-7d34-4c2c-9d1e-04fca65f7279;Teehaus LIU;Das Teehaus LIU in Bad Ragaz bietet Tees von kleinen, lokalen Herstellern, zubereitet mit frischem Quellwasser. Es ist ein Ort der Ruhe und Harmonie, ideal für Paare, Familien und Gruppen.;Um täglich eine perfekte Tasse Tee geniessen zu können, ist für uns ausschlaggebend, den Ursprung und den Entstehungsprozess des Tees zu kennen.

Vom traditionellen Anbau, übers sorgfältige Pflücken, hochwertige Verarbeiten bis hin zur passenden Verpackung und anschliessenden Versand gilt für uns nur die höchste Qualität.

Wir vertrauen den Teebauern und unterstützen sie partnerschaftlich. Unser gemeinsames Streben ist, dass Tee nicht nur durch den Wert der Teeblätter selbst, sondern auch durch die Hingabe und das Engagement der Menschen, die diesen Prozess begleiten, dem Tee eine spirituelle Erfahrung und nachhaltig positive Bedeutung mitgeben.

Jeder Teegarten und jeder Mensch, der mit Tee in Berührung kommt, verdient es, geschätzt zu werden.

Was wir weitergeben, ist die Legende des Tees, das Geschenk der Natur, aber auch die Teekultur und die Wahrheit, Güte und Schönheit der Menschen.

Unsere Tees stammen von kleinen, lokal tätigen Herstellern und werden grösstenteils von Hand hergestellt. Dazu zählen beispielsweise die Teehändler von Fēngfù (豐傅) oder die Teegärten von Wuyishan, die zu unseren zuverlässigen Partnern gehören.;9.502216;47.0029044;Maienfelderstrasse 5;7310;Bad Ragaz;+41 81 304 22 87;info@teehausliu.com;https://teehausliu.com/;[{'@type': 'ImageObject', 'contentUrl': 'https://ostpimtsoch.sos-ch-dk-2.exoscale-cdn.com/catalog/a/8/e/f/a8ef5943b7b68151205b0fd114e4375b6aff0cd5_089707a6b22f1ffce7f9174e98188619.jpg'}];2025-07-24T20:15:47+02:00
296ef3a0-8118-420f-8759-4c3faef3bacb;Restaurant Tertianum Blumenaupark;Das Restaurant Tertianum Blumenaupark in Unterterzen bietet eine Auswahl an liebevoll angerichteten Speisen und Desserts. Gäste können auch verschiedene Kaffees, erfrischende Getränke und kleine Snacks geniessen. Es ist für Paare, Familien, Gruppen und Singles geeignet.;In unserem öffentlichen Restaurant werden Sie von unserem Küchenteam mit liebevoll angerichteten Speisen und Dessertkreationen verwöhnt. Neben verschiedenen Kaffeevarianten erhalten Sie bei uns auch erfrischende Getränke oder einen kleinen Snack für zwischendurch. Auch Angehörige und Freunde unserer Gäste sind herzlich willkommen.;9.253684737470934;47.11229805;Vorbachstrasse 7;8882;Unterterzen;+41 81 544 45 45;blumenaupark@tertianum.ch;https://www.tertianum.ch/wohn-pflegezentrum/tertianum-blumenaupark#gastronomie;[{'@type': 'ImageObject', 'contentUrl': 'https://ostpimtsoch.sos-ch-dk-2.exoscale-cdn.com/catalog/2/7/1/1/2711615e5f21417c9caf8d6676ca0f0d0dcf399c_c456bb7850ff9b6617c1834c4f94a899.jpg'}];2026-09-04T20:58:55+02:00
2a17a0c8-1654-4f14-ae3e-0a9d797ddb27;vinoTon Weine - Heusi Rebbau;Heusi Rebbau mit den musikalischen Weinen;Philipp Heusi kultiviert seit über 20 Jahren mit viel Herzblut und Engagement seine Reben im Chläggi. Dort liefert er einen wesentlichen Teil zur Verwirklichung seiner Vorstellung von authentischen Weinen aus den verschiedenen Lagen rund um Gächlingen. Er pflegt auf einer Fläche von 1,5 Hektaren die Sorten Riesling-Silvaner, Sauvignon Blanc, Regent und Pinot Noir. Die lagenrein ausgebauten, sehr klaren, geradlinigen und ehrlichen Weine werden von der Rötiberg Kellerei, nach seinen Vorstellungen gekeltert und abgefüllt.

Der Verkauf der eigenen Weine hat in den letzten Jahren einen immer grösseren Stellenwert eingenommen. Was vor circa 20 Jahren eher als Nebengeschäft begann, wird seit 2012 stetig ausgebaut. In der «vinoton-linie» lassen sich nebst den Klassikern auch seltene Exemplare finden wie z. B. den «leggiero» (Regent Rosé) oder das «violoncello» (Cuvée Zweigelt/Pinot Noir). Natürlich haben auf dem Betrieb auch neue und spezielle Versuche ihren Platz.;8.4958576;47.7021892;Schulgasse 9;8214;Gächlingen;+41 79 226 52 33;info@vinoton.ch;https://www.vinoton.ch/index.html;[{'@type': 'ImageObject', 'contentUrl': 'https://ostpimtsoch.sos-ch-dk-2.exoscale-cdn.com/catalog/1/0/b/3/10b3778aa2d3db3dfe9a31770747e1f9301d4198_cfd6b40b44cf637982da7046a869b48a.jpg'}];2025-02-17T12:55:49+01:00
2a731480-73b8-4ed7-8d95-ec6e9fbfaa84;Restaurant Schloss Sargans;Das Restaurant Schloss Sargans bietet ein kulinarisches Erlebnis in den historischen Mauern des Schlosses. Regionale Köstlichkeiten und eine einladende Atmosphäre erwarten Besuchende. Geeignet für Paare, Familien, Gruppen und Singles.;HERZLICH WILLKOMMEN IM SCHLOSS SARGANS!
Wir heissen Sie herzlich willkommen und freuen uns darauf, in unserem Restaurant begrüssen zu dürfen.

Unser Restaurant, eingebettet in die historischen Gemäuer des Schlosses Sargans, lädt Sie zu einem unvergesslichen kulinarischen Erlebnis ein. Entdecken Sie die Vielfalt regionaler Köstlichkeiten, die mit Liebe zum Detail zubereitet werden und unsere Verbundenheit zur Umgebung widerspiegeln. Erleben Sie bei uns nicht nur exzellente Speisen, sondern auch eine Atmosphäre, die den Charme der Region ausdrückt– regional, herzlich, einladend.;9.437401316477047;47.05020255964923;Hinterschlossweg 1;7320;Sargans;+41 81 723 13 13;info@schloss-sargans.com;https://www.schloss-sargans.com/;[{'@type': 'ImageObject', 'contentUrl': 'https://ostpimtsoch.sos-ch-dk-2.exoscale-cdn.com/catalog/e/d/f/a/edfa051551337de5cdf19e26aec7b2aeb10ccf55_bd9952e3ddae35d83f052db506578cce.jpg'}];2025-07-24T20:23:28+02:00
2b82e8ac-4eac-43cb-af61-c316c85f3b96;Vinorama;Im ehemaligen Rathaus an der Vordergasse 73 finden Sie 30 Weine aus dem Schaffhauser Blauburgunderland.;<p>Frische Weissweine und fruchtige, gehaltvolle Rotweine. Greifen Sie direkt zu und kaufen Sie Ihren Lieblingswein vor Ort. Auf Wunsch werden Sie in die Geheimnisse der besten hiesigen Tropfen eingeführt und erfahren vielseitige und interessante Informationen über unser Weinbaugebiet.</p><p><b>Oenomat<br></b>Entdecken und degustieren Sie Weine aus dem Schaffhauser Blauburgunderland. In unserem Oenomaten stehen jeweils bis zu acht Weine zur Auswahl, welche regelmässig gewechselt werden. Die Weine sind stets perfekt temperiert und das System schützt vor Oxidation und Qualitätsverlust.</p><p>Mit Ihrer persönlichen <a href="https://schaffhauserland.ch/de/index/shop/wertkarte-blauburgunderland.html#/experience/TDS00020013355732424">Wertkarte</a> probieren Sie nach Herzenslust und finden sicherlich den passenden Wein ganz nach Ihrem Geschmack.</p><p>Das Vinorama hat jeweils zu den Öffnungszeiten des Visitor Centres geöffnet.</p>;8.6342689;47.6963232;Vordergasse 73;8200;Schaffhausen;+41 52 620 40 82;info@blauburgunderland.ch;https://blauburgunderland.ch/de/;[{'@type': 'ImageObject', 'contentUrl': 'https://ostpimtsoch.sos-ch-dk-2.exoscale-cdn.com/catalog/d/8/3/c/d83c1ecd9997605f9dc6ec2668ea5deb7de38d05_7da586b38cbf4382ca724717fda0940e.jpg'}];2025-07-22T18:58:07+02:00
2c4e38f7-8d1f-45b9-a701-78637e23a43f;Lattmann's Bar & Lounge GmbH;Lattmann's Bar & Lounge in Bad Ragaz bietet eine Zigarren-Lounge mit Humidor, saisonale Küche und eine Auswahl an erlesenen Weinen und Whiskys. Die Bar ist sowohl drinnen als auch draussen geöffnet und eignet sich für Paare, Gruppen und Singles.;Willkommen in der Lattmann’s Bar & Lounge – dein Treffpunkt für feine Drinks, gute Gespräche und besondere Abende. 

Bei uns gibt’s alles zum Anstossen: von Bier über Wein bis hin zu guten Drinks. Dazu eine Zigarre oder etwas Feines aus der Küche. Einfach das, worauf du gerade Lust hast.

Hier sollst du dich wohlfühlen und den Abend so geniessen, wie er für dich passt. Mit Freunden oder einfach für dich selbst. Zusätzlich veranstalten wir regelmässig Live-Musik und abwechslungsreiche Events.

Schau bei uns rein – wir freuen uns auf dich!;9.5004767;47.0022523;Am Platz 10;7310;Bad Ragaz;+41 81 330 76 12;info@lattmanns.ch;https://www.lattmanns.ch/;[{'@type': 'ImageObject', 'contentUrl': 'https://ostpimtsoch.sos-ch-dk-2.exoscale-cdn.com/catalog/6/7/2/1/6721c2912f63e5c220e83326294dfcaaf71c4dba_1414209594bab5f82ed7c8222147dfb1.jpeg'}];2026-06-22T20:36:15+02:00
2cb39645-e586-4e46-8ea8-a1760320f5f7;Brauhaus Sternen;Das Brauhaus Sternen in Frauenfeld wurde vor bald 30 Jahren mit folgendem Geschäftszweck gegründet: Betrieb von bierfreundlichen Restaurants. Auch heute noch ist man diesem Zweck treu geblieben und braut in Frauenfeld selber.;Die Sternenbeiz ist mit viel Holz ausgestattet und lädt zum Geniessen ein. Zu den Bierspezialitäten stehen klassische Gerichte wie Hefeteigfladen, Quarkteigkrapfen, Bagels, Brauhaus-Burger, Münchner Weisswurst und auch Bierwurst zur Auswahl. 

Jeden Sonntag wird ein feiner Brauhaus-Bier-Brunch mit Bier zum Selberzapfen angeboten. Zudem können Bankette, Seminare und Feste im Brauhaus gefeiert werden. Führungen, Degustationen sowie Braukurse runden die Erlebnisgastronomie ab. 

Wenn es ums Bier geht, ist man im Brauhaus Sternen genau an der richtigen Adresse.;8.9006159;47.5585;Zürcherstrasse 216;8500;Frauenfeld;+41 52 728 99 09;frauenfeld@brauhaus.ch;http://www.brauhaus.ch/;[{'@type': 'ImageObject', 'contentUrl': 'https://ostpimtsoch.sos-ch-dk-2.exoscale-cdn.com/catalog/0/e/6/1/0e610725d2d06110cf0e8ee55b4468e39871bcd7_84dd14c15c819477a6248b38519bc9a8.jpg'}];2025-02-17T13:26:36+01:00
2d522e24-9b6d-4278-bf2e-d9a8a7eddff7;Wein Bar & Café Sternen;Das Wein Bar & Café Sternen in Malans bietet eine entspannte Atmosphäre mit lokalen Weinen, einfachen Speisen und einem Kulturprogramm. Es ist ein idealer Ort für Familien, Paare und Gruppen, um sich zu treffen und zu verweilen.;Gemütliches Verweilen im Café, ein Glas Wein an lauen Abenden, auf dem Weg nach Hause auf dem Platz Leute treffen und doch noch ein bisschen länger bleiben, ein Konzert oder eine Lesung bei uns besuchen... Wir freuen uns auf Ihren Besuch!;9.5761389;46.9820344;Dorfplatz 8;7208;Malans;+41 76 407 72 08;mail@sternen.cafe;https://www.sternen.cafe/;[{'@type': 'ImageObject', 'contentUrl': 'https://ostpimtsoch.sos-ch-dk-2.exoscale-cdn.com/catalog/d/d/0/e/dd0e31fe66108b737c5ca35fc8a534dddf33bfeb_bbb2e6cbb433f61ed1248916177ca3ff.jpeg'}];2025-09-09T20:25:57+02:00
2e142f54-2010-4386-88ae-38c6d630c690;Alpwirtschaft Leser;Geniessen Sie einige Stunden abseits des Rummels!;Die Alpwirtschaft Leser erreichen Sie zu Fuss oder mit dem Bike. Oben angekommen, werden Sie mit einer einmaligen Aussicht auf den Säntis belohnt. Geöffnet von Juli bis September. 
;9.26127;47.22057;Wies 312;9655;Stein;079 933 07 01;[{'@type': 'ImageObject', 'contentUrl': 'https://ostpimtsoch.sos-ch-dk-2.exoscale-cdn.com/catalog/b/4/1/0/b410b3037fc82a35ec9e9e9fafb747d0c11632ab_bd0ab74fc9e5be782de049dc18faef58.jpg'}];2026-06-08T19:46:47+02:00
2e1de345-60e8-4b51-a947-1471191286c4;Alpwirtschaft Wimpfel;Gerne begrüssen wir Sie in unserer urchigen Alpstube und laden Sie zu gemütlichen Stunden mitten in der Neckertaler Natur ein.;Ganz nach dem Motto: "efach aber herzlich" bieten wir einfache, hausgemachte Speisen an. Beliebt ist unsere Gerstensuppe sowie das Wimpfel- Plättli. Auf Anfrage bekochen wir unsere Gäste gerne mit währschafter Älplerkost.

Bei Heuwetter und Ruhetagen steht Ihnen unsere Selbstbedienung zur Verfügung. Wir danken für Ihr Verständnis.

Anfragen und Reservationen nehmen wir gerne telefonisch entgegen.;9.15290415287018;47.33746976434874;Wimpfel 922;9122;Ebersol;+4171 377 21 10;https://alp-wimpfel.ch/;[{'@type': 'ImageObject', 'contentUrl': 'https://ostpimtsoch.sos-ch-dk-2.exoscale-cdn.com/catalog/2/b/e/6/2be62448bff39e35cb713f6badc3dffe952f8877_53e1b723112fc59b837bbf6a6fb6483d.PNG'}];2025-10-28T16:20:36+01:00
2e9977b7-dd99-4dc8-bdf1-28e7491aaea5;Einstein Bar;Prost, Cheers & Santé!;«Clubatmosphäre im englischen Stil» ist die wohl passendste
Umschreibung für die Stimmung, die in der Einstein Bar herrscht. Hier treffen sich Menschen aus St.Gallen und der ganzen Welt.

Unterschiedlichste Cocktails, rund 100 Whiskys und Spitzenweine, Bier vom Fass oder köstliche Eigenkreationen lassen kaum einen Wunsch offen.;9.3754457;47.4214519;Berneggstrasse 2;9000;St. Gallen;+41 71 227 55 55;info@einstein.ch;https://www.einstein.ch/de/essen-trinken/einstein-bar;[{'@type': 'ImageObject', 'contentUrl': 'https://ostpimtsoch.sos-ch-dk-2.exoscale-cdn.com/catalog/8/a/e/3/8ae30589d1a76acf1b99af8317fc19e0337bae04_34943a7e01b344b0c7f3a1e059e15a53.jpg'}];2026-04-14T17:34:42+02:00
30b9c5d2-3d69-4228-ae16-2c8d3dd3dbbf;Memories;Das Restaurant Memories in Bad Ragaz bietet ein einzigartiges kulinarisches Erlebnis mit 3 Michelin-Sternen und 18 Gault-Millau-Punkten. Es vereint Innovation, Saisonalität und Naturverbundenheit in der Schweizer Alpenküche.;3 Michelin-Sterne &amp; 1 Grüner Michelin-Stern | 18 Gault-Millau-Punkte
Produktebewusstsein, Innovation und Saisonalität sind in Sven Wassmers Philosophie tief verankert. Im Memories, seinem Signature-Restaurant, setzt er dies konsequent um – klar und reduziert interpretiert er die Schweizer Alpine Küche zu einem authentischen und naturverbundenen Gesamterlebnis.
Seine Kreationen richten sich nach den Jahreszeiten und wandeln sich mit ihrem Verlauf. Hier geniessen Sie anstatt eines à la Carte Menüs, ein Surprise Degustationserlebnis mit mehreren Geschmackserinnerungen. Das Memories ist ein Wohlfühlort, der zurückkehrt zum Ursprung der Gastlichkeit. Ein bewusster Ruhepol, der kompromisslose Qualität, Stil und Natur vereint.;9.5039179;47.000046;Bernhard-Simonstrasse;7310;Bad Ragaz;+41 81 303 30 35;info@memories.ch;http://www.memories.ch;[{'@type': 'ImageObject', 'contentUrl': 'https://ostpimtsoch.sos-ch-dk-2.exoscale-cdn.com/catalog/5/b/c/5/5bc5a4ccd02253429ff14e21b6e3661f5ff0a135_d7c0a8a56970f01ed0771c4c3db6efcf.jpg'}];2026-06-22T20:57:18+02:00
3111282f-ea8a-4af4-834e-3a0086e2843a;flon;Von Jung für Jung: Partys, Konzerte, Ausstellungen, Poetry Slam, Siebdruck, Fotografie, Grafik, Kunst, Theater, Breakdance, Tanz und mehr;Im Jugendkulturraum flon finden Konzerte, Partys, Theater, Ausstellungen und vieles mehr statt. Geführt wird der Jugendkulturraum von einer Betriebsgruppe, bestehend aus Jugendlichen und jungen Erwachsenen zwischen 16 und 26 Jahren. Sie plant und organisiert Veranstaltungen mit der Unterstützung von Mitarbeitenden der Offenen Jugendarbeit Zentrum St.Gallen. Der Jugendkulturraum dient als Plattform, um sich einem grösseren Publikum zu präsentieren. Der Raum steht zudem für verschiedene Produktionsformen wie Tanztraining, Theaterproben oder Bühnenbildgestaltung zur Verfügung. Jugendliche, die eine Idee zur Durchführung von Projekten oder Aktionen haben, werden von den Mitarbeitenden der Offenen Jugendarbeit Zentrum fachlich unterstützt und begleitet. Dabei helfen sie bei der Suche nach Finanzierungsmöglichkeiten, der Einhaltung rechtlicher Bedingungen und bei der Vermittlung von Kontakten zu Bands etc.;9.3674668;47.4198138;Davidstrasse 42;9000;St. Gallen;+41 71 224 42 39;info@flon-sg.ch;https://www.flon-sg.ch/;[{'@type': 'ImageObject', 'contentUrl': 'https://ostpimtsoch.sos-ch-dk-2.exoscale-cdn.com/catalog/0/2/0/2/02025248b936445ffc30ff54cbd7bf76a3a04a15_a14e37944525a44626559dc7a6aaac8f.jpeg'}];2026-06-16T20:10:27+02:00
32bf7c58-540e-4586-b057-028d98d8c47d;Kafi einzigartis...;Gemütlichkeit, Kreativität und Genuss an einem Ort;Eingebettet in eine idyllische Umgebung, direkt am plätschernden Bach und in unmittelbarer Nähe zu beliebten Bike- und Wanderwegen, ist das Kafi einzigartis der perfekte Ort für eine Pause voller Genuss und Inspiration.

Ob ein feines Frühstück (auf Voranmeldung), hausgemachte Desserts oder regionale Spezialitäten – bei uns stehen Gemütlichkeit und Qualität an erster Stelle. Für Kinder gibt es eine liebevoll eingerichtete Spielecke drinnen, einen Spielplatz direkt nebenan und einen Wickeltisch für die Kleinsten.

Tipp für Ausflügler: Kombinieren Sie Ihren Besuch im Kafi mit einem Bummel durch das charmante "kleine Warenhaus" Artis Büro & Freizeit AG. Dort finden Sie auf 120m2 eine sorgfältige Auswahl an Geschenk- und Papeterieartikeln, schöner Mercerie, stilvoller Lingerie und herzigen Kinderkleidern – ein wahres Paradies für kreative Schatzsucherinnen.

Zusätzlich laden unsere Kreativworkshops dazu ein, selbst aktiv zu werden und Neues auszuprobieren – ideal für Gruppen, Familien oder einfach alle, die Lust auf etwas Besonderes haben.

Ob auf dem Familienausflug, der Radtour oder als kreativer Zwischenstopp – das Kafi einzigartis mit der Artis Büro & Freizeit AG ist ein Ausflugsziel, das Herz und Sinne anspricht.;9.0714171;47.3605321;Am Bach 8;9606;Bütschwil;+41 77 261 26 36;info@artisag.ch;https://www.artisag.ch/einzigartis/;[{'@type': 'ImageObject', 'contentUrl': 'https://ostpimtsoch.sos-ch-dk-2.exoscale-cdn.com/catalog/8/7/6/4/8764f56dbea8fe0d9ecbc56e0def84f86ceabe9b_df3b6a7cd05b9dbec7f846e57be2bdc4.jpg'}];2025-10-28T16:12:59+01:00
33f3d505-b3e9-4761-b91b-6963ae262ff0;Weingut Möhr-Niggli;Das Weingut Möhr-Niggli in Maienfeld bewirtschaftet rund 4 Hektar Rebfläche und konzentriert sich auf die Burgundersorte Pinot Noir. Besuche und Weinverkauf sind nur nach Anmeldung möglich.;Auf rund 4 Hektaren in Maienfeld und auf 0.6 Hektaren in Maisprach – Basellandschaft – wird Weinbau betrieben. Der Fokus liegt dabei auf der ursprünglichen Burgundersorte Pinot Noir. Daraus entstehen nebst dem „PILGRIM“, ein Pinot Noir aus den bevorzugtesten Lagen um die Stadt Maienfeld, noch weitere Crus aus Einzellagen auf 3 sehr unterschiedlichen Terroirs. 

Das ganzheitliche Arbeiten liegt uns am Herzen. Sei dies das Bewirtschaften der Rebberge, das Pflegen und Begleiten der noch jungen Weine im Keller, oder der persönliche Kontakt zu unseren Privatkunden, Gastronomen sowie Weinfachhändlern.;9.5301356;47.0100865;Steigstrasse 22a;7304;Maienfeld;+41813301083;info@moehr-niggli.ch;https://www.moehr-niggli.ch/;[{'@type': 'ImageObject', 'contentUrl': 'https://ostpimtsoch.sos-ch-dk-2.exoscale-cdn.com/catalog/9/5/4/8/9548719e32badcd55575f914dc3d34b74abbdf35_41636244c47963abb2f14b7a2a625559.jpg'}];2025-12-15T22:24:15+01:00
348329bc-30c3-4732-a8ce-89aeba69335c;Roman Rutishauser - Weingut am Steinig Tisch;Innovativ – traditionell – naturnah

Das Familien Weingut im St.Galler-Rheintal. Wir pflegen ehrliche Werte und ehrliche Weine seit drei Generationen. St.Galler Spitzen-Weine aus Thal, wir heissen Sie herzlich willkommen.;<p>Das Weingut am Steinig Tisch ist ein Familienbetrieb mit Selbstkelterung in dritter Generation. In den vorz&uuml;glichen Lagen des Buchbergs mit dem milden Klima, gedeiht in extremer Steillage auf kargem-tonigem Boden ausdruckstarkes Traubengut. Im Einklang mit der Natur und durch gezielte F&ouml;rderung der Biodiversit&auml;t werden 8 unterschiedliche Rebsorten kultiviert. Daraus entstehen im Weinkeller 14 verschiedene, erstklassige Qualit&auml;tsweine h&ouml;chster G&uuml;te. Diese sind Online aber auch direkt ab Gut zu beziehen. Die herrliche Landschaft der Rebbaugemeinde l&auml;dt zum Verweilen. Die "Steinig Tisch Treppe" f&uuml;hrt durch das Weingut zum &bdquo;Steinig Tisch&ldquo;. Auf der Terrasse des Restaurants geniessen die G&auml;ste bei einem Glas heimischem Wein die Rundsicht &uuml;ber Talschaft, Reben und Bodensee.</p>;9.5656852;47.4677944;Dorfstrasse 17;9425;Thal;+41 71 888 17 33;info@rutishauser-weingut.ch;http://www.rutishauser-weingut.ch/;[{'@type': 'ImageObject', 'contentUrl': 'https://ostpimtsoch.sos-ch-dk-2.exoscale-cdn.com/catalog/2/7/6/b/276b1dc303e9532ea742200aa5a8ee1086452fb2_3cafacd0558b6452188b6b637c669e44.jpg'}];2026-01-22T18:32:35+01:00
356fd147-5673-4de1-a03e-26021ed65c4c;Bärenstobe;In der Bärenstobe vereint Chef Carsten Kypke regionale Köstlichkeiten mit internationalen Aromen – begleitet von edlen Weinen aus dem Weinkeller.;Die Bärenstobe verbindet auf einzigartige Weise Tradition und Moderne. In den historischen Räumen des bereits 1751 urkundlich erwähnten Gasthauses erleben die Gäste gehobenes Fine-Dining. Executive Chef Carsten Kypke kreiert von Donnerstag bis Samstag ein Degustationsmenü mit vier bis sechs Gängen, das regionale Spitzenprodukte mit den vielfältigsten Geschmäckern dieser Welt vereint. Die Appenzeller Wurzeln bilden zwar die Grundlage, doch moderne Ansätze und frische Zutaten schaffen in der Bärenstobe gänzlich neue Geschmackserlebnisse. Das kulinarische Angebot wird seit kurzem durch eine passende Getränke- oder Weinbegleitung mit auserlesenen Tropfen aus dem eindrucksvollen Weinkeller abgerundet.;9.34668;47.32863;Dorfstrasse 40;9108;Gonten;+41 71 795 40 10;info@appenzellerhuus.ch;https://appenzellerhuus.ch/de/hotels/hotels/huus-baeren/kulinarik/baerenstobe/;[{'@type': 'ImageObject', 'contentUrl': 'https://ostpimtsoch.sos-ch-dk-2.exoscale-cdn.com/catalog/6/9/5/e/695e3871455338ff5f2525ceadb8cd68143e3094_e03e40ad3159034073cf43ffba33f72a.jpg'}];2025-05-14T17:35:32+02:00
35a0f17a-3d0f-40b7-a7c4-4e28b4bce805;Café Restaurant Drahtseilbähnli;Im Drahtseilbähnli wird das Geniessen zelebriert.;Der Familienbetrieb verwendet deshalb nur qualitativ hochwertige Produkte. Die fein ausgelesenen Spezialitäten stammen von Kleinbetrieben aus der Region. Der persönliche Austausch mit Gästen und die Gastfreundlichkeit erzeugen ein familiäres Ambiente zum Wohlfühlen.
Gegenüber und direkt bei der Talstation der Mühleggbahn hat das drahtseilbähnli einen kleinen Laden eröffnet mit Take away, hausgemachten Produkten und Geschenken.;9.3772255;47.4223143;Sankt Georgen-Strasse 3;9000;St. Gallen;+41 71 222 42 17;info@drahtseilbaehnli.ch;http://www.drahtseilbaehnli.ch/;[{'@type': 'ImageObject', 'contentUrl': 'https://ostpimtsoch.sos-ch-dk-2.exoscale-cdn.com/catalog/c/4/5/1/c4518295ac8b7f4a52909c57546a874bb8787491_5b699fd65687256eb12e921ac0459ac4.jpg'}];2025-12-17T18:19:23+01:00
3609f3f0-86ce-47b4-b24c-f1508d30e805;PinChu China Restaurant;China Restaurant im Herzen von St.Gallen;Authentische chinesische Spezialitäten in der Altstadt von St.Gallen mit Mittagsbuffet und Speisen à la Carte;9.3750858;47.4229504;Webergasse 16;9000;St.Gallen;+41712320806;info@pinchu.ch;https://pinchu.ch;[{'@type': 'ImageObject', 'contentUrl': 'https://ostpimtsoch.sos-ch-dk-2.exoscale-cdn.com/catalog/0/2/8/d/028d2fd032f58eafacc38c2f78289a510932d51d_2c5fd43a5d5bea41e3cd4d5529bd46e5.jpg'}];2025-05-14T17:35:32+02:00
3650fd5d-7451-4b07-9b1e-9f0908391298;OSWALD, Bäckerei-Café-Konditorei;Wir, die Bäckerei-Café-Konditorei OSWALD, sind ein Familienbetrieb, der seit über 100 Jahren in der Region etabliert und bekannt ist. Wir verbinden handwerkliches Können mit modernen Abläufen und setzen auf eine sorgfältige Verarbeitung sowie regionale, hochwertige Zutaten.;<p>Unser Sortiment umfasst eine breite Palette an Produkten, darunter verschiedene Sorten Brote und Br&ouml;tchen, regionale Spezialit&auml;ten sowie verschiedenste s&uuml;sse Leckereien. Zus&auml;tzlich laden wir Sie zu entspannten Momenten in unserem Caf&eacute; ein, wo Sie frische Backwaren, Kaffeespezialit&auml;ten und kleine herzhafte Snacks in gem&uuml;tlicher Atmosph&auml;re geniessen k&ouml;nnen.</p>
<p>Das t&auml;glich wechselnde Angebot l&auml;dt Sie dazu ein, die lokale Backkunst zu entdecken &ndash; etwas mitzunehmen oder vor Ort zu konsumieren. Wir legen grossen Wert auf eine kompetente, freundliche Beratung und eine angenehme Atmosph&auml;re in Caf&eacute; und Laden, in der sich Kundinnen und Kunden gut aufgehoben f&uuml;hlen.</p>;9.0687103;47.4102833;Bahnhofstrasse 8;9602;Bazenheid;+41719311081;info@baeckerei-oswald.ch;https://www.baeckerei-oswald.ch;[{'@type': 'ImageObject', 'contentUrl': 'https://ostpimtsoch.sos-ch-dk-2.exoscale-cdn.com/catalog/7/b/2/e/7b2eca2907c341d9e4cec58366de0a06dd67f8ee_0d31f5d8804487062ddc71283956c535.JPG'}];2025-12-05T20:09:43+01:00
37088b43-0321-44a6-8828-8d03e86e0ff4;Veranda Arbon;Den Sommer an Arbons Strandpromenade mit Freunden und Familie geniessen! Einen kühlen Drink schlürfen mit herrlicher Aussicht auf den Bodensee und die Arboner Bucht. ;Und das mit mediterranem Ambiente – viel Meer braucht man nicht zum Glücklichsein!

Die Gastgeber setzen setzen auf eine kleine aber feine Auswahl an frischer, fantasievoller und saisonaler Kost. Dazu gehört eine gelungene Auswahl an hausgemachten Bagels und Salatbowls. Sommerliche Drinks mit und ohne Alkohol dürfen natürlich auch nicht fehlen.

Am Wochenende kommen die Gäste in den Genuss des Veranda-Breakfasts mit Birchermüesli, Smoothie, Bagel oder Gipfeli. ;9.433926459971161;47.5116386;Bahnhofstrasse 49;9320;Arbon ;+41 79 765 91 97;hallo@verandaarbon.ch;https://verandaarbon.ch/;[{'@type': 'ImageObject', 'contentUrl': 'https://ostpimtsoch.sos-ch-dk-2.exoscale-cdn.com/catalog/0/a/d/d/0add8930fd84d90e9e8558b83d32790e7e60a422_e9fe5ca497a89c6aa03fb3c5247d3504.jpg'}];2026-05-26T17:38:10+02:00
38e9c8c1-607e-4c91-a2dc-a2bc7893462c;US-MEX Frauenfeld;Das US-MEX Restaurant Frauenfeld liegt direkt an der Murg vis-à-vis vom Schloss Frauenfeld. In ungezwungener Atmosphäre werden hier an 365 Tagen im Jahr US-Mexikanische Speisen zu fairen Preisen serviert.; Eintreten und das Leben geniessen! Das im US-Mexikanischen Stil gestaltete Restaurant mit grosszügiger Sonnenterrasse ist direkt an der Murg gelegen und lässt Urlaubsgefühle aufkommen! Die US-MEX Speisekarte bietet Klassiker und eigene Kreationen aus der mexikanischen und amerikanischen Küche, die durch geschmackliche Vielfalt, Frische und Qualität überzeugen. Es werden angemessen Portionen zu fairen Preisen serviert.

Direkt neben dem US-MEX Restaurant befindet sich der US-MEX Salón; eine Café Bar mit dem Flair eines gemütlichen Wohnzimmers. Serviert werden feine Kaffees & auserwählte Tees, süffige Cocktails sowie leckere Snacks für den kleinen Hunger.

Von April bis September lassen sich die Sonnentage am entspanntesten in der US-MEX Terraza, der Strandbar an der Murg ausklingen. Freuen dürfen sich die Gäste über gemütliche Lounges, ein passendes Getränkeangebot und unwiderstehliche US-MEX Snacks.;8.8963718;47.5547915;Zürcherstrasse 148;8500;Frauenfeld;+41 52 366 00 86;frauenfeld@usmex.ch;http://www.usmex.ch/;[{'@type': 'ImageObject', 'contentUrl': 'https://ostpimtsoch.sos-ch-dk-2.exoscale-cdn.com/catalog/a/d/3/c/ad3ca53a64cfefcb859496fa44c86ba02f4fb6a4_102a4ec113ad6da9dcca318152e1cd04.jpg'}];2025-02-17T13:28:20+01:00
398b87c0-0f1b-4c6a-9e32-62e653499a33;g'nuss;Alles mit 100 % Liebe und von Hand hergestellt:
Innovative Patisserie mit weniger Fett & Zucker - grosszügig im Geschmack!;<p>Herzlich Willkomen im g'nuss!&nbsp;</p><p id="u9070-6">Seit 2012 setzt g&rsquo;nuss mit <span id="u9070-2">feiner Patisserie, Sandwiches, Gelato und Schokolade-Kreationen</span> kulinarische Akzente. Als leidenschaftlicher Patisseur &uuml;berrascht Inhaber Stefan Bischof gerne mit neuen Ideen.</p><p>Bei g&rsquo;nuss wird Patisserie nach dem B-Concept hergestellt. Diese revolution&auml;re Methode erm&ouml;glicht es, die&nbsp;<span id="u9070-12">Patisserie-Kreationen mit weniger Fett, weniger Zucker und weniger Kalorien</span> herzustellen. Sie hat gleichzeitig einen intensiveren Geschmack, eine leichtere Konsistenz und ist erst noch besser verdaulich. Dabei ist alles hausgemacht, mit hochwertigen Zutaten m&ouml;glichst aus der Region. Am Samstag und Sonntag gibt es einen vielf&auml;lltigen, internationalen Brunch.</p><p>Wir freuen uns auf Euch!</p><p>&nbsp;</p>;9.380205273628237;47.42442912256757;Lämmlisbrunnenstrasse 4;9000;St.Gallen;+41 71 223 29 77;more@gnuss.info;https://gnuss.info;[{'@type': 'ImageObject', 'contentUrl': 'https://ostpimtsoch.sos-ch-dk-2.exoscale-cdn.com/catalog/f/2/c/9/f2c9a33d3a20d16d1f1ed653588fa16d93d9a2ee_a4ff150ca11f8cab8d4b45cc56895630.jpg'}];2026-06-16T20:10:27+02:00
3992ed78-ff57-46e1-b778-4766d4c914d0;Zuckerbäckerei Ermatinger;Handwerkliches Können & Qualität  mit Tradition seit 1894;Egal, ob sich der grosse oder kleine Hunger meldet, in der Zuckerbäckerei Ermatinger finden Sie immer etwas Passendes.

Duftendes Brot und Brötchen, feiner Zopf zum Sonntag, verführerische Pralinés, leckere Sandwiches, frische Gipfeli, süsse Stückchen - alles aus einer Hand vom «Ermatinger». Bei der «Sandibox», der kleinen Aussenstelle der Zuckerbäckerei, werden auch warme Snacks angeboten. Die Suppen im Winter sind dabei besonders geschätzt, im Sommer erfrischen hausgemachte Glaces Körper und Geist.;8.6333086;47.6969013;Fronwagplatz 11;8200;Schaffhausen;+41 52 625 39 39;info@zuckerbeck.ch;http://www.zuckerbeck.ch/;[{'@type': 'ImageObject', 'contentUrl': 'https://ostpimtsoch.sos-ch-dk-2.exoscale-cdn.com/catalog/7/5/b/f/75bfe0680fdbff9d550850d581b85d862a0ce736_ba4af1457ee3e93d532060c5df52f936.JPG'}];2025-02-17T12:46:31+01:00
3bbae94f-d4e6-4e41-a705-117a5297c409;Bäckerei Füger Handmade Mörschwil;Mit Restaurant, Café und Events;Inspiriert von der schönen Naturkulisse der Bodensee-Region wurde die Bäckerei-Konditorei-Confiserie und der Gastrobetrieb in den letzten Jahren ständig ausgebaut und den Bedürfnissen der Kunden und Gäste angepasst.

Aus über 160 Jahren Backkompetenz wurde die Philosophie in allen fünf Generationen weitergegeben. Natürlichkeit, Gesundheit, Nachhaltigkeit und Beständigkeit – So wird heute noch jeden Tag der Brotteig nach dem hauseigenen Rezept von Grossvater Beda und Vater Beda hergestellt.;9.4236445;47.4681741;Kirchstrasse 2;9402;Mörschwil;+41 71 866 12 19;info@fueger.ch;https://fueger-handmade.ch/moerschwil/;[{'@type': 'ImageObject', 'contentUrl': 'https://ostpimtsoch.sos-ch-dk-2.exoscale-cdn.com/catalog/0/6/6/2/066248bd3d8717fd86ddc0a9ee1846dc35ba0161_43f998b50861c3effd2ae9dcec39d830.jpg'}];2026-06-16T20:10:27+02:00
3c04ecfb-d9dd-4137-a4fc-4295339cf91a;Asien Restaurant Rama-Rama;Das Asien Restaurant Rama-Rama in Landquart bietet asiatische Spezialitäten aus Hong Kong-China, Malaysia und Thailand. Gäste können die Gerichte im Restaurant oder auf der grossen Terrasse geniessen.;Rama-Rama ist malaysisch und bedeutet soviel wie Schmetterling. Rama-Rama ist aber auch ein Asiatisches Restaurant mit Spezialitäten aus Hong Kong-China, Malaysia und Thailand.
Geniessen Sie unsere Spezialitäten entweder im Restaurant mittags und abends gemütlich und gedigen oder in den Sommermonaten auf der grossen Terrasse.;9.560419226747708;46.96788395;Bahnhofstrasse 42;7302;Landquart;+41 81 322 59 69;info@rama-rama.ch;http://www.rama-rama.ch;[{'@type': 'ImageObject', 'contentUrl': 'https://ostpimtsoch.sos-ch-dk-2.exoscale-cdn.com/catalog/b/d/a/1/bda1ad62aee800132cd525cbf0c15a7533320d08_9f6478f1937b4ce88f4c7bd18f914c5b.jpg'}];2025-10-28T20:23:31+01:00
3c4fe053-0eb2-4204-9fe5-8bcec667baec;gladys;Das Restaurant gladys im Clubhaus des Golf Club Bad Ragaz bietet innovative Küche und eine grosszügige Sonnenterrasse. Es wurde mehrfach als bestes Golf Restaurant der Schweiz ausgezeichnet und lädt mit einer Smoking Lounge zum Verweilen ein.;Das «gladys» befindet sich im modernen Clubhaus des Golf Club Bad Ragaz und ist ein Treffpunkt sowohl für Golfer als auch für Kulinarik-Begeisterte. Das innovative Küchenteam interpretiert bewährte Clubhaus-Klassiker immer wieder neu. Sonnenterrasse und Smokers Lounge laden zum gemütlichen Verweilen ein. Beim Swiss Golf Award 2018, 2020, 2021 und 2022 wurde das gladys als «Bestes Golf Restaurant der Schweiz» gekürt und erhielt beim Falstaff Restaurantguide 87 Punkte. Das mehrfach ausgezeichnete Restaurant besticht neben seinem stilvollen Innenausbau mit einer grosszügigen Sonnenterrasse. Die Smoking Lounge mit einer breiten Zigarrenauswahl und erlesenen Spirituosen lädt Golfer und Kulinarikbegeisterte zum Verweilen ein.;9.5048934;46.9989934;Hans-Albrecht Strasse 1;7310;Bad Ragaz;+41 81 303 37 20;gladys@resortragaz.ch;https://www.golfclubragaz.ch/gladys.html;[{'@type': 'ImageObject', 'contentUrl': 'https://ostpimtsoch.sos-ch-dk-2.exoscale-cdn.com/catalog/6/b/0/3/6b03fad8e084ef3ea4d4856b8026c73d34f49320_f042ed8f94f887649ad9bf898dddb4a8.jpg'}];2026-06-22T20:57:18+02:00
3dad61a4-8f0d-4650-ba63-ca6764dcbdf6;Bistro Live Weinfelden;Kulinarik & Gastfreundschaft in Weinfelden! Feinste Grillspezialitäten und auserlesene Weine gepaart mit einem persönlichen Service in einer familiären Atmosphäre. Herzlich willkommen im Bistro Live!;<p>Seit 1987 ist das Bistro Live ein Ort der Begegnung, an dem Gastfreundschaft und Genuss gelebt werden. Mit wechselnden Mittags- und Wochenmenüs, feinen Grillspezialitäten und besten Weinen zu fairen Preisen sorgen wir für Kulinarik, die Freude macht. Unsere Gerichte werden frisch zubereitet und wenn immer möglich verwenden wir saisonale Produkte aus der Schweiz von hochwertiger Qualität. Abgerundet durch einen persönlichen Service sorgen wir für eine familiäre Atmosphäre, in welcher sich jeder willkommen und wie zu Hause fühlen darf.</p>;9.1253678;47.5630951;Amriswilerstrasse 57;8570;Weinfelden;+41 71 622 57 55;info@bistro-live.ch;https://bistro-live.ch;[{'@type': 'ImageObject', 'contentUrl': 'https://ostpimtsoch.sos-ch-dk-2.exoscale-cdn.com/catalog/a/3/7/9/a3794f3166e10ce6af2113166da45ae137206e7a_1a92c39bc19a5ba7a85885d3152f6e97.jpg'}];2025-02-17T13:28:20+01:00
3dc366fa-f31f-417b-b060-2ffe2839fcdf;Berggasthaus Rotsteinpass;Das auf 2124 m.ü.M. gelegene Berggasthaus liegt auf einem Pass zwischen dem Säntis und Altmann mit gigantischem Blick ins Toggenburg und Appenzellerland. Trittfeste Wanderer und Kletterer finden hier eine atemberaubende Landschaft.;Geniessen Sie ein feines Bergmenü in unserer heimeligen Gaststube oder auf der Terasse mit einer gigantischen Aussicht. Wir bedienen Sie gerne mit einem stärkenden Menu oder einem erfrischenden Getränk.

Zudem verfügt das Berggasthaus über 80 Matratzenlagerplätze, zwei Doppelzimmer und ein Vierbettzimmer, welche mit Frühstück oder als Halbpension gebucht werden können.;9.365072250366213;47.24301295305826;[{'@type': 'ImageObject', 'contentUrl': 'https://ostpimtsoch.sos-ch-dk-2.exoscale-cdn.com/catalog/8/d/3/f/8d3f2c7b3f1e0bdfff68c9c9dfaa701c9a2b72a3_a23f5b63b4ab99dee90a616d0033388d.JPG'}];2026-06-11T20:00:02+02:00
3e328c39-0147-4bf0-9650-cd244ca0431c;Thomas Marugg Weingut;Das Thomas Marugg Weingut in Fläsch bietet Weindegustationen für Gruppen von fünf bis 50 Personen nach telefonischer Voranmeldung an. Es ist bekannt für seine lokale und einfache Küche in einer rauchfreien Umgebung.;Gerne empfangen wir Gruppen von 5 - 50 Personen für Weindegustationen auf telefonische Voranmeldung.;9.513280902915838;47.026143399999995;Ausserdorfstrasse 32;7306;Fläsch;+41 81 302 14 43;th.marugg@marugg-weine.ch;http://www.marugg-weine.ch;[{'@type': 'ImageObject', 'contentUrl': 'https://ostpimtsoch.sos-ch-dk-2.exoscale-cdn.com/catalog/0/2/7/b/027b60df1109185e19b780d4c446efc7dbf11a9b_d575476ebad3ad8bfe0580841ef8c0a5.jpg'}];2025-09-08T20:34:30+02:00
3e85cf3a-594c-498e-b9ba-c8c5ff457761;Brasserie Lok;Paris chez Brasserie Lok! Ein Stück Paris im Herzen von St.Gallen.;<p>Die Vergangenheit des Industriebaus lebt in den Schienen, den fahrbaren Sitzb&auml;nken und der offenen Raumgestaltung weiter. In der Brasserie Lok wird der Esprit de Paris nach St.Gallen gebracht. Weltbekannte Gerichte wie das Entrec&ocirc;te Caf&eacute; de Paris, der knackig-frische Salade Ni&ccedil;oise, die wunderbar schmackhafte Bouillabaisse und bretonische Austern regen die kulinarische Fantasie an. Und das Sortiment an feinsten Bordeauxweinen rundet jedes Gericht perfekt ab. Im Salon und im Bistro werden diese franz&ouml;sischen K&ouml;stlichkeiten und edlen Tropfen serviert. Die Bar l&auml;dt den ganzen Tag zum Verweilen ein &ndash; mit dem Morgenkaffee oder einem Glas Champagner. Dabei kann auch das imposante John Armleder Kunstwerk bewundert werden.</p>;9.36609420000002;47.4215912;Grünbergstrasse 7;9000;St. Gallen;+41 71 277 11 77;salut@brasserielok.ch;http://www.brasserielok.ch;[{'@type': 'ImageObject', 'contentUrl': 'https://ostpimtsoch.sos-ch-dk-2.exoscale-cdn.com/catalog/f/b/a/2/fba22a47d34da538e56d44b3a1912a7c762deff4_45cb7c73b2aa1a3f6ae363bccca53a94.jpg', 'caption': {'de': 'Kulturzentrum Lokremise'}}];2026-01-26T18:18:26+01:00
3ee82a8e-f87d-433c-a9de-2abaa1a0e540;Restaurant Morgenstern;Das Restaurant Morgenstern in Mels bietet ganzjährig gut-bürgerliche Küche und einen wundervollen Ausblick. In den Herbstmonaten werden Wildspezialitäten serviert. Es ist für Paare, Familien, Gruppen und Singles geeignet.;In den Herbstmonaten laden wir Sie herzlichst zu unseren Wildspezialitäten ein.;9.411385150460994;47.03582555;Weissrannerstrasse 73;8887;Mels;+41 81 723 15 92;kontakt@restaurant-morgenstern.ch;https://www.restaurant-morgenstern.ch/;[{'@type': 'ImageObject', 'contentUrl': 'https://ostpimtsoch.sos-ch-dk-2.exoscale-cdn.com/catalog/8/5/a/3/85a3a88c80eaba6a635f19bdfa2541149a2c30dd_e6f9c3be34a0bdf735dd3668da87e5bc.jpg', 'caption': {'de': 'Restaurant Morgenstern'}}];2025-10-28T20:23:31+01:00
3f46186c-7afe-4e63-8f31-7a35924f6ad7;Gallus Pub;Dein Irish Pub in St.Gallen! Unsere Türen stehen offen für alle, die Spass haben wollen und gute Gesellschaft suchen!;<p><strong>Unsere Highlights:</strong></p><ul><li><strong>Karaoke:</strong>&nbsp;Von Mittwoch bis Samstag kannst du deine Stimme auf zwei Stockwerken zum Besten geben. Keine Sorge, es geht nicht darum, perfekt zu sein, sondern einfach Spass zu haben! Du singst gerne, aber lieber f&uuml;r dich? Dann kannst du den 2. OG auch privat mieten.</li><li><strong>Pub Quiz:</strong>&nbsp;Jeden Freitag ab 20:00 Uhr testet ihr euer Wissen in verschiedenen Runden. Jede Woche gibt es ein neues Thema und einen neuen Champion.</li><li><strong>Getr&auml;nke:</strong>&nbsp;Geniesst frisches Guinness, Smithwicks, Gallus Old Style Ale und unsere leckeren Cocktails. F&uuml;r Whisky-Liebhaber haben wir erlesene Sorten aus Schottland und Irland im Angebot.</li></ul><p>Wir freuen uns darauf, euch bald bei uns begr&uuml;ssen zu k&ouml;nnen! Lasst uns gemeinsam unvergessliche Abende feiern.&nbsp;</p>;9.3752929;47.4268503;Metzgergasse 13;9000;St. Gallen;0+41795309282;info@gallus-pub.ch;https://gallus-pub.ch;[{'@type': 'ImageObject', 'contentUrl': 'https://ostpimtsoch.sos-ch-dk-2.exoscale-cdn.com/catalog/6/4/5/e/645e5639843490d5da6b96862d58d06283177b71_c5b60090c9903e57c2f8a0f202605dc0.jpg'}];2026-01-27T17:33:04+01:00
3f941a9c-5f69-425f-8735-466099dfb694;Restaurant Pinot;Das Restaurant Pinot in Fläsch bietet eine kulinarische Insel mit saisonalen Gerichten von Sternekoch Roland Schmid. Geniesse regionale und internationale Küche auf der einzigartigen Terrasse. Ausgezeichnet mit Bib Gourmand und 90 Falstaff-Punkten.;Das Pinot ergänzt das Ensemble der Klinik Gut in Fläsch als Insel der Kulinarik, der Genusses bei passendem Ambiente und einzigartiger Terrasse im schönen Garten.
Geniessen sie beim bekannten Sternekoch, Sebastian Titz, das täglich wechselnde saisonale Tagesangebot zum Lunch. Am Nachmittag unser hausgemachter Kuchen, Hausgemachte Glacespezialitäten, ein PINOT - Plättli oder ein Cervelatsalat mit einem Glas Wein. Unser Wochen Highlight ist der Gourmetabend jeweils Donnerstags ab 18 Uhr
Gekocht wird frisch, zeitgemäss und im Takt der vier Jahreszeiten. Mal mit regionalen Akzenten, mal international. Immer mit Liebe und Leidenschaft, einfach, ehrlich und vollendet im Geschmack. In den Kreationen vermählt sich Neues mit Traditionellem. Gerne spürt Sebastian Titz dafür die besten Lebensmittel lokaler Produzenten auf. Auch ein gutes Glas Wein wird optimal auf das Gericht abgestimmt. Lassen Sie sich begeistern.
Das Restaurant Pinot wurde mit der Auszeichnung "Bib Gourmand" MICHELIN Schweiz, das heisst bestes Preis-Leistungs-Verhältnis gekürt sowie mit 90 Punkte bei "Falstaff" ausgezeichnet.;9.514217442187299;47.0240965;Steigstrasse 12;7306;Fläsch;+41 81 595 55 57;reservation@restaurant-pinot.ch;http://www.restaurant-pinot.ch;[{'@type': 'ImageObject', 'contentUrl': 'https://ostpimtsoch.sos-ch-dk-2.exoscale-cdn.com/catalog/1/b/1/6/1b163490c430d08fd191a6719003ad44798da83a_a1d948f1c0dd2b77f9ade092d1824291.jpg'}];2026-01-01T16:30:26+01:00
3ffe9ea2-ec32-4317-9c04-8f5245a1c8cd;HERMANN Bier - Brauerei & Lokal;Marco Hermann und Gianluca Bernet brauen Bierspezialitäten mit viel Leidenschaft.;Im Hochparterre erwartet die Gäste ein gemütliches Lokal mit Holz-Bar. Hier gibt es vor Ort gebraute Biere wie auch Gastbiere - frisch gezapft ab bis zu 14 Zapfhahnen - zu geniessen. Im hinteren Teil des Lokals ist Platz für Degustationen. Ein kleines aber feines Speiseangebot rundet das Angebot ab. 

Im Untergeschoss der Lokalität befindet sich die Brauanlage. Sie besteht aus einem Maisch- und einem Läuterbottich sowie vier Gärtanks. An einem Brautag entstehen so 500 Liter Bierwürze. 

HERMANN Bier legt Wert auf biologische Erzeugnisse. Deshalb bestehen die Biere in Sachen Getreide ausschliesslich aus Bio-Malz. Wenn immer möglich wird auf Hopfen aus lokalem Anbau zurückgegriffen.;9.381051;47.424613;Lämmlisbrunnenstrasse 18;9000;St. Gallen;+41 71 556 59 95;info@hermannbier.ch;https://hermannbier.ch/;[{'@type': 'ImageObject', 'contentUrl': 'https://ostpimtsoch.sos-ch-dk-2.exoscale-cdn.com/catalog/a/e/c/9/aec9ec9ee8bfa2b2964fe91d5f67944a592e2a35_25c875e217bd9d5c10a64ca929370cd0.jpg'}];2026-01-29T17:48:58+01:00
40473de1-aea1-4772-adcc-4ec078b60fdd;Hotel Restaurant Sternen;Lassen Sie sich in unserem familiär geführten, neu renovierten Dreisternhotel verwöhnen.;<p>Das Hotel-Restaurant Sternen liegt Zentral im Dorf Nesslau. In der N&auml;he sind Bahnhof, Post, Einkaufsm&ouml;glichkeiten. Bekannt f&uuml;r diverse Events. (Party-Time, kulinarische Themenabende etc.)</p><p>&nbsp;</p><p>Auskunft zur Zug&auml;nglichkeit:&nbsp;<a href="https://www.ginto.guide/entries/257ffbab-55f8-4aed-a9d0-b831aeb52764?lnk_src=business" target="_blank" rel="noopener">ginto</a></p>;9.1990226;47.2240571;Hauptstrasse 28;9650;Nesslau;+41 71 994 19 13;sternen-nesslau@bluewin.ch;https://www.sternen-nesslau.ch/;[{'@type': 'ImageObject', 'contentUrl': 'https://ostpimtsoch.sos-ch-dk-2.exoscale-cdn.com/catalog/2/7/7/1/2771164be096a9acba5c56d4575d924b470dee4b_033dba0863a196b3ae9ce6a58ff121da.jpg'}];2026-04-17T20:08:39+02:00
40eb36bf-f138-470d-8914-95a295fd37d3;Erlebnis-Braukurs;Erlebe zusammen mit unserem Bier-Sommelier einen spannenden Tag (ca. 6.5 Stunden) und braue in einer Gruppe dein eigenes Bier.;<p>Nach einer Begr&uuml;ssung und einem kleinen Imbiss wirst du in die reiche Welt der Sch&uuml;tzengarten-Biere eingeweiht und erf&auml;hrst wichtige Fakten und Geschichten rund ums Brauen und das Thema Bier im Allgemeinen. Beim Brauen legst du selbst Hand an (Einmaischen, R&uuml;hren, Rasten, L&auml;utern). W&auml;hrend dem W&uuml;rzekochen und der Hopfengabe wird dir ein Brauer-Essen serviert. Dann geht es &uuml;ber zum zweiten Teil mit den Produktionsschritten im Whirlpool, der Hefebeigabe und Abf&uuml;llung ins G&auml;rfass. Der Sommelier f&uuml;hrt dich in die Aromakunde ein und gibt Erl&auml;uterungen zu Speisen ab, welche ganz besonders gut zu den verschiedensten Bierstilen passen. Der Anlass wird mit einer kleinen Vesperplatte kulinarisch abgerundet.</p><p>F&uuml;nf Wochen sp&auml;ter kannst du ca. drei Flaschen &agrave; 33cl deines eigenen Bieres im Getr&auml;nkemarkt St. Gallen abholen.</p>;9.3792971;47.4299863;St. Jakob-Strasse 37;9004;St. Gallen;+41 71 243 43 44;info@schuetzengarten.ch;https://www.schuetzengarten.ch/;[{'@type': 'ImageObject', 'contentUrl': 'https://ostpimtsoch.sos-ch-dk-2.exoscale-cdn.com/catalog/3/8/1/b/381b1ef72a44b30b5a9452c751b2b7d3b3e56c9f_3355e9b6878a2fce40fd4f1a07351952.jpg'}];2026-05-13T17:29:59+02:00
4104d59d-6d41-46f0-ac9f-1c8ab9961ea7;PeperOhni Café Laden und Bistro;Gemütliches Feinkostlokal mit hausgemachten, regionalen und mediterranen Spezialitäten;<p>Gerne bewirten wir Sie in unserem gemütlichen, liebevoll eingerichteten Lokal und auf der Terrasse. PeperOhni befindet sich in der charmanten Webergasse in der Schaffhauser Altstadt. Unser Angebot umfasst Kaffee- und Teespezialitäten, hausgemachte, saisonale Gerichte und Kuchen, Panini, Antipasti, spritzige Erfrischungsgetränke, regionale Biere, Weine und Apérodrinks. Herzlich willkommen!</p>;8.6363708;47.6982283;Webergasse 11;8200;Schaffhausen;+41 52 525 37 30;info@peperohni.ch;https://www.peperohni.ch;[{'@type': 'ImageObject', 'contentUrl': 'https://ostpimtsoch.sos-ch-dk-2.exoscale-cdn.com/catalog/3/9/2/c/392c692b5705a1265170ac847329e2ec24ccdb53_da71a000131bb718ad40a6417a137ac6.jpg'}];2025-03-31T18:45:36+02:00
424d7866-deae-46c2-baea-b1fd163598b1;MaschgeLuggä;Das Bergrestaurant Maschgenlücke bietet eine grosse südlich ausgerichtete Terrasse mit Panoramablick und viel Sonne. Im Winter geniessen Besuchende den Blick auf verschneite Gipfel, im Sommer auf Alpweiden und Murmeltiere.;Grosse südlich ausgerichtete Terrasse (120 Plätze im Sommer / bis zu 300 Plätze im Winter) mit herrlicher Panoramasicht und viel Sonne von früh bis spät. Gemütliches Restaurant für ca. 70 Personen.

Geniessen Sie im Winter wunderschöne Ausblicke auf das verschneite Panorama von Ringelspitz über Piz Sardona bis Spitzmeilen und Magerrain. 

Geniessen Sie im Sommer den herrlichen Ausblick über Alpweiden und Bergspitzen und beobachten Sie die Murmeltiere von unserer Terrasse aus!;9.256376516014837;47.0687943;Dachenweid Postfach 114;8898;Flumserberg Tannenbodenalp;+41 81 733 11 81;bartholet.lugge@bluewin.ch;http://www.lugge-flumserberg.ch;[{'@type': 'ImageObject', 'contentUrl': 'https://ostpimtsoch.sos-ch-dk-2.exoscale-cdn.com/catalog/2/4/6/d/246df66266d6a0538f1f300ba8b406214e41cc5f_0f6ec3a1ca73d5b789f236405660b956.jpg'}];2025-12-08T22:47:15+01:00
43704131-0303-4546-8163-92a3d0912114;Bergrestaurant Wolzenalp;Das Bergrestaurant Wolzenalp Rietbach lädt die Besucherinnen und Besucher mit einer grossen Terrasse und mit Panoramablick auf Churfirsten und Säntis zum Verweilen ein. Kinder können sich auf dem Spielplatz austoben.;<p>Die Men&uuml;karte im Berggasthaus bietet eine ausgewogene regionale K&uuml;che f&uuml;r Gross und Klein: Von den w&auml;hrschaften Ch&auml;sh&ouml;rnli und der Siedwurst &uuml;ber R&ouml;stivarianten bis zum hausgemachten Toggenburger Schlorzifladen. Die Portionen sind grossz&uuml;gig, der Geschmack vorz&uuml;glich und die Preise fair. F&uuml;r Ihre Familienfeier, Ihre Vereins- und Gruppenanl&auml;sse stellen wir gerne ab 18 Personen bzw. 15 Personen Ihr gew&uuml;nschtes Buffet zusammen oder den Grill f&uuml;r die Spiessli bereit. Die Buffetvorschl&auml;ge sind ausschliesslich w&auml;hrend des Sommerhalbjahres von Mai bis Oktober erh&auml;ltlich. Teilen Sie uns Ihre W&uuml;nsche mit - wir werden Sie nach M&ouml;glichkeit erf&uuml;llen. Sehr beliebt bei den G&auml;sten ist der Sonntagsbrunch. Selbstverst&auml;ndlich k&ouml;nnen Sie auch an Wochenenden und w&auml;hrend den Schulferien des Sommerhalbjahres auch werktags und mit kleineren Gruppen auf Voranmeldung bei uns brunchen. Wir servieren Ihnen das Fr&uuml;hst&uuml;ck direkt an den Tisch. Im Winter muss es manchmal schnell gehen, wenn der Hunger unserer Skig&auml;ste gross ist. Unser Wintermen&uuml; unterscheidet sich vom Sommerangebot. Beliebt bei Familien ist die "Familienplatte", die prall gef&uuml;llt ist mit Pommes, Schnitzeln, Chicken Nuggets, Wienerli und Bratwurst.</p><p>&nbsp;</p><p>Auskunft zur Zug&auml;nglichkeit:&nbsp;<a href="https://www.ginto.guide/entries/9d222a5c-bd24-4902-b820-9573f3afcdc8?lnk_src=business" target="_blank" rel="noopener">ginto</a></p>;9.1554536;47.2259306;Allmen 1990;9643;Krummenau;+41 71 994 11 81;restaurant@wolzenalp.ch;http://www.wolzenalp.ch;[{'@type': 'ImageObject', 'contentUrl': 'https://ostpimtsoch.sos-ch-dk-2.exoscale-cdn.com/catalog/4/d/6/8/4d68f6557a6f0a1f181b9f2252c57aaf13100639_c412c7a368ed5fdafb55c3843c6524ce.jpg'}];2026-04-17T20:08:39+02:00
438a8742-fba4-4c8d-ae45-381a5087c92f;Restaurant Beringer Randenturm;Ob Ausflügler oder Geniesser, gerne erfüllen wir Ihre Wünsche in unserem gemütlichen Restaurant. ;<p>Nebst der sch&ouml;nen Lage und der ruhigen Umgebung, m&ouml;chten wir Sie auch mit unserer Gastfreundschaft &uuml;berzeugen. Das Restaurant, mit traumhafter Gartenwirtschaft mitten im Wald, kann man mit einem Spaziergang durch die sch&ouml;ne Randenlandschaft aber auch mit Velo, Auto und sogar Car erreichen. Der Parkplatz liegt unmittelbar neben dem Restaurant. Unser Restaurants eignet sich vorz&uuml;glich f&uuml;r Anl&auml;sse wie Geburtstage, Klassentreffen, Weihnachts- &amp; Vereinsessen usw. Durch unsere liebevolle Tischdekoration wird ihr Anlass bestimmt allen G&auml;sten in guter Erinnerung bleiben. Nebst der &uuml;blichen Speisekarte machen wir Ihnen gerne weitere Men&uuml;vorschl&auml;ge, damit Sie einen m&ouml;glichst angenehmen Anlass verbringen k&ouml;nnen. F&uuml;r Gruppen und Gesellschaften ab 20 Personen &ouml;ffnen wir das Restaurant an allen Wochentagen.</p>;8.5815234;47.7054056;Vorderi Ebeni-Strasse 4;8222;Beringen;+41 52 685 13 44;bollinger.daniel@bluewin.ch;http://www.randenturm.ch/;[{'@type': 'ImageObject', 'contentUrl': 'https://ostpimtsoch.sos-ch-dk-2.exoscale-cdn.com/catalog/6/3/2/b/632b96899be8b538a0d887f927335f4c7468d5e1_e798f84dd7b42084bd682be4ac1089aa.jpg'}];2026-01-09T19:48:57+01:00
439488c8-e14b-4bda-9b38-52145a44d9ca;Fonduerucksack Kündig Feinkost AG;Wie wäre es mit einem feinen Käsefondue in den Drei Weieren oder am Bodensee in Rorschach?;<p class="MsoNormal"><span class="text-space-pre-line rich-text-text" data-abstract-init="body text" style="">Die Genussregion St.Gallen-Bodensee wartet mit schönen Plätzen und Aussichtspunkten auf. Der Fonduerucksack beinhaltet alles, was das Herz begehrt – von der leckeren Fondue-Hausmischung der Kündig Feinkost AG mit Brot, über den süffigen Weisswein bis zu sämtlichem Zubehör und schöner Tischdecke. Der Fonduerucksack ist für 2 oder 4 Personen buchbar. Weitere Spezialitäten können direkt vor Ort in den 2 Filialen (St.Gallen &amp; Rorschach) bei Kündig Feinkost bezogen werden. Zwischen </span><span class="text-space-pre-line font-weight-bold rich-text-text" data-abstract-init="body text" style="">November bis Januar</span><span class="text-space-pre-line rich-text-text" data-abstract-init="body text" style=""> bietet Kündig Feinkost neben dem klassischen Fondue auch eine Variante mit Trüffel an. Diese kann direkt bei der Buchung ausgewählt werden (unter «Tickettyp»&nbsp;seht Ihr die beiden Varianten «Fondue Klassisch»&nbsp;und «Fondue Trüffel»).</span></p><p data-v-ea7a0822="" class="rich-text-paragraph" piano-view-event="false" style="margin-bottom: 1rem;"><span class="text-space-pre-line font-weight-bold rich-text-text" data-abstract-init="body text" style="white-space-collapse: preserve-breaks; font-weight: 700 !important;">So funktioniert's:</span></p><p data-v-ea7a0822="" class="rich-text-paragraph" piano-view-event="false" style="margin-bottom: 1rem;"><span class="text-space-pre-line font-weight-bold rich-text-text" data-abstract-init="body text" style="white-space-collapse: preserve-breaks; font-weight: 700 !important;"></span></p><p style="list-style-type: none; margin-bottom: 0.25rem; padding-left: 2.375rem; position: relative;"><span class="text-space-pre-line rich-text-text" data-abstract-init="body text" style="">Beziehe den Fonduerucksack während den&nbsp;</span><a class="rich-text-hyperlink" href="https://kuendigfeinkost.ch/standorte/" target="_blank" data-abstract-init="action link" style="transition: color 0.2s; word-break: break-word;">Öffnungszeiten</a><span class="text-space-pre-line rich-text-text" data-abstract-init="body text" style="">&nbsp;am gebuchten Standort&nbsp;der&nbsp;Kündig Feinkost AG.</span></p><p style="list-style-type: none; margin-bottom: 0.25rem; padding-left: 2.375rem; position: relative;"><span class="text-space-pre-line rich-text-text" data-abstract-init="body text" style="white-space-collapse: preserve-breaks;">Suche dir sich einen gemütlichen Ort im Freien, bereite das Fondue zu (eine Anleitung dazu finden Sie im Rucksack) und geniesse das leckere Fondue.</span></p><p style="list-style-type: none; margin-bottom: 0.25rem; padding-left: 2.375rem; position: relative;"><span class="text-space-pre-line rich-text-text" data-abstract-init="body text" style="white-space-collapse: preserve-breaks;">Retourniere anschliessend den Rucksack inklusive dem schmutzigen Geschirr und Abfall während den Öffnungszeiten&nbsp;bei der Kündig Feinkost AG.&nbsp;</span></p><p style="list-style-type: none; margin-bottom: 0.25rem; padding-left: 2.375rem; position: relative;"><span class="text-space-pre-line rich-text-text" data-abstract-init="body text" style="white-space-collapse: preserve-breaks;"><br></span>Standorte:</p><ul data-v-ea7a0822="" class="rich-text-unordered-list" piano-view-event="false" style="margin-bottom: 1rem;"><span class="text-space-pre-line rich-text-text" data-abstract-init="body text" style="">
</span><li class="rich-text-list-item" style="list-style-type: none; margin-bottom: 0.25rem; padding-left: 2.375rem; position: relative;"><span class="text-space-pre-line rich-text-text" data-abstract-init="body text" style="">Kündig Feinkost AG, Webergasse 19, 9000 St.Gallen, Telefonnummer: +41 71 841 17 75</span></li><span class="text-space-pre-line rich-text-text" data-abstract-init="body text" style="">
</span><li class="rich-text-list-item" style="list-style-type: none; margin-bottom: 0.25rem; padding-left: 2.375rem; position: relative;"><span class="text-space-pre-line rich-text-text" data-abstract-init="body text" style="">Kündig Feinkost AG, Am Marktplatz 6, 9400 Rorschach, Telefonnummer: +41 71 841 17 75</span></li><li class="rich-text-list-item" style="list-style-type: none; margin-bottom: 0.25rem; padding-left: 2.375rem; position: relative;"><span class="text-space-pre-line rich-text-text" data-abstract-init="body text" style=""><br></span></li></ul><p class="MsoNormal"><b>Bedingungen</b></p><p class="MsoNormal">Vor Ort ist ein Pfand von CHF 50.– zu bezahlen. Nach
Materialrückgabe wird das Pfand zurückerstattet.<o:p></o:p></p><p class="MsoNormal"><b>Inkludierte Leistungen<o:p></o:p></b></p><ul style="margin-top:0cm" type="disc">
 <li class="MsoNormal">Fonduemischung<o:p></o:p></li>
 <li class="MsoNormal">Caquelon
     und Réchaud<o:p></o:p></li>
 <li class="MsoNormal">Brot
     und Weisswein<o:p></o:p></li>
 <li class="MsoNormal">Tischdecke,
     Gabeln und Gläser<o:p></o:p></li>
 <li class="MsoNormal">Gebrauchsanleitung</li>
</ul><p class="MsoNormal"><b><br></b></p><p class="MsoNormal"><br></p>;9.3752516;47.4228622;Webergasse 19;9000;St.Gallen;+41 71 222 28 59;bestellung@kuendigfeinkost.ch;https://kuendigfeinkost.ch;[{'@type': 'ImageObject', 'contentUrl': 'https://ostpimtsoch.sos-ch-dk-2.exoscale-cdn.com/catalog/6/4/5/0/64505becddbd31f06c524129b50e132ab34be404_bb824540c500d2d163f4987c671ee70d.jpg'}];2026-04-07T17:43:18+02:00
4412d979-a3ac-44b0-b50a-f5dc4120a8e0;Berggasthaus Fuchsacker;Wir liegen auf 1000 m ü.M., gute Zufahrt bis zum Restaurant, sehr ruhig gelegen und mit Panoramasicht Sicht über den ganzen Alpstein.;Herzlich Willkommen im  Berggasthaus Fuchsacker!
Unser Gästehaus liegt am Rand des schönen Appenzeller Landes.
Wir liegen auf 969 m Höhe, von wo Sie einen ergreifenden Blick auf den Alpstein haben. Sie sehen vom Hohen Kasten über den Kronberg bis zum Säntis das ganze Panorama.
In unsrem schönen Gästehaus haben wir Familien- / und Doppelzimmer.
Unser gemütlicher Saal eignet sich perfekt für:
Egal ob Hochzeiten, Geburtstage oder Firmenanlässe. Egal ob Kräuterschweinfilet, Schnitzel Pommes oder Fondue, wir haben die perfekte Location für Sie. Leckeres Essen, guter Wein und das Beste? Ein Blick auf die atemberaubende Bergkulisse! Unser Team wird dafür sorgen, dass Ihre Party unvergesslich wird. Kontaktieren Sie uns heute, um Ihren Anlass bei uns zu planen.;9.2070119;47.361029;Fuchsacker 654;9113;Degersheim;076 297 21 66;fuchsacker@bluewin.ch;http://fuchsacker.ch/;[{'@type': 'ImageObject', 'contentUrl': 'https://ostpimtsoch.sos-ch-dk-2.exoscale-cdn.com/catalog/f/4/b/e/f4be1187e3d16990a48db4f7f07f1538e8163358_408235f9f8f3d7e308e67ca63d26f80b.jpg'}];2026-04-01T19:32:45+02:00
44472f5c-2201-48b9-b25f-21ecaa90ace2;Leibacher Wein;Wir sind ein Familien Weingut in 5. Generation. ;An den steilen, sonnenverwöhnten Hängen über dem Rhein bauen wir auf 4 Hektaren 7 verschiedene Traubensorten an. Wir arbeiten eng mit der Natur zusammen, um die Vorzüge der einmaligen Lage hoch über Stein am Rhein, in unseren Weinen wiedergeben zu können. 

Gerne bieten wir Degustationen im Rebberg, im Wein-Atelier, oder auf unserem Weingut an. Unser Wein-Atelier ist jeden Donnerstag Abend ab 17:00 Uhr geöffnet. Wir freuen uns auf Ihren Besuch oder Ihre Kontaktaufnahme.  ;8.858006069728573;47.66304475;Wisegässli 11;8260;Stein am Rhein;+41 78 774 57 49;info@leibacher-wein.ch;https://leibacher-wein.ch/;[{'@type': 'ImageObject', 'contentUrl': 'https://ostpimtsoch.sos-ch-dk-2.exoscale-cdn.com/catalog/4/1/d/6/41d6e58b20f5af2751089b249e2c0277b6462091_f485b8315f3ba74de1ee98a7342bf212.jpg'}];2026-01-01T16:30:28+01:00
45005140-0670-434e-9b87-02580f1e128b;Lipp Weingut & Destillerie;Das Lipp Weingut & Destillerie in Maienfeld bietet eine einzigartige Kombination aus Wein- und Schnapsproduktion. Besuchende können die Produkte direkt vor Ort degustieren und einen Blick in die Brennerei werfen.;Ein Paar - zwei Leidenschaften. Er ist Schnapsbrenner, sie ist Winzerin. Gemeinsam verbindet sie der Anspruch nach aussergewöhnlichen Produkten. 

Die Bündner Herrschaft und die nähere Region sind unser Garten für die Trauben, Früchte, Beeren und Kräuter für unsere Weine und Destillate. 
Im Laden direkt auf dem Hof können die Produkte degustiert werden, auch ein Blick in die Brennerei ist möglich.;9.52925443239499;47.009072950000004;Fläscherstrasse 2;7304;Maienfeld;+41 81 330 15 55;info@lipp-destillerie.ch;https://www.lipp-destillerie.ch;[{'@type': 'ImageObject', 'contentUrl': 'https://ostpimtsoch.sos-ch-dk-2.exoscale-cdn.com/catalog/d/4/b/2/d4b2ca7d582af0026e75daa5017059e46f397eeb_b82b07dc06ad4c21203bae17821f8299.jpg'}];2025-12-15T22:24:15+01:00
468094a2-9419-4e26-a3c2-752021147a08;Restaurant Central;Das Restaurant Central in Bad Ragaz bietet gutbürgerliche Schweizer Küche mit Einflüssen aus Amerika und Italien. Es ist familienfreundlich, akzeptiert Kreditkarten und verfügt über eine Garten-Terrasse sowie kostenloses WLAN.;Lassen sie es sich richtig gut gehen – saisonal und frisch aus der Region.
Unsere frisch zubereitete Schweizer Küche vereint in Bad Ragaz - das Beste aus der Schweizer und italienischen Küche – saisonal inspiriert und voller Geschmack.;9.5001409;47.0022417;Am Platz 6;7310;Bad Ragaz;081 302 26 26;reservation@centralragaz.ch;https://www.centralragaz.ch/;[{'@type': 'ImageObject', 'contentUrl': 'https://ostpimtsoch.sos-ch-dk-2.exoscale-cdn.com/catalog/7/5/6/6/7566926f9f8cd8d0b928c4262799f2255f50135a_6b168563d2e65bae8fe2a5e583f1ebd6.jpg', 'caption': {'de': 'Restaurant Central'}}];2026-04-26T16:30:21+02:00
469905fa-8539-4b18-b092-714b61a8d415;Café Fortuna;Eingebettet zwischen dem Säntis und den sieben Churfirsten befindet sich das Café Fortuna. Geniessen Sie einen frisch gerösteten Kaffee, knusprige Backwaren oder saisonale Köstlichkeiten aus der Region. ;<p>Wir legen grossen Wert auf guten Kaffee. Bei uns finden Sie eine grosse Auswahl an speziellen Schweizer Getr&auml;nken, wie B&auml;nz-Apfels&auml;fte, Durscher Sirup usw. Wir beziehen unsere Produkte, wenn m&ouml;glich von regionalen Betrieben.</p><p>&nbsp;</p><p>Auskunft zur Zug&auml;nglichkeit:&nbsp;<a href="https://www.ginto.guide/entries/97dd93fa-f3e5-4ff5-9cb8-9f25a066639f?lnk_src=business" target="_blank" rel="noopener">ginto</a></p>;9.308354258537294;47.1968758572793; Dorfstrasse 12;9657;Unterwasser;+41 71 994 91 78;info@cafefortuna.ch;https://www.cafefortuna.ch/;[{'@type': 'ImageObject', 'contentUrl': 'https://ostpimtsoch.sos-ch-dk-2.exoscale-cdn.com/catalog/a/3/0/9/a30968166a613ade93222189468593d46be29bbe_61d6cb900970aeb052130ebd38a9ae8f.jpg'}];2026-04-17T19:38:39+02:00
46c15614-1a24-4f4f-92dd-9dcc850c51bb;Rocki Docki Kulturbühne;Das Rocki Docki in Flums bietet eine vielseitige Gastronomie in einem historischen Gebäude. Es ist ideal für Partys, Gruppenevents oder einen entspannten Abend mit Freunden. Geniesse amerikanische, vegetarische und BBQ-Küche.;Das alte Hause am Bahnhof Flums hat vieles schon erlebt .. und das Haus hat immernoch einiges zu bieten! Entdecke eine andere Welt und geniesse unser vielseitiges Angebot. Let&#039;s rock!

Das Rocki Docki ist perfekt für Deine Party, für Gruppenevents oder einen guten Abend unter Freunden! Für alle ist was dabei - schreibe auch Du die Geschichte weiter und das Haus wird zu einer unsterblichen Legende!;9.348019250597167;47.096143121098;Bahnhofstrasse 2;8890;Flums;+41 81 733 28 28;chris@rockidocki.ch;http://www.rockidocki.ch/;[{'@type': 'ImageObject', 'contentUrl': 'https://ostpimtsoch.sos-ch-dk-2.exoscale-cdn.com/catalog/f/b/2/2/fb221e77498b3f3a74d670cfa551342d6d4163eb_8de1639fcd77a426ca007ba1d604c6cd.jpg'}];2026-04-23T21:59:21+02:00
4778c01d-f205-4f60-bd4d-d77e36477246;Toggenburg Distillery;Die Toggenburg Distillery ist die Herstellerin des inzwischen weit über die Grenzen der Churfirsten hinaus bekannten BERMONTIS - Fruchtiger Kräuterlikör sowie dem ersten Bio Knospe zertifizierten Gin der Schweiz, dem TOGGIUS - Bio Dry Gin.;<p>Get&uuml;ftelt, designt und als BERMONTIS GmbH gegr&uuml;ndet im Jahr 2018 stehen wir heute f&uuml;r auserlesenen fl&uuml;ssigen Kr&auml;utergenuss aus dem Toggenburg. Ob in Form von &ldquo;BERMONTIS &ndash; Fruchtiger Kr&auml;uterlik&ouml;r&rdquo;, &ldquo;BERMONTIS &ndash; Kr&auml;uterfondue&rdquo; oder jetzt auch neu mit &ldquo;TOGGIUS &ndash; Bio Dry Gin&rdquo;, stets mit dem Handwerk und der Regionalit&auml;t vor Augen. Produziert im wundersch&ouml;nen Toggenburg, von welchem wir uns auch immer wieder f&uuml;r unsere Produkte inspirieren lassen. Als Toggenburg Distillery GmbH durften wir im Fr&uuml;hling 2023 im gleichen Geb&auml;ude wie die Brauerei St.Johann in Neu St.Johann unsere eigene Distillery und Eventlocation er&ouml;ffnen.</p><p>In unserer Produktion und Eventlocation bieten wir einzigartige Erlebnisse, F&uuml;hrungen und Degustationen sowie auch Gin- &amp;amp; Cocktail-Workshops an. Von einfachen bis exklusiven F&uuml;hrung, mit oder ohne kulinarische Begleitung, wir sind f&uuml;r alle Ideen offen. Packages auf unserer Website.&nbsp;</p><p>Des Weiteren kann unsere Eventtheke auch als Seminarraum f&uuml;r dich und deine Firma gemietet werden.</p>;9.196313023567201;47.22874512549;Alte Webereistrasse 12;9652;Neu St.Johann;+41 79 686 11 28;hallo@toggenburg-distillery.ch;https://www.toggenburg-distillery.ch;[{'@type': 'ImageObject', 'contentUrl': 'https://ostpimtsoch.sos-ch-dk-2.exoscale-cdn.com/catalog/b/3/c/0/b3c0783f2681c221108fd81ec84bacfcf6083662_d80e0ac11e39705ab30ea53fa68acbce.jpg'}];2026-01-27T20:05:46+01:00
488f0b1c-72f4-4ce6-a25d-a0e35b6ad9b0;Rebgut Stadt Schaffhausen, Stadtgärtnerei;An den städtischen Reblagen Munot und Rheinhalde werden jedes Jahr ca. 20'000 kg Weintrauben produziert, welche zu exzellenten Weinen gekeltert werden.;8.65119754027512;47.7069951;Rheinhardstrasse 6;8200;Schaffhausen;+41 52 632 56 60;gruen.schaffhausen@stsh.ch;http://www.stadt-schaffhausen.ch/index.php?id=3098;[{'@type': 'ImageObject', 'contentUrl': 'https://ostpimtsoch.sos-ch-dk-2.exoscale-cdn.com/catalog/6/e/4/9/6e49bbd755cbf7e7ac9cea660ed8cf3f42e44b80_36ff82329cd35546a9a8e729e5d59ce2.jpeg'}];2025-02-17T12:55:49+01:00
49b944f9-225a-4d72-a79c-dc0a023358ca;Restaurant Sternen;Das Restaurant Sternen in Flums bietet bürgerliche Küche mit frischen, saisonalen Zutaten. Es ist zentral gelegen und eignet sich für Paare, Familien, Gruppen und Singles.;Bürgerliche Küche mit frischen saisonalen Zutaten.;9.342348256360681;47.09090522720556;Eisenherren Strasse 1;8890;Flums;+41 81 733 12 18;info@sternenflums.ch;https://sternenflums.ch/;[{'@type': 'ImageObject', 'contentUrl': 'https://ostpimtsoch.sos-ch-dk-2.exoscale-cdn.com/catalog/7/a/f/4/7af40bc5a1d190bea3eebd8b51814240b7312e75_bafbb0fd14db1bb35453216866d5862a.jpg'}];2025-09-09T20:35:32+02:00
49eb6439-ab3f-4d0a-a22d-a0cdfa8ee6fc;Einstein Gourmet;Geniessen auf Sterneniveau;<p>&Uuml;ber den D&auml;chern St.Gallens, im 5. Stock mit Blick &uuml;ber die Stadt, freuen sich die K&uuml;chenchefs Sebastian Zier und Richard Schmidtkonz im 18 Punkte GaultMillau und zwei Sterne Michelin ausgezeichnetem Einstein Gourmet auf ihre G&auml;ste. Die erstklassigen Produkte, die mit viel Liebe zum Detail zubereitet werden, &uuml;berraschen mit verschiedenen Geschmacksskomponenten.<em> </em><span style="font-family: 'Arial',sans-serif; mso-fareast-language: EN-US;">Durch den Abend begleitet Sie unser Wine Director und Head Sommelier Loris Lenzo, gemeinsam mit Restaurantmanager Daniel B&ouml;lle, der Sie fachkundig zu den Weinen ber&auml;t, die perfekt mit den Gerichten harmonieren.</span></p>;9.3754457;47.4214519;Berneggstrasse 2;9000;St. Gallen;+41 71 227 55 55;info@einstein.ch;https://www.einstein.ch/de/essen-trinken/einstein-gourmet;[{'@type': 'ImageObject', 'contentUrl': 'https://ostpimtsoch.sos-ch-dk-2.exoscale-cdn.com/catalog/7/4/a/4/74a49d3c4990ecae06afe69730e734f20d636dfa_7a1f02da69e1bd50e33fb5d21a10ddaf.jpg'}];2026-04-14T18:37:53+02:00
4b0bf48d-7799-4421-bc31-d90d6da4ad26;Huus-Braui;Die Huus-Braui ist eine kleine aber feine Spezialitäten-Brauerei, welche sich ganz und gar der Kunst des Bierbrauens verschrieben hat. In der Huus-Braui-Bar geniessen die Gäste die feinen, handwerklich gebrauten Biere in gemütlicher Atmosphäre. Hier treffen sich Freunde zum gemütlichen Feierabendbier.;Handwerklich gebraut mit reinem Roggwiler Quellwasser, auserlesenem Malz und Hopfen. Nicht filtriert, nicht pasteurisiert und frei von Konservierungsmitteln. Ehrlich! Prost!

Die Brauerei liegt im Herzen von Roggwil TG, gleich neben einer der schönsten Schlossanlagen des Kantons. Wer die Bar besucht, steht gleichzeitig «in» oder «über» der Brauerei und hat Einsicht auf die grossen Tankanlagen. Auf Anfrage kann man sich durch die Brauerei führen lassen und so einiges über die Bierbraukunst erfahren. Die gemütliche Bar in den schön ausgebauten Kellerräumen der «alten Öli» ist zu einem beliebten Treffpunkt geworden. Direkt in der Brauerei geniessen die Gäste ihr Feierabendbier. Ob hell, dunkel, gold oder das momentane Spezialbier, das Personal ist bei der Wahl gerne behilflich. Auch der kleine Hunger kommt nicht zu kurz. Die kleinen aber feinen Snacks runden das Biererlebnis in der Huus-Braui ab.;9.3954834;47.5005029;Schlossgässli 2;9325;Roggwil TG;+41 71 450 06 36;info@huus-braui.ch;http://www.huus-braui.ch/;[{'@type': 'ImageObject', 'contentUrl': 'https://ostpimtsoch.sos-ch-dk-2.exoscale-cdn.com/catalog/7/1/0/8/7108ac1b0d19b304d7dc783f664805f193876796_aabce436cbc4a59ffe7c21b695e86d79.jpg'}];2025-02-17T13:17:13+01:00
4d4b19cd-85b0-4838-9909-972835ac9b8a;Weincafé Bunter Vogel;Weincafé im historischen Gasthaus;<p>Willkommen im Weincafé Bunter Vogel – Ein Ort zum Geniessen und Verweilen</p><p></p><p>Das Weincafé Bunter Vogel, eingenistet im charmanten Haus zum Falken, ist eine zauberhafte Ergänzung zum historischen Gasthaus. Der liebevoll gestaltete Gastraum lädt ein, die Hektik des Alltags hinter sich zu lassen, und bietet den idealen Ort zum Verweilen, Geniessen und Wiederkehren. Gastgeber Bruno Agostinho sorgt dafür, dass Sie sich rundum wohlfühlen: Mit einer feinen Auswahl an regionalen Weinen, exquisiten Drinks, kleinen Häppchen sowie Kaffee und Kuchen ist für jeden Geschmack etwas dabei.</p>;8.4603808;47.6980326;Hauptstrasse 59;8215;Hallau;+41 55 556 32 71;buntervogel@falkenhallau.ch;[{'@type': 'ImageObject', 'contentUrl': 'https://ostpimtsoch.sos-ch-dk-2.exoscale-cdn.com/catalog/a/e/3/d/ae3d9ea0be109f241f0ab35c87bd5beb1e8a469f_35ff2c1aa444a88b30dba862ba01089d.jpg'}];2025-06-23T18:46:18+02:00
4df18f6d-d6b3-4fb0-a95a-b924115ab6c0;SelinS Lounge;Wo Champagner perlt und Gespräche fliessen: Die SelinS Lounge vereint elegantes Design, feine Kleinigkeiten und warme Stimmung zu einem Ort, an dem Genuss und Stil zuhause sind.;In Staad, nur wenige Minuten vom Flughafen Altenrhein entfernt, entsteht ein Ort, an dem Ruhe, Stil und Qualität zuhause sind. Keine Hektik, kein Trubel stattdessen gepflegte Drinks, edle Kleinigkeiten wie Kaviar, Austern und feines Tatar, in einer Umgebung voller Wärme und Seele serviert.

Die SelinS Lounge vereint modernes, elegantes Design mit sanftem Licht, diskreter Musik und einem Hauch von Geheimnis.
Hier trifft regionale Verbundenheit auf internationales Flair – perfekt für Business-Apéros, stilvolle Begegnungen oder einen genussvollen Abend unter Freunden.

Ein Platz, an dem jeder Moment ein wenig leuchtet und der Genuss die Hauptrolle spielt.;9.550192952156069;47.48462361612617;Hauptstrasse 100;9422;Staad;+41764119422;selin@selins.ch;https://selins.ch;[{'@type': 'ImageObject', 'contentUrl': 'https://ostpimtsoch.sos-ch-dk-2.exoscale-cdn.com/catalog/8/5/9/2/8592b8021cbdb83c9d0c1928cae5464c1adeb07a_c76ce5187bb6a17ffd7267bbd1dca625.JPG'}];2026-04-01T17:28:49+02:00
4e02c0aa-c250-43e5-b416-fbc01c427047;Rebberg am Gupfen;Im Rebberg am Gupfen wurden 1500 Rebstöcke gepflanzt. Als Weisswein wird die in der Ostschweiz wenig bekannte Sorte Kerner, als Rotwein Blauburgunder und Merlot angebaut.;Die Ausrichtung des neugeschaffenen Rebhanges ist nach Süden gerichtet und liegt zwischen 600 – 640m über Meer. Der ausserordentlichen Lage des Gupfen ist es zu verdanken, dass auf dieser Höhe noch hervorragende Weine heranreifen können. Da trägt sicher die extreme Südlage und der Föhneinfluss des Rheintals zum guten Gelingen der Weine bei.;9.607726335525514;47.44813065927152;Güetli 1301;9428;Walzenhausen;+41 71 888 28 82;info@rebberg-walzenhausen.ch;https://www.rebberg-walzenhausen.ch/;[{'@type': 'ImageObject', 'contentUrl': 'https://ostpimtsoch.sos-ch-dk-2.exoscale-cdn.com/catalog/e/e/6/c/ee6c52fd648699f3865b16c3ac8cffb8fa16d7ff_4f57745969cb92dbbbced44a17e82ae8.jpg'}];2026-06-16T20:40:45+02:00
4ec20e36-1a42-4472-be1d-a9d151a23082;Restaurant «IGNIV by Andreas Caminada»;Das Restaurant «IGNIV by Andreas Caminada» in Bad Ragaz bietet eine Fine-Dining-Sharing-Erfahrung mit zwei Michelin-Sternen und 17 Gault-Millau-Punkten. Küchenchef Joël Ellenberger kreiert innovative Sharing-Gänge, begleitet von passenden Weinen.;2 Michelin-Sterne | 17 Gault-Millau-Punkte | 96 Falstaff-Punkte
Zwischen Gourmet-Küche und Gemütlichkeit. Im Restaurant IGNIV trifft Innovation auf geteilten Genuss. Moderne auf Fine-Dining. Und 2 Michelin-Sterne auf 17 Gault-Millau-Punkte. Küchenchef Joël Ellenberger verzichtet auf eine klassische Menüabfolge. Stattdessen zaubert er verschiedene Sharing-Gänge. Dazu serviert Restaurantleiterin Susanne Schneider  die passende Weinbegleitung. Das Restaurantkonzept «IGNIV by Andreas Caminada», des Graubündner Spitzenkochs, steht für Behaglichkeit und bewusstes Teilen.
Ein Ort der Sinne, an dem das Teilen von Kulinarik, Genuss und Zeit im Mittelpunkt steht.;9.5021119;47.0004111;Bernhard-Simonstrasse;7310;Bad Ragaz;+41 81 303 30 35;reservation@igniv.com;https://www.resortragaz.ch/de/kulinarik/igniv;[{'@type': 'ImageObject', 'contentUrl': 'https://ostpimtsoch.sos-ch-dk-2.exoscale-cdn.com/catalog/4/5/e/6/45e6b7560083cae2cdfa69f41da652d2b0895ca9_9d7d848190597b13ab63d3df8c5a7722.jpg'}];2026-09-04T20:58:55+02:00
4f8acd95-d8b3-4525-9eed-e7de2662b6c1;Restaurant Schlüssel, Mels;Das Restaurant Schlüssel Mels im historischen Patrizierhaus von 1811 bietet eine kreative Küche, die französische Klassik, Schweizer Tradition und moderne Elemente vereint. Ausgezeichnet mit 17 Gault Millau Punkten und einem Michelin-Stern.;Im historischen, wunderschönen Patrizierhaus aus dem Jahr 1811 hat Sohn Roger nach Wanderjahren durch renommierte Gastbetriebe das Zepter in der Küche übernommen und bereichert die Küche mit seinen erfrischenden und kreativen Ideen. Er verbindet geschickt französische Klassik, Schweizer Tradition und moderne Elemente miteinander. 

In der edel eingedeckten Nidbergstube wird der Fokus auf die Feinschmecker-Menus gesetzt, in der Schlüsselstube findet der Gast in heiterer Atmosphäre Speisen für jeden Tag.  Dazu eine grandiose Weinkarte mit auserwählten Weinen. Für eine charmante und liebevolle Note im Service sorgt Marianne Blum mit ihrem Team. 

Das Restaurant Schlüssel ist mit 17 Gault Millau Punkten ausgezeichnet und hat einen Stern im Guide Michelin.;9.4173788;47.0452746;Oberdorfstrasse 5;8887;Mels;+41 81 723 12 38;info@schluesselmels.ch;http://www.schluesselmels.ch;[{'@type': 'ImageObject', 'contentUrl': 'https://ostpimtsoch.sos-ch-dk-2.exoscale-cdn.com/catalog/4/f/a/1/4fa1ebda1682bcc95408d9bf99deea86e2fea7e8_9d15ae64205ae9d72e460e3714db4b0f.JPG'}];2025-12-25T16:30:25+01:00
4fd2bfb2-0efb-4f8b-82c1-4703e2266365;Bier-Apéro in der Brauerei Schützengarten;Wissenswertes über ein geschichtsträchtiges Handwerk erfahren und ausgezeichnetes Bier degustieren.;<p>W&auml;hrend dieses Bier-Ap&eacute;ros in der Brauerei Sch&uuml;tzengarten erfahren die Teilnehmer mehr &uuml;ber die Biergeschichte, speziell die Geschichte von Sch&uuml;tzengarten und die des Bieres in St.Gallen. Denn das Bierbrauen hat eine lange Tradition. Bereits auf dem St.Galler Klosterplan aus dem Jahre 820 wurden drei Brauereien vermerkt. Sch&uuml;tzengarten f&uuml;hrt diese Tradition konsequent fort, weshalb das Unternehmen mit seiner reichen Geschichte bis heute unabh&auml;ngig geblieben ist. Den Teilnehmern wird hier auch die Gelegenheit geboten, die ausgezeichneten Biere von Sch&uuml;tzengarten zu degustieren.</p>;9.37906;47.42968;St. Jakob-Strasse 37;9004;St. Gallen;+41 71 243 43 44;info@schuetzengarten.ch;http://www.schuetzengarten.ch;[{'@type': 'ImageObject', 'contentUrl': 'https://ostpimtsoch.sos-ch-dk-2.exoscale-cdn.com/catalog/e/7/5/1/e7512141136ae26be9aae631c8f5ad3b9fa7a5eb_97637dc7d7a3289b1f2923389b3bfabd.jpg'}];2025-12-15T17:36:16+01:00
50d6296a-b5df-49bb-ad14-5ca2d90e1316;Trattoria La Calabrisella;Pizzeria, Trattoria in Hallau;Geniessen Sie unvergessliche Stunden in gemütlichem Ambiente.
Wir freuen uns, Sie in unserer Lokalität in Hallau begrüssen zu dürfen.
 
Wir verwenden zur Zubereitung unserer Speisen ausschliesslich frische und wenn möglich regionale Produkte.
 
Lassen auch Sie sich von unserer italienischen Küche überzeugen.
 
Wir freuen uns auf Ihr Kommen!;8.4609826;47.6985264;Bergstrasse 8;8215;Hallau;+41 52 681 54 64;info@la-calabrisella.ch;http://www.la-calabrisella.ch/;[{'@type': 'ImageObject', 'contentUrl': 'https://ostpimtsoch.sos-ch-dk-2.exoscale-cdn.com/catalog/0/3/1/3/03133307566e0196f3c1834f4206415f6b80abcb_5edd53d80752b63d6fa98dae9a9740f5.jpg'}];2025-02-17T12:53:53+01:00
5119ec84-ac0c-4eb3-8797-00d9283d4c2b;Grabenhalle;Seit 40 Jahren die Kulturhalle für alle;Früher für St.Gallen besetzt, heute für die Kultur genutzt. Fest in der städtischen Kulturlandschaft verwurzelt, bietet die Grabenhalle Platz für Konzerte, Theater, Tanz, Lesungen, Filme und experimentelle Projekte für bis zu 450 Besucher. Externe und interne Veranstalter:innen nutzen die Halle als Bühne für verschiedenste kulturelle Anlässe, so entsteht ein vielfältiges Programm für ein vielfältiges Publikum.;9.37417060000007;47.42734670000001;Unterer Graben 17;9000;St. Gallen;+41 71 222 82 11;info@grabenhalle.ch;http://www.grabenhalle.ch/;[{'@type': 'ImageObject', 'contentUrl': 'https://ostpimtsoch.sos-ch-dk-2.exoscale-cdn.com/catalog/b/2/1/e/b21e3252dc1407ad2739dca3e445691906ae2814_d5a80a03d7907a92d2487d5bd7d612f2.jpg'}];2026-06-16T20:10:27+02:00
516ac091-958c-43ad-bb9a-197bb7bcbd16;Weinstube Fläsch;Die Weinstube in Fläsch bietet regionale Küche mit saisonalen Zutaten. Gäste können in einem gemütlichen 17. Jahrhundert Haus mit zwei Gaststuben und einer Terrasse speisen. Es gibt keine gedruckte Speisekarte, die Gerichte werden auf Schiefertafeln präsentiert.;Weinstube Fläsch – Wo Wein, Genuss und Geselligkeit zuhause sind


Hier dreht sich alles um das gemütliche Zusammensein, den Genuss erlesener Weine und das besondere Flair der Bündner Herrschaft. In unserer stimmungsvollen Stube geniessen Sie regionale Tropfen, sorgfältig ausgewählte Spezialitäten und die entspannte Atmosphäre, die eine echte Weinstube ausmacht.

Wein im Mittelpunkt – Genuss rundherum
Wir servieren Ihnen durchgehend von 11:00 bis 20:00 Uhr kleine, feine Köstlichkeiten, die perfekt zu einem guten Glas Wein passen.

• hausgemachte Strudl – süss oder salzig
• traditionelles Bündner Plättli
• steirische Klassiker wie die herzhaft-beliebte Brettljause
und noch vieles mehr

Wir freuen uns auf Ihren Besuch!
Eva und Martijn van der Linden;9.513068164590647;47.025845849999996;Ausserdorf 28;7306;Fläsch;+41 81 302 48 48;info@weinstube-flaesch.ch;https://www.landhaus-flaesch.ch/;[{'@type': 'ImageObject', 'contentUrl': 'https://ostpimtsoch.sos-ch-dk-2.exoscale-cdn.com/catalog/a/5/3/0/a530acfd7ded2864b910e7e2be88f27f12f824a6_e283eafec4c11eae9528075544ef2f2d.jpeg'}];2026-09-04T21:03:29+02:00
51892e6d-21fc-4fa7-bad7-468677395254;Wilchinger Bergwy;Eventlokal auf dem Bauernhof mit eigenem Wein;Die Reben prägen die Aussicht und das Bild vom Wilchingerberg auf eine besonders schöne Weise. Bestaunen Sie mit Ihren Gästen die Landschaft vom Klettgau.
Die Reben, der Ackerbau, grosse und kleine Tiere, der eigene Wein und wir als Familie verleihen unserem Betrieb den ganz eigenen Charme.
Gerne zeigen wir Ihnen unseren Wilchinger Bergwy bei einer Wein Degustation mit der Bäuerin. Dabei erfahren Sie allerhand über das Leben auf dem Bauernhof, die Arbeit in den Reben und über die schöne Region.
Unser Eventlokal bietet für verschiedene Anlässe das passende Ambiente. Buchen Sie den Gewölbekeller bis 28 Personen oder den modernen Fäscht - Ruum für bis 110 Personen. Die gedeckte Reblaube bietet Platz für 90 Personen.
Vom Vesperplättli für die Wandergruppe bis hin zur Hochzeitsgesellschaft mit Catering ist bei uns fast alles möglich.
Wir freuen uns auf Ihren Besuch.;8.427974707423799;47.679577699999996;Wilchingerberg 1;8217;Wilchingen;052 681 58 48;verkauf@bergwy.ch;https://www.bergwy.ch/;[{'@type': 'ImageObject', 'contentUrl': 'https://ostpimtsoch.sos-ch-dk-2.exoscale-cdn.com/catalog/e/3/7/6/e376db5f17b01fd84a8a296a7b6b0b2a4d6e508c_157cf0c10472333f14bb21ccb4846e68.jpg'}];2025-02-17T12:55:49+01:00
52075ba5-2e24-4647-ae65-0da209ac48e8;Jürg Obrecht Weine Jenins;Jürg Obrecht Weine in Jenins bietet einen gemütlichen Torkel für bis zu 80 Personen. Der Degustationsraum lädt zum Verweilen und Philosophieren über die Weine ein. Degustationen und Kellerführungen sind telefonisch oder per E-Mail buchbar.;Unser heimeliger Torkel bietet Platz für rund 80 Personen. Unser spezieller Degustationsraum lädt darüber hinaus zum Verweilen, zum Degustieren und zum Philosophieren über Gott und die Welt und natürlich auch über unsere Weine. Degustationen, Kellerführungen nehmen wir gerne telefonisch oder per E-Mail entgegen. Haben Sie Fragen zu unseren Weinen, zum Torkel usw.; wir stehen Ihnen jederzeit gerne zur Verfügung.
"Soll's etwas besonderes sein, gönn dir einen Jürg Obrecht Wein";9.55450826002879;47.00193125;Ausserdorfstrasse 14;7307;Jenins;+41 81 302 26 80;info@obrechtweine.ch;http://www.obrechtweine.ch;[{'@type': 'ImageObject', 'contentUrl': 'https://ostpimtsoch.sos-ch-dk-2.exoscale-cdn.com/catalog/5/6/c/c/56cc52009619e1c8277d42a8e27ddda1eac981a7_ad59f4e0ca2e3aa645e96fe8f6eff9c8.jpg'}];2025-09-08T20:34:30+02:00
52a19a7d-d20d-403b-82e2-1de10adc5c40;Meetingpoint / Bistro am Herrenacker Schaffhausen;Meetingpoint – Treffpunkt für Business, Events, Kultur &amp; Sport auf dem Herrenacker in Schaffhausen inkl. gemütlichem Bistro.;Diverse Möglichkeiten, sich in ungezwungener Atmosphäre untereinander, aber auch mit anderen «Kreisen» auszutauschen – Sport und Kultur, Wirtschaft und Politik, Sport oder Kultur «unter sich». Die rund 60 Bistro-Plätze sind sehr unterschiedlich – traditionelle Tische für zwei oder mehr Gäste, Hochtische die auch als Bar oder als Arbeitsplatz genutzt werden können, eine Ecke mit Polstergruppen in verschiedenen Varianten, die «Stammtische» aus altem Eichenholz und mehrere «Séparée» für vertrauliche Gespräche, Präsentationen oder Verhandlungen laden zum Verweilen ein. Auf der rund 20 m2 grossen LED Wand von höchster Qualität kann man die Online Zeitung Bock 24 und Schaffhausen 24 mit Nachrichten aus der Region, der Schweiz und aller Welt lesen. Führende Sportclubs betreiben gemeinsam ihren Fanshop; Billette und Saisonkarten kann man bequem im Stadtzentrum rund um die Uhr kaufen. Sportlerinnen und Sportler aus den verschiedensten Sportarten treffen sich, haben Kontakt zu den Fans in «unserer kleinen Stadt». Und das Coworking-Angebot:
In inspirierender, lockerer Atmosphäre seiner Arbeit nachgehen, E-Mails checken und einen Cappuccino geniessen? Wir haben die Lösung: Raus aus dem Home-Office, rein in den Coworking-Space am Herrenacker! Sie haben die Wahl: Machen Sie es sich mit einem Kaffee im Bistro gemütlich und bearbeiten Sie Ihre E-Mails an der coolen Holztheke. Für etwas mehr Ruhe und Komfort stehen für Sie von StartHub Schaffhausen sechs vollausgestattete Arbeitsplätze mit High-Speed-Internet zur flexiblen Miete bereit.;8.632479341071747;47.69563495;Herrenacker 15;8200;Schaffhausen;+41 52 550 26 16;info@meetingpoint-sh.ch;https://www.meetingpoint-sh.ch;[{'@type': 'ImageObject', 'contentUrl': 'https://ostpimtsoch.sos-ch-dk-2.exoscale-cdn.com/catalog/6/2/7/5/62752cdd2a1dc011fd09685d54f1d98bccfbafe9_3595c91810566a0986fcdc36a50b7d65.jpg'}];2025-03-31T18:45:36+02:00
53b2db29-6251-40a7-bc23-14cd14a55203;MuCafé;Kaffeehaus-Kultur im Kulturmuseum St.Gallen  ;Das MuCafé lädt zum Innehalten und Verweilen ein, zum Genuss und Gedankenaustausch. 

Das MuCafé ist stilsicher und sorgfältig gestaltet und mit hochwertigsten Materialien gebaut. Aus der schönsten Maschine, einer «Elektra Belle Epoque», werden der beste Cappuccino und Espresso gezaubert. 

Ebenso vielfältig wie die Kulturen verschiedener Länder und Zeiten ist unsere Gesellschaft. Deshalb wird das MuCafé gemeinsam mit Menschen mit einer Beeinträchtigung der Institution GHG Sonnenhalde Tandem betrieben. Das Team ist professionell in das Barista-Handwerk eingeführt und freut sich auf die Gäste. 

Ob zum morgendlichen Cappuccino mit Cornetto, mittags zum luftig-feinen Panino oder nachmittags mit einem Glas Prosecco – das HVM setzt kompromisslos auf höchste Qualität.

Und: Im MuCafé erwartet die Besucherinnen und Besucher ein spannendes Kulturprogramm. Gestartet wird mit drei Themenreihen: «Frühstücksgespräche», «Tastings & mehr» und «Klangwelten». Themen, die Zeiten, Räume und Kulturen verbinden, Geschichte und Gegenwart – und alle Sinne ansprechen.;9.383203310325818;47.42868805;Museumstrasse 50;9000;St.Gallen ; +41 71 242 06 62;mucafe@hvmsg.ch;https://mucafe.ch/index.html;[{'@type': 'ImageObject', 'contentUrl': 'https://ostpimtsoch.sos-ch-dk-2.exoscale-cdn.com/catalog/7/8/1/e/781edd2efe50ff6b8213a0fd8d6c45b61e075559_f570442b08386e8cff90c517b15569b4.jpg'}];2026-04-28T17:54:50+02:00
542e5e0c-7d3a-45e1-938d-69313b292003;US-MEX Terraza Steckborn;Die US-MEX Terraza Steckborn liegt im Feldbachareal, am wohl lauschigsten Plätzchen am Untersee. Gemütliche Lounges, süffigen Drinks und unwiderstehliche US‑MEX Snacks laden von April bis September zum Verweilen und Geniessen ein.;Direk am Wasser am Untersee lassen sich die Sommertage und die lauen Sommernächte genussvoll erleben – Unvergessliche Sonnenuntergänge garantiert! Serviert werden süffige Drinks und unwiderstehliche US-MEX Snacks. Natürlich im gewohnten US-MEX Style: Grosszügige Portionen zu fairen Preisen bei hoher Qualität. 

Die US-MEX Terraza Steckborn ist von April bis September bei gutem Wetter täglich geöffnet. Informationen über den Öffnungsstatus sind auf www.usmex-terraza.ch zu finden.

Weitere US-MEX Terrazas sind in Kreuzlingen direkt am Bodensee sowie in Frauenfeld an der Murg zu finden. US-MEX Restaurants gibt es an vier Standorten: Frauenfeld, Schaffhausen, St. Gallen, Weinfelden.;8.9716976;47.6623611;Seestrasse 174;8266;Steckborn;+41 76 385 98 34;steckborn@usmex.ch;https://www.usmex.ch/terraza-strandbar/welcome/;[{'@type': 'ImageObject', 'contentUrl': 'https://ostpimtsoch.sos-ch-dk-2.exoscale-cdn.com/catalog/5/7/b/f/57bfc8f5d8a571c14b7ff458db6ee006ab4b1b78_bb25c8c32725c161510aa5a7315f12cd.jpg'}];2026-04-23T23:03:14+02:00
550df831-f6b1-421f-bee5-90bf78433741;COLORS - Restaurant und Bar;Der gastronomische Farbtupfer am Flumserberg;Das COLORS Restaurant ist ein modernes Selbstbedienungsrestaurant mit 146 Innen- und 140 Terrassen-Plätzen. Die Küche bietet ein Angebot für jeden Geschmack. Erfrischend und abwechslungsreich werden neben regionalen Gerichten auch internationale Speisen gekocht.
Die bediente COLORS Bar verfügt über 56 Innenplätze. Neben einem kunterbunten Getränkeangebot, werden am Morgen Frühstück und am Nachmittag trendige Snacks angeboten.;9.2807483;47.0919796;Molseralpstrasse 9;8898;Flumserberg;info@colors-flumserberg.ch;[{'@type': 'ImageObject', 'contentUrl': 'https://ostpimtsoch.sos-ch-dk-2.exoscale-cdn.com/catalog/9/8/c/9/98c9bf00a31b7e10ed48ff7aad765d56695fabe2_24625a21bd497ea9370d5a07da256132.JPG'}];2025-02-28T20:18:46+01:00
55143370-d26f-4a91-9803-f9bc93cb990a;Firehouse Weinfelden;RESTAURANT, BAR, EVENTS! Willkommen im Firehouse Weinfelden, der vielfältigsten Location in der Ostschweiz, die Kulinarik und Events verbindet. Ganz nach dem Motto «EAT, DRINK, CELEBRATE».;Waren es früher nur die legendären Partynächte, präsentieren wir uns heute als vielseitigen Treffpunkt für Kulinarik und Events. Nach wie vor feiern wir regelmässig zu altbekannten Partyformaten und bieten ein attraktives Eventprogramm mit abwechslungsreichem DJ-Line-Up. 

<p>Seit 2025 bietet das Firehouse zudem einen festen Restaurant-und Barbetrieb mit einem vielfältigen Angebot, diversen Cocktails &amp; Mockktails und attraktiven Öffnungszeiten. Von ofenfrischen Pizzen über kreative Tapas bis hin zu abwechslungsreichen Hauptgerichten, im Firehouse steht Vielfalt an oberster Stelle. 

Neben dem regulären Betrieb kann das Firehouse auch für private Anlässe oder Corporate Events gemietet werden. Ergänzend zum passenden Setting und der notwendigen Infrastruktur steht ein komplettes Rundumpacket, von der Eventplanung bis zur Durchführung mit Catering, zur Verfügung. 

Weitere Infos zum Firehouse &amp; Eventprogramm sind auf der Website zu finden.</p>;9.1256513;47.5629874;Amriswilerstrasse 57;8570;Weinfelden;+41 71 626 30 07;firehouse@2bevents.ch;http://www.firehouse.ch/;[{'@type': 'ImageObject', 'contentUrl': 'https://ostpimtsoch.sos-ch-dk-2.exoscale-cdn.com/catalog/b/5/7/3/b57309600944f42e7b35f8da364a8ec52d91ebf7_dcae07672191e8acf7be739257d3a3f9.jpg'}];2025-02-17T13:28:20+01:00
5ad28e26-b8b9-4785-921e-fd726e73c899;Stadtbistro;Das gemütliche Lokal mit Vintage-Flair bietet eine frische, hausgemachte und saisonale Küche.;Das Stadtbistro ist sozusagen ein zweites Wohnzimmer, ein Ort der Begegnung und des Genusses. Hier lässt es sich wunderbar ein feines Stück Kuchen essen, die Zeitung lesen und den kleinen oder grossen Hunger stillen.

Auf der kleinen, aber feinen Bistro-Karte stehen Wohlfühlgerichte wie ein wärmender griechischer Stifado, aber auch vegetarische und vegane Kreationen. Wer mag, setzt sich an den langen Holztisch, geniesst eine Kaffeespezialität und dazu ein Stück Kuchen aus der Hausbäckerei. Fürs Büro oder das Picknick gibt’s alles auch als Take Away.

Aussergewöhnlich ist noch etwas anderes: Im Stadtbistro arbeiten Menschen mit Unterstützungsbedarf als Mitarbeiter:innen oder Lernende im Service und in der Küche. Sie werden von Fachpersonen begleitet und können so in der Arbeitswelt Fuss fassen.;9.37513;47.42277;Webergasse 22;9000;St. Gallen;+41 71 227 71 71;reservation@stadtbistro.sg;https://stadtbistro.sg/;[{'@type': 'ImageObject', 'contentUrl': 'https://ostpimtsoch.sos-ch-dk-2.exoscale-cdn.com/catalog/0/e/4/1/0e41227b414e9bd8deb527264c7ca7cb8231783b_db68459b3aa24a673e6c5a1fc24dfc08.jpg'}];2025-09-09T17:49:06+02:00
5b96134c-9941-4f84-9663-90aff289343e;Bergrestaurant Laufbodenstübli;Das Bergrestaurant Laufbodenstübli auf 2222 m ü.M. bietet eine beeindruckende Rundsicht auf die Berglandschaft des St. Galler Oberlandes und das Rheintal bis zum Bodensee. Es ist das höchstgelegene Restaurant im Ski- und Wandergebiet Pizol.;Das gemütliche Bergrestaurant Laufbodenstübli befindet sich auf 2222m.ü.M. neben dem Laufböden Sessellift.
Es ist das höchstgelegene Bergrestaurant im Ski und Wandergebiet Pizol.
Geniessen Sie die herrliche Rundsicht der Berglandschaft des St. Galler Oberlandes sowie des Rheintals bis zum Bodensee.
Richtung Südosten bewundern Sie die markanten schneebedeckten Berge des Bündnerlandes und vieles mehr….;9.4363562;46.9796659;Pardiel;7310;Bad Ragaz;+41 79 415 54 56;andrea.schlegel@rsnweb.ch;https://pizol.com/planen-buchen/gastronomie?lang=de_CH;[{'@type': 'ImageObject', 'contentUrl': 'https://ostpimtsoch.sos-ch-dk-2.exoscale-cdn.com/catalog/f/b/4/4/fb443c9e0a9d0d158b1301323c24f999d10c133e_6f63583eb7c0c8bb21c1cf9e493f5864.jpg'}];2026-09-07T20:57:14+02:00
5c0ac627-1a08-4afe-a086-59abb72ed3f4;Weingut Wegelin;Das Scadenagut in Malans bietet seit 1957 Weinverkostungen und Kellerführungen für Gruppen von sechs bis 30 Personen an. Der moderne Torkel und die Sonnenterrasse bieten einen beeindruckenden Blick auf die Bündner Herrschaft.;Seit 2019 führen Rafael Hug und seine Frau, die Önologin Mathilde Hug Pédeutour, das Weingut Wegelin. 
Sie vinifizieren ihre Topweine konsequent nach Einzellagen, wodurch das Sortiment zusätzliche Tiefe gewinnt und der Lagenausdruck deutlich spürbar wird. 
Neben verschiedenen Weissweinen schlägt ihr Herz insbesondere für den Pinot Noir.
Die Qualität eines Weines wird von seiner Herkunft geprägt. Das Verständnis für Ihre grandiosen Lagen begleitet Ihre tägliche Arbeit im Weingarten: 
Sie pflegen jeden einzelnen Rebstock mit Hingabe und wissen, dass große Weine auf dieser Arbeit beruhen. Sie geben dem Rebstock das, was er braucht, damit charaktervolle und authentische Trauben reifen — die Natur ist Ihr größtes Kapital. Sie arbeiten nach biologischen und biodynamischen Richtlinien und mit größter Rücksicht auf Boden und Umwelt.;9.575073298434237;46.98428125;Scadenaweg 1;7208;Malans GR;+41 81 322 11 64;info@weingutwegelin.ch;https://weingutwegelin.ch/;[{'@type': 'ImageObject', 'contentUrl': 'https://ostpimtsoch.sos-ch-dk-2.exoscale-cdn.com/catalog/4/a/b/5/4ab5a728e8a5290e55d98c237a000cf05e73f103_397536ab08a8848c9e5e199819060213.jpg'}];2026-04-23T22:01:30+02:00
5c338e6d-7dae-424d-ac39-20c137ea7e44;Promenade Walentstadt;Direkt am idyllischen Walensee gelegen, präsentiert sich die Promenade Walenstadt als stilvoll umgenutztes Gebäude der Schweizer Armee mit besonderem Charme. Die Promenade wurde liebevoll eingerichtet und zu einem modernen Streetfood-Restaurant umgestaltet.;<p>Das Ergebnis ist eine gelungene Verbindung aus Tradition, rustikalem Flair und urbaner Streetfood-Kultur. Die K&uuml;che bietet eine weltoffene Auswahl an Gerichten mit Fokus auf TexMex, BBQ, Asado und weiteren internationalen Streetfood-Klassikern &ndash; frisch zubereitet, kreativ interpretiert und regional abgestimmt. Ideal f&uuml;r alle, die unkompliziert, aber hochwertig essen m&ouml;chten &ndash; ob beim gem&uuml;tlichen Essen auf der Sonnenterrasse direkt am Seeufer oder in den stilvoll eingerichteten Innenr&auml;umen. Die Promenade Walenstadt ist nicht nur ein Restaurant, sondern ein lebendiger Treffpunkt mit entspannter Atmosph&auml;re, kulinarischer Vielfalt und einem Hauch von Festivalgef&uuml;hl &ndash; perfekt f&uuml;r Paare, Familien, Gruppen und Genussmenschen.</p>;9.3031243;47.1267952;Seestr. 101;8880;Walenstadt;+41 81 735 30 30;info@promenade-walenstadt.ch;https://www.promenade-walenstadt.ch/;[{'@type': 'ImageObject', 'contentUrl': 'https://ostpimtsoch.sos-ch-dk-2.exoscale-cdn.com/catalog/d/7/4/a/d74a874e04f4672309cc012074983f44153d5eee_8c6aa4fe35e65911b2edf2eb0c38be83.png'}];2026-09-04T21:03:29+02:00
5ca68094-b48f-4927-ac3a-1fbf059c418d;GEISS - Café - Treffpunkt - Kultur;Das Café GEISS in der Altstadt von Sargans bietet einen Treffpunkt für Kultur und Begegnung. Der Quartierverein Treffpunkt Obergass betreibt das gemütliche Lokal mit vielfältigem Angebot und Kinderecke.;Der Quartierverein «Treffpunkt Obergass» betreibt das kleine gemütliche Lokal «GEISS» als Ort der Begegnung und Kultur. “GEISS” ist die Abkürzung für "Gemeinsam Im Städtli Sargans”. Der regelmässige Kaffeebetrieb bildet das Herzstück und trägt zur Belebung der Altstadt Sargans bei. Ob einfach zum Plaudern vorbeikommen, einen wärmenden Tee trinken, Feste feiern, gemeinsam Essen, beim Spielturnier Taktik oder Glück walten lassen, ein kreatives Projekt umsetzen, Tipps zur Handhabung der Nähmaschine austauschen, lokales Bier degustieren, sich musikalisch entfalten oder spannende Kino Abende – hier gibt es Raum. Das Angebot ist vielfältig, lebt und verändert sich durch die Menschen welche den Ort mitgestalten. Für die kleinen Gäste bietet das Lokal eine Kinderecke.;9.436103097971923;47.050304600000004;Städtchenstrasse 52;7320;Sargans;+41 77 478 50 47;info@geiss-sargans.ch;https://www.geiss-sargans.ch;[{'@type': 'ImageObject', 'contentUrl': 'https://ostpimtsoch.sos-ch-dk-2.exoscale-cdn.com/catalog/b/9/7/9/b9794e1fbde9d65b43693e293a18ebb0a309938d_a1d57fa277a44f043eb3112e1fbf5c29.jpg'}];2026-04-23T21:32:56+02:00
5dac0c92-4a19-47fa-b74d-4153152f0cef;Restaurant und Metzgerei Ochsen Schönengrund;Passende Räumlichkeiten für Hochzeits- oder Geburtstagsfeste und Familien- oder Firmenanlässe;Das Restaurant Ochsen bietet grosse und kleine Räumlichkeiten für jegliche Anlässe unterschiedlicher Gesellschaften an.
So abwechslungsreich wie das Essen und Trinken ist auch das Ambiente der Räume. Von gemütlich-urchig über edel-rustikal bis hin zu einfach-heimelig ist alles vorhanden. Die wichtigsten Werte im «Ochsen» sind zufriedene Gäste, eine traditionelle, gut bürgerliche Küche, hausgemachte Produkte, regionale und gesunde Qualität. 

Hinter dem Betrieb des Restaurants Ochsen steht auch eine Metzgerei. Das Fleisch wird aus der hauseigenen Schlachtung verarbeitet. Die Tiere stammen von Landwirtschaftsbetrieben aus nächster Umgebung, aus dem Appenzellerland und Neckertal. Der Metzgereiladen befindet sich im Landigebäude an der Hauptstrasse 10 in Schönengrund.;9.226351544337252;47.32774135;Unterdorf 20;9105;Schönengrund;+41 71 361 11 04;info@ochsen-signer.ch;https://www.signer-gastro.ch/;[{'@type': 'ImageObject', 'contentUrl': 'https://ostpimtsoch.sos-ch-dk-2.exoscale-cdn.com/catalog/0/0/a/3/00a345ed7622b52a582abcc5499f97efba69a71f_60c4171f944cdcc3a128038e469a2033.jpg'}];2025-02-17T09:55:00+01:00
5f33e642-c024-4471-8147-8293d9e68a48;Restaurant Schwanä dini Beiz;Das Restaurant Schwanä dini Beiz ist auf einem Bauernhof im Apfeldorf Altnau beheimatet. Passend zum ländlichen Ambiente der charmanten «Beiz» wird hier denn auch Bodenständiges und Urchiges zu sehr gutem Preis serviert. ;<p>Cordonbleu, hausgemachte «Chäschnöpfli» mit Apfelmus, Schwanä-Burger mit Schafsfleisch von den Hofschafen oder Salate mit selbst gebackenem Brot kommen im gemütlichen Restaurant Schwanä auf den Tisch – und zwar zu einem fast unschlagbaren Preis und serviert mit viel Herzlichkeit. Der landwirtschaftliche Betrieb, der zum Restaurant gehört, lädt Kinder zum Entdecken ein. In den Stallungen dürfen die Schafe besucht werden. Es stehen auch Stellplätze für Wohnmobile zur Verfügung.<br><br>Die ländliche Gegend um Altnau erfreut mit unzähligen Obstbäumen. Dem Apfel ist hier sogar ein Erlebnispfad gewidmet: der Altnauer Apfelweg. Der Schwanä liegt direkt an dessen Route. Auch per Kutschenfahrt kann der Apfelweg absolviert werden, wobei Ross und Wagen beim Schwanä-Team reserviert werden. Alternativ lässt sich die Gegend mit einem spannenden Outdoor-Escape Game, das Magische Portal, erkunden, das zwei Routen zur Auswahl bietet: die kleinere dauert eine Stunde, die grössere zwei Stunden.</p><p></p>;9.257399006594795;47.60682665;Herrenhoferstrasse 8;8595;Altnau;+41 71 695 18 16;rwmazenauer@gmail.com;https://www.schwanä.ch;[{'@type': 'ImageObject', 'contentUrl': 'https://ostpimtsoch.sos-ch-dk-2.exoscale-cdn.com/catalog/8/4/9/0/8490e28984394f72c2b04efb3a9fec8c641948fe_511f58e5fe79062444c21972e6dc242c.jpg'}];2026-02-26T23:06:31+01:00
604e1b98-2123-4136-9f82-8dbf165f8dc7;Taste;Atmosphäre, die gut tut. Genuss, der in Erinnerung bleibt.;<p>Dich erwartet ein Ort f&uuml;r Mittagspausen, die Ruhe bringen, Mittagspausen, die neue Energie schenken. Abende, die der Seele gut tun und einen Drink, wann immer dein Leben eine Pause braucht. Unser Versprechen ist zwar nur zwei Worte lang, aber dennoch voller Bedeutung: mood &amp; food. Wir wollen mehr als satt machen: Mit dem Schritt durch die T&uuml;r soll sich dein Besuch besonders anf&uuml;hlen.&nbsp;</p>;9.56289043463173;46.9698635;Karlihofstrasse 2;7208;Malans GR;+41 81 322 40 61;info@taste-restaurant.ch;https://taste-restaurant.ch/;[{'@type': 'ImageObject', 'contentUrl': 'https://ostpimtsoch.sos-ch-dk-2.exoscale-cdn.com/catalog/b/e/7/f/be7f92f97716d9d0b9e8cf41c495f3410018a3c1_8cae793de5eb9c6eec03a30e57556a0a.webp'}];2026-09-04T20:40:41+02:00
6057b1e5-ffc5-41ec-bb0c-a38d37ebd0ee;Pizzeria Trattoria Mamma Rosa;Die Pizzeria Trattoria Mamma Rosa in Landquart bietet italienische Küche und lokale Spezialitäten. Gäste können auf der Terrasse die Sonne geniessen. Das Restaurant ist familienfreundlich und rollstuhlgerecht.;Sehr gerne verwöhnen wir Sie in der Pizzeria Trattoria Mamma Rosa in Landquart. Geniessen Sie die cucina italiana und verbringen Sie einen gemütlichen Abend mit Ihren Freunden oder Ihrer Familie.

Wir servieren Ihnen leckere Pizze, typische Italienische Gerichte wie Spaghetti, Risotto und Gnocchi oder auch einheimische Spezialitäten aus der Region Landquart / Graubünden oder aus der Schweiz.

Bei schönem Wetter haben wir unsere Terrasse geöffnet. Tanken Sie ein wenig Sonne, während Sie bei uns einkehren und den Hunger stillen.;9.566379390715284;46.95350895;Kantonsstrasse 12;7302;Landquart;+41 81 322 91 55;info@mammarosa.ch;https://www.mammarosa.ch/;[{'@type': 'ImageObject', 'contentUrl': 'https://ostpimtsoch.sos-ch-dk-2.exoscale-cdn.com/catalog/0/1/a/5/01a5ecd2fddec8945d68eb5ec432e0f8b2c3f7fb_715bb40783d8aec008ae6263d5dd72d5.jpeg'}];2026-07-21T20:59:40+02:00
61b4fd52-1959-4256-ba60-677c5b00cc35;Krone Mosnang;Die Krone Mosnang ist ein Familienbetrieb mit über 130 jähriger Tradition. In 5. Generation geführt, bieten wir eine regionale, bürgerliche Küche an, welche stets mit Modernem kombiniert wird.;<p>FEIERN Es freut uns sehr, mit dem neuen kroneSAAL viel Platz und moderne Gem&uuml;tlichkeit f&uuml;r gediegene Festlichkeiten im gr&ouml;sseren und kleineren Rahmen anbieten zu d&uuml;rfen. Ob Geburtstagsfest, Ap&eacute;ro, Familienfeier, Vereinstreffen oder Hochzeit - wir verw&ouml;hnen Sie rundum mit unseren saisonalen und regionalen Gerichten. TAGEN Die Krone Mosnang ist der ideale Ort f&uuml;r Tagungen, Seminare, Workshops oder Referate. Mit mehreren R&auml;umen unterschiedlichster Art und der neu erstellten kroneLODGE k&ouml;nnen wir Ihnen alles bieten, was Sie f&uuml;r Ihren Anlass ben&ouml;tigen. SCHLAFEN &Uuml;bernachten Sie in unserem modernen G&auml;stehaus, der kroneLODGE. In 10 gem&uuml;tlichen und stilvollen Zweibettzimmern bieten wir die ideale &Uuml;bernachtungsm&ouml;glichkeit. Tr&auml;umen Sie sch&ouml;n... Infrastruktur Zweir&auml;der: - Ladem&ouml;glichkeiten E-Bikes drinnen und draussen - kroneLODGE bietet abschliessbaren Veloraum mit Strom f&uuml;r Lodge G&auml;ste an.</p><p>&nbsp;</p><p>Auskunft zur Zug&auml;nglichkeit: <a href="https://www.ginto.guide/entries/3a1bf073-af40-4cd2-8f5f-7addd45a9a18?lnk_src=business" target="_blank" rel="noopener">ginto</a></p>;9.041178;47.364081;Unterdorf 20;9607;Mosnang;+41 71 983 28 47;info@kronemosnang.ch;http://www.kronemosnang.ch;[{'@type': 'ImageObject', 'contentUrl': 'https://ostpimtsoch.sos-ch-dk-2.exoscale-cdn.com/catalog/5/9/a/9/59a93a232cbb41845e601c43907bdb772b2934e6_576b3149d3eb8ddfe7035a97a6914cf3.jpg'}];2026-04-17T20:08:39+02:00
6282ff01-9450-4dc6-9aa2-7b57b867cb8c;Bergrestaurant Iltios;Das Bergrestaurant Iltios bietet lokale, saisonale Produkte sowie eine Sonnenterrasse mit Blick auf die Churfirsten und den Alpstein.;<p>In der schönen Bergwelt des Iltios, in der Mitte des Klangweges und direkt an der Skipiste, auf einem sonnigen Plateau, steht das weitaus bekannte Bergrestaurant Iltios. Mit der grosszügigen Terrasse von 300 Plätzen, angrenzend an unseren schönen Kinderspielplatz servieren wir Ihnen urchige Speisen. Im Restaurant verfügen wir über 70 Plätze, davon 30 mit direktem Ausblick auf den Säntis und das Obertoggenburg. Im Panoramasaal stehen Ihnen 100 Plätze mit Rundsicht zur Verfügung. Das Bergrestaurant Iltios ist barrierefrei zugänglich.</p><p> </p><p>Auskunft zur Zugänglichkeit: <a href="https://www.ginto.guide/entries/3f439469-8eb8-4327-a885-78ced67a2a94?lnk_src=business">ginto</a></p>;9.3125392;47.1851567;Frühweidstrasse 8;9657;Unterwasser;+41 71 999 11 55;iltios@chaeserrugg.ch;https://www.chaeserrugg.ch/de;[{'@type': 'ImageObject', 'contentUrl': 'https://ostpimtsoch.sos-ch-dk-2.exoscale-cdn.com/catalog/5/2/c/4/52c441d190281d5a098028096f188849950b57f5_5e326b000067f5de83b4d35abe162eef.jpg'}];2026-05-06T19:45:20+02:00
62a09fc6-b880-447f-b32d-53329301fd81;Schlössli Wörth;Das Schlössli Wörth liegt direkt am Rheinfall und verbindet Geschichte mit einer einmaligen Aussicht auf das tosende Wasser.;<p>Das Angebot im Schl&ouml;ssli mit bester Aussicht auf den Rheinfall. Bei gutem Wetter k&ouml;nnen Sie auch auf der Terrasse geniessen. Unsere Karte bietet feine Klassiker &agrave; la carte, eine abwechslungsreiche Mittagskarte und saisonale Gerichte.</p>;8.611907958984377;47.677932767200886;Rheinfallquai 30;8212;Neuhausen am Rheinfall;+41 52 544 14 00;info@erlebnis-rheinfall.ch;https://erlebnis-rheinfall.ch/de/essen-trinken;[{'@type': 'ImageObject', 'contentUrl': 'https://ostpimtsoch.sos-ch-dk-2.exoscale-cdn.com/catalog/5/a/9/1/5a9138f57ced758c8eff7e6ad989394f0502bc1a_d122a4c3292a8dcc50ac830f8b216478.jpg'}];2026-03-31T16:30:21+02:00
65073e3d-6225-4569-b853-60811c612854;Gipfelrestaurant Chäserrugg;Wo der Geschmack auf Fernsicht trifft – kulinarischer Hochgenuss mit Weitblick auf 2262 m ü. M., entworfen von Herzog & de Meuron.;<p>Ein Ort der Ruhe und des Genusses Hoch oben auf dem Chäserrugg, dem östlichsten der sieben Churfirsten, erwartet Sie das Gipfelrestaurant Chäserrugg. Auf 2'262 Metern über Meer bietet es nicht nur kulinarische Höhepunkte, sondern auch einen atemberaubenden Panoramablick über sechs Länder. Ob bei strahlendem Sonnenschein oder mystischem Nebel – hier erleben Sie eindrückliche Momente inmitten der alpinen Landschaft. Architektur im Einklang mit der Natur Das von Herzog & de Meuron entworfene Gipfelgebäude fügt sich harmonisch in die Bergwelt ein. Verwendet wurden unbehandelte Hölzer aus der Schweiz – Fichte und Esche – die der Architektur eine schlichte Eleganz und regionale Authentizität verleihen. Die grosszügigen Fensterfronten eröffnen spektakuläre Ausblicke, während die durchdachte Raumgestaltung sowohl Rückzugsorte als auch gesellige Plätze schafft. Rahmenprogramme für unvergessliche Erlebnisse Die Hochebene Rosenboden lädt zu gemütlichen Wanderungen ein. Der Panoramarundweg bietet faszinierende Ausblicke auf über 500 Berggipfel und den Walensee. Für Interessierte werden Architekturführungen angeboten, die spannende Einblicke in die Entstehung und Gestaltung des Gipfelgebäudes geben. Anreise – bequem und barrierefrei Die Anreise zum Chäserrugg gestaltet sich komfortabel: Von Unterwasser gelangen Sie mit der Standseilbahn nach Iltios und von dort mit der Luftseilbahn direkt zum Gipfel. Beide Bahnen sind rollstuhlgängig, und auch das Gipfelgebäude.</p><p>Auskunft zur Zugänglichkeit: <a href="https://www.ginto.guide/entries/2f369494-dd11-48ba-89d2-437c7260d357?lnk_src=business" target="_blank" rel="noopener">ginto</a></p><p> </p>;9.312517031027447;47.155192816331585;-;9657;Unterwasser;+41 71 998 68 10;info@chaeserrugg.ch;http://www.chaeserrugg.ch/;[{'@type': 'ImageObject', 'contentUrl': 'https://ostpimtsoch.sos-ch-dk-2.exoscale-cdn.com/catalog/d/b/1/d/db1d9804f26f2fd2a7f0861330b9d01fa68f4bd2_60a65379eeaf3aebb308b4c630663f42.jpg'}];2026-06-16T19:40:47+02:00
650b4a2f-a976-4104-a52f-a0bdc465879c;Bergtrotte Osterfingen;Die Bergtrotte Osterfingen vereint Genuss, Wein und Kultur seit 1584.;<p>Die Berg&shy;trotte Oster&shy;fin&shy;gen vereint regionale K&uuml;che mit der einzig&shy;ar&shy;ti&shy;gen Trotte aus dem Jahr 1584 und einem moder&shy;nen Neubau. &Uuml;ber die Kantons&shy;gren&shy;zen hinweg ist die Berg&shy;trotte bekannt als Loca&shy;tion f&uuml;r Hoch&shy;zei&shy;ten und Firmen&shy;an&shy;l&auml;sse. Kultu&shy;relle Veran&shy;stal&shy;tun&shy;gen wie Lesun&shy;gen, Jazz&shy;kon&shy;zerte oder Comedy f&uuml;llen die R&auml;ume und die Herzen. Erlebe und entde&shy;cke dieses Juwel, welches seit 1584 f&uuml;r den Schaff&shy;hau&shy;ser Weinbau steht! In der Berg&shy;trotte zele&shy;brie&shy;ren wir eine K&uuml;che, die Regio&shy;na&shy;li&shy;t&auml;t, Hand&shy;werk und krea&shy;tive Raffi&shy;nesse vereint. Unsere Philo&shy;so&shy;phie wurzelt in der Tradi&shy;tion, doch wir inter&shy;pre&shy;tie&shy;ren sie mit moder&shy;nen Einfl&uuml;s&shy;sen neu. Dabei setzen wir auf erst&shy;klas&shy;sige Zutaten &ndash; &uuml;ber 60 % stammen von Produ&shy;zen&shy;ten aus einem Umkreis von 20 km. So garan&shy;tie&shy;ren wir Frische, Saiso&shy;na&shy;li&shy;t&auml;t und eine enge Verbun&shy;den&shy;heit zur Natur.</p>;8.4840497;47.6641684;Trottenweg 38;8218;Osterfingen;+41 52 681 11 68;info@bergtrotte.ch;http://www.bergtrotte.ch/;[{'@type': 'ImageObject', 'contentUrl': 'https://ostpimtsoch.sos-ch-dk-2.exoscale-cdn.com/catalog/0/7/7/d/077d2331c645d5a9713601b69dd56266357efd3f_29909865c935d89991d2b342ad1f8fa8.jpg'}];2025-11-26T19:49:32+01:00
675e3d05-7cbb-4103-b2c4-f0c745791ddf;Milchzentrale Bad Ragaz;Die Milchzentrale Bad Ragaz bietet hausgemachtes Fondue, ausgezeichnet als bestes der Ostschweiz, sowie bekannte Glace und weitere Spezialitäten. Ein kulinarisches Erlebnis für Gourmets in jeder Jahreszeit.;Die Milchzentrale stellt einmalige Produkte selbst her, das hausgemachte Fondue, ausgezeichnet als bestes Fondue der Ostschweiz, die weitherum bekannte Glace und viele andere Spezialitäten aus der Milchzentrale lassen das Herz jedes Gourmets höher schlagen.;9.502025842666628;47.00303666086313;Maienfelderstrasse 3;7310;Bad Ragaz;+41813021152;info@milchzentrale.ch;https://www.milchzentrale.ch;[{'@type': 'ImageObject', 'contentUrl': 'https://ostpimtsoch.sos-ch-dk-2.exoscale-cdn.com/catalog/0/f/9/2/0f92843c6e50c70170a191038bf893d7bac43ea2_72b5bb8f6971c59d74178951715ce278.jpg'}];2025-12-15T21:51:36+01:00
679203ce-81c2-4082-9801-5cd3e0cf6a34;Restaurant Pier;Das Restaurant Pier in Uttwil liegt direkt am Bodensee. Die facettenreiche Stimmung des Sees ist ein Genuss sowohl während den warmen als auch den kalten Jahreszeiten.;Ein kühler Drink oder ein heisses Getränk, eine kleine Zwischenmahlzeit oder ein gepflegtes Essen, im Restaurant Pier ist alles möglich. Zu den Spezialitäten gehören Felchenchnusperli, Hamburger, Diverse Salate und auch feine Weine. Eine sehr schöne Terrasse direkt am See mit einem Boots Steeg und schönen Sonnenuntergängen lädt zum Verweilen ein.
Mit dem Velo, Motorrad, Auto oder zu Fuss bei uns sind alle Gäste willkommen.


Im ersten Stock bietet das Restaurant einen mit allen technischen Hilfsmitteln ausgestatteten Sitzungs- und Tagungsraum für bis zu 25 Personen.;9.3429954;47.5859876;Seehofstrasse 11;8592;Uttwil;+41 71 463 74 62;info@pier-uttwil.ch;http://www.pier-uttwil.ch;[{'@type': 'ImageObject', 'contentUrl': 'https://ostpimtsoch.sos-ch-dk-2.exoscale-cdn.com/catalog/7/f/d/b/7fdbaaa063a7ce1f601b4471d4edc92374c480f1_cf37ab26a9873d097320fbc44c07e3d1.jpg'}];2025-07-24T21:23:17+02:00
68ba02d3-cccd-448e-98d9-7f1665542611;Gondelbar Pizol;Die Gondelbar Pizol in Bad Ragaz bietet im Winter ein rustikales Ambiente für Après-Ski und im Sommer erfrischende Glacés im Aussenbereich. Ein idealer Treffpunkt für Freundeskreise und Familien.;Im Winter ist die Gondelbar der ideale Ort, um einen gelungenen Skitag ausklingen zu lassen! Geniesse das rustikale Ambiente und ein vielseitiges Angebot an Drinks, Shots, Bier, Café und Tee, Limo’s, Snacks und vielem mehr...

Im Sommer bieten sich erfrischende Glacés im gemütlichen Aussenbereich sowie Spielmöglichkeiten (Rolltoys) für Kinder. Die Gondelbar an der Talstation der Pizolbahnen in Bad Ragaz, ist im Sommer als auch im Winter der Ideale Treffpunkt mit Freunden und Bekannten - oder einfacher, ein Platz zum geniessen!;9.473363757133486;47.0174567937065;Loisstrasse 50;7310;Bad Ragaz;+41 79 564 99 82;info@gondelbar-pizol.ch;https://www.gondelbar-pizol.ch;[{'@type': 'ImageObject', 'contentUrl': 'https://ostpimtsoch.sos-ch-dk-2.exoscale-cdn.com/catalog/3/8/a/2/38a28695f9db3aa0de91ab6a8a41ac0e4ff647c2_2c9434f772bb9f09468af9765698be94.jpg'}];2026-06-22T20:36:15+02:00
68f8adaf-7cb4-4bce-b659-524cd9707ba2;Milchhüsli;Idyllisch und natürlich geniessen ;<p>Das Milchhüsli bietet ein einzigartiges gastronomisches Erlebnis, inmitten des Naherholungsgebietes Drei Weieren, einem der schönsten Naturschwimmbädern der Schweiz, umgeben von historischen Gebäuden. Die Geschichte des Milchhüsli reicht bis ins Jahr 1928 zurück. Schon damals verköstigte es durstige und hungrige Badegäste und Spaziergänger bei den Drei Weieren. Im Milchhuesli das bei schönem Wetter im Sommer jeden Tag geöffnet hat, gibt es Glace, Backwaren, Kaffee, Getränke und Snacks. Besonders bekannt ist hier der Zimtkuchen.</p>;9.38662648200989;47.42140928038666;Bitzistrasse 65a;9011;St.Gallen ;+41 71 222 11 48;https://www.milch-huesli.ch/;[{'@type': 'ImageObject', 'contentUrl': 'https://ostpimtsoch.sos-ch-dk-2.exoscale-cdn.com/catalog/a/3/e/a/a3eadce778352472cacee672feaa8921fe8744e3_16e52a77efb603bf1741c878c9c4a899.jpg'}];2025-06-02T17:34:21+02:00
6964d85c-91e6-4a8b-948f-25020020bf18;HR Weine Lindenhof & Erlebnis Alte Dorfschmiede;Direkt beim Bahnhof Trasadingen im Lindenhof ist HR Weine zu Hause.;<b>HR Weine</b>
Gerne können Sie bei uns die Weine degustieren oder einen Zwischenhalt einschalten.
Für einen Treff bis 20 Personen bitten wir um Anfrage.

<b>Erlebnis Alte Dorfschmiede</b>
Gerne zeigen wir Ihnen als Detail die alte Dorfschmiede von Trasadingen.


Wir freuen uns auf Ihren Besuch.;8.43629885;47.664375;Lindenhof 1;8219;Trasadingen;+41 52 681 46 89;waldmeier.hans@bluewin.ch;[{'@type': 'ImageObject', 'contentUrl': 'https://ostpimtsoch.sos-ch-dk-2.exoscale-cdn.com/catalog/7/0/7/0/7070eb7d9252abea04cf0c241e4d8c502aaa3108_c7b374a57d50badf1d4c029675b4f7e6.jpg'}];2025-02-17T12:55:49+01:00
6ac24ebb-5922-4166-aab0-1a068457159c;Slalom Bar Flumserberg;Die Slalom Bar Flumserberg ist ein Treffpunkt für Gäste jeden Alters. Bei Live-Musik von Spitzenformationen aus Europa herrscht eine lebhafte Atmosphäre. Die Bar bietet ein rustikales Ambiente und ist ideal für einen unterhaltsamen Abend.;In der Slalom Bar treffen sich Gäste jeden Alters, ob einheimisch, Feriengast oder ganz einfach nur Musikfreund.

Bei Live-Musik ist Top-Stimmung garantiert. Erleben Sie selbst einen grossartigen Abend in rustikalem Ambiente bis zur späten Stunde. Das Slalom Bar Team heisst Sie herzlichst willkommen. 

Reservationen nehmen wir gerne unter Tel. 081 733 11 22 entgegen. Die reservierten Plätze müssen bis 21.00 Uhr belegt sein.

Öffnungszeiten (ab 12. Dezember 2025): Freitag und Samstag ab 20.30 Uhr;9.2861663;47.0930688;Flumserbergstrasse 186;8898;Flumserberg Tannenbodenalp;+41 81 733 11 22;info@tannenboden.ch;https://tannenboden.ch/slalom-bar/;[{'@type': 'ImageObject', 'contentUrl': 'https://ostpimtsoch.sos-ch-dk-2.exoscale-cdn.com/catalog/b/b/4/8/bb48b46f8bb9a2862ad52d1b4a6aa7bef6885ee4_8ff7a0c70861657248145d9b5540a72a.jpg'}];2025-10-28T20:14:18+01:00
6af93391-5644-4d5b-ad56-2e93b5334059;Alprestaurant Babental;Speiserestaurant auf der einzigartigen Alp Babental;<p>Unsere Freude &uuml;ber diesen sch&ouml;nen Arbeitsplatz k&ouml;nnen wir am besten und ehrlichsten mit Motivation, Abwechslung und Tatendrang zum Ausdruck bringen. F&uuml;r uns steht Essen und Trinken im Mittelpunkt. Die Schweizer K&uuml;che bietet eine riesige Auswahl an Gerichten und Rezepten. Trendig, modern und den heutigen Anspr&uuml;chen gerecht, haben wir unsere Speise- und Getr&auml;nkekarten gestaltet. Wir backen unser Brot selbst und servieren Ihnen hausgemachte Kuchen, Rickli und Schnitten. Hausgemacht und frisch zubereitet zeichnet uns aus und bestimmt die Gestaltung unserer Speisekarte mit. Wir kaufen regional ein, wir kochen saisonal und wir nehmen R&uuml;cksicht.</p><p>Wollen Sie gepflegt und einfach &uuml;bernachten, dann sind Sie bei uns richtig: Ruhe, Natur und einen sehr hohen Erholungsfaktor bieten unsere Unterk&uuml;nfte. &Uuml;bernachtung von Donnerstag bis Montag.</p>;8.521912;47.7449709;Babental 354;8226;Schleitheim;+41 52 680 12 72;info@alprestaurant-babental.ch;http://www.alprestaurant-babental.ch;[{'@type': 'ImageObject', 'contentUrl': 'https://ostpimtsoch.sos-ch-dk-2.exoscale-cdn.com/catalog/9/4/a/2/94a2f321f2be0eec96cda7a7a80282f314c4699f_b3227efdabf72bf56a93295ebbff84f0.jpg'}];2026-01-23T19:26:02+01:00
6bb6dbf3-673e-43ad-ac94-10881ad55812;Restaurant Alpeglöggli;Restaurant Alpeglöggli – Mitten in der St. Galler Altstadt geniessen Gäste frische, saisonale Gerichte aus regionalen Zutaten. Gemütliche Atmosphäre und herzliche Gastfreundschaft machen jeden Besuch besonders.;Im historischen Gebäude von 1888 gelegen, bietet das Restaurant Alpeglöggli in der St. Galler Altstadt regionale, saisonale Küche und herzliche Gastfreundschaft – perfekt als kulinarischer Teil des Stadterlebnisses.;9.3762588;47.4241353;Schmiedgasse 11;9000;St.Gallen;+41 71 222 24 07;welcome@alpegloeggli.ch;https://alpegloeggli.ch/;[{'@type': 'ImageObject', 'contentUrl': 'https://ostpimtsoch.sos-ch-dk-2.exoscale-cdn.com/catalog/7/5/2/1/7521d2b670234033dd2f2b289fc0fd8e40b63067_0a1936d8bfc77b09a7528a3fd4ee716b.jpeg'}];2025-10-28T17:41:32+01:00
6c257fff-284d-4e12-871c-4df7c8511c60;Schlossgut Grünenstein;Wer Gutes sät, wird Gutes ernten;Es ist der Rebberg mit seiner Güte, welcher die Möglichkeiten vorgibt. Jedes Werk braucht aber einen Meister – so sind die Weine vom Schlossgut Grünenstein ein Ausdruck von Persönlichkeit und Leidenschaft. 

Dass aussergewöhnliche Architektur und Wein zusammengehören, kann auf dem Schlossgut Grünenstein erlebt werden. Der neu ausgebaute Torkel und das Schloss untermalen die Kulisse für ein Erlebnis der anderen Art. Im Torkel werden die Weine von Schloss Grünenstein gekeltert und im uralten Burgunderkellergewölbe ausgebaut. Auf Anfrage können im Torkel Degustationen und Anlässe wie Hochzeiten, Geburtstage oder Firmenanlässe durchgeführt werden.;9.598696159423678;47.40572958456;Grünensteinstrasse 10;9436;Balgach;+41 71 744 24 13;wein@gruenenstein.ch;https://www.gruenenstein.ch/;[{'@type': 'ImageObject', 'contentUrl': 'https://ostpimtsoch.sos-ch-dk-2.exoscale-cdn.com/catalog/f/7/6/6/f7668a59b4fbb26167653f72a3d86f900cb3857f_bf4bdda59173eb7b522d335b429f8214.jpg'}];2026-06-16T20:40:45+02:00
6c304c2f-8ca3-47ff-9077-415ce0d5fd9f;Speiserestaurant Adler;Für jeden Anlass…
Für Familien-, Geschäfts-, Firmen-, oder Vereinsanlässe.;<p>Saisonal, regional, exotisch, einfach &amp; exquisit. Jeder Gast ist bei uns willkommen - Von der Jeanshose bis zur Krawatte...</p><p>Kapazit&auml;ten:</p><p>Wintergarten bis 100 Personen</p><p>Restaurant bis 60 Personen&nbsp;</p><p>Burgst&uuml;bli bis 30 Personen&nbsp;</p><p>Garten bis 200 Personen&nbsp;</p><p>Partyservice offen&nbsp;</p>;9.563205;47.3169225;Staatsstrasse 68;9463;Oberriet;+41717611148;rest.adler@bluewin.ch;https://adler-oberriet.ch;[{'@type': 'ImageObject', 'contentUrl': 'https://ostpimtsoch.sos-ch-dk-2.exoscale-cdn.com/catalog/2/6/b/7/26b79585508ef8878c2c393ca1e03ebba93de83e_bbbedcc66fdf227483f70d53b370d47d.jpeg'}];2026-04-01T18:26:42+02:00
6e103d2a-5d54-4d19-85be-3e80086b9574;Restaurant 3 Linden (Dreilinden);Überschreite unsere rote Linie und entscheide dich für das Besondere anstelle des Gewöhnlichen. Sei Freund, nicht Gast. Sei zu Hause, nicht zu Besuch. Momente ohne Zwang und Genuss ohne Grenzen. 
 
Willkommen im 3 Linden.;Im 3 Linden wird Schweizer Küche mit mediterranen Einflüssen angeboten. Vielfältig mit Fleisch-, Fisch-, vegetarischen und veganen Gerichten. Die Gastgeber setzen auf auserlesene, frische Zutaten, saisonal und wenn immer möglich regional.

Der Ausblick vom Restaurant 3 Linden ist atemberaubend: Hoch über St. Gallen schweift der Blick über die malerische Altstadt und die sanften Hügel der Umgebung – ein Panorama wie ein Gemälde.

Das Ambiente lädt mit  zum Verweilen ein. Ein Ort, der Genuss und Geborgenheit vereint.;9.389717103032659;47.422942899999995;Dreilindenstrasse 42;9011;St. Gallen;+41712466464;hallo@3linden.ch;https://www.3linden.ch;[{'@type': 'ImageObject', 'contentUrl': 'https://ostpimtsoch.sos-ch-dk-2.exoscale-cdn.com/catalog/e/5/4/6/e5462824ea88fad0e8a72b6ae48a8f25eac89e6b_3ebfa797ff104a46f057920a5d6245a6.jpg'}];2026-04-07T18:25:19+02:00
6e357f86-4627-4b67-bff5-19c3b2ae1856;Weinkellerei zum Hirschen;Rebgut und Weinkellerei
Gewölbekeller für Degustationen und Kellerführungen;Wir sind stolz auf unsere Weine, weil sie einzigartig sind.

Unser Familienbetrieb im „Hirschen“ – in der Mitte des schönen Klettgauer 
Winzerdorfs Osterfingen – ist das Haus qualitativ hochstehender Weine. 
Wir verwenden unser ganzes Können und unsere Kraft für die Pflege 
unserer Reben und für die Verarbeitung unserer Spezialitäten im eigenen,
 modernen Kellereibetrieb. Als Selbstkelterer verarbeiten wir unseren 
Eigenbau mit viel Liebe zu begehrten Spitzenprodukten.

„Das Bisherige in höchster Qualität pflegen und immer wieder neue, naturnahe Produkte kreieren“  ist unser Credo im Weinbau.

Besuchen Sie uns! Wir heissen Sie im Rebgut und in der Weinkellerei „Hirschen Osterfingen“ herzlich willkommen.;8.4885222;47.6629301;Dorfstrasse 52;8218;Osterfingen;+41 52 681 21 49;info@richli-hirschen.ch;http://www.richli-hirschen.ch/;[{'@type': 'ImageObject', 'contentUrl': 'https://ostpimtsoch.sos-ch-dk-2.exoscale-cdn.com/catalog/7/5/9/e/759e97b8a487174cbec61b76c4e5d6a4a94014f3_b3ec0867deca48db001a7bf45c6dfd0c.jpg'}];2026-01-26T19:31:39+01:00
6eafe152-c2b9-48d9-a643-c529b1e13860;Wirtschaft zum Gemsli;Die Wirtschaft zum Gemsli in Mels begeistert mit regionaler Küche, herzlicher Gastfreundschaft und einer grossen Weinauswahl. Perfekt für gemütliche Abende, Feiern und Feste in authentischem Ambiente.;<p data-start="75" data-end="348">Die Wirtschaft zum Gemsli in Mels ist ein liebevoll gef&uuml;hrtes Restaurant, das f&uuml;r seine gem&uuml;tliche, rustikale Atmosph&auml;re gesch&auml;tzt wird. Das Lokal befindet sich an der Oberdorfstrasse 28 und ist sowohl bei Einheimischen als auch bei G&auml;sten aus der Region beliebt.</p><p data-start="350" data-end="747">Die Speisekarte umfasst eine Auswahl an Zwischenmahlzeiten wie den beliebten Gemsli-Toast, Sandwiches, Salsiz oder das traditionell &ouml;sterreichische Grammelschmalz-Brot, die mit frischen Zutaten aus der Region zubereitet werden. Besonders hervorzuheben ist die grosse Weinauswahl. Im jahrhundertealten Weinkeller lagern neben einheimischen Tropfen auch erlesene Weine aus der ganzen Welt.</p><p data-start="749" data-end="1188">Das Gemsli ist auch ein Ort f&uuml;r gesellige Anl&auml;sse wie Alpabfahrten, Fasnachtsfeiern oder lokale Feste, die regelm&auml;ssig organisiert werden. Auch ausserhalb der &Ouml;ffnungszeiten kann das Gemsli f&uuml;r eine Vielzahl von Anl&auml;ssen reserviert werden. Ob Geburtstagspartys, Hochzeitsap&eacute;ros, Polterabende, Konzerte &ndash; alles hat Platz im Gemsli. Das freundliche und herzliche Personal sorgt daf&uuml;r, dass sich die G&auml;ste rundum wohlf&uuml;hlen.</p><p data-start="1190" data-end="1317">Mit kostenlosen Parkpl&auml;tzen direkt vor dem Haus und einer guten Erreichbarkeit ist das Restaurant ideal f&uuml;r spontane Besuche.</p>;9.417428970336916;47.0452049697649;Oberdorfstrasse 28;8887;Mels;+41 79 800 81 63;rosi.lendi@hotmail.com;https://gemsli-mels.com/;[{'@type': 'ImageObject', 'contentUrl': 'https://ostpimtsoch.sos-ch-dk-2.exoscale-cdn.com/catalog/9/1/f/1/91f18f6fd423c713ce4e68e13c95a07125987bcd_cf8c9604b2c0e8bda2a67564da33a7c0.jpg'}];2026-04-01T21:46:08+02:00
6f035391-5410-4097-ac10-eb426fd4f9cb;Bistro Golf Club Heidiland;Das Bistro Golf Club Heidiland in Bad Ragaz bietet eine grosszügige Terrasse für entspannte Mittagessen und Abende. Es serviert mediterrane und einfache Küche und ist familienfreundlich sowie rollstuhlgerecht.;Dieses schöne Fleckchen direkt bei den Golfplätzen des Golf Clubs Heidiland lädt mit seiner grosszügigen Terrasse zum Lunchen und Verweilen ein. Schmackhafte Gerichte, leichte Snacks oder einfach ein kühler Drink zum Feierabend? Das Küchenteam im Golfbistro freut sich auf Golfer und alle, die es in das grüne Panorama zieht.;9.516695028802676;46.9975241;Maienfelderstrasse 50;7310;Bad Ragaz;+41 81 303 37 00;gcheidiland@resortragaz.ch;https://www.grandresort.ch/experience-golf/golf/bistro-heidiland;[{'@type': 'ImageObject', 'contentUrl': 'https://ostpimtsoch.sos-ch-dk-2.exoscale-cdn.com/catalog/0/6/c/b/06cb8d0b85b4b55ba7cfa335dfe75b243e1888fb_7eb2e61169d1001965310d8e79337a31.jpg'}];2026-09-04T21:03:29+02:00
705ba7bc-9080-45fd-b887-337df1196c68;Gasthaus Bad;Idyllisches, altes Gasthaus mit gutbürgerlicher Küche.;In den sanften Hügeln des Toggenburgs, umgeben von majestätischen Bergen und üppigen Wäldern, liegt das Gasthaus Bad Hemberg wie ein verborgener Schatz. Die Geschichte dieses Gasthauses reicht weit zurück, in eine Zeit, als Reisende noch auf Pferden ritten und die Wege durch die Täler von Geschichten über alte Sagen und Legenden erfüllt waren.

Heute erwartet Sie Gastfreundschaft und gutbürgerliches Essen im idyllisch gelegenen Gasthaus Bad Hemberg. Es gibt eine kleine, aber feine Menükarte mit frischen Zutaten aus der Region und einfache, preiswerte Übernachtungsmöglichkeiten.;9.167572623149695;47.2900226;Badstrasse 27;9633;Hemberg;+4177 415 92 03;tschumperrita@gmail.com;https://www.gasthausbad-hemberg.ch/;[{'@type': 'ImageObject', 'contentUrl': 'https://ostpimtsoch.sos-ch-dk-2.exoscale-cdn.com/catalog/f/7/7/f/f77fb60898ad0ce972f2307afe85726c7946082a_37cc4b72b90e7b4fac7dc886ba2674c5.jpg'}];2025-10-28T16:20:36+01:00
708fc7f4-efb3-4f25-bdce-331b05030a80;Güterhof - Gastronomie am Rhein;Der Güterhof in Schaffhausen hat sich vom Lagerhaus zum beliebten Restaurant entwickelt. Das Lokal mit Bar, Lounge und Terrasse liegt direkt am Rheinufer und hat sich auch als Event-Location einen Namen gemacht.;Nach dem Umbau im Jahr 2019 erstrahlt der Güterhof in neuem Glanz: Das ehemalige Lagerhaus aus dem Jahr 1787 vereint Moderne und Tradition. Die historischen Grundmauern und die moderne Einrichtung versprühen einen ganz speziellen Charme. Das Restaurant besticht durch seine grosszügige Raumaufteilung mit verschiedenen Sitz- und Essbereichen und der grossen Bar.

Geniessen Sie bei schönem Wetter Ihren Kaffee auf der grosszügigen Terrasse direkt am Rheinufer. Wählen Sie zum Lunch aus der Tageskarte oder eines der Mittagmenus und zum Dinner aus der vielfältigen Abendkarte. Es erwartet Sie eine regionale und saisonale Küche mit Schweizer Klassikern und Grillspezialitäten. Die Highlights: der wöchentliche Sonntagsbrunch und Käsefondue (November bis Februar).

Bekannt ist der Güterhof aber auch als Event Location für Privat- und Geschäftsanlässe, Seminare und Hochzeiten. Reservieren Sie einen Bereich im Restaurant oder auf der herrlichen Terrasse. Für einen grösseren Anlass den Güterhof-Saal (ca. 30 – 85 Personen) mit der Balkendecke und den Holzsäulen. Der überdachte Innenhof kann mitbenutzt oder dazu gemietet werden. 

Tauchen Sie ein in die einmalige Atmosphäre des Güterhofs und erleben Sie die Vielseitigkeit dieses Restaurants in Schaffhausen am Rheinufer.;8.6412581;47.6955227;Freier Platz 10;8200;Schaffhausen;+41 52 630 40 40;info@gueterhof.ch;http://www.gueterhof.ch/;[{'@type': 'ImageObject', 'contentUrl': 'https://ostpimtsoch.sos-ch-dk-2.exoscale-cdn.com/catalog/5/4/2/7/54272ab12e33cc7cfb4b58ca833464fdd252bc68_26bcf2d9e4a30f2347cfe1872a844412.jpg'}];2025-12-22T19:32:54+01:00
70d2b4d3-c124-4f0b-bd1a-67a74975f4a7;Bioweingut Lenz;Auf dem Bioweingut Lenz in Iselisberg im Thurgau kreiert und verkauft die Familie Lenz rund 40 verschiedene charaktervolle und innovative Bioweine. Die Weine werden nach biodynamischen und Delinat-Richtlinien produziert mit einem klaren Fokus auf Nachhaltigkeit.;Das Bioweingut Lenz gewinnt regelmässig Auszeichnungen und Preise für seine Bioweine. Diese können aber nicht nur bei Wettbewerben, sondern auch direkt auf dem Weingut in Iselisberg degustiert und gekauft werden.  Bei einer 1.5 stündigen Betriebsführung mit anschliessender Weindegustation erfahren die Gäste Interessantes über das Bioweingut, die Philosophie und das Nachhaltigkeitskonzept des Betriebes.

Für Gruppen bietet die Erlebniskellerei diverse Möglichkeiten: Betriebsrundgänge, geführte Degustationen oder Bankette im schönen Eventraum für bis zu 80 Personen.;8.8288048;47.5870214;Iselisberg 23;8524;Uesslingen;+41 52 746 13 86;info@weingut-lenz.ch;http://www.weingut-lenz.ch/;[{'@type': 'ImageObject', 'contentUrl': 'https://ostpimtsoch.sos-ch-dk-2.exoscale-cdn.com/catalog/4/c/1/4/4c14b56ec30ae0a6bd72267bad91f585dbb593e9_d908d712e682ad7b7a5fd3ea02befdbc.jpg'}];2025-02-17T13:28:20+01:00
7202273f-3a34-4537-9832-222394d2512e;DOCKeins Hafenbeiz;Das DOCKeins ist ein zwangloser und gemütlicher Treffpunkt in Arbon direkt am See. Hier werden Strandläufer, Sonnenanbeter, Seelebaumelnlasser, Sonnenunterganggeniesser, Seebären, Meerjungfrauen, Landratten, Rettungsschwimmer und Süsswasserpiraten verwöhnt.;Erfrischende Drinks, auserlesene Weine, ein kühles Bier, etwas Prickelndes ohne Alkohol! Oder doch lieber Kaffee oder Tee? Im DOCKeins findet man einiges gegen den Durst. Dazu erwarten die Gäste feine Kleinigkeiten: Schweizer Fischknusperli, verschiedene hausgemachte Dinkelschiffli oder ein Apéro-Plättli. Desserts, Glacées oder Schleckereien für die kleinen Gäste findet man natürlich auch. Sollte mal kein freies Plätzchen zu finden sein, das Food- und Drinkangebot gibt es auch «to go» - und das natürlich in ökologischem Einweggeschirr aus kompostierbarem Biokunststoff oder Reststoffen der Zuckerproduktion.;9.4380174;47.5138088;Hafenstrasse 1;9320;Arbon;071 440 00 76;hallo@dockeins.ch;https://dockeins.ch/;[{'@type': 'ImageObject', 'contentUrl': 'https://ostpimtsoch.sos-ch-dk-2.exoscale-cdn.com/catalog/d/6/7/2/d67234f3b9c34426ac1e0c46ddcd67d990ed9823_b54a51c8e3674cf4d1141d019b2c61a4.jpeg'}];2026-04-01T22:51:20+02:00
7239a1dc-0658-4320-be22-990fa09741b2;Genuss-Erlebnis Bier und Käse;Erlebe einen einzigartigen Event, bei dem die Kombination von Bier und Käse im Mittelpunkt steht.;<p>Erfahrene Bier- und K&auml;se-Sommeliers f&uuml;hren dich durch die Welt der Sch&uuml;tzengarten Biere, erkl&auml;ren die Geschichte der &auml;ltesten Brauerei der Schweiz sowie die Herstellungsprozesse der verschiedensten Bierstile.&nbsp;</p><p>Im Rahmen der Degustation wirst du rund zehn verschiedene Biere probieren, die mit sorgf&auml;ltig ausgew&auml;hlten K&auml;sesorten kombiniert werden. Die Sommeliers geben wertvolle Tipps, wie die Aromen von Bier und K&auml;se ideal zur Geltung kommen und sich harmonisch erg&auml;nzen.</p><p>Lerne, wie die Biere richtig ausgeschenkt werden, um ihr volles Aroma zu entfalten. Erweitere dein Wissen &uuml;ber die Kunst der Bier- und K&auml;sekombination und lasse dich von neuen Perspektiven auf diese beiden Genussmittel inspirieren. Ein Event f&uuml;r alle, die sowohl Bier als auch K&auml;se sch&auml;tzen und sich gerne kulinarisch verw&ouml;hnen lassen.&nbsp;</p>;9.3792971;47.4299863;St. Jakob-Strasse 37;9004;St. Gallen;+41 71 243 43 44;info@schuetzengarten.ch;https://www.schuetzengarten.ch;[{'@type': 'ImageObject', 'contentUrl': 'https://ostpimtsoch.sos-ch-dk-2.exoscale-cdn.com/catalog/1/b/b/6/1bb6fb42450f208a7495bf56a73d38b3f9886936_20d059de8dad9244cea8e0846256327b.jpg'}];2026-02-24T17:53:15+01:00
7253eb13-aa2c-4cb7-b1ec-f657676d1f92;Rathauskeller Mels - Weinlokal;Herzlich willkommen im Rathauskeller Mels – Ihr Weinlokal im historischen Gewölbe;<p class="MsoNoSpacing"><span lang="DE-CH" style="mso-bidi-font-size: 10.0pt;">Verweilen Sie in unserem charmanten Gewölbekeller mitten im Herzen von Mels – an einem Ort, an dem Geschichte, Gemütlichkeit und Genuss zusammenfinden. In entspannter Atmosphäre bei einem feinen Glas Melser Wein und kleinen, liebevoll zubereiteten kulinarischen Köstlichkeiten lässt sich dem Alltag wundervoll entfliehen.</span></p><p class="MsoNoSpacing"><span lang="DE-CH" style="mso-bidi-font-size: 10.0pt;">Kommen Sie vorbei – entdecken, geniessen und verweilen Sie! Wir freuen uns auf Ihren Besuch.</span></p><p class="MsoNoSpacing"><span lang="DE-CH" style="mso-bidi-font-size: 10.0pt;">Feiern Sie im besonderen Ambiente. Unsere Räume bieten Platz für bis zu 50 Personen. Ideal für Geburtstage, (Hochzeits-)Apéros oder einfach ein gutes Glas Wein mit Freunden. Ob ein gemütlicher Apéro oder ein genussvolles, mehrgängiges Menü – wir gehen gerne auf Ihre Wünsche ein und gestalten Ihr Fest ganz nach Ihren Vorstellungen mit ehrlicher und gutbürgerlicher Küche sowie viel Liebe zur Region.</span></p><p class="MsoNoSpacing"><strong><span lang="DE-CH" style="mso-bidi-font-size: 10.0pt;">Weingenuss für Zuhause – unsere Vinothek</span></strong></p><p class="MsoNoSpacing"><span lang="DE-CH" style="mso-bidi-font-size: 10.0pt;">In unserer Vinothek trifft Genuss auf Kompetenz und Leidenschaft. Für eine persönliche Weinberatung besuchen Sie uns doch in unserer <u>Vinothek</u> oder bestellen Sie erlesene Weine, Edelbrände oder unseren alkoholfreien Trubetau direkt im Online-Shop.</span></p>;9.419257;47.0466979;Platz 2;8887;Mels;+41 81 710 50 75;gastro@rathauskellermels.ch;https://www.rathauskellermels.ch/;[{'@type': 'ImageObject', 'contentUrl': 'https://ostpimtsoch.sos-ch-dk-2.exoscale-cdn.com/catalog/0/9/2/7/0927489855c40e703b1b5c3c91bf00c4222e7e73_7c0142b768df4d02f5ce509a4d1ca028.jpg'}];2026-08-09T16:30:19+02:00
72d7a02c-1690-4dad-87b9-d029ced5ee85;Café Central;In unserem Café treffen sich Tradition und Weltoffenheit in einer gemütlichen Atmosphäre. Bei uns geniessen Sie eine Auswahl aus Grosis Küche, regionalen Spezialitäten und mediterranen Köstlichkeiten.;Wir sind ein willkommenes Ausflugsziel und ein Treffpunkt für Wanderer, Velo- und Töfffahrer sowie Familien im sonnenverwöhnten Kirchberg. Wir fertigen die ortsbekannten Desserts und Birchermüsli nach traditionellen Rezepten selbst. Das Café Central ist ein Ort der persönlichen Begegnungen, des Austauschs und der Geselligkeit. Bei uns geniessen Sie eine entspannte Zeit bei Znüni, Mittagessen, Kaffee &amp; Kuchen, einem süssen oder salzigen Zvieri. Auch unser Brunch und unsere Anlässe sind einen Besuch wert.;9.039407547862178;47.4111488;Tellstrasse 2;9533;Kirchberg;+41 71 931 11 76;info@central-kirchberg.ch;https://central-kirchberg.ch;[{'@type': 'ImageObject', 'contentUrl': 'https://ostpimtsoch.sos-ch-dk-2.exoscale-cdn.com/catalog/a/9/0/6/a906853583f90a60c0a2af3b3a929679f925b6eb_943a2c909db5b1d49be221197879881b.jpg'}];2026-03-31T19:17:55+02:00
72ed6fb8-7040-4105-af68-95fe4f179c85;Buurebeizli Dergeten;Das Buurebeizli Dergeten mit besonderem Charme ist Ausgangspunkt für schönste Wanderungen im Speer-Goggeien Gebiet.;<p>Die K&auml;sekn&ouml;pfli und der selbstgemachte Eistee von Familie Stauffacher haben sich herumgesprochen. Einheimische wie ausw&auml;rtige Besucher finden sich im &laquo;Buurebeizli Dergeten&raquo; zu einem guten Essen ein. Die Gastwirtschaft ist rustikal mit Spielplatz und Buurehof zum Aluege. Buchbar: Ganzj&auml;hrig per Telefon oder Mail, Personen: Innen 40 / Aussen 50</p><p>&nbsp;</p><p>Auskunft zur Zug&auml;nglichkeit: <a href="https://www.ginto.guide/entries/a190756a-143d-48c4-a940-8dbf4a97b916?lnk_src=business" target="_blank" rel="noopener">ginto</a></p>;9.1897258;47.1932008;Dergeten-Laad;9650;Nesslau;+41 71 994 15 67;info@buurebeizli-dergeten.ch;http://www.buurebeizli-dergeten.ch;[{'@type': 'ImageObject', 'contentUrl': 'https://ostpimtsoch.sos-ch-dk-2.exoscale-cdn.com/catalog/c/4/2/6/c42668c2c30df35efcf73be17e2b00eb23490477_2c02eb2545889018404399fbad4c861b.JPG'}];2026-04-17T20:08:39+02:00
737b0e91-3075-4c16-bd8b-ced8071505dd;Bäckerei-Konditorei am Schaubmarkt;Seit 1993 führen wir, Franz und Monika Marty, unsere Bäckerei-Konditorei Am Schaubmarkt in der malerischen Altstadt von Stein am Rhein. ;<p>Unsere Gesch&auml;ftsliegenschaft stammt aus dem Jahr 1677 und wurde mit einigen Unterbr&uuml;chen seit jeher als B&auml;ckerei genutzt. UrDinkel nimmt in unserer Backstube eine Sonderrolle ein, wir haben uns im Verlauf der Jahre als UrDinkel-Spezialist etabliert. Unser Angebot umfasst viele verschiedene K&ouml;stlichkeiten wie Guetzli, Riegel oder Fr&uuml;chtebrote. An UrDinkel K&uuml;rbiskern-Bibern haben vor allem jene Fans von gef&uuml;llten Bibern grosse Freude, welche N&uuml;sse oder Mandel aus gesundheitlichen Gr&uuml;nden nicht vertragen. Daf&uuml;r werden ausschliesslich K&uuml;rbiskerne von Schaffhauser Bauern verwendet, den einzigen Schweizer K&uuml;rbiskern-Produzenten. Unsere Pr&auml;senz an der BEA in Bern ist bereits zur Tradition geworden. Wir geh&ouml;ren zu den Gr&uuml;ndungsmitgliedern von Naturel und allen Vorg&auml;nger-Organisationen und sind als B&auml;cker-Vertreter im Vorstand der IG Dinkel engagiert.</p>;8.8584849;47.6594791;Schwarzhorngass 6;8260;Stein am Rhein;+41 52 741 48 18;http://www.urdinkel.ch/de/shop/lieferanten/baeckerei-am-schaubmarkt;[{'@type': 'ImageObject', 'contentUrl': 'https://ostpimtsoch.sos-ch-dk-2.exoscale-cdn.com/catalog/c/a/f/8/caf81a7d9e97393d95e11a21b7838fc1edf1d0a7_d0dc50ce255f968e2ba15306d3f10483.jpg'}];2026-01-08T19:25:54+01:00
7447cf6a-62b3-4646-9320-0c4e8d25ebf4;Seerestaurant Buchhorn;Direkt am schönen Bodensee gelegen bietet das Seerestaurant Buchhorn in Arbon den richtigen Platz zum Verweilen. Am liebsten möchte man den leicht erhöhten Aussichtsplatz der Terrasse gar nicht mehr verlassen. Das ist Sommerfeeling pur.;<p>Mit viel Engagement wird das Seerestaurant Buchhorn im Strandbad Arbon betrieben. Neben der Speisekarte sorgen die t&auml;glich wechselnden Mittagsmen&uuml;s f&uuml;r Abwechslung auf dem Esstisch und der vielf&auml;ltigen Auswahl am Buffet kann niemand widerstehen. Zur Spezialit&auml;t des Hauses geh&ouml;ren die feinen Fischknusperli sowie der unverwechselbare Buchhorn-Burger.</p><p>Das Restaurant Buchhorn in Arbon erfrischt auch als vielseitige Anlage f&uuml;r Feste.&nbsp; Neben dem t&auml;glichen Betrieb ist das Seerestaurant Buchhorn auch die perfekte B&uuml;hne f&uuml;r gediegene, festliche Begegnungen jeglicher Art. Es gibt wenige Orte, die sich f&uuml;r ein Fest so ideal eignen wie dieses einzigartige Bijou. Direkt am See gelegen l&auml;sst es sich auf vielf&auml;ltige Weise bespielen.</p><p>Das Seerestaurant Buchhorn ist ein tolles Ausflugsziel und liegt an diversen Velo- und Wanderwegen.</p>;9.4196373;47.5254529;Philosophenweg 11;9320;Arbon;+41 71 446 17 60;office@seerestaurant-buchhorn.ch;https://seerestaurant-buchhorn.ch/;[{'@type': 'ImageObject', 'contentUrl': 'https://ostpimtsoch.sos-ch-dk-2.exoscale-cdn.com/catalog/8/c/a/a/8caa4162c3df23ee87f275b72b13265293cb6932_39552eda632a6b93fee6114c14bbbb20.jpg'}];2026-08-30T16:30:18+02:00
74cd3364-abba-430a-a6f0-f567a0c3eb80;Hertihof Besenbeiz;Der Hertihof Besenbeiz im Bündner Rheintal bietet ehrliche Gastronomie mit Produkten vom eigenen Hof. Gäste können in einem stilvollen Ambiente traditionelle Gerichte geniessen. Der Aussenbereich ist kinderfreundlich und Hunde sind willkommen.;Der Bauernhof mit Besenbeiz im Bündner Rheintal steht für fadengrad ehrliche Gastronomie. Nix schnick, nix schnack: einfaches, stilvolles Ambiente. Gute Produkte. Und Menschen die gerne Menschen haben. Unter dem Motto vom «Schwänzli bis zum Schnörrli» kommen hochwertige Produkte vorwiegend vom eigenen Hof/Feld auf den Tisch. Aus Respekt vor dem Tier landen nicht nur die edlen Stücke auf dem Teller der Gäste, sondern gut und gerne auch mal ein Voressen, Siedfleisch oder Haxen. Herrlicher Aussenbereich mit viel Platz zum Sein, auch für Kinder. Hunde sind gerne gesehen, wenn sie keine Angst dafür aber Respekt vor unseren Tieren haben.;9.5478175;46.9243919;Baltschinweg 1;7204;Untervaz;+41 76 366 01 32;info@hertihof.ch;https://www.hertihof.ch/;[{'@type': 'ImageObject', 'contentUrl': 'https://ostpimtsoch.sos-ch-dk-2.exoscale-cdn.com/catalog/c/1/b/d/c1bd947e163094dc66be9cd4618c88aae51f0a8f_72c84c4bd129bbe2483c8c346339bb76.jpg'}];2026-04-27T22:08:08+02:00
753c734e-963f-4b8b-ae3a-21fd0ae8bbc7;Weingut Schloss Salenegg;Das Weingut Schloss Salenegg in Maienfeld ist das älteste Weingut Europas. Seit 1068 wird hier Wein angebaut. Neben Wein werden auch Destillate, Delikat Essig und kaltgepresstes Öl produziert.;Schloss Salenegg, das älteste Weingut Europas

Seit 1068 wird auf Schloss Salenegg Wein angebaut und seit 1654 ist Schloss Salenegg im Besitz der Familie Gugelberg von Moos. Von Generation zu Generation wurde mit Mut und Weitsicht Wissen und Erfahrung weitergeben, zusammen mit einem tiefen Respekt für die Natur. Alle Erzeugnisse von Schloss Salenegg - der Wein, die Destillate, der Delikat Essig und das kaltgepresste Öl - werden mit Liebe, Fleiss und Können naturnah an- und ausgebaut.

Im Jahr 2020 wurde von Helene von Gugelberg die grösste Umstrukturierung des Weinbaus seit 1906 in die Wege geleitet. Neben Blauburgunder und Chardonnay wurden im Frühjahr 2021 die pilzwiderstandsfähigen Sorten, Sauvignac und Cabernet blanc gepflanzt. Die neu angelegten Rebberge sind so gestaltet, dass sie eine grösstmögliche Biodiversität erlauben und die maschinellen Arbeiten zu einem späteren Zeitpunkt durch autonome Fahrzeuge ausgeführt werden können. Das Weingut wurde per 2025 an Markus von Gugelberg übergeben. Auch der Sohn von Helene von Gugelberg führt die lange Tradition auf Schloss Salenegg, dem ältesten Weingut Europas, weiter mit dem Ziel der steten Ausrichtung auf den neusten Stand der Nachhaltigkeit.;9.52847515363829;47.01073565;Steigstrasse 21;7304;Maienfeld;+41 81 302 11 51;info@schloss-salenegg.ch;http://www.schloss-salenegg.ch/;[{'@type': 'ImageObject', 'contentUrl': 'https://ostpimtsoch.sos-ch-dk-2.exoscale-cdn.com/catalog/a/8/1/4/a8146fa146eb5bff9941b75537e254ca430ff36e_a03f583130d3f6137a83f511eaaede56.jpg'}];2025-12-08T22:58:41+01:00
7649439a-3c24-4b49-9cbb-ddec6b477775;Restaurant Engel Herisau;Wer hier einkehrt, fühlt sich in die gute alte Beizenzeit zurückversetzt. In eine Gaststube, wo noch Römer und Tschumpeli ausgeschenkt werden, wo am Stammtisch über Gott und die Welt diskutiert oder ein Jass geklopft wird.;<p><span style="font-size: 12.0pt; line-height: 115%; font-family: 'Aptos',sans-serif; mso-ascii-theme-font: minor-latin; mso-fareast-font-family: Aptos; mso-fareast-theme-font: minor-latin; mso-hansi-theme-font: minor-latin; mso-bidi-font-family: Arial; mso-bidi-theme-font: minor-bidi; mso-ansi-language: DE-CH; mso-fareast-language: EN-US; mso-bidi-language: AR-SA;">Im &laquo;Engel&raquo; </span>treffen sich Handwerker zum Zn&uuml;ni. Am Mittag werden Tagesmen&uuml;s zu moderaten Preisen serviert &ndash; inklusive Salat und Suppe. Nachmittags geniessen Wanderer einen Zvieri oder Coupe mit saisonalen Fr&uuml;chten. Am Abend lassen sich Familien zum Nachtessen nieder, und Vereine aus Herisau und Umgebung genehmigen sich nach Training oder Probe einen Absacker.</p><p class="MsoNormal">Und wen der Hunger plagt, dem zaubert unser Koch Hampi auch zu sp&auml;ter Stunde etwas Gluschtiges auf den Teller.</p><p class="MsoNormal">Anl&auml;sse sind im Saal bis zu 40 Personen durchf&uuml;hrbar.&nbsp;</p>;9.2603454;47.3889704;Degersheimerstrasse 76;9100;Herisau;+41 71 351 18 77;info@engel.rest;https://www.engel.rest/;[{'@type': 'ImageObject', 'contentUrl': 'https://ostpimtsoch.sos-ch-dk-2.exoscale-cdn.com/catalog/f/3/c/2/f3c28c7c4be601a003bd86f47a5cebf89ec599d8_76805514332ff480ec02ad7ce6ff8abf.jpg'}];2025-11-10T18:23:54+01:00
77a2324d-00a4-4f32-8c3e-433cd2d6e51b;Weingut Donatsch & Winzerstube "zum Ochsen";Das Weingut Donatsch in Malans bietet eine Auswahl an Eigenbau-Weinen und regionalen Spezialitäten. Die Winzerstube zum Ochsen lädt zum Verweilen ein, mit einer Vinothek voller erlesener Weine aus der Bündner Herrschaft.;Ein Besuch in der historischen Arvenstube der «Winzerstube zum Ochsen» in Malans ist ein bleibendes Erlebnis für alle Sinne.
In stilvoller Atmosphäre geniessen Sie regionale Spezialitäten, begleitet von erlesenen Weinen aus dem eigenen Weingut Donatsch.

Die Donatsch-Weine können in der Winzerstube auch nach eigener Auswahl als Degustationsbrett zur individuellen Weinverkostung bestellt werden.

Die kleine, feine Speisekarte setzt bewusst auf Qualität statt Quantität:
Hausgemachte Gerstensuppe, eine währschafte Wurst, Bündnerplatte mit luftgetrockneten Fleischspezialitäten und ein gut gereifter Käse.

Die 1926 erbaute Bündnerstube mit ihrem berühmten blauen Kachelofen lädt besonders im Winter zum Verweilen ein.
An sonnigen Tagen geniessen Sie auf dem Balkon den Blick über die Dächer von Malans bis in die Bündner Berge.

Für Weinbegeisterte erwartet Sie in der Vinothek eine aussergewöhnliche Auswahl an Spitzenweinen:
Jahrgänge aus dem Weingut Donatsch, Weine ausgewählter Winzer aus der Bündner Herrschaft sowie grosse Klassiker aus Bordeaux, Burgund und weiteren europäischen Regionen.
Über 200 Positionen liegen zur Auswahl bereit, darunter gesuchte Raritäten.

Weinkenner sind hier im Paradies – und haben die Qual der Wahl.;9.576973;46.9816203;Sternengasse 6;7208;Malans GR;+41 81 322 11 17;info@donatsch-malans.ch;http://www.donatsch-malans.ch;[{'@type': 'ImageObject', 'contentUrl': 'https://ostpimtsoch.sos-ch-dk-2.exoscale-cdn.com/catalog/b/5/5/0/b5501b8f0547a2a0783cfdcf753e1c1c74d951e2_8c7732b8ab4b5a66ee7e6b4f2a82ec74.jpg'}];2026-04-27T22:10:49+02:00
7ae09e3b-e168-4a38-8ee6-e844aa731baf;Rohners Kafi Mühlegg;Verweilen oder mitnehmen - ganz nach dem Zeitplan.;<p>Rohners Kafi M&uuml;hlegg ist der Treffpunkt im Dorf f&uuml;r die Kaffeepause, ein gutb&uuml;rgerliches Mittagessen oder einfach zum gem&uuml;tlichen Beisammensein. An der Verkaufstheke wird Knuspriges aus dem Ofen, Snacks, Salate, Mittagsmen&uuml;s to go, s&uuml;sse Backwaren, Tortenst&uuml;cke und Schokoladenspezialit&auml;ten angeboten. Im stilvollen und gem&uuml;tlichen Restaurant k&ouml;nnen die G&auml;ste K&ouml;stlichkeiten aus K&uuml;che und Backstube geniessen. Die grossz&uuml;gige Sonnenterrasse, mit Blick auf den M&uuml;hleggweiher, l&auml;dt bei sch&ouml;nem Wetter zum Verweilen ein.</p>;9.3795153;47.4192483;Sankt Georgen-Strasse 42;9000;St. Gallen;+41712227141;info@rohners-kafimuehlegg.ch;https://rohners-genusswelt.ch;[{'@type': 'ImageObject', 'contentUrl': 'https://ostpimtsoch.sos-ch-dk-2.exoscale-cdn.com/catalog/f/5/a/7/f5a7c67b14f736c15f86ef0f9ff842f50c843db5_b54871345e88d422e54d990493da2289.JPG'}];2026-04-01T17:35:19+02:00
7d14c721-8330-4cb6-9f02-8e64b3cd5250;Bistro Hafen West;Das Bistro Hafen West am Walensee bietet eine Sonnenterrasse mit freiem Blick auf den See und die Churfirsten. Es ist ein Selbstbedienungs-Bistro mit einer Auswahl an lokalen und marktfrischen Gerichten.;Das im Mai 2023 neu eröffnete Bistro liegt direkt am Ufer des Walensees. Der freie Blick von der Sonnenterrasse auf den See und die Churfirsten ist atemberaubend.
Vielfältiger Genuss zeichnet unser Selbstbedienungs-Bistro aus: 
Geniessen sie einen erfrischenden Aperitif, den AngusBeefBurger mit knackigen Salaten, oder bei einem Glas Wein die fantastische Naturkulisse und mit etwas Glück einen spektakulären Sonnenuntergang.;9.285898174697886;47.113664299999996;Strandweg 2331;8885;Mols;+41 79 481 88 85;kontakt@bistrohafenwest.ch;https://www.bistrohafenwest.ch/;[{'@type': 'ImageObject', 'contentUrl': 'https://ostpimtsoch.sos-ch-dk-2.exoscale-cdn.com/catalog/6/0/d/f/60dff4fffa5835be568f691fdb0edd9aac19b4d2_f1b7fcb4488a5a7811028242c6bdb3ab.jpg'}];2026-04-20T22:07:14+02:00
7e77fc5b-c5a8-4254-91e5-23f131c601a0;Restaurant Krone Ennetbühl;Unser Restaurant, im kleinen Dorf Ennetbühl am Fusse des Säntis, bietet eine gemütliche und heimelige Atmosphäre für jeden Anlass. Wir bedienen Sie gerne mit einer gutbürgerlichen Schweizerküche. ;<p>Bei uns k&ouml;nnen Sie ein preiswertes Mittagsmenu, etwas aus der Speisekarte, einen feinen Coupe oder den wohlverdienten Feierabend geniessen. Wir pflegen gerne den Kontakt mit unseren G&auml;sten, denn Ihr Wohl ist uns wichtig. Mit unseren verschiedenen R&auml;umlichkeiten haben wir f&uuml;r jeden Anlass das richtige Angebot. Daf&uuml;r stellen wir Ihnen gerne passende Menuvorschl&auml;ge zusammen, bei welchen wir immer grossen Wert auf Qu&auml;lit&auml;t und Regionalit&auml;t legen.&nbsp;</p><p>Wir freuen uns &uuml;ber Ihren Besuch!</p>;9.21149;47.24076;Dorf 903;9651;Ennetbühl;071 994 19 93;koertle@bluewin.ch;http://www.krone-ennetbuehl.ch/;[{'@type': 'ImageObject', 'contentUrl': 'https://ostpimtsoch.sos-ch-dk-2.exoscale-cdn.com/catalog/7/4/d/8/74d8b3c6302dd6acd31b2d8de2ebee45dc7f2469_02af3d4e8ad43d36ee4c3eaa44ba1643.jpg'}];2026-04-10T19:47:25+02:00
812799e4-ea6b-4fe5-bb5d-199317306255;BBC Butterbarcafe;Freunde treffen, Spielmöglichkeiten und Sportübertragungen in gemütlicher Bar-Atmosphäre geniessen.;Der grosse Stolz ist die zwölf Meter lange Bar, die von vier Seiten aus bedient wird. Lange Wartezeiten sind (fast) ausgeschlossen und innerhalb kurzer Zeit sind alle Gäste bedient. Das BBC ist zweistöckig und bietet Indoor sechs Barstationen und chillige Sofas für eine gemütliche Atmosphäre.

Der Palmengarten ist 400 Quadratmeter gross und vom Frühling bis in den Spätherbst geöffnet. Im Garten hat es sechs Barstationen und in vier Metern Höhe ist eine 12m2 LED-Wand installiert, auf der alle Spiele des FC St. Gallen und andere Sportanlässe übertragen werden.

Spielmöglichkeiten sind Tischfussball, Billard, Mini-Tischtennis, Dart und Flipper. Zudem stehen Beer-Pong-Tische zur Verfügung, spielen macht ja bekanntlich durstig.

Der Eintritt ins BBC ist kostenlos.;9.255978763103487;47.41194494693052;Güterschuppen;9200;Gossau;+41 71 383 48 01;bbc@bbcgossau.ch;https://bbcgossau.ch/;[{'@type': 'ImageObject', 'contentUrl': 'https://ostpimtsoch.sos-ch-dk-2.exoscale-cdn.com/catalog/a/4/8/7/a4877b9057d22694010ece5daa9bb941b8afa004_25ff2423a1e663374030204c1646246d.jpeg'}];2025-03-24T13:53:04+01:00
818cde20-2421-4bc5-83bc-ca0617bf7565;D'Chuchi;Die Küche ist Experimentierraum, Diskussionsforum oder bietet einfach Zeit zum Zusammensein - Kurz: Die Küche ist das Herzstück jedes Hauses.;<p>&laquo;D'Chuchi&raquo; steht f&uuml;r Produkte, die auch bei uns zu Hause auf den Tisch kommen w&uuml;rden - die man aber noch lange nicht &uuml;berall findet, f&uuml;r junge und innovative Ideen sowie f&uuml;r regionale Verankerung, die sich gerne international inspirieren l&auml;sst. Unsere Karte wechselt jeden Monat und passt sich der Saison an. Das Ziel ist es, unseren G&auml;sten die ungezwungene Atmosph&auml;re der heimischen K&uuml;che zu erm&ouml;glichen - kombiniert mit dem Genuss, sich im Restaurant verw&ouml;hnen zu lassen.</p>;8.6376191;47.6960548;Brunnengasse 3;8200;Schaffhausen;+41 52 620 05 28;essen@dchuchi.ch;http://www.dchuchi.ch/;[{'@type': 'ImageObject', 'contentUrl': 'https://ostpimtsoch.sos-ch-dk-2.exoscale-cdn.com/catalog/1/e/0/7/1e073daf957d0b6e2b3fa5972933eb7d204c6ac5_e391e1a73b8276cc023f5a138151a6a8.jpg'}];2025-10-28T19:06:07+01:00
8220066b-68aa-4ce5-927e-d609b8f0ff53;Beckenburg das Restaurant;Das mit 13 Gault & Millau Punkten ausgezeichnete Restaurant «Beckenburg» hat in Schaffhausen eine lange Tradition und war bereits im Jahre 1877 ein Restaurant. Heute umfasst das Restaurant 60 Sitzplätze im Restaurant und 40 auf der Terrasse.;Bei uns in der Beckenburg das Restaurant setzen wir auf marktfrische, innovative Küche. Aus gesunden Lebensmitteln bereiten wir kreative Köstlichkeiten zu. In der Beckenburg werden mit wenigen Ausnahmen alle Speisen hausgemacht. Regional, frisch &amp; authentisch ist unser Motto.
Auch in der Weinkarte ist die Vielfalt gross und lädt zum geniessen ein. Lassen Sie sich Überraschen bei uns in Schaffhausen!

Vom Fest hin bis zu einem schönen Bankett mit Ihrer Gesellschaft. Fast alles ist möglich &amp; wir würden uns sehr freuen mit Ihnen Ihren perfekten Anlass zu organisieren. Wir freuen uns auf Ihre Anfrage telefonisch oder per Mail.

Unserem jungen und engagierten Team liegt das Wohl unserer Gäste sehr am Herzen. Wir möchten, dass Sie sich in einer angenehmen, entspannten Atmosphäre bei uns richtig wohlfühlen. Der Gast ist König und wir nehmen auch gerne Anregungen und Wünsche entgegen, wie wir es noch besser machen können.

Kinder und Hunde sind bei uns selbstverständlich herzlich willkommen.
Besuchen Sie uns und wenn es Ihnen gefallen hat, empfehlen Sie uns weiter.

Wir freuen uns auf Ihren Besuch.

Herzliche Grüsse
Ihr Beckenburg-Team;8.632162387583744;47.69380055;Neustadt 1;8200;Schaffhausen;+41 52 620 12 12;info@beckenburg.ch;http://www.beckenburg.ch/;[{'@type': 'ImageObject', 'contentUrl': 'https://ostpimtsoch.sos-ch-dk-2.exoscale-cdn.com/catalog/c/8/a/0/c8a04602c90c60e1707a1e295ea74894e6ee8cfd_0917879f5a3f3bddf075a8dd92ee016b.jpg'}];2026-01-08T19:47:51+01:00
82ae06fb-bf9c-4634-b23a-275d0806d7b6;Bergrestaurant Prodalp;Das Bergrestaurant Prodalp bietet ein Selbstbedienungskonzept mit 400 Sitzplätzen und einer Terrasse für 250 weitere Gäste. Es ist ideal für Veranstaltungen und bietet flexible Nutzungsmöglichkeiten dank mobilem Mobiliar.;Das Bergrestaurant Prodalp ist ein klassisches Selbstbedienungsrestaurant, mit bis zu 400 Sitzplätzen. Die verschiedenen Räume sind mit mobilem Mobiliar ausgestattet, was einen flexiblen Einsatz ermöglicht. Die grosszügige Terrasse bietet weitere 250 Sitzplätze, wovon sich ein Teil im überdachten Sektor mit Windschutzverglasung befindet. Das Bergrestaurant Prodalp bietet idealen Raum für individuelle Anlässe von Firmen, Vereinen oder Gruppen sowie beste Voraussetzungen für Meetings, Seminare und grössere Veranstaltungen.

Das Prodissimo ist der ideale Ort für einen Zwischenhalt bei Ihrem Wintersporttag am Flumserberg. Wir bieten Ihnen neben einer grossen Auswahl an Getränken, leckere Snacks sowie Gebäck. Des Weiteren verkaufen wir bei uns die attraktiven Artikel aus dem Flumserberg FanShop. Das Prodissimo befindet sich direkt neben der CLiiMBER Ausgabestelle bei der Talstation der 8er-Sesselbahn Prodkamm.

Die moderne FahrBar besitzt eine abwechslungsreiche Getränkekarte mit warmen und kalten Drinks für jeden Geschmack. Die FahrBar ist der perfekte Ort für einen Zwischenstopp - sei es bei einem erlebnisreichen Wintersporttag oder einer atemberaubenden Winterwanderung am Flumserberg.;9.289385010844985;47.08064675;Prodalp;8897;Flumserberg Tannenheim;+41 81 733 27 23;info@prodalp.ch;http://www.prodalp.ch;[{'@type': 'ImageObject', 'contentUrl': 'https://ostpimtsoch.sos-ch-dk-2.exoscale-cdn.com/catalog/7/9/0/8/79087d5d1a389df03a9c31f980adcd1ec4607e15_21febea2c89630c75d074daad1c4c315.jpg'}];2025-12-07T16:30:26+01:00
83cd51e2-4403-4b78-9cff-eed27d56dec8;Skihüttli Golerberg;Die Skihütte Golerberg bietet eine gemütliche Gaststube und eine sonnige Terrasse mit beeindruckender Aussicht. Sie befindet sich bei der Bergstation des Skilifts Tristeli und ist ideal für Sonnenanbeter am St. Margrethenberg.;Bescheidene Hütte mit heimeliger Gaststube und sonniger Terrasse mit herrlicher Aussicht.

Die Hütte steht bei der Bergstation des Skilift Tristeli.

Das Hüttli ist von St.Margrethenberg über den Winterwanderweg, von November bis März immer gut zu erreichen.;9.50096705084561;46.97508481906897;Golerberg 1;7313;St. Margrethenberg;+41 79 792 58 46  / +41 79 671 19 09;roger.stmberg@bluewin.ch;http://www.golerberg.ch;[{'@type': 'ImageObject', 'contentUrl': 'https://ostpimtsoch.sos-ch-dk-2.exoscale-cdn.com/catalog/c/6/7/1/c67167888e5eec362e37ca930a4c298ab92f30b1_8f7c460eebeaa9c83c3bf79076164a4a.jpg'}];2026-04-01T21:37:20+02:00
8465857f-912a-403e-bfbd-f27526ed2613;Ochsentorkel Weinbau;Im Dreiklang von Natur, Kultur und Tradition;Am steilen Buechberg in Thal SG werden über 30 verschiedene Rebsorten kultiviert. Zwölf davon baut Tom Kobel auf 5 ha selber an und vinifiziert daraus hochwertige und einzigartige Weine und einige echte Raritäten. 

Auf der Basis von theoretischem Wissen in Kombination mit seine Erfahrung aus langjährigem Handwerk begleitet Tom Kobel die Entstehung seiner Weine von der Rebe bis zur Vermarktung. In seiner Arbeit verbindet sich Passion für den Weinbau und der Respekt vor der Rebe als Kulturgut. Das soll der Weinliebhaber am Ende in der Flasche wiederfinden.;9.5668845;47.4663345;Dorfstrasse 7;9425;Thal;+41 71 888 57 52;info@ochsentorkel.ch;https://www.ochsentorkel.ch/;[{'@type': 'ImageObject', 'contentUrl': 'https://ostpimtsoch.sos-ch-dk-2.exoscale-cdn.com/catalog/0/2/a/f/02aff9cb06ef81acfa0442c7baf585fef3cf25be_6af464886b915b8547c92185a3d44657.jpg'}];2025-05-14T17:37:57+02:00
8497bd23-ce0a-4518-bdf2-90792bb59004;Familie Rüedi Weinbau mit Weinstube;Das WeinFassHotel befasst sich nicht nur mit Gästen aus nah und fern. Unser Betrieb hegt und pflegt neben den Gästen noch ca. 7 ha Reben. ;<p>In den nahegelegenen Rebbergen gedeihen vorwiegend Pinot Noir Trauben, aber auch M&uuml;ller-Thurgau, Kerner, Cabernet Jura, Johanniter, Solaris und Merlot sind vertreten. Aus diesen Traubensorten werden in verschiedenen Kellereien feine Weine f&uuml;r gem&uuml;tliche Stunden gekeltert.</p>;8.4297748;47.667687;Zinggen 1;8219;Trasadingen;+41 52 681 43 77;info@rueedi-ferien.ch;http://rueedi-ferien.ch/weinbau;[{'@type': 'ImageObject', 'contentUrl': 'https://ostpimtsoch.sos-ch-dk-2.exoscale-cdn.com/catalog/1/2/7/6/12764968d12aef8184b45bda4f8cbcd7167834f8_8bd7feb5334935098df4d3da68448543.JPG'}];2026-01-09T19:56:10+01:00
8506b967-8237-4e98-856c-411fa643ff2b;Restaurant Burg;Umgeben von traumhaften Reben lädt das besondere Ambiente, welches Modernes und Historisches miteinander verbindet im Restaurant Burg in Au zum Verweilen für gemütliche Stunden ein.;Die kulinarischen Köstlichkeiten sind neben der ungezwungenen Gastfreundschaft und der wunderschönen Aussicht auf das St.Galler Rheintal das Tüpfelchen auf dem «i».;9.6325611;47.4387055;Walzenhauserstrasse 100;9434;Au;+41 71 536 22 95;info@burg-au.ch;http://www.burg-au.ch/;[{'@type': 'ImageObject', 'contentUrl': 'https://ostpimtsoch.sos-ch-dk-2.exoscale-cdn.com/catalog/9/4/7/0/9470e269acf4e65a023e8a3f90be7d1ed6d8c4d1_270ce1255361bc707b2d4cb0775f4e51.jpg'}];2025-12-17T18:30:29+01:00
863d4ce6-6c52-43f4-8671-64f36636029a;Koch-Dinner in der Eventlocation zur Werkstatt;Werkstatt, in der alle Gastgeber auch Gäste sind;Ein Dinner unter Freunden und Gästen ohne Vorbereitungsstress – dies klingt doch nach einem entspannten Abend. Und weil die besten Gespräche sowieso in der Küche stattfinden, wird hier mit einer ausgiebigen Apéroplatte gestartet. Kulinarischer Höhepunkt bildet die gemeinsam zubereitete Tavolata ganz nach italienischem Vorbild. Seinen gemütlichen Abschluss findet der Abend mit Kaffee und der Flasche Digestif direkt auf dem Tisch.


3-Gang-Menü mit Apéro und Häppchen, Wein beim Kochen und Essen, Wasser, Kaffee/Tee und Digestif

CHF 145 / Person inkl. MwSt. 

Täglich buchbar ab 6 bis 30 Personen;9.375021;47.425561;Marktplatz 11;9000;St. Gallen;+41 71 226 09 90;kontakt@zurwerkstatt-sg.ch;https://www.zurwerkstatt-sg.ch/;[{'@type': 'ImageObject', 'contentUrl': 'https://ostpimtsoch.sos-ch-dk-2.exoscale-cdn.com/catalog/c/6/a/0/c6a06a743e8607e9f769cbbc72db3d03495f90fa_10d4b1ea8a01244e73584f9b26a54bed.jpg'}];2025-02-17T19:38:12+01:00
86cdf6c2-b02f-42f4-8972-fe35889ef0d3;Alprestaurant Panüöl;Das Alprestaurant Panüöl am Flumserberg bietet eine ruhige Atmosphäre mit einer gemütlichen Sonnenterrasse und beeindruckendem Bergblick. Es ist zu Fuss erreichbar und bietet Übernachtungsmöglichkeiten sowohl im Restaurant als auch in der Alphütte.;Stärken Sie sich für Ihren Tag auf den Ski bei einem Aufenthalt im Alprestaurant Panüöl. Die Inneneinrichtung aus viel Holz verspricht eine heimelige Atmosphäre und auch die gemütliche Sonnenterrasse lädt zum Verweilen ein. Der Blick auf die rundumliegende Bergwelt ist überwältigend.

Das Alprestaurant Panüöl ist auch zu Fuss erreichbar. Erleben Sie die Ruhe am Flumserberg bei einer gemütlichen Winterwanderung ab Prodalp oder besuchen Sie das Alprestaurant mit dem Panüöl-Sessel via Maschgenkamm.

Sowohl im Alprestaurant Panüöl wie auch in der Alphütte Panüöl werden Übernachtungsmöglichkeiten angeboten.;9.2581777;47.0630157;Panüöl;8898;Flumserberg;+41 81 710 12 47;info@alprestaurant-panuol.ch;http://www.alprestaurant-panuol.ch;[{'@type': 'ImageObject', 'contentUrl': 'https://ostpimtsoch.sos-ch-dk-2.exoscale-cdn.com/catalog/3/2/f/1/32f190eb8d62ceaf91d27ab37108a12fa7bf8048_18da76d32bec5a473672fc07fa7fab58.jpg'}];2025-12-01T22:52:07+01:00
871568b2-ed4f-4f2f-abae-8c6aafe066bb;Kuppelwieser's Hofladen & Hofcafé;Kuppelwieser's Hofladen & Hofcafé in Bad Ragaz bietet frische Bio-Produkte direkt vom Hof. Geniesse regionale Köstlichkeiten und ein reichhaltiges Kuchen- und Tortenbuffet in gemütlicher Atmosphäre. Ideal für Paare, Familien und Gruppen.;Wo wäre es authentischer unsere Produkte zu verköstigen und zu verkaufen, als am gleichen Ort an dem unsere Bio-Produkte wachsen? Wir sind die Kupplis. Seit 1997 helfen wir unseren leckeren Bio Äpfeln und Beeren ihr natürliches Aroma bestens zu entfalten. Diese aromatischen und saftigen Früchte, weitere regionale Produkte, sowie unsere hofeigenen Getränke (z&#039;wilda Heidi) können Sie frisch in unserem Hofladen beziehen. Auch das leckere Kuchen- &amp; Tortenbuffet sollten Sie sich nicht entgehen lassen.;9.492037296295168;47.027692589035;Heulöserweg 2;7310;Bad Ragaz;+41 81 511 04 45;gruezi@kuppelwieser.bio;https://www.kuppelwieser.bio;[{'@type': 'ImageObject', 'contentUrl': 'https://ostpimtsoch.sos-ch-dk-2.exoscale-cdn.com/catalog/b/2/4/b/b24b44c5671f8a54aa1873b550bfca5bacaaa721_e4f2ff5a26b07a828c5b7ee8216ee770.jpg'}];2025-12-15T21:47:06+01:00
87403c72-e5ac-4f7a-81ee-fd2777b70472;Bull & Bonito;Mediterrane Küche mit bestem Fleisch, Klassiker vom Grill, Fisch, Wein und Bier.;Hier schmeckt es nach Sommerurlaub. Inspiriert von mediterranen Küstenstädten kommt im Bull & Bonito der pure Geschmack Spaniens, Frankreichs und Italiens auf die Zunge. Freuen Sie sich auf Klassiker vom Grill, richtig gutes Fleisch und leichten Fisch ebenso wie auf frische Gemüsegerichte mit duftenden Kräutern. Dazu ein Glas Chardonnay oder ein kühles Bier – wie ein sonniger Tag am Meer zum Anstossen.;8.6317983;47.6992222;Bleicheplatz 1;8200;Schaffhausen;+41 52 631 00 00;schaffhausen@bullandbonito.com;https://www.bullandbonito.com/bull-bonito-schaffhausen/home;[{'@type': 'ImageObject', 'contentUrl': 'https://ostpimtsoch.sos-ch-dk-2.exoscale-cdn.com/catalog/d/a/2/3/da239fee1476ee2fa12ee0ea59a79e658922e776_e814a9a40f4e7fb78c5e96ad2326f06c.jpg'}];2025-10-31T19:05:36+01:00
89af2b2d-acd9-4262-b19a-8cf5b8d580e6;Villa Sommerlust;Mit Leidenschaft für den Genuss Vom Rheinfall bis zum Atlantik, von klassisch bis Fine Dine.
Entdeckung des Jahres im Gault Millau 2024.
1 Stern im Guide Michelin 2024.;<p>Die Villa Sommerlust in Schaffhausen ist ein Ort der Gastfreundschaft und des Genusses.</p><p>Die Küche ist sowohl von regionalen wie internationalen Einflüssen geprägt, immer auch mit einer vegetarischen oder veganen Variante. Originelle Geschmackskombinationen überraschen den Gaumen stets aufs Neue und machen das gemeinsame Speisen zu einem echten Erlebnis. Frische und beste Produkte sind so selbstverständlich wie die Passion, dem Gast ein kulinarisches Highlight zu bieten.</p><p>Ob zur gemütlichen Zweisamkeit, in einer Gruppe oder für einen geschäftlichen Anlass – die Villa, mit ihrem wunderschönen Garten am Rhein gelegen, ist immer die perfekte Location.</p>;8.6473018;47.6946173;Rheinhaldenstrasse 8;8200;Schaffhausen;+41 52 533 55 33;info@sommerlust.ch;http://www.sommerlust.ch/;[{'@type': 'ImageObject', 'contentUrl': 'https://ostpimtsoch.sos-ch-dk-2.exoscale-cdn.com/catalog/9/8/a/4/98a405bd9a1eda9ebbe672ba3149ddc6b8d5db10_d39388a0bd3e37fb5fb2e931b5baeb3b.jpg'}];2025-10-28T19:06:07+01:00
89d64125-f252-47f5-86cf-9a72e0b7e575;Restaurant Schloss Wartegg;Bio-Restaurant auf höchstem Niveau;<p>Die Sph&auml;re der Natur, welche Schloss Wartegg umgibt, liefert auch die wichtigsten Zutaten f&uuml;r das Restaurant. Im eigenen, Demeter-Schloss- und ProSpecieRara-Sortengarten werden auf 2500 m2 Kr&auml;uter, Gem&uuml;se, Beeren und Blumen angebaut. &laquo;Bio&raquo; ist nicht irgendein Zertifikat, sondern sinnvoller Genuss aus der Natur. Im von &laquo;GaultMillau&raquo; und &laquo;Michelin&raquo; empfohlenen Schloss-Restaurant kredenzen die G&auml;ste mittags und abends gen&uuml;ssliche Kreationen von der Speisekarte.</p>
<p>Das Restaurant bietet eine Vielzahl von vegetarischen Gerichten an und auch ein veganes Menu ist immer erh&auml;ltlich. Dazwischen Kaffee mit hausgemachten Blechkuchen, einen &laquo;Flade&raquo; wie man hier sagt, sowie ausgesuchte Bio-Tees. Das Restaurant Schloss Wartegg ist sehr stark regional verankert und bezieht die Produkte von regionalen Biolieferanten.</p>
<p>Ein Highlight des Bio-Restaurants ist die einladende Gartenterrasse mit stimmungsvollem Blick auf den Englischen Park und den Bodensee.</p>;9.530060291290285;47.47844931248357;von Blarer-Weg 1;9404;Rorschacherberg;+41 71 858 62 62;schloss@wartegg.ch;http://www.wartegg.ch;[{'@type': 'ImageObject', 'contentUrl': 'https://ostpimtsoch.sos-ch-dk-2.exoscale-cdn.com/catalog/0/d/5/8/0d580fab1edb0b08cb11b6befe5a8aa06523764b_c4daf7a223d7da95fb01d778d5b01f72.jpg'}];2025-09-09T17:49:06+02:00
8b40c0df-6ed0-498c-9202-e90530816ef2;Luzi Boner Bio-Weinbau und Brennerei;Boner & Rasi Weinbau und Brennerei in Malans GR bietet seit über 25 Jahren Bio-Weine und Edelbrände an. Der Familienbetrieb in sechster Generation zeichnet sich durch Vielfalt und eine familiäre Atmosphäre aus.;Bio ist bei uns nicht nur ein Trend! Seit über 25 Jahren dürfen wir unsere Produkte mit der Bio Suisse Knospe auszeichnen. Unser kleiner Familienbetrieb, inzwischen in der sechsten Generation, zeichnet sich durch Vielfältigkeit und familiärer Stimmung aus. Ohne Hype und Bluff produzieren wir mit grosser Sorgfalt und Hingabe diverse Weine und Edelbrände.;9.5753616;46.9819488;Herrengasse 7;7208;Malans GR;+41 81 322 19 54;info@boner-wein.ch;http://www.boner-wein.ch;[{'@type': 'ImageObject', 'contentUrl': 'https://ostpimtsoch.sos-ch-dk-2.exoscale-cdn.com/catalog/f/d/e/4/fde45c8dac9f50e5c1a0fe045de6a043b5f326b4_6c0bf4d783d80de2d3e3c70f74fb0bcb.jpg'}];2025-10-28T20:24:38+01:00
8b6c874b-d5a6-4ef0-80bd-6cb4a55530bb;Bäckerei und Café - Ziehlers Wöschhüsli in Nesslau;Ein Raum zwischen Kirche und Gemeindehaus im Herzen von Nesslau, oberhalb von unserem Wöschhüsli Café. Dort finden Sie Privatsphäre, feinster Genuss durch unsere Ziehler Köstlichkeiten, top Service und ein liebevoll eingerichtetes Ambiente. Zum Mieten exklusiv für Sie.;Direkt an der Hauptstrasse von Nesslau, im Herzen des Dorfes. Zwischen Kirche und der Gemeinde, befindet sich unser neu eröffnetes Wöschhüsli. Ein Ort mit bestem Kaffee, feinsten Köstlichkeiten von unserem Hauptstandort Ziehler in Stein SG und einer gemütlich einladenden Atmosphäre, lädt herzlichst zum Verweilen ein. Mieten Sie unseren separaten Raum, oberhalb von unserem Café. Das Sie mitten drin in unserem wunderschönen Toggenburg sind und trotzdem ihren eigenen Raum haben. Ob für einen Hochzeitsapéro, als Sitzungsraum, Geburtstagsfestli oder Puzzleplausch. Unser liebevoll eingerichtetes Ambiente passt sich hervorragend ihren Ideen an! Wir freuen uns über jede Anfrage die Ihnen in den Sinn kommt.;9.199530094066013;47.22480575;Hauptstrasse 35;9650;Nesslau;071 994 19 90;info@ziehler.ch;https://ziehler.ch/;[{'@type': 'ImageObject', 'contentUrl': 'https://ostpimtsoch.sos-ch-dk-2.exoscale-cdn.com/catalog/3/4/8/9/3489bc3e380e10b03214e26e3951be3b122a36d6_27f59ddc6d519c7517777e9d9f1eab13.jpg'}];2025-10-28T16:12:59+01:00
8be2c482-c60b-4950-9fef-1ef302edd52f;Raststätte Walensee;Die Raststätte Walensee an der A3 bei Unterterzen bietet eine beeindruckende Aussicht auf das Churfirstenmassiv. Das Panoramarestaurant ist mit dem Gütesiegel Best of Swiss Gastro ausgezeichnet und bietet saisonale, gutbürgerliche Küche.;Die Raststätte Walensee liegt an der A3 bei Unterterzen und besticht durch die wunderschöne Aussicht auf das Churfirstenmassiv. Die Raststätte kann von beiden Fahrtrichtungen erreicht werden. Ein kurzer Fussmarsch (14 Min.) verbindet die beiden Raststätten. Den Walensee und seine Umgebung aus einer erhöhten Perspektive zu betrachten und dazu ein feines Essen im Panoramarestaurant geniessen ist ein Highlight und Erholung pur.

Das Panoramarestaurant ist mit dem Gütesiegel Best of Swiss Gastro ausgezeichnet. Für die kleinen Gäste gibt es einen Spielplatz gleich neben dem Panoramarestaurant. Die Schirmbar überzeugt mit gemütlicher Atmosphäre.

Die Raststätte ist behindertengerecht eingerichtet.

Die moderne Tankstelle ist 24 h für Sie geöffnet. Tanksäulen mit Notenautomaten (CHF oder Euro) zur Selbstbedienung stehen stets zur Verfügung.;9.266331174697704;47.1127102;Bergsboden A3;8882;Unterterzen;+41817381212;walensee@gruppe-thurau.ch;http://www.gruppe-thurau.ch/walensee_raststaette.html;[{'@type': 'ImageObject', 'contentUrl': 'https://ostpimtsoch.sos-ch-dk-2.exoscale-cdn.com/catalog/e/4/a/4/e4a47597f245ee851a96378ddd9343702874c28e_7699e37603b8d1246889fe7ac3f008d2.jpg'}];2026-04-23T21:59:21+02:00
8c25b73d-da1b-4df4-a28b-8b2a49110613;Weingut Lindenhof AG;Weingut in Osterfingen;Lange Zeit war der Lindenhof im Zentrum von Osterfingen der grösste Bauernhof im Dorf, bis sich Jakob Richli gänzlich dem Weinbau und der Kelterung widmete. Dank seiner visionären Vorarbeit verfügen wir mit knapp 6 Hektaren über eine Auswahl von Osterfingens interessantesten Lagen und Rebsorten. Im 2018 kamen noch 2.5 Hektaren Reben in Hallau in unseren Besitz, somit verfügen wir heute über eine breite Vielfalt an Klettgauer Terroir.
Wir bieten Ihnen Kellerführungen mit interessanten Infos zur Gegend und Degustationen von unseren Weinen an, gerne richten wir Ihnen dazu Fleisch- und Käseplatten.;8.4830946;47.661728;Dorfstrasse 19;8218;Osterfingen;+41 52 681 21 25;info@weingut-lindenhof.ch;http://www.weingut-lindenhof.ch/;[{'@type': 'ImageObject', 'contentUrl': 'https://ostpimtsoch.sos-ch-dk-2.exoscale-cdn.com/catalog/6/f/5/0/6f50ab2b3258547e573918dc3852c10be23eb873_7ecc256aedba83d975d5d7a0d4521630.png'}];2025-02-17T12:55:49+01:00
8c377933-f6a0-4cca-8198-60cd72620307;Restaurant Blume;Im Restaurant Blume geniessen Gäste eine saisonale, regionale und frische Küche mit einheimischen Spezialitäten und Zutaten aus der Region.;Das Ambiente und der Service laden zum Verweilen und Geniessen ein. Das Restaurant ist Teil des Trägervereins «Culinarium» und garantiert für qualitativ hochwertige Produkte aus der Region.

Das Restaurant Blume bietet auch gemütliche und ruhige Zimmer mit Etagendusche/WC und TV an.;9.4019718;47.4355972;Brauerstrasse 27;9000;St. Gallen;+41 71 245 19 10;info@restaurant-blume-sg.ch;http://www.restaurant-blume-sg.ch/;[{'@type': 'ImageObject', 'contentUrl': 'https://ostpimtsoch.sos-ch-dk-2.exoscale-cdn.com/catalog/b/1/c/1/b1c1268b2ce714bb96ec4d2efcdc013b3ab0fdfe_530a307b4ece0c55533a6b2b190491a9.jpg'}];2026-06-16T20:40:45+02:00
8d6e99e5-9c6a-4a7d-b638-928ed940945c;Weinbau Salathé;Seit Generationen widmet sich der Familienbetrieb Weinbau Salathé im Seebachtal auf 30 Aren dem Weinbau. Klein aber fein. Für die Gäste nimmt sich dieser Familienbetrieb viel Zeit damit ein Besuch zum Erlebnis wird.;Im Stadtschryber, dem bekanntesten Rebberg im Weinbaudorf Hüttwilen, reifen die Trauben durch sorgfältige Pflege zu bester Qualität. Der «Stadtschryber» mit seiner eleganten und noblen Art zeigt feine Fruchtaromen und überzeugt mit einem schönen und dichten Körper. 

Der Perlwein «Kiss me» und der «Blanc de Noir»  sind die perfekten Apérobegleiter. Auf Anmeldung werden Rebbergführungen, Oldtimertraktorfahrten durch Rebberge und Seebachtal, Degustationen und Apéros angeboten. Genuss ist das Betriebsmotto.;8.8743659;47.6066571;Oberes Steimürli 7;8536;Hüttwilen;+41 52 747 14 42;info@salathe-weinbau.ch;http://www.salathe-weinbau.ch;[{'@type': 'ImageObject', 'contentUrl': 'https://ostpimtsoch.sos-ch-dk-2.exoscale-cdn.com/catalog/4/a/1/b/4a1b6b0e38783668ce98dcf4e5f28682f5960429_baac2566e393fc9295b5dfd32fa8a4df.jpeg'}];2025-04-02T21:27:09+02:00
8df4f942-4f20-4eaa-8c10-fe3a07e3ff7c;Reber Schaffhauserzungen - Confiserie und Café;Heimat der Schaffhauserzungen - seit 1896;Hier werden seit 1896 die original Reber Schaffhauserzungen und andere hervorragende Spezialitäten hergestellt. Daneben verwöhnen wir Sie bei Kaffee, Tee und leckeren Kuchen oder beim Mittagessen - im Sommer gerne auf unserer Terrasse.;8.6370533;47.6958839;Vordergasse 21;8200;Schaffhausen;+41 52 625 41 71;info@schaffhauserzungen.ch;http://www.schaffhauserzungen.ch/;[{'@type': 'ImageObject', 'contentUrl': 'https://ostpimtsoch.sos-ch-dk-2.exoscale-cdn.com/catalog/7/4/3/e/743efb232d9fda9cfe82dcec3842bb33e2cd72b7_b16d18d913d9e1f5b1391d82f87c69bf.jpg'}];2025-03-31T18:45:36+02:00
8e1a4395-a956-4d2e-946f-ce50642e49fb;Käse Restaurant Berghof;Ausflugsrestaurant mit Platz für 80 Personen, gemütliche Gartenwirtschaft und grosser Kinderspielplatz. Schüür für Events, Übernachtungsmöglichkeiten in urchigen Mehrbettzimmern, Einkaufen im Berghof Laden.;Unsere Küche ist bekannt für gutbürgerliches Essen mit verschiedenen Käsespezialitäten und anderen leckeren Mahlzeiten. In der Bio-Käserei produzieren wir verschiedene Bio-Käsespezialitäten und bieten diese zum Kauf im Restaurantladen an. In der urchigen Berghof-Degu-Schüür ist Platz für 80 Personen. Sie ist mit modernster Infrastruktur eingerichtet und bietet Platz für jeden Anlass. Kommen Sie zu uns, wir haben immer etwas passendes für Sie. Es freut sich Melchior und Vreni mit Karin Schoch und das Berghofteam.;9.0918189;47.3663522;Aewil 487;9608;Ganterschwil;+41 71 983 15 72;info@berghof-ag.ch;http://www.berghof-ag.ch;[{'@type': 'ImageObject', 'contentUrl': 'https://ostpimtsoch.sos-ch-dk-2.exoscale-cdn.com/catalog/8/e/1/7/8e17232f98861e2776fb079c336a88387c41ff6e_21350e1b17819e7394ccf28f26acb283.jpg'}];2025-10-28T16:20:36+01:00
8efc11d3-ac26-4a45-8956-3dd9b1f6106f;Restaurant Altes Bad Pfäfers;Das Restaurant Altes Bad Pfäfers bietet gutbürgerliche Küche in einem historischen Ambiente. Besuchende können in der einladenden Gaststube oder im festlichen Saal Köstlichkeiten geniessen. Ein Selbstbedienungskiosk bietet Erfrischungen für Familien und Gruppen, die im Freien genossen werden können.;Bad Pfäfers dient seit jeher dem Wohl der Menschen, einst als Heilbad, heute als Ort der Erholung und Gastlichkeit. Lassen Sie sich von Küche, Keller und Service in bester Tradition verwöhnen.

In der einladenden Gaststube und dem festlichen Saal verwöhnt das Restaurant des Alten Bad Pfäfers die Besucher mit Köstlichkeiten aus Küche und Keller sowie mit einem aufmerksamen Service in bester Badtradition. 

Für kleinere Erfrischungen steht für Familien, Schulen und Wandergruppen ein Selbstbedienungskiosk mit Imbissen, Getränken und Naschereien offen. Diese können unmittelbar nebendem Thermalwasserbrunnen im Freien genossen werden.;9.48792985186627;46.9739092;Taminaschlucht;7310;Bad Ragaz;+41 81 302 71 61;info@altes-bad-pfaefers.ch;http://www.altes-bad-pfaefers.ch;[{'@type': 'ImageObject', 'contentUrl': 'https://ostpimtsoch.sos-ch-dk-2.exoscale-cdn.com/catalog/0/6/f/1/06f13e27729d187a878a684b19da37898a2a163a_41d16b28114f0b72065891879ef47ada.jpg'}];2025-09-08T20:33:57+02:00
8f174421-bd85-4b65-a631-437b510af98f;Magnum Wine Bar;Entdecken und Geniessen - der unkomplizierte Hotspot für alte und neue Freunde.;Die Bar mit über 300 Weinen und lokalen Käse- und Charcuteriespezialitäten im Herzen der St. Galler Altstadt.

Hier treffen sich Einheimische und Gäste in lebendiger Atmosphäre zur Wein-Entdeckung, zum Apéro oder zum Feierabend Cocktail.;9.377988154914654;47.42490715;Im Spisermarkt/Spisergasse 17;9000;St. Gallen;0041 71 278 96 96;info@magnumwine.ch;https://www.magnumwine.ch;[{'@type': 'ImageObject', 'contentUrl': 'https://ostpimtsoch.sos-ch-dk-2.exoscale-cdn.com/catalog/4/b/f/6/4bf691bfe09fe3d3bb42650046861bc9c6da75a4_ff7c8ca544fc09c1c9a313e7ab3e0261.jpg'}];2025-02-17T19:24:15+01:00
90e29ad9-fa88-4469-bdc1-e189267a4ce0;Weinbau Gianini GmbH;Wir sind ein Familienbetrieb und bewirtschaften 6ha Rebland. Seit 1992 keltern und vermarkten wir unsere eigenen Produkte. ;<p>Geniessen Sie eine Degustation mit verschiedenen Weinen aus eigener Produktion unter pers&ouml;nlicher, fachm&auml;nnischer F&uuml;hrung im eigenen Keller. Ap&eacute;ro-Geb&auml;ck, Vesperpl&auml;ttli m&ouml;glich. max. Personenzahl bei Degustation: ab 4 Personen bis max. 35</p>;8.4608746;47.6992323;Hohlengasse 11;8215;Hallau;+41 52 681 39 31;info@weinbau-gianini.ch;https://www.weinbau-gianini.ch/;[{'@type': 'ImageObject', 'contentUrl': 'https://ostpimtsoch.sos-ch-dk-2.exoscale-cdn.com/catalog/7/8/0/f/780f9a386f9d186758ff89b457d050041d3695dc_fc44932b01e4f323b0c36e735edb5ae7.jpg'}];2026-01-09T19:56:10+01:00
913f6b66-48d2-420a-9aa5-c7485e9974d0;Restaurant Lagerhaus;Kulinarische Genüsse im ehemaligen Zollfreilager St.Gallen;Das Restaurant Lagerhaus begeistert mit seiner urbanen Feuerstelle. Der einmalige Buchenholzgrill im Restaurant macht es möglich, den frischen Fisch- und Fleischgerichten bei deren Zubereitung – auf den Punkt gebraten - zuzuschauen. Der Lagerung des Fleisches wird im eigenen Klimaschrank spezielle Beachtung geschenkt und auf naturbelassene Zutaten und hausgemachte Produkte von regionalen Produzenten gesetzt. Natürlich sind dem aufgestellten, jungen Team auch Vegetarier nicht Wurst. Sie kommen beispielsweise mit hausgemachter Pasta oder saisonalem Prosecco-Risotto auf ihre Kosten. Der Weinkeller, der zum Verweilen einlädt, bietet eine Auswahl an kleinen und grossen Flaschen, wobei der Fokus mehrheitlich auf italienische Anbaugebiete gerichtet ist. Im Stadtsaal werden gerne und oft rauschende Feste gefeiert.;9.36804;47.42007;Davidstrasse 42;9000;St. Gallen;+41 71 223 70 07;info@restaurantlagerhaus.ch;http://www.restaurantlagerhaus.ch;[{'@type': 'ImageObject', 'contentUrl': 'https://ostpimtsoch.sos-ch-dk-2.exoscale-cdn.com/catalog/5/3/a/1/53a16d3b91d62cabe2ee908282774cc15836a7b9_520679f52cbdd6c828f6217ef8910a1a.jpg'}];2025-02-17T19:38:12+01:00
92ba70e8-b4fc-44d7-9e9b-b620615216b0;Noah's Schützenstube;Die Moderne des Noah's trifft auf die traditionelle Schützenstube.;Unsere einzigartige Atmosphäre verbindet die Eleganz der alten Schaffhauser Schützenstube mit modernem Flair.

Mittags präsentieren wir mit Freude unser modernes bürgerliches Angebot – eine Hommage an die traditionelle Küche mit zeitgenössischem Touch. Geniessen Sie sorgfältig zubereitete Gerichte aus hochwertigen Zutaten für ein vertrautes und erfrischendes Geschmackserlebnis.

Abends wird das noah’s zu einem Casual Fine Dining-Erlebnis. Unsere Abendkarte bietet spannende Gerichte, inspiriert von Tradition, jedoch mit kreativen Elementen. Tom und sein talentiertes Küchenteam legen großen Wert auf frische, saisonale Zutaten für ein unvergessliches kulinarisches Erlebnis.

Die Verbindung von modernen Kochtechniken mit traditionellen Aromen macht das noah’s zum idealen Ort für Feinschmecker. Lassen Sie sich von unserem aufmerksamen Service und der perfekten Mischung aus Moderne und Tradition verwöhnen – ein Erlebnis für Gaumen und Sinne gleichermassen. Wir freuen uns darauf, Sie im noah’s begrüssen zu dürfen!;8.635224299669003;47.69886755;Schützengraben 27;8200;Schaffhausen;+41 52 625 42 49;essen@noahs-schuetzenstube.ch;https://noahs-schuetzenstube.ch;[{'@type': 'ImageObject', 'contentUrl': 'https://ostpimtsoch.sos-ch-dk-2.exoscale-cdn.com/catalog/4/5/8/8/45882361018b63cfcdbf481405faffa6da9214f2_603eec6017cddfebd1edbafdd43eeb65.jpeg'}];2025-12-15T19:42:55+01:00
92ccd7e9-da6a-4328-88d5-43225e0aed8d;Barfuss Brauerei;Die Barfuss Brauerei in Bürglen ist eine exklusive Brauerei mit historischer Eventlokalität und Barbetrieb jeweils am Donnerstag- und Freitagabend.
Direkt am Kanal und in unmittelbarer Nähe des Bahnhof gelegen, verwöhnt die Barfuss Brauerei ihre Gäste mit leckeren Craftbieren.;<p>Die Brauerei ist im alten Stellwerk, idyllisch am Bürgler Kanal gelegen. Es werden Führungen, Degustationen, Firmenessen und diverse Events rund um das Thema Bier angeboten. In der Brauerei finden regelmässig Veranstaltungen statt. Die Brauerei kann aber auch als Eventlocation für bis zu 90 Personen gebucht werden. Die selbstgebrauten Biere sind entweder im Onlineshop oder in diversen Spezialitätenläden erhältlich. Die Biersommelière beraten ihre Kunden gerne bei der Bierauswahl. Ab 24 Bieren können diese mit einer eigenen Etikette bestellt werden. <br>Der Name Barfuss Brauerei stammt übrigens nicht daher, dass der Brauer und sein Team ihre Biere barfuss brauen, sondern von den ersten Brauversuchen, die direkt am Barfussweg in Wuppenau stattgefunden haben.</p>;9.1173151;47.5167513;Industriestrasse 13;8575;Bürglen;+41 71 374 13 68;info@barfuss-brauerei.ch;http://www.barfuss-brauerei.ch/;[{'@type': 'ImageObject', 'contentUrl': 'https://ostpimtsoch.sos-ch-dk-2.exoscale-cdn.com/catalog/e/f/7/7/ef77061bb82c1bee050ad2e4bcbd0cbfc939f6e8_87178ede17805b83e9b4344debf34cf5.jpg'}];2025-02-17T13:17:13+01:00
92f7c768-bfa0-4f3c-a48d-3e0fa784eb2c;Tiki Strandbar;Bar, Sonne, Bodensee: Lieblingsplatz? Definitiv! ;Die TIKI-Strandbar in Goldach ist seit 2008 der sommerliche Place-to-be für entspannte Gemütlichkeit mit Ferienfeeling – ob mit Freunden, Familie oder zu zweit. Chillige Himmelbetten, ein übersichtliches aber vielseitiges Angebot an Drinks & Snacks und atemberaubende Sonnenuntergänge – was wollen wir Meer?

Das kleine aber feine Angebot lässt sich auf den gemütlichen Liegen oder an den beliebten Lounges und Tischen geniessen - auf jeden Fall direkt am See. Und für alle die weiter müssen, gibt es das Ganze auch zum mitnehmen.

Die TIKI Strandbar liegt direkt beim Hafen Goldach und ist während der Sommersaison, vom Mai bis September, jeden Tag bei schönem Wetter offen.

Die gemütlichen Himmelbetten und rustikalen Holzmöbel im vintage Look, schaffen eine einzigartige Atmosphäre und bieten viele verschieden Sitz- und Liegeflächen. Die Strandbar ist der perfekte Ort für unvergessliche Momente, neue Bekanntschaften und atemberaubende Sonnenuntergänge. Live-Auftritte und Events runden das Angebot ab. ;9.4791691;47.4828538;Seestrasse 27;9403;Goldach;+41 79 763 81 25;contact@tikistrandbar.ch;http://www.tikistrandbar.ch/;[{'@type': 'ImageObject', 'contentUrl': 'https://ostpimtsoch.sos-ch-dk-2.exoscale-cdn.com/catalog/e/9/0/d/e90d8890653a42a760182e6cc4b58734ede42566_9f49050d2ac34f88c7d8b7aba722beda.jpg'}];2026-05-26T17:38:10+02:00
94080953-9f21-4280-a2e2-29e8f640e7ce;Gasthaus Hulftegg;Ausflugsziel Hulftegg mit einem Rundweg und Indoor Hüpfburg für Kinder. Ganzjährig offen.;<p>Ab Hotel Wanderparadies zu den 7 Bergbeizli, Hulftegg Rundweg auch im Winter unterhalten. Panorama-Terrasse mit Blick ins Toggenburg bis zum Bodensee. Velo und Motorradtreff. Zentral f&uuml;r Ausfl&uuml;ge Z&uuml;rich - Ostschweiz. Sonntags Brunch. Ideal auch f&uuml;r Tagesseminare. Menus f&uuml;r Gruppen (Cars, Vereine etc.)</p><p>&nbsp;</p><p><span data-teams="true">Auskunft zur Zug&auml;nglichkeit: <a href="https://www.ginto.guide/entries/E9861A3E-A151-4CDD-BB63-CB4F956CFF4E?lnk_src=business" target="_blank" rel="noopener">ginto</a></span></p>;8.9672148;47.3633029;Hulftegg 907;9613;Mühlrüti;+41 71 983 33 66;info@hulftegg.ch;http://www.hulftegg.ch/;[{'@type': 'ImageObject', 'contentUrl': 'https://ostpimtsoch.sos-ch-dk-2.exoscale-cdn.com/catalog/1/d/8/e/1d8ec5bb72c28dbd2185bc87769f21843bbdb2cd_5bae213b92c2cbda0f9a76a2a909f246.jpg'}];2026-04-17T20:08:39+02:00
9513334c-e24e-4cd7-bb5e-92b9c8385118;Restaurant Mühle – Kartause Ittingen;Das Restaurant Mühle in der Kartause Ittingen mit dem über hundert Jahre alten Mühlrad imponiert. Daneben lädt eine der schönsten Gartenwirtschaften der Ostschweiz zum Geniessen ein, prächtige Gärten mit über 1000 Rosenstöcken und einem Labyrinth zum Flanieren.;Über die Region hinaus bekannt sind die Produkte aus dem eigenen Gutsbetrieb. Die Bewirtschaftung erfolgt nachhaltig, umweltschonend und tierfreundlich. In den Weinbergen werden 10 verschiedene Traubensorten kultiviert, die Milch wird direkt vor Ort zu Käsespezialitäten verarbeitet. Selbstversorgung war für die Kartäusermönche eine Selbstverständlichkeit. Heute werden die Gäste kulinarisch verwöhnt, sei es im Restaurant oder im Klosterladen, wo über 200 Produkte aus eigenem Anbau präsentiert werden. Besonders zu empfehlen sind die kreativen 0-Kilometer-Gerichte.;8.8663322;47.5830331;Kartause Ittingen;8532;Warth-Weiningen;+41 52 748 44 11;info@kartause.ch;https://www.kartause.ch/de/restaurant/;[{'@type': 'ImageObject', 'contentUrl': 'https://ostpimtsoch.sos-ch-dk-2.exoscale-cdn.com/catalog/5/7/3/9/57397dd775ab02b917b70a57801b14060d21cdba_e66dd0e0f7f7d1dc50c06023ae7381f7.jpg'}];2025-10-28T21:48:43+01:00
95fe3eed-21c1-4fab-acd1-df922a8ae459;Gin- oder Rum-Tasting Schaffhausen;Taste THE_Harmonie;Willkommen zum exklusiven Gin- oder Rum-Tasting Erlebnis in Schaffhausen! Führe deine Sinne auf eine unvergessliche Reise und tauche ein in die faszinierende Welt der edlen Destillate.

Wähle dein für dich passendes Erlebnis und geniesse in der Gruppe einen einzigartigen Abend mit einem geschmacksvollen Apéro oder einem Nachtessen – die Entscheidung liegt ganz bei dir.

Jedes Glas erzählt seine eigene Geschichte. Entdecke die Geheimnisse und Aromen verschiedener Gins oder Rums, angeleitet vom fachkundigen und erfahrenen Team der THE_KEN Harmonie.

Während du die Vielfalt der Spirituosen probierst, werden dazu passende kulinarische Leckerbissen serviert, welche die Aromen perfekt ergänzen und den Gaumen verwöhnen. Von delikaten Käsesorten bis hin zur geschmacksintensiven Wurst und reichhaltigen Bowls – so oder so eine perfekte Ergänzung zu deinem Verkostungserlebnis.

Geniesse die gesellige Atmosphäre in der THE_KEN Harmonie, während du dich mit Gleichgesinnten austauschst und neue Geschmackswelten entdeckst. Ob du eine Liebhaberin oder ein Liebhaber dieser Spirituosen bist oder einfach nur neugierig, dieses Erlebnis ist für Gruppen ab 5 Personen bis zu maximal 25 Personen buchbar.;8.6387788;47.6959477;Unterstadt 38;8200;Schaffhausen;+41 52 632 40 20;info@schaffhauserland.ch;https://schaffhauserland.ch;[{'@type': 'ImageObject', 'contentUrl': 'https://ostpimtsoch.sos-ch-dk-2.exoscale-cdn.com/catalog/6/0/0/8/600873edaf3cfb09a220e0d7693ab5750d5d175f_d394ae83e8856ce88394ec50aa43dc5b.jpg'}];2025-02-17T12:46:31+01:00
987aeef1-6fce-4f6a-9186-bdb97dac0656;Berggasthaus Stöfeli;Das traditionelle Berggasthaus Stöfeli  liegt auf 1662 m ü. M. und beherbergt Gruppen bis 60 Personen.;Sich mitten im Chäserrugg-Gebiet zurückziehen, den Sonnenuntergang aus der Stube geniessen, den Tag bei einem Fondue ausklingen lassen und tief schlafen in gepflegten Zimmern mit gemütlicher Atmosphäre. Im Winter ist es mit den Ski oder der Gondelbahn und im Sommer zu Fuss oder mit der Luftseilbahn zu erreichen.;9.312350700000025;47.1715985;Talstation Chäserrugg;9657;Unterwasser;+41 71 998 68 10;stoefeli@toggenburgbergbahnen.ch;http://www.chaeserrugg.ch/;[{'@type': 'ImageObject', 'contentUrl': 'https://ostpimtsoch.sos-ch-dk-2.exoscale-cdn.com/catalog/2/4/1/c/241c396ecf95f1334d1f7f42c84f5cb97545353c_418a544c2e1f5a06800fea8a6e33b8e9.jpg'}];2026-05-06T19:45:20+02:00
99330697-fb0a-4c7b-874f-7522c59e083f;Bio-Suisse Weingut Stoll;Wein der Gut ist.
Gut für die Natur und gut für Sie.;Bio Suisse  seit 2014
Wir bewirtschaften und keltern Charakterweine aus Rebsorten der Zukunft auf 5 ha Reben, rein biologisch auf Kalkböden in Osterfingen.

Café Sabato
Von  Mai-Oktober jeden Samstag 11-18Uhr Wein degustieren, Regionale Tagesgerichte entdecken und selbstgebackene Kuchen zu Bio Kaffeespezialitäten geniessen. Wechselnde Kunstaustellungen und Live Musik.

Gut für Sie
Keine Rückstände von chemischen Spritzmitteln. Reduzierter Einsatz von Schwefel. Keine chemischen Dünger, Weinbereitung mit Zeit und Handwerk statt unnötiger Mittelchen. Selektive Lese, Reduzierte Ausbeuten und präzise Verarbeitung im modernen Keller für Weine ohne Allergene und klaren Geschmack.

Gut für Die Natur
Energieautarkie, Mehrwehflaschen, BiB, Lokale Produktion und Verkauf, angepasste Rebsorten, Biodiversitätsprojekte.... bis zu 75% Co2 Einsparung pro Flasche Weisswein im Vergleich zu einem Schweizer Weisswein ohne Einsparungsmassnahmen. 

Warum biologisch
Für uns bedeutet es die höchste Traubenqualität die wir liefern können und auch der langfristige Erhalt des Kulturguts Wein sowie unserer Kulturlandschaft.
Biologisch zu arbeiten ist für uns ein mehr an Liebe zum Wein, zum Mensch und zur Natur.

Regionalität & Soziale Verantwortung
Regionale Lieferung, Regionale Partner, Regionale Kunden, Regionale Lieferanten, Regionale Arbeitskräfte;8.4851891;47.6621602;Dorfstrasse 28;8218;Osterfingen;+41 52 681 11 21;info@weingut-stoll.ch;http://www.weingut-stoll.ch/;[{'@type': 'ImageObject', 'contentUrl': 'https://ostpimtsoch.sos-ch-dk-2.exoscale-cdn.com/catalog/1/a/5/8/1a58544a8b2ad448cea28df66f2267e4f670d33e_312c7d10c9b5bb733ca07ba33764d44f.png'}];2025-02-17T12:55:49+01:00
9957c5ee-d3fb-4c4b-8e2f-a8a718211322;Gaststuben zum Schlössli;Das historische Zollikofersche Schlössli am Spisertor ist ein gesellschaftlicher Mittelpunkt der Stadt St.Gallen.;Die Gastgeber haben sich mit Leib und Seele der Herausforderung verschrieben, Produkte und Spezialitäten aus der Region salonfähig zu machen. Bei ausgewählten Landwirten, Weinkelterern, Käsern und Metzgern werden Zutaten für echte Gourmets gefunden. 

Daraus werden Gerichte mit klassischem oder traditionellem Hintergrund gestaltet. Handwerklich und von den Mitarbeitern liebevoll hergestellt. Der Aufenthalt im Schössli wird zum Genuss für alle Sinne. Das ist gelebte St.Galler Gastlichkeit.

Geschichte:
Das zwischen 1586 und 1590 von Laurenz Zollikofer, einem Enkel Vadians, erstellte Schlössli ist das herrschaftlichste Privathaus innerhalb der St.Galler Altstadt. Die Zollikofer besassen bereits mehrere Schlösser ausserhalb der Stadt und wollten nun auch innerhalb der Stadtmauern einen beeindruckenden Wohnsitz errichten. Das Schlössli diente der gesellschaftlichen Repräsentation, wichtig waren daher Festsäle, in denen Gäste bewirtet werden konnten. Daneben war das Schlössli aber auch Handelshaus: Im Erdgeschoss war ein Warenlager eingerichtet. Nach Laurenz Zollikofers Tod blieb das Schlössli noch eine weitere Generation in Familienbesitz, später kam es an andere vermögende St.Galler Familien, darunter Hochreutener, Kunkler und Schlumpf. Im 19. Jahrhundert hätte die Stadt die Chance gehabt, das Schlössli zu erwerben. Johannes Kaspar Straub bot es dem Schulrat nämlich für 17000 Gulden zum Kauf an. Das Geschäft kam jedoch nicht zustande, weil die nötigen Mittel nicht - wie die Stadt dies erhofft hatte - aus freiwilligen Beiträgen von vermögenden und wohltätigen Stadtbürgern aufgebracht wurden. So blieb das Schlössli in privatem Besitz.;9.379026;47.4243307;Zeughausgasse 17;9000;St. Gallen;+41 71 222 12 56;info@schloessli-sg.ch;http://www.schloessli-sg.ch/;[{'@type': 'ImageObject', 'contentUrl': 'https://ostpimtsoch.sos-ch-dk-2.exoscale-cdn.com/catalog/3/3/4/7/334752dfc8d9c7f29a803fd9b8b156ab328ce586_ff6cdfa3bef8d384bb0b3b70fcca440d.jpg'}];2025-12-17T18:30:29+01:00
9b7ab6ce-6c77-48fe-bcb7-a5b90c012338;Brauerei Falken AG;Die Brauerei Falken gehört zu den fünf grössten, unabhängigen Brauereien der Schweiz und steht seit 1799 für Freiheit, Unabhängigkeit und den Stolz auf ein wirklich gutes Bier ein. ;<p>Möchten Sie in einer Gruppe die Brauerei Falken besichtigen? Brauereirundgänge werden für Gruppen ab 10 bis 20 Personen durchgeführt, dies natürlich inkl. Freibier und grossen Brezen.</p><p>Falls Sie einige der Biere mit einem Bier-Sommelier degustieren möchten, könnten Sie dies zusätzlich buchen. 

Bei Interesse kontaktieren Sie bitte direkt die Brauerei Falken.</p>;8.6448942;47.710864;Brauereistrasse 1;8200;Schaffhausen;+41 52 632 00 00;brauerei@falken.ch;http://www.falken.ch/;[{'@type': 'ImageObject', 'contentUrl': 'https://ostpimtsoch.sos-ch-dk-2.exoscale-cdn.com/catalog/a/4/c/a/a4ca19949ccfbe3d69fe20806a477c5247d2f3ff_ba200de9364ca3f57db907ae4d6360a9.jpg'}];2025-02-17T12:46:31+01:00
9b806ef0-f838-4e17-a6d3-19ee116ca605;Restaurant Mineralbad;Das Restaurant Mineralbad gehört zu einer der ältesten Wirtschaften im Appenzellerland und gilt als eine der Wiegen des Appenzeller Kurtourismus.;1463 wurde die Heilquelle Unterrechstein erstmals urkundlich erwähnt. Seit über 300 Jahren wird das heilsame, mineralhaltige Wasser zum Baden genutzt, anfänglich in einfacher Behausung, später im Gasthaus Mineralbad, zuerst in Holzzubern und dann in Blechbadewannen. 
Mit dem Bau des Appenzeller Heilbads in den 1980er-Jahren verlor das Restaurant Mineralbad seine Rolle als «Bädli». Aber es blieb das gemütliche, geschichtsträchtige Gasthaus. Seit es leicht umgebaut wurde und Eric Dufeu nebst dem Heilbad-Bistro auch die Leitung des Restaurants Mineralbad übernommen hat, erlebt es einen neuen Aufschwung. Eine kleine, aber feine Speise- und Weinkarte mit saisonaler und regionaler Küche lädt zum Verweilen ein. 
Das Restaurant bietet bis zu 40 Personen grosszügig Platz. Im traditionellen Mineralbad-Stübli können bis zu 12 Personen bedient werden. 
Auf Anfrage können Veranstaltungen auch ausserhalb der offiziellen Öffnungszeiten gebucht werden.;9.515908956527712;47.430144592248;Unterrechstein 285;9035;Grub;+41 71 898 33 88;restaurant@heilbad.ch;https://www.restaurant-mineralbad.ch/;[{'@type': 'ImageObject', 'contentUrl': 'https://ostpimtsoch.sos-ch-dk-2.exoscale-cdn.com/catalog/2/5/d/b/25dbb91d5ac7580a24750b513348117abed5cc20_8977f6e7d23f22117e80c9ee5818a7da.png'}];2025-02-17T09:55:00+01:00
9c1ab804-ba7d-447e-a486-f9d792cc0519;Huberwein;Huberwein produziert mit viel Handarbeit und Schaffensfreude im Thurgau und Piemont eine schöne Palette von einzigartigen charakterstarken Weinen. Verschiedene Degustationsangebote, Hofladen und Weinbar in Götighofen laden ein, Weine und Hofgut zu entdecken. ;Huberwein ist ein nachhaltiges Familienunternehmen zwischen Weinfelden und Amriswil in Götighofen. Neben dem Standort im Thurgau gibt’s auch einen im Piemont. Im Thurgau bieten heimische Rebsorten die Grundlage für facettenreiche, geschmackvolle und einzigartige Thurgauer Weine. Im Piemont liegt der Schwerpunkt auf charakterstarken Rotweinen. Die Nachhaltigkeit behält die Familie bei ihrer Arbeit in zwei Ländern stets im Fokus. Viel Herzblut und Handarbeit fliessen ein. Gedüngt wird nur biologisch, auf Herbizid verzichtet. Wiesenblumen, Haselnuss oder Obstbäume blühen rund um den Thurgauer Rebberg und fördern die Biodiversität. In ansprechendem Ambiente degustieren Gäste in Götighofen die Huberweine. Gewählt wird zwischen verschiedenen mehr oder weniger umfangreichen Degustationsangeboten. Eine Weinbar, die jeden ersten Freitag im Monat abends öffnet, erfreut mit ausgewählten Weinen im Offenausschank und lässt Gäste in die Huberweinwelt eintauchen, kleines Apéro-Häppchen pro Glas inbegriffen.;9.206280112266542;47.53642784543936;Gutbertshausen 12;8583;Götighofen;+41 79 307 5868;info@huberwein.ch;https://www.huberwein.ch/;[{'@type': 'ImageObject', 'contentUrl': 'https://ostpimtsoch.sos-ch-dk-2.exoscale-cdn.com/catalog/5/9/9/5/59957d15d86aead399b9a45614ee029a50f856ae_f9c377c1d689b22b84688fddeff5c800.jpg'}];2025-02-17T13:28:31+01:00
9c2825f0-8474-405f-9936-7640e824fa76;Restaurant National – zum Goldenen Leuen;Das Restaurant National zum goldenen Leuen – von den St.Gallern liebevoll «NAZ» genannt – besticht durch seinen urchigen Charme und lädt mit rustikalem Ambiente und herzhaften Spezialitäten zum Verweilen ein.;<p>Im Restaurant National zum goldenen Leuen – liebevoll «NAZ» genannt – erwartet die Gäste ein kulinarisches Erlebnis der besonderen Art: Hier kommen sie in den Genuss von Spezialitäten wie den weit über die Stadtgrenzen hinaus bekannten Chäschüechli, Weißwürsten mit Brezel und Schweizer Tapas. Dazu passt perfekt ein frisch gezapftes Bier von der huus-braui in Roggwil.
</p><p>Das NAZ ist ein Traditionslokal im malerischen Riegelhaus, das mit rustikalem Charme und entspannter Atmosphäre begeistert. Gelegen im Herzen der südlichen St. Galler Altstadt am Grüningerplatz, nur wenige Schritte vom St. Galler Dom und dem UNESCO-Weltkulturerbe Klosterplatz entfernt, lädt das NAZ sowohl Einheimische als auch Touristen ein, hier zu verweilen. In der gemütlichen Gaststube rund um den historischen Kachelofen fühlt sich jeder Gast sofort willkommen.
</p><p>Ein Geheimtipp: Wer die Toiletten besucht, entdeckt auf der Damentoilette eine beeindruckende Tapete des St. Galler Textilunternehmens Jakob Schlaepfer, während bei den Herren kunstvolle Kacheln des österreichischen Künstlers Manfred Deix für Staunen sorgen.</p><p>
Geschichte trifft Genuss:
Bereits 1894 war das National ein Ort des Bierhandels mit deutschen Bieren und Weinen. Damals mussten importierte Bierhumpen mit einer Schweizer Eichung versehen werden, um in den Bierhallen genutzt zu werden. Das traditionsreiche Riegelhaus an der Schmiedgasse 30 wurde 1603 von der Handelsfamilie Zollikofer erbaut, die als «Gesellschaft zum Löwenkopf» bekannt war – daher der vergoldete Löwenkopf an der Hausecke. Inschriften von 1603 und 1670 erzählen die Geschichte eines Neubaus und späteren Anbaus, die das NAZ bis heute prägen.</p>;9.3751844;47.4236845;Schmiedgasse 30;9000;St. Gallen;+41 71 222 02 62;info@naz-sg.ch;https://naz-sg.ch/index.html;[{'@type': 'ImageObject', 'contentUrl': 'https://ostpimtsoch.sos-ch-dk-2.exoscale-cdn.com/catalog/d/f/1/0/df104a73f44f36e18f6243cfd5cbf0d02ce52116_435963bc31a49e4529d7bbc7b3acec0d.jpg'}];2025-12-17T18:30:29+01:00
9cb2beb9-1a66-4bee-87c7-96724dfedb82;Gustav Kahn;Ein erlesenes Angebot an Grilladen, vegetarischen Spezialitäten und Salaten stillt den Hunger und exotisches Eis erfrischt den Gaumen. Unkompliziert, kreativ und schnell lädt das Speiseangebot aus der «Kombüse» zum Verweilen ein.;Gustav Gleis, Lokomotivführer und Weltenbummler, erfüllt sich seinen lang ersehnten Traum und erkundet neu auch mit seinem Kahn die Welt. 

Sein neues Zuhause hat Gustav liebevoll mit Souvenirs von seinen Reisen eingerichtet: Knallig farbige Vintage-Möbel aus Italien verbreiten auf dem Hafenplatz eine fröhliche Stimmung. Ein Gespür fürs Detail hat Gustav auch bei Gaumenfreuden. Ja, er ist ein nachhaltiger Feinschmecker. Eine gesunde und regionale Ernährung ist ihm so wichtig, dass er eigene Salate und Kräuter anpflanzt. Aber bei aller Regionalität bleibt er doch weltoffen: Auf Hawaii hat er die Zubereitung von köstlichen Poké Bowls erlernt, in Südamerika wurde er zum Grillspezialisten und die Briten haben ihn für Fish & Chips begeistert. Unterwegs in der Türkei befasste er sich mit Kaffeebrühen, und seit er in Spanien war, lebt er sein Flair für Cocktails aus. All diese Köstlichkeiten bereitet er für seine Gäste in seinem immer verlässlichen Kahn zu.;9.384310310857634;47.567691901761;Hafenstrasse 70;8590;Romanshorn;+41794072457;michel@miggroup.ch;https://www.gustavkahn.ch;[{'@type': 'ImageObject', 'contentUrl': 'https://ostpimtsoch.sos-ch-dk-2.exoscale-cdn.com/catalog/3/9/c/5/39c5c2fe8606517b45c6e56768ea9a52b2371cad_9cd0cc45e53b07a1d90ee220cfb845b2.jpg'}];2025-03-31T21:21:33+02:00
9ccb15ed-5430-41c0-b7c6-6a28950dce6a;Restaurant Schloss Oberberg;Das Restaurant Schloss Oberberg liegt oberhalb von Gossau und ist das örtliche Wahrzeichen.;Auf dem ältesten erhaltenen Bau geniessen Gäste eine spektakuläre Aussicht auf den Alpstein, Säntis, das Fürstenland sowie die Stadt St.Gallen. Gemütlich einkehren und königlich geniessen ist angesagt im stilvollen Restaurant. Im hauseigenen 

Das Schloss Oberberg wurde 1262 erstmals urkundlich erwähnt. In seiner bewegten Geschichte diente der imposante Bau als Sitz von Obervögten und als Gerichtsort. Später beherbergte das Schloss eine Käserei, ein Sticklokal und schliesslich ein Restaurant. Bis heute steht das historische Gebäude ganz im Zeichen der Gastlichkeit.;9.28579;47.414739;Oberberg 193;9200;Gossau;+41 71 841 35 35;info@schlossoberberg.ch;https://www.schlossoberberg.ch/;[{'@type': 'ImageObject', 'contentUrl': 'https://ostpimtsoch.sos-ch-dk-2.exoscale-cdn.com/catalog/e/c/5/7/ec575d5870f812e96fcaf7ca86db77baf67e06a1_0dcb58e8f3a1a608debdbe1d417f4102.JPG'}];2025-12-17T18:30:29+01:00
9d0f20b1-c95d-4bbe-b0d7-1a929f4ee6e4;Erlebnisweingut Burkhart - Thurgau Tourismuspreisgewinner 2022;Das Erlebnisweingut Burkhart ist kundennah, erlebbar und liegt direkt am Weinfelder Weinweg. Es bietet eine herrliche Aussicht über das Thurtal bis hin zu den Alpen. Nebst der Degustation von charakterstarken Weinen kann auch hinter die Kulissen geschaut werden.;<p>Das Erlebnisweingut Burkhart verf&uuml;gt &uuml;ber einen Rebberg von 8 Hektaren. Bei einem Rundgang mit dem Winzer durch Weinberg, Keller und anschliessender Degustation wird der Weinfelder Rebbau mit allen Sinnen erlebt. Das Eventgeb&auml;ude mit herrlicher Aussicht &uuml;ber den Rebberg bietet Platz f&uuml;r Ap&eacute;ros, Fest- und Firmenessen, Seminare sowie Workshops. Tradition, Innovation und Nachhaltigkeit stehen auf dem Weingut im Einklang mit Mensch und Natur, dies mitten im Thurgau. Das Weingut Burkhart in Weinfelden ist bei Gault Millau unter den besten 150 Weing&uuml;tern der Schweiz, im Vinum unter den Besten 200 gelistet und erhielt f&uuml;r das Jahr 2026 den Handwerkspreis von Best of Swiss Wine Tourism.</p>;9.1033572;47.5770368;Hagholzstrasse 7;8570;Weinfelden;+41 71 622 47 79;info@weingut-burkhart.ch;http://www.weingut-burkhart.ch/;[{'@type': 'ImageObject', 'contentUrl': 'https://ostpimtsoch.sos-ch-dk-2.exoscale-cdn.com/catalog/a/b/7/4/ab74715ffb20cab71acb6cd40ac9e0b425569418_e458959237562468358ab6290015b293.JPG'}];2026-03-17T23:02:51+01:00
9e46c2f6-795a-4f15-a31f-b4e2dcc4f5b2;Café Kilian;Das zentral gelegene Café Kilian in Mels lädt mit seiner gemütlichen Einrichtung zum Verweilen ein. Gäste können hier Kaffee trinken und Kuchen essen, sowohl drinnen als auch draussen.;Café mit gemütlicher Einrichtung, die dazu einladen stundenlang zu verweilen, Kaffee zu trinken und Kuchen zu essen.;9.420336492003223;47.0489589114756;Bahnhofstrasse 24;8887;Mels;+41 81 710 60 64;info@cafe-kilian.ch;https://www.cafe-kilian.ch/joomla/;[{'@type': 'ImageObject', 'contentUrl': 'https://ostpimtsoch.sos-ch-dk-2.exoscale-cdn.com/catalog/4/c/e/1/4ce164f626c1099dd9d8051e25fd26f9587a1690_1b6405db5a70778d7ed7c942e1fff4f6.jpg'}];2025-09-12T20:23:21+02:00
9e750836-90f1-4f1e-aa45-24d30aff05d5;Affekt-Bar;Die Affekt Bar steht für feine Partys mit qualitativ hochstehender
Elektronischer Musik. Join us for a Rave!;Einzigartiges Ambiente, gemütliche und grosse Terrasse, feine Drinks, auserlesener Sound und kleine Köstlichkeiten - das ist die Affekt-Bar. Sie befindet sich im Herzen der Stadt St.Gallen, genauer gesagt an der Brühlgasse. Die Location, welche bereits seit mehr als 20 Jahren als Bar fungiert, ist fester Bestandteil und Treffpunkt des St.Galler Nachtlebens, Sie ist nicht nur bei den Einheimischen, sondern auch weiter über die Kantonsgrenze hinaus bekannt und beliebt. Komm vorbei und überzeug dich selbst - wir freuen uns auf dich!;9.378164682142863;47.4256316;Brühlgasse 21;9000;St. Gallen;+41 79 697 69 38;info@affekt.ch;https://affekt.ch/;[{'@type': 'ImageObject', 'contentUrl': 'https://ostpimtsoch.sos-ch-dk-2.exoscale-cdn.com/catalog/f/2/9/d/f29dd0bb272fa650741cf92abe481d734e925f75_1d7414c66694ae3d406b80e6924c271c.jpg'}];2025-02-17T11:47:14+01:00
9eeeb0cd-6c60-4f4f-9686-a8b097c33723;Izakaya Ekimae;Eintauchen in die Küche Japans, die auch abseits von Sushi unglaublich viel zu bieten hat.;Das Izakaya Ekimae im Tailormade Hotel LEO St.Gallen bringt die traditionell japanische Küche direkt nach St.Gallen und offenbart eine kulinarische Tradition, die sich in der Stadt bisher bedeckt gehalten hat. Kein Sushi, dafür alles, was sonst im Land der aufgehenden Sonne auf den Tisch kommt. Frisch, puristisch und geschmacklich unglaublich elegant werden die Gäste auf direktem Weg nach Kyoto, Osaka oder Tokyo entführt.

Das Restaurant und dessen Konzept mit seinen vielen kleineren Gerichten, die dann geteilt und herumgereicht werden, laden zum längeren Verweilen ein und garantieren ein vollumfassendes Geschmackserlebnis.;9.365045428276064;47.421728903528;Grünbergstrasse 6;9000;St.Gallen;+41 71 274 09 78;info@ekimae.ch;https://www.ekimae.ch;[{'@type': 'ImageObject', 'contentUrl': 'https://ostpimtsoch.sos-ch-dk-2.exoscale-cdn.com/catalog/8/5/3/d/853da77ce9cf2129ab7ed5acdba26e33a6e91e5c_5c387cc30f99050fcd912367f44697c0.jpg'}];2025-12-09T18:29:24+01:00
9f4c20d2-7dee-4968-b886-116d5e9c7bd3;Höfli Pub;Das Höfli Pub in Mels bietet ein stilvolles Ambiente mit professionellem Service und einer grossen Auswahl an Cocktails, Whiskeys und Gins. Eine Cigar Lounge und qualitativ hochwertige Drinks runden das Angebot ab.;Aussergewöhnliches, Gastronomie-Konzept. Geniessen Sie die einmalige Atmosphäre und Ambiente in unseren mystischen und faszinierenden Gewölben.;9.420218544565927;47.047087672127;Kirchstrasse 4;8887;Mels;081 723 82 09;info@hoeflipub.ch;https://www.hoeflipub.ch/;[{'@type': 'ImageObject', 'contentUrl': 'https://ostpimtsoch.sos-ch-dk-2.exoscale-cdn.com/catalog/d/1/1/b/d11b7409182fa2e9e86212ed5d5242ae8957304f_08fd1ac869070938da67c470c337b29e.jpeg'}];2025-07-24T20:15:47+02:00
a126ba9b-d533-4878-9b22-0836b97b3cff;Landgasthof Linde;Der Landgasthof Linde in Berschis bietet in einem 300-jährigen Haus traditionelle und lokale Küche. Das Restaurant und das Stübli sind liebevoll dekoriert und bieten ein wöchentlich wechselndes Feinschmeckermenü in rauchfreier Umgebung.;In der Mitte von Berschis gelegen, strahlt das 300-jährige Haus jede Menge Tradition und Heimatverbundenheit aus. Treten Sie ein und lassen Sie sich von den gemütlichen Räumen überraschen. Das Restaurant und das Stübli werden mit viel Liebe zum Detail geschmückt und gepflegt.

Geniessen Sie im rauchfreien Stübli einen oder mehrere Gänge des wöchentlich wechselndes Feinschmeckermenüs. Im heimeligen Dorfbeizli werden die preiswerten Gerichte mit ebenso viel Liebe zubereitet.;9.3461533;47.1063672;Unterdorfstrasse 4;8892;Berschis;+41 81 733 22 21;lindeberschis@bluemail.ch;http://www.lindeberschis.ch;[{'@type': 'ImageObject', 'contentUrl': 'https://ostpimtsoch.sos-ch-dk-2.exoscale-cdn.com/catalog/a/3/3/c/a33cab811bd60744ddfb385ce8c21fbd3a481332_2b1b034bad22cfc87cd2a211cbcb8270.jpg'}];2025-12-29T16:30:24+01:00
a215c2e2-6b83-4bcf-bfca-e74763f75b81;Restaurant Krone am See;Modern, abwechslungsreich und regional. Das Restaurant Krone am See überzeugt mit seiner wunderbaren Lage am Hafen von Altnau, unkomplizierter Selbstbedienung auf der Sommerterrasse und hochwertiger Küche im eleganten À la Carte-Restaurant.;Das Restaurant Krone liegt im Thurgauer Apfeldorf Altnau direkt am Bodensee. Es ist aufgeteilt in zwei Teile. Drinnen erwartet Gäste ein stilvolles Fine Dining Restaurant mit moderner Küche, wo viele regionale Produkte einfliessen, und auch kreative vegetarische und vegane Gerichte dazu gehören. Die Weinkarte glänzt mit exzellenten Weinen aus dem Thurgau, aber auch aus der Schweiz und Europa. Der zweite Teil draussen heisst «Krone Easy». Dies ist eine gesellige Sommerterrasse mit einfachen Menus in Selbstbedienung oder für Take Away. Hier können Bestellungen vor Ort, online vom Altnauer Badestrand grad nebenan oder gar vom Boot aus gemacht und abgeholt werden. Beide Teile der Krone, Restaurant und Terrasse, haben eins gemein: die wunderbare Seesicht. Die Krone ist zudem ein idealer Start- oder Endpunkt für Ausflüge um und über den Bodensee. Oberhalb des Dorfes startet der Altnauer Apfelweg, ein Themenweg über das rotbackige Früchtchen, für das der Thurgau so bekannt ist.;9.2675946;47.6226731;Hafenstrasse 11;8595;Altnau;+41 71 695 19 12;kontakt@krone-altnau.ch;https://www.krone-altnau.ch/;[{'@type': 'ImageObject', 'contentUrl': 'https://ostpimtsoch.sos-ch-dk-2.exoscale-cdn.com/catalog/0/8/0/d/080dfa58e8847cec71a05a6b05648fd7b626885f_4adb0f8bdd39e4164e469e92331bcb86.jpg'}];2025-02-17T13:28:20+01:00
a66dfa9b-17fa-4790-922a-2aceafb0d12c;Liesch Weine AG, Ueli & Jürg Liesch;Das Weingut Ueli & Jürg Liesch in Malans GR bietet idyllisch gelegene Rebberge, Keller und Verkaufsräume. Besuchende können die Welt des Winzers erkunden oder die Räumlichkeiten für eigene Anlässe mieten.;Rebberge, Keller und Verkaufsräume liegen idyllisch mitten im Grünen. Geniessen Sie einen Kurzbesuch oder einen langen Einblick in die Welt des Winzers oder mieten Sie die Räumlichkeiten, um Ihren Anlass selbst gestalten.;9.55787241817269;46.988163530330276;Weingut Treib 1;7208;Malans GR;+41 81 322 12 25;info@liesch-weine.ch;http://www.liesch-weine.ch;[{'@type': 'ImageObject', 'contentUrl': 'https://ostpimtsoch.sos-ch-dk-2.exoscale-cdn.com/catalog/1/4/0/9/1409c1901cb68e6db0cf4b1a778410cead44e71c_c81801bbb26726c1350793fe5f422f0b.jpg'}];2025-09-10T20:36:08+02:00
a69745dc-4f1e-4f55-8484-a14a8d3311b6;Restaurant Forum Landquart;Hausgemachte Klassiker aus der Schweizer und österreichischen Küche, frisch zubereitet und mit Liebe serviert.;<div class="elementor-element elementor-element-f039019 elementor-widget elementor-widget-text-editor" data-id="f039019" data-element_type="widget" data-e-type="widget" data-widget_type="text-editor.default"><p>Das&nbsp;<strong data-start="4" data-end="24">Restaurant Forum</strong>&nbsp;ist ein Ort, an dem Tradition und Genuss aufeinandertreffen. Hier wird mit Leidenschaft gekocht, ehrlich, bodenst&auml;ndig und immer frisch.</p></div><div class="elementor-element elementor-element-973c26b elementor-widget elementor-widget-text-editor" data-id="973c26b" data-element_type="widget" data-e-type="widget" data-widget_type="text-editor.default"><p>Die K&uuml;che bietet klassische Schweizer und &ouml;sterreichische Spezialit&auml;ten, zubereitet mit besten regionalen Zutaten. Ob zum gem&uuml;tlichen Mittagessen, zum Abendessen mit Freunden oder f&uuml;r besondere Anl&auml;sse, im Restaurant Forum steht das Wohl der G&auml;ste immer im Mittelpunkt.</p></div>;9.562952208064512;46.957444100000004;Schulstrasse 78;7302;Landquart;+41 78 223 70 73;info@restaurant-forum.ch;https://restaurant-forum.ch/;[{'@type': 'ImageObject', 'contentUrl': 'https://ostpimtsoch.sos-ch-dk-2.exoscale-cdn.com/catalog/f/e/8/f/fe8f0dd14b8a78488165cc23ae93cd13aeecdc23_bf200323457316d69397513710384b65.jpeg'}];2026-09-04T21:03:29+02:00
a7599578-574d-4557-beb8-b7482cbdd7c0;PATAP Nano - Kaffeerösterei / Espressobar / Kaffeeshop;PATAP – unabhängig aus Überzeugung.

Kaffee mit Haltung & Geschmack. Kaffee ist politisch. Und sozial. Er ist Arbeit, Einkommen, Identität – vom Ursprung bis zur Tasse. Deshalb rösten wir mit Haltung und klarem Ziel. Wir sind eine unabhängige Spezialitätenrösterei in der Schweiz.;<p><strong>Unser Ziel<br></strong>Kaffee, der gut schmeckt &ndash; und sich auch gut anf&uuml;hlt. Fair. Sauber. Transparent.</p><p><strong>Unsere Mission<br></strong>Exzellenter Kaffee mit Verantwortung.</p><p>&nbsp;</p><p>&nbsp;</p><p>Guter Kaffee entsteht da, wo Menschen wissen, was sie tun &ndash; und wof&uuml;r. Wir arbeiten mit Partner:innen, die nicht auf Masse, sondern auf Substanz setzen. Wir r&ouml;sten Kaffee so, wie er gemeint ist: Klar. Sauber. Eigenst&auml;ndig. Hell oder dunkel &ndash; wenn, dann richtig. Kein Kompromiss. Nur Charakter. Kaffee ist mehr als ein Getr&auml;nk. Er ist Begegnung, Kultur, Alltag und Ausnahme zugleich. Seit Jahrhunderten bringt Kaffee Menschen an einen Tisch. Zum Reden. Zum Streiten. Zum Nachdenken.</p><p>&nbsp;</p><p>Unsere Espressobar ist genau daf&uuml;r da. Ein Ort mit Haltung. Und verdammt gutem Kaffee. WARUM WIR KAFFEE R&Ouml;STEN? WEIL&rsquo;S N&Ouml;TIG IS. PUNKT. Kaffee ist nicht einfach Kaffee. Er ist Handel, Geschichte, Ausbeutung &ndash; und gleichzeitig Geschmack, Kultur und Begegnung. Wir r&ouml;sten, weil wir zeigen wollen, dass es anders geht: transparent, fair, kompromisslos gut. Unsere Kaffees kommen nicht aus anonymen Lagern, sondern direkt von Leuten, die wissen, was sie tun. Kleinfarmer:innen, Kooperativen, Familienbetriebe &ndash; Menschen mit Haltung. Wir kaufen direkt, zahlen Preise, die Sinn machen, und zeigen, was bei uns h&auml;ngen bleibt. Alles offen, alles sichtbar.</p><p>Unsere R&ouml;stungen zeigen, was Kaffee kann: Frucht, Tiefe, Klarheit &ndash; manchmal auch Ecken und Kanten. Keine Effekthascherei &ndash; nur ehrliches Handwerk mit Haltung. Und ja: Ohne die Produzent:innen w&auml;ren wir nix. Deshalb nehmen wir uns selbst nicht zu wichtig. Aber das, was wir tun, nehmen wir ernst.</p><p>Und weil Haltung nicht beim Kaffee aufh&ouml;rt &hellip; Backen wir genauso: Handwerkliches Brot. Selbstgemachte Kuchen. Ehrlich, pur, regional. Butter, Mehl und Co. kommen direkt von Erzeuger:innen aus der Umgebung. Ohne Kram. Ohne Kompromiss. Wie beim Kaffee. Ob Croissant zum Espresso oder Sauerteigbrot f&uuml;r daheim &ndash; alles, was wir machen, soll gut schmecken. Und sich gut anf&uuml;hlen.</p><p>PATAP ist nicht perfekt. Aber echt. Und das ist uns wichtiger.</p>;8.8597778;47.6594694;Oberstadt 1;8260;Stein am Rhein;+41 77 507 27 31;info@patap.ch;https://patap.ch;[{'@type': 'ImageObject', 'contentUrl': 'https://ostpimtsoch.sos-ch-dk-2.exoscale-cdn.com/catalog/8/1/1/4/8114114d54a8a50dd80cf6755cbbbeaff2f4e98d_f03d08b0709b3a40fbd1f9401aa7abfa.jpeg'}];2026-02-09T19:27:30+01:00
a777068e-2359-4194-bf44-670017c7f86c;Restaurant Linde;Das Restaurant Linde in Roggwil bietet eine feine bodenständige, Schweizer Küche. Das heimelige Ambiente sowie die Gastlichkeit, die gelebt wird, überzeugt jeden.;Im Bistro werden den Gästen einfachere Gerichte für den kleinen Hunger serviert. Der lauschig-schattige Garten bietet im Sommer zusätzlichen Platz zum Verweilen und Geniessen.

Das Bier wird von der huus-braui aus Roggwil bezogen. Von den unfiltrierten Bierspezialitäten sind jeweils mindestens drei Sorten im Offenausschank erhältlich. Zwei Mal jährlich findet zudem der Anlass «Bier und so» statt. Zu jedem der sieben Gänge wird ein passendes Bier serviert. Ein echter Tipp für Bierfans und Geniesser!;9.398261200000004;47.502164050000005;Sankt Gallerstrasse 46;9325;Roggwil;+41714551204;tobler@linde-roggwil.ch;http://www.linde-roggwil.ch/;[{'@type': 'ImageObject', 'contentUrl': 'https://ostpimtsoch.sos-ch-dk-2.exoscale-cdn.com/catalog/3/c/1/f/3c1fc65918dd7816afc6245a0c860af8fb3c1d64_6ec798822fbbf04947349de8d4ef3712.jpg'}];2025-02-17T13:28:20+01:00
a90b0978-6c7b-43e6-9558-0d17632fc354;US-MEX Schaffhausen;US-Mexikanischer Genuss zu fairen Preisen.;In der Fussgängerzone der Schaffhauser Altstadt liegt das Restaurant US-MEX. Lange Öffnungszeiten, grosse Portionen, günstige Preise und eine unkomplizierte Atmosphäre zeichnen dieses Restaurant aus. Es verfügt über 200 Sitzplätze inkl. Wintergarten. An warmen Tagen kommt eine grosszügige Terrasse und ein charmanter Innenhof dazu. Das US-MEX lässt einem mit seinem typisch mexikanischen Style den Alltag vergessen.;8.6361913;47.6960895;Vordergasse 43;8200;Schaffhausen;+41 52 649 40 40;schaffhausen@usmex.ch;http://www.usmex.ch/;[{'@type': 'ImageObject', 'contentUrl': 'https://ostpimtsoch.sos-ch-dk-2.exoscale-cdn.com/catalog/6/f/5/e/6f5e5d0509ffe27ef30a5bab3c106316632f8c8f_771673415a6e8c0ea31c934fe1176e1a.jpg'}];2025-02-17T12:53:53+01:00
a999ed1a-7b9a-4c36-af65-56b174cd58a1;Restaurant Zanai;Das Restaurant Zanai im Rehazentrum Valens bietet frische, regionale und saisonale Schweizer Küche. Es ist täglich geöffnet und serviert auch laktose- und glutenfreie Gerichte auf Anfrage. Gäste können wechselnde Wochenhits geniessen sowie von Donnerstag bis Montag  frische Pizza.;Bei uns geniessen Sie frische, regionale, saisonale Köstlichkeiten aus der Schweizer Küche, serviert in modernen Interpretationen. Zusätzlich zu unseren saisonalen Spezialitäten und der à-la-carte-Auswahl präsentieren wir Ihnen jede Woche wechselnde «Wochenhits». Diese exklusiven Kreationen unseres Küchenteams sind stets frisch, innovativ und spiegeln die Vielfalt der Schweizer Küche wider.

Auf Wunsch kochen wir auch laktose- und glutenfrei und informieren Sie gerne über die verwendeten Zutaten in unseren Gerichten.

Das Restaurant Zanai befindet sich im Rehazentrum Valens und ist täglich geöffnet. Wir freuen uns auf Ihren Besuch!;9.4833655;46.9698933;Taminaplatz 1;7317;Valens;+41 58 511 15 55;zanai@kliniken-valens.ch;https://www.restaurant-zanai.ch/;[{'@type': 'ImageObject', 'contentUrl': 'https://ostpimtsoch.sos-ch-dk-2.exoscale-cdn.com/catalog/2/e/e/2/2ee291bea11bcb1657a5f962e3e1f612b9b98963_5fc079418072e2d7e0c065a2366cb549.jpg'}];2026-08-06T20:59:05+02:00
aa45e1bd-a179-4584-b7b9-2fb7b296ab3a;Bergwirtschaft Köbelisberg;Der «Köbelisberg» ist im Winter und Sommer ein Ausflug wert. Die Wirtschaft auf dem Köbelisberg ist ein häufig gewähltes Wanderziel.;Nach ca. 45 Gehminuten erreicht man die Bergwirtschaft Köbelisberg. Ab Parkplatz Burg (nähe Wasserfluh). Entschädigt für den einfachen Aufstieg wird man mit einem wunderschönen Panorama. Im Winter darf man sich den Fondue- oder Raclettplausch vor einer rasanten Schlittelfahrt nicht entgehen lassen. Im Sommer werden Sie mit einem Köbeli-Teller verwöhnt. Unser neues Massenlager bietet Platz für 10 Personen. Geniessen Sie ein feines Essen und staunen über das Sternenpanorama. Am nächsten Morgen sind Sie als Erster auf dem Berg und haben vielleicht noch die Gelegenheit scheues Wild zu beobachten und dann ein reichhaltiges Frühstück zu geniessen.;9.1094641;47.3139253;Köbelisberg;9620;Lichtensteig;+41 79 479 95 57;team@koebelisberg.com;https://koebelisberg.com/;[{'@type': 'ImageObject', 'contentUrl': 'https://ostpimtsoch.sos-ch-dk-2.exoscale-cdn.com/catalog/4/5/5/8/45585e6f2f9cbc1565a68617e909b12a31d5dbf8_f653f6f512e4381dbfe47901adedcf59.jpg'}];2025-07-22T19:24:44+02:00
aae107ea-0469-4623-ad99-0a8c5b3bc3b9;Cocktail-Werkstatt in der Eventlocation zur Werkstatt;Für Cocktails unter Anleitung;Warum nicht mal hinter der Bar dem Cocktail-Profi über die Schultern schauen – statt vor der Bar stehen? Der Barkeeper zeigt Schritt für Schritt die verschiedenen Mix-Arten und worauf es bei der hohen Kunst des Cocktails zubereiten ankommt. Und nun sind die Gäste dran! Mit der passenden Apéroplatte aus der Küche, eignet sich der Workshop wunderbar für einen Event.

Barkeeper und Cocktails während 90 Minuten inkl. Apéroplatte, Mineral und Cocktail-Rezepte zum Mitnehmen

CHF 75 / Person inkl. MwSt. 

Täglich buchbar ab 8 Personen;9.375021;47.425561;Marktplatz 11;9000;St. Gallen;+41 71 226 09 90;kontakt@zurwerkstatt-sg.ch;https://www.zurwerkstatt-sg.ch/;[{'@type': 'ImageObject', 'contentUrl': 'https://ostpimtsoch.sos-ch-dk-2.exoscale-cdn.com/catalog/3/4/7/4/347432e7c2df46ca1a79ba229cae1cd5697d9b83_4862fe291064d35ffa4e7723d2e0361c.jpg'}];2025-02-17T19:38:12+01:00
aaee46c2-dbc8-4b0b-b512-80746fb34b8a;Speiserestaurant Maienhalde;Essen und Trinken mitten in den Rebbergen mit wunderschöner Aussicht auf das St.Galler Rheintal.;Das Speiserestaurant wird bereits in der vierten Generation geführt. Nebst der allseits beliebten gutbürgerlichen Küche werden auch stets frische und saisonale Spezialitäten angeboten. Die Räumlichkeiten bieten Platz für Anlässe und Feiern für Gross und Klein – sei dies im Saal oder in einem der gemütlichen Stübli. Belohnt werden die Gäste auch mit einer herrlichen Aussicht auf das St.Galler Rheintal und das benachbarte Vorarlberg.

Das Reb- und Weingut steht für umweltnahen IP-Weinbau. Die grosse Sortenvielfalt, die im modernen Kelterungsbetrieb produziert wird, enthält sowohl traditionelle Weine als auch neue Kreationen.

Das Speiserestaurant Maienhalde ist erster Etappenort auf der kulinarischen Wanderung im Rheintal und verwöhnt die Gäste mit der Vorspeise.;9.6027166;47.4263311;Maienhalde 1028;9442;Berneck;+41 71 744 13 62;restaurant@maienhalde.ch;http://www.maienhalde.ch/;[{'@type': 'ImageObject', 'contentUrl': 'https://ostpimtsoch.sos-ch-dk-2.exoscale-cdn.com/catalog/9/c/9/5/9c959b2a68bc8d30e53d550e958d9f7da4727f15_6fcbc2bc6b349cfa4a2ff8cac7ba0447.jpg'}];2026-05-13T18:30:14+02:00
ab4f4fe0-d512-4445-9ccd-8f927df26a2d;Klosterbistro Da Focacceria;Gemeinsam geniessen;<p>Das Klosterbistro befindet sich im wundersch&ouml;nen St.Galler Stiftsbezirk in der N&auml;he des Gallusplatzes. Im Sommer bietet sich der Sonnenplatz f&uuml;r einen k&uuml;hlen Ap&eacute;ro an. Im Winter wird es drinnen bei Kaffee- und Teeduft gem&uuml;tlich. Kulinarisch bietet das Klosterbistro viele hausgemachte Leckereien aus der focacceria. Dazu geh&ouml;ren ofenfrische Focaccias, Lasagne und Parmigiana, herzhafte Suppen und Quiches. F&uuml;r am Nachmittag Kuchen und Torten. Auserlesene Weine und regionale Biere runden das Angebot ab.</p>;9.37722;47.42254;Klosterhof 6e;9000;St. Gallen;071 222 16 15;info@klosterbistro.ch;https://klosterbistro.ch/;[{'@type': 'ImageObject', 'contentUrl': 'https://ostpimtsoch.sos-ch-dk-2.exoscale-cdn.com/catalog/0/b/b/8/0bb884ab157f208ce72a52566958dc165a7b0367_0408f55f50711637180e15c49cb7b2fb.jpg'}];2026-02-02T18:47:57+01:00
abfe243f-1e2d-47cc-955a-a6cbe23d7b51;Café am Rheinquai;Das Café mit idyllischer Lage direkt am Rhein;Mit viel Sorgfalt zubereitete Frühstücke (Brunches), selbstgemachte Kuchen und Torten sowie auserlesene Café- und Teespezialitäten bilden den Kern unseres Angebots.
Über Mittag servieren wir Tellergerichte, Suppen, Fladenbrote und Marktsalate, für den Nachmittag und frühen Abend gibt es unsere Apérohäppchen.
In unserem Café legen wir Wert auf qualitativ hochstehende Produkte und stellen fast alles vor Ort selber her. Wir setzen, soweit möglich, auf regional, fair und biologisch hergestellte Lebensmittel. Für grössere Gruppen unterbreiten wir gerne eine Offerte für Morgenessen, Mittagessen oder einen Apéroanlass.;8.6423408;47.6953761;Fischerstubengässchen 2;8200;Schaffhausen;+41 52 659 37 94;reservation@cafe-am-rheinquai.ch;https://cafe-am-rheinquai.ch;[{'@type': 'ImageObject', 'contentUrl': 'https://ostpimtsoch.sos-ch-dk-2.exoscale-cdn.com/catalog/a/a/9/4/aa94fb6ac2a6f396b45b731b916ddc3b058d7f6b_dccd98bc6e33b5eb3e28e4fac435cf3f.JPG'}];2025-02-18T18:48:12+01:00
ae06997a-2ab1-40e5-8359-143056456040;Apéro-Korb der Bäckerei Füger;Die Genussregion St.Gallen-Bodensee wartet mit schönen Picknickplätzen.;<p class="MsoNormal">Sei es am Bodenseeufer beim Forum Würth in Rorschach, beim
Hafen in Steinach oder bei den Drei Weieren in St.Gallen. Sowohl in der Stadt
als auch auf dem Land gibt es Plätze zum Ausruhen und Entspannen.<o:p></o:p></p><p class="MsoNormal">Die Bäckerei Füger mit Standorten in St.Gallen, Rorschach,
Steinach und Mörschwil hat einen Korb mit verschiedenen Köstlichkeiten
zusammengestellt. Um im Trockenen sitzen zu können, gibt es ein buntes Tuch,
das als Picknickdecke dient. Dieses erzählt von der Vision der Riklin-Brüder
und dem BIGNIK. Der Apéro-Korb ist für 2 Personen buchbar. Weitere
Spezialitäten können direkt vor Ort bei Füger bezogen werden.<o:p></o:p></p><p class="MsoNormal"><b>So funktioniert's:</b><o:p></o:p></p><p class="rich-text-paragraph" piano-view-event="false" data-v-360ed6ae="" style="margin-bottom: 1rem; color: rgb(31, 31, 31); font-family: Inter, -apple-system, BlinkMacSystemFont, &quot;Segoe UI&quot;, Roboto, &quot;Helvetica Neue&quot;, Arial, &quot;Noto Sans&quot;, sans-serif, &quot;Apple Color Emoji&quot;, &quot;Segoe UI Emoji&quot;, &quot;Segoe UI Symbol&quot;, &quot;Noto Color Emoji&quot;; font-size: 17px; letter-spacing: -0.05px;">





</p><ul style="margin-top:0cm" type="disc">
 <li class="MsoNormal">Beziehe den Apéro-Korb während den&nbsp;Öffnungszeiten&nbsp;am gebuchten
     Standort der Bäckerei Füger.<o:p></o:p></li>
 <li class="MsoNormal">Suche dir einen gemütlichen Platz im Freien und geniesse das leckere
     Picknick.<o:p></o:p></li>
 <li class="MsoNormal">Anschliessend
     den Korb mit dem schmutzigen Geschirr während den Öffnungszeiten der
     Bäckerei Füger am jeweiligen Standort zurückgeben.</li></ul><p><br></p><p class="MsoNormal"><b>Im Preis inklusive</b>:<o:p></o:p></p><ul style="margin-top:0cm" type="disc">
 <li class="MsoNormal">Picknick-Korb
     gefüllt mit regionalen Spezialitäten von der Bäckerei Füger:<o:p></o:p></li>
 <ul style="margin-top:0cm" type="circle">
  <li class="MsoNormal">2&nbsp;Panaché<o:p></o:p></li>
  <li class="MsoNormal">4
      verschiedene Canapé (auch vegan und vegetarisch erhältlich)<o:p></o:p></li>
  <li class="MsoNormal">2
      Focaccia Tomate/Mozzarella (vegane Option: Oliven-Tapenade)<o:p></o:p></li>
  <li class="MsoNormal">2
      verschiedene Spezialsalate (auch vegan und vegetarisch erhältlich)<o:p></o:p></li>
  <li class="MsoNormal">2
      Party-Bürli<o:p></o:p></li>
  <li class="MsoNormal">2
      Käse-Spiessli<o:p></o:p></li>
  <li class="MsoNormal">2
      Antipasti-Spiessli<o:p></o:p></li>
  <li class="MsoNormal">2
      Zitronencakes<o:p></o:p></li>
  <li class="MsoNormal">2
      Brownies<o:p></o:p></li>
 </ul>
 <li class="MsoNormal">Originales,
     handgenähtes BIGNIK-Tuch<o:p></o:p></li>
 <li class="MsoNormal">Teller,
     Besteck und Gläser</li></ul><p><b><br></b></p><p><b>Standorte:</b><br></p><p>





</p><ul style="margin-top:0cm" type="disc">
 <li class="MsoNormal">Bäckerei
     Füger, Kirchstrasse 2, 9402 Mörschwil, Telefonnummer: +41 71 866 12 19<o:p></o:p></li>
 <li class="MsoNormal">Bäckerei
     Füger, Schulstrasse 2, 9323 Steinach, Telefonnummer: +41 71 571 04 77<o:p></o:p></li>
 <li class="MsoNormal">Bäckerei
     Füger, St. Gallerstrasse 13, 9400 Rorschach, Telefonnummer: +41 71 841 20
     16<o:p></o:p></li>
 <li class="MsoNormal">Bäckerei
     Füger, Metallstrasse 18, 9000 St. Gallen, Telefonnummer: +41 71 222 20 12<o:p></o:p></li>
</ul><ul style="margin-top:0cm" type="disc">
</ul><p class="rich-text-paragraph" piano-view-event="false" data-v-360ed6ae="" style="margin-bottom: 1rem; color: rgb(31, 31, 31); font-family: Inter, -apple-system, BlinkMacSystemFont, &quot;Segoe UI&quot;, Roboto, &quot;Helvetica Neue&quot;, Arial, &quot;Noto Sans&quot;, sans-serif, &quot;Apple Color Emoji&quot;, &quot;Segoe UI Emoji&quot;, &quot;Segoe UI Symbol&quot;, &quot;Noto Color Emoji&quot;; font-size: 17px; letter-spacing: -0.05px;"><br></p>;9.423699937437831;47.468141013402935;Kirchstrasse 2;9402 ;Mörschwil;+41 71 866 12 19;info@fueger.ch;https://fueger-handmade.ch/;[{'@type': 'ImageObject', 'contentUrl': 'https://ostpimtsoch.sos-ch-dk-2.exoscale-cdn.com/catalog/b/b/4/6/bb46311e0120bf57a4bbd4ea80c68dc13d496a67_6d5f5447c8aaff0b94fe44559f1302c5.jpg'}];2025-10-28T17:27:53+01:00
af3b8400-d29a-401a-8757-fd754d43dcaf;Berggasthaus Eggwald;Das Berggasthaus Eggwald liegt hoch über Bad Ragaz in Kunkels, auf dem Weg zum Kunkelspass. Es bietet eine ruhige Atmosphäre mit Übernachtungsmöglichkeiten / Restaurationsbetrieb ausschliesslich für Übernachtungsgäste.;<p class="MsoNormal"><strong><span lang="DE-CH" style="font-size: 10.0pt; font-family: 'Arial',sans-serif; color: black; mso-ansi-language: DE-CH;">Willkommen in unserem Berggasthaus Eggwald</span></strong></p><p class="MsoNormal"><span lang="DE-CH" style="font-size: 10.0pt; font-family: 'Arial',sans-serif; color: black; mso-ansi-language: DE-CH;">Ruhig gelegen und fernab vom Alltag ist unser Berggasthaus der ideale Ort zum Abschalten und Geniessen.<br>Wir bieten &Uuml;bernachtungen mit Halbpension an und legen grossen Wert auf eine pers&ouml;nliche, entspannte Atmosph&auml;re.</span></p><p class="MsoNormal"><span lang="DE-CH" style="font-size: 10.0pt; font-family: 'Arial',sans-serif; color: black; mso-ansi-language: DE-CH;">Unsere G&auml;ste &uuml;bernachten in zwei neu renovierten Doppelzimmern oder in unserem gem&uuml;tlichen Touristenlager.</span></p><p class="MsoNormal"><span lang="DE-CH" style="font-size: 10.0pt; font-family: 'Arial',sans-serif; color: black; mso-ansi-language: DE-CH;">F&uuml;r E-Biker offerieren wir eine E-Bike Ladestation, wo Sie gratis auftanken k&ouml;nnen. </span></p><p class="MsoNormal"><span lang="DE-CH" style="font-size: 10.0pt; font-family: 'Arial',sans-serif; color: black; mso-ansi-language: DE-CH;">F&uuml;r Gruppen oder Familien organisieren wir sehr gerne Anl&auml;sse wie Geburtstagsfeiern oder &auml;hnliche Veranstaltungen und gestalten diese individuell nach Ihren W&uuml;nschen.</span></p>;9.410965693257875;46.87034355;Oberkunkels, 1;7315;Vättis;+4179 300 89 74;lucia@eggwald-kunkelspass.ch;https://www.eggwald-kunkelspass.ch;[{'@type': 'ImageObject', 'contentUrl': 'https://ostpimtsoch.sos-ch-dk-2.exoscale-cdn.com/catalog/f/4/5/f/f45f7ef119dd187b412d08ec2a411014de1ac5da_3e30e928e1204da0fbfaa108d2f8d148.jpg'}];2026-09-04T20:55:41+02:00
b02d6372-dd9b-4716-9ab3-89a4ba560d51;Brauerei St. Johann;Wir sind eine Kleinbrauerei in Neu St. Johann und brauen diverse Biersorten. ;Die Brauerei St. Johann steht seit 2012 für Bierkultur im Toggenburg. Handwerklich gebraute Spezialbiere höchster Qualität für den Genuss Zuhause, im Restaurant oder in der Brauereibar & im Biergarten erfreuen sich grosser Beliebtheit. Rund 1100 Bierliebhaberinnen & -liebhaber sind begeisterte Mitbesitzer der Brauerei St. Johann

Wollen Sie wissen, wie im Toggenburg Bier gebraut wird? An der Brauereiführung erfahren Sie, wie aus Wasser, Malz, Hopfen und Hefe Bier entsteht und werfen einen Blick in den Braukeller. Führung durch die Brauerei inklusive Lagerkellerdegustation.

;9.1966349;47.228962;Toggenburgerstrasse 3;9652;Neu St. Johann;+41 71 994 19 32;info@brauereistjohann.ch;https://www.brauereistjohann.ch/;[{'@type': 'ImageObject', 'contentUrl': 'https://ostpimtsoch.sos-ch-dk-2.exoscale-cdn.com/catalog/7/f/9/6/7f96da0346dcb64aa2bb62a220cfb72cc9f156db_1fe1b0eb26a0f65bc130ddec1117c357.jpg'}];2025-10-28T16:12:59+01:00
b0d43f58-f491-432f-8387-84c4e5e8d7d5;Restaurant Hotel Neu-Schönstatt;Das Café-Restaurant Neu-Schönstatt in Quarten bietet eine beeindruckende Aussicht auf die Churfirsten und den Walensee. Die Sommerterrasse lädt zum Verweilen ein, ideal für Familien, Freundeskreise oder Wandergruppen.;Das Café-Restaurant Neu-Schönstatt in Quarten verzaubert mit seiner einzigartigen Lage und einem atemberaubenden Blick auf die Churfirsten und den Walensee. Auf unserer sonnigen Sommerterrasse können Sie diese spektakuläre Aussicht besonders geniessen. Ob mit der Familie, Freunden oder Ihrer Wandergruppe – ein Besuch im Zentrum Neu-Schönstatt verspricht Genuss, Erholung und unvergessliche Momente zu jeder Jahreszeit.;9.2419932;47.1094131;Josef-Kentenich-Weg1;8883;Quarten;+41 81 511 02 00;reception@neuschoenstatt.ch;https://neuschoenstatt.ch/gastronomie/?gad_source=1&gclid=EAIaIQobChMIgtiqvNvkhwMVK5CDBx1RJAbJEAAYASABEgJA2vD_BwE;[{'@type': 'ImageObject', 'contentUrl': 'https://ostpimtsoch.sos-ch-dk-2.exoscale-cdn.com/catalog/b/f/7/8/bf782f3a206f26311083cff396aa508f1e3cb51e_473c3dc41a890d19030bd4e01bf0425c.jpg'}];2026-04-13T21:33:44+02:00
b12d54a6-ca18-4d07-9c34-2fb1ec9c3442;MAJO - Pop-up-Restaurant;MAJO ist ein Pop-up-Restaurant im Herzen von Lichtensteig – und eine Einladung zu bewusstem Genuss. Von Oktober 2025 bis April 2026 bieten die Brüder Maurus und Jonas Huber in der Rathaus Stube kulinarische Erlebnisse und lustvolle Gerichte mit regionalen und biologischen Zutaten;Im MAJO wird Slow-Food-Philosophie gelebt – beim spontanen Snack, beim raffinierten Vier-Gang-Menü. MAJO ist ein Ort der Begegnung, an dem die Tische für Gemeinschaft, Genuss und Geschichten gedeckt werden. Ein Ort, an dem Nachhaltigkeit mit kulinarischem Vergnügen Hand in Hand geht.;9.087048104755034;47.32344085;Hauptgasse 12;9620;Lichtensteig;+41 78 204 50 50;info@majo.menu;https://majo.menu/;[{'@type': 'ImageObject', 'contentUrl': 'https://ostpimtsoch.sos-ch-dk-2.exoscale-cdn.com/catalog/a/3/0/4/a3047d18ada53b6bc94513bbea8b992e1c2b5a99_7b6351ca3e788aad8f4c69c465ffc921.jpg'}];2025-10-28T16:23:25+01:00
b154f25c-24b9-4515-bfc3-c1a825df8a08;Bankk Music-Bar;Wir sind eine Bar, in der Sie bei einem Drink entspannen und dabei coole Musik geniessen können.;Monika Preisig hat als gelernte Hotelfachfrau bereits über 30 Jahre Erfahrung in den Bereichen Gastronomie, Hotellerie, Barbetrieb und zuvorkommende Bewirtung von freundlichen Gästen.
In der Bankk Music-Bar können sie in lockerer Umgebung bei guter Musik, entweder Live oder ab Konserve, den Abend geniessen und mit Freunden plaudern. 

Die Bankk Music-Bar befindet sich in Wildhaus mit vielen Freizeitangeboten wie wandern im Sommer und Skifahren im Winter.;9.34428781270981;47.202193969809755;Hauptstrasse 114;9658;Wildhaus;+41762000579;info@bankk.ch;https://www.bankk.ch;[{'@type': 'ImageObject', 'contentUrl': 'https://ostpimtsoch.sos-ch-dk-2.exoscale-cdn.com/catalog/7/1/0/c/710c080617b83b6ee1ee1dee9824b1aace39d6e0_d862cde679874a43c65f2e647708e7db.png'}];2025-10-28T16:12:59+01:00
b273c4e0-a5d9-48a3-9832-20f8b4b52fd0;Restaurant Corso;Das Corso serviert – in ausser­gewöhnlicher Atmosphäre – zeitgenössische, regionale Gerichte.;Der Star der Corso-Küche sind sorgfältig ausgewählte regionale Produkte, bereichert durch Spezialitäten aus dem Alpenraum. Ergänzt werden sie mit einer erlesenen Auswahl an autochthonen Weinen aus dem Alpenraum sowie einer kleinen Weinauswahl von Philipp Schwander, dem ersten Schweizer Master of Wine. Chef Markus Schenk und sein Team wurden erst kürzlich mit 15 Gault Millau Punkten ausgezeichnet.;9.3786815;47.4251839;Brühlgasse 37;9000;St. Gallen;+41 71 511 32 36;info@restaurant-corso.ch;https://restaurant-corso.ch/;[{'@type': 'ImageObject', 'contentUrl': 'https://ostpimtsoch.sos-ch-dk-2.exoscale-cdn.com/catalog/5/d/e/4/5de404d5aef84be65142ac3b0965c83130dbe4aa_8c035174d2a25d64fca5743395cff8e7.jpg'}];2025-09-11T17:48:17+02:00
b29ce56a-9b70-4643-9045-501cddcb69a5;Signer Bäckerei;Die Signer Bäckerei in Zizers ist die erste Fünf-Sterne-Bäckerei der Schweiz. Sie bietet Nusstorten, gefüllte Brote, Pralinées und regionale Produkte an. Freundlichkeit und Service stehen im Mittelpunkt.;Echta Gnuss vom Morga bis am Obig.

Bei der ersten Fünf Sterne Bäckerei der Schweiz stehen die Kundinnen und Kunden im Zentrum. Freundlichkeit und Dienstleistung werden hier GROSS geschrieben. Das Herzblut, welches im Betrieb steckt, ist vom Gast spürbar.

Spezialist für Nusstorten, gefüllte Brote, Pralinée und regionale Produkte.;9.562815427780153;46.9327736500131;Kantonsstrasse 130;7205;Zizers;+41 81 322 88 77;info@baeckerei-signer.ch;https://www.baeckerei-signer.ch/;[{'@type': 'ImageObject', 'contentUrl': 'https://ostpimtsoch.sos-ch-dk-2.exoscale-cdn.com/catalog/7/c/e/0/7ce0e031393cc3f0cc44227dc2fb53ea002472b1_9f08efd2ace2c80b0630c8eae7c30a95.JPG'}];2025-12-15T21:47:06+01:00
b4241169-e8fd-42a3-8395-1c19676e6347;Restaurant Hedwig;Saisonale Sharing-Küche;Serviert&nbsp;werden naturnahe Gerichte zum Teilen – passend zur Saison und zum gemeinsamen Geniessen. Authentisch und regional. Sharing Dishes gekocht mit kompromissloser Qualität, aufgetischt mit Rheintaler Charme. Begleitend zu den Gerichten werden Weine angeboten, oft biologisch produziert oder als Naturwein gekeltert.Die Küche arbeitet mit den besten Produzent:innen aus dem Rheintal und mit auserlesenen Craft-Produkten aus kleinen Schweizer Unternehmen.&nbsp;;9.6078941;47.4068827;Rietstrasse 2;9436;Balgach;+41 71 722 18 61;hallo@restaurant-hedwig.ch;https://restaurant-hedwig.ch/;[{'@type': 'ImageObject', 'contentUrl': 'https://ostpimtsoch.sos-ch-dk-2.exoscale-cdn.com/catalog/5/d/d/1/5dd1eaa19e153cfcc3d4ccfafee051ff6dba0482_54e6c24b17daea7dfc851108e38b7d21.jpg'}];2025-05-20T17:38:07+02:00
b52aa863-b54d-43ed-a5f1-46703c6d6e63;Vinato Restaurant & Events;...wo sich Gastfreundschaft und Gaumenfreude in behaglichem Ambiente vereinen. ;Ob für private Gesellschaften, Unternehmensanlässe, Meetings oder einfach zum geselligen Beisammensein, die vorhandene Infrastruktur lässt nichts zu wünschen offen.

Die moderne Einrichtung ist auf dem neusten Stand und beherbergt nebst einer professionellen Küche verschiedene Räumlichkeiten zur individuellen Nutzung. In der "Vinato-Stube", mit Platz für etwa 50 Personen, werden regionale und saisonale Gerichte serviert. Ebenfalls steht das "Vinato Sääli", mit Platz für etwa 50 Personen, sowie der Weinkeller für diverse Events zur Verfügung. Den passenden Wein dazu können die Gäste im Gewölbe-Weinkeller mit über 500 Flaschen aussuchen und geniessen. Die Zigarrenlounge lädt ein zum Verweilen und der Besuch kann mit einem edlen Rum oder Whisky abgerundet werden. Bei schönem Wetter lässt es sich auf der Terrasse, mit Platz für etwa 35 Personen, geniessen.

Das Vinato eignet sich für verschiedene Events wie z.B. Wein- / Spirituosen- / Zigarren- Degustationen, Jubiläen, Frühschoppen-Anlässe und vieles mehr. Die Gastgeberin Monika Marconato und ihr Team helfen bei der Planung und Durchführung. 


;9.39296454191208;47.4657931835619;Hofstetstrasse 8;9300;Wittenbach;+41 71 290 14 63;info@vinato.ch;https://www.vinato.ch/;[{'@type': 'ImageObject', 'contentUrl': 'https://ostpimtsoch.sos-ch-dk-2.exoscale-cdn.com/catalog/8/0/2/a/802af21d05191b005e6c6179fbbb627a66d84e7e_d5b67300f9077bc2baf84cdc4f00bc84.jpg'}];2025-05-14T17:37:57+02:00
b632d819-4141-49ae-aa72-58347f398157;Genuss Manufaktur Neubad;geniessen & wohlfühlen;Im Restaurant Neubad in St.Gallen wird bewusst auf die traditionelle Unterscheidung zwischen Haupt- und Vorspeisen verzichtet, um dem Gast ein vielfältiges Erlebnis zu ermöglichen. Stattdessen werden hausgemachte und frisch zubereitete Genuss-Teller serviert. Die Küche ist traditionell und gutbürgerlich.;9.3752928;47.4233858;Bankgasse 6;9000;St. Gallen;+41 71 222 86 83;genuss@restaurantneubad.ch;http://restaurantneubad.ch/;[{'@type': 'ImageObject', 'contentUrl': 'https://ostpimtsoch.sos-ch-dk-2.exoscale-cdn.com/catalog/7/a/b/f/7abf30dfc872c390e11be570b46c4103e4911740_5843fa5b6b326b341397cc4e8646a953.jpg'}];2025-02-17T19:40:30+01:00
b8a674cb-ba53-4d49-88fe-2e6f87a4cc7e;Hotel Selda's;Perfekt für Backpackers und Alleinreisende.;<p>Unmittelbar beim Bahnhof befindet sich das unter Denkmalschutz stehende Haus &laquo;zur Seldenau&raquo;. Das darin verankerte Hotel &laquo;Selda&rsquo;s&raquo; zeichnet sich nicht nur mit geografischer, sondern auch mit pers&ouml;nlicher N&auml;he aus: Frisch, liebevoll und zuvorkommend. Der Gast ist K&ouml;nig - durch die Schlossatmosph&auml;re in den Zimmern, wird dieser Satz zur Realit&auml;t gemacht. Charmant und individuell: Das &laquo;Selda&rsquo;s&raquo; bietet zw&ouml;lf komfortable Zimmer mit Gemeinschaftsb&auml;dern auf jeder Etage und einer einzigartige Suite mit eigenem Badezimmer.</p>;8.6317089;47.6985958;Hintersteig 1;8200;Schaffhausen;+41 52 620 10 00;info@seldas.ch;http://www.seldas.ch/;[{'@type': 'ImageObject', 'contentUrl': 'https://ostpimtsoch.sos-ch-dk-2.exoscale-cdn.com/catalog/7/d/c/7/7dc741d4d6922fcebb92bdbe7178a69ddb1bee92_587118d979e5ab049f016f48158d8782.jpg'}];2026-01-07T19:28:01+01:00
ba5a68fd-24f3-479f-89b1-b7db31de2faa;Kafi Platz Drü;Im Herzen von Gais mit fantastischer Aussicht;Herzlich Willkommen in unserem wunderbaren PLATZ DRÜ.
Im gemütlichen Ambiente der Gaststube mit schönster Aussicht Richtung Alpstein können Sie bei uns Kaffee, Tee und vieles mehr geniessen. Wir legen Wert auf regionale und auserlesene Produkte und servieren diese mit viel Flair.
Geniessen Sie eine Auszeit, und lassen Sie sich von den immer wieder wechselnden Dekorationen inspirieren.
Mör freuid üs uf über jeda B‘suach 
Die Gastgeberinnen 
Katja und Monika;9.4539813;47.3621341;Dorfplatz 3;9055;Gais;+41 79 777 27 04;info@platzdrue.ch;https://platzdrue.ch;[{'@type': 'ImageObject', 'contentUrl': 'https://ostpimtsoch.sos-ch-dk-2.exoscale-cdn.com/catalog/3/4/f/0/34f0ba961a735c9ed28ddae071ad30fdcde769c1_5f903509dbec70998b118fa4e19c367a.png'}];2025-02-17T09:55:00+01:00
bb4f3414-3cc1-4dc0-84a5-06e30128de7d;Grotto "KALIFORNI" CasaNova Wein Pur;Das Grotto KALIFORNI CasaNova Wein Pur am Walensee bietet selbstproduzierte Weine und Tapas in einem besonderen Mikroklima zwischen See und den Kalkfelswänden der Churfirsten.;In unserem Grotto KALIFORNI direkt am Walensee präsentieren wir unsere selber produzierten Weine, Tapas und eine besondere Atmosphäre im Mikroklima zwischen See und den steilen Kalkfelswänden der Churfirsten.;9.29348945617676;47.12884106799356;Seemühlestrasse;8880;Walenstadt;+41792189138;kontakt@casanova-weinpur.ch;https://www.casanova-weinpur.ch;[{'@type': 'ImageObject', 'contentUrl': 'https://ostpimtsoch.sos-ch-dk-2.exoscale-cdn.com/catalog/5/b/8/5/5b85e2c6d7a13e184af1f5ba4f54133708de529a_101209dc0d3057e261f893cd585ff516.jpeg'}];2026-06-30T21:04:28+02:00
bb684d2b-cde9-46e6-b7dc-42b31bb80769;tobias wein.gut.;Weinbau-Tradition in Berneck in der fünften Generation. So entstehen auf dem tobias wein.gut. ausgewählte Weinspezialitäten, welche bereits mehrfach ausgezeichnet wurden.;Tobias Schmid gründete im Jahre 1866 den Familienbetrieb, welcher heute von Christoph Schmid geführt wird. Der Weinbau hat im St.Galler Rheintal eine uralte Tradition und reicht weit in die Römerzeit zurück. Bereits in der ältesten Bernecker Urkunde von 892 werden die Weinberge erwähnt. Burgen und Schlösser wurden in die Rebberge gebaut. Dazu zählt auch die Rosenburg, welche sich im Familienbesitz befindet und das Wahrzeichen der Weine und des Weinguts ist. 

Die Trauben wachsen an den sonnigen und steilen Rebbergen. Gerne werden die Weine als «handgemacht in Berneck» bezeichnet, da in den Steillagen viele Arbeiten von Hand ausgeführt werden. Zudem werden die Weine möglichst schonend gekeltert.

Christoph Schmid und sein Team sind Weinmacher aus Leidenschaft. So entstehen ausgesuchte Weine und Spezialitäten.

Das romantische und schöne Weingut verfügt auch über ein grosses Eventgebäude. Ob Hochzeiten, Geburtstage oder Team-Anlässe – die rustikalen, aber dennoch modern gestalteten Räumlichkeiten bieten einen besonderen Rahmen.;9.61202800000001;47.4183876;Hinterburgstrasse 24;9442;Berneck;+41 71 726 10 10;info@tobias-weingut.ch;http://www.tobias-weingut.ch/;[{'@type': 'ImageObject', 'contentUrl': 'https://ostpimtsoch.sos-ch-dk-2.exoscale-cdn.com/catalog/b/9/c/e/b9ced4e628fb7206c499d304c6f5367ee29c9c65_acb52a9cd7dab52a0ebd1bfbb394d817.jpg'}];2026-06-16T20:40:45+02:00
bb79a276-4f55-46f0-a520-76f66d139b1d;Stella Bernrain;Stella Bernrain realisiert in Kreuzlingen aus kreativen Ideen hochwertige, ganz auf die Wünsche der Kunden ausgerichtete Schokoladespezialitäten.;Das unabhängige und weltweit ausgerichtete Familienunternehmen stellt Produkte für private Labels sowie die Marken Bernrain und Stella her. Das Unternehmen legt grossen Wert auf Nachhaltigkeit sowohl beim Rohstoffeinkauf als auch in der Produktion. Ausserdem bekennt es sich ohne Einschränkungen zum Produktionsstandort Schweiz.

Im Fabrikladen «SchokoLaden» und dem integrierten Café Stella können Schoko-Liebhaber sich von all den Köstlichkeiten direkt ab Produktion verführen lassen. Die Auswahl ist gross und lässt keine Wünsche offen, Tafelschokoladen nach jedem Gusto, feinste Pralinés und Saisonspezialitäten. Wer mehr erleben möchte, darf sich auf weitere Highlights freuen: Im Schokoladen verwandeln sich Gäste in Chocolatiers und veredeln ihre Bio-Schokolade mit den eigenen Lieblingszutaten. Wer mehr über die Schokoladenherstellung erfahren möchte, stillt seine Neugier einfach bei einem Blick in die Produktion.;9.1617545;47.6422824;Bündtstrasse 12;8280;Kreuzlingen;+41 71 677 93 77;sales@swisschocolate.ch;https://www.stellabernrain.ch/de;[{'@type': 'ImageObject', 'contentUrl': 'https://ostpimtsoch.sos-ch-dk-2.exoscale-cdn.com/catalog/6/7/8/d/678de07094f8dad57973d5861bec7a9fd7fb701e_e35f3c9ba4eb8dd60c0c4e1895100e96.jpg'}];2025-08-07T21:16:47+02:00
bbe65652-c491-4cfd-96cf-c3b3c4a6368e;Café Therme;Das Café Therme in Bad Ragaz bietet eine entspannte Atmosphäre für Thermengäste, Spaziergänger und Arbeitende. Es serviert mediterrane und traditionelle Küche und ist familienfreundlich sowie rollstuhlgerecht. Die Terrasse bietet einen Blick auf das Bündner Bergpanorama.;Hier treffen Thermengäste auf Spaziergänger und Kaffeeklatschfrauen auf W-Lan suchende Arbeitshungrige. Egal, ob Sie einen ruhigen Lese- oder Arbeitsmoment für sich brauchen oder Ihnen nach einem geselligen Gespräch mit einem lieben Menschen ist – im Café Therme findet jeder und jede seinen Lieblingsplatz. Steht Ihnen das Bedürfnis nach einem schmackhaften Snack, einer gesunden Erfrischung, einem warmen Lunch oder eher einem vitalen Frühstück? Sie haben die Wahl.

Im Frühling, Sommer und Herbst erwärmt die Sonne Ihr gemütliches Verweilen auf der Terrasse. Ein prickelnder Apéro oder ein genüssliches Frühstück mit Blick auf das Bündner Bergpanorama lassen Stunden wie Minuten verstreichen.;9.504509586064522;46.999249500000005;Hans-Albrecht Strasse;7310;Bad Ragaz;+41 81 303 27 40;taminatherme@taminatherme.ch;http://www.taminatherme.ch;[{'@type': 'ImageObject', 'contentUrl': 'https://ostpimtsoch.sos-ch-dk-2.exoscale-cdn.com/catalog/b/5/c/2/b5c20f8dbcbb961c524d5bb5729f441655682757_14cb87890433e511966aee2da950be53.jpg'}];2025-09-08T20:23:31+02:00
bd2a5d89-3589-44ba-a7d5-c1a098a726c3;Bäckerei Füger Handmade Steinach;Handmade mit Erlebnisgastronomie;Im Herzen der wunderschönen Ostschweiz und in der einzigartigen, fruchtbaren Bodenseeregion liegt die Bäckerei-Konditorei mit Cafe und Restaurant in Steinach.;9.44166;47.50297;Schulstrasse 2;9323;Steinach;071 571 04 77;steinach@fueger.ch;https://fueger-handmade.ch/;[{'@type': 'ImageObject', 'contentUrl': 'https://ostpimtsoch.sos-ch-dk-2.exoscale-cdn.com/catalog/e/f/1/b/ef1bb28ff929534311b558c84021254a3c32e90c_6d48c13579f96e99780f474fc1cbab46.jpg'}];2026-06-16T20:10:27+02:00
bf4baa36-ad81-4ec8-9e54-417b9dcf8542;US-MEX Weinfelden;In einer ungezwungenen Atmosphäre werden die Gäste im US-MEX Restaurant Weinfelden, direkt gegenüber vom Kino, begrüsst. Serviert werden US-Mexikanische Speisen zu fairen Preisen an 365 Tagen im Jahr.;Eintreten und das Leben geniessen! Das im US-Mexikanischen Stil dekorierte Restaurant mit einer grosszügigen Sonnenterrasse lässt Urlaubsgefühle aufkommen. Die US-MEX Speisekarte bietet Klassiker und eigene Kreationen aus der mexikanischen und amerikanischen Küche, die durch geschmackliche Vielfalt, Frische und Qualität überzeugen. Es werden angemessen Portionen zu fairen Preisen serviert.

Ob für einen Besuch mit der Familie, einen Lunch mit Arbeitskollegen oder ein Dinner mit Freunden – wanna eat? GO US-MEX!

US-MEX Restaurants gibt es mittlerweile an vier Standorten: Frauenfeld, Schaffhausen, St. Gallen und Weinfelden. Von April bis September auch direkt am See, US-MEX Terraza Strandbar in Steckborn und ab 2021 in Kreuzlingen.

;9.1258333;47.5628599;Amriswilerstrasse 57;8570;Weinfelden;+41 71 626 30 09;weinfelden@usmex.ch;https://www.usmex.ch/;[{'@type': 'ImageObject', 'contentUrl': 'https://ostpimtsoch.sos-ch-dk-2.exoscale-cdn.com/catalog/6/6/7/0/6670d901870299d5811fa32b18047f750a15c5a4_23111384c621895cf762450a9b7b921a.jpg'}];2025-02-17T13:28:20+01:00
c19710f0-2c4e-4b9c-bf70-dea603b78093;Schlittelbeizli in der Schneit;Für eine gemütliche Wander- oder Schlittelpause;Das Wander- und Schlittelbeizli in der Rüti im Ijental Nesslau ist jeweils offen am Samstag &amp; Sonntag bei jedem Wetter. Sie werden von Albert und Rös Wittenwiler herzlich willkommen geheissen. Wochentags haben wir auf Anfrage ab sieben Personen mit Essen geöffnet.

Mit der üblichen Getränke- und einer kleinen Imbisskarte möchten Albert und Rös Wittenwiler Ihnen im Wander- und Schlittelbeizli Rüti etwas Gemütlichkeit bieten. Auf Bestellung werden Käsefondue und sonntags Rüti Zmorge sowie kleinere Wünsche zubereitet. 

Ob das Beizli geöffnet ist, erfahren Sie anhand der Infotafel bei der Einfahrt zur Schneitstrasse in Nesslau und die Google-Öffnungszeiten sind stets aktuell.;9.17615;47.21291;Rüti;9650;Nesslau;079 681 57 76;a.wittenwiler@bluewin.ch;https://www.toggenburg.swiss;[{'@type': 'ImageObject', 'contentUrl': 'https://ostpimtsoch.sos-ch-dk-2.exoscale-cdn.com/catalog/4/1/c/e/41ceaec0cdaf8e04b70767bcef528110b9a1be0a_485268b646e6dcf69d7c27043850342f.JPG'}];2025-10-28T16:23:25+01:00
c310b85b-23e9-4b33-b283-3a197a899a1c;Restaurant Chutnee;Das Restaurant Chutnee in Bad Ragaz bietet eine spannende Mischung aus indischer Küche, Tandoori-Spezialitäten und beliebten europäischen Gerichten. Es ist täglich geöffnet und bietet Frühstücksbuffet, Mittag- und Abendessen à la Carte.;Freuen Sie sich auf eine aufregende Mischung aus indischer Küche, Tandoori-Spezialitäten (Freitag- und Samstagabend) und beliebten europäischen Gerichten.;9.508478450305667;46.99743255;Schloss-Strasse 1;7310;Bad Ragaz;+41 81 661 23 45;restaurant@hotelschlossragaz.ch;https://www.hotelschlossragaz.ch/de/chutnee-im-schloss/;[{'@type': 'ImageObject', 'contentUrl': 'https://ostpimtsoch.sos-ch-dk-2.exoscale-cdn.com/catalog/5/f/3/a/5f3a0c57f6529d489b7339ef82cdecb883d70171_c582ddb54c1161b192a1abb21b1b3b37.jpg'}];2025-07-24T20:17:33+02:00
c347471e-58d9-441a-9ba4-bfe48273e16e;Rutishauser-DiVino SA;Ihr Weinpartner für ein umfassendes, attraktives Sortiment aus Eigenkelterungen und Markenvertretungen.;<p style="margin: 0in; font-family: Calibri; font-size: 11.0pt;"><strong>Rutishauser-DiVino &ndash; der kompetente Weinpartner mit Tradition</strong></p><p style="margin: 0in; font-family: Calibri; font-size: 11.0pt;"><span style="font-style: italic;">Weinbauer | Weinproduzent | Weinh&auml;ndler</span></p><p style="margin: 0in; font-family: Calibri; font-size: 11.0pt;">&nbsp;</p><p style="margin: 0in; font-family: Calibri; font-size: 11.0pt;">Rutishauser-DiVino ist der nationale Weinpartner mit ausgepr&auml;gter Schweizer Weinkompetenz. Seit &uuml;ber 150 Jahren steht das Unternehmen f&uuml;r Leidenschaft, Qualit&auml;t und Genuss. Es bewirtschaftet eigene Rebberge in Winterthur, Hallau und Malans. Dar&uuml;ber hinaus arbeitet die Kellerei mit &uuml;ber 200 Traubenproduzenten aus den Kantonen Z&uuml;rich, Schaffhausen, Graub&uuml;nden, Thurgau und Aargau zusammen, von denen zus&auml;tzliche Trauben bezogen werden.</p><p style="margin: 0in; font-family: Calibri; font-size: 11.0pt;">&nbsp;</p><p style="margin: 0in; font-family: Calibri; font-size: 11.0pt;">In den modernen Weinkellereien in Winterthur und M&uuml;nchenbuchsee vinifizieren erfahrene &Ouml;nologen mit grosser Fachkompetenz Weine, die auf modernsten Anlagen abgef&uuml;llt werden. Zahlreiche Auszeichnungen best&auml;tigen die hohe Qualit&auml;t von Anbau und Ausbau. Erg&auml;nzt wird das Sortiment durch ein breites Portfolio bekannter internationaler Marken aus dem In- und Ausland, stets mit h&ouml;chstem Qualit&auml;tsanspruch.</p><p style="margin: 0in; font-family: Calibri; font-size: 11.0pt;">&nbsp;</p><p style="margin: 0in; font-family: Calibri; font-size: 11.0pt;">Zu den Kunden z&auml;hlen Grossverteiler, Gastronomiebetriebe, Weinh&auml;ndler sowie Private.</p><p style="margin: 0in; font-family: Calibri; font-size: 11.0pt;">&nbsp;</p><p style="margin: 0in; font-family: Calibri; font-size: 11.0pt;"><strong>Rebstation Hallau</strong></p><p style="margin: 0in; font-family: Calibri; font-size: 11.0pt;">Rutishauser-DiVino pflegt mit der Rebstation Hallau und dem historischen Tuffsteinkeller ein bedeutendes Symbol der Schaffhauser Weinbauszene. Der charakteristische rote Sandsteinboden der Lage Chilcheweg verleiht den Weinen eine mineralische Note. Moderne Abf&uuml;llanlagen und sorgf&auml;ltig ausgew&auml;hlte Trauben aus der Region garantieren Weine mit Herkunft, Charakter und h&ouml;chster Qualit&auml;t.</p><p style="margin: 0in; font-family: Calibri; font-size: 11.0pt;">&nbsp;</p><p style="margin: 0in; font-family: Calibri; font-size: 11.0pt;">Schon im 16. Jahrhundert wuchsen am Hallauer Chilcheweg Reben. Dieser ehemalige Pilgerweg, heute eine Gemeindestrasse, f&uuml;hrt von der Dorfmitte Hallau aus entlang der Bergstrasse durch die sch&ouml;ne Reblandschaft zur Bergkirche St. Moritz, die 1491 als Wallfahrtskirche von Hallau erbaut wurde. Im beschaulichen Weinbaudorf Hallau steht die Rebstation Hallau (fr&uuml;her auch: Volg Weinkellereien) die schon lange zur Schaffhauser Weinbauszene geh&ouml;rt. Die Rebstation umfasst 20 Hektar gepachtetes Land. Diese Reblagen befinden sich nebst Hallau auch in Oberhallau, Trasadingen und G&auml;chlingen.</p><p style="margin: 0in; font-family: Calibri; font-size: 11.0pt;">&nbsp;</p><p style="margin: 0in; font-family: Calibri; font-size: 11.0pt;"><strong>Reblage Chilcheweg</strong></p><p style="margin: 0in; font-family: Calibri; font-size: 11.0pt;">Der Rebhang Chilcheweg umfasst eine Fl&auml;che von 723 Aren, davon bewirtschaftet die Rutishauser- DiVino Rebstation Hallau selbst 320 Aren. Daneben arbeitet die Kellerei mit weiteren Trauben-Produzenten aus der Region, von denen sie zus&auml;tzliche Trauben bezieht. Der charakteristische rote Sandsteinboden des Chilchewegs verleiht den Weinen eine besondere mineralische Note. Die Trauben werden traditionell an der Maische vergoren und danach im Edelstahltank oder in Eichenf&auml;ssern ausgebaut, um die volle Ausdruckskraft der Aromen zu entfalten, so z.B. der mehrfach ausgezeichnete Skript Pinot Noir Chilcheweg.</p><p style="margin: 0in; font-family: Calibri; font-size: 11.0pt;">&nbsp;</p><p style="margin: 0in; font-family: Calibri; font-size: 11.0pt;"><strong>Tuffsteinkeller Hallau</strong></p><p style="margin: 0in; font-family: Calibri; font-size: 11.0pt;">Der historische Tuffstein-Gew&ouml;lbekeller aus dem Jahr 1896 bietet eine einzigartige Atmosph&auml;re f&uuml;r besondere Anl&auml;sse. Ob eine Weindegustation, Geburtstagsfeier, Hochzeit oder einfach f&uuml;r einen Vereinsanlass &ndash; in diesem charmanten Ambiente wird jeder Event zu einem unvergesslichen Erlebnis.</p><p style="margin: 0in; font-family: Calibri; font-size: 11.0pt; color: #fa0000;">&nbsp;</p>;8.4623159;47.6987495;Bergstrasse 32;8215;Hallau;+41 58 433 71 00;event@divino.ch;https://www.rutishauser-divino.ch/;[{'@type': 'ImageObject', 'contentUrl': 'https://ostpimtsoch.sos-ch-dk-2.exoscale-cdn.com/catalog/b/8/9/2/b892885152b5b32f109ba813ecf7ccf1c744495f_594ffc3341cb0e3f57f502a78d4e1654.jpg'}];2026-02-12T19:53:33+01:00
c5092f28-71e2-4c0b-9d12-c9ba814ca86c;Huus vom Bündner Wii;Im Haus des Bündner Weins in Jenins können Besuchende den Bündner Wein erleben. Der Präsentationsraum eignet sich ideal für Degustationen und bietet interessante Informationen. Regelmässige Führungen und Degustationen werden angeboten.;Im «Huus vom Bündner Wii» vom Branchenverband Graubünden Wein, dem rund 70 Weinbaubetriebe angehören, ist der Bündner Wein für das breite Publikum erlebbar. Der Erweiterungsbau beim Alten Torkel in Jenins beinhaltet einen Präsentationsraum, der für Degustationen bestens geeignet ist und viel Wissenswertes über den Bündner Wein vermittelt. Unter anderem werden im "Huus vom Bündner Wii" regelmässig öffentliche Führungen und Degustationen angeboten:

- Rebrundgang mit Degustation: 90-minütiger Rundgang durch die Reben mit anschliessender Degustationstechnik, von April bis Oktober mit Voranmeldung;9.5525691;47.0006912;Jeninserstrasse 3;7307;Jenins;+41 81 302 87 08;sekretariat@graubuendenwein.ch;https://graubuendenwein.ch/;[{'@type': 'ImageObject', 'contentUrl': 'https://ostpimtsoch.sos-ch-dk-2.exoscale-cdn.com/catalog/5/f/3/3/5f3358bdd4cea42afd07ef2e1d884e43e4d7a10d_763e0e736383d2d33f31a5ed6ae3635e.jpg'}];2025-10-28T20:24:38+01:00
c5307d68-02a6-403d-94f5-c846d79b3df4;Café-Konditorei Kunz;Wir sind ein kleiner Familienbetrieb in 3. Generation. Wir setzen auf Handarbeit und schonenden Umgang mit möglichst regionalen, natürlichen und frischen Rohstoffen zu einem guten Preis-Leistungsverhältnis.;<p>Im Café Kunz steht der Gast im Mittelpunkt. Wir möchten, dass Sie sich bei uns wie zu Hause fühlen. Unser freundliches und aufmerksames Team sorgt dafür, dass Ihr Besuch zu einem besonderen Erlebnis wird. Egal, ob Sie eine Geburtstagsfeier planen, eine Veranstaltung ausrichten oder einfach nur einen gemütlichen Nachmittag verbringen möchten – wir sind immer für Sie da und bieten Ihnen den bestmöglichen Service. Im Sommer haben Sie auch die Möglichkeit draussen das schöne Wetter zu geniessen in unserem ruhigen Gartencafé. Wir bieten ein grosses Konditorei-Confiserie und Bäckerei Sortiment an. Verschiedene Menues, Imbisse, kalte und warme Getränke sowie verschiedene Coupes stehen immer auf unserer Karte. Jeden Sonntag können Sie zudem einen feinen Brunch an unserem reichhaltigen Buffet geniessen. Damit es Ihren Kindern nicht langweilig wird, wenn Sie gemütlich Kaffee trinken, haben wir für unsere Kleinen eine Kinderecke eingerichtet. Sind Sie «gluschtig» geworden? Schauen Sie doch einmal bei uns in Ebnat-Kappel vorbei.</p>;9.1252864;47.2610231;Ebnaterstrasse 35;9642;Ebnat-Kappel;+41 71 993 18 65;konditor@cafekunz.ch;http://www.cafekunz.ch;[{'@type': 'ImageObject', 'contentUrl': 'https://ostpimtsoch.sos-ch-dk-2.exoscale-cdn.com/catalog/b/f/b/6/bfb656ffc57bee9236779dcfc277491e32dfe57e_b881f459635ecf40b3498417e13f2d53.jpg'}];2025-10-28T16:12:59+01:00
c675b433-382e-4ac0-a258-a3fa594ea333;Weingut Fromm, Malans;Das Weingut Fromm in Malans ist ein mittelgrosser Familienbetrieb mit 4,5 ha Rebfläche. Der Schwerpunkt liegt auf der Pinot Noir Rebe. Besucher können Schweizer Spezialitäten in einem haustierfreundlichen Ambiente geniessen.;SPITZEN PINOT NOIR LAGENWEINE MIT DER ERFAHRUNG VON FÜNF GENERATIONEN UND ZWEI KONTINENTEN.
Seit 1866 keltert die Familie Fromm Wein im idyllischen Rebbau-Dorf Malans in der Bündner Herrschaft. 1992 packen Georg & Ruth Fromm die Koffer und die drei jungen Kinder, wandern nach Neuseeland aus und gründen dort die Fromm Winery in Marlborough. Zurück in Malans übernimmt 2015 ihr Sohn Marco Fromm in fünfter Generation die Leitung des Weinguts. Der biologische und regenerative Anbau begleitet die Familie Fromm auf ihrem kompromisslosen Weg, die Eigenheiten der verschiedenen Rebberge und Pinot Noir Klone immer noch stärker herauszuarbeiten. Ihre sechs Malanser Lagen Pinot Noirs, Selvenen, Michel, Fidler, Küng, Spielmann und Schöpfi, widerspiegeln die Stilistik des Hauses: Reinheit, Mineralik und aromatische Tiefe.

WEINBAR ab Oktober 2025
Wein probieren, geniessen und kaufen. Jeden Freitag und Samstag könnt ihr eure Weinbestellungen abholen kommen oder einfach kurz abschalten, die Aussicht, den Wein und ein kleines Plättli geniessen.;9.574665424241683;46.98341325;Baguggiweg 21;7208;Malans GR;+41 81 322 53 51;malanser@weingut-fromm.ch;http://www.weingut-fromm.ch;[{'@type': 'ImageObject', 'contentUrl': 'https://ostpimtsoch.sos-ch-dk-2.exoscale-cdn.com/catalog/3/a/b/f/3abf8d979a558d3056fa27b0e76ae3a04d396061_5d6953b1c1c952e97742d706a7c43393.JPG'}];2025-10-28T20:24:38+01:00
c7778d49-3912-4c17-a067-72fc798734a2;Rötiberg Kellerei;Geile Weine aus Wilchingen;Wilchingen, ein Dorf mit 60 Hektaren Rebfläche, und ein junges Team mit Wein in den Adern und Ideen im Kopf - eine perfekte Kombination.

Im Norden der Schweiz erstreckt sich eine vor Urzeiten vom Rhein geformte Region – der Klettgau. Um die dort ansässigen Winzerdörfer Wilchingen, Osterfingen und Trasadingen wachsen die Reben, die in unserem Haus mit höchster Sorgfalt vinifiziert werden. Ideenreichtum und Kreativität sind unsere Aushängeschilder. Wir kreieren langlebige Schaffhauser Weine, die auch in vielen Jahren noch Spass machen.

2001 wurde die Rötiberg-Kellerei durch unsere Rebbauern ins Leben gerufen. Den Namen Rötiberg haben wir von einer der bestgelegenen und sonnigsten Reblagen am Wilchingerberg im wunderschönen Klettgau übernommen – der Wilde Westen von Schaffhausen.

Wir sind ein junges, innovatives Team, jeder packt dort an, wo Arbeit ansteht. Teamwork wird bei uns ganz grossgeschrieben. Unsere neuen Marketingideen entstehen meistens bei einigen Gläschen guten Weins.

Um guten Wein zu machen, braucht es viele Dinge: guten Boden, die richtige Menge an Sonnenschein und Regen und – vor allem – Liebe zum Weinmachen. Wir glauben an Weine für den puren Genuss – gemacht, um mit Freude und Freunden getrunken zu werden.

Wir sind stolz, dass all unsere Weine seit September 2019 für das Label Schweizer Pärke und Regionaler Naturpark Schaffhausen zertifiziert sind. Regionale Produkte und die Stärkung der regionalen Wirtschaft liegt uns am Herzen.;8.4674884;47.6676994;Hauptstrasse 34;8217;Wilchingen;+41 52 681 19 21;info@roetiberg.ch;http://www.roetiberg.ch/;[{'@type': 'ImageObject', 'contentUrl': 'https://ostpimtsoch.sos-ch-dk-2.exoscale-cdn.com/catalog/b/9/3/c/b93c43a1c46d5cee345f9bfbac70a8bafa4fd5b3_8093af2fb2d6727997a5ddf0b07ef224.jpg'}];2025-02-18T18:58:18+01:00
c8d85cd8-7732-4473-84ed-649c7444af14;Mikado Johanneum;Das Mikado ist ein öffentliches Gastronomiegebäude, wo Menschen mit und ohne Beeinträchtigung willkommen sind. Darin befindet sich ein Restaurant, ein Speisesaal und einen Shop mit hauseigenen Produkten, wo man zum "Kafi-Chränzli", Mittagessen oder an einem Anlass verwöhnt wird.;Im MIKADO sind Menschen mit und ohne Beeinträchtigung gleichermassen willkommen und der Speisesaal, das Restaurant und der Shop sind für die breite Öffentlichkeit geöffnet. Hausgemachte Spezialitäten, feine Snacks, Verpflegung und erfrischende Getränke laden zum Geniessen und Verweilen ein.
Dank barrierefreier Gestaltung und öffentlicher Zugänglichkeit entsteht hier ein lebendiger Treffpunkt, der Menschen unterschiedlichster Hintergründe verbindet. 
Das neue Gastronomiegebäude steht auch für Vereine, Firmen und private Gruppen zur Verfügung. Ob Vereinsversammlung, Firmenapéro oder Familienfeier – das MIKADO bietet die passende Infrastruktur, ein stimmungsvolles Ambiente und gastronomische Begleitung aus einer inklusiven Küche, die für Qualität, Regionalität und Wertschätzung steht.
Ein integrierter Shop bietet Produkte aus den hauseigenen Werkstätten des Johanneums an. Handgemacht, nachhaltig und mit sozialem Mehrwert.;9.192439913749697;47.22957213109569;Johanneumstrasse 3;9652;Neu St. Johann;+41 71 995 51 51;info@johanneum.ch;https://www.johanneum.ch/;[{'@type': 'ImageObject', 'contentUrl': 'https://ostpimtsoch.sos-ch-dk-2.exoscale-cdn.com/catalog/0/f/b/c/0fbcc075f1fbff778f33de81163bf52ae49635d6_8e4c0b7e059e51a758ffbbca0b7d2c22.jpg'}];2025-10-29T19:41:29+01:00
c9b5ebcf-55d7-4817-aca8-2fb8f0304c30;Rohners Chloschterbeck;Das gemütliche Bäckerei-Juwel, mitten in der Stadt St.Gallen.;<p>Der einzigartige Name leitet sich vom historischen Klosterviertel (Chloschterbezirk) ab, das einst diesen Teil der Stadt pr&auml;gte.</p><p>Von Montag bis Samstag bieten wir diverse Leckereien aus unserer Backstube in St.Georgen an. Von Hand geformte Brote und Kleinbrote, liebevoll gef&uuml;llte Sandwiches, leckere Fladen s&uuml;ss und salzig, stilvolle Pr&auml;sente und vieles mehr, finden Sie tagt&auml;glich in unserer Auslage.</p><p>Bei sch&ouml;nem Wetter stehen im Freien 26 Sitzpl&auml;tze zur Verf&uuml;gung. Diese laden dazu ein, sich nach einem ausgiebigen Einkaufsbummel oder einer faszinierenden Sightseeing-Tour in St.Gallen zu entspannen und sich kulinarisch verw&ouml;hnen zu lassen.</p>;9.3747798;47.4236632;Webergasse 1;9000;St.Gallen;+41712221805;info@rohners-chloschterbeck.ch;https://rohners-genusswelt.ch;[{'@type': 'ImageObject', 'contentUrl': 'https://ostpimtsoch.sos-ch-dk-2.exoscale-cdn.com/catalog/9/6/5/5/9655c907744c76a0f040612564412968435a73ee_6ff05155782c29ff51471e2a8ef31cbd.JPG'}];2026-06-16T20:40:45+02:00
cb4ab0cb-801d-4902-8dc6-a9dd8bd860e5;Weingut Besson-Strasser;Biodynamisches Weingut direkt beim Rheinfall mit wunderbarer Terrasse und Eventraum für Gruppenanlässe.;Das Weingut Besson-Strasser ist ein Familienbetrieb und liegt nur 10 Fussminuten vom Rheinfall entfernt. Die sieben Hektar Weinberge sind auf die Kantone Zürich und Schaffhausen verteilt. Die Weinbereitung erfolgt im Fuder, im Barrique und in Betonamphoren. Das Weingut wird biodynamisch bewirtschaftet und ist Demeter-zertifiziert.

Geführte Wein Degustationen werden auf Anfrage durchgeführt.;8.6262834;47.6729531;Dorfstrasse 75;8248;Uhwiesen;+41 52 659 14 39;besson-strasser@wein.ch;https://wein.ch/;[{'@type': 'ImageObject', 'contentUrl': 'https://ostpimtsoch.sos-ch-dk-2.exoscale-cdn.com/catalog/2/e/3/9/2e392c7f42b9bf83633271dde5441834df04d261_6eefc6b342f514921837a6e0471d8e7a.JPG'}];2025-02-17T12:55:49+01:00
cdbf39cc-3de9-40dc-967c-027fa942cbe2;GVS Weinkellerei und Vinothek;«Qualität beginnt im Rebberg» lautet der Leitsatz unserer Weinkellerei, deren Geschichte vor über 80 Jahren begann.;Heute hegen und pflegen über 120 Rebbau-Betriebe im Schaffhauser Blauburgunderland ihre Reben für die Weinkellerei. Mit Stolz liefern sie ihr hervorragendes Traubengut, welches unser Kellermeister Michael Fuchs sorgsam und mit grosser Erfahrung zu schönen Weinen verarbeitet.

Zum Team rund um Michael Fuchs gehören erfahrene Weintechnologen, ein Lehrling und Verantwortliche für die Abfüllerei. Sie alle tragen zum Erfolg der GVS Weine bei. Die Weinkompetenz zeigt sich in den zahlreichen Auszeichnungen, welche jedes Jahr an nationalen und internationalen Prämierungen errungen werden.

In der GVS Vinothek im GVS Markt im Herblingertal können die meisten Weine degustiert werden und im Onlineshop findet man viele Informationen über die feinen Tropfen.;8.6640249;47.7174935;Gennersbrunnerstrasse 61 / 65;8207;Schaffhausen;+41 52 631 18 00;info@gvs-weine.ch;http://www.gvs-weine.ch/;[{'@type': 'ImageObject', 'contentUrl': 'https://ostpimtsoch.sos-ch-dk-2.exoscale-cdn.com/catalog/a/f/5/a/af5aa241058ef7c5e6579993d8d1b02f8473c79e_3384588dbd902a90a117f0a1acf04663.JPG'}];2025-02-17T12:55:49+01:00
cf3c5ec0-716f-4334-8358-43878a5d9650;Handwerk-Statt in der Eventlocation zur Werkstatt;Wursten und mehr!;Welcher echte Mann wollte nicht schon immer mal Wursten? Unter dem Motto «Hauptsache Fleisch!» entsteht das fleischige 3-Gang-Menu. Und weil Bier für echte Männer genauso wichtig ist, zapft ihr zum Apéro euer eigenes Bierfässli an. Dass das Essen von Wein begleitet und der Abend mit Kaffee-Digestif abgerundet wird, versteht sich für eine solche Wurst-Werkstatt von selbst.

Jeder erhält 2 Würste zum Mitnehmen. Täglich buchbar ab 6 bis 20 Personen.

CHF 165 / Person;9.375021;47.425561;Marktplatz 11;9000;St. Gallen;+41 71 226 09 90;kontakt@zurwerkstatt-sg.ch;https://www.zurwerkstatt-sg.ch/;[{'@type': 'ImageObject', 'contentUrl': 'https://ostpimtsoch.sos-ch-dk-2.exoscale-cdn.com/catalog/e/4/b/e/e4bea2274ebcc12dabb64faa3065cfc487752b53_361640c5acbf793634446d1d89ab33c3.jpg'}];2025-02-17T19:40:30+01:00
cf65c5f8-3fb4-4a91-9902-5dc2043893ba;Wein Berneck;Wein Berneck wird geprägt von der Leidenschaft, die bestmöglichen Trauben zum bestmöglichen Wein zu keltern.;Das Winzerhandwerk wird traditionsbewusst und gleichzeitig innovativ gepflegt. Dadurch entstehen spannende Charakterweine aus reiner Natur. Auch wenn echte Handwerksarbeit wie ein Begriff aus längst vergangener Zeit klingt, so ist sie Garant für dauerhaften Erfolg.

Damit die Reben natürlich und ausgewogen ernährt werden, wird auf Herbizide, Insektizide und Kunstdünger verzichtet. 

Zu geniessen gibt die Weine im «Hirschen» am Rathausplatz. Gruppenbesuche des alten Kellergewölbes und Degustationen in der Weinbar sind jederzeit nach Absprache möglich. Das Konzertprogramm "Beflügelter Freitag" ist ebenfalls ein Besuch wert.;9.6091757;47.4252007;Rathausplatz 7a;9442;Berneck;+41 71 744 24 13;wgb@wein-berneck.ch;http://www.wein-berneck.ch/;[{'@type': 'ImageObject', 'contentUrl': 'https://ostpimtsoch.sos-ch-dk-2.exoscale-cdn.com/catalog/f/0/5/0/f0505427a4c87d63d6f57991d0969c92d9a965ff_97ff7e40160e2fbc4ccad5567c12936e.jpg'}];2026-02-10T17:35:19+01:00
d01f1d76-227d-4594-b23e-9a5319a5f8fb;Alter Torkel - Huus vom Bündner Wii;Das Restaurant Weinstube Alter Torkel in Jenins bietet eine einzigartige Kombination aus traditionellem Charme und moderner Gastronomie. Gäste können Bündner Weine probieren und die historische Baumpresse aus dem Jahr 1722 bestaunen.;Der Torkel ist sanft umgestaltet - aber selbstverständlich wurde der alte Charme bewahrt! Das kleine Restaurant Weinstube alter Torkel liegt wunderschön mitten in den Rebbergen von Jenins.

- Geniessen - auftanken - sich geborgen fühlen
- Staunen - unvergleichliche Landschaften entdecken
- Die aussergewöhnlichen Farben der Herrschaft in sich aufnehmen
- Hervorragende Bündner Weine entdecken und degustieren
- Die mächtige Baumpresse - original erhalten aus dem Jahr 1722 - bestaunen
- Spitzenmässige tafeln – jeder Bissen mit allen Sinnen geniessen;9.5525691;47.0006912;Jeninserstrasse 3;7307;Jenins;+41 81 302 36 75;genuss@alter-torkel.ch;http://www.torkel.ch;[{'@type': 'ImageObject', 'contentUrl': 'https://ostpimtsoch.sos-ch-dk-2.exoscale-cdn.com/catalog/c/a/9/5/ca95ebb0b61d61ab18a8c3dcdf905203d7c01dce_7aa6ccaa140d5dddd7a13d3bccfdfcca.jpg'}];2025-07-24T20:25:02+02:00
d2174ac5-ae95-43a6-8fe8-13140b5923b5;Bergrestaurant Chrüz;Das Bergrestaurant Chrüz am Flumserberg bietet Platz für bis zu 200 Personen im Restaurant und 180 auf der Sonnenterrasse. Es ist bekannt für seine Qualität und Gastfreundschaft und bietet im Winter an der ChrüzBar coole Drinks und Snacks.;Das gemütliche Bergrestaurant mitten am Erlebnisberg Flumserberg lädt Sie zum Verweilen ein. Stärken Sie sich vor der rasanten Skiabfahrt im Winter oder einer atemberaubenden Wanderung im Sommer mit einem abwechslungsreichen Angebot an Speis und Trank. Im Bergrestaurant Chrüz wird grossen Wert auf Qualität und Persönlichkeit gelegt und eine gastfreundliche Bedienung gewährleistet.
Das bediente Restaurant bietet Platz für bis zu 200 Personen und auf der sonnenreichen Terrasse finden ebenfalls gut 180 Personen Platz. 

Im Winter bei schöner Witterung erwarten Sie an der ChrüzBar coole Drinks und feine Snacks. Lassen Sie bei einem Besuch Ihre Seele baumeln und geniessen Sie die herrliche Wintersonne und die tolle Atmosphäre.;9.270036220550539;47.08297409902807;Chrüz;8898;Flumserberg;+41 81 733 13 22;info@chruez-flumserberg.ch;https://www.chruez-flumserberg.ch;[{'@type': 'ImageObject', 'contentUrl': 'https://ostpimtsoch.sos-ch-dk-2.exoscale-cdn.com/catalog/5/6/f/d/56fdadee1bcad2125dbdf67915aba6c3dce1badb_ca7faa52e883cb2b659aa9d9138247bb.JPG'}];2025-12-07T16:30:27+01:00
d2cf25c0-fb63-4edd-a66e-d079ac287318;Besenbeiz Lindenhof;Idyllische Besenbeiz in schönster Landschaft;In gemütlicher Atmosphäre können Sie von Anfang April bis Ende Oktober jeweils von Freitag bis Sonntag unsere Besenbeiz besuchen. Bei sehr schlechtem Wetter (Sturm, starker Regen…) bleibt die Besenbeiz geschlossen. Sind Sie unsicher, dann rufen Sie uns einfach kurz an 044 867 15 59

In der Besenbeiz geniessen Sie hofeigene und regionale Speisen und Getränke. Das macht eine Besenbeiz aus. Wir produzieren auf unserem Hof Wein, Traubenschorle, Süssmost und Fleisch (Beef). Alle anderen Produkte werden in nächster Nähe produziert.

Vom Grill verköstigen wir Sie mit unserem Fleisch. Die Spezialität auf unserem Hof ist die Rindsbratwurst. Zum Dessert gibt es feine Kuchen und Torten sowie Glace vom Gelatito aus Buchberg.;8.5573641;47.5653961;Lindenhof 4;8454;Buchberg;+41 44 867 15 59;info@lindenhof-sh.ch;https://lindenhof-sh.com/;[{'@type': 'ImageObject', 'contentUrl': 'https://ostpimtsoch.sos-ch-dk-2.exoscale-cdn.com/catalog/8/0/e/0/80e06ec7f797d469e924408515caf39fabc408e5_8ddd44ea5800b42d66526ea1a1b01d0f.jpg'}];2026-01-26T19:25:55+01:00
d348bb7e-577f-4c37-9b08-978051324476;TIKI Strandbar Goldach;Die TIKI Strandbar Goldach befindet sich direkt am Bodensee. Auf der Terrasse kann auf den gemütlichen Sonnenbetten und bei Chill-out-Musik kühle Drinks und feine Grilladen genossen werden. Somit wird jeder Sommerabend zu einem bleibenden Erlebnis.;<p>TIKI gehört zu einer der schönsten Strandbars der Deutschschweiz. Auch die Mojito’s und Burger zählen zu den Besten am Bodensee. Die TIKI Strandbar liegt direkt beim Hafen Goldach und ist während der Sommersaison, von April bis September, jeden Tag bei schönem Wetter offen. Die gemütlichen Sonnenbetten und rustikalen Holzmöbel im Vintage-Look schaffen eine einzigartige Atmosphäre und bieten viele verschiedenen Sitz- und Liegeflächen. Die Strandbar ist der perfekte Ort für unvergessliche Momente, neue Bekanntschaften und atemberaubende Sonnenuntergänge.</p>;9.4790537;47.4828408;Seepromenade;9403;Goldach;071 440 00 76;contact@tikistrandbar.ch;https://tikistrandbar.ch/;[{'@type': 'ImageObject', 'contentUrl': 'https://ostpimtsoch.sos-ch-dk-2.exoscale-cdn.com/catalog/1/f/2/b/1f2bf7c8193b275ba76d05d462e41371da42b677_964292f3e55bbc4a03dc88e8d0d3038e.jpg'}];2025-07-24T21:15:52+02:00
d3f7deac-7eb3-42f0-abdd-df386545d68f;Haag Weine - Vinothek;Seit Generationen beschäftigt sich die Familie Haag mit dem Weinbau. Nicole und Urs Haag führen den Familienbetrieb mit 12 ha Tafelobst und 4 ha Weintrauben im Herzen von Hüttwilen. Die Weinhandwerk, welche Haags zusammen mit 3 Berufsollegen führen, übernimmt die Kelterterung.;Die charmant eingerichtete Vinothek Haag, umgeben von den 400 Jahre alten Mauern, lädt am Freitag und Samstag oder nach Vereinbarung zum Einkaufen und Degustieren ein. Mit 30 Plätzen bietet sie ideale Möglichkeiten für Gruppendegustationen, Apéros und andere Festivitäten. Nicole Haag, als passionierte Gastgeberin, organisiert Anlässe individuell und persönlich. Die Vinothek ist die ideale Räumlichkeit für besondere Anlässe in schönem Ambiente. 

Im Weinbau setzt die Familie Haag alles daran, aus gesunden, reifen Trauben klare und authentische Weine hervorzubringen. Auf 4 ha pflegt die Familie Haag sechs verschiedene Traubensorten: Müller-Thurgau, Cabernet Blanc, Sauvignon Blanc, Pinot Gris, Pinot Noir und Zweigelt. Sortenreine, klar strukturierte Weine, Innovation aber auch viel Passion, Begeisterung und Herzblut für das Handwerk zeichnet die Winzerfamlie aus. Tipp: Degustieren Sie Nicole's Lieblingswein, den Goldgrüebli bei Ihrem nächsten Besuch.;8.869737775940624;47.60669985;Zehntenstrasse 6;8536;Hüttwilen;+41 52 747 24 72;info@haag-weine.ch;http://www.haag-weine.ch/;[{'@type': 'ImageObject', 'contentUrl': 'https://ostpimtsoch.sos-ch-dk-2.exoscale-cdn.com/catalog/0/7/1/7/0717dea955c2c936a314c37d279cb1c9853c2b41_d33f8ea0463c22e0556718729a1daed8.jpg'}];2026-04-01T22:54:20+02:00
d48660fc-7f65-4ae9-88c8-0d17691d0a4d;Alpwirtschaft Unterbächen;Eine Alpwirtschaft mit herrlicher Aussicht ins untere und obere Toggenburg.;Ob Sie nun den Weg zu uns zu Fuss, mit dem Bike oder mit dem Auto in Angriff nehmen, bei uns können Sie ankommen und geniessen. ;9.1027653;47.2452274;Unterbächen;9642;Ebnat-Kappel;071 993 36 36;[{'@type': 'ImageObject', 'contentUrl': 'https://ostpimtsoch.sos-ch-dk-2.exoscale-cdn.com/catalog/d/1/3/b/d13be90875ce5cbdb5baba51fe64b796fa709678_27166a73e431a3dd60042ae758849445.jpeg'}];2026-04-01T19:39:13+02:00
d4aba36a-a5fb-455e-bf90-11611fbc6de4; Annarosa Sodano - Süsse Momente;Die Bäckerei und Konditorei für süsse Momente und besondere Anlässe.;Entdecken Sie köstliche Backwaren und individuelle Torten für jeden Anlass und Geschmack.;8.4980329;47.6902592;Vordergasse 48;8213;Neunkirch;+41 52 681 12 24;anna-suessemomente@gmx.ch;https://annassuessemomente.ch/;[{'@type': 'ImageObject', 'contentUrl': 'https://ostpimtsoch.sos-ch-dk-2.exoscale-cdn.com/catalog/7/3/9/e/739e9c844cad9518306af7cf5c41180b9e748aba_b8301eebbc0413ff7fa945c2a8cd8fc2.jpg'}];2025-02-17T12:46:31+01:00
d4de066f-7e95-4e8d-896d-15022998f7e8;RIVI Skyfall Restaurant;Geniesse einen atemberaubenden Ausblick 136 Meter über dem Rheinfall!;<p>Im RIVI Skyfall Restaurant wird dir 136 Meter &uuml;ber dem beeindruckenden Rheinfall eine spektakul&auml;re Kulisse geboten. Mit einer Kombination aus erstklassiger Gastronomie, atemberaubender Panoramaaussicht und moderner Architektur, ist das RIVI Skyfall der perfekte Ort f&uuml;r ein Dinner, Lunch, oder eine Feier.</p>;8.613585244285757;47.6823809;Im Rhytech 1;8212;Neuhausen am Rheinfall;+41 52 525 72 62;info@rhyfall-village.ch;https://www.rivi-skyfall.ch/;[{'@type': 'ImageObject', 'contentUrl': 'https://ostpimtsoch.sos-ch-dk-2.exoscale-cdn.com/catalog/a/3/1/a/a31a234089697758cc07d1a86baa2a4c357340ce_a9b502ce5ce4dd21fcb9b526c4a3bd6f.jpg'}];2026-01-18T16:30:23+01:00
d5704aad-395a-4122-aa39-e42f77fd5b2a;Café Abderhalden Bäckerei Konditorei;Café Abderhalden in Wattwil: Täglich frisch gebacken! 

Starten Sie Ihren Tag mit unserem reichhaltigen Bäcker-Zmorge oder gönnen Sie sich nachmittags eines unserer köstlichen Desserts. Auf unserer Sonnenterrasse lässt es sich wunderbar entspannen.;Café Abderhalden – Ihr Stück Toggenburg

Geniessen Sie die warmen Sonnenstrahlen auf unserer gemütlichen Terrasse und lassen Sie sich von unseren Köstlichkeiten verwöhnen. Starten Sie Ihren Sonntagmorgen mit unserem traditionellen Bäcker-Zmorge. Frische Brote, feine Zöpfe und hausgemachte Konfitüren lassen keine Wünsche offen.

Nachmittags verführen unsere Konditoren Sie mit einer Vielfalt an Kuchen und Torten. Ob eine cremige Kugel hausgemachter Glacé, ein feinest Stück Torte oder unseren Klassiker, der Schlorzifladen – bei uns finden Sie garantiert Ihr Lieblingsstück.

Besuchen Sie uns und erleben Sie die Schweizer Gastfreundschaft in vollen Zügen!;9.0867482;47.3029247;Poststrasse 22;9630;Wattwil;+41 71 988 11 55;info@cafe-abderhalden.ch;http://www.cafe-abderhalden.ch;[{'@type': 'ImageObject', 'contentUrl': 'https://ostpimtsoch.sos-ch-dk-2.exoscale-cdn.com/catalog/c/c/3/7/cc37b94e9113e16578489dfda8058ca897192ff6_23510de90814cb3aff63552e13ba0b7d.jpg'}];2025-10-28T16:12:59+01:00
d6810de5-ea74-4826-9252-c889af733a64;Wunderstaa Wein AG;Wunderstaa Wein wurde im Juni 2016 von weinbegeisterten Quereinsteigern gegründet. Zusammen mit unserem befreundeten Partnerbetrieb bewirtschaften wir rund 5,5 Hektaren Reben und vermarkten jährlich 25’000 bis 30’000 Flaschen Wein aus den Traubensorten Müller-Thurgau, Sauvignon Blanc, Pinot Noir, Cabernet Dorsa und Merlot. Feingebrannte Premium-Edelbrände runden das Sortiment ab.;<p><span style="font-weight: bold;">Unser Ansporn:<br></span>Wir begeistern anspruchsvolle Kundinnen und Kunden sowie Gourmets mit hochwertigen und nachhaltigen Qualitätsprodukten aus lokalem Anbau. Dabei setzen wir grossen Wert auf Kooperation und Kollaboration. Zusammen mit gleichgesinnten Partnern bieten wir unseren Kundinnen und Kunden unvergessliche kulinarische Erlebnisse.</p><p><span style="font-weight: bold;">Unser Angebot:<br></span>In unserem Degustationskeller können samstags von 10 bis 14 Uhr oder nach Vereinbarung alle unsere Weine und Edelbrände gekostet werden. Gerne bieten wir Gruppendegustationen, einen Rundgang durch die Reben oder eine Kellereibesichtigung an. Ebenso haben Sie die Möglichkeit, an einer Degustation mit dem Schiff auf dem Rhein teilzunehmen.<br>Mit jeweils einem unserer Gastropartner bieten wir regelmässig in Form von «Wine &amp; Dines» Spitzengastronomie mit Weinbegleitung in vier Gängen in gemütlicher Umgebung an. Das Jahres-Highlight im November ist das «à la art», das Wine &amp; Dine im 360°-Kino von Rhyality in der ältesten Industriehalle direkt oberhalb des Rheinfalls.</p><p><span style="font-weight: bold;">Wir machen mit:<br></span>Ob am Räbhüüslifest, an der Schafuuser Wiiprob, am First Friday, am Hallauer Weinfest, an der Schaffhauser Herbstmesse oder beim Iichaufe z’Hallau, wir sind mit dabei und leisten unseren Beitrag als lokaler Produzent und Schausteller.</p><p><span style="font-weight: bold;">Wir kommen zu Ihnen:<br></span>Hauslieferungen sind für uns selbstverständlich. Das Jahr hindurch organisieren wir regelmässig Liefertage, an welchen wir unsere Kundenbestellungen direkt ausliefern. An verschiedenen Messen und Degustationen in der Schweiz sind wir präsent und kredenzen unsere aktuellen Jahrgänge.</p><p>Alle Angebote und Informationen finden Sie auch auf unserer Homepage unter wunderstaa.ch. Wir freuen uns sehr auf Ihre Kontaktaufnahme und auf Ihren Besuch.</p>;8.4585667;47.6972443;Hauptstrasse 30;8215;Hallau;+41 52 682 25 25;info@wunderstaa.ch;https://www.wunderstaa.ch/;[{'@type': 'ImageObject', 'contentUrl': 'https://ostpimtsoch.sos-ch-dk-2.exoscale-cdn.com/catalog/d/d/0/1/dd015371e1b4161a2e58b520552e3fd3464e4485_d0d52e5c9cabafbe0f07f53b51f72a4c.jpg'}];2025-02-24T18:56:08+01:00
d894442d-0090-428f-9c8f-624c48664144;Seerestaurant Buchhorn;Direkt am schönen Bodensee gelegen bietet das Seerestaurant Buchhorn in Arbon den richtigen Platz zum Verweilen. Am liebsten möchte man den leicht erhöhten Aussichtsplatz der Terrasse gar nicht mehr verlassen. Das ist Sommerfeeling pur.;<p>Mit viel Engagement wird das Seerestaurant Buchhorn im Strandbad Arbon betrieben. Neben der Speisekarte sorgen die täglich wechselnden Mittagsmenüs für Abwechslung auf dem Esstisch und der vielfältigen Auswahl am Buffet kann niemand widerstehen. Zur Spezialität des Hauses gehören die feinen Fischknusperli in würziger Kräuterpanade sowie der unverwechselbare Buchhorn-Burger. Das Restaurant Buchhorn in Arbon erfrischt auch als vielseitige Anlage für Feste. Neben dem täglichen Betrieb ist das Seerestaurant Buchhorn auch die perfekte Bühne für gediegene, festliche Begegnungen jeglicher Art. Es gibt wenige Orte, die sich für ein Fest so ideal eignen wie dieses einzigartige Bijou. Direkt am See gelegen lässt es sich auf vielfältige Weise bespielen. Das Seerestaurant Buchhorn ist ein tolles Ausflugsziel und liegt an diversen Velo- und Wanderwegen.</p>;9.418526964195179;47.5265206;Philosophenweg 11;9320;Arbon;+41 71 446 17 60;office@seerestaurant-buchhorn.ch;https://seerestaurant-buchhorn.ch;[{'@type': 'ImageObject', 'contentUrl': 'https://ostpimtsoch.sos-ch-dk-2.exoscale-cdn.com/catalog/a/1/8/d/a18df8e848a3de33def99193e0aced24e72ae373_682869f3b42cd8408a374c0bb8642139.jpg'}];2026-03-17T23:02:51+01:00
da76b19b-389f-4569-9252-eb011788fc85;Restaurant Treichli ;Das Treichli thront wie ein Adlerhorst hoch über dem Bodensee.;<p>Das Restaurant bietet eine grosszügige Gartenterrasse und einen rustikalen Innenraum mit offenen Kamin. Das Lokal  vereint moderne Gemütlichkeit mit charmant dekorierten Holzböden, Pflanzen und Kerzen. Serviert werden regionale und saisonale Gerichte mit Fleisch aus Heiden und frischen Fischen aus dem Bodensee und von der Firma Zellweger. Die Weinkarte wurde mit sehr viel Liebe und Leidenschaft ausgewählt und die Weine stammen von Terravigna und Tobias Schmid aus dem Rheintal.&nbsp;&nbsp;</p>;9.5317096;47.4639792;Unterwienacht 451;9405;Wienacht Tobel;+41762136557;info@treichli.ch;https://treichli.ch;[{'@type': 'ImageObject', 'contentUrl': 'https://ostpimtsoch.sos-ch-dk-2.exoscale-cdn.com/catalog/c/6/c/9/c6c92fb523e627634b8ba94d97644759b6ddcd7f_6c44646040495cef3bdf66de5769344e.jpeg'}];2025-06-12T17:38:37+02:00
da9ce522-a086-4366-a9de-ad741265215a;Hübscher Wein;Nördlichster Rebberg der Schweiz;Der nördlichste Rebberg der Schweiz liegt im idyllischen Altdorf SH. Die in den 70er Jahren angelegte Terrassen-Anlage mit über 430 Aren ist mit traditionellen Rebsorten wie Riesling Sylvaner, Blauburgunder und Cabernet Dorsa bestockt. Ebenso stehen in der Anlage auch robuste, pilzwiderstandsfähige Sorten wie Regent, Cabernet Jura, Leon Millot x Maréchal Foch und Muscaris.

Diese grosse Sortenvielfalt bietet die Grundlage für ein Sortiment an schönen und beliebten Weinen. Der Reiat ist eine schöne, Landwirtschaftlich geprägte Region mit wunderbarem Blick in die Vulkan-Landschaft  des Hegau (D). Die Bewohner und Gäste im Reiat  geniessen gerne die regional produzierten Weine. Weiss, Rosé und Rotweine insbesondere auch sorgfältig ausgewählte Cuvée sind unser Stärken.

Die Rebanlage wird nach ökologischen Grundsätzen bewirtschaftet und gepflegt. In den begrünten Terrassen findet man seltene Pflanzen, Insekten und auch biodiversitäre Flächen.

Unsere Trauben werden sorgfältig gekeltert durch die GVS Weinkellerei in Schaffhausen und in Flaschen abgefüllt.;8.702683607603296;47.74731385;Im Gatter 29;8243;Thayngen;+41794809752;raphaelhuebscher@bluewin.ch;https://www.huebscher-wein.ch/;[{'@type': 'ImageObject', 'contentUrl': 'https://ostpimtsoch.sos-ch-dk-2.exoscale-cdn.com/catalog/7/5/f/5/75f5242ad8f3f2f801b18042034b675b5bf42c6d_b367a80a99d75ba4435de1f648269128.jpg'}];2025-02-17T12:55:49+01:00
db1be4d2-b9f6-4618-ae57-ac248701720a;Wirtschaft Rumpf Waldegg;Klein aber fein!
Herzlich Willkommen im Restaurant Waldegg Rumpf (Wattwil)
Es begrüssen Sie Denise Brütsch und Christian Schlegel
Seit 2019 bewirten wir mit unserem Team das Restaurant Waldegg Rumpf und freue mich über Ihr Kommen!;Ein Auszug aus unserer kleinen, feinen Küche
Täglich wechselnde saisonale Mittagsmenü
Hausgemachte Cordon Bleu und frische Salate. Fitnessteller mit Schnitzeli Wurstsalat oder Wurst-Käs- Salat und Feine Vesperplättli

Naherholungsgebiet und Wanderland Rumpf
Wanderwege rund um den Rumpf:
Als Zwischenhalt in die Chrüzegg (Rumpf - Chrüzegg: 75Min zu Fuss)
oder ins Schwämmli via Bachstrasse (Rumpf - Schwämmli: 80min zu Fuss)
oder als Abstecher vom Jakobsweg (Iburg Wattwil - Rumpf - Stoss);9.048222;47.2943496;Rumpf 794;9630;Wattwil;141793505376;rumpf.waldegg@gmail.com;https://restaurant-rumpf-waldegg.jimdosite.com/;[{'@type': 'ImageObject', 'contentUrl': 'https://ostpimtsoch.sos-ch-dk-2.exoscale-cdn.com/catalog/a/d/7/0/ad70ec2afa34213c3b260de34dea5ef7a6a46b12_7d8a774bcbdb74df5db0a625f1dc6060.jpg'}];2026-04-01T19:39:13+02:00
db224562-9cee-4922-90ae-b15e4cdcd696;Bratwurst-Degustation ;Sie gilt als die berühmteste Ostschweizerin: Die St.Galler Bratwurst!;<p class="rich-text-paragraph" data-v-d66dbd6c=""><span class="text-space-pre-line rich-text-text" data-abstract-init="body text">Bereits&nbsp;</span><span class="text-space-pre-line font-weight-bold rich-text-text" data-abstract-init="body text">1438</span><span class="text-space-pre-line rich-text-text" data-abstract-init="body text">&nbsp;wurde das Rezept f&uuml;r die Wurst erstmals erw&auml;hnt. Doch was wissen wir eigentlich &uuml;ber das kulinarische Kulturgut? Welche Zutaten sind in der Wurst enthalten und warum geniesst man sie ohne Senf? Und die Frage aller Fragen ist: Wer produziert die beste St.Galler Bratwurst?</span></p><p class="rich-text-paragraph" data-v-d66dbd6c=""><span class="text-space-pre-line rich-text-text" data-abstract-init="body text">Beim Degustationsseminar geht es also wortw&ouml;rtlich um die Wurst. Wir f&uuml;hren dich spielerisch an die emotionale Thematik heran und l&uuml;ften ihr Geheimnis. Du hast die einmalige Gelegenheit, Bratw&uuml;rste verschiedener Produzenten nebeneinander zu degustieren und zu entscheiden, welche Bratwurst dein Favorit ist.</span></p><p class="rich-text-paragraph" data-v-d66dbd6c=""><span class="text-space-pre-line rich-text-text" data-abstract-init="body text">Unsere Degustationsleiter Josef Niedermann &amp; Andreas Koller der Sortenorganisation St.Galler Bratwurst erkl&auml;ren dir dabei die feinen Unterschiede. Passend dazu geniesst du ein Bier der Brauerei Sch&uuml;tzengarten, welches hervorragend mit der Bratwurst harmoniert und ein krosses B&uuml;rli, dass deinen Gaumen zum Tanzen bringt.</span></p><p class="rich-text-paragraph" data-v-d66dbd6c=""><span class="text-space-pre-line rich-text-text" data-abstract-init="body text">Die Degustation findet entweder im Restaurant Brauwerk oder Restaurant zur Werkstatt in St.Gallen statt.&nbsp;</span></p>;9.3717223;47.4247253;Bahnhofstrasse 19;9000;St.Gallen ;+41 71 552 13 30;wurst@sg-bratwurst.ch;http://www.sg-bratwurst.ch/;[{'@type': 'ImageObject', 'contentUrl': 'https://ostpimtsoch.sos-ch-dk-2.exoscale-cdn.com/catalog/1/d/0/b/1d0bf69b731bb7ba675d679e05704e8e9b2439a8_83b9bae6fa5ebc33ca50ed13bcf8b2e2.jpg'}];2026-03-03T21:21:53+01:00
dc4db811-4877-4ea8-ae17-ffe2ca744500;Restaurant Anker;Genussvoll sein;<p>Das Erststock-Restaurant im gleichnamigen Hotel heisst die G&auml;ste mit einem herrlichen Blick auf den Alpstein willkommen. Es werden kulinarische K&ouml;stlichkeiten mit Produkten aus der Region und der hauseigenen Metzgerei angeboten - von einfach gut bis &uuml;berraschend anders.</p>;9.387831820962898;47.3904685;Dorf 10;9053;Teufen;+41 71 333 13 45;info@anker-teufen.ch;http://www.anker-teufen.ch;[{'@type': 'ImageObject', 'contentUrl': 'https://ostpimtsoch.sos-ch-dk-2.exoscale-cdn.com/catalog/4/6/2/e/462ef1d408d408664feb1b56bc425471e6f5ecfb_f8bb4468c9c424a9892857ca213e3178.jpg'}];2026-02-03T18:48:50+01:00
ddd0b466-9730-4497-9569-7e0b44fec287;Confiserie Roggwiller of Switzerland;St. Gallen ohne die Confiserie Roggwiller ist wie Nutella ohne Haselnüsse. Dieses Stück Esskultur ist seit über 80 Jahren an der Multergasse 17, im Herzen der Altstadt, beheimatet und gönnt den Gästen eine Auszeit im Schlaraffenland!;Die Confiserie Roggwiller besteht seit dem Jahre 1941 und ist eine der führenden Confiserien in der Schweiz. "Aus Freude am Guten!", lautet ihr Motto, welches sie mit viel Herzblut, Handwerkskunst und Ideenreichtum umsetzt. Das Unternehmen betreibt Verkaufs-Standorte an der Multergasse, beim Bahnhof sowie in der Brühltor-Passage. An der Multergasse, im Herzen der Altstadt von St. Gallen, befindet sich auch das Café im "Wiener Stil" - eines der schönsten der Schweiz.

Zum genussvollen Angebot gehören die berühmten St. Galler Biber, feinste Pralinen und die verführerischen Schokoladen-Spezialitäten wie die St. Galler Spitzen, die Klostersiegel oder die St. Galler Pflastersteine. Auch mit vorzüglichen Torten und Pâtisserie werden die Kunden verwöhnt.;9.3755943;47.4243103;Multergasse 17;9000;St. Gallen;+41 71 222 50 92;confiserie@roggwiller.ch;http://roggwiller.ch/;[{'@type': 'ImageObject', 'contentUrl': 'https://ostpimtsoch.sos-ch-dk-2.exoscale-cdn.com/catalog/6/9/e/6/69e6c5322884a1782d27b97602943f92527363d8_7fac82e6220eb71903cfc22fc8a7bee2.jpg'}];2026-06-16T20:10:27+02:00
ddf6eb67-e054-4cdf-92a7-97938ca84a64;Wirtschaft zum Schlössli Haggen;Hier begegnen die Gäste der St.Galler Herzlichkeit und fühlen den Charme des historischen Gebäudes.;Ein Besuch, der in Erinnerung bleibt. Das Schlössli wurde erstmals im Jahre 1638 erwähnt und ist im Besitz der Ortsbürgergemeinde
St.Gallen. Über die Jahre wurde es gepflegt und
vieles aus seiner Entstehungszeit ist erhalten
geblieben und für Gäste wieder einsehbar gemacht.
Das gibt den verschiedenen Räumlichkeiten ihren
speziellen Charme.
Ob für Familienfeiern, Hochzeiten,
Taufe oder Firmenanlässe – jeder
Raum hat seine Geschichte.;9.3391845;47.4031365;Haggenstrasse 94;9014;St. Gallen;+41712773101;info@schloessli-haggen.ch;https://www.schloessli-haggen.ch;[{'@type': 'ImageObject', 'contentUrl': 'https://ostpimtsoch.sos-ch-dk-2.exoscale-cdn.com/catalog/2/c/2/3/2c23c09030c5da81bae224e99a77cbfff15d921e_db65d2817b67f995cb151a8ddce47dea.jpg'}];2025-05-20T17:38:06+02:00
dec915cd-b19a-4963-a05d-0da061f994e7;Restaurant Löwengarten;Ob Feierabendbier oder Candlelight Dinner: Das junge, innovative Team sorgt dafür, dass Sie die Gäste rundum wohlfühlen.;Mit einer über hundertjährigen Tradition gehört die ehemalige Löwengarten-Brauerei zu Rorschach wie das Kornhaus und der Boden­see. Seit 2007 entsteht das legendäre Ostschweizer Bier jedoch in St. Gallen und die Brauerei in Rorschach steht still. Ganz still allerdings nicht: Auf dem Areal entstand ein neues, überaus lebendiges Quartier.

Wohnen, arbeiten, leben, spielen, geniessen: Auf dem Löwengarten-Areal geben sich Privates und Geschäftliches, Kultur und Natur, Kinder und Senioren die Hand. Die ehemalige Abfüllerei bildet das Herzstück des auf­blühenden Quartier­lebens.

Vom Biergarten bis zum Garten­zimmer, von der Dach­terrasse bis zum Gewölbe­keller - hier finden alle die perfekte Umgebung für ent­spann­ten Genuss. Die Löwengarten-Köche verschmelzen regionale und internationale Küche zu einem harmonischen kulinarischen Erlebnis. 

Typisch schweizerisch und zugleich weltoffen, auf das Wesentliche reduziert und doch gemütlich … herzlich willkommen im Restaurant Löwengarten!;9.482558861119978;47.478257299999996;St.Gallerstrasse 41;9400;Rorschach;+41 71 841 94 00;info@restaurant-loewengarten.ch;https://www.restaurant-loewengarten.ch/;[{'@type': 'ImageObject', 'contentUrl': 'https://ostpimtsoch.sos-ch-dk-2.exoscale-cdn.com/catalog/d/b/e/0/dbe0134b4db7900ddf0459e36b6aa8ac3829e08b_46e583c674fbaae9a18fbf5957ca7107.jpg'}];2026-05-26T18:35:53+02:00
df389c5b-a51a-4d6a-b76e-d54a0fb38626;Altes Schützenhaus;Familie Reutimann - Ihr Gastgeber seit 1986;Oberhalb der Schaffhauser Altstadt - auf der Breite - empfängt das Alte Schützenhaus seine Gäste mit gutbürgerlicher Küche und einer grossen Auswahl an Menüs. Der lauschige Garten lädt zum Träumen ein.

Mit Räumlichkeiten für jede Art von Anlass, ist man hier auch für grosse Gruppen und Busreisen an der richtigen Adresse. Im Grossen Saal finden des Öfteren auch Jazzkonzerte statt.;8.6265911;47.6997923;Rietstrasse 1;8200;Schaffhausen;+41 52 625 32 72;info@schuetzenhaus.ch;http://www.schuetzenhaus.ch/;[{'@type': 'ImageObject', 'contentUrl': 'https://ostpimtsoch.sos-ch-dk-2.exoscale-cdn.com/catalog/9/6/f/c/96fc51fb1e56fab5a6d4b979204c08c7b503837f_44ea127affd8095ec5441933d68f917a.jpg'}];2025-10-28T19:06:07+01:00
dfa3bdeb-ac7f-44d6-8f88-b2f94fa0e94e;Weinbau Hanspeter Kunz;Weinbau Hanspeter Kunz in Fläsch bietet einen gemütlichen Degustations- und Verkaufsraum für Gruppen bis 20 Personen. Es werden acht verschiedene Weine angeboten, begleitet von kalten Imbissen wie Käse und Salsiz.;Weinkeller mit heimeligem Degustations- und Verkaufsraum. 
Platz für Gesellschaften bis 20 Personen. 8 verschiedene Weine, 4 weisse, 4 rote.
Imbiss: Käse und Salsiz, nur kalt.;9.51424827470398;47.02754775;Hinterdorf 7;7306;Fläsch;+41 81 302 61 69;info@weinbau-kunz.ch;http://www.weinbau-kunz.ch;[{'@type': 'ImageObject', 'contentUrl': 'https://ostpimtsoch.sos-ch-dk-2.exoscale-cdn.com/catalog/3/e/b/8/3eb84b79805053a64457f392cd11a60fc50d9b71_061a66496418ea748cdf37149f9de668.jpg'}];2025-09-10T20:36:08+02:00
dfff8c20-40e4-41a4-b301-33271a227b84;Bratwurst & Bowls;St.Galler Bratwurst meets Poke aus Hawaii;Die Traditionswurst gibt sich weltoffen und zieht mit exotischer Kulinarik unter ein Dach. Zu den feinen Fleischspezialitäten gesellen sich frische Poke-Bowls nach hawaiianischem Vorbild. Aloha tropische Leichtigkeit!

Die bunten Poke-Bowls bringen Frische und Abwechslung ins Take-away-Angebot der Stadt. Poke-Anfänger*innen wählen eine Signature Bowl, Kreative stellen sich die Bowl im simplen Baukasten-Prinzip nach persönlichem Gusto zusammen. Mmh, unschlagbar lecker!

Es gibt aber natürlich auch immer noch die Klassiker. Das wissen die Inhaber, Alexander Zimmermann und Sandro Vladani. Den Herzblut-Gastronomen ist nicht «wurst», was St. Galler*innen essen. Deshalb lassen sie die Fleischspezialitäten neu aufleben und verleihen St. Galler Bratwurst, Currywurst und Weidebeef-Burger einen frischen Twist.;9.37505;47.42365;Schmiedgasse 34;9000;St. Gallen;+41 71 222 37 23;aloha@bratwurstundbowls.ch;https://bratwurstundbowls.ch/;[{'@type': 'ImageObject', 'contentUrl': 'https://ostpimtsoch.sos-ch-dk-2.exoscale-cdn.com/catalog/c/0/2/7/c0274c18846ffa8c4ecb23cf9387861478db72e0_b5abf27ca9bd09d345a3d20b9be11da9.jpg'}];2025-05-14T17:37:57+02:00
e0ac20d6-f7f9-4cac-a1f5-aef1c3a8e667;Restaurant Tannzapfe – mehr als ein Restaurant;Das Restaurant Tannzapfe in Dussnang steht für eine geschmackvolle, regionale und saisonale Küche mit innovativem Kartenkonzept. Es ist bei Touristen und Einheimischen genau so beliebt wie bei Klinikgästen.;Das gepflegte Restaurant mit Gartensitzplatz (in den Sommermonaten) bietet täglich wechselnde Mittagsmenüs sowie innovative À-la-carte-Angebote. Ganz im Sinne von Pfarrer Sebastian Kneipp werden nebst den Klassikern des Hauses auch vollständig vegetarische Gerichte angeboten, die je nach persönlichem Geschmack individuell mit hochwertigem Fleisch oder Fisch aus der Region ergänzt werden können. Mit Liebe zum Detail richtet die Küchenmannschaft jeden Teller individuell an und die zuvorkommende Gastgebermentalität des Serviceteams rundet das Besuchserlebnis ab. 

Das Restaurant ist Teil der modernen Rehaklinik Dussnang, welche neben den zeitgemässen medizinischen Therapien auch für seine Kneipp-Angebote bekannt ist.

Tipp: Die legendären hausgemachten Cremeschnitten gelten als die besten der Alpennordseite. Noch heute werden sie nach altem Geheimrezept der Klosterfrauen täglich frisch zubereitet. Sie sind sowohl in Normalgrösse als auch im Miniformat und zum Mitnehmen erhältlich.;8.9635126;47.4300691;Kurhausstrasse 34;8374;Dussnang;+41 71 978 60 61;info@rehaklinik-dussnang.ch;https://www.restaurant-tannzapfe.ch;[{'@type': 'ImageObject', 'contentUrl': 'https://ostpimtsoch.sos-ch-dk-2.exoscale-cdn.com/catalog/f/1/7/3/f173730241bd315aa5e013f453ebedd18241c215_c069b5f3bc1855ae277b47bb300ba13e.jpg'}];2025-02-17T13:28:20+01:00
e11b083d-afcd-462c-8543-540fbe9bed98;Seilerhütta Vättnerberg;Die Seilerhütta Vättnerberg bietet eine beeindruckende Aussicht und gutbürgerliche Küche. Sie ist mit einer 6‑minütigen Seilbahnfahrt leicht erreichbar und lädt zum Entspannen auf der Terrasse ein. Ideal für Familien, Paare und Gruppen, ebenso geeignet für Anlässe bis zu 25 Personen.;Nach der kurzen Bergfahrt von 6 Min. mit der Seilbahn gelangen Sie zu uns, direkt bei der Bergstation der Vättnerbergseilbahn. Wir belohnen Sie zuerst mit unserer Natur und der herrlichen Aussicht, danach können Sie von unserem Angebot profitieren, das zu 95 Prozent von einheimischen Lieferanten und Betrieben ist. 
Weg vom Alltag und lassen Sie sich von uns in der Hütte oder der herrlichen Terrasse verwöhnen.

Bitte beachten Sie die Fahrzeiten der Seilbahn.;9.456750154495241;46.929605285247256;Bergstation;7315;Vättnerberg;+41 79 629 75 17;rieden8739@gmail.com;https://www.vättnerberg.ch/;[{'@type': 'ImageObject', 'contentUrl': 'https://ostpimtsoch.sos-ch-dk-2.exoscale-cdn.com/catalog/1/b/6/3/1b6388f58e05f8104bc49dbb71cdd28710e8c121_9698eb2dda2b7f91e86dfc0461270452.jpg'}];2026-06-30T20:54:45+02:00
e136de8c-b4b2-47a2-99dd-ae30405fe009;Restaurant Traube-St.Georgen;Genießen Sie herzhafte Hausmannskost und regionale Spezialitäten in gemütlicher Atmosphäre. Unsere Sonnenterrasse lädt zum Verweilen ein.;Willkommen in der Traube! Lassen Sie sich von uns mit hausgemachten Köstlichkeiten aus der Region verwöhnen. Ob ein gemütliches Abendessen mit Freunden oder ein entspanntes Mittagessen – bei uns finden Sie für jeden Anlass das Richtige. Unsere freundliche Bedienung und das rustikale Ambiente machen Ihren Besuch zu einem besonderen Erlebnis. Im Sommer können Sie Ihr Essen auch auf unserer schönen Terrasse genießen.Verweilen und Genießen: In der Traube St. Georgen kehren Sie ein in eine Welt der Gastlichkeit. 
Hier treffen traditionelles Handwerk und moderne Küche aufeinander. Lassen Sie sich von unseren saisonalen Gerichten inspirieren und genießen Sie die unbeschwerte Atmosphäre.;9.3820066;47.4170471;Sankt Georgen-Strasse 79;9000;St. Gallen;+41 71 222 58 97;info@speiserestaurant-traube.ch;https://speiserestaurant-traube.ch/;[{'@type': 'ImageObject', 'contentUrl': 'https://ostpimtsoch.sos-ch-dk-2.exoscale-cdn.com/catalog/7/8/9/0/789015991aa9be928e50d3e6aae8ebbc91b59321_b444354e1e25d102ba7f665a566bbc25.jpeg'}];2026-04-01T18:26:42+02:00
e3254413-17fb-463a-87f5-4d8f58b61faa;Barkada Burger Bar;Burger Bar in Schaffhausen;<p>IT&#39;S ALL ABOUT THE BARKADA</p><p>Your homies and friends!</p><p>Drink, eat &amp; chill with them!</p><p></p><p>«Barkada» steht für ein geselliges Beisammensein, aber auch für gute Laune und ausgezeichnete Burger, für Cocktails mit Freunden, Food mit der Familie oder einfach eine gute Zeit zu zweit.</p><p>​Barkultur, Cocktails, Craft Beer und Naturweine, aber auch einer der beliebtesten Burger im Land – das alles ist möglich im Barkada.</p><p>Deshalb laden wir dich und deine Barkada ein, um gemeinsam in gemütlicher Atmosphäre leckere Drinks zu gönnen und herausragende Burger zu geniessen.</p><p>Kommt vorbei und werdet Teil der Barkada</p>;8.6382124;47.6962159;Bachstrasse 16;8200;Schaffhausen;+41 52 624 00 80;info@barkada.ch;https://www.barkada.ch/;[{'@type': 'ImageObject', 'contentUrl': 'https://ostpimtsoch.sos-ch-dk-2.exoscale-cdn.com/catalog/e/f/0/6/ef06912c244d341d25649a4be73c7f54d9157646_62d2cc71cc4f62216bad9d85efb0ceb2.jpg'}];2025-04-17T18:53:30+02:00
e3713931-6018-4068-b8f5-a478a856b246;Gasthaus zum Schäfli;Unserem Gasthaus ist es ein grosses Anliegen, individuell und persönlich auf Ihre Wünsche einzugehen.  Beim  Gasthaus zum Schäfli steht der Gast mit seinen Wünschen im Vordergrund. Unsere Tätigkeit ist nicht nur unser Beruf, sondern auch unsere Leidenschaft. Wir würden uns freuen, Sie zu unseren zufriedenen Kunden zu zählen.;9.283800345257692;47.1943987;Dörflistrasse 3;9656;Alt St. Johann;071 999 24 42;info@schaeflisepp.ch;https://www.schaeflisepp.ch/;[{'@type': 'ImageObject', 'contentUrl': 'https://ostpimtsoch.sos-ch-dk-2.exoscale-cdn.com/catalog/f/1/3/d/f13da1114b19ad0f39551afc1892ee5b83195ee6_9d59c7e4e8594cfe4ba9b0402cca8c87.jpg'}];2025-10-28T16:23:25+01:00
e3d5aee9-37e9-458c-8b7f-8a70d1e35761;Weinmanufaktur Gonzen;Das Weingut Gonzen in Sargans bietet Führungen mit Degustationen und Räumlichkeiten für private und geschäftliche Anlässe. Die Torkelstube eignet sich für besondere Anlässe und bietet Platz für 50 Personen.;Die Weinmanufaktur Gonzen steht für Weine mit Charakter.
Eigene Weine und sorgfältig ausgewählte Selektionen –
geführt unter einem gemeinsamen Anspruch.

Wir glauben an Weine mit Persönlichkeit.
An Weine, die etwas erzählen,
über Herkunft, Handwerk und die Winzer dahinter.

Erschaffen für Menschen, die charaktervolle Weine mögen.

Weine, die jeden Moment speziell machen.;9.447652294245845;47.054543249999995;St. Gallerstrasse 75;7320;Sargans;+41 81 723 16 15;info@weinmanufaktur-gonzen.ch;http://www.weinmanufaktur-gonzen.ch;[{'@type': 'ImageObject', 'contentUrl': 'https://ostpimtsoch.sos-ch-dk-2.exoscale-cdn.com/catalog/0/d/a/1/0da12d3a8a906c412fac56ec3b4b57da9d126496_95cfbf66134b6e433909c49b5371e90e.jpg'}];2026-04-23T22:01:30+02:00
e5075068-0012-4e7f-8b4a-9bea8fc9abfd;Weingut Christen;Unsere Weine - unsere Leidenschaft - unser Traum;Betrieb und Familie
Wunderschön idyllisch im Herzen des Chläggis liegt das Weingut der Familie Christen.
Im Jahr 2017 haben Jan und Nathalie den Hof von den Eltern übernommen und führen den Familienbetrieb nun in der vierten Generation mit viel Herzblut und grossem Engagement. Ihre vier Kinder machen die Familie komplett (perfekt)!
Das Weingut umfasst 5.5ha Reben auf welchen die Sorten Pinot Noir, Cabernet Dorsa, Regent, Riesling-Silvaner, Sauvignon Blanc, Pinot Gris und Muscaris gedeihen.
Doch nicht nur mit dem Rebbau bzw. Weinbau wird der Unterhalt verdient, 15 Hektar Ackerland steuern ihren Beitrag dazu bei. Der klassische Ackerbau mit dem Anbau von Lebensmitteln und Tierfutter ist bereits seit Generationen fester Bestandteil des Hofs.

Philosophie
Das Ziel der Familie Christen ist es, die gesamten Prozessschritte vom Rebstock bis ins Weinregal selber zu kontrollieren und diesbezüglich nichts dem Zufall zu überlassen. Sie wollen hochwertige Produkte herstellen hinter denen sie vollends mit ihrem Namen stehen können. Mit dieser Autonomie haben sie alles selber in der Hand, immer den Überblick über sämtliche Einzelschritte und entsprechend Freude an einem rundum gelungenen Ergebnis, nämlich ihrem gänzlich eigenen Wein.

Angebot
Das komplette Weinsortiment findet man unter www.christen-weine.ch/weine
In dem neuen Degustationsraum bewirten sie sehr gerne ihre Gäste. Für Anlässe aller Art bietet der Degustationsraum Platz für bis zu 30 Personen.
Auf Wunsch machen sie gerne eine Kellerführung, einen Rebrundgang oder beides zusammen.;8.4371492;47.6744544;In Wiesen 1;8217;Wilchingen;+41 76 748 52 73;info@christen-weine.ch;https://christen-weine.ch/;[{'@type': 'ImageObject', 'contentUrl': 'https://ostpimtsoch.sos-ch-dk-2.exoscale-cdn.com/catalog/5/d/e/3/5de31c24c0e16d37e70469b2375116f279f5b3b6_c566c9c0e7b76adc1d0b70ea611a349e.jpg'}];2025-02-17T12:55:49+01:00
e59860a9-425d-4642-a5a8-a2ea88bc27ba;Zur Werkstatt Eventlocation St. Gallen;Genuss und Erlebnis vereint!;In der Werkstatt wird die Kunst des Koch- und Barhandwerks mitten in die Stadt gebracht. 

Die Eventlocation bietet den perfekten Rahmen für Firmenevents, Geburtstage, Hochzeiten und andere Feierlichkeiten.

Private Gruppen können bei exklusive Kochkurse, Kochbattles und Cocktailkurse buchen oder einen Genussabend nach ihren individuellen Wünschen geniessen. Gemeinsam mit Profis können Laien am Herd und an der Bar kreativ werden. 

Geniesser dürfen sich auf köstliche Gerichte aus der offenen Küche und raffinierte Cocktails der Barkeeper freuen. 

Zudem bietet der Eventkalender regelmässig öffentliche Highlights, die für jedermann zugänglich sind.

Generell gilt: gemeinsam machen und geniessen verbindet – dies macht die Werkstatt zu einer Genuss-Werkstatt.;9.37503;47.42552;Marktplatz 11;9000;St. Gallen;+41 71 226 09 90;kontakt@zurwerkstatt-sg.ch;http://www.zurwerkstatt-sg.ch;[{'@type': 'ImageObject', 'contentUrl': 'https://ostpimtsoch.sos-ch-dk-2.exoscale-cdn.com/catalog/f/e/7/1/fe71a1c8070e348322d6e4fbbe306d62dd3f7a77_b447ba8aa4ed48e4ba1ad17856bbd5ab.jpg'}];2025-08-05T17:39:40+02:00
e6166ab5-684a-4b5b-8d9f-29b45243fed1;Autobahnraststätte Marché Heidiland;Die Autobahnraststätte Marché Heidiland in Maienfeld bietet marktfrische Küche und zahlreiche Annehmlichkeiten wie Spielzimmer, Aussenspielplatz und Geissengehege. Ideal für Familien, Paare und Gruppen, die eine Pause auf der A13 suchen.;Marché Heidiland, wohl eine der bekanntesten Raststätten der Schweiz.
Bereits beim Eingang wartet das Heidi- und Geissenpeterspiel auf unsere Gäste. Ein Erlebnis für alle Kinder bieten die 2 grossen Spielzimmer, der Aussenspielplatz und das Geissengehege gleich beim Eingang.

Geniessen Sie unser marktfrisches Angebot – ob eine knusprige Rösti, saisonales Gemüse oder das kunterbunte Salatbuffet – in rustikalem Ambiente. Lassen Sie es sich gut gehen bei uns!;9.512164592742922;47.01153892334948;Autobahn A13;7304;Maienfeld;+41 81 300 43 43;heidiland@marche-restaurants.ch;https://www.marche-schweiz.ch/de/standorte/an-autobahnen.html;[{'@type': 'ImageObject', 'contentUrl': 'https://ostpimtsoch.sos-ch-dk-2.exoscale-cdn.com/catalog/b/c/5/b/bc5b2706cd176d3483541f7db402320d6032d0de_e73dc12ce5842f638fc9ebb9d898d1ac.jpg'}];2026-04-23T21:59:21+02:00
e6b4a1d1-0d50-490c-a0e4-b00a672ee956;Kafi-Egge Pluspunkt;Gemütlich Kaffee trinken und einander begegnen. Der Dorfladen Pluspunkt mitten in Mühlrüti verfügt über eine kleine Kaffee-Ecke. Geöffnet während der Ladenöffnungszeiten.;8.98704;47.37096;Kirchweg 1;9613;Mühlrüti;+41 71 983 35 17;muehlrueti@prima.ch;[{'@type': 'ImageObject', 'contentUrl': 'https://ostpimtsoch.sos-ch-dk-2.exoscale-cdn.com/catalog/f/f/9/f/ff9f83a27b6a2dfcc7691808802d54a113ed15a3_6028e91149be4cdcdc24b1e874a283df.jpg'}];2025-10-28T16:12:59+01:00
e7885384-dbd2-420d-94c2-f60b557cbecc;Restaurant Villa am See by Sandro Lüthi;Die «Villa am See» in Goldach glänzt nicht nur mit herrlichem Ausblick direkt auf den Bodensee, sie verzaubert auch auf ganzer kulinarischer Linie.;<p>Aus dem schmucken Wohnhaus aus dem Ende des 19. Jahrhunderts ist ein Bijou mit Charme und Eleganz entstanden. Frisch renoviert im Jahr 2023 erstrahlt die Villa in neuem Glanz!</p><p style="margin-bottom: 1rem;">Sandro L&uuml;thi und sein Team sind stets bestrebt, alle Ihre W&uuml;nsche erf&uuml;llen zu k&ouml;nnen, damit Ihr Genuss auch zu einem Erlebnis wird!</p><p style="margin-bottom: 1rem;">Kreativit&auml;t, beste Qualit&auml;t der Grundprodukte vermischt mit viel Handwerk, &nbsp;der Liebe zum Detail und viel Know-how f&uuml;hren zu ausgewogenen Gerichten.</p><p style="margin-bottom: 1rem;">Eine regelm&auml;ssig wechselnde Men&uuml;karte und saisonale Gerichte, begleitet durch auserlesene Weine sollen alle G&auml;ste dazu verleiten, &ouml;fters in der Villa am See einzukehren.</p>;9.47628;47.48676;Seestrasse 64;9403;Goldach;+41 71 455 25 26;info@villa-am-see-goldach.ch;http://www.villa-am-see-goldach.ch;[{'@type': 'ImageObject', 'contentUrl': 'https://ostpimtsoch.sos-ch-dk-2.exoscale-cdn.com/catalog/0/9/3/5/0935990169a5de088f39fe1cb7629b513c7ab5ba_6897db753b18f0115aaa7a9a0e9f7cd7.jpg'}];2026-05-26T18:35:53+02:00
e81a458b-2303-4034-a48a-7fe5d6546a81;Restaurant National;Dorfbeiz mit Charakter, mit gemischtem Publikum, feinen Mittagsmenüs, gemütliche Gartenterrasse unter dem Kastanienbaum.;Möglichkeit für Sitzungen, Anlässe bis max. 35 Personen. Frische, regionale Produkte. Gemütliche Zimmer, mit Dusche und WC auf Etage, kein Fernseher, dafür Erholung pur.;9.0870704;47.3007668;Näppisuelistrasse 10;9630;Wattwil;+41 71 988 11 21;info@national-wattwil.ch;http://www.national-wattwil.ch/;[{'@type': 'ImageObject', 'contentUrl': 'https://ostpimtsoch.sos-ch-dk-2.exoscale-cdn.com/catalog/1/4/e/3/14e3eb1e49f8b50caee79a9ade71acb9e8ba50d4_4718966c3deff79c2bfca3908cdb6d0e.jpg'}];2025-10-28T16:23:25+01:00
e8207b29-dc4e-4ab5-b835-293e2a0b99c0;BISTRO Fläsch;Das Bistro Fläsch ist ein Treffpunkt für Weinliebhaber und Geniessende. Es bietet eine Auswahl an Fläscher, italienischen und spanischen Weinen. Ideal für eine Auszeit oder ein spontanes Treffen.;Das Bistro für alle Generationen. Bei uns darfst du entspannte Stunden in angenehmer Atmosphäre verbringen. Geniesse bodenständige Bistrogerichte, auserlesene Weine, oder das Verweilen in netter Gesellschaft für einen spontanen Umtrunk am Feierabend. Für Einheimische, Spaziergänger, Wanderer, Velofahrer, Biker ist unser Bistro der perfekte Ort für eine Verschnaufpause und um neue Energie zu tanken.

Unser Bistro ist der perfekte Treffpunkt für Weinliebhaber und Geniesser. Der Fläscher Wein ist bei uns Trumpf. Er erzählt uns immer eine Geschichte und deutet die Philosophie seines Winzers an. In unserem Weinangebot findest du eine erlesene Auswahl an Fläscher Rot- und Weissweinen.Auch Liebhaber von italienischen und spanischen Weinen werden bei uns auf ihre  Kosten kommen. Geniesse bei uns ein gutes Glas Wein.

Herzlich willkommen in unserem gemütlichen Nichtraucherzimmer, das darauf ausgelegt ist, dir ein Gefühl von Komfort und Geborgenheit zu vermitteln. Unser Zimmer ist liebevoll eingerichtet und bietet eine angenehme Atmosphäre, in dem du dich wohl fühlst. Geniesse die Umgebung und lassen den Alltag hinter dir. Unser Gästezimmer kann für eine oder mehrere Nächte gebucht werden.;9.5112981;47.0248149;Ausserdorf 1;7306;Fläsch;+41813027451;info@bistroflaesch.ch;https://www.bistroflaesch.ch;[{'@type': 'ImageObject', 'contentUrl': 'https://ostpimtsoch.sos-ch-dk-2.exoscale-cdn.com/catalog/d/3/6/e/d36e18698ab039ef8aeb80961473c8d071bc7600_54d8b8674d0230c27e2c35c8f980624f.png'}];2026-04-01T21:16:37+02:00
e846776d-f4e8-44df-8bad-c2ce4a26fe4c;Hedinger Weingut & Kellerei;Hedinger Weingut & Kellerei - Tradition und Innovation seit über 80 Jahren;Bereits seit drei Generationen schlägt das Herz der Familie Hedinger für die Weinherstellung. 
Durch den naturnahen Anbau unserer Reben entstehen die qualitativ hochwertigen Trauben, die wir in der eigenen Kellerei mit viel Leidenschaft und Fachwissen zu Spitzenweinen verarbeiten.

In unserem Concept Stores in Wilchingen und Zürich führen wir neben unseren Weinen und dem hauseigenen Aceto auch dänische Mode, Deko und allerlei Schönes. 

Durch Degustationen und Kellerführungen auf unserem Weingut in Wilchingen führen wir dich in die Welt des Weines ein. Auch ein Besuch in unserer Besenbeiz „Wiiplatz“, wo während der Sommermonate jeden Donnerstagabend der Genuss am Wein zelebriert wird, lohnt sich!;8.466607427760795;47.6677984;Hauptstrasse 46;8217;Wilchingen;+41526812572;weingut@hedinger.ch;http://www.hedinger.ch;[{'@type': 'ImageObject', 'contentUrl': 'https://ostpimtsoch.sos-ch-dk-2.exoscale-cdn.com/catalog/8/e/5/4/8e54fa598ec3ba339c482c0888cbed7a5d04ca6f_699a05602d09437e8a16c5e0ca925f2e.jpg'}];2025-02-17T12:55:49+01:00
e8e5f9b0-fa76-4a15-9a91-f740bb6ca449;Restaurant Grünerbaum;Auf dem SIG Areal in der ehemaligen Eisenbahnwagon-Fabrik am Rhein, direkt beim SBB Bahnhof Neuhausen am Rheinfall, finden Sie das neue Restaurant-Bijou. Die industriellen Räume kombiniert mit den neusten Design-Trends schaffen ein unkompliziertes Ambiente.;Die Gäste dürfen sich auf ein Selbstbedienungsangebot zu Migros-Restaurant-Preisen freuen. Ob zum Znüni, zum Zmittag, zum Apéro oder zum Znacht – im Grünerbaum sollen sich Gäste von den umliegenden Firmen, Neuhauser*innen sowie Touristen aus dem In- und Ausland wohlfühlen. Das Restaurant ist sieben Tage pro Woche geöffnet.

Die Migros verfügt über eine breite gastronomische Kompetenz: Sie führt Migros-Restaurants und Take-Aways sowie diverse Restaurants an Schulen und in Firmen und sorgt mit den hauseigenen Catering Services für kulinarischen Genuss bei privaten und öffentlichen Anlässen. Die Erfahrungen aus all diesen Bereichen fliessen in das Angebot des Restaurants Grünerbaum ein.;8.6190403;47.6793922;Heinrich Moser-Platz 1;8212;Neuhausen am Rheinfall;+41 58 712 01 80;gruenerbaum@gmos.ch;https://www.restaurant-gruenerbaum.ch/;[{'@type': 'ImageObject', 'contentUrl': 'https://ostpimtsoch.sos-ch-dk-2.exoscale-cdn.com/catalog/8/8/5/3/8853ac6f8a41950efb1264174a2868e83a0d217c_7602d4961958d57c5c44b98dba544c7a.jpg'}];2026-01-21T19:38:31+01:00
e9889a9c-034a-4747-a3a2-44ef49d838b4;Landgasthof Wartegg;Der Landgasthof Wartegg in Wigoltingen befindet sich fernab vom hektischen Alltag der Stadt und ist dennoch hervorragend an den Verkehr angeschlossen. Kulinarisch werden die Gäste mit kreativen Gerichten aus regionalen Zutaten verwöhnt.;<p>Der in zweiter Generation geführte Familienbetrieb lebt das Gastgeben mit Leib und Seele. Das spürt man, sobald die Türen geöffnet werden. Tradition und Moderne werden im historischen Gasthof geschmackvoll verbunden. Wer heimelige Räumlichkeiten, Individualität und Genuss miteinander verbinden will, liegt hier goldrichtig. Mit seiner kreativen Küche begeistert Christoph Frei seine Gäste stets aufs Neue. Die Speisekarte wartet mit saisonalen Überraschungen auf. Die Grundlagen für die Zufriedenheit der Gäste wird bereits bei der bewussten Auswahl der regionalen Produkte gelegt. Und seine Leidenschaft für edle Tropfen, drückt Christoph Frei in einer ausgewählten Weinkarte aus. Ob private Feierlichkeiten, genussvolle Diners oder erfolgreiche Geschäftsmeetings – vier verschiedene, charmante Räume bieten für jeden Anlass die richtige Atmosphäre. Die modernen, hellen Hotelzimmer laden zum Übernachten im Herzen des Thurgaus ein.</p>;9.0138914;47.5885859;Müllheimerstrasse 3;8554;Wigoltingen / Hasli;0527700808;info@landgasthof-wartegg.ch;http://www.landgasthof-wartegg.ch/;[{'@type': 'ImageObject', 'contentUrl': 'https://ostpimtsoch.sos-ch-dk-2.exoscale-cdn.com/catalog/5/6/a/7/56a7f4642abba5e1c69e83aec8d2353ce69bd9f7_5d06b6acbab1f2a21dd849841a929aa1.jpg'}];2025-04-23T21:27:29+02:00
e9c8f50d-337a-4b53-be00-e81dcd061a99;Restaurant Rössli Hüsliberg;Ein gemütliches Restaurant mit 100 Plätzen und einer wunderschönen Aussicht auf die sieben Churfirsten.;Ein köstliches Abendessen, ein herzhafter Coupe oder einfach nur ein bisschen verweilen. Und dies alles bei einer wunderschönen Aussicht. Geniessen Sie den  Blick vom Schindelberg, über die sieben Churfirsten und den Speer, bis zum Ricken. Unser Restaurant bietet eine neue Sonnenterasse, eine Veranda, sowie auch den Restaurantbereich. Für Vereine, Gesellschaften oder Hochzeiten bietet sich unser Saal mit Platz für bis zu 100 Personen optimal an. Ob fürs geniessen auf der Terrasse oder auch gemütlich hinterm Haus unter dem Kirschbaum. Egal ob entspannte Sonntagsausflüge, oder auch Wandertage, für jeden ist was dabei. 
Die Kinder können sich auf dem frisch renovierten Spielplatz nach Herzenslust austoben. Dabei haben die Eltern sie immer im Blick und können einen Kaffee unterm Kirschbaum geniessen.
Unser schönes Restaurant ist in wenigen Minuten von Ebnat-Kappel her mit dem Auto oder Töff zu erreichen, sowie auch über sämtliche Wander- und Bikerouten. 
Unser Team verwöhnt Sie gerne mit einheimischer und saisonaler Küche. Von Cordonbleues-Pommes über Fitnessteller, oder kleineren Speisen, bis hin zu Schlorzifladen. Jeder wird fündig. 
Wir freuen und auf Ihren Besuch.;9.132492542266847;47.27229195025512;Hüsliberg 546;9642;Ebnat-Kappel;+41 71 933 13 65;info@roessli-huesliberg.ch;https://www.roessli-huesliberg.ch;[{'@type': 'ImageObject', 'contentUrl': 'https://ostpimtsoch.sos-ch-dk-2.exoscale-cdn.com/catalog/5/2/4/8/52481a238dfec16d2a3f946b9cc3f0fa1a02695c_8a43a5ffdbe7e1b6d28849c1238d194a.jpg'}];2026-04-01T19:44:25+02:00
eabc53c3-c5d3-4378-8175-3b89f2579091;Flurlinger Fonduegondel;Steige ein und geniesse ein Fondue in dieser einmaligen Location.;<p>In der Berggondel direkt am Rhein dein Fondue geniessen. Das ist m&ouml;glich vom 14. November 2025 bis 18. Januar 2026 im Rheintalgarten in Flurlingen. In gem&uuml;tlich eingerichteten Gondeln bieten wir ein einmaliges Erlebnis!</p>;8.626434688621575;47.68601923239259;Gründenstrasse 31;8247;Flurlingen;https://www.flurlingen-fonduegondeln.ch/Kontakt;[{'@type': 'ImageObject', 'contentUrl': 'https://ostpimtsoch.sos-ch-dk-2.exoscale-cdn.com/catalog/2/c/4/2/2c42a8d6bb820f7565d1f0f83344d103b00e12b4_4543c0958eff5b143449a59c29af6c78.jpg'}];2025-10-28T19:06:07+01:00
eacbec32-2d5e-4285-89d9-08d1dc93c69f;Toggenburger Brothandwerk Wildhaus;Unser bestes Produkt ist unser Handwerk. Punkt. Was bei uns aus dem Ofen kommt, ist mehr als nur Brot – es ist Toggenburger Handwerk mit Seele. Geknetet mit Wissen, geformt mit Gefühl, gebacken mit Ausdauer. Keine Tricks, kein Industrie Bla Bla – nur Zeit, Tradition;<p>Tradition, Genuss, Handwerk und manchmal etwas verr&uuml;ckte Zutaten. Entdecken Sie die Welt des echten Toggenburger Brothandwerks! In unserer Backstube verbinden wir traditionelle Rezepte mit regionalen Zutaten und moderner Handwerkskunst. Besucherinnen und Besucher k&ouml;nnen bei F&uuml;hrungen, Backkursen und Degustationen hautnah erleben, wie aus Mehl, Wasser und Leidenschaft ein unvergleichlicher Brotgenuss entsteht. Ein authentisches Erlebnis f&uuml;r Feinschmecker, Familien und Kulturinteressierte &ndash; mitten im Herzen des Toggenburgs.</p>;9.3445284;47.2022145;Hauptstrasse 116;9658;Wildhaus;071 9970671;info@brothandwerk.ch;https://brothandwerk.ch;[{'@type': 'ImageObject', 'contentUrl': 'https://ostpimtsoch.sos-ch-dk-2.exoscale-cdn.com/catalog/0/f/e/a/0feace69c58faeabf441b0f6d477997618d5e9dc_49f451a1bc9efb20938cea60b08028e8.jpg'}];2026-04-01T19:18:22+02:00
eaf47ea7-98ff-4f97-822e-279b73857dde;Weingut Davaz;Das Weingut Davaz in Fläsch bietet eine Vinothek und eine Auswahl an Weinen. Seit 1972 kultiviert die Familie Davaz hier Reben. Die Architektur und die Weine machen es zu einem besonderen Ort für Weinliebhaber.;Das einzigartige Weingut DAVAZ befindet sich inmitten der malerischen Weinberge im herrschaftlichen Fläsch. Seit 1972 werden hier Reben von der Familie DAVAZ angebaut. Bereits zwei Jahre später wurde der erste selbst gekelterte Wein direkt ab Hof verkauft – dieser fand einen hohen Anklang, sodass sich die Produktpalette rund um die eigene Weinproduktion stets weiterentwickelt hat. Mit seiner aussergewöhnlichen Architektur und eigener Vinothek ist das Weingut DAVAZ ein besonderer Ort für Weinenthusiasten.;9.5149195;47.0163005;Porta Rätia 1;7306;Fläsch;+41 81 302 17 10;info@davaz-wein.ch;https://www.davaz-wein.ch;[{'@type': 'ImageObject', 'contentUrl': 'https://ostpimtsoch.sos-ch-dk-2.exoscale-cdn.com/catalog/4/8/1/1/4811bfa7af2e03531c5c0e1c460a64236e255207_3469d799b8c0c86635d312772ce955e4.jpg'}];2026-01-28T22:59:38+01:00
eb1a6dac-1cf7-4955-820b-488b707c6d71;Haus des Weins;Die Vielfalt der St.Galler Weine unter einem Dach erleben.;<p>In Berneck, der gr&ouml;ssten Rebbaugemeinde des Kantons St. Gallen, steht seit Oktober 2018 das Haus des Weins mit seinem markanten Dach f&uuml;r G&auml;ste offen. Jeden Samstag von 14 bis 22 Uhr l&auml;sst sich hier die faszinierende Vielfalt der St. Galler Weine entdecken und nach Herzenslust degustieren. Insgesamt 22 Weinmacher nutzen die stilvolle Plattform und pr&auml;sentieren insgesamt gegen 100 Weine aus den Regionen Rheintal, Sarganserland/Walensee und Z&uuml;richsee. Und nat&uuml;rlich k&ouml;nnen die Lieblingstropfen und weitere feine Produkte aus der Region vor Ort gekauft werden. Die landschaftliche Vielfalt des Kantons St. Gallen erm&ouml;glicht eine &uuml;berraschende Auswahl von Sorten, die in 30 Weinbaugemeinden angebaut werden. Von den Klassikern Pinot noir und M&uuml;ller-Thurgau bis zu trendigen PIWI-Sorten wie Cabernet Jura oder Johanniter. Hervorragend ausgebildete Winzer nutzen die nat&uuml;rlichen Standortvorteile und produzieren Weine, die mittlerweile an internationalen Wettbewerben absolut konkurrenzf&auml;hig sind. Immer wieder wird die M&ouml;glichkeit geboten, vor Ort einen &laquo;Winzer des Monats&raquo; zu erleben und die Weine zu probieren sowie im pers&ouml;nlichen Gespr&auml;ch die Philosophie und Projekte kennen zu lernen. F&uuml;r Kulinarikinteressierte werden das ganze Jahr &uuml;ber interessante Kurse rund um das Thema Wein angeboten. Auf www.hausdesweins-sg.ch sind jeweils die Daten der neusten Weinerlebnisse ersichtlich.</p>;9.60784;47.42556;Obereggerstrasse 8a;9442;Berneck;+41 71 570 57 87;info@hausdesweins-sg.ch;http://www.hausdesweins-sg.ch;[{'@type': 'ImageObject', 'contentUrl': 'https://ostpimtsoch.sos-ch-dk-2.exoscale-cdn.com/catalog/c/c/8/4/cc84d2afa6825ee625779c4c2082f0e518386d30_e9c27bc25b14c2f7135622f1da699fc9.jpg', 'caption': {'de': 'Copyright: Paolo Vaccariello'}}];2026-06-16T20:40:45+02:00
eb875fbc-64fd-4b8c-954d-20b8dfd63d11;Gysel 175 Weingut;Wir sind ein Familienbetrieb aus Wilchingen und bewirtschaften 4 ha Reben.;Drei Generationen arbeiten in unserem Betrieb Hand in Hand.
Im Einklang mit der Natur produzieren wir seit 1980 von Jahr zu Jahr einzigartige Weine.
So zeichnet sich unser Weingut durch viel Engagement, Erfahrung und Herzblut aus.

Wir freuen uns, Sie auf unserer Webseite und natürlich auch persönlich bei uns in Wilchingen zu begrüssen.;8.4646858;47.667766;Hauptstrasse 74;8217;Wilchingen;+41 52 681 25 49;info@gysel175.ch;https://gysel175.ch;[{'@type': 'ImageObject', 'contentUrl': 'https://ostpimtsoch.sos-ch-dk-2.exoscale-cdn.com/catalog/b/8/8/9/b889ee71d73c6119e124ed5fa9e9213adf32fff7_f0127b3a07803c6aa37654c0b7bf9d93.jpg'}];2025-02-17T12:55:49+01:00
ec38a899-f814-48b3-baf8-e61402c059fd;Bäckerei Füger Handmade Rorschach;Mit Cafébar und Bistro;Hier werden die Gäste mit täglich frischem handgemachten Brot, einer vielfältigen Auswahl an Sandwiches, süssen und salzigen Versuchungen verwöhnt. 

An der kleinen Kaffeebar gibt es eine Tasse aromatischer Kaffee und Tee zu geniessen.;9.487519942997125;47.47869965;St.Gallerstrasse 13;9400;Rorschach;+41 71 841 20 16;rorschach@fueger.ch;https://fueger-handmade.ch/rorschach/;[{'@type': 'ImageObject', 'contentUrl': 'https://ostpimtsoch.sos-ch-dk-2.exoscale-cdn.com/catalog/a/b/9/5/ab9599638a96002202629ea99e390faba8c2f2df_d59f8a875dc183068978a20e63eca6d5.png'}];2026-06-16T20:10:27+02:00
ec5f4ddb-9583-40f5-b75a-e57d78b6b4c8;Rohners Dorfbeck;6 Tage in der Woche knusperts hier...;<p>Die B&auml;ckerei Rohner AG ist ein mittelgrosses Unternehmen mit vier Verkaufsstellen. Mitten in St.Georgen befindet sich die Produktion der traditionellen Dorfb&auml;ckerei und die Verkaufsstelle Rohners Dorfbeck. Durch die fr&uuml;hen &Ouml;ffnungszeiten l&auml;sst es sich gut und sorgenfrei in den Tag starten. Rohners Dorfbeck verf&uuml;gt &uuml;ber drei kleine Tische im Innenbereich und zwei kleine Tische im Aussenbereich, die zum Verweilen einladen. Von Montag bis Samstag werden diverse Leckereien aus der Backstube angeboten. Von Hand geformte Brote und Kleinbrote, liebevoll gef&uuml;llte Sandwiches, leckere Fladen s&uuml;ss und salzig, stilvolle Pr&auml;sente und vieles mehr sind tagt&auml;glich in der Auslage zu finden. Das Team von Rohners Dorfbeck freut sich auf Ihren Besuch!</p>;9.3761;47.42237;St. Georgen-Strasse 58;9000;St. Gallen;0712223070;info@rohners-dorfbeck.ch;https://rohners-genusswelt.ch/;[{'@type': 'ImageObject', 'contentUrl': 'https://ostpimtsoch.sos-ch-dk-2.exoscale-cdn.com/catalog/6/c/b/b/6cbbfe681cc55e2aadc89bf152cf599a4862ed60_d1a6f7e643fd55603cf773ad074ccd42.PNG'}];2026-06-16T20:10:27+02:00
ed302d5d-47b1-464a-82e5-ffbf633b156c;La verità - das lokal;Abschalten und italienische Kulinarik und Ambiente geniessen.;<p>Am sch&ouml;nsten Platz in der St. Galler Altstadt in einem sch&ouml;nen Gew&ouml;lbekeller im Haus zur Wahrheit befindet sich das La verit&agrave;. In dem historischen Geb&auml;ude erinnert die alte Stadtmauer an l&auml;ngst vergangene Zeiten. Am langen Tisch, wo man isst und trinkt, plaudert und lacht, treffen Einheimische und Touristen aufeinander. Hausgemachte Antipasti, dazu ein gutes Glas Wein, Mittags die mit Freude gekochte Suppe oder das mit italienischen K&ouml;stlichkeiten gef&uuml;llte Ciabatta - das alles gibt es im La verit&agrave; oder auf dem sonnigen Gallusplatz zu geniessen. Im Eventlokal La stamperia k&ouml;nnen auch Events und Ap&eacute;ros, wie Hochzeiten, Geburtstage oder Meetings und Feiern f&uuml;r Firmen stattfinden.</p>;9.37564;47.42239;Gallusstrasse 32;9000;St. Gallen;+41 71 523 00 77;astrid_kuhn@bluewin.ch;https://www.laverita.ch/;[{'@type': 'ImageObject', 'contentUrl': 'https://ostpimtsoch.sos-ch-dk-2.exoscale-cdn.com/catalog/1/c/2/6/1c26c930478165d056a1fbe519991c301f66330c_576a4e4f5aa8b219ec1bf43859f2e500.jpg'}];2026-01-22T18:30:39+01:00
ee09c4ff-dfe4-4ea7-ad87-0c1307b4b157;Café Varga;Das Café Varga in Walenstadt bietet feine Mittagsmenüs, fantasievolle Kuchen und Torten sowie eine Auswahl an Brotsorten von regionalen Bäckereien. Es ist familienfreundlich und bietet kostenloses WLAN.;Jeder kommt auf seine Kosten. Es werden feine Mittagsmenüs serviert und es befinden sich köstliche Kuchen und Torten in immer neuen fantasievollen Varianten sowie zahlreiche Brotsorten, auch Spezialbrote, von regionalen Bäckereien im Angebot.;9.315140247344972;47.124118951913;Rathausplatz 7;8880;Walenstadt;+41817352020;info@cafevarga.ch;https://cafevarga.ch/index.php/cafe;[{'@type': 'ImageObject', 'contentUrl': 'https://ostpimtsoch.sos-ch-dk-2.exoscale-cdn.com/catalog/9/e/2/6/9e26896b3381fc397d1b2c97858b280e92863c3c_327aa2bdb6748e40389832e063bcebf4.jpg'}];2026-06-30T20:36:10+02:00
eec9716b-8034-4938-84ad-e999f1511335;Kronenhalle;..zum verweilen bei Kaffee und Kuchen, SoftIce oder dem Apéro..;<p>Mit einem freundlichen &laquo;Hallo&raquo; begr&uuml;ssen wir Sie in unserem fast 300 j&auml;hrigen Herrenhaus!</p><p>Bestaunen Sie den renovierten Kalbererstall und die imposante Giebelh&ouml;he der Scheune von fast 18 Metern bei feinstem Kuchen und einer exzellenten Auswahl an Desserts. Oder geniessen Sie am Bach ein leckeres SoftIce oder schon den feinen Ap&eacute;ro.</p>;8.4845902;47.7488818;Randenstrasse 2;8226;Schleitheim;+41 76 267 94 14;kronenhalle8226@gmail.com;https://www.kronenhalleschlaate.ch/;[{'@type': 'ImageObject', 'contentUrl': 'https://ostpimtsoch.sos-ch-dk-2.exoscale-cdn.com/catalog/d/0/a/f/d0af7261eb31b804d275213ff381a5dad9d9d003_f08074dc2cb60b5d14552d0c162a607c.png'}];2025-11-03T18:59:32+01:00
eedc5390-7ccc-4576-9b86-ee17c3a12046;Kaffieggä Café & Rösterei;Das Kaffieggae Café & Rösterei in Bad Ragaz bietet erlesene Kaffeespezialitäten, eine abwechslungsreiche Snack- und Apéro-Karte sowie Barista-Kurse. Ein Ort für Kaffeeliebhaber, der Genuss und Qualität vereint.;Der Treffpunkt für Kaffeeliebhaber in der Region Ein liebevoll eingerichtetes Café, das durch erlesene Kaffee-Spezialitäten begeistert. 
Es bietet mehr als nur Kaffee – mit einer abwechslungsreichen Snack- und Apéro-Karte locken Bier, Wein und erfrischende Apérogetränke für Geniesser. Eltern können entspannte Kaffeemomente geniessen, während sich ihre Kinder in einer separaten Spielecke vergnügen. 
Für Kaffeegenieser, die Qualität schätzen, gibt es einen Showroom mit professionellen Siebträger-Kaffeemaschinen und hochwertigem Zubehör zum Direktkauf. 

Frisch geröstete Kaffeesorten in grosser Auswahl laden ein, diese direkt vor Ort zu geniessen oder bequem mitzunehmen. 
Zudem begeistern spannende Barista-Kurse, ideal für Teamevents, Treffen mit Freunden oder für Liebhaber des guten Kaffees, die ihre Fähigkeiten vertiefen möchten. 

Durch persönliche Beratung erhältst du Antworten auf all deine Fragen rund um die Welt des Kaffees. Und egal, ob direkt im Café, über die Webseite oder telefonisch – das Bestellen und Anfragen ist unkompliziert und flexibel. Ein Ort, der Genuss, Qualität und Erlebnis in einzigartiger Weise vereint.;9.500432996070614;47.00296605;Bartholoméplatz 12;7310;Bad Ragaz;0799042242;hallo@kaffieggae.ch;https://www.kaffieggae.ch/;[{'@type': 'ImageObject', 'contentUrl': 'https://ostpimtsoch.sos-ch-dk-2.exoscale-cdn.com/catalog/3/e/8/0/3e802817b4259f901843ffe2a0282ed54210d93a_643182c77b0326e71a67e8abf0e4420f.jpg'}];2025-11-07T20:22:17+01:00
ef148113-71b5-44b3-b0b3-9f462c9ca59d;Gruebhütte;Die Gruebhütte am Flumserberg bietet 55 Innenplätze und eine Sonnenterrasse. Sie serviert regionale Gerichte und Weine auf über 1800 m. Ideal für Paare und Singles, die nach einem Skitag entspannen möchten.;Die gemütliche Gruebhütte befindet sich direkt unter dem mächtigen Sächsmoor. Das gut gelegene, bediente Feinschmecker-Beizli lädt direkt neben der Skipiste zum Verweilen ein.

Das Restaurant mit 55 Innenplätzen und schöner Sonnenterrasse ist bekannt für die beliebten Gerichte, welche mit frischen Produkten aus der Region gekocht werden. Gerne werden Ihnen feine Köstlichkeiten aus der Küche und dem Weinkeller auf über 1800 m serviert. Runden Sie Ihren Skitag mit einem Besuch in der Grueb ab und geniessen Sie Ihren Aufenthalt.

Es ist kein Zufall, wenn es Ihnen in der Gruebhütte gefällt, es ist das Ziel!;9.242366552352907;47.07217513093822;Molseralpstr. 9;8898;Flumserberg;+41 81 710 14 92;info@gruebhuette.ch;https://www.gruebhuette.ch;[{'@type': 'ImageObject', 'contentUrl': 'https://ostpimtsoch.sos-ch-dk-2.exoscale-cdn.com/catalog/a/1/4/9/a14930c464a35b6cf11459724d04bcdf15b20224_1fa5ccb8b3066c88f05b30ad52e7f37e.jpg'}];2025-07-24T20:17:33+02:00
efc8b8fe-e294-4006-8421-d936d3afd49a;Städtlibeck GmbH;Das Städtlibeck in Walenstadt bietet Brot aus der Showbäckerei, feine Patisserie und Torten sowie Snacks zum Mitnehmen. Das Café lädt zum Verweilen ein und bietet eine Auswahl an lokalen Spezialitäten.;Brot aus der Showbäckerei, feine Patisserie und Torten, Snacks to go und vieles mehr für Walenstadt und die Region.

Geniessen Sie zudem unser Sortiment in unserem Café.;9.3137457;47.1222405;Bahnhofstrasse 25;8880;Walenstadt;+41 81 735 11 66;staedtlibeck@gmail.com;https://www.staedtlibeck.ch/;[{'@type': 'ImageObject', 'contentUrl': 'https://ostpimtsoch.sos-ch-dk-2.exoscale-cdn.com/catalog/d/a/d/2/dad2ca53d2d9e70e446b56a2a070c9b3553e88ea_0bd4286ec2515d8934313e4540932f74.jpg'}];2026-01-19T16:30:25+01:00
efe4ae5a-a140-463a-9aa8-58c976114ed3;Wetli Weine;Vier Brüder - ein Weingut;An den steilsten Südhängen der östlichen Schweiz, führen die Brüder Kaspar jun., Matthias, Florian und Adrian die Weinbautradition ihrer Eltern Kaspar und Susanne Wetli fort. Die aussergewöhnliche Konstellation dieser Winzerfamilie ist schweizweit, wenn nicht sogar weltweit einzigartig. Mit viel Schwung treffen neue Ideen auf traditionelle Werte und bestärken somit das Qualitätsbewusstsein des Weinguts.
Mit rund 18 Hektaren in drei Kantonen stehen die Brüder für ehrlichen, nachhaltigen Weinbau. An den steilen Ausläufern des Appenzeller Hügellandes welche in das Rheintal ragen, finden bewährte Traubensorten wie auch neue Sorten hervorragende Bedingungen vor.
;9.61695;47.42332;Tramstrasse 23;9442;Berneck;+41 71 747 90 90;weine@wetliweine.ch;https://schmidwetli.ch/de/;[{'@type': 'ImageObject', 'contentUrl': 'https://ostpimtsoch.sos-ch-dk-2.exoscale-cdn.com/catalog/1/6/1/4/1614af87047ffa96bee71fa047ca7a5967413dd9_0325c6760801480b0d88cc5a597527dd.jpg'}];2026-06-16T20:40:45+02:00
f1182eb6-4631-4cf8-813c-6eecb64b5d55;Gasthof Eisenbahn;Der Gasthof Eisenbahn ist ein Familienbetrieb im Herzen des schmucken Weinbauerndorfes Weinfelden. Es ist optimal gelegen, in Blickweite zum Bahnhof. Der ideale Ort um sich zu treffen, etwas zu besprechen, zu geniessen und zu übernachten.;Der heimelige Gasthof bietet seinen Gästen modern renovierte, lichtdurchflutete Zimmer mit schlichter, schöner Einrichtung. Die Liebe zum Detail bescheren den Gästen einen Aufenthalt zum rundum wohlfühlen und entspannen. Der Gasthof eignet sich durch seine zentrale Lage für Geschäftsreisende wie Feriengäste gleichermassen.

Die Küche im Gasthof Eisenbahn ist saisonal und regional, Thurgauer Gemüse, Fleisch und Wein, als besondere Spezialitäten «Thurgauer Waldforelle» und «Wild» aus einheimischer Jagd kommen auf den Tisch. Mit Liebe und «Gilde-Manier» zubereitet, nach einheimischen Rezepten, entstehen aus den besten Zutaten überraschende Gerichte.

Das Familienzimmer Schlossblick verfügt über eine Kindernische (140x140cm) und ist geeignet für Kinder bis 8 Jahre.;9.107957;47.5658956;Bahnhofstrasse 2;8570;Weinfelden;+41 71 622 10 60;info@gasthof-eisenbahn.ch;http://www.gasthof-eisenbahn.ch/;[{'@type': 'ImageObject', 'contentUrl': 'https://ostpimtsoch.sos-ch-dk-2.exoscale-cdn.com/catalog/0/3/1/7/03173f7f393c515fcba7576be0129005404abd27_19a0a67d8d5ab9c6e21ce39e3d82cd4d.JPG'}];2025-02-17T13:28:20+01:00
f2ee380e-2a3b-4df9-bf51-fd7b8698d7af;Gmaandhuus Wilchingen;Im Gmaandhuus Wilchingen empfängt Euch nicht nur ein gemütliches Ambiente und köstliches Essen, sondern auch ein eingespieltes Team, das mit Herzblut und Leidenschaft für Euer Wohl sorgt.;Idyllisch gelegen im Dorfkern von Wilchingen empfängt das Gmaandhuus mit seinem einladenden Ambiente und köstlichen Speisen. Das Gasthaus bietet für jeden Anlass den perfekten Rahmen. Die gemütliche Gaststube im Erdgeschoss lädt zum Verweilen und Geniessen ein wobei der Saal im Obergeschoss genügend Platz für Familienfeiern, Vereinsanlässe und andere Festivitäten bietet. Die sonnige Gartenwirtschaft runden das Angebot ab und lädt zu lauen Sommerabenden im Feien ein.;8.46987815;47.667168849999996;Hauptstrasse 21;8217;Wilchingen;+41 52 503 70 30;info@gmaandhuus.ch;https://gmaandhuus.ch/;[{'@type': 'ImageObject', 'contentUrl': 'https://ostpimtsoch.sos-ch-dk-2.exoscale-cdn.com/catalog/e/d/4/e/ed4e24e16120f6478718fd183049bdad6747aa28_bf22b56d8f16b23677b7df978f3cd846.jpg'}];2025-02-17T12:53:53+01:00
f3a3ac7a-efaf-414d-8d42-7ec7f871bdff;Loipenkafi Säntisloipe;Mach es dir im beheizten Loipenkafi oder auf der sonnigen Terrasse bequem.;<p>Freiwillige Helfer und Mitglieder unseres Vereins sind (fast) t&auml;glich f&uuml;r dich vor Ort. Sie servieren dir gerne ein warmes Getr&auml;nk, ein Glas Wein, ein k&uuml;hles Bier. Wolldecken sind vorhanden. Nat&uuml;rlich sind auch Nicht-Langl&auml;ufer herzlich willkommen. Wir f&uuml;hren eine grosse Auswahl an kalten und warmen Getr&auml;nken. Auch f&uuml;r eine kleine Verpflegung ist gesorgt &ndash; zum Beispiel hausgemachter&sbquo; Schlorzifladen vom nahegelegenen Bauernhof. Jeden Winter bieten wir an ausgew&auml;hlten Wochenenden bei sch&ouml;nem Wetter Suppe mit Wienerli an.</p>;9.23628866672516;47.24417361147864;9651;Rietbad (Ennetbühl);[{'@type': 'ImageObject', 'contentUrl': 'https://ostpimtsoch.sos-ch-dk-2.exoscale-cdn.com/catalog/7/2/2/f/722f0ea5001cfcc64421b1828a48ec7d03af0c34_b5e889a7502d83bbbe203f16b531c795.jpg'}];2025-10-28T16:12:59+01:00
f587a179-e12f-48b6-9e53-a54430d40aaf;Restaurant Schwägalp;Einheimische Spezialitäten in modernem Ambiente im Restaurant Schwägalp des «Säntis – das Hotel» geniessen.;<p>Das Restaurant Schw&auml;galp befindet sich im Erdgeschoss des &laquo;S&auml;ntis &ndash; das Hotel&raquo; am Fusse des S&auml;ntis. Die G&auml;ste k&ouml;nnen ihren Blick auf das imposante S&auml;ntismassiv schweifen lassen, w&auml;hrend sie mit typisch regionalen Gerichten auf h&ouml;chstem Niveau verw&ouml;hnt werden.</p><p class="MsoNormal"><strong>Wichtige Information: Die S&auml;ntis-Schwebebahn ist infolge Erneuerung der Bahn vom 1. Mai bis Sp&auml;therbst 2026 eingestellt.</strong></p><p class="MsoNormal"><strong>Das &laquo;S&auml;ntis &ndash; das Hotel&raquo; und die Restaurationsbetriebe auf der Schw&auml;galp sind durchgehend f&uuml;r Sie ge&ouml;ffnet.</strong></p>;9.3188294;47.2563886;Schwägalp 790;9107;Schwägalp;+41 71 365 65 65;kontakt@saentisbahn.ch;https://saentisbahn.ch/essen-trinken/restaurant-schwaegalp/;[{'@type': 'ImageObject', 'contentUrl': 'https://ostpimtsoch.sos-ch-dk-2.exoscale-cdn.com/catalog/d/3/3/e/d33e946dada9412dfc15ea46b769b082c2090ec7_efe2a26ad881c05dda44971ca3488e08.jpg'}];2026-05-05T18:11:42+02:00
f58ae167-11cc-471a-8116-78a4a5add5ad;Café Bar Treppenhaus;Bar, Café, Veranstal­tungen...;Seit Januar 2014 steht das Treppenhaus für rockige Gitarrenwände, durchzechte Barnächte, heiteren Kaffeeplausch mit Kinderveranstaltungen, intensive Tresengespräche mit der weltgewandten Servicefachkraft, heissblütige Jassturniere, tränig-berührendes Singer-Songwriting, nervenaufreibendes Public-Viewing, bezaubernde Chai-Lattes, serviert von noch bezaubernderem, charmant-verkatertem Barpersonal... Die Café Bar Treppenhaus steht für die friedliche Koextistenz diverser Stilrichtungen und Gustos. Es geht darum, etwas zu bewegen in der gastlichen Hafenstadt und dem Treiben den eigenen Stempel aufzuprägen.;9.495297;47.4775716;Kirchstrasse 3;9400;Rorschach;+41 79 789 79 06;info@treppenhaus.ch;http://www.treppenhaus.ch/;[{'@type': 'ImageObject', 'contentUrl': 'https://ostpimtsoch.sos-ch-dk-2.exoscale-cdn.com/catalog/2/f/b/0/2fb0140acdf653f9d62e72432dbfaf3de367b491_64039fec46d7b35dfdf5c01d6e7b323e.jpg'}];2026-06-16T20:10:27+02:00
f615b1b7-6d96-4883-a50a-91cca34e99b8;Restaurant Rathauskeller;Im Herzen von Hallau.;Der Rathauskeller ist für seine traditionelle und abwechslungsreiche Küche bekannt.

Wir verwöhnen unsere Gäste nicht nur mit einfachen aber schmackhaften Klassikern, sondern auch mit einer umfangreiche Getränkekarte, welche sowohl regionale als auch internationale Weine umfasst.;8.4600362;47.6976701;Hauptstrasse 48;8215;Hallau;+4152 681 31 38;info@rathauskeller-hallau.ch;https://rathauskeller-hallau.ch/;[{'@type': 'ImageObject', 'contentUrl': 'https://ostpimtsoch.sos-ch-dk-2.exoscale-cdn.com/catalog/8/d/f/3/8df35da699f4c73f88551f1c7478fabe6dc5c0bc_c43dfba3e0bbc38f044d6a2eea0e0e1c.jpg'}];2025-02-17T12:53:53+01:00
f709b951-11a1-48ac-9c24-f99fc63b605e;Hotel Gasthof zur Bündte;Das Hotel Gasthof zur Bündte in Jenins bietet eine traumhafte Panoramalage inmitten von Reben. Gäste können Bündner Spezialitäten, internationale und asiatische Köstlichkeiten sowie Holzofen-Pizzas geniessen. Die gemütliche Bündteria und sonnige Terrassen laden zum Verweilen ein.;Die traumhafte Panoramalage inmitten von Reben spricht für sich und es darf geschlemmt werden: Bündner Spezialitäten, internationale und asiatische Köstlichkeiten, die besten Holzofen-Pizzas, feine Desserts … alles liebevoll und marktfrisch zubereitet, mit Leidenschaft gewürzt und mit einem Lächeln serviert. Dazu passt ein guter Tropfen aus dem bestens sortierten Weinkeller. Nehmen Sie Platz in romantischen Räumlichkeiten, der gemütlichen Bündteria oder bei schönem Wetter auf den traumhaften Terrassen. Für eine kleine, feine Auszeit zwischendurch empfiehlt sich übrigens das romantische Boutique-Hotel.;9.5540255;47.0008773;Jeninserstrasse 6;7307;Jenins;+41 81 302 12 23;hotel@zurbuendte.ch;https://www.zurbuendte.ch/;[{'@type': 'ImageObject', 'contentUrl': 'https://ostpimtsoch.sos-ch-dk-2.exoscale-cdn.com/catalog/1/c/9/0/1c90df95de7a0451ffe3dd679d78f79631a4031b_8d6b1db93ba116fce6dcdab4bcfde0bd.jpg'}];2026-06-30T21:02:44+02:00
f72f4178-dd2e-46a8-b7c7-08da92862c30;Saurer Garten;Im «Garten» des Saurer Museums befindet sich der Saurer Garten, eine stimmungsvolle Freiluftbar in Arbon direkt am Bodenseeufer. Neben wunderbarer Seesicht erfreut sie mit qualitativ hochwertigen und kreativen Drinks und einem ausgebauten alten Saurer Postauto als Schlechtwetteralternative. ;Die Mischung aus urbanem Ambiente des ehemaligen Industrieareals dahinter und der Arboner Seepromenade davor, machen den Saurer Garten zu einem Lieblingsplatz. Gäste erfreut ein breites und schönes Angebot an Getränken. Vom Morgenkaffee bis zum Apéro und erfrischenden Drinks ist hier alles zu haben. Daneben bietet der Foodtruck Feines zum Naschen. Für Kinder ist ein Sandkasten zum Spielen aufgestellt. Das Industriegebäude hinter dem Garten beherbergt das Saurer Museum. Dieses zeigt die eindrucksvolle Geschichte der Adolf Saurer AG, die lange Zeit bedeutendste Schweizer Herstellerin von Lastwagen und später auch von Textilmaschinen war. Produziert wurde unter anderem am Ort, der heute das Museum beherbergt. Ein Fahrzeug aus der Saurer Erfolgsgeschichte steht denn auch stimmungsvoll im Saurer Garten – ein umgebautes Postauto. Höhepunkt für Kinder: es darf auf dem Fahrersitz Platz genommen werden. Der alte Saurer Bus lässt sich für geschlossene Gesellschaften mieten oder bietet Platz für den Drink und die Apéroplatte bei zweifelhaftem Wetter. Events wie Kindergeburtstage, ein Fondueplausch oder eine private Musiksession werden gerne ausgerichtet. ;9.437921047210693;47.517494214567634;Weitegasse 8;9320;Arbon;+41 76 203 64 66;info@saurergarten.ch;https://www.saurergarten.ch;[{'@type': 'ImageObject', 'contentUrl': 'https://ostpimtsoch.sos-ch-dk-2.exoscale-cdn.com/catalog/2/9/b/4/29b4379f92f5c5aceb81139a11ed986f7ae95f6e_b11b87f75f173afb46c8a8337f401956.jpeg'}];2026-03-17T22:31:49+01:00
f7937dfb-efe9-4dda-aa75-f220db2dc4ab;aagne weingut;Gute Weine aus guten Trauben;«aagne» bedeutet im Dialekt «eigen». Und das sind sie, die Weine vom aagne weingut – selbst gemacht. Seit mehreren Generationen pflegt die Familie Gysel Saxer und ihr Team mit viel Herzblut ihre Weinberge. Mit ihrer Erfahrung und gleichzeitig neuen Ideen vinifizieren sie hervorragende Weine. Das Traubengut stammt aus heimischen Terroirs und wird mit Sorgfalt von Hand gelesen.

Die Weine begeistern die Fachwelt – schon mehrfach wurden sie ausgezeichnet. Die Begeisterung für Rebe und Wein sowie die Motivation etwas Gutes zu produzieren, bilden den Grundstein von «aagne».;8.455532789603831;47.7025139;Oberwiesenstrasse 47;8215;Hallau;+41 52 681 38 10;info@aagne.ch;http://www.aagne.ch;[{'@type': 'ImageObject', 'contentUrl': 'https://ostpimtsoch.sos-ch-dk-2.exoscale-cdn.com/catalog/7/5/1/7/75172b5e55bbe83743b12fdb3d3c8c17383d5b9d_6a7e2909d98227ad5e6ab5ffd5190731.jpg'}];2025-10-28T19:08:00+01:00
f8fc3451-ec4f-4153-8e69-5921bc35694e;Sigrist Weinbau - Eigenkelterung;Qualitätsweine seit 1977;Am südlichsten Punkt des Kantons Schaffhausen befindet sich unser 11.3ha umfassende Familien-Betrieb. Die 0.7ha Reben bewirtschaften und pflegen wir in 3. Generation das ganze Jahr in liebevoller Handarbeit. Genau so liebevoll keltern wir auch unsere Weine im eigenen Keller selbst ein.

Unser Sortiment umfasst verschiedene Weine aus unserer Blauburgunder-Traube, wie den Federweisser, den Rosé, den klassischen Blauburgunder und den «Alti Rebe» Pinot Noir Barrique, den wir aufgrund unserer über 40 Jahre alten Rebstöcken keltern dürfen. Abgerundet wird unser Angebot durch die Weissweine Riesling-Silvaner und Chardonnay Barrique.

Besuchen Sie uns gerne im schönen Murkathof und probieren Sie unsere trockenen Weine oder schauen Sie gerne auf unserer Homepage www.sigrist-weine.ch oder auf Facebook und Instagram unter @sigristweine vorbei.;8.5584032535553;47.55750130059444;Murkathof 8;8454;Buchberg;+41 44 867 25 37;sigrist-weine@bluewin.ch;http://www.sigrist-weine.ch/;[{'@type': 'ImageObject', 'contentUrl': 'https://ostpimtsoch.sos-ch-dk-2.exoscale-cdn.com/catalog/6/9/8/0/69809e6b5fb84f5d7f64281fbeb999054a539f1d_dc82def04e14eedcd27184b3b764927a.jpg'}];2025-02-17T12:55:49+01:00
f9306689-f765-4542-a95e-6391956f1a0d;Cafe Thurbeck Nesslau;Mit Stolz und grosser Leidenschaft sorgen wir seit 2013 für Dein Genuss. Dich tagtäglich mit unseren frischen Köstlichkeiten glücklich zu machen, ist unser oberstes Ziel.;Mit Stolz und grosser Leidenschaft sorgt das Thurbeck Team, das von Roger und Rahel Wichser geführt wird seit 2013 für Dein Genuss. Dich tagtäglich mit unseren frischen Köstlichkeiten glücklich zu machen, ist unser oberstes Ziel. Wir beliefern Firmenkunden, stärken Schüler sowie Angestellte von regionalen Unternehmen mit unserem Znüni-Service, organisieren Deinen Apéro oder bedienen Dich mit grosser Freude in unserem Ladenlokal in Wattwil. NACHHALTIGKEIT und REGIONALITÄT wird bei uns grossgeschrieben. So verarbeiten wir ausschliesslich natürliche und gesunde Rohstoffe aus dem Toggenburg und verzichten auf chemische Zusatzstoffe. Als innovatives Team entwickeln wir uns stetig weiter und erachten Kundenwünsche als wertvollen Input.;9.199265506107833;47.2257206;Hauptstrasse 29;9650;Nesslau;071 988 11 61;info@thurbeck.ch;https://www.thurbeck.ch/;[{'@type': 'ImageObject', 'contentUrl': 'https://ostpimtsoch.sos-ch-dk-2.exoscale-cdn.com/catalog/4/f/f/6/4ff66229871748fec97846588b6b125f67f18c9c_6e4bd3a8537ea6b48fef614bf25580cd.jpeg'}];2025-02-17T13:47:43+01:00
fa666890-e27f-4d04-8d15-47baab08fe83;Maja Take Away;Stärkung für unterwegs auf dem Witzweg ;Hungrige und Durstige verköstigt Maja Maier beim Take-away-Stand auf dem Chistenpass im Wolfhäldliger Weiler Sonder. Im Angebot sind erfrischende Getränke, selbst gemachter Kartoffelsalat, Schnitzelbrot, Pommes frites und Würste vom Grill - eine ideale Stärkung, um den zweiten Teil des Witzwegs in Angriff zu nehmen. 
In Absprache mit Maja Maier kann auch ein Gruppenapéro vor Ort organisiert werden.
;9.572825431823732;47.44878374669434;Sonder 646 ;9427 ;Wolfhalden;+41 79 441 41 93;fam.majamaier@outlook.com;[{'@type': 'ImageObject', 'contentUrl': 'https://ostpimtsoch.sos-ch-dk-2.exoscale-cdn.com/catalog/c/4/5/0/c4506c129caca4912b39714833e62579e1f5179d_12863e98d688bf0e6dd082dbbd987be9.jpg'}];2025-02-17T09:55:13+01:00
fa9df1d9-d504-4b3d-9b48-bf340d3664f6;Mosteria Bussinger;Die Mosteria Bussinger ist ein Event-Lokal und Verkaufsladen in Hüttwilen, mitten im schönen Seebachtal. Das kleine Familienunternehmen bietet ganzjährig spannende Führungen durch die Mosterei mit anschliessender Degustation der Most- und Ciderspezialitäten an.;Die Mosterei Bussinger besteht seit 1955 und ist seither ein Familienunternehmen. Neben der Mosterei führt der Familienbetrieb einen Verkaufsladen, bietet Betriebsführungen an und stellt eine Fläche für Events und Degustationen zur Verfügung. 

Im Eventbereich werden unbeschwerte Feste gefeiert. Die Familie Bussinger geht gerne auf die Wünsche der Gäste ein. Die Mosteria bietet Platz für 40 Personen und hat eine überdachte Terrasse für ungefähr 20 Personen.

Der Verkaufsladen bietet verschiedene Apfel- und Most-Spezialitäten an. Ein spezieller Hingucker sind die Produkte aus der Apfelsorte «Red Love». Die Getränke können in gemütlicher Atmosphäre degustiert werden. Es werden auch gerne individuelle Geschenke zusammengestellt.

Für Gruppen ab zehn Personen werden Führungen durch die modern eingerichtete Mosterei angeboten. Anschliessend werden die beliebten Most- und Ciderspezialitäten von Bussingers in der Mosteria degustiert.;8.8678717;47.6089177;Im Letten 14;8536;Hüttwilen;+41 52 747 16 35;info@mosteria.ch;https://mosteria.ch/;[{'@type': 'ImageObject', 'contentUrl': 'https://ostpimtsoch.sos-ch-dk-2.exoscale-cdn.com/catalog/b/1/9/c/b19c11638fd253a011872ad5ce35ed1477ca73bf_8421ef90d78258f098082651a190dd61.jpg'}];2025-04-09T21:17:36+02:00
fb6ab962-790a-484f-be30-a3d32ce292be;Espel Pavillon;Geniessen Sie Flammkuchen, heisse Suppen und Schlorzifladen auf der Sonnenterrasse direkt am Pistenrand;Direkt bei der Talstation der Stöfeli Bahn wurde 2017 der Espel Pavillon errichtet. Genau wie bei den vorherigen Projekten, dem Gipfelrestaurant und der Stöfeli Bahn, wurde das Architekturbüro Herzog & de Meuron für die Gestaltung beauftragt.

Durch seinen rechteckigen Holzbau mit dem kurzen First ist der Pavillon im Landschaftsbild eingebettet und behauptet sich als eigener Bautypus, wo First und Fassade einen originellen Zusammenhang darstellen. Die Verwandtschaft zum Gipfelgebäude ist dank der Holzfassade gut erkennbar.

Mit seiner grosszügigen Sonnenterrasse lädt er zum Verweilen ein und bietet den Gästen Platz, Toggenburger Spezialitäten direkt am Pistenrand zu geniessen. In der gemütlichen Gaststube bestehen weitere Plätze für das Entspannen und Geniessen an kalten und stürmischen Wintertagen zur Verfügung.;9.320333003997805;47.1842732038149;Oberguetstrasse;9657;Unterwasser;+41 71 998 68 10;info@chaeserrugg.ch;https://www.chaeserrugg.ch/de;[{'@type': 'ImageObject', 'contentUrl': 'https://ostpimtsoch.sos-ch-dk-2.exoscale-cdn.com/catalog/f/c/4/3/fc4369834eddc1c105d9d6ecdd837465da98a8b4_effea710ceb4121930bbd2700a04f734.JPG'}];2026-05-13T19:51:45+02:00
fbb854a7-b9d2-49cb-af5d-bea19f29dc26;Santa Lucia Schaffhausen;Das Beste aus der italienischen Küche;Im Ristorante Santa Lucia mitten im Herzen der Stadt Schaffhausen geniessen Pizza- und Pasta-Liebhaber mediterrane Gerichte aus dem südlichen Nachbarland. Freunde der italienischen Küche kommen dabei voll auf ihre Kosten. Von Bruschette, über Pizza und Pasta bis hin zum Tiramisù – im Santa Lucia muss man auf keinen der italienischen Klassiker verzichten. Die knusprigen Pizze kommen direkt aus dem Holzofen auf den Tisch, die Pasta-Variationen sowie die typischen Fleisch- und Fischgerichte lassen keine Wünsche offen. Im Sommer lädt die Terrasse auf dem Fronwagplatz ein zum Sehen und Gesehen werden.;8.6332805;47.6970579;Schwertstrasse 1;8200;Schaffhausen;0794653302;benjamin.budmiger@bindella.ch;http://www.bindella.ch/de/santa-lucia-schaffhausen.html;[{'@type': 'ImageObject', 'contentUrl': 'https://ostpimtsoch.sos-ch-dk-2.exoscale-cdn.com/catalog/1/b/a/2/1ba23eca16302262ec2e1b11eb31b7d0e066e7f3_d39ff07f7de8a5d352c0b280a0ebcf67.jpg'}];2025-02-17T12:53:53+01:00
fc27281a-d059-497f-8990-9bae0d00648c;Strandlokal Neptun;Das Strandlokal neptun in Walenstadt liegt direkt am Walensee und bietet eine schöne Terrasse. Es ist ein Saisonbetrieb, der bei schönem Wetter täglich ab 9 Uhr geöffnet ist. Besucherinnen und Besucher können sich auf kühle Getränke und Verpflegung im Gartenrestaurant oder als Take-Away freuen.;<p>Ein sch&ouml;nes Strandlokal direkt am Walensee.</p>;9.3028416;47.1259165;Kasernenstrasse 10;8880;Walenstadt;+41 79 447 67 77;m.murphy@bluewin.ch;https://restaurant-neptun.ch/;[{'@type': 'ImageObject', 'contentUrl': 'https://ostpimtsoch.sos-ch-dk-2.exoscale-cdn.com/catalog/5/6/b/8/56b8ba0bbb1684626669a0d4b6c310035b50a793_0bd0f01b04e6067172e955c56b85675b.jpg'}];2026-07-07T21:00:09+02:00
fd00ea7f-4e33-491a-a97f-47f468bf2757;Wirtschaft zum Frohsinn Landschlacht;Die Wirtschaft Frohsinn in Landschlacht liegt ländlich in einem wunderschönen 200-jährigen Riegelhaus oberhalb des Bodensees. Sie überzeugt mit herzlicher Gastfreundschaft und traditioneller, währschafter und qualitativ hochwertiger Schweizer Küche. ;In der Wirtschaft zum Frohsinn in Landschlacht werden in urgemütlichem Ambiente vielfältige Schweizer Saison- und Grillspezialitäten serviert. Das Geschnetzelte mit Rösti etwa ist ein Höhepunkt auf der Speisekarte, aber auch die Grilladen überzeugen. In dem altehrwürdigen Reigelhaus in Landschlacht steht ein Meister am Grill. Hervorragende Qualität wird hier auf den Punkt gebraten. Fleischliebhabende kommen im Frohsinn also auf ihre Kosten. Aber auch die mit viel Leidenschaft gekochten vegetarischen Speisen, der familiäre und zuvorkommende Service, die vernünftigen Preise und das urgemütliche Ambiente erfreuen die Gäste. Im Sommer spendet die Plantane auf dem Gartensitzplatz Schatten und angenehm kühle Temperaturen.  

Eine vorgängige Reservation im oft ausgebuchten Restaurant wird empfohlen. ;9.2480474;47.6246928;Vorderdorfstrasse 16;8597;Landschlacht;0716951175;frohsinn.landschlacht@bluewin.ch;https://thurgau-bodensee.ch/de/maps/wirtschaft-zum-frohsinn-fd00ea7f-4e33-491a-a97f-47f468bf2757.html;[{'@type': 'ImageObject', 'contentUrl': 'https://ostpimtsoch.sos-ch-dk-2.exoscale-cdn.com/catalog/8/e/8/5/8e85d9f1d1370e1a6dad54d1c98d3d91f34d7a9e_1daa0b81ebe681bf8638644d49449439.jpg'}];2025-02-17T13:28:20+01:00
fd49c941-ec8f-4637-935c-1fc8c58c8667;News Café Musikbar;Die News Café & Musikbar - wo man sich trifft im Herzen von St.Gallen.;Im Herzen von St.Gallen befindet sich die News Café & Musikbar: Das News. Ein Ort wo sich Genuss und Kommunikation treffen. Das Lokal besticht durch ein geschmackvolles Ambiente kombiniert mit einem attraktiven Angebot an Getränken und Snacks sowie einem breiten Medienangebot. Bei warmen Temperaturen lädt die Sonnenterrasse zum Geniessen ein. 

Die News Café & Musikbar bietet sowohl Frühstück und Brunch als auch Mittagessen und diverse Snacks an. Feine Cocktails und Apéros runden das Angebot ab.;9.37409;47.42524;Oberer Graben 8;9000;St. Gallen;+41712222223;info@newscafebar.ch;https://newscafebar.ch/;[{'@type': 'ImageObject', 'contentUrl': 'https://ostpimtsoch.sos-ch-dk-2.exoscale-cdn.com/catalog/e/3/7/c/e37c76240df4df039d6d756be10997183346fba0_c276e320c7ab0434d0cc6e9a1a2e2a74.png'}];2025-03-24T13:55:28+01:00
fe1afd48-77bb-40c9-a9b2-fb075b2af2ea;Enderlinhütte SAC;Die Enderlinhütte SAC in der Bündner Herrschaft bietet 25 Schlafplätze und eine Sonnenterrasse mit Blick auf die Umgebung. Im Sommer können lokale Köstlichkeiten im Restaurant genossen werden. Im Winter ist die Hütte geschlossen.;<p>Die SAC-Blockh&uuml;tte verf&uuml;gt &uuml;ber 25 Schlafpl&auml;tze. Auf der Sonnenterrasse geniesst man den Blick auf die untenliegende B&uuml;ndner Herrschaft. Einheimische K&ouml;stlichkeiten kann man &uuml;ber die Sommermonate im Restaurant geniessen. Im Winter ist die H&uuml;tte nicht erreichbar.</p>;9.551482199137931;47.03882085;SAC-Hütte;7304;Maienfeld;+41 79 681 61 29;enderlin@sac-piz-sol.ch;https://www.sac-piz-sol.ch/huetten;[{'@type': 'ImageObject', 'contentUrl': 'https://ostpimtsoch.sos-ch-dk-2.exoscale-cdn.com/catalog/1/2/9/3/1293f523a50b1c631bb4ad4863520b80604aff9b_80f4f1754cc31a89eae9eb8d65e17c50.jpg'}];2026-09-08T20:57:01+02:00
fe34e6f6-38b3-4b8f-8880-ea618d6c0898;Bistro & Bar Holländer;Das Bistro & Bar Holländer in Landquart bietet italienische und einfache Küche. Gäste können drinnen oder auf der Sonnenterrasse entspannen. Kostenloses WLAN und Parkplätze sind verfügbar. Haustiere sind willkommen.;Bei uns können Sie einen hervorragenden Café geniessen, ausgezeichnet zu Mittag oder Abendessen und am Abend eine schöne Bar-Atmosphäre erleben, mit chilliger Musik. Das Ambiente auf unserer Sonnenterrasse macht Lust auf mehr.;9.5629396;46.9678616;Kantonsstrasse 24;7302;Landquart;+41 81 322 26 79;info@hollaender.ch;http://www.hollaender.ch;[{'@type': 'ImageObject', 'contentUrl': 'https://ostpimtsoch.sos-ch-dk-2.exoscale-cdn.com/catalog/5/c/b/8/5cb85f24e30cd3ae604c7ccc7426101dff1427bf_f13829c4159c98f7130376beec193f19.jpeg'}];2025-07-24T20:15:47+02:00
ff12a426-f852-4ffb-aa28-067c91e1a8f5;Erlebnis Waldegg - Essen im Schnuggebock & Restaurant;Das passende Erlebnis: Ob in der gemütlichen Waldegg, im heimeligen Schnuggebock, im lustigen Schulzimmer Tintelompe oder in der gut duftenden Backstube Ziiträdli.;Im Schnuggebock wurde die Zeit behutsam zurückgestellt. In der währschaften Appenzeller Kost präsentiert sich das Beste von Gestern. Einheimische Äpfel statt exotische Orangen, Käse aus hauseigener Produktion, knuspriges Brot. Hier bei Grosi geht alles einen Tick langsamer, genussvoller. Lehnen Sie sich zurück und erfahren Sie die echte Appenzeller Gastfreundschaft.

Im Restaurant Waldegg erwartet Sie hingegen eine zeitgemässe Küche, facettenreich aber bodenständig, essentiell aber raffiniert, lokal aber weltoffen. Die Mission ist es, frische Produkte mit handwerklichen Verfahren so zuzubereiten, dass ihr ursprünglicher Charakter erhalten bleibt und die puren, reinen Aromen zur Geltung kommen. Das Restaurant Waldegg verfügt über eine gemütliche Gaststube mit Kachelofen, einen festlichen Saal bis zu 50 Personen und einer grossen Gartenwirtschaft mit herrlichem Blick in den Alpstein.;9.4106039;47.4027945;Waldeggstrasse 977;9053;Teufen;+41 71 333 12 30;http://www.waldegg.ch/;[{'@type': 'ImageObject', 'contentUrl': 'https://ostpimtsoch.sos-ch-dk-2.exoscale-cdn.com/catalog/a/a/5/d/aa5d34958510bcb48b8f730f3a03040bfead168c_fcd846629c123213b26ca80595aa494b.jpg'}];2025-02-17T09:55:13+01:00
ff25f490-dad6-4681-b6ab-6453e4f996c1;Cottinelli Weinbau;Cottinelli Weinbau in Malans GR bietet eine einzigartige Eventlocation für Geburtstage, Hochzeiten und Firmenanlässe. Gruppen bis zu 80 Personen können hier feiern. Führungen und Weinverkostungen mit Bündnerweinen sind ab 10 Personen möglich.;Unser Gesellschaftsraum Torkel eignet sich als besonderen Ort für Geburtstage, Hochzeite, Firmenanlässe oder Familienfeiern. Platz finden Gruppen bis zu ca. 80 Personen. Kulinarisch verwöhnt Sie ein Catering nach Ihrer Wahl.

Geführte Betriebsführungen mit anschliessender Degustation verschiedener Bündner Weine sind für Gruppen ab zehn Personen möglich. Während der Weinverkostung werden die edlen Tropfen von frisch aufgeschnittenem Bündner Rohschinken sowie würzigem Bündner Alpkäse und frischem Brot begleitet.;9.563749;46.9701756;Karlihofstrasse 11;7208;Malans GR;+41 81 300 00 30;malans@plozzawinegroup.ch;https://www.plozzawinegroup.ch;[{'@type': 'ImageObject', 'contentUrl': 'https://ostpimtsoch.sos-ch-dk-2.exoscale-cdn.com/catalog/0/e/d/5/0ed56706c161752006ced8750ee4b7250f7820ec_7d8eb0d25abf45ca8215af5e49945599.jpg'}];2025-12-04T22:48:04+01:00
ff92ed64-5612-4226-a2eb-5ba6bb66e35c;Badi Beiz Strandbad Ermatingen;Das idyllisch am Bodensee gelegene Strandbad Ermatingen bietet Erholung inmitten herrlicher Natur. Ein besonderes Highlight ist die charmante Badi Beiz, die direkt am Wasser mit kulinarischen Köstlichkeiten verwöhnt.;<p>Das Strandbad Ermatingen besticht durch seine ruhige Lage und den direkten Zugang zum Bodensee und ist der ideale Ort f&uuml;r erholsame Stunden am See. Eingebettet in die herrliche Natur l&auml;dt es zum Schwimmen, Sonnenbaden oder einfach zum Entspannen ein. Die Badi Beiz, ein gem&uuml;tlicher Kiosk, rundet das Erlebnis ab: Hier geniessen die G&auml;ste erfrischende Getr&auml;nke und regionale K&ouml;stlichkeiten. Der Blick auf den See und die entspannte Atmosph&auml;re machen die Badi Beiz zu einem beliebten Treffpunkt. Ein besonderer Tipp: Den Tag bei Sonnenuntergang in dieser traumhaften Kulisse ausklingen lassen. Regelm&auml;ssige Live-Musik-Anl&auml;sse sorgen zus&auml;tzlich f&uuml;r stimmungsvolle Abende und in den Wintermonaten bietet ein Pop-up-Restaurant im beheizten Zelt gem&uuml;tliche Stunden direkt am See.<br><br>Die Badi Beiz ist in der Regel w&auml;hrend den &Ouml;ffnungszeiten des Strandbades ge&ouml;ffnet.</p>;9.0729008;47.6714048;Westerfeldstrasse 48;8272;Ermatingen;+41 79 8544467;trivion@gmx.ch;https://www.badi-ermatingen.ch;[{'@type': 'ImageObject', 'contentUrl': 'https://ostpimtsoch.sos-ch-dk-2.exoscale-cdn.com/catalog/3/2/0/3/3203f3fb05b36c29aa265d682829faf7f7abb290_31c3ae9e7b2a63b07b3a39f15206b011.jpg'}];2026-03-17T23:02:51+01:00
