{"type": "FeatureCollection", "features": [{"type": "Feature", "properties": {"identifier": "007e2ded-e0f5-434d-a490-282c1b788ff3", "name": "WeinKeller.sh", "description": "Wir bewirtschaften die steilsten und besten Rebberge von Schaffhausen bis Diessenhofen. Besonders stolz sind wir auf unsere Spitzenweine vom Stadt Schaffhauser Heerenberg, dem \u00e4ltesten Rebberg auf Stadtgebiet. Hoch \u00fcber dem Rhein an bester Lage gedeihen Pinot blanc, Pinot gris, Chardonnay und Pinot noir. Seit 2014 bereichern die Diessenhofer Weine, B\u00fcrgerwy und Stadtwy unser Sortiment.\nUnser Sortiment reicht von weissen Spezialit\u00e4ten, \u00fcber s\u00fcffige Cuv\u00e9es zu kr\u00e4ftigen Rotweinen, bis zum einzigartigen Dessertwein.\n\nWir sind stolz, schon zum 3. Mal (2014, 16, 19) mit unserem Heerenberger Pinot blanc den Spezialpreis bester Pinot blanc am Mondial des Pinots in Sierre bekommen zu haben. Auch unsere anderen Weine werden regelm\u00e4ssig national und international sehr gut ausgezeichnet.\n\nIn unserem wundersch\u00f6nen Gew\u00f6lbekeller in der Schaffhauser Altstadt beim Schwabentor f\u00fchren wir mit Begeisterung und Leidenschaft Weinverkauf, Degustationen, Ap\u00e9ros und sonstige Events durch.\n", "url": "http://www.weinkeller.sh/", "image": "https://ostpimtsoch.sos-ch-dk-2.exoscale-cdn.com/catalog/8/8/4/5/8845e6d6b6f90f3df603bb768c1025cb59673bc9_bfa824cdb90c84af95800fd90d212ead.jpg", "openstreetmap_id": "node/2960416152"}, "geometry": {"type": "Point", "coordinates": ["8.6352854", "47.6992962"]}}, {"type": "Feature", "properties": {"identifier": "00a73240-b8d0-4ed9-80af-87cc16f101ad", "name": "Caf\u00e9-Bar Bahnhof Unterwasser", "description": "Kaffee und Fr\u00fchst\u00fcck, heisse Sandwiches und erfrischende Cocktails: Die Caf\u00e9-Bar im neuen Bahnhof Unterwasser ist t\u00e4glich, freitags und samstags bis Mitternacht, ge\u00f6ffnet und bietet den perfekten Ort, um zusammen zu kommen.\n\nDie Caf\u00e9-Bar befindet sich im Bahnhof Unterwasser, entworfen von den Weltklasse Architekten Herzog & de Meuron, und bietet sowohl drinnen als auch draussen Pl\u00e4tze zum Verweilen. Die Caf\u00e9-Bar grenzt direkt an die Halle, in welcher die neue Standseilbahn in Unterwasser einf\u00e4hrt. Zus\u00e4tzlich lassen sich hier auch Spezialit\u00e4ten aus der Region finden und beispielsweise K\u00e4se als Mitbringsel mit nach Hause nehmen.", "url": "https://www.chaeserrugg.ch/de/cafe-bar-bahnhof-unterwasser", "image": "https://ostpimtsoch.sos-ch-dk-2.exoscale-cdn.com/catalog/8/0/4/9/8049dfb054c2f734df0bac64a378e4f0da55176e_7204402d2c64fce711964fa7ce31ac37.jpg", "openstreetmap_id": "node/2305447464"}, "geometry": {"type": "Point", "coordinates": ["9.309121370315554", "47.194764931669525"]}}, {"type": "Feature", "properties": {"identifier": "010196e3-3f90-424d-b48b-b41fd0814979", "name": "Panoramarestaurant Maschgenkamm", "description": "Geniessen Sie im h\u00f6chstgelegenen Gastronomiebetrieb am Flumserberg die Panoramaaussicht auf die umliegende Bergwelt. Lassen Sie Ihren Blick auf der einen Seite entspannt \u00fcber die Weite des Spitzmeilen-Gebiets mit dem charakteristischen Wahrzeichen, dem 2501 m hohen Spitzmeilen, schweifen oder werden Sie auf der anderen Seite von der magischen Churfirsten- und Alvierkette mit ihren zackigen Gipfeln hoch \u00fcber dem Walensee verzaubert.\n\nIm hellen Rundbau stehen Ihnen 80 Sitzpl\u00e4tze zur Verf\u00fcgung. Im ger\u00e4umigen Saal k\u00f6nnen 240 G\u00e4ste den Blick auf die Churfirsten geniessen und das gem\u00fctliche St\u00fcbli bietet 48 Pl\u00e4tze mit bester Sicht auf das Spitzmeilengebiet. Auf der riesigen Sonnenterrasse k\u00f6nnen 600 G\u00e4ste gleichzeitig das atemberaubende Panorama bestaunen (200 Sitzpl\u00e4tze). Zudem stehen Liegest\u00fchle zur Verf\u00fcgung.", "url": "https://www.maschgenkamm.ch", "image": "https://ostpimtsoch.sos-ch-dk-2.exoscale-cdn.com/catalog/5/d/1/9/5d1924adc6b594bc583916057729db348cdb299e_72cbf5c27bc50096c814636334fe2c05.jpg", "openstreetmap_id": "node/412783253"}, "geometry": {"type": "Point", "coordinates": ["9.2535677", "47.0696724"]}}, {"type": "Feature", "properties": {"identifier": "01282b25-f32c-49ef-9f0e-54b3c3eafc24", "name": "BeDas Cafe GmbH", "description": "Im BeDas Cafe sind B\u00e4ckereiartikel aller Art, Geschenke, selbstgemachte Patisserie und Geb\u00e4cke im Angebot. Im Caf\u00e9 geniessen Sie die frischen Produkte vor Ort \u2013 und dazu den besten Kaffee im Herzen von Heiden. Es ist ein gem\u00fctlicher Treffpunkt f\u00fcr alle. Ob zum Zmorge, zum Zn\u00fcni oder zum Dessert, bei uns sind Sie an der richtigen Adresse.\n", "url": "https://bedas-cafe.ch/", "image": "https://ostpimtsoch.sos-ch-dk-2.exoscale-cdn.com/catalog/9/7/4/0/974033b5aae81fc66e38843707d14135afb7caea_b45e770d3771b986089b480e6c53b0c8.jpg", "openstreetmap_id": "253241544"}, "geometry": {"type": "Point", "coordinates": ["9.53607805767112", "47.44562202047335"]}}, {"type": "Feature", "properties": {"identifier": "018b8384-25a2-43fa-a073-0e3873d4e657", "name": "Caf\u00e9-Conditorei Keller", "description": "Idealer Start f\u00fcr Wanderungen, Velotouren oder Ausfahrten ins herrliche Taminatal.\nUnser gem\u00fctliches Caf\u00e9-Restaurant, die Pf\u00e4ferser\n\"Tube\", l\u00e4dt zum Verweilen f\u00fcr Jung und Alt ein.", "url": "http://www.baeckerei-keller.ch", "image": "https://ostpimtsoch.sos-ch-dk-2.exoscale-cdn.com/catalog/2/d/b/e/2dbec7561936929abfd006bf5868cbd33ca757e7_daea4bb2dc84db5c2a5dd23f44d4bd7f.jpg", "openstreetmap_id": "way/335114821"}, "geometry": {"type": "Point", "coordinates": ["9.500615394973318", "46.98879345"]}}, {"type": "Feature", "properties": {"identifier": "019f2a07-7aba-4900-8c92-c560af420c64", "name": "Restaurant Appenzeller Schauk\u00e4serei", "description": "Im Restaurant f\u00fchlt man sich sofort wohl und kann t\u00e4glich durchgehend warm essen. K\u00e4se ist nat\u00fcrlich der Trumpf auf der Speisekarte. Zudem gibt es jeden Sonntagmorgen ein reichhaltiges Fr\u00fchst\u00fccksbuffet. Und auch f\u00fcr jene, die gerne selber kochen, bietet das H\u00f6ckli eine Attraktion: Im K\u00e4sekessi k\u00f6nnen die Besucherinnen und Besucher K\u00e4seh\u00f6rnli zubereiten.", "url": "https://www.schaukaeserei.ch/restaurant", "image": "https://ostpimtsoch.sos-ch-dk-2.exoscale-cdn.com/catalog/0/2/f/9/02f9863559cb435d2f2b35f163c9ba65b4454364_7fcbbd8681902133922cd8d781fd6196.jpg", "openstreetmap_id": "6815539131"}, "geometry": {"type": "Point", "coordinates": ["9.344723", "47.373531"]}}, {"type": "Feature", "properties": {"identifier": "03589bc2-c96d-492a-9ee0-0fdb8b37963b", "name": "Trotte L\u00f6hningen", "description": "Die Trotte L\u00f6hningen ist eine Genossenschaft mit einer Tradition seit 1951. David Walter \u00fcbernimmt 2019 die Gesch\u00e4ftsf\u00fchrung von seinen Eltern mit jungen Jahren. Mit frischem Wind f\u00fchrt er die Genossenschaft und \u00fcbernimmt die Weinproduktion. Das Traubengut f\u00fcr die Weinbaugenossenschaft stammt aus L\u00f6hningen und dem Nachbardorf Beringen. Mit Sachverstand, Idealismus und einer grossen Verbundenheit zum Weinbau hegen und pflegen die 28 Winzer und Winzerinnen ihre Reben zum Grossteil in Handarbeit. \n\nInsgesamt neun Traubensorten werden auf rund 11 Hektaren angebaut. Die kalkhaltigen und flachgr\u00fcndigen B\u00f6den des Randens bringen einen ganz speziellen, Muskat betonten, fruchtigen und eleganten Riesling-Silvaner hervor. Aus diesem Grund sind in L\u00f6hningen etwa 70% der Rebfl\u00e4che mit dieser Sorte bestockt. L\u00f6hningen die weisse Insel im Schaffhauser Blauburgunderland. Die kr\u00e4ftigen und f\u00fclligen Rotweine gedeihen in den tiefgr\u00fcndigeren Lagen in Richtung Beringen.", "url": "http://www.trotte.ch/", "image": "https://ostpimtsoch.sos-ch-dk-2.exoscale-cdn.com/catalog/e/1/b/b/e1bbddf832b7fa0ba9a4a425d7a52c2ddb4ff9e8_f761458d2a7425170c88e33d5f927ad3.jpg", "openstreetmap_id": "node/36286471"}, "geometry": {"type": "Point", "coordinates": ["8.552750203158627", "47.70016700205032"]}}, {"type": "Feature", "properties": {"identifier": "04b2e97d-cf11-47ff-aed1-4ca37ea52822", "name": "Parkrestaurant", "description": "Das Parkrestaurant in Bad Ragaz verbindet mediterrane Genussmomente mit traditioneller Schweizer K\u00fcche \u2013 frisch, regional und mit Liebe zubereitet. Direkt neben dem Giessenpark, dem Freibad und dem Campingplatz gelegen, ist es der perfekte Ort f\u00fcr Feinschmecker*innen und Ruhesuchende. ", "url": "https://www.giessenparkbad.ch/restaurant/parkrestaurant", "image": "https://ostpimtsoch.sos-ch-dk-2.exoscale-cdn.com/catalog/b/3/7/7/b37722a665ebd82d0318402a7d19c577e6952a84_09148a763c092111a321f41d476d3343.png", "openstreetmap_id": "node/10557067451"}, "geometry": {"type": "Point", "coordinates": ["9.511536955833437", "47.00568976127432"]}}, {"type": "Feature", "properties": {"identifier": "0508e718-e950-4c23-9372-f9b29d3342ad", "name": "Weingut Florin", "description": "Steile S\u00fcdlagen sind unser Terroir. Klima und Natur unsere Partner. Erfahrung und Leidenschaft unser R\u00fcckgrat. Herausragende Weine das Resultat.\n\nWir bewirtschaften 3.5 ha Rebberge unterhalb der Burg Hohenklingen. Steile S\u00fcdlagen, 430-500 m.\u00fc.M. gelegen. Unser Sortenspiegel umfasst die traditionellen Gew\u00e4chse Pinot noir und Riesling-Sylvaner sowie die internationalen Klassiker Pinot gris, Chardonnay und Rheinriesling. Dazu kommen neue Sorten. Unsere Weine tragen unsere Handschrift. Wir pflegen die Rebberge. Wir keltern die Weine. Wir k\u00fcmmern uns um die Vermarktung. Unser Motto: \u201eHier gewachsen \u2013 hier gekeltert \u2013 alles aus einer Hand\u201c", "url": "http://www.weingutflorin.ch/", "image": "https://ostpimtsoch.sos-ch-dk-2.exoscale-cdn.com/catalog/5/0/9/7/5097ab15a9aba4ec41f243e127dd0c982f58ce88_cb8f0750efac87a8450223d0e1fe2b79.jpg", "openstreetmap_id": "way/145345212"}, "geometry": {"type": "Point", "coordinates": ["8.858297152354787", "47.661030800000006"]}}, {"type": "Feature", "properties": {"identifier": "05b07de1-47b6-473f-9f8e-2195e96d8822", "name": "Gottlieber Seecaf\u00e9 & Manufakturladen", "description": "F\u00fcr viele Schokoladen- und Spezialit\u00e4tenliebhaber gelten Gottlieber H\u00fcppen und Gottlieber Produkte als feinste Leckerbissen. Sie geh\u00f6ren zum kulinarischen Erbe der Schweiz. Die bekannte Gottlieber Konditorkunst wird im inhabergef\u00fchrten Manufakturbetrieb gepflegt und stetig verfeinert. Die hauchzarten warmen Cr\u00eapes, nicht dicker als 0,7 mm, werden immer noch wie fr\u00fcher einzeln gebacken und einzeln wie das Blatt einer wertvollen Havanna-Zigarre gerollt. Das geschieht ganz vorsichtig und genau, wie von Hand.\n\nIm Gottlieber Seecaf\u00e9 mit Manufakturladen k\u00f6nnen s\u00e4mtliche Gottlieber Spezialit\u00e4ten wie H\u00fcppen, Cacaomandeln und Schokolade eingekauft werden. Gem\u00fctliche Momente erleben die Besucher in sch\u00f6nem Ambiente auf der wundersch\u00f6nen Seeterrasse bei einem k\u00fchlen Bier, Champagner oder einem guten Glas Wein. Aber auch an nebligen Herbst- und Wintertagen k\u00f6nnen G\u00e4ste die Seele baumeln lassen und das fliessende Wasser des Seerheins bei einer heissen und duftenden Tasse Kaffee beobachten.", "url": "https://www.gottlieber.ch/de/shops-cafes/seecafe-gottlieben", "image": "https://ostpimtsoch.sos-ch-dk-2.exoscale-cdn.com/catalog/6/2/5/b/625bd7281fb9bd8d016e2cae53f0d66fdfcdac46_3f8a9c5d1a1d8be5fead2f20212200b1.jpg", "openstreetmap_id": "node/503492050"}, "geometry": {"type": "Point", "coordinates": ["9.1323091", "47.6650975"]}}, {"type": "Feature", "properties": {"identifier": "05fcf794-5062-456a-ae09-4de25021c371", "name": "Restaurant Unterhof", "description": "Man munkelt, es sei der sch\u00f6nste Platz am Rhein. \u00dcberzeugen Sie sich selbst und geniessen Sie hausgemachte Spezialit\u00e4ten.\n\nFischerstube: Im Gew\u00f6lbekeller unserer Burg, unter Einheimischen auch bekannt unter \"H\u00f6ll\" erwarten Sie hausgemachte Spezialit\u00e4ten begleitet von regionalen Weinen in einzigartiger Atmosph\u00e4re.\n\nIm ersten Stock unserer historischen Burg befindet sich die stilvoll, elegante Gourmetstube, in welcher wir Sie gerne nach allen Sinnen verw\u00f6hnen.", "url": "https://www.unterhof.ch/", "image": "https://ostpimtsoch.sos-ch-dk-2.exoscale-cdn.com/catalog/0/b/c/d/0bcd04b56a9efc67bdd549b75dbda3f3f913c3b6_833940b438b1de6c4b6fece29c66ea1f.jpeg", "openstreetmap_id": "node/5337603121"}, "geometry": {"type": "Point", "coordinates": ["8.7478302", "47.6901847"]}}, {"type": "Feature", "properties": {"identifier": "06354418-3b46-41cc-9496-7fc6e674864d", "name": "Weingut T\u00fcrmliwy", "description": "Bereits in der vierten Generation bewirtschaftet Familie L\u00f6pfe den idyllisch gelegenen Hof Thalacker in Buchackern. Rund um das Anwesen wachsen \u00fcber drei Hektaren Reben, die mit viel Liebe, Sachverstand und in Verbundenheit mit der Natur gepflegt werden. Die umsichtige Anbauweise spiegelt sich auch in der Qualit\u00e4t der T\u00fcrmlyprodukte wieder: Die preisgekr\u00f6nten Weine \u00fcberzeugen mit ehrlichem Stil, klarem Geschmack und einer geraden Linie. An Degustationstagen, kleinen Festen bis zu 20 Personen oder Degustationen mit Rebbergf\u00fchrungen entdecken G\u00e4ste das Weingut und kommen in den Genuss der edlen Tropfen, die es hervorbringt. Eine Freude f\u00fcr Herz und Gaumen f\u00fcr alle Weinliebhabenden.", "url": "https://www.tuermliwy.ch/", "image": "https://ostpimtsoch.sos-ch-dk-2.exoscale-cdn.com/catalog/3/3/2/f/332fa935f518b28612c35bbc9b9072fb512cd347_40bdd8daeb9a87b4800660488db306f1.JPG", "openstreetmap_id": "node/3523611852"}, "geometry": {"type": "Point", "coordinates": ["9.224717617034914", "47.53880347298692"]}}, {"type": "Feature", "properties": {"identifier": "06ac682f-23ad-431f-8c66-eb71c2704f81", "name": "Str\u00e4hl K\u00e4se", "description": "Was 1934 als Einmann-Betrieb begonnen hatt, entwickelte sich bis heute zu einem dynamischen Familienunternehmen mit rund 70 Mitarbeitenden. Das handwerkliche Geschick steht im Vordergrund, wenn es darum geht, die verschiedenen K\u00e4se-Spezialit\u00e4ten mit aufw\u00e4ndiger Pflege zum optimalen Reifegrad zu begleiten. Die meisten K\u00e4sesorten kennt man weit \u00fcber die Kantonsgrenze. Kein Wunder, denn t\u00e4glich werden im kleinen Dorf bis zu 150'000 Liter Thurgauer Kuhmilch zu feinem K\u00e4se verarbeitet.\n\nProdukte\nDie \u00e4ltere Generation erinnert sich noch an den \u00abStr\u00e4hl-Ch\u00e4s\u00bb \u2013 so nannten die Thurgauer den gr\u00fcnen Tilsiter. Heute trifft man in fast allen guten K\u00e4sevitrinen auf viele weitere Spezialit\u00e4ten mit Namen wie Thurgauer Rahmk\u00e4se, Echter Thurgauer, Bonaparte, Bonapepe, Arenenberger, Farmer, Landrauchk\u00e4se, Valbella K\u00fcmmelk\u00e4se oder ausgezeichneter Raclette-K\u00e4se in 4 Sorten.", "url": "https://www.straehl.ch", "image": "https://ostpimtsoch.sos-ch-dk-2.exoscale-cdn.com/catalog/6/4/2/4/6424570bf63971f456145b21efd683cc08166929_2f8aafbcde5139eb8888e7aeee339e47.jpg", "openstreetmap_id": "4171946489.0"}, "geometry": {"type": "Point", "coordinates": ["9.1676012", "47.6109626"]}}, {"type": "Feature", "properties": {"identifier": "07bdb0e2-1d3d-449a-8182-79e16add3f66", "name": "Zmorge-Korb der B\u00e4ckerei F\u00fcger", "description": "<p class=\"rich-text-paragraph\" piano-view-event=\"false\" data-v-360ed6ae=\"\" style=\"margin-bottom: 1rem;\"><span class=\"text-space-pre-line rich-text-text\" data-abstract-init=\"body text\" style=\"\">Sei es am Bodenseeufer beim Forum W\u00fcrth in Rorschach, beim Hafen in Steinach oder bei den Drei Weieren in St.Gallen. Sowohl in der Stadt als auch auf dem Land gibt es Pl\u00e4tze zum Ausruhen und Entspannen.</span></p><p class=\"rich-text-paragraph\" piano-view-event=\"false\" data-v-360ed6ae=\"\" style=\"margin-bottom: 1rem;\"><span class=\"text-space-pre-line rich-text-text\" data-abstract-init=\"body text\" style=\"\">Die B\u00e4ckerei F\u00fcger mit Standorten in St.Gallen, Rorschach, Steinach und M\u00f6rschwil hat einen Korb mit verschiedenen K\u00f6stlichkeiten zusammengestellt. Um im Trockenen sitzen zu k\u00f6nnen, gibt es ein buntes Tuch, das als Picknickdecke dient. Dieses erz\u00e4hlt von der Vision der Riklin-Br\u00fcder und dem BIGNIK. Der Zmorge-Korb ist f\u00fcr 2 Personen buchbar. Weitere Spezialit\u00e4ten k\u00f6nnen direkt vor Ort bei F\u00fcger bezogen werden.</span></p><p class=\"rich-text-paragraph\" piano-view-event=\"false\" data-v-360ed6ae=\"\" style=\"margin-bottom: 1rem;\"><span class=\"text-space-pre-line font-weight-bold rich-text-text\" data-abstract-init=\"body text\" style=\"\">So funktioniert's:</span></p><ul><li style=\"margin-bottom: 1rem;\">Beziehe den Zmorge-Korb w\u00e4hrend den&nbsp;\u00d6ffnungszeiten&nbsp;am gebuchten Standort der B\u00e4ckerei F\u00fcger.</li><li style=\"margin-bottom: 1rem;\">Suche dir einen gem\u00fctlichen Platz im Freien und geniesse das leckere Picknick.</li><li style=\"margin-bottom: 1rem;\">Anschliessend den Korb mit dem schmutzigen Geschirr w\u00e4hrend den \u00d6ffnungszeiten der B\u00e4ckerei F\u00fcger am jeweiligen Standort zur\u00fcckgeben.</li></ul><p class=\"rich-text-paragraph\" piano-view-event=\"false\" data-v-360ed6ae=\"\" style=\"margin-bottom: 1rem;\"><span class=\"text-space-pre-line font-weight-bold rich-text-text\" data-abstract-init=\"body text\" style=\"\">Im Preis inklusive</span><span class=\"text-space-pre-line rich-text-text\" data-abstract-init=\"body text\" style=\"\">:</span></p><p class=\"rich-text-paragraph\" piano-view-event=\"false\" data-v-360ed6ae=\"\" style=\"margin-bottom: 1rem;\">Picknick-Korb gef\u00fcllt mit regionalen Spezialit\u00e4ten der B\u00e4ckerei F\u00fcger:</p><ul><li style=\"margin-bottom: 0cm; line-height: normal;\">2 Buttergipfel<o:p></o:p></li><li style=\"margin-bottom: 0cm; line-height: normal;\">1 Switchel\nGetr\u00e4nk<o:p></o:p></li><li style=\"margin-bottom: 0cm; line-height: normal;\">2 Bircherm\u00fcesli<o:p></o:p></li><li style=\"margin-bottom: 0cm; line-height: normal;\">4 verschiedene\nBr\u00f6tli<o:p></o:p></li><li style=\"margin-bottom: 0cm; line-height: normal;\">Butter/L\u00e4tt\u00e4<o:p></o:p></li><li style=\"margin-bottom: 0cm; line-height: normal;\">3 verschiedene\nhausgemachte Konfit\u00fcren + F\u00fcgella<o:p></o:p></li><li style=\"margin-bottom: 0cm; line-height: normal;\">2 Kaffee to go<o:p></o:p></li><li style=\"margin-bottom: 0cm; line-height: normal;\">Originales,\nhandgen\u00e4htes BIGNIK-Tuch</li><li style=\"margin-bottom: 0cm; line-height: normal;\">Teller, Besteck\nund Gl\u00e4ser</li></ul><p class=\"MsoNormal\" style=\"margin-bottom:0cm;line-height:normal\"><br></p><p class=\"rich-text-paragraph\" piano-view-event=\"false\" data-v-360ed6ae=\"\" style=\"margin-bottom: 1rem;\"><span class=\"text-space-pre-line font-weight-bold rich-text-text\" data-abstract-init=\"body text\" style=\"\">Standorte:</span></p><p class=\"rich-text-paragraph\" piano-view-event=\"false\" data-v-360ed6ae=\"\" style=\"margin-bottom: 1rem;\">B\u00e4ckerei F\u00fcger, Kirchstrasse 2, 9402 M\u00f6rschwil, Telefonnummer: +41 71 866 12 19</p><p class=\"rich-text-paragraph\" piano-view-event=\"false\" data-v-360ed6ae=\"\" style=\"margin-bottom: 1rem;\">B\u00e4ckerei F\u00fcger, Schulstrasse 2, 9323 Steinach, Telefonnummer: +41 71 571 04 77</p><p class=\"rich-text-paragraph\" piano-view-event=\"false\" data-v-360ed6ae=\"\" style=\"margin-bottom: 1rem;\">B\u00e4ckerei F\u00fcger, St. Gallerstrasse 13, 9400 Rorschach, Telefonnummer: +41 71 841 20 16</p><p class=\"rich-text-paragraph\" piano-view-event=\"false\" data-v-360ed6ae=\"\" style=\"margin-bottom: 1rem;\">B\u00e4ckerei F\u00fcger, Metallstrasse 18, 9000 St. Gallen, Telefonnummer: +41 71 222 20 12</p>", "url": "https://fueger-handmade.ch/", "image": "https://ostpimtsoch.sos-ch-dk-2.exoscale-cdn.com/catalog/0/3/4/a/034a657f5669c8cf780c5890fca096fbd224cd6b_ae0c40d804892292b24379eda19a898d.jpg", "openstreetmap_id": "node/745742088"}, "geometry": {"type": "Point", "coordinates": ["9.4236445", "47.4681741"]}}, {"type": "Feature", "properties": {"identifier": "07fcc19a-6eba-44da-a117-8acd8ef80c45", "name": "Restaurant Helvetia", "description": "<p>Das Helvetia ist ein Restaurant f&uuml;r Genussmenschen, die Interesse an liebevoll zubereiteten Speisen und den dahinter stehenden Produkten haben. Die Gastgeber m&ouml;gen die Vielfalt der regionalen Produkte und zelebrieren dies auch mit ihren Gerichten. Die Produzenten sind wichtig, deshalb wird auch erw&auml;hnt, woher die Produkte kommen. Am Abend wird ein mehrg&auml;ngiges Men&uuml; serviert. Gekocht wird kein Einheitsbrei &ndash; der Abend soll zum lockeren, gediegenen Genuss werden. Eine umfangreiche, trendige und spannende Weinkarte durch den Sommelier und Gastgeber rundet das Angebot ab. Im Sommer k&ouml;nnen die G&auml;ste bei sch&ouml;nem Wetter auch den wundervollen ruhigen Garten im Gr&uuml;nen geniessen.</p>\n<p>Das Restaurant Helvetia liegt direkt an der Kreuzbleiche mit Parkpl&auml;tzen am Haus. Es gibt auch Parkpl&auml;tze in der Blauen Zone sowie Geb&uuml;hrenparkpl&auml;tze an der Vonwilstrasse. Das Restaurant ist zu Fuss in 12 Gehminuten vom Hauptbahnhof entfernt und auch mit dem &ouml;ffentlichen Verkehr gut erreichbar (Bus Nr. 1,2,3 oder 4, 4 Minuten von der Bushaltestelle Lachen oder Vonwil).</p>", "url": "https://helvetia-sg.ch/", "image": "https://ostpimtsoch.sos-ch-dk-2.exoscale-cdn.com/catalog/e/9/e/0/e9e0bda1e5c557c916a69d229c624ec67e935df6_2c7a1816872a8584704876fb83bc886d.jpg", "openstreetmap_id": "node/463177168"}, "geometry": {"type": "Point", "coordinates": ["9.35669", "47.41881"]}}, {"type": "Feature", "properties": {"identifier": "080963d0-9350-4826-9441-28dab02c2056", "name": "US-MEX Terraza Kreuzlingen", "description": "In der grossz\u00fcgigen Strandbar direkt am Bodensee und an der Grenze zu Deutschland lassen sich die Sommertage und lauen Sommern\u00e4chte genussvoll erleben und den Alltag vergessen. Es erwarten die G\u00e4ste erfrischende Ap\u00e9ros und s\u00fcffige Drinks bei unvergesslichen Sonnenunterg\u00e4ngen. Nat\u00fcrlich im gewohnten US-MEX Style: Grossz\u00fcgige Portionen zu fairen Preisen bei hoher Qualit\u00e4t.\n\nDie US-MEX Terraza Kreuzlingen ist von April bis September bei gutem Wetter t\u00e4glich ge\u00f6ffnet. Informationen \u00fcber den \u00d6ffnungsstatus sind auf der Website oder Facebookseite zu finden.\n\nEine weitere US-MEX Terraza ist in Steckborn am Untersee sowie in Frauenfeld an der Murg zu finden. Das dazugeh\u00f6rige US-MEX Restaurant gibt es an vier weiteren Standorten: Frauenfeld, Schaffhausen, St. Gallen, Weinfelden.\n\nHinweis: Das US-MEX ist keine Einl\u00f6sestelle des Thurgau-Gutscheins.", "url": "https://www.usmex.ch/terraza-strandbar/welcome/", "image": "https://ostpimtsoch.sos-ch-dk-2.exoscale-cdn.com/catalog/6/8/6/e/686e1f80afcfdc700d7d66095d95a7401fcf097b_0d7c50c936def0fde236911e1fb1b5fc.jpg", "openstreetmap_id": "node/108817940"}, "geometry": {"type": "Point", "coordinates": ["9.182043671607973", "47.655451937808"]}}, {"type": "Feature", "properties": {"identifier": "09479141-0244-487e-9f23-c0da708aea60", "name": "Biotta ", "description": "In der Biotta Saftmanufaktur im Thurgauischen T\u00e4gerwilen werden direkt gepresste, naturbelassene S\u00e4fte und Smoothies hergestellt. Dabei stehen die biologische Ausrichtung, hohe Qualit\u00e4tsstandards und der Genuss im Vordergrund. Wenn immer m\u00f6glich, bezieht Biotta seine Rohstoffe von lokalen Bauern. Mit den Anbaupartnern in der Region aber auch im Ausland werden langj\u00e4hrige und vertrauensvolle Beziehungen gepflegt. Ergebnis sind geschmackvolle gesunde Frucht- und Gem\u00fcses\u00e4fte, Smoothies, Shots und gar eine nat\u00fcrliche Alternative von Energydrink. \n\nVom Feld in die Flasche und in die Verkaufsregale von Schweizer Superm\u00e4rkten und Drogerien. Die leckeren Biottas\u00e4fte sind auch in diversen Online-Shops erh\u00e4ltlich.", "url": "https://biotta.ch/de/", "image": "https://ostpimtsoch.sos-ch-dk-2.exoscale-cdn.com/catalog/c/1/8/1/c181dde6379c055de3e637ea29fe799a33af5c67_14cfe366119fd6240e4eb60c8e557acc.png", "openstreetmap_id": "194559103.0"}, "geometry": {"type": "Point", "coordinates": ["9.138273", "47.655565"]}}, {"type": "Feature", "properties": {"identifier": "094cd122-67d0-480a-a4c1-b128347f0fb9", "name": "P\u00f6stli Bar", "description": "Die P\u00f6stlibar ist ein Treffpunkt f\u00fcr alle, die sich nach einem anstrengenden Tag noch etwas Spass und Erholung w\u00fcnschen", "url": "https://www.hotelpost-sargans.ch/bar", "image": "https://ostpimtsoch.sos-ch-dk-2.exoscale-cdn.com/catalog/3/c/f/3/3cf320aec99e1dcc6a3f561fdb4aedbc06e58f33_beafbf855effc4c8a1fd1521448b084c.jpg", "openstreetmap_id": "node/6019161695"}, "geometry": {"type": "Point", "coordinates": ["9.440801756245769", "47.047972009599"]}}, {"type": "Feature", "properties": {"identifier": "0c5cd3f1-2a04-4f93-9fd7-f537b7d3a435", "name": "Murgseeh\u00fctte", "description": "<div><p>Die Murgseeh&uuml;tte bewahrt ihren urspr&uuml;nglichen, rustikalen Charakter und liegt eingebettet in die eindrucksvolle Bergwelt der Murgseen. Als beliebtes Ausflugsziel f&uuml;r Tagesg&auml;ste, Wandernde und Naturfreunde bietet sie eine authentische H&uuml;ttenatmosph&auml;re inmitten einer einzigartigen Alpenlandschaft.</p><p>Wer die Bergwelt l&auml;nger geniessen m&ouml;chte, kann direkt in der H&uuml;tte &uuml;bernachten und die Ruhe fernab des Alltags erleben. Der einfachste Zustieg f&uuml;hrt ab dem Parkplatz Mornen zur H&uuml;tte und ist auch bei wechselhaften Wetterbedingungen gut machbar.</p><p>Besonders gesch&auml;tzt wird die Murgseeh&uuml;tte von Sportfischerinnen und Sportfischern. Die Fischerei in den oberen und mittleren Murgseen ist w&auml;hrend der &Ouml;ffnungszeiten der H&uuml;tte bis Ende September m&ouml;glich. Fischerpatente k&ouml;nnen direkt vor Ort erworben werden, wodurch sich die H&uuml;tte als idealer Ausgangspunkt f&uuml;r ein naturnahes Angelerlebnis an den glasklaren Bergseen eignet.</p><p>Die Kombination aus &Uuml;bernachtungsm&ouml;glichkeit, Bergseefischerei und abwechslungsreichen Wanderungen macht die Murgseeh&uuml;tte zu einem besonderen Ausflugs- und &Uuml;bernachtungsziel im Heidiland.</p></div>", "url": "http://www.murgsee.ch", "image": "https://ostpimtsoch.sos-ch-dk-2.exoscale-cdn.com/catalog/1/8/9/5/189519b9ed706769ac7289d24ef91d2f803e040c_dde5b45c7f375ad65f36907fc8a54be1.jpg", "openstreetmap_id": "way/193448485"}, "geometry": {"type": "Point", "coordinates": ["9.157645002118251", "47.0390023"]}}, {"type": "Feature", "properties": {"identifier": "0cf8550e-7057-47fd-8488-09e2ca25fc24", "name": "Gysel Weine vom Haumesser", "description": "<p>Dabei werden die Trauben von Hand gelesen und genaustens gepr&uuml;ft, bevor sie zu Wein weiter verarbeitet werden. Wir freuen uns, wenn wir Ihnen unser Weinsortiment vorstellen d&uuml;rfen und laden Sie herzlich ein, uns in unserem Haus &bdquo;zum Haumesser&ldquo;, einem ehemaligen Wirtshaus, zu besuchen.</p><p>Weinverkauf und Degustationsm&ouml;glichkeit jeden 1. und 3. Samstag im Monat 9.00 &ndash; 12.00 Uhr oder jeweils nach telefonischer Vereinbarung.</p>", "url": "https://www.gysel-haumesser.ch/", "image": "https://ostpimtsoch.sos-ch-dk-2.exoscale-cdn.com/catalog/2/2/5/3/22533dfeed4973a19806220cf11355ed44a039f9_2ceaace4bb74b140b4b0c425992a3a80.jpg", "openstreetmap_id": "node/3197223752"}, "geometry": {"type": "Point", "coordinates": ["8.4707789", "47.6673484"]}}, {"type": "Feature", "properties": {"identifier": "0d06de89-40ee-4e09-9b5c-01fdc9754f22", "name": "Restaurant Wasserfels", "description": "<p>Ideale Lage direkt am Rheinufer, mit einer grossen Sommerterrasse. Sei es f&uuml;r einen Lunch oder Dinner, eine Familienfeier oder eine &laquo;F&ecirc;te&raquo; unter Freunden. Restaurant 120 Pl&auml;tze, Terrasse 140 Pl&auml;tze. Unser Restaurant ist rollstuhlg&auml;nig.</p>", "url": "http://www.wasserfels.ch/", "image": "https://ostpimtsoch.sos-ch-dk-2.exoscale-cdn.com/catalog/0/0/8/b/008b5e707f3c30988232c8f17a36659bd7bef351_07b3a4f65ee388c7219f28fbb8c458fb.jpg", "openstreetmap_id": "node/247696933"}, "geometry": {"type": "Point", "coordinates": ["8.8572063", "47.6600963"]}}, {"type": "Feature", "properties": {"identifier": "0d1aacaa-5ce8-4170-86c7-88f5956734b1", "name": "Berggasthaus \u00dcberuf Kunkelspass", "description": "Auf einer wundersch\u00f6nen Hochebene auf dem historischen Kunkelspass.\nBerggasthaus neben Kuhalp mit M\u00f6glichkeit, beim Melken zuzuschauen. Sonnige, gem\u00fctliche Terrasse und urchige Gaststube. Einfache  Gerichte tags\u00fcber, abends auch speziellere Men\u00fc.\n\nUnser Berggasthaus verf\u00fcgt \u00fcber diverse Betten im Touristenlager (20 Pl\u00e4tze) sowie \u00fcber zwei Doppelzimmer und ein Familienzimmer mit 4 Betten.\nSchauraum der Tektonik Sardona Arena. Auch als Konferenz- oder Sitzungszimmer nutzbar.\n\nIdeale, rund 50 km lange, Biketour ab Chur. Wanderwege abseits der Strasse.\nMit dem Auto / Motorrad \u00fcber Tamins oder Bad Ragaz/V\u00e4ttis.  Fahrverbot. Bewilligungen auf der Gemeinde Tamins erh\u00e4ltlich. Bitte telefonieren, wird helfen Ihnen bei der Bewilligung", "url": "http://www.kunkelspass.ch", "image": "https://ostpimtsoch.sos-ch-dk-2.exoscale-cdn.com/catalog/3/c/0/a/3c0a6677cf1724f06716ca06bb8a56cd70f22de3_390b3411e460f8c5cc2ba8f9d02e3293.jpg", "openstreetmap_id": "way/322241112"}, "geometry": {"type": "Point", "coordinates": ["9.411492588112162", "46.856023500000006"]}}, {"type": "Feature", "properties": {"identifier": "0d800862-8200-40dc-b1e4-6b442b38785c", "name": "Toggenburger Brothandwerk Neu St. Johann", "description": "Das Toggenburger Brothanderk bietet neben den Klassischen Broten wie Ruchbrot mit Bergweizenmehl oder Roggenbrote auch ein Sommerzeit und ein Winterzeit Sortiment an.\nDa ist bestimmt f\u00fcr jeden etwas dabei. Gerne darf man vor Ort Degustieren.\n\nButtergipfel, Kernenbr\u00f6tchen, Frische Sandwiches und Hauseigene Spezialit\u00e4ten sind nat\u00fcrlich auch vorhanden.", "url": "https://www.brothandwerk.ch", "image": "https://ostpimtsoch.sos-ch-dk-2.exoscale-cdn.com/catalog/3/e/3/a/3e3aecef01bca5514ad28252990a6d5b6daeeb7f_859a69ca959798fd5055682e8f1d93f4.jpeg", "openstreetmap_id": "node/32513226"}, "geometry": {"type": "Point", "coordinates": ["9.194065332412722", "47.230048788893384"]}}, {"type": "Feature", "properties": {"identifier": "0ed5426b-cdba-4829-a114-eed3df2cb793", "name": "Trischli Club", "description": "Das Trischli befindet sich nicht nur mitten im Herzen St. Gallens sondern zeigt auch das es in St.Gallen m\u00f6glich ist, von Mittwoch bis Samstag richtig gross feiern zu gehen.", "url": "https://www.trischli.ch/", "image": "https://ostpimtsoch.sos-ch-dk-2.exoscale-cdn.com/catalog/1/9/2/0/19205f62346cae57bbacd2d146a3dcf106aa951c_2cfe0f202fb303a72c51156c725405a5.jpg", "openstreetmap_id": "node/6492949387"}, "geometry": {"type": "Point", "coordinates": ["9.37788", "47.42578"]}}, {"type": "Feature", "properties": {"identifier": "0f1712c2-5eb5-48f7-9a46-2c84722325b7", "name": "Restaurant Hotel Siblinger Randenhaus", "description": "<p>Weitsichten sind unser Markenzeichen. Unseren G&auml;sten pr&auml;sentiert sich bei sch&ouml;nem Wetter und guter Witterung eine einmalige Aussicht. Und ausser den Kuhglocken im Sommer ist es bei uns sehr ruhig.</p>", "url": "http://www.randenhaus.ch/", "image": "https://ostpimtsoch.sos-ch-dk-2.exoscale-cdn.com/catalog/d/0/8/c/d08cef289601411ba401e377e93f1f4c7c6b5c52_58b7612e2cb2753a46fffa27db44a49e.jpg", "openstreetmap_id": "node/381410950"}, "geometry": {"type": "Point", "coordinates": ["8.5386187", "47.7298231"]}}, {"type": "Feature", "properties": {"identifier": "120e3513-793b-47fb-b4a8-9514602c31b3", "name": "Park am Rheinfall", "description": "<p>Ab April 26: Ihr Anlass im Park am Rheinfall.</p><p>Ab April 2026 &ouml;ffnet das Park am Rheinfall seine T&uuml;ren f&uuml;r unvergessliche Bankette und Events. Ob eine traumhafte Hochzeitsfeier, ein stimmungsvoller Familienanlass oder ein stilvolles Firmenfest - unsere einzigartige Lage direkt am Rheinfall bietet den perfekten Rahmen f&uuml;r besondere Momente.</p><p>&nbsp;</p>", "url": "https://erlebnis-rheinfall.ch/de", "image": "https://ostpimtsoch.sos-ch-dk-2.exoscale-cdn.com/catalog/e/9/e/1/e9e1c0043f14d9ca1b2c1cb3d25177a64b34a459_8496e1ff8afeb4a323a0681b19566a4e.jpg", "openstreetmap_id": "way/257269456"}, "geometry": {"type": "Point", "coordinates": ["8.6121171887634", "47.679486005628526"]}}, {"type": "Feature", "properties": {"identifier": "1224e8e6-33ff-4ce7-98fe-c40df4a73908", "name": "Alprestaurant Siez", "description": "Hier im Weisstannental erleben Sie den Alpsommer von seiner sch\u00f6nsten Seite. Auf der asphaltierten Fahrstrasse kommen Sie mit dem Car, dem Auto, dem Motorrad oder dem Bike bis zum Parkplatz vor dem Restaurant und vor der Sennerei \u2013 ein ideales Ausflugsziel f\u00fcr Gruppen und f\u00fcr lndividualisten. Entlang der Seez k\u00f6nnen Sie auf gut ausgebauten Wanderwegen von Weisstannen bis zum Vorsiez wandern. An Sonn- und Feiertagen k\u00f6nnen Sie mit der Buslinie 432 vom Bahnhof Sargans bis zum Vorsiez fahren. Grosser Kinderspielplatz.\n\nIm Vorsiez stehen auf Verlangen f\u00fcr E-Bikes Ladeger\u00e4te zur Verf\u00fcgung.\n\nJeden Sonntag im Juli und August feiner Siezer Zmorg\u00e4-Brunch mit frischen, auf der Alp hergestellten Produkten.\n\nDas Alprestaurant Siez liegt direkt an der Via Alpina und bietet \u00dcbernachtungsm\u00f6glichkeiten (zwei Drei-Bett-Zimmer sowie 35 Pl\u00e4tze im Massenlager). Die Schlafpl\u00e4tze im Massenlager sind mit Wolldecken und Kissen ausger\u00fcstet, den Schlafsack bringen Sie selber mit. Etagendusche/WC.\n\nOb f\u00fcr ein paar Stunden, einen Tag oder mit \u00dcbernachtung \u2013 auf der Alp Siez k\u00f6nnen Sie den Alltag vergessen und das Alpleben geniessen.\n\nGe\u00f6ffnet von Mitte Mai bis Mitte Oktober.", "url": "http://www.alpsiez.ch", "image": "https://ostpimtsoch.sos-ch-dk-2.exoscale-cdn.com/catalog/5/b/e/8/5be8100398fcff91081a5bb62530f10252dc6bac_50a092f10efa0a4000c62fd70eca21bf.jpg", "openstreetmap_id": "way/617553421"}, "geometry": {"type": "Point", "coordinates": ["9.302415847778322", "46.97729108770787"]}}, {"type": "Feature", "properties": {"identifier": "12a307a8-d577-4f99-9bdb-367fd992dd94", "name": "Veranda Arbon", "description": "<p>Im Veranda gibt es ein kleines und feines Angebot mit frischen, regionalen und saisonalen Zutaten. Zudem werden auch Fingerfood-Lovers mit knusprig frittierten Leckereien serviert. Eine grosse Auswahl an sommerlichen Drinks mit und ohne Alkohol findet man nat\u00fcrlich auch auf der Karte. Hello Sunshine! Die Sonntags-Langschl\u00e4fer d\u00fcrfen ihren ersten Kaffee auf der Veranda trinken. Von 10 bis 13.30 Uhr gibts dazu sogar noch hausgemachtes Bircherm\u00fcesli, Zmorge Bagel oder Gipfeli.</p>", "url": "https://verandaarbon.ch/", "image": "https://ostpimtsoch.sos-ch-dk-2.exoscale-cdn.com/catalog/c/b/7/6/cb7609af4895071f4c6c2551dad555d255ebdb67_0ae6b40e05bfd956362a332090875d47.jpg", "openstreetmap_id": "node/12299503706"}, "geometry": {"type": "Point", "coordinates": ["9.4343397", "47.5113927"]}}, {"type": "Feature", "properties": {"identifier": "12e92662-d78e-4683-9704-ca38d32f746e", "name": "Restaurant Brauwerk", "description": "Herzst\u00fcck des Restaurant Brauwerk ist das klassische Sudwerk im Erdgeschoss mit einer Braukapazit\u00e4t von 500 Litern. \n\u200b\nDie Craft-Beer-Spielwiese - mitten in St.Gallen - verwirklicht nicht nur die Vision von einer modernen Brauhausgastronomie, sondern bietet auch jede Menge Platz f\u00fcr Bierkultur, Kulinarik, verr\u00fcckte Ideen und Begegnungen.\n\nZum Angebot geh\u00f6ren klassische Fleischgerichte sowie Brauwerkspezialit\u00e4ten. Nat\u00fcrlich sind auch f\u00fcr Vegetarier verschiedene Leckereien dabei. Ziel der Brauwerk K\u00fcche ist es, Bier und Food Pairing neu zu interpretieren.", "url": "http://www.restaurantbrauwerk.ch", "image": "https://ostpimtsoch.sos-ch-dk-2.exoscale-cdn.com/catalog/2/d/b/f/2dbf145bdc6d6181164b32de95ce7fb0f97baaa6_f5479a99db46ae61ac28a4c7d103997c.jpg", "openstreetmap_id": "node/616127619"}, "geometry": {"type": "Point", "coordinates": ["9.37171", "47.42479"]}}, {"type": "Feature", "properties": {"identifier": "1343789e-811f-44d5-9fd7-3c0c19423410", "name": "BAR RY\u016a", "description": "<p>Geselligkeit am Rhein</p><p>Mitten in Schaffhausen, unweit des Rheins, l\u00e4dt die BAR RY\u016a zu einem besonderen Pop-Up-Erlebnis ein. Im Mittelpunkt stehen fein komponierte Drinks \u2013 von kreativen Cocktails &amp; Longdrinks bis zu ausgew\u00e4hlten Spirituosen und Weinen \u2013 serviert in einer stilvoll-urbanen Atmosph\u00e4re mit entspannten Vibes.</p><p>Die Bar versteht sich als Event-Location mit Charakter: wechselnde Musik- und Themenabende machen jeden Besuch einzigartig. Kulinarisch gibt\u2019s passend dazu eine feine Auswahl an Comfort Food und kleinen Bar-Snacks, die das Erlebnis abrunden.</p><p>BAR RY\u016a ist mehr als nur ein Drink \u2013 es ist ein Ort zum Ankommen, Verweilen und Geniessen. Pop Up und Event Bar mit Seele!</p>", "url": "https://www.barryu.ch/", "image": "https://ostpimtsoch.sos-ch-dk-2.exoscale-cdn.com/catalog/8/8/7/6/88766d70ccc1c0697579c196f889a3042b2a98ba_65e208f6ad514bf1843c88e962351d68.jpg", "openstreetmap_id": "way/896193387"}, "geometry": {"type": "Point", "coordinates": ["8.639279330146968", "47.69564595"]}}, {"type": "Feature", "properties": {"identifier": "1382b020-f551-4c2c-b6d3-6e8a649fed1f", "name": "Restaurant Falken", "description": "Das Stammhaus der Brauerei Falken verf\u00fcgt \u00fcber 600 Pl\u00e4tze im Restaurant und bietet gutb\u00fcrgerliche K\u00fcche in bester Qualit\u00e4t und zu vern\u00fcnftigen Preisen. Drei S\u00e4le, Kegelbahn und sch\u00f6ne Terrase inmitten der Fussg\u00e4ngerzone der Altstadt laden zum Verweilen.", "url": "http://www.falken-schaffhausen.ch/", "image": "https://ostpimtsoch.sos-ch-dk-2.exoscale-cdn.com/catalog/5/e/7/9/5e798948820c5de06b9530a569230b33ffc2b8a7_263b7432dea10ddcde983a7c9df1c7bf.jpg", "openstreetmap_id": "node/299417626"}, "geometry": {"type": "Point", "coordinates": ["8.6336848", "47.6977076"]}}, {"type": "Feature", "properties": {"identifier": "13a3a9db-a113-40b3-a86e-1595f6c68b90", "name": "Ch\u00e4s-St\u00fcbli by Cristal", "description": "Der K\u00e4se wird ausschliesslich \u00fcber lokale Produzenten bezogen. Mit unseren selbst kreierten und hausgemachten Beilagen wird Ihr Besuch bei uns zu einem Genusserlebnis f\u00fcr alle K\u00e4seliebhaber.\n\nDie K\u00e4sespezialit\u00e4ten lassen sich hervorragend mit einem Wein von unserer sehr gut sortierten Weinkarte begleiten. Wir haben f\u00fcr Sie verschiedene Positionen zusammengestellt, mit dem Hauptaugenmerk auf Schweizer Winzer. Die Auswahl begrenzt sich bewusst nur auf europ\u00e4ische Produzenten.", "url": "https://cristal-flumserberg.ch/de/", "image": "https://ostpimtsoch.sos-ch-dk-2.exoscale-cdn.com/catalog/6/2/c/9/62c95bae666b47a81672566e5c54cf674019c9bd_d997231d0cdbde15b1a6dab8629468c9.jpg", "openstreetmap_id": "node/194649363"}, "geometry": {"type": "Point", "coordinates": ["9.282386599999999", "47.0931453"]}}, {"type": "Feature", "properties": {"identifier": "13ec0825-c17c-45b6-91f0-62c28e5f8f3f", "name": "Berggasthaus L\u00fcsis", "description": "Das Berggasthaus L\u00fcsis liegt auf 1300 m.\u00fc.M. ob Walenstadt inmitten des Wandergebietes der Churfirsten. Herrliche Aussicht auf das Heidiland und den Walensee.\n\nAbholdienst ab Walenstadt.", "url": "https://berggasthaus-luesis.ch/", "image": "https://ostpimtsoch.sos-ch-dk-2.exoscale-cdn.com/catalog/5/8/f/a/58fa8290b92908504b6f9d9e98be8529bb82a333_dae62e8e803ee35a476aaa809fd9457e.jpg", "openstreetmap_id": "way/203882856"}, "geometry": {"type": "Point", "coordinates": ["9.330149080604796", "47.13518475"]}}, {"type": "Feature", "properties": {"identifier": "14717343-e17b-4ce7-810b-276d7272a7ae", "name": "Ristorante La Piazza Haus zum Thiergarten", "description": "<p>Im Sommer l&auml;dt die Sonnenterrasse mit viel mediterranem Flair zum genussvollen verweilen ein.</p>", "url": "http://www.lapiazza-restaurant.ch/", "image": "https://ostpimtsoch.sos-ch-dk-2.exoscale-cdn.com/catalog/4/2/6/7/42673b7976e274cb41e88eff0c9eaf2865f0aeec_dba299222f39e230507f8f164bd14156.jpeg", "openstreetmap_id": "node/1717939887"}, "geometry": {"type": "Point", "coordinates": ["8.6355411", "47.6956525"]}}, {"type": "Feature", "properties": {"identifier": "14afa7f9-e95a-4461-9404-4b238cf315af", "name": "Schloss Laufen am Rheinfall", "description": "Beeindruckend sind sowohl der Ausblick auf den tosenden Rheinfall als auch die historischen Gem\u00e4uer des 1200 Jahre alten Schlosses, das zum Kulturerbe vom Kanton Z\u00fcrich z\u00e4hlt. \nIm Tagesrestaurant \u201eCastello\u201c sorgt der ehemalige Bannersaal mit seinem heimeligen Kamin und der grossen Terrasse f\u00fcr eine stimmungsvolle Szenerie. Geniessen Sie k\u00f6stliche Spezialit\u00e4ten mit dem Fokus auf Regionalit\u00e4t und Saisonalit\u00e4t in geschichtstr\u00e4chtiger Kulisse. Im \u201eBleulersaal\u201c werden Sie abends kulinarisch mit abwechslungsreichen Kreationen verw\u00f6hnt. Der abendlich beleuchtete Rheinfall rundet das Erlebnis ab. \n\nVom Turmzimmer bis zum prunkvollen Rittersaal: Hier finden Sie einen w\u00fcrdigen und geschichtstr\u00e4chtigen Rahmen f\u00fcr eine unvergessliche Familien- oder Firmenfeier, eine rauschende Hochzeit oder ein inspirierendes Seminar. Der ideale Ort f\u00fcr Feierlichkeiten von 2 bis zu 200 Personen. \n\nDas Besucherzentrum des Schloss Laufen mit Souvenir-Shop/Ticketing und Snack-Restaurant, ist die zentrale Anlaufstelle f\u00fcr Ihre Entdeckung einer der gr\u00f6ssten Attraktionen der Schweiz. Glaslift, K\u00e4nzeli, Panoramalift und Belvedere-Weg, sind nur einige der H\u00f6hepunkte. Einzelbesucher und Gruppen finden hier eine moderne Infrastruktur, erlebnis- und lehrreiche Besonderheiten im Historama, Kinderspielplatz sowie einen rollstuhl- und kinderwageng\u00e4ngiger Panoramaweg auf die Aussichtsplattform. Hier sind Sie ganz nah am rauschenden Wasserfall.  \n\nGrosser Auto- und Busparkplatz. Eigene SBB-Station \u00abSchloss Laufen am Rheinfall\u00bb.", "url": "http://www.schlosslaufen.ch/", "image": "https://ostpimtsoch.sos-ch-dk-2.exoscale-cdn.com/catalog/6/a/2/9/6a29937bc288fd0ece38dc877c6e00d919d3519d_0ab35dfc1ddac45e1d4c64cc784935a4.jpg", "openstreetmap_id": "node/4755868122"}, "geometry": {"type": "Point", "coordinates": ["8.6149334", "47.6764342"]}}, {"type": "Feature", "properties": {"identifier": "14eedca0-71cd-4dbb-b0a9-b75a314cd9d4", "name": "Kreative Tee- und Kaffeestube Tee&Mee", "description": "In stilvollem Ambiente k\u00f6nnen Sie bei uns im Toggenburg den &quot;Afternoon Tee&quot; geniessen. Leckeres Geb\u00e4ck wie Cupcakes, Brownies, Cookies und mehr erwartet Sie bei Tee&amp;Mee. \nSuchen Sie Ruhe oder eine kleine Auszeit in kreativer Umgebung, dann sind sie bei uns gut aufgehoben.", "url": "https://teeundmee.ch", "image": "https://ostpimtsoch.sos-ch-dk-2.exoscale-cdn.com/catalog/e/4/7/c/e47cc2fe95f1a8a8a896b79cde633dffad073839_4d83606685e0f698c0229283134e9230.jpeg", "openstreetmap_id": "way/398479362"}, "geometry": {"type": "Point", "coordinates": ["9.073756600000001", "47.361558349999996"]}}, {"type": "Feature", "properties": {"identifier": "152c4a82-ab06-402f-ba5a-edebd8dca2aa", "name": "Weingut Schmid", "description": "Im thurgauischen Schlattingen bewirtschaftet das Weingut rund 6 Hektar Reben. Auf dem idyllischen Familienbetrieb werden alle Arbeitsschritte von der Rebe bis ins Glas vereint, die einzigartigen Weine wurden schon mehrfach national und international ausgezeichnet.", "url": "http://www.weingut-schmid.ch", "image": "https://ostpimtsoch.sos-ch-dk-2.exoscale-cdn.com/catalog/f/9/5/e/f95e8bdad94c76ee17c95556c4e4b40e6bd9b260_8c2db4d5ed463f600919b2966e1d0183.jpg", "openstreetmap_id": "way/101981340"}, "geometry": {"type": "Point", "coordinates": ["8.7686167", "47.6619907"]}}, {"type": "Feature", "properties": {"identifier": "1637d55b-4c62-4c7d-9499-575b681605f5", "name": "Hafenlounge Romanshorn", "description": "Direkt am F\u00e4hrhafen von Romanshorn k\u00f6nnen die G\u00e4ste in der Hafenlounge auf einem der bequemen Strandst\u00fchle die einfahrenden Schiffe beobachten und erhalten obendrauf eine grandiose Aussicht auf die Bergketten des Alpsteins. Hier kann man von April bis September im Beachsand, in einer gem\u00fctlichen Lounge, oder auf einem der 200 weiteren stilvollen Sitzpl\u00e4tze einen k\u00fchlen Drink geniessen und entspannen. Kulinarisch verw\u00f6hnt werden die G\u00e4ste mit den regionalen und frisch zubereiteten Speisen direkt vom Grill.", "url": "http://hafenlounge.ch/", "image": "https://ostpimtsoch.sos-ch-dk-2.exoscale-cdn.com/catalog/3/0/f/6/30f6afdc78554a4d2d37a1675ab7e4870801f357_eba39fd3f86b977d237dca2929ca85f8.jpeg", "openstreetmap_id": "node/4784401821"}, "geometry": {"type": "Point", "coordinates": ["9.3808081", "47.5674689"]}}, {"type": "Feature", "properties": {"identifier": "163aa76f-8ab2-4fe4-9503-482210fcc9ce", "name": "Restaurant Trocadero", "description": "Wie bei Mama\u2026 nur besser!\nSeit 20 Jahren pflegen wir die authentische italienische Tischkultur in Bad Ragaz. \n\nBei uns wird sinnesfreudig und mit dem Herzen gekocht \u2013 italienisch, saisonal und temperamentvoll. Klassiker, wie hausgemachte Pastagerichte oder \u00abSpiedino di Manzo\u00bb - ein saftig gebratener Rindfleisch-Spiess - sowie mit viel Hingabe zubereitete Pizzas aus dem Holzofen sind wahre Gaumenfreuden all\u2019italiana. \n\nEin ambitioniertes Team freut sich, Sie nach den unaufl\u00f6slichen Regeln der guten K\u00fcche und echter Gastfreundschaft zu verw\u00f6hnen, damit Sie das Trocadero in tiefer Zufriedenheit verlassen. ", "url": "https://www.trocadero-ragaz.ch/", "image": "https://ostpimtsoch.sos-ch-dk-2.exoscale-cdn.com/catalog/7/9/c/9/79c9ee5aab6c64361b7c91c277752c8e9fba5a97_30ced9e0c90f8f515f3ec65a8e1f405f.jpg", "openstreetmap_id": "relation/1683862"}, "geometry": {"type": "Point", "coordinates": ["9.496881380477504", "47.00825409403388"]}}, {"type": "Feature", "properties": {"identifier": "1872b621-ac9a-459f-b815-4f31b86f6a06", "name": "Alp Findels", "description": "Nach der kurzen Bahnfahrt und einer bequemen halbst\u00fcndigen Wanderung geniessen Sie eine \u00c4lplerk\u00e4sschnitte oder ein feines z`Vieripl\u00e4ttli mit regionalen sowie auf der Alp produzierten K\u00f6stlichkeiten. F\u00fcr die kleinen G\u00e4ste steht ein Kinderspielplatz gleich neben der Gartenbeiz.", "url": "https://www.alpfindels.ch/", "image": "https://ostpimtsoch.sos-ch-dk-2.exoscale-cdn.com/catalog/3/9/c/4/39c499284815187ce0e984bc33dd85d300bdddd9_f1b1f07179e4b86ccc306eb1ccc1e2b9.JPG", "openstreetmap_id": "node/11931030132"}, "geometry": {"type": "Point", "coordinates": ["9.4613904", "46.9403613"]}}, {"type": "Feature", "properties": {"identifier": "18ee90a8-032e-4db9-ba45-be49cad84540", "name": "rivellaHome", "description": "Das rivellaHome ist ein gem\u00fctliches Fondue- & Raclette-Chalet, welches feinsten K\u00e4se-Spezialit\u00e4ten anbietet.  \nVom 26.12.2025 bis 06.03.2026 findet jeweils freitags und zus\u00e4tzlich am Samstag, 27.12.2025 das Nachtskifahren in der Flumserberg Galaxie statt. Der ideale Zeitpunkt sich davor im rivellaHome zu st\u00e4rken oder sich bevor dem nach Hause gehen mit einem heissen Getr\u00e4nk aufzuw\u00e4rmen.", "url": "https://www.flumserberg.ch/rivellahome", "image": "https://ostpimtsoch.sos-ch-dk-2.exoscale-cdn.com/catalog/2/5/b/1/25b18556c5be0578acb9ede8894039d6b82f5d6e_118312b8794cb0cc9411d82f79d0637a.jpg", "openstreetmap_id": "node/244067701"}, "geometry": {"type": "Point", "coordinates": ["9.2807483", "47.0919796"]}}, {"type": "Feature", "properties": {"identifier": "19bc535d-d42d-444a-907e-9063d0a7826d", "name": "B\u00e4ckerei F\u00fcger Handmade St.Gallen", "description": "Die B\u00e4ckerinnen und B\u00e4cker verarbeiten die optimal gereiften Teige direkt vor den Augen der G\u00e4sten zu frischen Broten, Br\u00f6tchen, Z\u00f6pfen und nat\u00fcrlich Gipfeli.\n\nIn der Handmade Chocolaterie kann auch mitverfolgt werden, wie die verschiedenen Schokospezialit\u00e4ten entstehen. Angeboten werden auch frische Fr\u00fchst\u00fccksgerichte, nahrhafte Zn\u00fcni-Verpflegungen und feine Mittagsgerichte. Die Lounges oder auch die einladende Dachterrasse mit fantastischem Weitblick laden zum Schlemmen und Verweilen ein.", "url": "https://fueger-handmade.ch/stgallen/", "image": "https://ostpimtsoch.sos-ch-dk-2.exoscale-cdn.com/catalog/6/f/2/6/6f269ac3c2cb41e149eb8fc54f0014af64ac0105_d3a13f6a3983e2d7bae4fb4732d210e1.JPG", "openstreetmap_id": "way/28636733"}, "geometry": {"type": "Point", "coordinates": ["9.354676008224489", "47.420008188794"]}}, {"type": "Feature", "properties": {"identifier": "1a8156e2-f397-42e2-8f19-8ebe0ebc6857", "name": "Presswerk Gastronomie & Eventhalle", "description": "Ein historisches Backsteingeb\u00e4ude im Industriestil, weitl\u00e4ufige, lichtdurchflutete Hallen mit hohen Decken und moderner Ausstattung: Das Presswerk in Arbon pr\u00e4sentiert sich als einzigartige Location, gepr\u00e4gt von industriellem Flair und urbaner Romantik. Das zwischen 1905 und 1910 erbaute Geb\u00e4ude diente zuerst der Stickereifabrik Heine bis in die 1940erJahre als Energiezentrale. Danach wurde es von Adolph Saurer gekauft und als Presserei sowie f\u00fcr den Rahmenbau genutzt. Nach einer aufw\u00e4ndigen Renovierung erstrahlt das Industriegeb\u00e4ude seit Ende 2018 in neuem Glanz und richtet sich multifunktional aus. Hier wird getanzt, gefeiert, gegessen und musiziert. Das Presswerk ist heute ein kreativer Treffpunkt mit einem vielf\u00e4ltigen Raumangebot \u2013 sowohl f\u00fcr kulturelle Ereignisse als auch f\u00fcr private Anl\u00e4sse.", "url": "http://www.presswerk-arbon.ch/", "image": "https://ostpimtsoch.sos-ch-dk-2.exoscale-cdn.com/catalog/d/8/5/4/d8549abb4eb11f50e977f8001e144aa6038e6afe_77e7bcd60fbc2cc143f968ff792e56cf.jpg", "openstreetmap_id": "node/6957952547"}, "geometry": {"type": "Point", "coordinates": ["9.4312402", "47.5101523"]}}, {"type": "Feature", "properties": {"identifier": "1aa06852-b3ec-49b5-b341-d11b7c75b389", "name": "Weingut Familie Hansruedi Adank", "description": "Reben und Wein sind unsere Leidenschaft, unsere Motivation. Wir lieben das Handwerk, die vielf\u00e4ltigen Arbeiten im Laufe der Jahreszeiten. Im Winter, wenn wir unter dem klaren Himmel der B\u00fcndner Herrschaft mit dem Rebschnitt das Fundament f\u00fcr den kommenden Jahrgang legen. Im Sommer, wenn morgens bei der Laubarbeit die Tautropfen auf den Rebbl\u00e4ttern glitzern. Und ganz besonders im Herbst: dann lesen wir mit dem Ernteteam die Trauben \u2013 bei uns heisst das \u00fcbrigens \u00abwimmle\u00bb \u2013 und anschliessend beginnt die Arbeit im Keller. \n\nErfahrung und Handwerk sind abgestimmt auf das Fl\u00e4scher Terroir. Reich an Kalk und je nach Lage mit Ton und Lehm angereichert, pr\u00e4gen diese durchl\u00e4ssigen, warmen Schiefer-B\u00f6den unsere Weine. Doch erst das Mikroklima macht das Fl\u00e4scher Terroir perfekt: Im Herbst ist der Himmel \u00fcber der B\u00fcndner Herrschaft meist tiefblau und die Luft f\u00fchlt sich an wie Seide. Dann streicht der F\u00f6hn durch die Regionen des Alpenrheins. Er trocknet den Tau von den Trauben und seine W\u00e4rme verpasst der Beerenreife den letzten Schliff. So heiss es tags\u00fcber auch werden kann. Gegen Abend streichen k\u00fchle Fallwinde vom Fl\u00e4scher Berg her durch die Reben und sorgen f\u00fcr eine balancierte S\u00e4ure.\n\nAdank Weine ist ein Familienweingut und es versteht sich von selbst, dass wir alle Aufgaben gemeinsam bew\u00e4ltigen. In der Gr\u00f6sse unseres kleinen Teams liegt unsere Kraft. Gegenseitige Wertsch\u00e4tzung und ein offenes Ohr f\u00fcr die Ideen und Vorstellungen in unseren K\u00f6pfen bringen unsere Weine voran. Ehrliches Handwerk, Nachhaltigkeit und Zeit bilden die Grundpfeiler unserer Philosophie. Zeit, die wir uns nehmen, um die richtigen Entscheidungen zu treffen und Zeit, die wir den Weinen lassen, um zu ihrer Vollendung zu gelangen. Handwerk, das auf den Erfahrungen baut, die wir uns Tag f\u00fcr Tag im Keller und in den Rebbergen aneignen. Nachhaltigkeit, die wir leben: Unsere B\u00f6den sollen so vielf\u00e4ltig und so biodivers wie nur m\u00f6glich an die n\u00e4chste Generation weitergegeben werden.", "url": "http://www.adank-weine.ch", "image": "https://ostpimtsoch.sos-ch-dk-2.exoscale-cdn.com/catalog/7/7/c/e/77ce2d22603d6d64c976cd1d9f76280048474041_864a2e958fa706e34ad3a3dd738dfc7a.jpg", "openstreetmap_id": "node/4818286199"}, "geometry": {"type": "Point", "coordinates": ["9.5139953", "47.0265408"]}}, {"type": "Feature", "properties": {"identifier": "1aa219d9-40f8-4ef3-b3f3-0e4ae7bfe449", "name": "Alp Tschingla", "description": "<p>In unserer H&uuml;ttenk&uuml;che bereiten wir einfache und urchige Menus zu. Es gibt verschiedenes vom Grill, Salate, Aelplermaccaronen, Tomatenspaghetti oder einfach nur was kleines: K&auml;se, Salsiz, Speck und Brot. Zum &Uuml;bernachten stehen 4 Doppelzimmer und ein Massenlager f&uuml;r 20 Personen zur Verf&uuml;gung. Zur Entspannung nach einer sch&ouml;nen Wanderung, heizen wir gerne auf Voranmeldung den Hotpot ein.</p>", "url": "http://www.tschingla.ch", "image": "https://ostpimtsoch.sos-ch-dk-2.exoscale-cdn.com/catalog/0/3/2/e/032ecd6841f919cf9093fcffb601d2b3c82ec648_f99f6c9641003c2fdc30c6e98c61572f.jpg", "openstreetmap_id": "node/4915474980"}, "geometry": {"type": "Point", "coordinates": ["9.2948089", "47.1483796"]}}, {"type": "Feature", "properties": {"identifier": "1b96af68-9e4e-4a64-85c2-72220d132dd9", "name": "Restaurant Sch\u00fctzengarten", "description": "B\u00fcrgerliche K\u00fcche mit verschiedenen Mittagsmen\u00fc und Empfehlungen\nGediegenes Abendessen im Wintergarten \nMetzget\u00e4, Wildspezialit\u00e4ten, Spargeln, Cordon- Bleufestival\nimmer etwas Neues", "url": "http://www.schuetzen-garten.ch/", "image": "https://ostpimtsoch.sos-ch-dk-2.exoscale-cdn.com/catalog/e/4/a/4/e4a4e73732215dc6521fe51789d96198377f8a2d_b2b89c85191ebb9ca73c41748c7db692.jpg", "openstreetmap_id": "relation/1683880"}, "geometry": {"type": "Point", "coordinates": ["9.34622240368007", "47.09429526703"]}}, {"type": "Feature", "properties": {"identifier": "1c9f7866-513a-4ac3-a8be-31cf932705ae", "name": "Restaurant Seegarten", "description": "<div>Das Restaurant Seegarten besticht durch die frische Zubereitung der Speisen. In der K\u00fcche verarbeitet Charlie G\u00fcnter Produkte aus der Region: Das Gem\u00fcse stammt von den umliegenden Bauernh\u00f6fen, die Fischer aus der Nachbarschaft sorgen f\u00fcr saisonale Angebote auf der Speisekarte. Besonders anspruchsvolle G\u00e4ste k\u00f6nnen sich auf die t\u00e4glich wechselnden Empfehlungen des Hauses verlassen.</div><div>Im Weinkeller des Seegartens lagern \u00fcber 750 edle Tropfen, ein Drittel davon aus der Schweiz. Die Auswahl umfasst exzellent gelagerte Jahrg\u00e4nge, die sowohl Kenner als auch Geniesser begeistern. </div><div><br></div><div>Die Weinkarte des Restaurants wurde 2002 in die \u00abBest Wine List\u00bb aufgenommen, eine renommierte Liste, in der nur Weinkarten vertreten sind, die im Newsletter \u00abWein Wisser\u00bb mindestens 18 von 20 Punkten erhalten haben. Zurzeit geh\u00f6ren nur 19 Weinkarten in der Schweiz zu dieser exklusiven Auswahl.</div><div><br></div>", "url": "http://www.seegarten.ch/", "image": "https://ostpimtsoch.sos-ch-dk-2.exoscale-cdn.com/catalog/8/5/9/6/85962ea9341fd9e8fdfb7a4f193b03ac70189902_4ab6def3e2bb3f51a0f2ced502c2d663.jpg", "openstreetmap_id": "node/461753294"}, "geometry": {"type": "Point", "coordinates": ["9.1957184", "47.6469607"]}}, {"type": "Feature", "properties": {"identifier": "1d9555f9-0984-466d-8b59-a4a0339460be", "name": "Alte Alp Gaffia", "description": "Das Team begr\u00fcsst Sie t\u00e4glich als Gast auf der Sonnenterasse und in der rustikalen Gaststube. Zur Alte Alp Gaffia auf 1861 m \u00fc. M. gelangen Sie bequem mit der Sesselbahn von der Furt. Geniessen Sie regionale Speisen, feine hausgemachte Kuchen und Desserts. Des Weiteren bieten wir erfrischende Getr\u00e4nke und Spezialit\u00e4ten an.", "url": "https://www.altealpgaffia.ch/", "image": "https://ostpimtsoch.sos-ch-dk-2.exoscale-cdn.com/catalog/6/2/8/7/6287f142980b6080f3df778461de25dbceb051c1_7950bf62e988568b6444a5b9f14f21bb.jpg", "openstreetmap_id": "node/8329807784"}, "geometry": {"type": "Point", "coordinates": ["9.411474466323854", "46.99004531027749"]}}, {"type": "Feature", "properties": {"identifier": "1e3a42ba-2d41-417e-94d7-51bf152448e9", "name": "Restaurant & Bistro Sauceria", "description": "Die Sauceria ist in der gastronomisch neu belebten Engelgasse in der St. Galler Altstadt zu finden. Ob im trendigen Restaurant, coolen Bistro oder im grossen Aussenrestaurant \u2013 alle Saucenkreationen werden zu Vegi, Pasta, Fleisch und Fisch serviert. Dazu gibt es noch Eva\u2019s B\u00fcrli-Brot zum Tunken. Alles von der K\u00fcchenchefin Arjeta und ihrem K\u00fcchenteam selbst gemacht. Dazu verw\u00f6hnt Rafael mit seinem Serviceteam die G\u00e4ste mit seinem Graham Blend No 5 Special Drink oder einer guten Flasche Wein. Nicht zu Unrecht sagen viele der G\u00e4ste: \u201ewahrscheinlich das Restaurant mit den besten Saucen der Stadt\u201c. ", "url": "http://www.sauceria.ch", "image": "https://ostpimtsoch.sos-ch-dk-2.exoscale-cdn.com/catalog/3/e/0/d/3e0d511955f7bf6b10ce367cc50598f206b17179_7e5036ef71ae1273d48a6a1d7fa792d2.jpg", "openstreetmap_id": "node/445420081"}, "geometry": {"type": "Point", "coordinates": ["9.37448", "47.42667"]}}, {"type": "Feature", "properties": {"identifier": "1fc7797e-c3e5-4e82-8b37-6bd39c1cbf47", "name": "Restaurant Miski Takiy  - Peru", "description": "Im Herzen der Altstadt Frauenfelds, umgeben von mittelalterlichen Geb\u00e4uden, liegt das einzige peruanische Restaurant des Kantons Thurgau: Miski-Takiy. Dank des lateinamerikanischen Flairs und der passenden Musik stellt sich bei Besuchenden bald ein exotisches Urlaubsgef\u00fchl ein. G\u00e4ste erleben hier eine kulinarische Entdeckungsreise von der peruanischen K\u00fcste, \u00fcber die Anden bis hin zum Amazonasgebiet, von exotischen Pisco-Cocktails bis hin zu frischen Ceviche. Die Gastgebenden tragen die K\u00fcche ihres Landes im Herzen und in der Seele und haben sich zum Ziel gesetzt, ihre G\u00e4ste durch das w\u00fcrzige, pikante und erfrischende kulinarische Abenteuer ihres Heimatlandes zu f\u00fchren. Peru wurde \u00fcbrigens bei den World Travel Awards bereits zum 10. Mal als \u00abWeltweit f\u00fchrendes kulinarisches Reiseziel\u00bb ausgezeichnet. Ein Besuch lohnt sich.", "url": "https://www.miskitakiy.ch", "image": "https://ostpimtsoch.sos-ch-dk-2.exoscale-cdn.com/catalog/4/d/1/5/4d15b42c3b43c63a377fc2b1852b993686303188_715be3b924add06d6e4bebcd60e1b759.jpg", "openstreetmap_id": "node/3729000125"}, "geometry": {"type": "Point", "coordinates": ["8.897946", "47.5561887"]}}, {"type": "Feature", "properties": {"identifier": "201f6e20-1f5e-44d7-99ee-f83632da2dba", "name": "Berggasthaus Prodkamm", "description": "Das Berggasthaus Prodkamm am Flumserberg ist ein Ort, an dem Sie sich kulinarisch verw\u00f6hnen lassen k\u00f6nnen. Mit seinen authentischen, monatlich wechselnden Pasta- und Salatangeboten sowie der Speisekarte mit regionalen und traditionellen Gerichten bietet das Restaurant eine vielf\u00e4ltige Auswahl an K\u00f6stlichkeiten. Das Restaurant verf\u00fcgt zudem \u00fcber eine grosse Sonnenterrasse, auf der Sie Ihre Mahlzeiten im Freien einnehmen und dabei die atemberaubende Aussicht auf die umliegende Berglandschaft geniessen.\nDas Berggasthaus Prodkamm l\u00e4dt Sie ein, die authentische K\u00fcche und die entspannte Atmosph\u00e4re zu geniessen. Ob Sie nach einem Skitag eine St\u00e4rkung suchen oder einfach nur die Sonne auf der Terrasse geniessen m\u00f6chten, hier werden Sie mit herzlicher Gastfreundschaft empfangen. Besuchen Sie das Berggasthaus Prodkamm und lassen Sie sich von den k\u00f6stlichen Gerichten und der einzigartigen Lage begeistern.", "url": "http://www.prodkamm.ch", "image": "https://ostpimtsoch.sos-ch-dk-2.exoscale-cdn.com/catalog/7/8/5/d/785da9ac840d7d24b0d63a535af1f5de12064c35_561c2cd18ad13fc973e840a193ca561b.jpg", "openstreetmap_id": "way/595895128"}, "geometry": {"type": "Point", "coordinates": ["9.26801383495331", "47.07360037575466"]}}, {"type": "Feature", "properties": {"identifier": "2064fcf9-3fe4-4f8e-a1c5-8051ce2eeeb2", "name": "Selbstbedienungs Restaurant Schloss Laufen am Rheinfall", "description": "Sehen und Staunen macht hungrig und durstig: Das Selbstbedienungs-Restaurant mit seiner grossen Terrasse und dem Spielplatz liegt vor allem f\u00fcr Familien ideal.", "url": "https://schlosslaufen.ch/de/rheinfall/informationen", "image": "https://ostpimtsoch.sos-ch-dk-2.exoscale-cdn.com/catalog/4/e/3/0/4e30f3cab5f801bff377759b36cab4d5485890b4_683d110106fe3fd8fd74e4eec6a7cee0.jpg", "openstreetmap_id": "node/2427867574"}, "geometry": {"type": "Point", "coordinates": ["8.61517245095456", "47.675788890130335"]}}, {"type": "Feature", "properties": {"identifier": "20e9ad99-326a-4c9b-876d-8a8b12d5db96", "name": "Berggasthaus Pardiel  ", "description": "Das Berghaus ist somit der ideale Ausgangspunkt f\u00fcr Ihre Ski- oder Wanderferien. Das Skigebiet Pizol, mit seinen 50 Pistenkilometern, bietet f\u00fcr alle etwas. Der Skischul-Sammelplatz und der Skiverleih befindet sich in unmittelbarer N\u00e4he. Als Ausgangspunkt f\u00fcr Wanderungen in einer einmaligen Bergwelt ist das Berghaus Pardiel Ihr Gruppenhaus. Ob auf einem Themenweg oder individuell auf dem Wanderweg ist alles direkt von unserm Haus machbar.\n\nVerpflegung\nUnsere grossz\u00fcgige K\u00fcche eignet sich perfekt f\u00fcr Selbstversorger. \n\nZimmer Allgemein\nUnsere Zimmer sind im rustikalen Stil eingerichtet. Das Berggasthaus verf\u00fcgt \u00fcber 11 Zimmer.\nEs stehen folgende Zimmerkategorien zur Verf\u00fcgung:\n\n6x Doppelzimmer\n2x Vierbettzimmer\n1x 5er-Massenlager\n2x 14er-Massenlager", "url": "https://pizol.com/gastrobetriebe/gruppenhaus-pardiel/", "image": "https://ostpimtsoch.sos-ch-dk-2.exoscale-cdn.com/catalog/6/3/6/a/636ab54a2b5f734088247c1e5354f5bb4b731a16_6ee1e453d47535e0c254bd879ae1c403.jpg", "openstreetmap_id": "way/45782460"}, "geometry": {"type": "Point", "coordinates": ["9.462869032451824", "46.9897201"]}}, {"type": "Feature", "properties": {"identifier": "212c1c37-b6e8-4036-9e0b-a9e177ce4ed2", "name": "Bistro St.Gallen", "description": "In gem\u00fctlicher und stilvoller Atmosph\u00e4re lassen sich k\u00f6stliche Gerichte von fr\u00fch bis sp\u00e4t geniessen: Vom ausgewogenen Fr\u00fchst\u00fccksbuffet \u00fcber internationale Speisen bis hin zu liebevoll kreierten K\u00f6stlichkeiten aus der hauseigenen Patisserie. Im Bistro St.Gallen finden die G\u00e4ste zu jeder Tageszeit den passenden Gaumenschmaus.", "url": "https://www.bistro-sg.ch", "image": "https://ostpimtsoch.sos-ch-dk-2.exoscale-cdn.com/catalog/3/2/4/f/324fb84cef279199e7417788ca357a3c5d6d3f71_38f42c81bb8385c9ae75d2f4290cf130.jpg", "openstreetmap_id": "145470788"}, "geometry": {"type": "Point", "coordinates": ["9.374426514160193", "47.4213691"]}}, {"type": "Feature", "properties": {"identifier": "21c691e1-504c-4894-b043-2f4e663c8788", "name": "Skihaus Gamperfin", "description": "Ganzj\u00e4hrig ge\u00f6ffnet mit Restaurations- und Hotelbetrieb, folgt das innovative P\u00e4chterpaar Fabienne & Marcel Wessner stets ihrem Motto \"nat\u00fcrlich - eifach - echt\". Im Restaurant gibt's regionale und saisonale Produkte, welche mit viel Freude zu leckeren Speisen zubereitet werden. ", "url": "https://www.skihaus-gamperfin.ch/", "image": "https://ostpimtsoch.sos-ch-dk-2.exoscale-cdn.com/catalog/7/9/7/4/7974f8445d18f1da7a177dbcf473880016107b36_8e0bdbf6e4701bc16bb67a1b0517c127.jpg", "openstreetmap_id": "node/346266766"}, "geometry": {"type": "Point", "coordinates": ["9.379277229309084", "47.171379819354826"]}}, {"type": "Feature", "properties": {"identifier": "224014c6-b385-4b0d-a9f7-f21c1e24f3ae", "name": "Restaurant Artisans", "description": "<p>Die K&uuml;che ist mediterran und franz&ouml;sisch inspiriert - voller Aromen, die an Sonne, W&auml;rme und Leichtigkeit erinnern. Jeder Teller im Restaurant Artisans erz&auml;hlt ein St&uuml;ck der Geschichte der Gastgeber, ihrer Herkunft und ihrer Reise.</p><p>Das Restaurant ist bewusst klein und pers&ouml;nlich und bietet mit 22 Pl&auml;tzen ein Ort f&uuml;r N&auml;he, Atmosph&auml;re und echte Begegnungen.</p>", "url": "https://restaurantartisans.ch", "image": "https://ostpimtsoch.sos-ch-dk-2.exoscale-cdn.com/catalog/a/e/9/0/ae907d1ad6d7ecef0af322b0e94eafc7c85b9cb7_60bb5109f40492d3ebc8d2cbcd6b8749.jpg", "openstreetmap_id": "node/4092518593"}, "geometry": {"type": "Point", "coordinates": ["9.3755663", "47.4231633"]}}, {"type": "Feature", "properties": {"identifier": "225e182b-7742-4c04-83e6-0651f5aef821", "name": "Restaurant & Bar Adler Berlingen", "description": "<p>Direkt am idyllischen Untersee, einem Teil des Bodensees, l&auml;dt das Restaurant Adler in Berlingen zum Geniessen und Verweilen ein. Kulinarische Spezialit&auml;ten wie Fleisch auf dem heissen Stein oder das klassische Entrec&ocirc;te Caf&eacute; de Paris werden mit Sorgfalt und Frische zubereitet. Der Stammtisch und die Bar laden zu geselligen Stunden ein und bieten eine erlesene Auswahl an Weinen, ausgew&auml;hlten Bieren und erstklassigen Cocktails.</p>\n<p>F&uuml;r einen Aufenthalt in der Region stehen komfortable Unterk&uuml;nfte zur Verf&uuml;gung: Ein gem&uuml;tliches Doppelzimmer sowie eine grossz&uuml;gige 3,5-Zimmer-Wohnung bieten den idealen Rahmen f&uuml;r entspannte Tage am Bodensee. Nur wenige Schritte entfernt laden das Ufer des Bodensees und der nahegelegene Hafen zu abwechslungsreichen Freizeitaktivit&auml;ten ein &ndash; ob Baden, Spazieren oder einfach die Natur geniessen. Der Adler vereint kulinarische Erlebnisse, geselliges Beisammensein und erholsame Tage am Bodensee &ndash; ein Ort zum Wohlf&uuml;hlen inmitten des sch&ouml;nen Thurgaus.</p>", "url": "https://www.adler-berlingen.ch", "image": "https://ostpimtsoch.sos-ch-dk-2.exoscale-cdn.com/catalog/3/d/3/4/3d34faa9e4f325c96e96aca44346e0b0f3b2b80e_c92632cb3dfd654a9b83b42d933ebd2e.jpg", "openstreetmap_id": "way/419552597"}, "geometry": {"type": "Point", "coordinates": ["9.016196126643113", "47.67398085000001"]}}, {"type": "Feature", "properties": {"identifier": "22e409f1-67dd-49d4-ab66-3cfb79102cee", "name": "Restaurant & Biergarten Fischerhaus", "description": "Das Restaurant m\u00fcsste wohl in vier Bereiche aufgeteilt sein. Ein sch\u00f6nes St\u00fcbli, eine typische Terrasse und der verglaste Restaurant-Pavillon. Hier gibt es frischen Fisch, eine feine Auswahl an Vegi- und Fleischgerichten und ein umfangreiches Weinangebot.\n\nAn sch\u00f6nen Tagen im Sommer l\u00e4dt der unkomplizierte Biergarten mit 250 Sitzpl\u00e4tzen zum Verweilen ein. Hier werden die G\u00e4ste mit Burgern, Salaten, Schnitzel und Steinofen-Pizza verw\u00f6hnt.", "url": "http://www.fischerhaus.ch/", "image": "https://ostpimtsoch.sos-ch-dk-2.exoscale-cdn.com/catalog/6/3/8/b/638b73091f6c204de8a2a6fa2b601c1643d01994_0b61f338a37cf565346e9a282088238e.jpg", "openstreetmap_id": "node/478088639"}, "geometry": {"type": "Point", "coordinates": ["9.199285", "47.6471854"]}}, {"type": "Feature", "properties": {"identifier": "235f3181-fc95-4e52-8db2-fdbff19e73b7", "name": "B\u00e4ckerei Bleiker", "description": "<p>In unserer familiengef&uuml;hrten B&auml;ckerei leben wir echtes B&auml;ckerhandwerk &ndash; ehrlich, nachhaltig und mit Herz. Unsere Brote entstehen in sorgf&auml;ltiger Handarbeit, mit viel Zeit und Liebe zum Detail. Wir verwenden ausschliesslich nat&uuml;rliche Zutaten und bevorzugen Rohstoffe aus der Region, wann immer m&ouml;glich. Besonders stolz sind wir auf unsere Brote aus wertvollem Urdinkel &ndash; einer urspr&uuml;nglichen, n&auml;hrstoffreichen Getreidesorte, die f&uuml;r ihren Geschmack und ihre gute Vertr&auml;glichkeit gesch&auml;tzt wird. Tradition und Qualit&auml;t stehen bei uns im Mittelpunkt &ndash; ganz ohne industrielle Zus&auml;tze, daf&uuml;r mit Verantwortung gegen&uuml;ber Mensch, Natur und unserer Heimat. F&uuml;r uns ist Backen mehr als ein Beruf &ndash; es ist gelebte Leidenschaft, famili&auml;res Miteinander und das t&auml;gliche Streben nach echtem Geschmack.</p>", "url": "https://baeckerei-bleiker-ch", "image": "https://ostpimtsoch.sos-ch-dk-2.exoscale-cdn.com/catalog/6/8/8/1/68815b9769813f19c7d3a41dfbc15cd4e2726bc1_118f0bb298398fe0ffa75b123d176928.png", "openstreetmap_id": "way/465429934"}, "geometry": {"type": "Point", "coordinates": ["9.1132313", "47.3540722"]}}, {"type": "Feature", "properties": {"identifier": "246fb02b-01a5-4624-b76d-a32b9a509010", "name": "Quellpark Kundelfingerhof", "description": "Der Natur- und Angelpark bietet ein ideales Ziel f\u00fcr einen Genuss-, Firmen- oder Familienausflug. Im Restaurant spielt der eigene Fisch die Hauptrolle. Eine idyllische Atmosph\u00e4re, gepaart mit herzlicher Gastfreundschaft und kulinarische K\u00f6stlichkeiten, erwartet die Besuchenden. Auf die kleinen G\u00e4ste wartet ein Spielplatz draussen und Mal- und Spielsachen drinnen. Die K\u00fcche zaubert zudem feine kindergerechte Gerichte. Der Bankettpavillon direkt am Wasser ist die ideale Lokalit\u00e4t f\u00fcr Hochzeiten und Bankette bis 150 Personen. Alle R\u00e4umlichkeiten sind barrierefrei und rollstuhlg\u00e4ngig.\n\nDer Selbstbedienung-Hofladen pr\u00e4sentiert ein grosse Auswahl an lokalen Spezialit\u00e4ten in der Region. Viele Produkte stammen aus der eigenen Hofmanufaktur. Der Angelshop dient als Anmeldung f\u00fcr den Angelpark und bietet eine Auswahl an Angelzubeh\u00f6r und K\u00f6dern. Der Hofladen und der Angelshop sind 24/7 ge\u00f6ffnet. Bezahlt wir an einer Selfscanning-Kasse.", "url": "http://www.kundelfingerhof.ch/", "image": "https://ostpimtsoch.sos-ch-dk-2.exoscale-cdn.com/catalog/f/8/3/3/f833cff667acdc70aef4303d529d7391b01f9b08_e06ad49ef7095a140a71f18215b66292.jpg", "openstreetmap_id": "node/1074203189"}, "geometry": {"type": "Point", "coordinates": ["8.7078125", "47.6771618"]}}, {"type": "Feature", "properties": {"identifier": "24748c3a-5642-490b-a48d-276e5a1bf358", "name": "B\u00e4ckerei-Konditorei Meyerhans", "description": "In unserer B\u00e4ckerei stellen wir t\u00e4glich frisch die verschiedensten Brotsorten unter dem Reinheitsgebot des Naturel Labels  her.\nIn unserer Konditorei finden Sie alles was s\u00fcsse Herzen h\u00f6her schlagen l\u00e4sst.\nUnsere Produkte werden alle nach strengen Produktionsrichtlinien und gesunden Zutaten produziert. Von Torten \u00fcber Patisserie bis zum Dessertbuffet f\u00fcr Ihr Fest.\nEbenfalls in der Konditorei hergestellt werden unsere feinen Appenzeller-Biber, die schon mehrere Preise gewonnen haben.", "url": "http://www.beckmeyerhans.ch/", "image": "https://ostpimtsoch.sos-ch-dk-2.exoscale-cdn.com/catalog/e/f/a/5/efa511a05fadab60ebf5641da34a850100d18e7b_7388127bf2fe4e63525b0e6ee2e518e1.jpg", "openstreetmap_id": "5352678324"}, "geometry": {"type": "Point", "coordinates": ["9.6017416", "47.4514749"]}}, {"type": "Feature", "properties": {"identifier": "2524149c-896d-41c6-9019-d214ba14d869", "name": "B\u00e4ckerei Konditorei Confiserie Caf\u00e9 Ziehler Stein", "description": "Wir sind ein Familienbetrieb in dritter Generation, legen Wert auf Tradition, Regionalit\u00e4t, Innovation und Menschlichkeit. Wir sind ein bunt durchmischter Haufen, vom Lehrling bis zum l\u00e4ngst pensionierten Mitarbeiter, der bestens aufeinander eingespielt ist.\n\nDas Summen unserer Betriebsamkeit zieht Geniesser vom ganzen Tal, sowie weit dar\u00fcber hinaus, an.\n\nInfrastruktur f\u00fcr Zweir\u00e4der:\n- E-Bike Ladestation\n- Wasserhahn der zur Verf\u00fcgung steht\n- Reifen aufpumpen", "url": "https://ziehler.ch/", "image": "https://ostpimtsoch.sos-ch-dk-2.exoscale-cdn.com/catalog/7/1/c/8/71c82515e64c4171edd0b7998669ba530bbbeb0b_f322aa8f68fb2b0a1eda0dc1c5bd12bf.jpg", "openstreetmap_id": "node/5270308780"}, "geometry": {"type": "Point", "coordinates": ["9.22725", "47.19861"]}}, {"type": "Feature", "properties": {"identifier": "257aa86f-c296-4898-8c2a-167acaa95bf2", "name": "erMarina Event- & Gastroschiff", "description": "Schon \u00fcber 65 Jahre alt ist das ehemalige Kursschiff MS Kreuzlingen. Trotzdem wurde es nicht in Pension geschickt \u2013 nein, es erhielt eine Verj\u00fcngungskur. Stilvoll renoviert und zum Restaurant umgebaut liegt es nun seit 2021 als \u00aberMarina\u00bb in Ermatingen an der neuen Hafenanlage Stedi in Ermatingen. Mit gek\u00fchltem Drink in der Hand und sanft geschaukelt relaxt man hier auf der Decklounge oder l\u00e4sst sich im Restaurant raffinierte regionale Spitzenkulinarik schmecken. Immer mit dabei: ein herrlicher Blick auf den Untersee. Das Schiff kann ausserdem t\u00e4glich f\u00fcr Veranstaltungen und Ausfahrten f\u00fcr bis zu 180 Personen gebucht werden. Von Oktober bis M\u00e4rz geniesst man im Winterschiff \u00abSeeChalet\u00bb das beste K\u00e4sefondue der Region.", "url": "https://www.ermarina.ch", "image": "https://ostpimtsoch.sos-ch-dk-2.exoscale-cdn.com/catalog/3/5/7/f/357fc3e89682ac76150d6a07958d55ff854e69da_1d18b88e76e69d6ee5a40f31a70e418e.JPG", "openstreetmap_id": "348733187"}, "geometry": {"type": "Point", "coordinates": ["9.08575773239136", "47.675010848212"]}}, {"type": "Feature", "properties": {"identifier": "25e451b6-85a3-4a8d-8c10-8bf1cb2b0e7c", "name": "focacceria St.Gallen", "description": "<p>Die einmaligen Variationen an Antipasti, die grosse Auswahl an Pasta, Salaten, Suppen &amp; Desserts machen es m&ouml;glich, f&uuml;r jeden Geschmack das Richtige zu finden. Entgegen dem allgemeinen Trend von industriell hergestellten Convenience-Produkten wird zu 100% auf handveredelte K&ouml;stlichkeiten gesetzt. S&auml;mtliche Gerichte auf der Karte sind mit viel Liebe hausgemacht. Die Rohstoffe werden von Lieferanten aus der Region bezogen. Eine hochstehende Kaffeekultur, Bier aus der Region &amp; eine auserlesene Auswahl an Weinen erg&auml;nzen das kulinarische Angebot. Das Hauptaugenmerk liegt auf den Weinen aus Italien.</p>", "url": "https://focacceria.ch/", "image": "https://ostpimtsoch.sos-ch-dk-2.exoscale-cdn.com/catalog/6/e/f/6/6ef66c47c64162ca76f6959dc151690517528969_48cbafdb89a1e145f0e7c864639d8a3c.JPG", "openstreetmap_id": "way/311104328"}, "geometry": {"type": "Point", "coordinates": ["9.375253998051948", "47.427058450000004"]}}, {"type": "Feature", "properties": {"identifier": "25f39777-0e9a-4bfc-979a-d1563b9149b1", "name": "Weingut Heidelberg, Maienfeld", "description": "Weingut mit 5 ha Rebland. Eigenkelterung in modernem Weinkeller und traditionellem Holzfasskeller.\nWeingutsbesichtigung mit Weindegustation und Imbiss im rustikalen Weinst\u00fcbli oder in der mit Reben bewachsenen Pergola mitten im Weinberg.\n\nEinfache K\u00fcche, Catering m\u00f6glich.", "url": "http://www.lampert-weinbau.ch", "image": "https://ostpimtsoch.sos-ch-dk-2.exoscale-cdn.com/catalog/e/0/4/e/e04ead8b0cc20f88db5049eb9bed1a8e2769908f_e888020762c72675fe993bbc65ce00ab.jpg", "openstreetmap_id": "way/409114948"}, "geometry": {"type": "Point", "coordinates": ["9.53107530744586", "47.010756400000005"]}}, {"type": "Feature", "properties": {"identifier": "279e782f-c4b6-44f6-8187-013f435e3ce1", "name": "Lang's Caf\u00e9", "description": "Lang's Caf\u00e9 in Neuhausen am Rheinfall ist ein vielseitiger Treffpunkt, der vom fr\u00fchen Morgen bis sp\u00e4t abends ge\u00f6ffnet ist. Beginnen Sie Ihren Tag mit einem k\u00f6stlichen Fr\u00fchst\u00fcck, mit hausgemachtem Geb\u00e4ck und Gipfeli in gem\u00fctlicher Atmosph\u00e4re oder geniessen Sie ein herzhaftes Mittagessen aus der vielf\u00e4ltigen Speisekarte. Am Nachmittag laden hausgemachte Torten, Patisserie und Kaffeespezialit\u00e4ten zum Verweilen ein. Abends k\u00f6nnen Sie bei einem leckeren Abendessen den Tag entspannt ausklingen lassen. Lang's Caf\u00e9 bietet eine einladende Atmosph\u00e4re und freundlichen Service zu jeder Tageszeit.", "url": "https://www.langs-cafe.ch", "image": "https://ostpimtsoch.sos-ch-dk-2.exoscale-cdn.com/catalog/7/a/9/4/7a94ffbad94332522ab419b4f62c0876ecc6d2b0_f2bb436548a6fda5b3b0bf2904b6b5ab.jpg", "openstreetmap_id": "node/7448294158"}, "geometry": {"type": "Point", "coordinates": ["8.6219848", "47.6838789"]}}, {"type": "Feature", "properties": {"identifier": "28229e32-7d34-4c2c-9d1e-04fca65f7279", "name": "Teehaus LIU", "description": "Um t\u00e4glich eine perfekte Tasse Tee geniessen zu k\u00f6nnen, ist f\u00fcr uns ausschlaggebend, den Ursprung und den Entstehungsprozess des Tees zu kennen.\n\nVom traditionellen Anbau, \u00fcbers sorgf\u00e4ltige Pfl\u00fccken, hochwertige Verarbeiten bis hin zur passenden Verpackung und anschliessenden Versand gilt f\u00fcr uns nur die h\u00f6chste Qualit\u00e4t.\n\nWir vertrauen den Teebauern und unterst\u00fctzen sie partnerschaftlich. Unser gemeinsames Streben ist, dass Tee nicht nur durch den Wert der Teebl\u00e4tter selbst, sondern auch durch die Hingabe und das Engagement der Menschen, die diesen Prozess begleiten, dem Tee eine spirituelle Erfahrung und nachhaltig positive Bedeutung mitgeben.\n\nJeder Teegarten und jeder Mensch, der mit Tee in Ber\u00fchrung kommt, verdient es, gesch\u00e4tzt zu werden.\n\nWas wir weitergeben, ist die Legende des Tees, das Geschenk der Natur, aber auch die Teekultur und die Wahrheit, G\u00fcte und Sch\u00f6nheit der Menschen.\n\nUnsere Tees stammen von kleinen, lokal t\u00e4tigen Herstellern und werden gr\u00f6sstenteils von Hand hergestellt. Dazu z\u00e4hlen beispielsweise die Teeh\u00e4ndler von F\u0113ngf\u00f9 (\u8c50\u5085) oder die Teeg\u00e4rten von Wuyishan, die zu unseren zuverl\u00e4ssigen Partnern geh\u00f6ren.", "url": "https://teehausliu.com/", "image": "https://ostpimtsoch.sos-ch-dk-2.exoscale-cdn.com/catalog/a/8/e/f/a8ef5943b7b68151205b0fd114e4375b6aff0cd5_089707a6b22f1ffce7f9174e98188619.jpg", "openstreetmap_id": "node/3046406902"}, "geometry": {"type": "Point", "coordinates": ["9.502216", "47.0029044"]}}, {"type": "Feature", "properties": {"identifier": "296ef3a0-8118-420f-8759-4c3faef3bacb", "name": "Restaurant Tertianum Blumenaupark", "description": "In unserem \u00f6ffentlichen Restaurant werden Sie von unserem K\u00fcchenteam mit liebevoll angerichteten Speisen und Dessertkreationen verw\u00f6hnt. Neben verschiedenen Kaffeevarianten erhalten Sie bei uns auch erfrischende Getr\u00e4nke oder einen kleinen Snack f\u00fcr zwischendurch. Auch Angeh\u00f6rige und Freunde unserer G\u00e4ste sind herzlich willkommen.", "url": "https://www.tertianum.ch/wohn-pflegezentrum/tertianum-blumenaupark#gastronomie", "image": "https://ostpimtsoch.sos-ch-dk-2.exoscale-cdn.com/catalog/2/7/1/1/2711615e5f21417c9caf8d6676ca0f0d0dcf399c_c456bb7850ff9b6617c1834c4f94a899.jpg", "openstreetmap_id": "way/850097884"}, "geometry": {"type": "Point", "coordinates": ["9.253684737470934", "47.11229805"]}}, {"type": "Feature", "properties": {"identifier": "2a17a0c8-1654-4f14-ae3e-0a9d797ddb27", "name": "vinoTon Weine - Heusi Rebbau", "description": "Philipp Heusi kultiviert seit \u00fcber 20 Jahren mit viel Herzblut und Engagement seine Reben im Chl\u00e4ggi. Dort liefert er einen wesentlichen Teil zur Verwirklichung seiner Vorstellung von authentischen Weinen aus den verschiedenen Lagen rund um G\u00e4chlingen. Er pflegt auf einer Fl\u00e4che von 1,5 Hektaren die Sorten Riesling-Silvaner, Sauvignon Blanc, Regent und Pinot Noir. Die lagenrein ausgebauten, sehr klaren, geradlinigen und ehrlichen Weine werden von der R\u00f6tiberg Kellerei, nach seinen Vorstellungen gekeltert und abgef\u00fcllt.\n\nDer Verkauf der eigenen Weine hat in den letzten Jahren einen immer gr\u00f6sseren Stellenwert eingenommen. Was vor circa 20 Jahren eher als Nebengesch\u00e4ft begann, wird seit 2012 stetig ausgebaut. In der \u00abvinoton-linie\u00bb lassen sich nebst den Klassikern auch seltene Exemplare finden wie z. B. den \u00ableggiero\u00bb (Regent Ros\u00e9) oder das \u00abvioloncello\u00bb (Cuv\u00e9e Zweigelt/Pinot Noir). Nat\u00fcrlich haben auf dem Betrieb auch neue und spezielle Versuche ihren Platz.", "url": "https://www.vinoton.ch/index.html", "image": "https://ostpimtsoch.sos-ch-dk-2.exoscale-cdn.com/catalog/1/0/b/3/10b3778aa2d3db3dfe9a31770747e1f9301d4198_cfd6b40b44cf637982da7046a869b48a.jpg", "openstreetmap_id": "node/3191667051"}, "geometry": {"type": "Point", "coordinates": ["8.4958576", "47.7021892"]}}, {"type": "Feature", "properties": {"identifier": "2a731480-73b8-4ed7-8d95-ec6e9fbfaa84", "name": "Restaurant Schloss Sargans", "description": "HERZLICH WILLKOMMEN IM SCHLOSS SARGANS!\nWir heissen Sie herzlich willkommen und freuen uns darauf, in unserem Restaurant begr\u00fcssen zu d\u00fcrfen.\n\nUnser Restaurant, eingebettet in die historischen Gem\u00e4uer des Schlosses Sargans, l\u00e4dt Sie zu einem unvergesslichen kulinarischen Erlebnis ein. Entdecken Sie die Vielfalt regionaler K\u00f6stlichkeiten, die mit Liebe zum Detail zubereitet werden und unsere Verbundenheit zur Umgebung widerspiegeln. Erleben Sie bei uns nicht nur exzellente Speisen, sondern auch eine Atmosph\u00e4re, die den Charme der Region ausdr\u00fcckt\u2013 regional, herzlich, einladend.", "url": "https://www.schloss-sargans.com/", "image": "https://ostpimtsoch.sos-ch-dk-2.exoscale-cdn.com/catalog/e/d/f/a/edfa051551337de5cdf19e26aec7b2aeb10ccf55_bd9952e3ddae35d83f052db506578cce.jpg", "openstreetmap_id": "way/125079000"}, "geometry": {"type": "Point", "coordinates": ["9.437401316477047", "47.05020255964923"]}}, {"type": "Feature", "properties": {"identifier": "2b82e8ac-4eac-43cb-af61-c316c85f3b96", "name": "Vinorama", "description": "<p>Frische Weissweine und fruchtige, gehaltvolle Rotweine. Greifen Sie direkt zu und kaufen Sie Ihren Lieblingswein vor Ort. Auf Wunsch werden Sie in die Geheimnisse der besten hiesigen Tropfen eingef\u00fchrt und erfahren vielseitige und interessante Informationen \u00fcber unser Weinbaugebiet.</p><p><b>Oenomat<br></b>Entdecken und degustieren Sie Weine aus dem Schaffhauser Blauburgunderland. In unserem Oenomaten stehen jeweils bis zu acht Weine zur Auswahl, welche regelm\u00e4ssig gewechselt werden. Die Weine sind stets perfekt temperiert und das System sch\u00fctzt vor Oxidation und Qualit\u00e4tsverlust.</p><p>Mit Ihrer pers\u00f6nlichen <a href=\"https://schaffhauserland.ch/de/index/shop/wertkarte-blauburgunderland.html#/experience/TDS00020013355732424\">Wertkarte</a> probieren Sie nach Herzenslust und finden sicherlich den passenden Wein ganz nach Ihrem Geschmack.</p><p>Das Vinorama hat jeweils zu den \u00d6ffnungszeiten des Visitor Centres ge\u00f6ffnet.</p>", "url": "https://blauburgunderland.ch/de/", "image": "https://ostpimtsoch.sos-ch-dk-2.exoscale-cdn.com/catalog/d/8/3/c/d83c1ecd9997605f9dc6ec2668ea5deb7de38d05_7da586b38cbf4382ca724717fda0940e.jpg", "openstreetmap_id": "node/2441592879"}, "geometry": {"type": "Point", "coordinates": ["8.6342689", "47.6963232"]}}, {"type": "Feature", "properties": {"identifier": "2c4e38f7-8d1f-45b9-a701-78637e23a43f", "name": "Lattmann's Bar & Lounge GmbH", "description": "Willkommen in der Lattmann\u2019s Bar & Lounge \u2013 dein Treffpunkt f\u00fcr feine Drinks, gute Gespr\u00e4che und besondere Abende. \n\nBei uns gibt\u2019s alles zum Anstossen: von Bier \u00fcber Wein bis hin zu guten Drinks. Dazu eine Zigarre oder etwas Feines aus der K\u00fcche. Einfach das, worauf du gerade Lust hast.\n\nHier sollst du dich wohlf\u00fchlen und den Abend so geniessen, wie er f\u00fcr dich passt. Mit Freunden oder einfach f\u00fcr dich selbst. Zus\u00e4tzlich veranstalten wir regelm\u00e4ssig Live-Musik und abwechslungsreiche Events.\n\nSchau bei uns rein \u2013 wir freuen uns auf dich!", "url": "https://www.lattmanns.ch/", "image": "https://ostpimtsoch.sos-ch-dk-2.exoscale-cdn.com/catalog/6/7/2/1/6721c2912f63e5c220e83326294dfcaaf71c4dba_1414209594bab5f82ed7c8222147dfb1.jpeg", "openstreetmap_id": "way/430649034"}, "geometry": {"type": "Point", "coordinates": ["9.5004767", "47.0022523"]}}, {"type": "Feature", "properties": {"identifier": "2cb39645-e586-4e46-8ea8-a1760320f5f7", "name": "Brauhaus Sternen", "description": "Die Sternenbeiz ist mit viel Holz ausgestattet und l\u00e4dt zum Geniessen ein. Zu den Bierspezialit\u00e4ten stehen klassische Gerichte wie Hefeteigfladen, Quarkteigkrapfen, Bagels, Brauhaus-Burger, M\u00fcnchner Weisswurst und auch Bierwurst zur Auswahl. \n\nJeden Sonntag wird ein feiner Brauhaus-Bier-Brunch mit Bier zum Selberzapfen angeboten. Zudem k\u00f6nnen Bankette, Seminare und Feste im Brauhaus gefeiert werden. F\u00fchrungen, Degustationen sowie Braukurse runden die Erlebnisgastronomie ab. \n\nWenn es ums Bier geht, ist man im Brauhaus Sternen genau an der richtigen Adresse.", "url": "http://www.brauhaus.ch/", "image": "https://ostpimtsoch.sos-ch-dk-2.exoscale-cdn.com/catalog/0/e/6/1/0e610725d2d06110cf0e8ee55b4468e39871bcd7_84dd14c15c819477a6248b38519bc9a8.jpg", "openstreetmap_id": "567443026.0"}, "geometry": {"type": "Point", "coordinates": ["8.9006159", "47.5585"]}}, {"type": "Feature", "properties": {"identifier": "2d522e24-9b6d-4278-bf2e-d9a8a7eddff7", "name": "Wein Bar & Caf\u00e9 Sternen", "description": "Gem\u00fctliches Verweilen im Caf\u00e9, ein Glas Wein an lauen Abenden, auf dem Weg nach Hause auf dem Platz Leute treffen und doch noch ein bisschen l\u00e4nger bleiben, ein Konzert oder eine Lesung bei uns besuchen... Wir freuen uns auf Ihren Besuch!", "url": "https://www.sternen.cafe/", "image": "https://ostpimtsoch.sos-ch-dk-2.exoscale-cdn.com/catalog/d/d/0/e/dd0e31fe66108b737c5ca35fc8a534dddf33bfeb_bbb2e6cbb433f61ed1248916177ca3ff.jpeg", "openstreetmap_id": "way/807732914"}, "geometry": {"type": "Point", "coordinates": ["9.5761389", "46.9820344"]}}, {"type": "Feature", "properties": {"identifier": "2e142f54-2010-4386-88ae-38c6d630c690", "name": "Alpwirtschaft Leser", "description": "Die Alpwirtschaft Leser erreichen Sie zu Fuss oder mit dem Bike. Oben angekommen, werden Sie mit einer einmaligen Aussicht auf den S\u00e4ntis belohnt. Ge\u00f6ffnet von Juli bis September. \n", "image": "https://ostpimtsoch.sos-ch-dk-2.exoscale-cdn.com/catalog/b/4/1/0/b410b3037fc82a35ec9e9e9fafb747d0c11632ab_bd0ab74fc9e5be782de049dc18faef58.jpg", "openstreetmap_id": "node/228413147"}, "geometry": {"type": "Point", "coordinates": ["9.26127", "47.22057"]}}, {"type": "Feature", "properties": {"identifier": "2e1de345-60e8-4b51-a947-1471191286c4", "name": "Alpwirtschaft Wimpfel", "description": "Ganz nach dem Motto: \"efach aber herzlich\" bieten wir einfache, hausgemachte Speisen an. Beliebt ist unsere Gerstensuppe sowie das Wimpfel- Pl\u00e4ttli. Auf Anfrage bekochen wir unsere G\u00e4ste gerne mit w\u00e4hrschafter \u00c4lplerkost.\n\nBei Heuwetter und Ruhetagen steht Ihnen unsere Selbstbedienung zur Verf\u00fcgung. Wir danken f\u00fcr Ihr Verst\u00e4ndnis.\n\nAnfragen und Reservationen nehmen wir gerne telefonisch entgegen.", "url": "https://alp-wimpfel.ch/", "image": "https://ostpimtsoch.sos-ch-dk-2.exoscale-cdn.com/catalog/2/b/e/6/2be62448bff39e35cb713f6badc3dffe952f8877_53e1b723112fc59b837bbf6a6fb6483d.PNG", "openstreetmap_id": "node/7156035769"}, "geometry": {"type": "Point", "coordinates": ["9.15290415287018", "47.33746976434874"]}}, {"type": "Feature", "properties": {"identifier": "2e9977b7-dd99-4dc8-bdf1-28e7491aaea5", "name": "Einstein Bar", "description": "\u00abClubatmosph\u00e4re im englischen Stil\u00bb ist die wohl passendste\nUmschreibung f\u00fcr die Stimmung, die in der Einstein Bar herrscht. Hier treffen sich Menschen aus St.Gallen und der ganzen Welt.\n\nUnterschiedlichste Cocktails, rund 100 Whiskys und Spitzenweine, Bier vom Fass oder k\u00f6stliche Eigenkreationen lassen kaum einen Wunsch offen.", "url": "https://www.einstein.ch/de/essen-trinken/einstein-bar", "image": "https://ostpimtsoch.sos-ch-dk-2.exoscale-cdn.com/catalog/8/a/e/3/8ae30589d1a76acf1b99af8317fc19e0337bae04_34943a7e01b344b0c7f3a1e059e15a53.jpg", "openstreetmap_id": "445628383"}, "geometry": {"type": "Point", "coordinates": ["9.3754457", "47.4214519"]}}, {"type": "Feature", "properties": {"identifier": "30b9c5d2-3d69-4228-ae16-2c8d3dd3dbbf", "name": "Memories", "description": "3 Michelin-Sterne &amp; 1 Gr\u00fcner Michelin-Stern | 18 Gault-Millau-Punkte\nProduktebewusstsein, Innovation und Saisonalit\u00e4t sind in Sven Wassmers Philosophie tief verankert. Im Memories, seinem Signature-Restaurant, setzt er dies konsequent um \u2013 klar und reduziert interpretiert er die Schweizer Alpine K\u00fcche zu einem authentischen und naturverbundenen Gesamterlebnis.\nSeine Kreationen richten sich nach den Jahreszeiten und wandeln sich mit ihrem Verlauf. Hier geniessen Sie anstatt eines \u00e0 la Carte Men\u00fcs, ein Surprise Degustationserlebnis mit mehreren Geschmackserinnerungen. Das Memories ist ein Wohlf\u00fchlort, der zur\u00fcckkehrt zum Ursprung der Gastlichkeit. Ein bewusster Ruhepol, der kompromisslose Qualit\u00e4t, Stil und Natur vereint.", "url": "http://www.memories.ch", "image": "https://ostpimtsoch.sos-ch-dk-2.exoscale-cdn.com/catalog/5/b/c/5/5bc5a4ccd02253429ff14e21b6e3661f5ff0a135_d7c0a8a56970f01ed0771c4c3db6efcf.jpg", "openstreetmap_id": "node/7770673149"}, "geometry": {"type": "Point", "coordinates": ["9.5039179", "47.000046"]}}, {"type": "Feature", "properties": {"identifier": "3111282f-ea8a-4af4-834e-3a0086e2843a", "name": "flon", "description": "Im Jugendkulturraum flon finden Konzerte, Partys, Theater, Ausstellungen und vieles mehr statt. Gef\u00fchrt wird der Jugendkulturraum von einer Betriebsgruppe, bestehend aus Jugendlichen und jungen Erwachsenen zwischen 16 und 26 Jahren. Sie plant und organisiert Veranstaltungen mit der Unterst\u00fctzung von Mitarbeitenden der Offenen Jugendarbeit Zentrum St.Gallen. Der Jugendkulturraum dient als Plattform, um sich einem gr\u00f6sseren Publikum zu pr\u00e4sentieren. Der Raum steht zudem f\u00fcr verschiedene Produktionsformen wie Tanztraining, Theaterproben oder B\u00fchnenbildgestaltung zur Verf\u00fcgung. Jugendliche, die eine Idee zur Durchf\u00fchrung von Projekten oder Aktionen haben, werden von den Mitarbeitenden der Offenen Jugendarbeit Zentrum fachlich unterst\u00fctzt und begleitet. Dabei helfen sie bei der Suche nach Finanzierungsm\u00f6glichkeiten, der Einhaltung rechtlicher Bedingungen und bei der Vermittlung von Kontakten zu Bands etc.", "url": "https://www.flon-sg.ch/", "image": "https://ostpimtsoch.sos-ch-dk-2.exoscale-cdn.com/catalog/0/2/0/2/02025248b936445ffc30ff54cbd7bf76a3a04a15_a14e37944525a44626559dc7a6aaac8f.jpeg", "openstreetmap_id": "node/3210786054"}, "geometry": {"type": "Point", "coordinates": ["9.3674668", "47.4198138"]}}, {"type": "Feature", "properties": {"identifier": "32bf7c58-540e-4586-b057-028d98d8c47d", "name": "Kafi einzigartis...", "description": "Eingebettet in eine idyllische Umgebung, direkt am pl\u00e4tschernden Bach und in unmittelbarer N\u00e4he zu beliebten Bike- und Wanderwegen, ist das Kafi einzigartis der perfekte Ort f\u00fcr eine Pause voller Genuss und Inspiration.\n\nOb ein feines Fr\u00fchst\u00fcck (auf Voranmeldung), hausgemachte Desserts oder regionale Spezialit\u00e4ten \u2013 bei uns stehen Gem\u00fctlichkeit und Qualit\u00e4t an erster Stelle. F\u00fcr Kinder gibt es eine liebevoll eingerichtete Spielecke drinnen, einen Spielplatz direkt nebenan und einen Wickeltisch f\u00fcr die Kleinsten.\n\nTipp f\u00fcr Ausfl\u00fcgler: Kombinieren Sie Ihren Besuch im Kafi mit einem Bummel durch das charmante \"kleine Warenhaus\" Artis B\u00fcro & Freizeit AG. Dort finden Sie auf 120m2 eine sorgf\u00e4ltige Auswahl an Geschenk- und Papeterieartikeln, sch\u00f6ner Mercerie, stilvoller Lingerie und herzigen Kinderkleidern \u2013 ein wahres Paradies f\u00fcr kreative Schatzsucherinnen.\n\nZus\u00e4tzlich laden unsere Kreativworkshops dazu ein, selbst aktiv zu werden und Neues auszuprobieren \u2013 ideal f\u00fcr Gruppen, Familien oder einfach alle, die Lust auf etwas Besonderes haben.\n\nOb auf dem Familienausflug, der Radtour oder als kreativer Zwischenstopp \u2013 das Kafi einzigartis mit der Artis B\u00fcro & Freizeit AG ist ein Ausflugsziel, das Herz und Sinne anspricht.", "url": "https://www.artisag.ch/einzigartis/", "image": "https://ostpimtsoch.sos-ch-dk-2.exoscale-cdn.com/catalog/8/7/6/4/8764f56dbea8fe0d9ecbc56e0def84f86ceabe9b_df3b6a7cd05b9dbec7f846e57be2bdc4.jpg", "openstreetmap_id": "node/12414061491"}, "geometry": {"type": "Point", "coordinates": ["9.0714171", "47.3605321"]}}, {"type": "Feature", "properties": {"identifier": "33f3d505-b3e9-4761-b91b-6963ae262ff0", "name": "Weingut M\u00f6hr-Niggli", "description": "Auf rund 4 Hektaren in Maienfeld und auf 0.6 Hektaren in Maisprach \u2013 Basellandschaft \u2013 wird Weinbau betrieben. Der Fokus liegt dabei auf der urspr\u00fcnglichen Burgundersorte Pinot Noir. Daraus entstehen nebst dem \u201ePILGRIM\u201c, ein Pinot Noir aus den bevorzugtesten Lagen um die Stadt Maienfeld, noch weitere Crus aus Einzellagen auf 3 sehr unterschiedlichen Terroirs. \n\nDas ganzheitliche Arbeiten liegt uns am Herzen. Sei dies das Bewirtschaften der Rebberge, das Pflegen und Begleiten der noch jungen Weine im Keller, oder der pers\u00f6nliche Kontakt zu unseren Privatkunden, Gastronomen sowie Weinfachh\u00e4ndlern.", "url": "https://www.moehr-niggli.ch/", "image": "https://ostpimtsoch.sos-ch-dk-2.exoscale-cdn.com/catalog/9/5/4/8/9548719e32badcd55575f914dc3d34b74abbdf35_41636244c47963abb2f14b7a2a625559.jpg", "openstreetmap_id": "way/1264313258"}, "geometry": {"type": "Point", "coordinates": ["9.5301356", "47.0100865"]}}, {"type": "Feature", "properties": {"identifier": "348329bc-30c3-4732-a8ce-89aeba69335c", "name": "Roman Rutishauser - Weingut am Steinig Tisch", "description": "<p>Das Weingut am Steinig Tisch ist ein Familienbetrieb mit Selbstkelterung in dritter Generation. In den vorz&uuml;glichen Lagen des Buchbergs mit dem milden Klima, gedeiht in extremer Steillage auf kargem-tonigem Boden ausdruckstarkes Traubengut. Im Einklang mit der Natur und durch gezielte F&ouml;rderung der Biodiversit&auml;t werden 8 unterschiedliche Rebsorten kultiviert. Daraus entstehen im Weinkeller 14 verschiedene, erstklassige Qualit&auml;tsweine h&ouml;chster G&uuml;te. Diese sind Online aber auch direkt ab Gut zu beziehen. Die herrliche Landschaft der Rebbaugemeinde l&auml;dt zum Verweilen. Die \"Steinig Tisch Treppe\" f&uuml;hrt durch das Weingut zum &bdquo;Steinig Tisch&ldquo;. Auf der Terrasse des Restaurants geniessen die G&auml;ste bei einem Glas heimischem Wein die Rundsicht &uuml;ber Talschaft, Reben und Bodensee.</p>", "url": "http://www.rutishauser-weingut.ch/", "image": "https://ostpimtsoch.sos-ch-dk-2.exoscale-cdn.com/catalog/2/7/6/b/276b1dc303e9532ea742200aa5a8ee1086452fb2_3cafacd0558b6452188b6b637c669e44.jpg", "openstreetmap_id": "node/2618272370"}, "geometry": {"type": "Point", "coordinates": ["9.5656852", "47.4677944"]}}, {"type": "Feature", "properties": {"identifier": "356fd147-5673-4de1-a03e-26021ed65c4c", "name": "B\u00e4renstobe", "description": "Die B\u00e4renstobe verbindet auf einzigartige Weise Tradition und Moderne. In den historischen R\u00e4umen des bereits 1751 urkundlich erw\u00e4hnten Gasthauses erleben die G\u00e4ste gehobenes Fine-Dining. Executive Chef Carsten Kypke kreiert von Donnerstag bis Samstag ein Degustationsmen\u00fc mit vier bis sechs G\u00e4ngen, das regionale Spitzenprodukte mit den vielf\u00e4ltigsten Geschm\u00e4ckern dieser Welt vereint. Die Appenzeller Wurzeln bilden zwar die Grundlage, doch moderne Ans\u00e4tze und frische Zutaten schaffen in der B\u00e4renstobe g\u00e4nzlich neue Geschmackserlebnisse. Das kulinarische Angebot wird seit kurzem durch eine passende Getr\u00e4nke- oder Weinbegleitung mit auserlesenen Tropfen aus dem eindrucksvollen Weinkeller abgerundet.", "url": "https://appenzellerhuus.ch/de/hotels/hotels/huus-baeren/kulinarik/baerenstobe/", "image": "https://ostpimtsoch.sos-ch-dk-2.exoscale-cdn.com/catalog/6/9/5/e/695e3871455338ff5f2525ceadb8cd68143e3094_e03e40ad3159034073cf43ffba33f72a.jpg", "openstreetmap_id": "way/197583924"}, "geometry": {"type": "Point", "coordinates": ["9.34668", "47.32863"]}}, {"type": "Feature", "properties": {"identifier": "35a0f17a-3d0f-40b7-a7c4-4e28b4bce805", "name": "Caf\u00e9 Restaurant Drahtseilb\u00e4hnli", "description": "Der Familienbetrieb verwendet deshalb nur qualitativ hochwertige Produkte. Die fein ausgelesenen Spezialit\u00e4ten stammen von Kleinbetrieben aus der Region. Der pers\u00f6nliche Austausch mit G\u00e4sten und die Gastfreundlichkeit erzeugen ein famili\u00e4res Ambiente zum Wohlf\u00fchlen.\nGegen\u00fcber und direkt bei der Talstation der M\u00fchleggbahn hat das drahtseilb\u00e4hnli einen kleinen Laden er\u00f6ffnet mit Take away, hausgemachten Produkten und Geschenken.", "url": "http://www.drahtseilbaehnli.ch/", "image": "https://ostpimtsoch.sos-ch-dk-2.exoscale-cdn.com/catalog/c/4/5/1/c4518295ac8b7f4a52909c57546a874bb8787491_5b699fd65687256eb12e921ac0459ac4.jpg", "openstreetmap_id": "node/2552296132"}, "geometry": {"type": "Point", "coordinates": ["9.3772255", "47.4223143"]}}, {"type": "Feature", "properties": {"identifier": "3609f3f0-86ce-47b4-b24c-f1508d30e805", "name": "PinChu China Restaurant", "description": "Authentische chinesische Spezialit\u00e4ten in der Altstadt von St.Gallen mit Mittagsbuffet und Speisen \u00e0 la Carte", "url": "https://pinchu.ch", "image": "https://ostpimtsoch.sos-ch-dk-2.exoscale-cdn.com/catalog/0/2/8/d/028d2fd032f58eafacc38c2f78289a510932d51d_2c5fd43a5d5bea41e3cd4d5529bd46e5.jpg", "openstreetmap_id": "node/2502478826"}, "geometry": {"type": "Point", "coordinates": ["9.3750858", "47.4229504"]}}, {"type": "Feature", "properties": {"identifier": "3650fd5d-7451-4b07-9b1e-9f0908391298", "name": "OSWALD, B\u00e4ckerei-Caf\u00e9-Konditorei", "description": "<p>Unser Sortiment umfasst eine breite Palette an Produkten, darunter verschiedene Sorten Brote und Br&ouml;tchen, regionale Spezialit&auml;ten sowie verschiedenste s&uuml;sse Leckereien. Zus&auml;tzlich laden wir Sie zu entspannten Momenten in unserem Caf&eacute; ein, wo Sie frische Backwaren, Kaffeespezialit&auml;ten und kleine herzhafte Snacks in gem&uuml;tlicher Atmosph&auml;re geniessen k&ouml;nnen.</p>\n<p>Das t&auml;glich wechselnde Angebot l&auml;dt Sie dazu ein, die lokale Backkunst zu entdecken &ndash; etwas mitzunehmen oder vor Ort zu konsumieren. Wir legen grossen Wert auf eine kompetente, freundliche Beratung und eine angenehme Atmosph&auml;re in Caf&eacute; und Laden, in der sich Kundinnen und Kunden gut aufgehoben f&uuml;hlen.</p>", "url": "https://www.baeckerei-oswald.ch", "image": "https://ostpimtsoch.sos-ch-dk-2.exoscale-cdn.com/catalog/7/b/2/e/7b2eca2907c341d9e4cec58366de0a06dd67f8ee_0d31f5d8804487062ddc71283956c535.JPG", "openstreetmap_id": "way/308770135"}, "geometry": {"type": "Point", "coordinates": ["9.0687103", "47.4102833"]}}, {"type": "Feature", "properties": {"identifier": "37088b43-0321-44a6-8828-8d03e86e0ff4", "name": "Veranda Arbon", "description": "Und das mit mediterranem Ambiente \u2013 viel Meer braucht man nicht zum Gl\u00fccklichsein!\n\nDie Gastgeber setzen setzen auf eine kleine aber feine Auswahl an frischer, fantasievoller und saisonaler Kost. Dazu geh\u00f6rt eine gelungene Auswahl an hausgemachten Bagels und Salatbowls. Sommerliche Drinks mit und ohne Alkohol d\u00fcrfen nat\u00fcrlich auch nicht fehlen.\n\nAm Wochenende kommen die G\u00e4ste in den Genuss des Veranda-Breakfasts mit Bircherm\u00fcesli, Smoothie, Bagel oder Gipfeli. ", "url": "https://verandaarbon.ch/", "image": "https://ostpimtsoch.sos-ch-dk-2.exoscale-cdn.com/catalog/0/a/d/d/0add8930fd84d90e9e8558b83d32790e7e60a422_e9fe5ca497a89c6aa03fb3c5247d3504.jpg", "openstreetmap_id": "way/190558484"}, "geometry": {"type": "Point", "coordinates": ["9.433926459971161", "47.5116386"]}}, {"type": "Feature", "properties": {"identifier": "38e9c8c1-607e-4c91-a2dc-a2bc7893462c", "name": "US-MEX Frauenfeld", "description": " Eintreten und das Leben geniessen! Das im US-Mexikanischen Stil gestaltete Restaurant mit grossz\u00fcgiger Sonnenterrasse ist direkt an der Murg gelegen und l\u00e4sst Urlaubsgef\u00fchle aufkommen! Die US-MEX Speisekarte bietet Klassiker und eigene Kreationen aus der mexikanischen und amerikanischen K\u00fcche, die durch geschmackliche Vielfalt, Frische und Qualit\u00e4t \u00fcberzeugen. Es werden angemessen Portionen zu fairen Preisen serviert.\n\nDirekt neben dem US-MEX Restaurant befindet sich der US-MEX Sal\u00f3n; eine Caf\u00e9 Bar mit dem Flair eines gem\u00fctlichen Wohnzimmers. Serviert werden feine Kaffees & auserw\u00e4hlte Tees, s\u00fcffige Cocktails sowie leckere Snacks f\u00fcr den kleinen Hunger.\n\nVon April bis September lassen sich die Sonnentage am entspanntesten in der US-MEX Terraza, der Strandbar an der Murg ausklingen. Freuen d\u00fcrfen sich die G\u00e4ste \u00fcber gem\u00fctliche Lounges, ein passendes Getr\u00e4nkeangebot und unwiderstehliche US-MEX Snacks.", "url": "http://www.usmex.ch/", "image": "https://ostpimtsoch.sos-ch-dk-2.exoscale-cdn.com/catalog/a/d/3/c/ad3ca53a64cfefcb859496fa44c86ba02f4fb6a4_102a4ec113ad6da9dcca318152e1cd04.jpg", "openstreetmap_id": "3662213913.0"}, "geometry": {"type": "Point", "coordinates": ["8.8963718", "47.5547915"]}}, {"type": "Feature", "properties": {"identifier": "398b87c0-0f1b-4c6a-9e32-62e653499a33", "name": "g'nuss", "description": "<p>Herzlich Willkomen im g'nuss!&nbsp;</p><p id=\"u9070-6\">Seit 2012 setzt g&rsquo;nuss mit <span id=\"u9070-2\">feiner Patisserie, Sandwiches, Gelato und Schokolade-Kreationen</span> kulinarische Akzente. Als leidenschaftlicher Patisseur &uuml;berrascht Inhaber Stefan Bischof gerne mit neuen Ideen.</p><p>Bei g&rsquo;nuss wird Patisserie nach dem B-Concept hergestellt. Diese revolution&auml;re Methode erm&ouml;glicht es, die&nbsp;<span id=\"u9070-12\">Patisserie-Kreationen mit weniger Fett, weniger Zucker und weniger Kalorien</span> herzustellen. Sie hat gleichzeitig einen intensiveren Geschmack, eine leichtere Konsistenz und ist erst noch besser verdaulich. Dabei ist alles hausgemacht, mit hochwertigen Zutaten m&ouml;glichst aus der Region. Am Samstag und Sonntag gibt es einen vielf&auml;lltigen, internationalen Brunch.</p><p>Wir freuen uns auf Euch!</p><p>&nbsp;</p>", "url": "https://gnuss.info", "image": "https://ostpimtsoch.sos-ch-dk-2.exoscale-cdn.com/catalog/f/2/c/9/f2c9a33d3a20d16d1f1ed653588fa16d93d9a2ee_a4ff150ca11f8cab8d4b45cc56895630.jpg", "openstreetmap_id": "node/4092472207"}, "geometry": {"type": "Point", "coordinates": ["9.380205273628237", "47.42442912256757"]}}, {"type": "Feature", "properties": {"identifier": "3992ed78-ff57-46e1-b778-4766d4c914d0", "name": "Zuckerb\u00e4ckerei Ermatinger", "description": "Egal, ob sich der grosse oder kleine Hunger meldet, in der Zuckerb\u00e4ckerei Ermatinger finden Sie immer etwas Passendes.\n\nDuftendes Brot und Br\u00f6tchen, feiner Zopf zum Sonntag, verf\u00fchrerische Pralin\u00e9s, leckere Sandwiches, frische Gipfeli, s\u00fcsse St\u00fcckchen - alles aus einer Hand vom \u00abErmatinger\u00bb. Bei der \u00abSandibox\u00bb, der kleinen Aussenstelle der Zuckerb\u00e4ckerei, werden auch warme Snacks angeboten. Die Suppen im Winter sind dabei besonders gesch\u00e4tzt, im Sommer erfrischen hausgemachte Glaces K\u00f6rper und Geist.", "url": "http://www.zuckerbeck.ch/", "image": "https://ostpimtsoch.sos-ch-dk-2.exoscale-cdn.com/catalog/7/5/b/f/75bfe0680fdbff9d550850d581b85d862a0ce736_ba4af1457ee3e93d532060c5df52f936.JPG", "openstreetmap_id": "node/2949190747"}, "geometry": {"type": "Point", "coordinates": ["8.6333086", "47.6969013"]}}, {"type": "Feature", "properties": {"identifier": "3bbae94f-d4e6-4e41-a705-117a5297c409", "name": "B\u00e4ckerei F\u00fcger Handmade M\u00f6rschwil", "description": "Inspiriert von der sch\u00f6nen Naturkulisse der Bodensee-Region wurde die B\u00e4ckerei-Konditorei-Confiserie und der Gastrobetrieb in den letzten Jahren st\u00e4ndig ausgebaut und den Bed\u00fcrfnissen der Kunden und G\u00e4ste angepasst.\n\nAus \u00fcber 160 Jahren Backkompetenz wurde die Philosophie in allen f\u00fcnf Generationen weitergegeben. Nat\u00fcrlichkeit, Gesundheit, Nachhaltigkeit und Best\u00e4ndigkeit \u2013 So wird heute noch jeden Tag der Brotteig nach dem hauseigenen Rezept von Grossvater Beda und Vater Beda hergestellt.", "url": "https://fueger-handmade.ch/moerschwil/", "image": "https://ostpimtsoch.sos-ch-dk-2.exoscale-cdn.com/catalog/0/6/6/2/066248bd3d8717fd86ddc0a9ee1846dc35ba0161_43f998b50861c3effd2ae9dcec39d830.jpg", "openstreetmap_id": "node/745742088"}, "geometry": {"type": "Point", "coordinates": ["9.4236445", "47.4681741"]}}, {"type": "Feature", "properties": {"identifier": "3c04ecfb-d9dd-4137-a4fc-4295339cf91a", "name": "Asien Restaurant Rama-Rama", "description": "Rama-Rama ist malaysisch und bedeutet soviel wie Schmetterling. Rama-Rama ist aber auch ein Asiatisches Restaurant mit Spezialit\u00e4ten aus Hong Kong-China, Malaysia und Thailand.\nGeniessen Sie unsere Spezialit\u00e4ten entweder im Restaurant mittags und abends gem\u00fctlich und gedigen oder in den Sommermonaten auf der grossen Terrasse.", "url": "http://www.rama-rama.ch", "image": "https://ostpimtsoch.sos-ch-dk-2.exoscale-cdn.com/catalog/b/d/a/1/bda1ad62aee800132cd525cbf0c15a7533320d08_9f6478f1937b4ce88f4c7bd18f914c5b.jpg", "openstreetmap_id": "way/364906960"}, "geometry": {"type": "Point", "coordinates": ["9.560419226747708", "46.96788395"]}}, {"type": "Feature", "properties": {"identifier": "3c4fe053-0eb2-4204-9fe5-8bcec667baec", "name": "gladys", "description": "Das \u00abgladys\u00bb befindet sich im modernen Clubhaus des Golf Club Bad Ragaz und ist ein Treffpunkt sowohl f\u00fcr Golfer als auch f\u00fcr Kulinarik-Begeisterte. Das innovative K\u00fcchenteam interpretiert bew\u00e4hrte Clubhaus-Klassiker immer wieder neu. Sonnenterrasse und Smokers Lounge laden zum gem\u00fctlichen Verweilen ein. Beim Swiss Golf Award 2018, 2020, 2021 und 2022 wurde das gladys als \u00abBestes Golf Restaurant der Schweiz\u00bb gek\u00fcrt und erhielt beim Falstaff Restaurantguide 87 Punkte. Das mehrfach ausgezeichnete Restaurant besticht neben seinem stilvollen Innenausbau mit einer grossz\u00fcgigen Sonnenterrasse. Die Smoking Lounge mit einer breiten Zigarrenauswahl und erlesenen Spirituosen l\u00e4dt Golfer und Kulinarikbegeisterte zum Verweilen ein.", "url": "https://www.golfclubragaz.ch/gladys.html", "image": "https://ostpimtsoch.sos-ch-dk-2.exoscale-cdn.com/catalog/6/b/0/3/6b03fad8e084ef3ea4d4856b8026c73d34f49320_f042ed8f94f887649ad9bf898dddb4a8.jpg", "openstreetmap_id": "node/7770673151"}, "geometry": {"type": "Point", "coordinates": ["9.5048934", "46.9989934"]}}, {"type": "Feature", "properties": {"identifier": "3dad61a4-8f0d-4650-ba63-ca6764dcbdf6", "name": "Bistro Live Weinfelden", "description": "<p>Seit 1987 ist das Bistro Live ein Ort der Begegnung, an dem Gastfreundschaft und Genuss gelebt werden. Mit wechselnden Mittags- und Wochenmen\u00fcs, feinen Grillspezialit\u00e4ten und besten Weinen zu fairen Preisen sorgen wir f\u00fcr Kulinarik, die Freude macht. Unsere Gerichte werden frisch zubereitet und wenn immer m\u00f6glich verwenden wir saisonale Produkte aus der Schweiz von hochwertiger Qualit\u00e4t. Abgerundet durch einen pers\u00f6nlichen Service sorgen wir f\u00fcr eine famili\u00e4re Atmosph\u00e4re, in welcher sich jeder willkommen und wie zu Hause f\u00fchlen darf.</p>", "url": "https://bistro-live.ch", "image": "https://ostpimtsoch.sos-ch-dk-2.exoscale-cdn.com/catalog/a/3/7/9/a3794f3166e10ce6af2113166da45ae137206e7a_1a92c39bc19a5ba7a85885d3152f6e97.jpg", "openstreetmap_id": "node/894553995"}, "geometry": {"type": "Point", "coordinates": ["9.1253678", "47.5630951"]}}, {"type": "Feature", "properties": {"identifier": "3dc366fa-f31f-417b-b060-2ffe2839fcdf", "name": "Berggasthaus Rotsteinpass", "description": "Geniessen Sie ein feines Bergmen\u00fc in unserer heimeligen Gaststube oder auf der Terasse mit einer gigantischen Aussicht. Wir bedienen Sie gerne mit einem st\u00e4rkenden Menu oder einem erfrischenden Getr\u00e4nk.\n\nZudem verf\u00fcgt das Berggasthaus \u00fcber 80 Matratzenlagerpl\u00e4tze, zwei Doppelzimmer und ein Vierbettzimmer, welche mit Fr\u00fchst\u00fcck oder als Halbpension gebucht werden k\u00f6nnen.", "image": "https://ostpimtsoch.sos-ch-dk-2.exoscale-cdn.com/catalog/8/d/3/f/8d3f2c7b3f1e0bdfff68c9c9dfaa701c9a2b72a3_a23f5b63b4ab99dee90a616d0033388d.JPG", "openstreetmap_id": "node/184748934"}, "geometry": {"type": "Point", "coordinates": ["9.365072250366213", "47.24301295305826"]}}, {"type": "Feature", "properties": {"identifier": "3e328c39-0147-4bf0-9650-cd244ca0431c", "name": "Thomas Marugg Weingut", "description": "Gerne empfangen wir Gruppen von 5 - 50 Personen f\u00fcr Weindegustationen auf telefonische Voranmeldung.", "url": "http://www.marugg-weine.ch", "image": "https://ostpimtsoch.sos-ch-dk-2.exoscale-cdn.com/catalog/0/2/7/b/027b60df1109185e19b780d4c446efc7dbf11a9b_d575476ebad3ad8bfe0580841ef8c0a5.jpg", "openstreetmap_id": "way/179020993"}, "geometry": {"type": "Point", "coordinates": ["9.513280902915838", "47.026143399999995"]}}, {"type": "Feature", "properties": {"identifier": "3e85cf3a-594c-498e-b9ba-c8c5ff457761", "name": "Brasserie Lok", "description": "<p>Die Vergangenheit des Industriebaus lebt in den Schienen, den fahrbaren Sitzb&auml;nken und der offenen Raumgestaltung weiter. In der Brasserie Lok wird der Esprit de Paris nach St.Gallen gebracht. Weltbekannte Gerichte wie das Entrec&ocirc;te Caf&eacute; de Paris, der knackig-frische Salade Ni&ccedil;oise, die wunderbar schmackhafte Bouillabaisse und bretonische Austern regen die kulinarische Fantasie an. Und das Sortiment an feinsten Bordeauxweinen rundet jedes Gericht perfekt ab. Im Salon und im Bistro werden diese franz&ouml;sischen K&ouml;stlichkeiten und edlen Tropfen serviert. Die Bar l&auml;dt den ganzen Tag zum Verweilen ein &ndash; mit dem Morgenkaffee oder einem Glas Champagner. Dabei kann auch das imposante John Armleder Kunstwerk bewundert werden.</p>", "url": "http://www.brasserielok.ch", "image": "https://ostpimtsoch.sos-ch-dk-2.exoscale-cdn.com/catalog/f/b/a/2/fba22a47d34da538e56d44b3a1912a7c762deff4_45cb7c73b2aa1a3f6ae363bccca53a94.jpg", "openstreetmap_id": "node/959680098"}, "geometry": {"type": "Point", "coordinates": ["9.36609420000002", "47.4215912"]}}, {"type": "Feature", "properties": {"identifier": "3ee82a8e-f87d-433c-a9de-2abaa1a0e540", "name": "Restaurant Morgenstern", "description": "In den Herbstmonaten laden wir Sie herzlichst zu unseren Wildspezialit\u00e4ten ein.", "url": "https://www.restaurant-morgenstern.ch/", "image": "https://ostpimtsoch.sos-ch-dk-2.exoscale-cdn.com/catalog/8/5/a/3/85a3a88c80eaba6a635f19bdfa2541149a2c30dd_e6f9c3be34a0bdf735dd3668da87e5bc.jpg", "openstreetmap_id": "way/410680216"}, "geometry": {"type": "Point", "coordinates": ["9.411385150460994", "47.03582555"]}}, {"type": "Feature", "properties": {"identifier": "3f46186c-7afe-4e63-8f31-7a35924f6ad7", "name": "Gallus Pub", "description": "<p><strong>Unsere Highlights:</strong></p><ul><li><strong>Karaoke:</strong>&nbsp;Von Mittwoch bis Samstag kannst du deine Stimme auf zwei Stockwerken zum Besten geben. Keine Sorge, es geht nicht darum, perfekt zu sein, sondern einfach Spass zu haben! Du singst gerne, aber lieber f&uuml;r dich? Dann kannst du den 2. OG auch privat mieten.</li><li><strong>Pub Quiz:</strong>&nbsp;Jeden Freitag ab 20:00 Uhr testet ihr euer Wissen in verschiedenen Runden. Jede Woche gibt es ein neues Thema und einen neuen Champion.</li><li><strong>Getr&auml;nke:</strong>&nbsp;Geniesst frisches Guinness, Smithwicks, Gallus Old Style Ale und unsere leckeren Cocktails. F&uuml;r Whisky-Liebhaber haben wir erlesene Sorten aus Schottland und Irland im Angebot.</li></ul><p>Wir freuen uns darauf, euch bald bei uns begr&uuml;ssen zu k&ouml;nnen! Lasst uns gemeinsam unvergessliche Abende feiern.&nbsp;</p>", "url": "https://gallus-pub.ch", "image": "https://ostpimtsoch.sos-ch-dk-2.exoscale-cdn.com/catalog/6/4/5/e/645e5639843490d5da6b96862d58d06283177b71_c5b60090c9903e57c2f8a0f202605dc0.jpg", "openstreetmap_id": "node/4092636989"}, "geometry": {"type": "Point", "coordinates": ["9.3752929", "47.4268503"]}}, {"type": "Feature", "properties": {"identifier": "3f941a9c-5f69-425f-8735-466099dfb694", "name": "Restaurant Pinot", "description": "Das Pinot erg\u00e4nzt das Ensemble der Klinik Gut in Fl\u00e4sch als Insel der Kulinarik, der Genusses bei passendem Ambiente und einzigartiger Terrasse im sch\u00f6nen Garten.\nGeniessen sie beim bekannten Sternekoch, Sebastian Titz, das t\u00e4glich wechselnde saisonale Tagesangebot zum Lunch. Am Nachmittag unser hausgemachter Kuchen, Hausgemachte Glacespezialit\u00e4ten, ein PINOT - Pl\u00e4ttli oder ein Cervelatsalat mit einem Glas Wein. Unser Wochen Highlight ist der Gourmetabend jeweils Donnerstags ab 18 Uhr\nGekocht wird frisch, zeitgem\u00e4ss und im Takt der vier Jahreszeiten. Mal mit regionalen Akzenten, mal international. Immer mit Liebe und Leidenschaft, einfach, ehrlich und vollendet im Geschmack. In den Kreationen verm\u00e4hlt sich Neues mit Traditionellem. Gerne sp\u00fcrt Sebastian Titz daf\u00fcr die besten Lebensmittel lokaler Produzenten auf. Auch ein gutes Glas Wein wird optimal auf das Gericht abgestimmt. Lassen Sie sich begeistern.\nDas Restaurant Pinot wurde mit der Auszeichnung \"Bib Gourmand\" MICHELIN Schweiz, das heisst bestes Preis-Leistungs-Verh\u00e4ltnis gek\u00fcrt sowie mit 90 Punkte bei \"Falstaff\" ausgezeichnet.", "url": "http://www.restaurant-pinot.ch", "image": "https://ostpimtsoch.sos-ch-dk-2.exoscale-cdn.com/catalog/1/b/1/6/1b163490c430d08fd191a6719003ad44798da83a_a1d948f1c0dd2b77f9ade092d1824291.jpg", "openstreetmap_id": "way/488106209"}, "geometry": {"type": "Point", "coordinates": ["9.514217442187299", "47.0240965"]}}, {"type": "Feature", "properties": {"identifier": "3ffe9ea2-ec32-4317-9c04-8f5245a1c8cd", "name": "HERMANN Bier - Brauerei & Lokal", "description": "Im Hochparterre erwartet die G\u00e4ste ein gem\u00fctliches Lokal mit Holz-Bar. Hier gibt es vor Ort gebraute Biere wie auch Gastbiere - frisch gezapft ab bis zu 14 Zapfhahnen - zu geniessen. Im hinteren Teil des Lokals ist Platz f\u00fcr Degustationen. Ein kleines aber feines Speiseangebot rundet das Angebot ab. \n\nIm Untergeschoss der Lokalit\u00e4t befindet sich die Brauanlage. Sie besteht aus einem Maisch- und einem L\u00e4uterbottich sowie vier G\u00e4rtanks. An einem Brautag entstehen so 500 Liter Bierw\u00fcrze. \n\nHERMANN Bier legt Wert auf biologische Erzeugnisse. Deshalb bestehen die Biere in Sachen Getreide ausschliesslich aus Bio-Malz. Wenn immer m\u00f6glich wird auf Hopfen aus lokalem Anbau zur\u00fcckgegriffen.", "url": "https://hermannbier.ch/", "image": "https://ostpimtsoch.sos-ch-dk-2.exoscale-cdn.com/catalog/a/e/c/9/aec9ec9ee8bfa2b2964fe91d5f67944a592e2a35_25c875e217bd9d5c10a64ca929370cd0.jpg", "openstreetmap_id": "node/4092471499"}, "geometry": {"type": "Point", "coordinates": ["9.381051", "47.424613"]}}, {"type": "Feature", "properties": {"identifier": "40473de1-aea1-4772-adcc-4ec078b60fdd", "name": "Hotel Restaurant Sternen", "description": "<p>Das Hotel-Restaurant Sternen liegt Zentral im Dorf Nesslau. In der N&auml;he sind Bahnhof, Post, Einkaufsm&ouml;glichkeiten. Bekannt f&uuml;r diverse Events. (Party-Time, kulinarische Themenabende etc.)</p><p>&nbsp;</p><p>Auskunft zur Zug&auml;nglichkeit:&nbsp;<a href=\"https://www.ginto.guide/entries/257ffbab-55f8-4aed-a9d0-b831aeb52764?lnk_src=business\" target=\"_blank\" rel=\"noopener\">ginto</a></p>", "url": "https://www.sternen-nesslau.ch/", "image": "https://ostpimtsoch.sos-ch-dk-2.exoscale-cdn.com/catalog/2/7/7/1/2771164be096a9acba5c56d4575d924b470dee4b_033dba0863a196b3ae9ce6a58ff121da.jpg", "openstreetmap_id": "node/3499725474"}, "geometry": {"type": "Point", "coordinates": ["9.1990226", "47.2240571"]}}, {"type": "Feature", "properties": {"identifier": "40eb36bf-f138-470d-8914-95a295fd37d3", "name": "Erlebnis-Braukurs", "description": "<p>Nach einer Begr&uuml;ssung und einem kleinen Imbiss wirst du in die reiche Welt der Sch&uuml;tzengarten-Biere eingeweiht und erf&auml;hrst wichtige Fakten und Geschichten rund ums Brauen und das Thema Bier im Allgemeinen. Beim Brauen legst du selbst Hand an (Einmaischen, R&uuml;hren, Rasten, L&auml;utern). W&auml;hrend dem W&uuml;rzekochen und der Hopfengabe wird dir ein Brauer-Essen serviert. Dann geht es &uuml;ber zum zweiten Teil mit den Produktionsschritten im Whirlpool, der Hefebeigabe und Abf&uuml;llung ins G&auml;rfass. Der Sommelier f&uuml;hrt dich in die Aromakunde ein und gibt Erl&auml;uterungen zu Speisen ab, welche ganz besonders gut zu den verschiedensten Bierstilen passen. Der Anlass wird mit einer kleinen Vesperplatte kulinarisch abgerundet.</p><p>F&uuml;nf Wochen sp&auml;ter kannst du ca. drei Flaschen &agrave; 33cl deines eigenen Bieres im Getr&auml;nkemarkt St. Gallen abholen.</p>", "url": "https://www.schuetzengarten.ch/", "image": "https://ostpimtsoch.sos-ch-dk-2.exoscale-cdn.com/catalog/3/8/1/b/381b1ef72a44b30b5a9452c751b2b7d3b3e56c9f_3355e9b6878a2fce40fd4f1a07351952.jpg", "openstreetmap_id": "way/108114659"}, "geometry": {"type": "Point", "coordinates": ["9.3792971", "47.4299863"]}}, {"type": "Feature", "properties": {"identifier": "4104d59d-6d41-46f0-ac9f-1c8ab9961ea7", "name": "PeperOhni Caf\u00e9 Laden und Bistro", "description": "<p>Gerne bewirten wir Sie in unserem gem\u00fctlichen, liebevoll eingerichteten Lokal und auf der Terrasse. PeperOhni befindet sich in der charmanten Webergasse in der Schaffhauser Altstadt. Unser Angebot umfasst Kaffee- und Teespezialit\u00e4ten, hausgemachte, saisonale Gerichte und Kuchen, Panini, Antipasti, spritzige Erfrischungsgetr\u00e4nke, regionale Biere, Weine und Ap\u00e9rodrinks. Herzlich willkommen!</p>", "url": "https://www.peperohni.ch", "image": "https://ostpimtsoch.sos-ch-dk-2.exoscale-cdn.com/catalog/3/9/2/c/392c692b5705a1265170ac847329e2ec24ccdb53_da71a000131bb718ad40a6417a137ac6.jpg", "openstreetmap_id": "node/4839263780"}, "geometry": {"type": "Point", "coordinates": ["8.6363708", "47.6982283"]}}, {"type": "Feature", "properties": {"identifier": "424d7866-deae-46c2-baea-b1fd163598b1", "name": "MaschgeLugg\u00e4", "description": "Grosse s\u00fcdlich ausgerichtete Terrasse (120 Pl\u00e4tze im Sommer / bis zu 300 Pl\u00e4tze im Winter) mit herrlicher Panoramasicht und viel Sonne von fr\u00fch bis sp\u00e4t. Gem\u00fctliches Restaurant f\u00fcr ca. 70 Personen.\n\nGeniessen Sie im Winter wundersch\u00f6ne Ausblicke auf das verschneite Panorama von Ringelspitz \u00fcber Piz Sardona bis Spitzmeilen und Magerrain. \n\nGeniessen Sie im Sommer den herrlichen Ausblick \u00fcber Alpweiden und Bergspitzen und beobachten Sie die Murmeltiere von unserer Terrasse aus!", "url": "http://www.lugge-flumserberg.ch", "image": "https://ostpimtsoch.sos-ch-dk-2.exoscale-cdn.com/catalog/2/4/6/d/246df66266d6a0538f1f300ba8b406214e41cc5f_0f6ec3a1ca73d5b789f236405660b956.jpg", "openstreetmap_id": "way/226641405"}, "geometry": {"type": "Point", "coordinates": ["9.256376516014837", "47.0687943"]}}, {"type": "Feature", "properties": {"identifier": "43704131-0303-4546-8163-92a3d0912114", "name": "Bergrestaurant Wolzenalp", "description": "<p>Die Men&uuml;karte im Berggasthaus bietet eine ausgewogene regionale K&uuml;che f&uuml;r Gross und Klein: Von den w&auml;hrschaften Ch&auml;sh&ouml;rnli und der Siedwurst &uuml;ber R&ouml;stivarianten bis zum hausgemachten Toggenburger Schlorzifladen. Die Portionen sind grossz&uuml;gig, der Geschmack vorz&uuml;glich und die Preise fair. F&uuml;r Ihre Familienfeier, Ihre Vereins- und Gruppenanl&auml;sse stellen wir gerne ab 18 Personen bzw. 15 Personen Ihr gew&uuml;nschtes Buffet zusammen oder den Grill f&uuml;r die Spiessli bereit. Die Buffetvorschl&auml;ge sind ausschliesslich w&auml;hrend des Sommerhalbjahres von Mai bis Oktober erh&auml;ltlich. Teilen Sie uns Ihre W&uuml;nsche mit - wir werden Sie nach M&ouml;glichkeit erf&uuml;llen. Sehr beliebt bei den G&auml;sten ist der Sonntagsbrunch. Selbstverst&auml;ndlich k&ouml;nnen Sie auch an Wochenenden und w&auml;hrend den Schulferien des Sommerhalbjahres auch werktags und mit kleineren Gruppen auf Voranmeldung bei uns brunchen. Wir servieren Ihnen das Fr&uuml;hst&uuml;ck direkt an den Tisch. Im Winter muss es manchmal schnell gehen, wenn der Hunger unserer Skig&auml;ste gross ist. Unser Wintermen&uuml; unterscheidet sich vom Sommerangebot. Beliebt bei Familien ist die \"Familienplatte\", die prall gef&uuml;llt ist mit Pommes, Schnitzeln, Chicken Nuggets, Wienerli und Bratwurst.</p><p>&nbsp;</p><p>Auskunft zur Zug&auml;nglichkeit:&nbsp;<a href=\"https://www.ginto.guide/entries/9d222a5c-bd24-4902-b820-9573f3afcdc8?lnk_src=business\" target=\"_blank\" rel=\"noopener\">ginto</a></p>", "url": "http://www.wolzenalp.ch", "image": "https://ostpimtsoch.sos-ch-dk-2.exoscale-cdn.com/catalog/4/d/6/8/4d68f6557a6f0a1f181b9f2252c57aaf13100639_c412c7a368ed5fdafb55c3843c6524ce.jpg", "openstreetmap_id": "628124797"}, "geometry": {"type": "Point", "coordinates": ["9.1554536", "47.2259306"]}}, {"type": "Feature", "properties": {"identifier": "438a8742-fba4-4c8d-ae45-381a5087c92f", "name": "Restaurant Beringer Randenturm", "description": "<p>Nebst der sch&ouml;nen Lage und der ruhigen Umgebung, m&ouml;chten wir Sie auch mit unserer Gastfreundschaft &uuml;berzeugen. Das Restaurant, mit traumhafter Gartenwirtschaft mitten im Wald, kann man mit einem Spaziergang durch die sch&ouml;ne Randenlandschaft aber auch mit Velo, Auto und sogar Car erreichen. Der Parkplatz liegt unmittelbar neben dem Restaurant. Unser Restaurants eignet sich vorz&uuml;glich f&uuml;r Anl&auml;sse wie Geburtstage, Klassentreffen, Weihnachts- &amp; Vereinsessen usw. Durch unsere liebevolle Tischdekoration wird ihr Anlass bestimmt allen G&auml;sten in guter Erinnerung bleiben. Nebst der &uuml;blichen Speisekarte machen wir Ihnen gerne weitere Men&uuml;vorschl&auml;ge, damit Sie einen m&ouml;glichst angenehmen Anlass verbringen k&ouml;nnen. F&uuml;r Gruppen und Gesellschaften ab 20 Personen &ouml;ffnen wir das Restaurant an allen Wochentagen.</p>", "url": "http://www.randenturm.ch/", "image": "https://ostpimtsoch.sos-ch-dk-2.exoscale-cdn.com/catalog/6/3/2/b/632b96899be8b538a0d887f927335f4c7468d5e1_e798f84dd7b42084bd682be4ac1089aa.jpg", "openstreetmap_id": "node/202180250"}, "geometry": {"type": "Point", "coordinates": ["8.5815234", "47.7054056"]}}, {"type": "Feature", "properties": {"identifier": "439488c8-e14b-4bda-9b38-52145a44d9ca", "name": "Fonduerucksack K\u00fcndig Feinkost AG", "description": "<p class=\"MsoNormal\"><span class=\"text-space-pre-line rich-text-text\" data-abstract-init=\"body text\" style=\"\">Die Genussregion St.Gallen-Bodensee wartet mit sch\u00f6nen Pl\u00e4tzen und Aussichtspunkten auf. Der Fonduerucksack beinhaltet alles, was das Herz begehrt \u2013 von der leckeren Fondue-Hausmischung der K\u00fcndig Feinkost AG mit Brot, \u00fcber den s\u00fcffigen Weisswein bis zu s\u00e4mtlichem Zubeh\u00f6r und sch\u00f6ner Tischdecke. Der Fonduerucksack ist f\u00fcr 2 oder 4 Personen buchbar. Weitere Spezialit\u00e4ten k\u00f6nnen direkt vor Ort in den 2 Filialen (St.Gallen &amp; Rorschach) bei K\u00fcndig Feinkost bezogen werden. Zwischen </span><span class=\"text-space-pre-line font-weight-bold rich-text-text\" data-abstract-init=\"body text\" style=\"\">November bis Januar</span><span class=\"text-space-pre-line rich-text-text\" data-abstract-init=\"body text\" style=\"\"> bietet K\u00fcndig Feinkost neben dem klassischen Fondue auch eine Variante mit Tr\u00fcffel an. Diese kann direkt bei der Buchung ausgew\u00e4hlt werden (unter \u00abTickettyp\u00bb&nbsp;seht Ihr die beiden Varianten \u00abFondue Klassisch\u00bb&nbsp;und \u00abFondue Tr\u00fcffel\u00bb).</span></p><p data-v-ea7a0822=\"\" class=\"rich-text-paragraph\" piano-view-event=\"false\" style=\"margin-bottom: 1rem;\"><span class=\"text-space-pre-line font-weight-bold rich-text-text\" data-abstract-init=\"body text\" style=\"white-space-collapse: preserve-breaks; font-weight: 700 !important;\">So funktioniert's:</span></p><p data-v-ea7a0822=\"\" class=\"rich-text-paragraph\" piano-view-event=\"false\" style=\"margin-bottom: 1rem;\"><span class=\"text-space-pre-line font-weight-bold rich-text-text\" data-abstract-init=\"body text\" style=\"white-space-collapse: preserve-breaks; font-weight: 700 !important;\"></span></p><p style=\"list-style-type: none; margin-bottom: 0.25rem; padding-left: 2.375rem; position: relative;\"><span class=\"text-space-pre-line rich-text-text\" data-abstract-init=\"body text\" style=\"\">Beziehe den Fonduerucksack w\u00e4hrend den&nbsp;</span><a class=\"rich-text-hyperlink\" href=\"https://kuendigfeinkost.ch/standorte/\" target=\"_blank\" data-abstract-init=\"action link\" style=\"transition: color 0.2s; word-break: break-word;\">\u00d6ffnungszeiten</a><span class=\"text-space-pre-line rich-text-text\" data-abstract-init=\"body text\" style=\"\">&nbsp;am gebuchten Standort&nbsp;der&nbsp;K\u00fcndig Feinkost AG.</span></p><p style=\"list-style-type: none; margin-bottom: 0.25rem; padding-left: 2.375rem; position: relative;\"><span class=\"text-space-pre-line rich-text-text\" data-abstract-init=\"body text\" style=\"white-space-collapse: preserve-breaks;\">Suche dir sich einen gem\u00fctlichen Ort im Freien, bereite das Fondue zu (eine Anleitung dazu finden Sie im Rucksack) und geniesse das leckere Fondue.</span></p><p style=\"list-style-type: none; margin-bottom: 0.25rem; padding-left: 2.375rem; position: relative;\"><span class=\"text-space-pre-line rich-text-text\" data-abstract-init=\"body text\" style=\"white-space-collapse: preserve-breaks;\">Retourniere anschliessend den Rucksack inklusive dem schmutzigen Geschirr und Abfall w\u00e4hrend den \u00d6ffnungszeiten&nbsp;bei der K\u00fcndig Feinkost AG.&nbsp;</span></p><p style=\"list-style-type: none; margin-bottom: 0.25rem; padding-left: 2.375rem; position: relative;\"><span class=\"text-space-pre-line rich-text-text\" data-abstract-init=\"body text\" style=\"white-space-collapse: preserve-breaks;\"><br></span>Standorte:</p><ul data-v-ea7a0822=\"\" class=\"rich-text-unordered-list\" piano-view-event=\"false\" style=\"margin-bottom: 1rem;\"><span class=\"text-space-pre-line rich-text-text\" data-abstract-init=\"body text\" style=\"\">\n</span><li class=\"rich-text-list-item\" style=\"list-style-type: none; margin-bottom: 0.25rem; padding-left: 2.375rem; position: relative;\"><span class=\"text-space-pre-line rich-text-text\" data-abstract-init=\"body text\" style=\"\">K\u00fcndig Feinkost AG, Webergasse 19, 9000 St.Gallen, Telefonnummer: +41 71 841 17 75</span></li><span class=\"text-space-pre-line rich-text-text\" data-abstract-init=\"body text\" style=\"\">\n</span><li class=\"rich-text-list-item\" style=\"list-style-type: none; margin-bottom: 0.25rem; padding-left: 2.375rem; position: relative;\"><span class=\"text-space-pre-line rich-text-text\" data-abstract-init=\"body text\" style=\"\">K\u00fcndig Feinkost AG, Am Marktplatz 6, 9400 Rorschach, Telefonnummer: +41 71 841 17 75</span></li><li class=\"rich-text-list-item\" style=\"list-style-type: none; margin-bottom: 0.25rem; padding-left: 2.375rem; position: relative;\"><span class=\"text-space-pre-line rich-text-text\" data-abstract-init=\"body text\" style=\"\"><br></span></li></ul><p class=\"MsoNormal\"><b>Bedingungen</b></p><p class=\"MsoNormal\">Vor Ort ist ein Pfand von CHF 50.\u2013 zu bezahlen. Nach\nMaterialr\u00fcckgabe wird das Pfand zur\u00fcckerstattet.<o:p></o:p></p><p class=\"MsoNormal\"><b>Inkludierte Leistungen<o:p></o:p></b></p><ul style=\"margin-top:0cm\" type=\"disc\">\n <li class=\"MsoNormal\">Fonduemischung<o:p></o:p></li>\n <li class=\"MsoNormal\">Caquelon\n     und R\u00e9chaud<o:p></o:p></li>\n <li class=\"MsoNormal\">Brot\n     und Weisswein<o:p></o:p></li>\n <li class=\"MsoNormal\">Tischdecke,\n     Gabeln und Gl\u00e4ser<o:p></o:p></li>\n <li class=\"MsoNormal\">Gebrauchsanleitung</li>\n</ul><p class=\"MsoNormal\"><b><br></b></p><p class=\"MsoNormal\"><br></p>", "url": "https://kuendigfeinkost.ch", "image": "https://ostpimtsoch.sos-ch-dk-2.exoscale-cdn.com/catalog/6/4/5/0/64505becddbd31f06c524129b50e132ab34be404_bb824540c500d2d163f4987c671ee70d.jpg", "openstreetmap_id": "node/4092655390"}, "geometry": {"type": "Point", "coordinates": ["9.3752516", "47.4228622"]}}, {"type": "Feature", "properties": {"identifier": "4412d979-a3ac-44b0-b50a-f5dc4120a8e0", "name": "Berggasthaus Fuchsacker", "description": "Herzlich Willkommen im  Berggasthaus Fuchsacker!\nUnser G\u00e4stehaus liegt am Rand des sch\u00f6nen Appenzeller Landes.\nWir liegen auf 969 m H\u00f6he, von wo Sie einen ergreifenden Blick auf den Alpstein haben. Sie sehen vom Hohen Kasten \u00fcber den Kronberg bis zum S\u00e4ntis das ganze Panorama.\nIn unsrem sch\u00f6nen G\u00e4stehaus haben wir Familien- / und Doppelzimmer.\nUnser gem\u00fctlicher Saal eignet sich perfekt f\u00fcr:\nEgal ob Hochzeiten, Geburtstage oder Firmenanl\u00e4sse. Egal ob Kr\u00e4uterschweinfilet, Schnitzel Pommes oder Fondue, wir haben die perfekte Location f\u00fcr Sie. Leckeres Essen, guter Wein und das Beste? Ein Blick auf die atemberaubende Bergkulisse! Unser Team wird daf\u00fcr sorgen, dass Ihre Party unvergesslich wird. Kontaktieren Sie uns heute, um Ihren Anlass bei uns zu planen.", "url": "http://fuchsacker.ch/", "image": "https://ostpimtsoch.sos-ch-dk-2.exoscale-cdn.com/catalog/f/4/b/e/f4be1187e3d16990a48db4f7f07f1538e8163358_408235f9f8f3d7e308e67ca63d26f80b.jpg", "openstreetmap_id": "node/325151446"}, "geometry": {"type": "Point", "coordinates": ["9.2070119", "47.361029"]}}, {"type": "Feature", "properties": {"identifier": "44472f5c-2201-48b9-b25f-21ecaa90ace2", "name": "Leibacher Wein", "description": "An den steilen, sonnenverw\u00f6hnten H\u00e4ngen \u00fcber dem Rhein bauen wir auf 4 Hektaren 7 verschiedene Traubensorten an. Wir arbeiten eng mit der Natur zusammen, um die Vorz\u00fcge der einmaligen Lage hoch \u00fcber Stein am Rhein, in unseren Weinen wiedergeben zu k\u00f6nnen. \n\nGerne bieten wir Degustationen im Rebberg, im Wein-Atelier, oder auf unserem Weingut an. Unser Wein-Atelier ist jeden Donnerstag Abend ab 17:00 Uhr ge\u00f6ffnet. Wir freuen uns auf Ihren Besuch oder Ihre Kontaktaufnahme.  ", "url": "https://leibacher-wein.ch/", "image": "https://ostpimtsoch.sos-ch-dk-2.exoscale-cdn.com/catalog/4/1/d/6/41d6e58b20f5af2751089b249e2c0277b6462091_f485b8315f3ba74de1ee98a7342bf212.jpg", "openstreetmap_id": "way/32545306"}, "geometry": {"type": "Point", "coordinates": ["8.858006069728573", "47.66304475"]}}, {"type": "Feature", "properties": {"identifier": "45005140-0670-434e-9b87-02580f1e128b", "name": "Lipp Weingut & Destillerie", "description": "Ein Paar - zwei Leidenschaften. Er ist Schnapsbrenner, sie ist Winzerin. Gemeinsam verbindet sie der Anspruch nach aussergew\u00f6hnlichen Produkten. \n\nDie B\u00fcndner Herrschaft und die n\u00e4here Region sind unser Garten f\u00fcr die Trauben, Fr\u00fcchte, Beeren und Kr\u00e4uter f\u00fcr unsere Weine und Destillate. \nIm Laden direkt auf dem Hof k\u00f6nnen die Produkte degustiert werden, auch ein Blick in die Brennerei ist m\u00f6glich.", "url": "https://www.lipp-destillerie.ch", "image": "https://ostpimtsoch.sos-ch-dk-2.exoscale-cdn.com/catalog/d/4/b/2/d4b2ca7d582af0026e75daa5017059e46f397eeb_b82b07dc06ad4c21203bae17821f8299.jpg", "openstreetmap_id": "way/409118264"}, "geometry": {"type": "Point", "coordinates": ["9.52925443239499", "47.009072950000004"]}}, {"type": "Feature", "properties": {"identifier": "468094a2-9419-4e26-a3c2-752021147a08", "name": "Restaurant Central", "description": "Lassen sie es sich richtig gut gehen \u2013 saisonal und frisch aus der Region.\nUnsere frisch zubereitete Schweizer K\u00fcche vereint in Bad Ragaz - das Beste aus der Schweizer und italienischen K\u00fcche \u2013 saisonal inspiriert und voller Geschmack.", "url": "https://www.centralragaz.ch/", "image": "https://ostpimtsoch.sos-ch-dk-2.exoscale-cdn.com/catalog/7/5/6/6/7566926f9f8cd8d0b928c4262799f2255f50135a_6b168563d2e65bae8fe2a5e583f1ebd6.jpg", "openstreetmap_id": "node/5167819621"}, "geometry": {"type": "Point", "coordinates": ["9.5001409", "47.0022417"]}}, {"type": "Feature", "properties": {"identifier": "469905fa-8539-4b18-b092-714b61a8d415", "name": "Caf\u00e9 Fortuna", "description": "<p>Wir legen grossen Wert auf guten Kaffee. Bei uns finden Sie eine grosse Auswahl an speziellen Schweizer Getr&auml;nken, wie B&auml;nz-Apfels&auml;fte, Durscher Sirup usw. Wir beziehen unsere Produkte, wenn m&ouml;glich von regionalen Betrieben.</p><p>&nbsp;</p><p>Auskunft zur Zug&auml;nglichkeit:&nbsp;<a href=\"https://www.ginto.guide/entries/97dd93fa-f3e5-4ff5-9cb8-9f25a066639f?lnk_src=business\" target=\"_blank\" rel=\"noopener\">ginto</a></p>", "url": "https://www.cafefortuna.ch/", "image": "https://ostpimtsoch.sos-ch-dk-2.exoscale-cdn.com/catalog/a/3/0/9/a30968166a613ade93222189468593d46be29bbe_61d6cb900970aeb052130ebd38a9ae8f.jpg", "openstreetmap_id": "node/883094034"}, "geometry": {"type": "Point", "coordinates": ["9.308354258537294", "47.1968758572793"]}}, {"type": "Feature", "properties": {"identifier": "46c15614-1a24-4f4f-92dd-9dcc850c51bb", "name": "Rocki Docki Kulturb\u00fchne", "description": "Das alte Hause am Bahnhof Flums hat vieles schon erlebt .. und das Haus hat immernoch einiges zu bieten! Entdecke eine andere Welt und geniesse unser vielseitiges Angebot. Let&#039;s rock!\n\nDas Rocki Docki ist perfekt f\u00fcr Deine Party, f\u00fcr Gruppenevents oder einen guten Abend unter Freunden! F\u00fcr alle ist was dabei - schreibe auch Du die Geschichte weiter und das Haus wird zu einer unsterblichen Legende!", "url": "http://www.rockidocki.ch/", "image": "https://ostpimtsoch.sos-ch-dk-2.exoscale-cdn.com/catalog/f/b/2/2/fb221e77498b3f3a74d670cfa551342d6d4163eb_8de1639fcd77a426ca007ba1d604c6cd.jpg", "openstreetmap_id": "way/234723964"}, "geometry": {"type": "Point", "coordinates": ["9.348019250597167", "47.096143121098"]}}, {"type": "Feature", "properties": {"identifier": "4778c01d-f205-4f60-bd4d-d77e36477246", "name": "Toggenburg Distillery", "description": "<p>Get&uuml;ftelt, designt und als BERMONTIS GmbH gegr&uuml;ndet im Jahr 2018 stehen wir heute f&uuml;r auserlesenen fl&uuml;ssigen Kr&auml;utergenuss aus dem Toggenburg. Ob in Form von &ldquo;BERMONTIS &ndash; Fruchtiger Kr&auml;uterlik&ouml;r&rdquo;, &ldquo;BERMONTIS &ndash; Kr&auml;uterfondue&rdquo; oder jetzt auch neu mit &ldquo;TOGGIUS &ndash; Bio Dry Gin&rdquo;, stets mit dem Handwerk und der Regionalit&auml;t vor Augen. Produziert im wundersch&ouml;nen Toggenburg, von welchem wir uns auch immer wieder f&uuml;r unsere Produkte inspirieren lassen. Als Toggenburg Distillery GmbH durften wir im Fr&uuml;hling 2023 im gleichen Geb&auml;ude wie die Brauerei St.Johann in Neu St.Johann unsere eigene Distillery und Eventlocation er&ouml;ffnen.</p><p>In unserer Produktion und Eventlocation bieten wir einzigartige Erlebnisse, F&uuml;hrungen und Degustationen sowie auch Gin- &amp;amp; Cocktail-Workshops an. Von einfachen bis exklusiven F&uuml;hrung, mit oder ohne kulinarische Begleitung, wir sind f&uuml;r alle Ideen offen. Packages auf unserer Website.&nbsp;</p><p>Des Weiteren kann unsere Eventtheke auch als Seminarraum f&uuml;r dich und deine Firma gemietet werden.</p>", "url": "https://www.toggenburg-distillery.ch", "image": "https://ostpimtsoch.sos-ch-dk-2.exoscale-cdn.com/catalog/b/3/c/0/b3c0783f2681c221108fd81ec84bacfcf6083662_d80e0ac11e39705ab30ea53fa68acbce.jpg", "openstreetmap_id": "node/382698673"}, "geometry": {"type": "Point", "coordinates": ["9.196313023567201", "47.22874512549"]}}, {"type": "Feature", "properties": {"identifier": "488f0b1c-72f4-4ce6-a25d-a0e35b6ad9b0", "name": "Rebgut Stadt Schaffhausen, Stadtg\u00e4rtnerei", "description": "An den st\u00e4dtischen Reblagen Munot und Rheinhalde werden jedes Jahr ca. 20'000 kg Weintrauben produziert, welche zu exzellenten Weinen gekeltert werden.", "url": "http://www.stadt-schaffhausen.ch/index.php?id=3098", "image": "https://ostpimtsoch.sos-ch-dk-2.exoscale-cdn.com/catalog/6/e/4/9/6e49bbd755cbf7e7ac9cea660ed8cf3f42e44b80_36ff82329cd35546a9a8e729e5d59ce2.jpeg", "openstreetmap_id": "way/310683505"}, "geometry": {"type": "Point", "coordinates": ["8.65119754027512", "47.7069951"]}}, {"type": "Feature", "properties": {"identifier": "49b944f9-225a-4d72-a79c-dc0a023358ca", "name": "Restaurant Sternen", "description": "B\u00fcrgerliche K\u00fcche mit frischen saisonalen Zutaten.", "url": "https://sternenflums.ch/", "image": "https://ostpimtsoch.sos-ch-dk-2.exoscale-cdn.com/catalog/7/a/f/4/7af40bc5a1d190bea3eebd8b51814240b7312e75_bafbb0fd14db1bb35453216866d5862a.jpg", "openstreetmap_id": "relation/1683880"}, "geometry": {"type": "Point", "coordinates": ["9.342348256360681", "47.09090522720556"]}}, {"type": "Feature", "properties": {"identifier": "49eb6439-ab3f-4d0a-a22d-a0cdfa8ee6fc", "name": "Einstein Gourmet", "description": "<p>&Uuml;ber den D&auml;chern St.Gallens, im 5. Stock mit Blick &uuml;ber die Stadt, freuen sich die K&uuml;chenchefs Sebastian Zier und Richard Schmidtkonz im 18 Punkte GaultMillau und zwei Sterne Michelin ausgezeichnetem Einstein Gourmet auf ihre G&auml;ste. Die erstklassigen Produkte, die mit viel Liebe zum Detail zubereitet werden, &uuml;berraschen mit verschiedenen Geschmacksskomponenten.<em> </em><span style=\"font-family: 'Arial',sans-serif; mso-fareast-language: EN-US;\">Durch den Abend begleitet Sie unser Wine Director und Head Sommelier Loris Lenzo, gemeinsam mit Restaurantmanager Daniel B&ouml;lle, der Sie fachkundig zu den Weinen ber&auml;t, die perfekt mit den Gerichten harmonieren.</span></p>", "url": "https://www.einstein.ch/de/essen-trinken/einstein-gourmet", "image": "https://ostpimtsoch.sos-ch-dk-2.exoscale-cdn.com/catalog/7/4/a/4/74a49d3c4990ecae06afe69730e734f20d636dfa_7a1f02da69e1bd50e33fb5d21a10ddaf.jpg", "openstreetmap_id": "445628383"}, "geometry": {"type": "Point", "coordinates": ["9.3754457", "47.4214519"]}}, {"type": "Feature", "properties": {"identifier": "4b0bf48d-7799-4421-bc31-d90d6da4ad26", "name": "Huus-Braui", "description": "Handwerklich gebraut mit reinem Roggwiler Quellwasser, auserlesenem Malz und Hopfen. Nicht filtriert, nicht pasteurisiert und frei von Konservierungsmitteln. Ehrlich! Prost!\n\nDie Brauerei liegt im Herzen von Roggwil TG, gleich neben einer der sch\u00f6nsten Schlossanlagen des Kantons. Wer die Bar besucht, steht gleichzeitig \u00abin\u00bb oder \u00ab\u00fcber\u00bb der Brauerei und hat Einsicht auf die grossen Tankanlagen. Auf Anfrage kann man sich durch die Brauerei f\u00fchren lassen und so einiges \u00fcber die Bierbraukunst erfahren. Die gem\u00fctliche Bar in den sch\u00f6n ausgebauten Kellerr\u00e4umen der \u00abalten \u00d6li\u00bb ist zu einem beliebten Treffpunkt geworden. Direkt in der Brauerei geniessen die G\u00e4ste ihr Feierabendbier. Ob hell, dunkel, gold oder das momentane Spezialbier, das Personal ist bei der Wahl gerne behilflich. Auch der kleine Hunger kommt nicht zu kurz. Die kleinen aber feinen Snacks runden das Biererlebnis in der Huus-Braui ab.", "url": "http://www.huus-braui.ch/", "image": "https://ostpimtsoch.sos-ch-dk-2.exoscale-cdn.com/catalog/7/1/0/8/7108ac1b0d19b304d7dc783f664805f193876796_aabce436cbc4a59ffe7c21b695e86d79.jpg", "openstreetmap_id": "node/2355421358"}, "geometry": {"type": "Point", "coordinates": ["9.3954834", "47.5005029"]}}, {"type": "Feature", "properties": {"identifier": "4d4b19cd-85b0-4838-9909-972835ac9b8a", "name": "Weincaf\u00e9 Bunter Vogel", "description": "<p>Willkommen im Weincaf\u00e9 Bunter Vogel \u2013 Ein Ort zum Geniessen und Verweilen</p><p></p><p>Das Weincaf\u00e9 Bunter Vogel, eingenistet im charmanten Haus zum Falken, ist eine zauberhafte Erg\u00e4nzung zum historischen Gasthaus. Der liebevoll gestaltete Gastraum l\u00e4dt ein, die Hektik des Alltags hinter sich zu lassen, und bietet den idealen Ort zum Verweilen, Geniessen und Wiederkehren. Gastgeber Bruno Agostinho sorgt daf\u00fcr, dass Sie sich rundum wohlf\u00fchlen: Mit einer feinen Auswahl an regionalen Weinen, exquisiten Drinks, kleinen H\u00e4ppchen sowie Kaffee und Kuchen ist f\u00fcr jeden Geschmack etwas dabei.</p>", "image": "https://ostpimtsoch.sos-ch-dk-2.exoscale-cdn.com/catalog/a/e/3/d/ae3d9ea0be109f241f0ab35c87bd5beb1e8a469f_35ff2c1aa444a88b30dba862ba01089d.jpg", "openstreetmap_id": "node/3201293909"}, "geometry": {"type": "Point", "coordinates": ["8.4603808", "47.6980326"]}}, {"type": "Feature", "properties": {"identifier": "4df18f6d-d6b3-4fb0-a95a-b924115ab6c0", "name": "SelinS Lounge", "description": "In Staad, nur wenige Minuten vom Flughafen Altenrhein entfernt, entsteht ein Ort, an dem Ruhe, Stil und Qualit\u00e4t zuhause sind. Keine Hektik, kein Trubel stattdessen gepflegte Drinks, edle Kleinigkeiten wie Kaviar, Austern und feines Tatar, in einer Umgebung voller W\u00e4rme und Seele serviert.\n\nDie SelinS Lounge vereint modernes, elegantes Design mit sanftem Licht, diskreter Musik und einem Hauch von Geheimnis.\nHier trifft regionale Verbundenheit auf internationales Flair \u2013 perfekt f\u00fcr Business-Ap\u00e9ros, stilvolle Begegnungen oder einen genussvollen Abend unter Freunden.\n\nEin Platz, an dem jeder Moment ein wenig leuchtet und der Genuss die Hauptrolle spielt.", "url": "https://selins.ch", "image": "https://ostpimtsoch.sos-ch-dk-2.exoscale-cdn.com/catalog/8/5/9/2/8592b8021cbdb83c9d0c1928cae5464c1adeb07a_c76ce5187bb6a17ffd7267bbd1dca625.JPG", "openstreetmap_id": "way/263941688"}, "geometry": {"type": "Point", "coordinates": ["9.550192952156069", "47.48462361612617"]}}, {"type": "Feature", "properties": {"identifier": "4e02c0aa-c250-43e5-b416-fbc01c427047", "name": "Rebberg am Gupfen", "description": "Die Ausrichtung des neugeschaffenen Rebhanges ist nach S\u00fcden gerichtet und liegt zwischen 600 \u2013 640m \u00fcber Meer. Der ausserordentlichen Lage des Gupfen ist es zu verdanken, dass auf dieser H\u00f6he noch hervorragende Weine heranreifen k\u00f6nnen. Da tr\u00e4gt sicher die extreme S\u00fcdlage und der F\u00f6hneinfluss des Rheintals zum guten Gelingen der Weine bei.", "url": "https://www.rebberg-walzenhausen.ch/", "image": "https://ostpimtsoch.sos-ch-dk-2.exoscale-cdn.com/catalog/e/e/6/c/ee6c52fd648699f3865b16c3ac8cffb8fa16d7ff_4f57745969cb92dbbbced44a17e82ae8.jpg", "openstreetmap_id": "way/199117513"}, "geometry": {"type": "Point", "coordinates": ["9.607726335525514", "47.44813065927152"]}}, {"type": "Feature", "properties": {"identifier": "4ec20e36-1a42-4472-be1d-a9d151a23082", "name": "Restaurant \u00abIGNIV by Andreas Caminada\u00bb", "description": "2 Michelin-Sterne | 17 Gault-Millau-Punkte | 96 Falstaff-Punkte\nZwischen Gourmet-K\u00fcche und Gem\u00fctlichkeit. Im Restaurant IGNIV trifft Innovation auf geteilten Genuss. Moderne auf Fine-Dining. Und 2 Michelin-Sterne auf 17 Gault-Millau-Punkte. K\u00fcchenchef Jo\u00ebl Ellenberger verzichtet auf eine klassische Men\u00fcabfolge. Stattdessen zaubert er verschiedene Sharing-G\u00e4nge. Dazu serviert Restaurantleiterin Susanne Schneider  die passende Weinbegleitung. Das Restaurantkonzept \u00abIGNIV by Andreas Caminada\u00bb, des Graub\u00fcndner Spitzenkochs, steht f\u00fcr Behaglichkeit und bewusstes Teilen.\nEin Ort der Sinne, an dem das Teilen von Kulinarik, Genuss und Zeit im Mittelpunkt steht.", "url": "https://www.resortragaz.ch/de/kulinarik/igniv", "image": "https://ostpimtsoch.sos-ch-dk-2.exoscale-cdn.com/catalog/4/5/e/6/45e6b7560083cae2cdfa69f41da652d2b0895ca9_9d7d848190597b13ab63d3df8c5a7722.jpg", "openstreetmap_id": "N 47.00021 E 9.50232"}, "geometry": {"type": "Point", "coordinates": ["9.5021119", "47.0004111"]}}, {"type": "Feature", "properties": {"identifier": "4f8acd95-d8b3-4525-9eed-e7de2662b6c1", "name": "Restaurant Schl\u00fcssel, Mels", "description": "Im historischen, wundersch\u00f6nen Patrizierhaus aus dem Jahr 1811 hat Sohn Roger nach Wanderjahren durch renommierte Gastbetriebe das Zepter in der K\u00fcche \u00fcbernommen und bereichert die K\u00fcche mit seinen erfrischenden und kreativen Ideen. Er verbindet geschickt franz\u00f6sische Klassik, Schweizer Tradition und moderne Elemente miteinander. \n\nIn der edel eingedeckten Nidbergstube wird der Fokus auf die Feinschmecker-Menus gesetzt, in der Schl\u00fcsselstube findet der Gast in heiterer Atmosph\u00e4re Speisen f\u00fcr jeden Tag.  Dazu eine grandiose Weinkarte mit auserw\u00e4hlten Weinen. F\u00fcr eine charmante und liebevolle Note im Service sorgt Marianne Blum mit ihrem Team. \n\nDas Restaurant Schl\u00fcssel ist mit 17 Gault Millau Punkten ausgezeichnet und hat einen Stern im Guide Michelin.", "url": "http://www.schluesselmels.ch", "image": "https://ostpimtsoch.sos-ch-dk-2.exoscale-cdn.com/catalog/4/f/a/1/4fa1ebda1682bcc95408d9bf99deea86e2fea7e8_9d15ae64205ae9d72e460e3714db4b0f.JPG", "openstreetmap_id": "node/4252118498"}, "geometry": {"type": "Point", "coordinates": ["9.4173788", "47.0452746"]}}, {"type": "Feature", "properties": {"identifier": "4fd2bfb2-0efb-4f8b-82c1-4703e2266365", "name": "Bier-Ap\u00e9ro in der Brauerei Sch\u00fctzengarten", "description": "<p>W&auml;hrend dieses Bier-Ap&eacute;ros in der Brauerei Sch&uuml;tzengarten erfahren die Teilnehmer mehr &uuml;ber die Biergeschichte, speziell die Geschichte von Sch&uuml;tzengarten und die des Bieres in St.Gallen. Denn das Bierbrauen hat eine lange Tradition. Bereits auf dem St.Galler Klosterplan aus dem Jahre 820 wurden drei Brauereien vermerkt. Sch&uuml;tzengarten f&uuml;hrt diese Tradition konsequent fort, weshalb das Unternehmen mit seiner reichen Geschichte bis heute unabh&auml;ngig geblieben ist. Den Teilnehmern wird hier auch die Gelegenheit geboten, die ausgezeichneten Biere von Sch&uuml;tzengarten zu degustieren.</p>", "url": "http://www.schuetzengarten.ch", "image": "https://ostpimtsoch.sos-ch-dk-2.exoscale-cdn.com/catalog/e/7/5/1/e7512141136ae26be9aae631c8f5ad3b9fa7a5eb_97637dc7d7a3289b1f2923389b3bfabd.jpg", "openstreetmap_id": "https://www.openstreetmap.org/way/108114659"}, "geometry": {"type": "Point", "coordinates": ["9.37906", "47.42968"]}}, {"type": "Feature", "properties": {"identifier": "50d6296a-b5df-49bb-ad14-5ca2d90e1316", "name": "Trattoria La Calabrisella", "description": "Geniessen Sie unvergessliche Stunden in gem\u00fctlichem Ambiente.\nWir freuen uns, Sie in unserer Lokalit\u00e4t in Hallau begr\u00fcssen zu d\u00fcrfen.\n \nWir verwenden zur Zubereitung unserer Speisen ausschliesslich frische und wenn m\u00f6glich regionale Produkte.\n \nLassen auch Sie sich von unserer italienischen K\u00fcche \u00fcberzeugen.\n \nWir freuen uns auf Ihr Kommen!", "url": "http://www.la-calabrisella.ch/", "image": "https://ostpimtsoch.sos-ch-dk-2.exoscale-cdn.com/catalog/0/3/1/3/03133307566e0196f3c1834f4206415f6b80abcb_5edd53d80752b63d6fa98dae9a9740f5.jpg", "openstreetmap_id": "node/3200080286"}, "geometry": {"type": "Point", "coordinates": ["8.4609826", "47.6985264"]}}, {"type": "Feature", "properties": {"identifier": "5119ec84-ac0c-4eb3-8797-00d9283d4c2b", "name": "Grabenhalle", "description": "Fr\u00fcher f\u00fcr St.Gallen besetzt, heute f\u00fcr die Kultur genutzt. Fest in der st\u00e4dtischen Kulturlandschaft verwurzelt, bietet die Grabenhalle Platz f\u00fcr Konzerte, Theater, Tanz, Lesungen, Filme und experimentelle Projekte f\u00fcr bis zu 450 Besucher. Externe und interne Veranstalter:innen nutzen die Halle als B\u00fchne f\u00fcr verschiedenste kulturelle Anl\u00e4sse, so entsteht ein vielf\u00e4ltiges Programm f\u00fcr ein vielf\u00e4ltiges Publikum.", "url": "http://www.grabenhalle.ch/", "image": "https://ostpimtsoch.sos-ch-dk-2.exoscale-cdn.com/catalog/b/2/1/e/b21e3252dc1407ad2739dca3e445691906ae2814_d5a80a03d7907a92d2487d5bd7d612f2.jpg", "openstreetmap_id": "way/308388008"}, "geometry": {"type": "Point", "coordinates": ["9.37417060000007", "47.42734670000001"]}}, {"type": "Feature", "properties": {"identifier": "516ac091-958c-43ad-bb9a-197bb7bcbd16", "name": "Weinstube Fl\u00e4sch", "description": "Weinstube Fl\u00e4sch \u2013 Wo Wein, Genuss und Geselligkeit zuhause sind\n\n\nHier dreht sich alles um das gem\u00fctliche Zusammensein, den Genuss erlesener Weine und das besondere Flair der B\u00fcndner Herrschaft. In unserer stimmungsvollen Stube geniessen Sie regionale Tropfen, sorgf\u00e4ltig ausgew\u00e4hlte Spezialit\u00e4ten und die entspannte Atmosph\u00e4re, die eine echte Weinstube ausmacht.\n\nWein im Mittelpunkt \u2013 Genuss rundherum\nWir servieren Ihnen durchgehend von 11:00 bis 20:00 Uhr kleine, feine K\u00f6stlichkeiten, die perfekt zu einem guten Glas Wein passen.\n\n\u2022 hausgemachte Strudl \u2013 s\u00fcss oder salzig\n\u2022 traditionelles B\u00fcndner Pl\u00e4ttli\n\u2022 steirische Klassiker wie die herzhaft-beliebte Brettljause\nund noch vieles mehr\n\nWir freuen uns auf Ihren Besuch!\nEva und Martijn van der Linden", "url": "https://www.landhaus-flaesch.ch/", "image": "https://ostpimtsoch.sos-ch-dk-2.exoscale-cdn.com/catalog/a/5/3/0/a530acfd7ded2864b910e7e2be88f27f12f824a6_e283eafec4c11eae9528075544ef2f2d.jpeg", "openstreetmap_id": "way/179020999"}, "geometry": {"type": "Point", "coordinates": ["9.513068164590647", "47.025845849999996"]}}, {"type": "Feature", "properties": {"identifier": "51892e6d-21fc-4fa7-bad7-468677395254", "name": "Wilchinger Bergwy", "description": "Die Reben pr\u00e4gen die Aussicht und das Bild vom Wilchingerberg auf eine besonders sch\u00f6ne Weise. Bestaunen Sie mit Ihren G\u00e4sten die Landschaft vom Klettgau.\nDie Reben, der Ackerbau, grosse und kleine Tiere, der eigene Wein und wir als Familie verleihen unserem Betrieb den ganz eigenen Charme.\nGerne zeigen wir Ihnen unseren Wilchinger Bergwy bei einer Wein Degustation mit der B\u00e4uerin. Dabei erfahren Sie allerhand \u00fcber das Leben auf dem Bauernhof, die Arbeit in den Reben und \u00fcber die sch\u00f6ne Region.\nUnser Eventlokal bietet f\u00fcr verschiedene Anl\u00e4sse das passende Ambiente. Buchen Sie den Gew\u00f6lbekeller bis 28 Personen oder den modernen F\u00e4scht - Ruum f\u00fcr bis 110 Personen. Die gedeckte Reblaube bietet Platz f\u00fcr 90 Personen.\nVom Vesperpl\u00e4ttli f\u00fcr die Wandergruppe bis hin zur Hochzeitsgesellschaft mit Catering ist bei uns fast alles m\u00f6glich.\nWir freuen uns auf Ihren Besuch.", "url": "https://www.bergwy.ch/", "image": "https://ostpimtsoch.sos-ch-dk-2.exoscale-cdn.com/catalog/e/3/7/6/e376db5f17b01fd84a8a296a7b6b0b2a4d6e508c_157cf0c10472333f14bb21ccb4846e68.jpg", "openstreetmap_id": "way/91978289"}, "geometry": {"type": "Point", "coordinates": ["8.427974707423799", "47.679577699999996"]}}, {"type": "Feature", "properties": {"identifier": "52075ba5-2e24-4647-ae65-0da209ac48e8", "name": "J\u00fcrg Obrecht Weine Jenins", "description": "Unser heimeliger Torkel bietet Platz f\u00fcr rund 80 Personen. Unser spezieller Degustationsraum l\u00e4dt dar\u00fcber hinaus zum Verweilen, zum Degustieren und zum Philosophieren \u00fcber Gott und die Welt und nat\u00fcrlich auch \u00fcber unsere Weine. Degustationen, Kellerf\u00fchrungen nehmen wir gerne telefonisch oder per E-Mail entgegen. Haben Sie Fragen zu unseren Weinen, zum Torkel usw.; wir stehen Ihnen jederzeit gerne zur Verf\u00fcgung.\n\"Soll's etwas besonderes sein, g\u00f6nn dir einen J\u00fcrg Obrecht Wein\"", "url": "http://www.obrechtweine.ch", "image": "https://ostpimtsoch.sos-ch-dk-2.exoscale-cdn.com/catalog/5/6/c/c/56cc52009619e1c8277d42a8e27ddda1eac981a7_ad59f4e0ca2e3aa645e96fe8f6eff9c8.jpg", "openstreetmap_id": "way/409097587"}, "geometry": {"type": "Point", "coordinates": ["9.55450826002879", "47.00193125"]}}, {"type": "Feature", "properties": {"identifier": "52a19a7d-d20d-403b-82e2-1de10adc5c40", "name": "Meetingpoint / Bistro am Herrenacker Schaffhausen", "description": "Diverse M\u00f6glichkeiten, sich in ungezwungener Atmosph\u00e4re untereinander, aber auch mit anderen \u00abKreisen\u00bb auszutauschen \u2013 Sport und Kultur, Wirtschaft und Politik, Sport oder Kultur \u00abunter sich\u00bb. Die rund 60 Bistro-Pl\u00e4tze sind sehr unterschiedlich \u2013 traditionelle Tische fu\u0308r zwei oder mehr G\u00e4ste, Hochtische die auch als Bar oder als Arbeitsplatz genutzt werden k\u00f6nnen, eine Ecke mit Polstergruppen in verschiedenen Varianten, die \u00abStammtische\u00bb aus altem Eichenholz und mehrere \u00abS\u00e9par\u00e9e\u00bb fu\u0308r vertrauliche Gespr\u00e4che, Pr\u00e4sentationen oder Verhandlungen laden zum Verweilen ein. Auf der rund 20 m2 grossen LED Wand von h\u00f6chster Qualit\u00e4t kann man die Online Zeitung Bock 24 und Schaffhausen 24 mit Nachrichten aus der Region, der Schweiz und aller Welt lesen. F\u00fchrende Sportclubs betreiben gemeinsam ihren Fanshop; Billette und Saisonkarten kann man bequem im Stadtzentrum rund um die Uhr kaufen. Sportlerinnen und Sportler aus den verschiedensten Sportarten treffen sich, haben Kontakt zu den Fans in \u00abunserer kleinen Stadt\u00bb. Und das Coworking-Angebot:\nIn inspirierender, lockerer Atmosph\u00e4re seiner Arbeit nachgehen, E-Mails checken und einen Cappuccino geniessen? Wir haben die L\u00f6sung: Raus aus dem Home-Office, rein in den Coworking-Space am Herrenacker! Sie haben die Wahl: Machen Sie es sich mit einem Kaffee im Bistro gem\u00fctlich und bearbeiten Sie Ihre E-Mails an der coolen Holztheke. F\u00fcr etwas mehr Ruhe und Komfort stehen f\u00fcr Sie von StartHub Schaffhausen sechs vollausgestattete Arbeitspl\u00e4tze mit High-Speed-Internet zur flexiblen Miete bereit.", "url": "https://www.meetingpoint-sh.ch", "image": "https://ostpimtsoch.sos-ch-dk-2.exoscale-cdn.com/catalog/6/2/7/5/62752cdd2a1dc011fd09685d54f1d98bccfbafe9_3595c91810566a0986fcdc36a50b7d65.jpg", "openstreetmap_id": "192186896"}, "geometry": {"type": "Point", "coordinates": ["8.632479341071747", "47.69563495"]}}, {"type": "Feature", "properties": {"identifier": "53b2db29-6251-40a7-bc23-14cd14a55203", "name": "MuCaf\u00e9", "description": "Das MuCaf\u00e9 l\u00e4dt zum Innehalten und Verweilen ein, zum Genuss und Gedankenaustausch. \n\nDas MuCaf\u00e9 ist stilsicher und sorgf\u00e4ltig gestaltet und mit hochwertigsten Materialien gebaut. Aus der sch\u00f6nsten Maschine, einer \u00abElektra Belle Epoque\u00bb, werden der beste Cappuccino und Espresso gezaubert. \n\nEbenso vielf\u00e4ltig wie die Kulturen verschiedener L\u00e4nder und Zeiten ist unsere Gesellschaft. Deshalb wird das MuCaf\u00e9 gemeinsam mit Menschen mit einer Beeintr\u00e4chtigung der Institution GHG Sonnenhalde Tandem betrieben. Das Team ist professionell in das Barista-Handwerk eingef\u00fchrt und freut sich auf die G\u00e4ste. \n\nOb zum morgendlichen Cappuccino mit Cornetto, mittags zum luftig-feinen Panino oder nachmittags mit einem Glas Prosecco \u2013 das HVM setzt kompromisslos auf h\u00f6chste Qualit\u00e4t.\n\nUnd: Im MuCaf\u00e9 erwartet die Besucherinnen und Besucher ein spannendes Kulturprogramm. Gestartet wird mit drei Themenreihen: \u00abFr\u00fchst\u00fccksgespr\u00e4che\u00bb, \u00abTastings & mehr\u00bb und \u00abKlangwelten\u00bb. Themen, die Zeiten, R\u00e4ume und Kulturen verbinden, Geschichte und Gegenwart \u2013 und alle Sinne ansprechen.", "url": "https://mucafe.ch/index.html", "image": "https://ostpimtsoch.sos-ch-dk-2.exoscale-cdn.com/catalog/7/8/1/e/781edd2efe50ff6b8213a0fd8d6c45b61e075559_f570442b08386e8cff90c517b15569b4.jpg", "openstreetmap_id": "way/125066638"}, "geometry": {"type": "Point", "coordinates": ["9.383203310325818", "47.42868805"]}}, {"type": "Feature", "properties": {"identifier": "542e5e0c-7d3a-45e1-938d-69313b292003", "name": "US-MEX Terraza Steckborn", "description": "Direk am Wasser am Untersee lassen sich die Sommertage und die lauen Sommern\u00e4chte genussvoll erleben \u2013 Unvergessliche Sonnenunterg\u00e4nge garantiert! Serviert werden s\u00fcffige Drinks und unwiderstehliche US-MEX Snacks. Nat\u00fcrlich im gewohnten US-MEX Style: Grossz\u00fcgige Portionen zu fairen Preisen bei hoher Qualit\u00e4t. \n\nDie US-MEX Terraza Steckborn ist von April bis September bei gutem Wetter t\u00e4glich ge\u00f6ffnet. Informationen \u00fcber den \u00d6ffnungsstatus sind auf www.usmex-terraza.ch zu finden.\n\nWeitere US-MEX Terrazas sind in Kreuzlingen direkt am Bodensee sowie in Frauenfeld an der Murg zu finden. US-MEX Restaurants gibt es an vier Standorten: Frauenfeld, Schaffhausen, St. Gallen, Weinfelden.", "url": "https://www.usmex.ch/terraza-strandbar/welcome/", "image": "https://ostpimtsoch.sos-ch-dk-2.exoscale-cdn.com/catalog/5/7/b/f/57bfc8f5d8a571c14b7ff458db6ee006ab4b1b78_bb25c8c32725c161510aa5a7315f12cd.jpg", "openstreetmap_id": "5630165520.0"}, "geometry": {"type": "Point", "coordinates": ["8.9716976", "47.6623611"]}}, {"type": "Feature", "properties": {"identifier": "550df831-f6b1-421f-bee5-90bf78433741", "name": "COLORS - Restaurant und Bar", "description": "Das COLORS Restaurant ist ein modernes Selbstbedienungsrestaurant mit 146 Innen- und 140 Terrassen-Pl\u00e4tzen. Die K\u00fcche bietet ein Angebot f\u00fcr jeden Geschmack. Erfrischend und abwechslungsreich werden neben regionalen Gerichten auch internationale Speisen gekocht.\nDie bediente COLORS Bar verf\u00fcgt \u00fcber 56 Innenpl\u00e4tze. Neben einem kunterbunten Getr\u00e4nkeangebot, werden am Morgen Fr\u00fchst\u00fcck und am Nachmittag trendige Snacks angeboten.", "image": "https://ostpimtsoch.sos-ch-dk-2.exoscale-cdn.com/catalog/9/8/c/9/98c9bf00a31b7e10ed48ff7aad765d56695fabe2_24625a21bd497ea9370d5a07da256132.JPG", "openstreetmap_id": "node/244067701"}, "geometry": {"type": "Point", "coordinates": ["9.2807483", "47.0919796"]}}, {"type": "Feature", "properties": {"identifier": "55143370-d26f-4a91-9803-f9bc93cb990a", "name": "Firehouse Weinfelden", "description": "Waren es fr\u00fcher nur die legend\u00e4ren Partyn\u00e4chte, pr\u00e4sentieren wir uns heute als vielseitigen Treffpunkt f\u00fcr Kulinarik und Events. Nach wie vor feiern wir regelm\u00e4ssig zu altbekannten Partyformaten und bieten ein attraktives Eventprogramm mit abwechslungsreichem DJ-Line-Up. \n\n<p>Seit 2025 bietet das Firehouse zudem einen festen Restaurant-und Barbetrieb mit einem vielf\u00e4ltigen Angebot, diversen Cocktails &amp; Mockktails und attraktiven \u00d6ffnungszeiten. Von ofenfrischen Pizzen \u00fcber kreative Tapas bis hin zu abwechslungsreichen Hauptgerichten, im Firehouse steht Vielfalt an oberster Stelle. \n\nNeben dem regul\u00e4ren Betrieb kann das Firehouse auch f\u00fcr private Anl\u00e4sse oder Corporate Events gemietet werden. Erg\u00e4nzend zum passenden Setting und der notwendigen Infrastruktur steht ein komplettes Rundumpacket, von der Eventplanung bis zur Durchf\u00fchrung mit Catering, zur Verf\u00fcgung. \n\nWeitere Infos zum Firehouse &amp; Eventprogramm sind auf der Website zu finden.</p>", "url": "http://www.firehouse.ch/", "image": "https://ostpimtsoch.sos-ch-dk-2.exoscale-cdn.com/catalog/b/5/7/3/b57309600944f42e7b35f8da364a8ec52d91ebf7_dcae07672191e8acf7be739257d3a3f9.jpg", "openstreetmap_id": "node/1111145348"}, "geometry": {"type": "Point", "coordinates": ["9.1256513", "47.5629874"]}}, {"type": "Feature", "properties": {"identifier": "5ad28e26-b8b9-4785-921e-fd726e73c899", "name": "Stadtbistro", "description": "Das Stadtbistro ist sozusagen ein zweites Wohnzimmer, ein Ort der Begegnung und des Genusses. Hier l\u00e4sst es sich wunderbar ein feines St\u00fcck Kuchen essen, die Zeitung lesen und den kleinen oder grossen Hunger stillen.\n\nAuf der kleinen, aber feinen Bistro-Karte stehen Wohlf\u00fchlgerichte wie ein w\u00e4rmender griechischer Stifado, aber auch vegetarische und vegane Kreationen. Wer mag, setzt sich an den langen Holztisch, geniesst eine Kaffeespezialit\u00e4t und dazu ein St\u00fcck Kuchen aus der Hausb\u00e4ckerei. F\u00fcrs B\u00fcro oder das Picknick gibt\u2019s alles auch als Take Away.\n\nAussergew\u00f6hnlich ist noch etwas anderes: Im Stadtbistro arbeiten Menschen mit Unterst\u00fctzungsbedarf als Mitarbeiter:innen oder Lernende im Service und in der K\u00fcche. Sie werden von Fachpersonen begleitet und k\u00f6nnen so in der Arbeitswelt Fuss fassen.", "url": "https://stadtbistro.sg/", "image": "https://ostpimtsoch.sos-ch-dk-2.exoscale-cdn.com/catalog/0/e/4/1/0e41227b414e9bd8deb527264c7ca7cb8231783b_db68459b3aa24a673e6c5a1fc24dfc08.jpg", "openstreetmap_id": "node/4092716590"}, "geometry": {"type": "Point", "coordinates": ["9.37513", "47.42277"]}}, {"type": "Feature", "properties": {"identifier": "5b96134c-9941-4f84-9663-90aff289343e", "name": "Bergrestaurant Laufbodenst\u00fcbli", "description": "Das gem\u00fctliche Bergrestaurant Laufbodenst\u00fcbli befindet sich auf 2222m.\u00fc.M. neben dem Laufb\u00f6den Sessellift.\nEs ist das h\u00f6chstgelegene Bergrestaurant im Ski und Wandergebiet Pizol.\nGeniessen Sie die herrliche Rundsicht der Berglandschaft des St. Galler Oberlandes sowie des Rheintals bis zum Bodensee.\nRichtung S\u00fcdosten bewundern Sie die markanten schneebedeckten Berge des B\u00fcndnerlandes und vieles mehr\u2026.", "url": "https://pizol.com/planen-buchen/gastronomie?lang=de_CH", "image": "https://ostpimtsoch.sos-ch-dk-2.exoscale-cdn.com/catalog/f/b/4/4/fb443c9e0a9d0d158b1301323c24f999d10c133e_6f63583eb7c0c8bb21c1cf9e493f5864.jpg", "openstreetmap_id": "node/336562763"}, "geometry": {"type": "Point", "coordinates": ["9.4363562", "46.9796659"]}}, {"type": "Feature", "properties": {"identifier": "5c0ac627-1a08-4afe-a086-59abb72ed3f4", "name": "Weingut Wegelin", "description": "Seit 2019 f\u00fchren Rafael Hug und seine Frau, die \u00d6nologin Mathilde Hug P\u00e9deutour, das Weingut Wegelin. \nSie vinifizieren ihre Topweine konsequent nach Einzellagen, wodurch das Sortiment zus\u00e4tzliche Tiefe gewinnt und der Lagenausdruck deutlich sp\u00fcrbar wird. \nNeben verschiedenen Weissweinen schl\u00e4gt ihr Herz insbesondere f\u00fcr den Pinot Noir.\nDie Qualit\u00e4t eines Weines wird von seiner Herkunft gepr\u00e4gt. Das Verst\u00e4ndnis f\u00fcr Ihre grandiosen Lagen begleitet Ihre t\u00e4gliche Arbeit im Weingarten: \nSie pflegen jeden einzelnen Rebstock mit Hingabe und wissen, dass gro\u00dfe Weine auf dieser Arbeit beruhen. Sie geben dem Rebstock das, was er braucht, damit charaktervolle und authentische Trauben reifen \u2014 die Natur ist Ihr gr\u00f6\u00dftes Kapital. Sie arbeiten nach biologischen und biodynamischen Richtlinien und mit gr\u00f6\u00dfter R\u00fccksicht auf Boden und Umwelt.", "url": "https://weingutwegelin.ch/", "image": "https://ostpimtsoch.sos-ch-dk-2.exoscale-cdn.com/catalog/4/a/b/5/4ab5a728e8a5290e55d98c237a000cf05e73f103_397536ab08a8848c9e5e199819060213.jpg", "openstreetmap_id": "way/232221189"}, "geometry": {"type": "Point", "coordinates": ["9.575073298434237", "46.98428125"]}}, {"type": "Feature", "properties": {"identifier": "5c338e6d-7dae-424d-ac39-20c137ea7e44", "name": "Promenade Walentstadt", "description": "<p>Das Ergebnis ist eine gelungene Verbindung aus Tradition, rustikalem Flair und urbaner Streetfood-Kultur. Die K&uuml;che bietet eine weltoffene Auswahl an Gerichten mit Fokus auf TexMex, BBQ, Asado und weiteren internationalen Streetfood-Klassikern &ndash; frisch zubereitet, kreativ interpretiert und regional abgestimmt. Ideal f&uuml;r alle, die unkompliziert, aber hochwertig essen m&ouml;chten &ndash; ob beim gem&uuml;tlichen Essen auf der Sonnenterrasse direkt am Seeufer oder in den stilvoll eingerichteten Innenr&auml;umen. Die Promenade Walenstadt ist nicht nur ein Restaurant, sondern ein lebendiger Treffpunkt mit entspannter Atmosph&auml;re, kulinarischer Vielfalt und einem Hauch von Festivalgef&uuml;hl &ndash; perfekt f&uuml;r Paare, Familien, Gruppen und Genussmenschen.</p>", "url": "https://www.promenade-walenstadt.ch/", "image": "https://ostpimtsoch.sos-ch-dk-2.exoscale-cdn.com/catalog/d/7/4/a/d74a874e04f4672309cc012074983f44153d5eee_8c6aa4fe35e65911b2edf2eb0c38be83.png", "openstreetmap_id": "node/752371760"}, "geometry": {"type": "Point", "coordinates": ["9.3031243", "47.1267952"]}}, {"type": "Feature", "properties": {"identifier": "5ca68094-b48f-4927-ac3a-1fbf059c418d", "name": "GEISS - Caf\u00e9 - Treffpunkt - Kultur", "description": "Der Quartierverein \u00abTreffpunkt Obergass\u00bb betreibt das kleine gem\u00fctliche Lokal \u00abGEISS\u00bb als Ort der Begegnung und Kultur. \u201cGEISS\u201d ist die Abk\u00fcrzung f\u00fcr \"Gemeinsam Im St\u00e4dtli Sargans\u201d. Der regelm\u00e4ssige Kaffeebetrieb bildet das Herzst\u00fcck und tr\u00e4gt zur Belebung der Altstadt Sargans bei. Ob einfach zum Plaudern vorbeikommen, einen w\u00e4rmenden Tee trinken, Feste feiern, gemeinsam Essen, beim Spielturnier Taktik oder Gl\u00fcck walten lassen, ein kreatives Projekt umsetzen, Tipps zur Handhabung der N\u00e4hmaschine austauschen, lokales Bier degustieren, sich musikalisch entfalten oder spannende Kino Abende \u2013 hier gibt es Raum. Das Angebot ist vielf\u00e4ltig, lebt und ver\u00e4ndert sich durch die Menschen welche den Ort mitgestalten. F\u00fcr die kleinen G\u00e4ste bietet das Lokal eine Kinderecke.", "url": "https://www.geiss-sargans.ch", "image": "https://ostpimtsoch.sos-ch-dk-2.exoscale-cdn.com/catalog/b/9/7/9/b9794e1fbde9d65b43693e293a18ebb0a309938d_a1d57fa277a44f043eb3112e1fbf5c29.jpg", "openstreetmap_id": "way/409349682"}, "geometry": {"type": "Point", "coordinates": ["9.436103097971923", "47.050304600000004"]}}, {"type": "Feature", "properties": {"identifier": "5dac0c92-4a19-47fa-b74d-4153152f0cef", "name": "Restaurant und Metzgerei Ochsen Sch\u00f6nengrund", "description": "Das Restaurant Ochsen bietet grosse und kleine R\u00e4umlichkeiten f\u00fcr jegliche Anl\u00e4sse unterschiedlicher Gesellschaften an.\nSo abwechslungsreich wie das Essen und Trinken ist auch das Ambiente der R\u00e4ume. Von gem\u00fctlich-urchig \u00fcber edel-rustikal bis hin zu einfach-heimelig ist alles vorhanden. Die wichtigsten Werte im \u00abOchsen\u00bb sind zufriedene G\u00e4ste, eine traditionelle, gut b\u00fcrgerliche K\u00fcche, hausgemachte Produkte, regionale und gesunde Qualit\u00e4t. \n\nHinter dem Betrieb des Restaurants Ochsen steht auch eine Metzgerei. Das Fleisch wird aus der hauseigenen Schlachtung verarbeitet. Die Tiere stammen von Landwirtschaftsbetrieben aus n\u00e4chster Umgebung, aus dem Appenzellerland und Neckertal. Der Metzgereiladen befindet sich im Landigeb\u00e4ude an der Hauptstrasse 10 in Sch\u00f6nengrund.", "url": "https://www.signer-gastro.ch/", "image": "https://ostpimtsoch.sos-ch-dk-2.exoscale-cdn.com/catalog/0/0/a/3/00a345ed7622b52a582abcc5499f97efba69a71f_60c4171f944cdcc3a128038e469a2033.jpg", "openstreetmap_id": "way/650590401"}, "geometry": {"type": "Point", "coordinates": ["9.226351544337252", "47.32774135"]}}, {"type": "Feature", "properties": {"identifier": "5f33e642-c024-4471-8147-8293d9e68a48", "name": "Restaurant Schwan\u00e4 dini Beiz", "description": "<p>Cordonbleu, hausgemachte \u00abCh\u00e4schn\u00f6pfli\u00bb mit Apfelmus, Schwan\u00e4-Burger mit Schafsfleisch von den Hofschafen oder Salate mit selbst gebackenem Brot kommen im gem\u00fctlichen Restaurant Schwan\u00e4 auf den Tisch \u2013 und zwar zu einem fast unschlagbaren Preis und serviert mit viel Herzlichkeit. Der landwirtschaftliche Betrieb, der zum Restaurant geh\u00f6rt, l\u00e4dt Kinder zum Entdecken ein. In den Stallungen d\u00fcrfen die Schafe besucht werden. Es stehen auch Stellpl\u00e4tze f\u00fcr Wohnmobile zur Verf\u00fcgung.<br><br>Die l\u00e4ndliche Gegend um Altnau erfreut mit unz\u00e4hligen Obstb\u00e4umen. Dem Apfel ist hier sogar ein Erlebnispfad gewidmet: der Altnauer Apfelweg. Der Schwan\u00e4 liegt direkt an dessen Route. Auch per Kutschenfahrt kann der Apfelweg absolviert werden, wobei Ross und Wagen beim Schwan\u00e4-Team reserviert werden. Alternativ l\u00e4sst sich die Gegend mit einem spannenden Outdoor-Escape Game, das Magische Portal, erkunden, das zwei Routen zur Auswahl bietet: die kleinere dauert eine Stunde, die gr\u00f6ssere zwei Stunden.</p><p></p>", "url": "https://www.schwan\u00e4.ch", "image": "https://ostpimtsoch.sos-ch-dk-2.exoscale-cdn.com/catalog/8/4/9/0/8490e28984394f72c2b04efb3a9fec8c641948fe_511f58e5fe79062444c21972e6dc242c.jpg", "openstreetmap_id": "way/234922281"}, "geometry": {"type": "Point", "coordinates": ["9.257399006594795", "47.60682665"]}}, {"type": "Feature", "properties": {"identifier": "604e1b98-2123-4136-9f82-8dbf165f8dc7", "name": "Taste", "description": "<p>Dich erwartet ein Ort f&uuml;r Mittagspausen, die Ruhe bringen, Mittagspausen, die neue Energie schenken. Abende, die der Seele gut tun und einen Drink, wann immer dein Leben eine Pause braucht. Unser Versprechen ist zwar nur zwei Worte lang, aber dennoch voller Bedeutung: mood &amp; food. Wir wollen mehr als satt machen: Mit dem Schritt durch die T&uuml;r soll sich dein Besuch besonders anf&uuml;hlen.&nbsp;</p>", "url": "https://taste-restaurant.ch/", "image": "https://ostpimtsoch.sos-ch-dk-2.exoscale-cdn.com/catalog/b/e/7/f/be7f92f97716d9d0b9e8cf41c495f3410018a3c1_8cae793de5eb9c6eec03a30e57556a0a.webp", "openstreetmap_id": "way/307269204"}, "geometry": {"type": "Point", "coordinates": ["9.56289043463173", "46.9698635"]}}, {"type": "Feature", "properties": {"identifier": "6057b1e5-ffc5-41ec-bb0c-a38d37ebd0ee", "name": "Pizzeria Trattoria Mamma Rosa", "description": "Sehr gerne verw\u00f6hnen wir Sie in der Pizzeria Trattoria Mamma Rosa in Landquart. Geniessen Sie die cucina italiana und verbringen Sie einen gem\u00fctlichen Abend mit Ihren Freunden oder Ihrer Familie.\n\nWir servieren Ihnen leckere Pizze, typische Italienische Gerichte wie Spaghetti, Risotto und Gnocchi oder auch einheimische Spezialit\u00e4ten aus der Region Landquart / Graub\u00fcnden oder aus der Schweiz.\n\nBei sch\u00f6nem Wetter haben wir unsere Terrasse ge\u00f6ffnet. Tanken Sie ein wenig Sonne, w\u00e4hrend Sie bei uns einkehren und den Hunger stillen.", "url": "https://www.mammarosa.ch/", "image": "https://ostpimtsoch.sos-ch-dk-2.exoscale-cdn.com/catalog/0/1/a/5/01a5ecd2fddec8945d68eb5ec432e0f8b2c3f7fb_715bb40783d8aec008ae6263d5dd72d5.jpeg", "openstreetmap_id": "way/404769925"}, "geometry": {"type": "Point", "coordinates": ["9.566379390715284", "46.95350895"]}}, {"type": "Feature", "properties": {"identifier": "61b4fd52-1959-4256-ba60-677c5b00cc35", "name": "Krone Mosnang", "description": "<p>FEIERN Es freut uns sehr, mit dem neuen kroneSAAL viel Platz und moderne Gem&uuml;tlichkeit f&uuml;r gediegene Festlichkeiten im gr&ouml;sseren und kleineren Rahmen anbieten zu d&uuml;rfen. Ob Geburtstagsfest, Ap&eacute;ro, Familienfeier, Vereinstreffen oder Hochzeit - wir verw&ouml;hnen Sie rundum mit unseren saisonalen und regionalen Gerichten. TAGEN Die Krone Mosnang ist der ideale Ort f&uuml;r Tagungen, Seminare, Workshops oder Referate. Mit mehreren R&auml;umen unterschiedlichster Art und der neu erstellten kroneLODGE k&ouml;nnen wir Ihnen alles bieten, was Sie f&uuml;r Ihren Anlass ben&ouml;tigen. SCHLAFEN &Uuml;bernachten Sie in unserem modernen G&auml;stehaus, der kroneLODGE. In 10 gem&uuml;tlichen und stilvollen Zweibettzimmern bieten wir die ideale &Uuml;bernachtungsm&ouml;glichkeit. Tr&auml;umen Sie sch&ouml;n... Infrastruktur Zweir&auml;der: - Ladem&ouml;glichkeiten E-Bikes drinnen und draussen - kroneLODGE bietet abschliessbaren Veloraum mit Strom f&uuml;r Lodge G&auml;ste an.</p><p>&nbsp;</p><p>Auskunft zur Zug&auml;nglichkeit: <a href=\"https://www.ginto.guide/entries/3a1bf073-af40-4cd2-8f5f-7addd45a9a18?lnk_src=business\" target=\"_blank\" rel=\"noopener\">ginto</a></p>", "url": "http://www.kronemosnang.ch", "image": "https://ostpimtsoch.sos-ch-dk-2.exoscale-cdn.com/catalog/5/9/a/9/59a93a232cbb41845e601c43907bdb772b2934e6_576b3149d3eb8ddfe7035a97a6914cf3.jpg", "openstreetmap_id": "node/9038093055"}, "geometry": {"type": "Point", "coordinates": ["9.041178", "47.364081"]}}, {"type": "Feature", "properties": {"identifier": "6282ff01-9450-4dc6-9aa2-7b57b867cb8c", "name": "Bergrestaurant Iltios", "description": "<p>In der sch\u00f6nen Bergwelt des Iltios, in der Mitte des Klangweges und direkt an der Skipiste, auf einem sonnigen Plateau, steht das weitaus bekannte Bergrestaurant Iltios. Mit der grossz\u00fcgigen Terrasse von 300 Pl\u00e4tzen, angrenzend an unseren sch\u00f6nen Kinderspielplatz servieren wir Ihnen urchige Speisen. Im Restaurant verf\u00fcgen wir \u00fcber 70 Pl\u00e4tze, davon 30 mit direktem Ausblick auf den S\u00e4ntis und das Obertoggenburg. Im Panoramasaal stehen Ihnen 100 Pl\u00e4tze mit Rundsicht zur Verf\u00fcgung. Das Bergrestaurant Iltios ist barrierefrei zug\u00e4nglich.</p><p>\u00a0</p><p>Auskunft zur Zug\u00e4nglichkeit:\u00a0<a href=\"https://www.ginto.guide/entries/3f439469-8eb8-4327-a885-78ced67a2a94?lnk_src=business\">ginto</a></p>", "url": "https://www.chaeserrugg.ch/de", "image": "https://ostpimtsoch.sos-ch-dk-2.exoscale-cdn.com/catalog/5/2/c/4/52c441d190281d5a098028096f188849950b57f5_5e326b000067f5de83b4d35abe162eef.jpg", "openstreetmap_id": "node/243721697"}, "geometry": {"type": "Point", "coordinates": ["9.3125392", "47.1851567"]}}, {"type": "Feature", "properties": {"identifier": "62a09fc6-b880-447f-b32d-53329301fd81", "name": "Schl\u00f6ssli W\u00f6rth", "description": "<p>Das Angebot im Schl&ouml;ssli mit bester Aussicht auf den Rheinfall. Bei gutem Wetter k&ouml;nnen Sie auch auf der Terrasse geniessen. Unsere Karte bietet feine Klassiker &agrave; la carte, eine abwechslungsreiche Mittagskarte und saisonale Gerichte.</p>", "url": "https://erlebnis-rheinfall.ch/de/essen-trinken", "image": "https://ostpimtsoch.sos-ch-dk-2.exoscale-cdn.com/catalog/5/a/9/1/5a9138f57ced758c8eff7e6ad989394f0502bc1a_d122a4c3292a8dcc50ac830f8b216478.jpg", "openstreetmap_id": "way/32892935"}, "geometry": {"type": "Point", "coordinates": ["8.611907958984377", "47.677932767200886"]}}, {"type": "Feature", "properties": {"identifier": "65073e3d-6225-4569-b853-60811c612854", "name": "Gipfelrestaurant Ch\u00e4serrugg", "description": "<p>Ein Ort der Ruhe und des Genusses Hoch oben auf dem Ch\u00e4serrugg, dem \u00f6stlichsten der sieben Churfirsten, erwartet Sie das Gipfelrestaurant Ch\u00e4serrugg. Auf 2'262 Metern \u00fcber Meer bietet es nicht nur kulinarische H\u00f6hepunkte, sondern auch einen atemberaubenden Panoramablick \u00fcber sechs L\u00e4nder. Ob bei strahlendem Sonnenschein oder mystischem Nebel \u2013 hier erleben Sie eindr\u00fcckliche Momente inmitten der alpinen Landschaft. Architektur im Einklang mit der Natur Das von Herzog & de Meuron entworfene Gipfelgeb\u00e4ude f\u00fcgt sich harmonisch in die Bergwelt ein. Verwendet wurden unbehandelte H\u00f6lzer aus der Schweiz \u2013 Fichte und Esche \u2013 die der Architektur eine schlichte Eleganz und regionale Authentizit\u00e4t verleihen. Die grossz\u00fcgigen Fensterfronten er\u00f6ffnen spektakul\u00e4re Ausblicke, w\u00e4hrend die durchdachte Raumgestaltung sowohl R\u00fcckzugsorte als auch gesellige Pl\u00e4tze schafft. Rahmenprogramme f\u00fcr unvergessliche Erlebnisse Die Hochebene Rosenboden l\u00e4dt zu gem\u00fctlichen Wanderungen ein. Der Panoramarundweg bietet faszinierende Ausblicke auf \u00fcber 500 Berggipfel und den Walensee. F\u00fcr Interessierte werden Architekturf\u00fchrungen angeboten, die spannende Einblicke in die Entstehung und Gestaltung des Gipfelgeb\u00e4udes geben. Anreise \u2013 bequem und barrierefrei Die Anreise zum Ch\u00e4serrugg gestaltet sich komfortabel: Von Unterwasser gelangen Sie mit der Standseilbahn nach Iltios und von dort mit der Luftseilbahn direkt zum Gipfel. Beide Bahnen sind rollstuhlg\u00e4ngig, und auch das Gipfelgeb\u00e4ude.</p><p>Auskunft zur Zug\u00e4nglichkeit: <a href=\"https://www.ginto.guide/entries/2f369494-dd11-48ba-89d2-437c7260d357?lnk_src=business\" target=\"_blank\" rel=\"noopener\">ginto</a></p><p>\u00a0</p>", "url": "http://www.chaeserrugg.ch/", "image": "https://ostpimtsoch.sos-ch-dk-2.exoscale-cdn.com/catalog/d/b/1/d/db1d9804f26f2fd2a7f0861330b9d01fa68f4bd2_60a65379eeaf3aebb308b4c630663f42.jpg", "openstreetmap_id": "node/243721699"}, "geometry": {"type": "Point", "coordinates": ["9.312517031027447", "47.155192816331585"]}}, {"type": "Feature", "properties": {"identifier": "650b4a2f-a976-4104-a52f-a0bdc465879c", "name": "Bergtrotte Osterfingen", "description": "<p>Die Berg&shy;trotte Oster&shy;fin&shy;gen vereint regionale K&uuml;che mit der einzig&shy;ar&shy;ti&shy;gen Trotte aus dem Jahr 1584 und einem moder&shy;nen Neubau. &Uuml;ber die Kantons&shy;gren&shy;zen hinweg ist die Berg&shy;trotte bekannt als Loca&shy;tion f&uuml;r Hoch&shy;zei&shy;ten und Firmen&shy;an&shy;l&auml;sse. Kultu&shy;relle Veran&shy;stal&shy;tun&shy;gen wie Lesun&shy;gen, Jazz&shy;kon&shy;zerte oder Comedy f&uuml;llen die R&auml;ume und die Herzen. Erlebe und entde&shy;cke dieses Juwel, welches seit 1584 f&uuml;r den Schaff&shy;hau&shy;ser Weinbau steht! In der Berg&shy;trotte zele&shy;brie&shy;ren wir eine K&uuml;che, die Regio&shy;na&shy;li&shy;t&auml;t, Hand&shy;werk und krea&shy;tive Raffi&shy;nesse vereint. Unsere Philo&shy;so&shy;phie wurzelt in der Tradi&shy;tion, doch wir inter&shy;pre&shy;tie&shy;ren sie mit moder&shy;nen Einfl&uuml;s&shy;sen neu. Dabei setzen wir auf erst&shy;klas&shy;sige Zutaten &ndash; &uuml;ber 60 % stammen von Produ&shy;zen&shy;ten aus einem Umkreis von 20 km. So garan&shy;tie&shy;ren wir Frische, Saiso&shy;na&shy;li&shy;t&auml;t und eine enge Verbun&shy;den&shy;heit zur Natur.</p>", "url": "http://www.bergtrotte.ch/", "image": "https://ostpimtsoch.sos-ch-dk-2.exoscale-cdn.com/catalog/0/7/7/d/077d2331c645d5a9713601b69dd56266357efd3f_29909865c935d89991d2b342ad1f8fa8.jpg", "openstreetmap_id": "node/8112296019"}, "geometry": {"type": "Point", "coordinates": ["8.4840497", "47.6641684"]}}, {"type": "Feature", "properties": {"identifier": "675e3d05-7cbb-4103-b2c4-f0c745791ddf", "name": "Milchzentrale Bad Ragaz", "description": "Die Milchzentrale stellt einmalige Produkte selbst her, das hausgemachte Fondue, ausgezeichnet als bestes Fondue der Ostschweiz, die weitherum bekannte Glace und viele andere Spezialit\u00e4ten aus der Milchzentrale lassen das Herz jedes Gourmets h\u00f6her schlagen.", "url": "https://www.milchzentrale.ch", "image": "https://ostpimtsoch.sos-ch-dk-2.exoscale-cdn.com/catalog/0/f/9/2/0f92843c6e50c70170a191038bf893d7bac43ea2_72b5bb8f6971c59d74178951715ce278.jpg", "openstreetmap_id": "way/837636797"}, "geometry": {"type": "Point", "coordinates": ["9.502025842666628", "47.00303666086313"]}}, {"type": "Feature", "properties": {"identifier": "679203ce-81c2-4082-9801-5cd3e0cf6a34", "name": "Restaurant Pier", "description": "Ein k\u00fchler Drink oder ein heisses Getr\u00e4nk, eine kleine Zwischenmahlzeit oder ein gepflegtes Essen, im Restaurant Pier ist alles m\u00f6glich. Zu den Spezialit\u00e4ten geh\u00f6ren Felchenchnusperli, Hamburger, Diverse Salate und auch feine Weine. Eine sehr sch\u00f6ne Terrasse direkt am See mit einem Boots Steeg und sch\u00f6nen Sonnenunterg\u00e4ngen l\u00e4dt zum Verweilen ein.\nMit dem Velo, Motorrad, Auto oder zu Fuss bei uns sind alle G\u00e4ste willkommen.\n\n\nIm ersten Stock bietet das Restaurant einen mit allen technischen Hilfsmitteln ausgestatteten Sitzungs- und Tagungsraum f\u00fcr bis zu 25 Personen.", "url": "http://www.pier-uttwil.ch", "image": "https://ostpimtsoch.sos-ch-dk-2.exoscale-cdn.com/catalog/7/f/d/b/7fdbaaa063a7ce1f601b4471d4edc92374c480f1_cf37ab26a9873d097320fbc44c07e3d1.jpg", "openstreetmap_id": "node/503215526"}, "geometry": {"type": "Point", "coordinates": ["9.3429954", "47.5859876"]}}, {"type": "Feature", "properties": {"identifier": "68ba02d3-cccd-448e-98d9-7f1665542611", "name": "Gondelbar Pizol", "description": "Im Winter ist die Gondelbar der ideale Ort, um einen gelungenen Skitag ausklingen zu lassen! Geniesse das rustikale Ambiente und ein vielseitiges Angebot an Drinks, Shots, Bier, Caf\u00e9 und Tee, Limo\u2019s, Snacks und vielem mehr...\n\nIm Sommer bieten sich erfrischende Glac\u00e9s im gem\u00fctlichen Aussenbereich sowie Spielm\u00f6glichkeiten (Rolltoys) f\u00fcr Kinder. Die Gondelbar an der Talstation der Pizolbahnen in Bad Ragaz, ist im Sommer als auch im Winter der Ideale Treffpunkt mit Freunden und Bekannten - oder einfacher, ein Platz zum geniessen!", "url": "https://www.gondelbar-pizol.ch", "image": "https://ostpimtsoch.sos-ch-dk-2.exoscale-cdn.com/catalog/3/8/a/2/38a28695f9db3aa0de91ab6a8a41ac0e4ff647c2_2c9434f772bb9f09468af9765698be94.jpg", "openstreetmap_id": "node/558818427"}, "geometry": {"type": "Point", "coordinates": ["9.473363757133486", "47.0174567937065"]}}, {"type": "Feature", "properties": {"identifier": "68f8adaf-7cb4-4bce-b659-524cd9707ba2", "name": "Milchh\u00fcsli", "description": "<p>Das Milchh\u00fcsli bietet ein einzigartiges gastronomisches Erlebnis, inmitten des Naherholungsgebietes Drei Weieren, einem der sch\u00f6nsten Naturschwimmb\u00e4dern der Schweiz, umgeben von historischen Geb\u00e4uden. Die Geschichte des Milchh\u00fcsli reicht bis ins Jahr 1928 zur\u00fcck. Schon damals verk\u00f6stigte es durstige und hungrige Badeg\u00e4ste und Spazierg\u00e4nger bei den Drei Weieren. Im Milchhuesli das bei sch\u00f6nem Wetter im Sommer jeden Tag ge\u00f6ffnet hat, gibt es Glace, Backwaren, Kaffee, Getr\u00e4nke und Snacks. Besonders bekannt ist hier der Zimtkuchen.</p>", "url": "https://www.milch-huesli.ch/", "image": "https://ostpimtsoch.sos-ch-dk-2.exoscale-cdn.com/catalog/a/3/e/a/a3eadce778352472cacee672feaa8921fe8744e3_16e52a77efb603bf1741c878c9c4a899.jpg", "openstreetmap_id": "way/28466553"}, "geometry": {"type": "Point", "coordinates": ["9.38662648200989", "47.42140928038666"]}}, {"type": "Feature", "properties": {"identifier": "6964d85c-91e6-4a8b-948f-25020020bf18", "name": "HR Weine Lindenhof & Erlebnis Alte Dorfschmiede", "description": "<b>HR Weine</b>\nGerne k\u00f6nnen Sie bei uns die Weine degustieren oder einen Zwischenhalt einschalten.\nF\u00fcr einen Treff bis 20 Personen bitten wir um Anfrage.\n\n<b>Erlebnis Alte Dorfschmiede</b>\nGerne zeigen wir Ihnen als Detail die alte Dorfschmiede von Trasadingen.\n\n\nWir freuen uns auf Ihren Besuch.", "image": "https://ostpimtsoch.sos-ch-dk-2.exoscale-cdn.com/catalog/7/0/7/0/7070eb7d9252abea04cf0c241e4d8c502aaa3108_c7b374a57d50badf1d4c029675b4f7e6.jpg", "openstreetmap_id": "way/91986461"}, "geometry": {"type": "Point", "coordinates": ["8.43629885", "47.664375"]}}, {"type": "Feature", "properties": {"identifier": "6ac24ebb-5922-4166-aab0-1a068457159c", "name": "Slalom Bar Flumserberg", "description": "In der Slalom Bar treffen sich G\u00e4ste jeden Alters, ob einheimisch, Feriengast oder ganz einfach nur Musikfreund.\n\nBei Live-Musik ist Top-Stimmung garantiert. Erleben Sie selbst einen grossartigen Abend in rustikalem Ambiente bis zur sp\u00e4ten Stunde. Das Slalom Bar Team heisst Sie herzlichst willkommen. \n\nReservationen nehmen wir gerne unter Tel. 081 733 11 22 entgegen. Die reservierten Pl\u00e4tze m\u00fcssen bis 21.00 Uhr belegt sein.\n\n\u00d6ffnungszeiten (ab 12. Dezember 2025): Freitag und Samstag ab 20.30 Uhr", "url": "https://tannenboden.ch/slalom-bar/", "image": "https://ostpimtsoch.sos-ch-dk-2.exoscale-cdn.com/catalog/b/b/4/8/bb48b46f8bb9a2862ad52d1b4a6aa7bef6885ee4_8ff7a0c70861657248145d9b5540a72a.jpg", "openstreetmap_id": "node/11153427950"}, "geometry": {"type": "Point", "coordinates": ["9.2861663", "47.0930688"]}}, {"type": "Feature", "properties": {"identifier": "6af93391-5644-4d5b-ad56-2e93b5334059", "name": "Alprestaurant Babental", "description": "<p>Unsere Freude &uuml;ber diesen sch&ouml;nen Arbeitsplatz k&ouml;nnen wir am besten und ehrlichsten mit Motivation, Abwechslung und Tatendrang zum Ausdruck bringen. F&uuml;r uns steht Essen und Trinken im Mittelpunkt. Die Schweizer K&uuml;che bietet eine riesige Auswahl an Gerichten und Rezepten. Trendig, modern und den heutigen Anspr&uuml;chen gerecht, haben wir unsere Speise- und Getr&auml;nkekarten gestaltet. Wir backen unser Brot selbst und servieren Ihnen hausgemachte Kuchen, Rickli und Schnitten. Hausgemacht und frisch zubereitet zeichnet uns aus und bestimmt die Gestaltung unserer Speisekarte mit. Wir kaufen regional ein, wir kochen saisonal und wir nehmen R&uuml;cksicht.</p><p>Wollen Sie gepflegt und einfach &uuml;bernachten, dann sind Sie bei uns richtig: Ruhe, Natur und einen sehr hohen Erholungsfaktor bieten unsere Unterk&uuml;nfte. &Uuml;bernachtung von Donnerstag bis Montag.</p>", "url": "http://www.alprestaurant-babental.ch", "image": "https://ostpimtsoch.sos-ch-dk-2.exoscale-cdn.com/catalog/9/4/a/2/94a2f321f2be0eec96cda7a7a80282f314c4699f_b3227efdabf72bf56a93295ebbff84f0.jpg", "openstreetmap_id": "node/1508859253"}, "geometry": {"type": "Point", "coordinates": ["8.521912", "47.7449709"]}}, {"type": "Feature", "properties": {"identifier": "6bb6dbf3-673e-43ad-ac94-10881ad55812", "name": "Restaurant Alpegl\u00f6ggli", "description": "Im historischen Geb\u00e4ude von 1888 gelegen, bietet das Restaurant Alpegl\u00f6ggli in der St. Galler Altstadt regionale, saisonale K\u00fcche und herzliche Gastfreundschaft \u2013 perfekt als kulinarischer Teil des Stadterlebnisses.", "url": "https://alpegloeggli.ch/", "image": "https://ostpimtsoch.sos-ch-dk-2.exoscale-cdn.com/catalog/7/5/2/1/7521d2b670234033dd2f2b289fc0fd8e40b63067_0a1936d8bfc77b09a7528a3fd4ee716b.jpeg", "openstreetmap_id": "node/4092527005"}, "geometry": {"type": "Point", "coordinates": ["9.3762588", "47.4241353"]}}, {"type": "Feature", "properties": {"identifier": "6c257fff-284d-4e12-871c-4df7c8511c60", "name": "Schlossgut Gr\u00fcnenstein", "description": "Es ist der Rebberg mit seiner G\u00fcte, welcher die M\u00f6glichkeiten vorgibt. Jedes Werk braucht aber einen Meister \u2013 so sind die Weine vom Schlossgut Gr\u00fcnenstein ein Ausdruck von Pers\u00f6nlichkeit und Leidenschaft. \n\nDass aussergew\u00f6hnliche Architektur und Wein zusammengeh\u00f6ren, kann auf dem Schlossgut Gr\u00fcnenstein erlebt werden. Der neu ausgebaute Torkel und das Schloss untermalen die Kulisse f\u00fcr ein Erlebnis der anderen Art. Im Torkel werden die Weine von Schloss Gr\u00fcnenstein gekeltert und im uralten Burgunderkellergew\u00f6lbe ausgebaut. Auf Anfrage k\u00f6nnen im Torkel Degustationen und Anl\u00e4sse wie Hochzeiten, Geburtstage oder Firmenanl\u00e4sse durchgef\u00fchrt werden.", "url": "https://www.gruenenstein.ch/", "image": "https://ostpimtsoch.sos-ch-dk-2.exoscale-cdn.com/catalog/f/7/6/6/f7668a59b4fbb26167653f72a3d86f900cb3857f_bf4bdda59173eb7b522d335b429f8214.jpg", "openstreetmap_id": "way/39859117"}, "geometry": {"type": "Point", "coordinates": ["9.598696159423678", "47.40572958456"]}}, {"type": "Feature", "properties": {"identifier": "6c304c2f-8ca3-47ff-9077-415ce0d5fd9f", "name": "Speiserestaurant Adler", "description": "<p>Saisonal, regional, exotisch, einfach &amp; exquisit. Jeder Gast ist bei uns willkommen - Von der Jeanshose bis zur Krawatte...</p><p>Kapazit&auml;ten:</p><p>Wintergarten bis 100 Personen</p><p>Restaurant bis 60 Personen&nbsp;</p><p>Burgst&uuml;bli bis 30 Personen&nbsp;</p><p>Garten bis 200 Personen&nbsp;</p><p>Partyservice offen&nbsp;</p>", "url": "https://adler-oberriet.ch", "image": "https://ostpimtsoch.sos-ch-dk-2.exoscale-cdn.com/catalog/2/6/b/7/26b79585508ef8878c2c393ca1e03ebba93de83e_bbbedcc66fdf227483f70d53b370d47d.jpeg", "openstreetmap_id": "node/5146039644"}, "geometry": {"type": "Point", "coordinates": ["9.563205", "47.3169225"]}}, {"type": "Feature", "properties": {"identifier": "6e103d2a-5d54-4d19-85be-3e80086b9574", "name": "Restaurant 3 Linden (Dreilinden)", "description": "Im 3 Linden wird Schweizer K\u00fcche mit mediterranen Einfl\u00fcssen angeboten. Vielf\u00e4ltig mit Fleisch-, Fisch-, vegetarischen und veganen Gerichten. Die Gastgeber setzen auf auserlesene, frische Zutaten, saisonal und wenn immer m\u00f6glich regional.\n\nDer Ausblick vom Restaurant 3 Linden ist atemberaubend: Hoch \u00fcber St. Gallen schweift der Blick \u00fcber die malerische Altstadt und die sanften H\u00fcgel der Umgebung \u2013 ein Panorama wie ein Gem\u00e4lde.\n\nDas Ambiente l\u00e4dt mit  zum Verweilen ein. Ein Ort, der Genuss und Geborgenheit vereint.", "url": "https://www.3linden.ch", "image": "https://ostpimtsoch.sos-ch-dk-2.exoscale-cdn.com/catalog/e/5/4/6/e5462824ea88fad0e8a72b6ae48a8f25eac89e6b_3ebfa797ff104a46f057920a5d6245a6.jpg", "openstreetmap_id": "way/125682188"}, "geometry": {"type": "Point", "coordinates": ["9.389717103032659", "47.422942899999995"]}}, {"type": "Feature", "properties": {"identifier": "6e357f86-4627-4b67-bff5-19c3b2ae1856", "name": "Weinkellerei zum Hirschen", "description": "Wir sind stolz auf unsere Weine, weil sie einzigartig sind.\n\nUnser Familienbetrieb im \u201eHirschen\u201c \u2013 in der Mitte des sch\u00f6nen Klettgauer \nWinzerdorfs Osterfingen \u2013 ist das Haus qualitativ hochstehender Weine. \nWir verwenden unser ganzes K\u00f6nnen und unsere Kraft f\u00fcr die Pflege \nunserer Reben und f\u00fcr die Verarbeitung unserer Spezialit\u00e4ten im eigenen,\n modernen Kellereibetrieb. Als Selbstkelterer verarbeiten wir unseren \nEigenbau mit viel Liebe zu begehrten Spitzenprodukten.\n\n\u201eDas Bisherige in h\u00f6chster Qualit\u00e4t pflegen und immer wieder neue, naturnahe Produkte kreieren\u201c\u00a0 ist unser Credo im Weinbau.\n\nBesuchen Sie uns! Wir heissen Sie im Rebgut und in der Weinkellerei \u201eHirschen Osterfingen\u201c herzlich willkommen.", "url": "http://www.richli-hirschen.ch/", "image": "https://ostpimtsoch.sos-ch-dk-2.exoscale-cdn.com/catalog/7/5/9/e/759e97b8a487174cbec61b76c4e5d6a4a94014f3_b3ec0867deca48db001a7bf45c6dfd0c.jpg", "openstreetmap_id": "node/3197479546"}, "geometry": {"type": "Point", "coordinates": ["8.4885222", "47.6629301"]}}, {"type": "Feature", "properties": {"identifier": "6eafe152-c2b9-48d9-a643-c529b1e13860", "name": "Wirtschaft zum Gemsli", "description": "<p data-start=\"75\" data-end=\"348\">Die Wirtschaft zum Gemsli in Mels ist ein liebevoll gef&uuml;hrtes Restaurant, das f&uuml;r seine gem&uuml;tliche, rustikale Atmosph&auml;re gesch&auml;tzt wird. Das Lokal befindet sich an der Oberdorfstrasse 28 und ist sowohl bei Einheimischen als auch bei G&auml;sten aus der Region beliebt.</p><p data-start=\"350\" data-end=\"747\">Die Speisekarte umfasst eine Auswahl an Zwischenmahlzeiten wie den beliebten Gemsli-Toast, Sandwiches, Salsiz oder das traditionell &ouml;sterreichische Grammelschmalz-Brot, die mit frischen Zutaten aus der Region zubereitet werden. Besonders hervorzuheben ist die grosse Weinauswahl. Im jahrhundertealten Weinkeller lagern neben einheimischen Tropfen auch erlesene Weine aus der ganzen Welt.</p><p data-start=\"749\" data-end=\"1188\">Das Gemsli ist auch ein Ort f&uuml;r gesellige Anl&auml;sse wie Alpabfahrten, Fasnachtsfeiern oder lokale Feste, die regelm&auml;ssig organisiert werden. Auch ausserhalb der &Ouml;ffnungszeiten kann das Gemsli f&uuml;r eine Vielzahl von Anl&auml;ssen reserviert werden. Ob Geburtstagspartys, Hochzeitsap&eacute;ros, Polterabende, Konzerte &ndash; alles hat Platz im Gemsli. Das freundliche und herzliche Personal sorgt daf&uuml;r, dass sich die G&auml;ste rundum wohlf&uuml;hlen.</p><p data-start=\"1190\" data-end=\"1317\">Mit kostenlosen Parkpl&auml;tzen direkt vor dem Haus und einer guten Erreichbarkeit ist das Restaurant ideal f&uuml;r spontane Besuche.</p>", "url": "https://gemsli-mels.com/", "image": "https://ostpimtsoch.sos-ch-dk-2.exoscale-cdn.com/catalog/9/1/f/1/91f18f6fd423c713ce4e68e13c95a07125987bcd_cf8c9604b2c0e8bda2a67564da33a7c0.jpg", "openstreetmap_id": "relation/1683906"}, "geometry": {"type": "Point", "coordinates": ["9.417428970336916", "47.0452049697649"]}}, {"type": "Feature", "properties": {"identifier": "6f035391-5410-4097-ac10-eb426fd4f9cb", "name": "Bistro Golf Club Heidiland", "description": "Dieses sch\u00f6ne Fleckchen direkt bei den Golfpl\u00e4tzen des Golf Clubs Heidiland l\u00e4dt mit seiner grossz\u00fcgigen Terrasse zum Lunchen und Verweilen ein. Schmackhafte Gerichte, leichte Snacks oder einfach ein k\u00fchler Drink zum Feierabend? Das K\u00fcchenteam im Golfbistro freut sich auf Golfer und alle, die es in das gr\u00fcne Panorama zieht.", "url": "https://www.grandresort.ch/experience-golf/golf/bistro-heidiland", "image": "https://ostpimtsoch.sos-ch-dk-2.exoscale-cdn.com/catalog/0/6/c/b/06cb8d0b85b4b55ba7cfa335dfe75b243e1888fb_7eb2e61169d1001965310d8e79337a31.jpg", "openstreetmap_id": "relation/3297611"}, "geometry": {"type": "Point", "coordinates": ["9.516695028802676", "46.9975241"]}}, {"type": "Feature", "properties": {"identifier": "705ba7bc-9080-45fd-b887-337df1196c68", "name": "Gasthaus Bad", "description": "In den sanften H\u00fcgeln des Toggenburgs, umgeben von majest\u00e4tischen Bergen und \u00fcppigen W\u00e4ldern, liegt das Gasthaus Bad Hemberg wie ein verborgener Schatz. Die Geschichte dieses Gasthauses reicht weit zur\u00fcck, in eine Zeit, als Reisende noch auf Pferden ritten und die Wege durch die T\u00e4ler von Geschichten \u00fcber alte Sagen und Legenden erf\u00fcllt waren.\n\nHeute erwartet Sie Gastfreundschaft und gutb\u00fcrgerliches Essen im idyllisch gelegenen Gasthaus Bad Hemberg. Es gibt eine kleine, aber feine Men\u00fckarte mit frischen Zutaten aus der Region und einfache, preiswerte \u00dcbernachtungsm\u00f6glichkeiten.", "url": "https://www.gasthausbad-hemberg.ch/", "image": "https://ostpimtsoch.sos-ch-dk-2.exoscale-cdn.com/catalog/f/7/7/f/f77fb60898ad0ce972f2307afe85726c7946082a_37cc4b72b90e7b4fac7dc886ba2674c5.jpg", "openstreetmap_id": "way/122064417"}, "geometry": {"type": "Point", "coordinates": ["9.167572623149695", "47.2900226"]}}, {"type": "Feature", "properties": {"identifier": "708fc7f4-efb3-4f25-bdce-331b05030a80", "name": "G\u00fcterhof - Gastronomie am Rhein", "description": "Nach dem Umbau im Jahr 2019 erstrahlt der G\u00fcterhof in neuem Glanz: Das ehemalige Lagerhaus aus dem Jahr 1787 vereint Moderne und Tradition. Die historischen Grundmauern und die moderne Einrichtung verspr\u00fchen einen ganz speziellen Charme. Das Restaurant besticht durch seine grossz\u00fcgige Raumaufteilung mit verschiedenen Sitz- und Essbereichen und der grossen Bar.\n\nGeniessen Sie bei sch\u00f6nem Wetter Ihren Kaffee auf der grossz\u00fcgigen Terrasse direkt am Rheinufer. W\u00e4hlen Sie zum Lunch aus der Tageskarte oder eines der Mittagmenus und zum Dinner aus der vielf\u00e4ltigen Abendkarte. Es erwartet Sie eine regionale und saisonale K\u00fcche mit Schweizer Klassikern und Grillspezialit\u00e4ten. Die Highlights: der w\u00f6chentliche Sonntagsbrunch und K\u00e4sefondue (November bis Februar).\n\nBekannt ist der G\u00fcterhof aber auch als Event Location f\u00fcr Privat- und Gesch\u00e4ftsanl\u00e4sse, Seminare und Hochzeiten. Reservieren Sie einen Bereich im Restaurant oder auf der herrlichen Terrasse. F\u00fcr einen gr\u00f6sseren Anlass den G\u00fcterhof-Saal (ca. 30 \u2013 85 Personen) mit der Balkendecke und den Holzs\u00e4ulen. Der \u00fcberdachte Innenhof kann mitbenutzt oder dazu gemietet werden. \n\nTauchen Sie ein in die einmalige Atmosph\u00e4re des G\u00fcterhofs und erleben Sie die Vielseitigkeit dieses Restaurants in Schaffhausen am Rheinufer.", "url": "http://www.gueterhof.ch/", "image": "https://ostpimtsoch.sos-ch-dk-2.exoscale-cdn.com/catalog/5/4/2/7/54272ab12e33cc7cfb4b58ca833464fdd252bc68_26bcf2d9e4a30f2347cfe1872a844412.jpg", "openstreetmap_id": "node/274768323"}, "geometry": {"type": "Point", "coordinates": ["8.6412581", "47.6955227"]}}, {"type": "Feature", "properties": {"identifier": "70d2b4d3-c124-4f0b-bd1a-67a74975f4a7", "name": "Bioweingut Lenz", "description": "Das Bioweingut Lenz gewinnt regelm\u00e4ssig Auszeichnungen und Preise f\u00fcr seine Bioweine. Diese k\u00f6nnen aber nicht nur bei Wettbewerben, sondern auch direkt auf dem Weingut in Iselisberg degustiert und gekauft werden.  Bei einer 1.5 st\u00fcndigen Betriebsf\u00fchrung mit anschliessender Weindegustation erfahren die G\u00e4ste Interessantes \u00fcber das Bioweingut, die Philosophie und das Nachhaltigkeitskonzept des Betriebes.\n\nF\u00fcr Gruppen bietet die Erlebniskellerei diverse M\u00f6glichkeiten: Betriebsrundg\u00e4nge, gef\u00fchrte Degustationen oder Bankette im sch\u00f6nen Eventraum f\u00fcr bis zu 80 Personen.", "url": "http://www.weingut-lenz.ch/", "image": "https://ostpimtsoch.sos-ch-dk-2.exoscale-cdn.com/catalog/4/c/1/4/4c14b56ec30ae0a6bd72267bad91f585dbb593e9_d908d712e682ad7b7a5fd3ea02befdbc.jpg", "openstreetmap_id": "307324639.0"}, "geometry": {"type": "Point", "coordinates": ["8.8288048", "47.5870214"]}}, {"type": "Feature", "properties": {"identifier": "7202273f-3a34-4537-9832-222394d2512e", "name": "DOCKeins Hafenbeiz", "description": "Erfrischende Drinks, auserlesene Weine, ein k\u00fchles Bier, etwas Prickelndes ohne Alkohol! Oder doch lieber Kaffee oder Tee? Im DOCKeins findet man einiges gegen den Durst. Dazu erwarten die G\u00e4ste feine Kleinigkeiten: Schweizer Fischknusperli, verschiedene hausgemachte Dinkelschiffli oder ein Ap\u00e9ro-Pl\u00e4ttli. Desserts, Glac\u00e9es oder Schleckereien f\u00fcr die kleinen G\u00e4ste findet man nat\u00fcrlich auch. Sollte mal kein freies Pl\u00e4tzchen zu finden sein, das Food- und Drinkangebot gibt es auch \u00abto go\u00bb - und das nat\u00fcrlich in \u00f6kologischem Einweggeschirr aus kompostierbarem Biokunststoff oder Reststoffen der Zuckerproduktion.", "url": "https://dockeins.ch/", "image": "https://ostpimtsoch.sos-ch-dk-2.exoscale-cdn.com/catalog/d/6/7/2/d67234f3b9c34426ac1e0c46ddcd67d990ed9823_b54a51c8e3674cf4d1141d019b2c61a4.jpeg", "openstreetmap_id": "node/10095103696"}, "geometry": {"type": "Point", "coordinates": ["9.4380174", "47.5138088"]}}, {"type": "Feature", "properties": {"identifier": "7239a1dc-0658-4320-be22-990fa09741b2", "name": "Genuss-Erlebnis Bier und K\u00e4se", "description": "<p>Erfahrene Bier- und K&auml;se-Sommeliers f&uuml;hren dich durch die Welt der Sch&uuml;tzengarten Biere, erkl&auml;ren die Geschichte der &auml;ltesten Brauerei der Schweiz sowie die Herstellungsprozesse der verschiedensten Bierstile.&nbsp;</p><p>Im Rahmen der Degustation wirst du rund zehn verschiedene Biere probieren, die mit sorgf&auml;ltig ausgew&auml;hlten K&auml;sesorten kombiniert werden. Die Sommeliers geben wertvolle Tipps, wie die Aromen von Bier und K&auml;se ideal zur Geltung kommen und sich harmonisch erg&auml;nzen.</p><p>Lerne, wie die Biere richtig ausgeschenkt werden, um ihr volles Aroma zu entfalten. Erweitere dein Wissen &uuml;ber die Kunst der Bier- und K&auml;sekombination und lasse dich von neuen Perspektiven auf diese beiden Genussmittel inspirieren. Ein Event f&uuml;r alle, die sowohl Bier als auch K&auml;se sch&auml;tzen und sich gerne kulinarisch verw&ouml;hnen lassen.&nbsp;</p>", "url": "https://www.schuetzengarten.ch", "image": "https://ostpimtsoch.sos-ch-dk-2.exoscale-cdn.com/catalog/1/b/b/6/1bb6fb42450f208a7495bf56a73d38b3f9886936_20d059de8dad9244cea8e0846256327b.jpg", "openstreetmap_id": "node/7193106970"}, "geometry": {"type": "Point", "coordinates": ["9.3792971", "47.4299863"]}}, {"type": "Feature", "properties": {"identifier": "7253eb13-aa2c-4cb7-b1ec-f657676d1f92", "name": "Rathauskeller Mels - Weinlokal", "description": "<p class=\"MsoNoSpacing\"><span lang=\"DE-CH\" style=\"mso-bidi-font-size: 10.0pt;\">Verweilen Sie in unserem charmanten Gew\u00f6lbekeller mitten im Herzen von Mels \u2013 an einem Ort, an dem Geschichte, Gem\u00fctlichkeit und Genuss zusammenfinden. In entspannter Atmosph\u00e4re bei einem feinen Glas Melser Wein und kleinen, liebevoll zubereiteten kulinarischen K\u00f6stlichkeiten l\u00e4sst sich dem Alltag wundervoll entfliehen.</span></p><p class=\"MsoNoSpacing\"><span lang=\"DE-CH\" style=\"mso-bidi-font-size: 10.0pt;\">Kommen Sie vorbei \u2013 entdecken, geniessen und verweilen Sie! Wir freuen uns auf Ihren Besuch.</span></p><p class=\"MsoNoSpacing\"><span lang=\"DE-CH\" style=\"mso-bidi-font-size: 10.0pt;\">Feiern Sie im besonderen Ambiente. Unsere R\u00e4ume bieten Platz f\u00fcr bis zu 50 Personen. Ideal f\u00fcr Geburtstage, (Hochzeits-)Ap\u00e9ros oder einfach ein gutes Glas Wein mit Freunden. Ob ein gem\u00fctlicher Ap\u00e9ro oder ein genussvolles, mehrg\u00e4ngiges Men\u00fc \u2013 wir gehen gerne auf Ihre W\u00fcnsche ein und gestalten Ihr Fest ganz nach Ihren Vorstellungen mit ehrlicher und gutb\u00fcrgerlicher K\u00fcche sowie viel Liebe zur Region.</span></p><p class=\"MsoNoSpacing\"><strong><span lang=\"DE-CH\" style=\"mso-bidi-font-size: 10.0pt;\">Weingenuss f\u00fcr Zuhause \u2013 unsere Vinothek</span></strong></p><p class=\"MsoNoSpacing\"><span lang=\"DE-CH\" style=\"mso-bidi-font-size: 10.0pt;\">In unserer Vinothek trifft Genuss auf Kompetenz und Leidenschaft. F\u00fcr eine pers\u00f6nliche Weinberatung besuchen Sie uns doch in unserer\u00a0<u>Vinothek</u> oder bestellen Sie erlesene Weine, Edelbr\u00e4nde oder unseren alkoholfreien Trubetau direkt im Online-Shop.</span></p>", "url": "https://www.rathauskellermels.ch/", "image": "https://ostpimtsoch.sos-ch-dk-2.exoscale-cdn.com/catalog/0/9/2/7/0927489855c40e703b1b5c3c91bf00c4222e7e73_7c0142b768df4d02f5ce509a4d1ca028.jpg", "openstreetmap_id": "way/410664274"}, "geometry": {"type": "Point", "coordinates": ["9.419257", "47.0466979"]}}, {"type": "Feature", "properties": {"identifier": "72d7a02c-1690-4dad-87b9-d029ced5ee85", "name": "Caf\u00e9 Central", "description": "Wir sind ein willkommenes Ausflugsziel und ein Treffpunkt f\u00fcr Wanderer, Velo- und T\u00f6fffahrer sowie Familien im sonnenverw\u00f6hnten Kirchberg. Wir fertigen die ortsbekannten Desserts und Bircherm\u00fcsli nach traditionellen Rezepten selbst. Das Caf\u00e9 Central ist ein Ort der pers\u00f6nlichen Begegnungen, des Austauschs und der Geselligkeit. Bei uns geniessen Sie eine entspannte Zeit bei Zn\u00fcni, Mittagessen, Kaffee &amp; Kuchen, einem s\u00fcssen oder salzigen Zvieri. Auch unser Brunch und unsere Anl\u00e4sse sind einen Besuch wert.", "url": "https://central-kirchberg.ch", "image": "https://ostpimtsoch.sos-ch-dk-2.exoscale-cdn.com/catalog/a/9/0/6/a906853583f90a60c0a2af3b3a929679f925b6eb_943a2c909db5b1d49be221197879881b.jpg", "openstreetmap_id": "way/443221415"}, "geometry": {"type": "Point", "coordinates": ["9.039407547862178", "47.4111488"]}}, {"type": "Feature", "properties": {"identifier": "72ed6fb8-7040-4105-af68-95fe4f179c85", "name": "Buurebeizli Dergeten", "description": "<p>Die K&auml;sekn&ouml;pfli und der selbstgemachte Eistee von Familie Stauffacher haben sich herumgesprochen. Einheimische wie ausw&auml;rtige Besucher finden sich im &laquo;Buurebeizli Dergeten&raquo; zu einem guten Essen ein. Die Gastwirtschaft ist rustikal mit Spielplatz und Buurehof zum Aluege. Buchbar: Ganzj&auml;hrig per Telefon oder Mail, Personen: Innen 40 / Aussen 50</p><p>&nbsp;</p><p>Auskunft zur Zug&auml;nglichkeit: <a href=\"https://www.ginto.guide/entries/a190756a-143d-48c4-a940-8dbf4a97b916?lnk_src=business\" target=\"_blank\" rel=\"noopener\">ginto</a></p>", "url": "http://www.buurebeizli-dergeten.ch", "image": "https://ostpimtsoch.sos-ch-dk-2.exoscale-cdn.com/catalog/c/4/2/6/c42668c2c30df35efcf73be17e2b00eb23490477_2c02eb2545889018404399fbad4c861b.JPG", "openstreetmap_id": "5696182430"}, "geometry": {"type": "Point", "coordinates": ["9.1897258", "47.1932008"]}}, {"type": "Feature", "properties": {"identifier": "737b0e91-3075-4c16-bd8b-ced8071505dd", "name": "B\u00e4ckerei-Konditorei am Schaubmarkt", "description": "<p>Unsere Gesch&auml;ftsliegenschaft stammt aus dem Jahr 1677 und wurde mit einigen Unterbr&uuml;chen seit jeher als B&auml;ckerei genutzt. UrDinkel nimmt in unserer Backstube eine Sonderrolle ein, wir haben uns im Verlauf der Jahre als UrDinkel-Spezialist etabliert. Unser Angebot umfasst viele verschiedene K&ouml;stlichkeiten wie Guetzli, Riegel oder Fr&uuml;chtebrote. An UrDinkel K&uuml;rbiskern-Bibern haben vor allem jene Fans von gef&uuml;llten Bibern grosse Freude, welche N&uuml;sse oder Mandel aus gesundheitlichen Gr&uuml;nden nicht vertragen. Daf&uuml;r werden ausschliesslich K&uuml;rbiskerne von Schaffhauser Bauern verwendet, den einzigen Schweizer K&uuml;rbiskern-Produzenten. Unsere Pr&auml;senz an der BEA in Bern ist bereits zur Tradition geworden. Wir geh&ouml;ren zu den Gr&uuml;ndungsmitgliedern von Naturel und allen Vorg&auml;nger-Organisationen und sind als B&auml;cker-Vertreter im Vorstand der IG Dinkel engagiert.</p>", "url": "http://www.urdinkel.ch/de/shop/lieferanten/baeckerei-am-schaubmarkt", "image": "https://ostpimtsoch.sos-ch-dk-2.exoscale-cdn.com/catalog/c/a/f/8/caf81a7d9e97393d95e11a21b7838fc1edf1d0a7_d0dc50ce255f968e2ba15306d3f10483.jpg", "openstreetmap_id": "node/1580046200"}, "geometry": {"type": "Point", "coordinates": ["8.8584849", "47.6594791"]}}, {"type": "Feature", "properties": {"identifier": "7447cf6a-62b3-4646-9320-0c4e8d25ebf4", "name": "Seerestaurant Buchhorn", "description": "<p>Mit viel Engagement wird das Seerestaurant Buchhorn im Strandbad Arbon betrieben. Neben der Speisekarte sorgen die t&auml;glich wechselnden Mittagsmen&uuml;s f&uuml;r Abwechslung auf dem Esstisch und der vielf&auml;ltigen Auswahl am Buffet kann niemand widerstehen. Zur Spezialit&auml;t des Hauses geh&ouml;ren die feinen Fischknusperli sowie der unverwechselbare Buchhorn-Burger.</p><p>Das Restaurant Buchhorn in Arbon erfrischt auch als vielseitige Anlage f&uuml;r Feste.&nbsp; Neben dem t&auml;glichen Betrieb ist das Seerestaurant Buchhorn auch die perfekte B&uuml;hne f&uuml;r gediegene, festliche Begegnungen jeglicher Art. Es gibt wenige Orte, die sich f&uuml;r ein Fest so ideal eignen wie dieses einzigartige Bijou. Direkt am See gelegen l&auml;sst es sich auf vielf&auml;ltige Weise bespielen.</p><p>Das Seerestaurant Buchhorn ist ein tolles Ausflugsziel und liegt an diversen Velo- und Wanderwegen.</p>", "url": "https://seerestaurant-buchhorn.ch/", "image": "https://ostpimtsoch.sos-ch-dk-2.exoscale-cdn.com/catalog/8/c/a/a/8caa4162c3df23ee87f275b72b13265293cb6932_39552eda632a6b93fee6114c14bbbb20.jpg", "openstreetmap_id": "way/25650032"}, "geometry": {"type": "Point", "coordinates": ["9.4196373", "47.5254529"]}}, {"type": "Feature", "properties": {"identifier": "74cd3364-abba-430a-a6f0-f567a0c3eb80", "name": "Hertihof Besenbeiz", "description": "Der Bauernhof mit Besenbeiz im B\u00fcndner Rheintal steht f\u00fcr fadengrad ehrliche Gastronomie. Nix schnick, nix schnack: einfaches, stilvolles Ambiente. Gute Produkte. Und Menschen die gerne Menschen haben. Unter dem Motto vom \u00abSchw\u00e4nzli bis zum Schn\u00f6rrli\u00bb kommen hochwertige Produkte vorwiegend vom eigenen Hof/Feld auf den Tisch. Aus Respekt vor dem Tier landen nicht nur die edlen St\u00fccke auf dem Teller der G\u00e4ste, sondern gut und gerne auch mal ein Voressen, Siedfleisch oder Haxen. Herrlicher Aussenbereich mit viel Platz zum Sein, auch f\u00fcr Kinder. Hunde sind gerne gesehen, wenn sie keine Angst daf\u00fcr aber Respekt vor unseren Tieren haben.", "url": "https://www.hertihof.ch/", "image": "https://ostpimtsoch.sos-ch-dk-2.exoscale-cdn.com/catalog/c/1/b/d/c1bd947e163094dc66be9cd4618c88aae51f0a8f_72c84c4bd129bbe2483c8c346339bb76.jpg", "openstreetmap_id": "way/161757237"}, "geometry": {"type": "Point", "coordinates": ["9.5478175", "46.9243919"]}}, {"type": "Feature", "properties": {"identifier": "753c734e-963f-4b8b-ae3a-21fd0ae8bbc7", "name": "Weingut Schloss Salenegg", "description": "Schloss Salenegg, das \u00e4lteste Weingut Europas\n\nSeit 1068 wird auf Schloss Salenegg Wein angebaut und seit 1654 ist Schloss Salenegg im Besitz der Familie Gugelberg von Moos. Von Generation zu Generation wurde mit Mut und Weitsicht Wissen und Erfahrung weitergeben, zusammen mit einem tiefen Respekt f\u00fcr die Natur. Alle Erzeugnisse von Schloss Salenegg - der Wein, die Destillate, der Delikat Essig und das kaltgepresste \u00d6l - werden mit Liebe, Fleiss und K\u00f6nnen naturnah an- und ausgebaut.\n\nIm Jahr 2020 wurde von Helene von Gugelberg die gr\u00f6sste Umstrukturierung des Weinbaus seit 1906 in die Wege geleitet. Neben Blauburgunder und Chardonnay wurden im Fr\u00fchjahr 2021 die pilzwiderstandsf\u00e4higen Sorten, Sauvignac und Cabernet blanc gepflanzt. Die neu angelegten Rebberge sind so gestaltet, dass sie eine gr\u00f6sstm\u00f6gliche Biodiversit\u00e4t erlauben und die maschinellen Arbeiten zu einem sp\u00e4teren Zeitpunkt durch autonome Fahrzeuge ausgef\u00fchrt werden k\u00f6nnen. Das Weingut wurde per 2025 an Markus von Gugelberg \u00fcbergeben. Auch der Sohn von Helene von Gugelberg f\u00fchrt die lange Tradition auf Schloss Salenegg, dem \u00e4ltesten Weingut Europas, weiter mit dem Ziel der steten Ausrichtung auf den neusten Stand der Nachhaltigkeit.", "url": "http://www.schloss-salenegg.ch/", "image": "https://ostpimtsoch.sos-ch-dk-2.exoscale-cdn.com/catalog/a/8/1/4/a8146fa146eb5bff9941b75537e254ca430ff36e_a03f583130d3f6137a83f511eaaede56.jpg", "openstreetmap_id": "way/133620487"}, "geometry": {"type": "Point", "coordinates": ["9.52847515363829", "47.01073565"]}}, {"type": "Feature", "properties": {"identifier": "7649439a-3c24-4b49-9cbb-ddec6b477775", "name": "Restaurant Engel Herisau", "description": "<p><span style=\"font-size: 12.0pt; line-height: 115%; font-family: 'Aptos',sans-serif; mso-ascii-theme-font: minor-latin; mso-fareast-font-family: Aptos; mso-fareast-theme-font: minor-latin; mso-hansi-theme-font: minor-latin; mso-bidi-font-family: Arial; mso-bidi-theme-font: minor-bidi; mso-ansi-language: DE-CH; mso-fareast-language: EN-US; mso-bidi-language: AR-SA;\">Im &laquo;Engel&raquo; </span>treffen sich Handwerker zum Zn&uuml;ni. Am Mittag werden Tagesmen&uuml;s zu moderaten Preisen serviert &ndash; inklusive Salat und Suppe. Nachmittags geniessen Wanderer einen Zvieri oder Coupe mit saisonalen Fr&uuml;chten. Am Abend lassen sich Familien zum Nachtessen nieder, und Vereine aus Herisau und Umgebung genehmigen sich nach Training oder Probe einen Absacker.</p><p class=\"MsoNormal\">Und wen der Hunger plagt, dem zaubert unser Koch Hampi auch zu sp&auml;ter Stunde etwas Gluschtiges auf den Teller.</p><p class=\"MsoNormal\">Anl&auml;sse sind im Saal bis zu 40 Personen durchf&uuml;hrbar.&nbsp;</p>", "url": "https://www.engel.rest/", "image": "https://ostpimtsoch.sos-ch-dk-2.exoscale-cdn.com/catalog/f/3/c/2/f3c28c7c4be601a003bd86f47a5cebf89ec599d8_76805514332ff480ec02ad7ce6ff8abf.jpg", "openstreetmap_id": "node/9364646672"}, "geometry": {"type": "Point", "coordinates": ["9.2603454", "47.3889704"]}}, {"type": "Feature", "properties": {"identifier": "77a2324d-00a4-4f32-8c3e-433cd2d6e51b", "name": "Weingut Donatsch & Winzerstube \"zum Ochsen\"", "description": "Ein Besuch in der historischen Arvenstube der \u00abWinzerstube zum Ochsen\u00bb in Malans ist ein bleibendes Erlebnis f\u00fcr alle Sinne.\nIn stilvoller Atmosph\u00e4re geniessen Sie regionale Spezialit\u00e4ten, begleitet von erlesenen Weinen aus dem eigenen Weingut Donatsch.\n\nDie Donatsch-Weine k\u00f6nnen in der Winzerstube auch nach eigener Auswahl als Degustationsbrett zur individuellen Weinverkostung bestellt werden.\n\nDie kleine, feine Speisekarte setzt bewusst auf Qualit\u00e4t statt Quantit\u00e4t:\nHausgemachte Gerstensuppe, eine w\u00e4hrschafte Wurst, B\u00fcndnerplatte mit luftgetrockneten Fleischspezialit\u00e4ten und ein gut gereifter K\u00e4se.\n\nDie 1926 erbaute B\u00fcndnerstube mit ihrem ber\u00fchmten blauen Kachelofen l\u00e4dt besonders im Winter zum Verweilen ein.\nAn sonnigen Tagen geniessen Sie auf dem Balkon den Blick \u00fcber die D\u00e4cher von Malans bis in die B\u00fcndner Berge.\n\nF\u00fcr Weinbegeisterte erwartet Sie in der Vinothek eine aussergew\u00f6hnliche Auswahl an Spitzenweinen:\nJahrg\u00e4nge aus dem Weingut Donatsch, Weine ausgew\u00e4hlter Winzer aus der B\u00fcndner Herrschaft sowie grosse Klassiker aus Bordeaux, Burgund und weiteren europ\u00e4ischen Regionen.\n\u00dcber 200 Positionen liegen zur Auswahl bereit, darunter gesuchte Rarit\u00e4ten.\n\nWeinkenner sind hier im Paradies \u2013 und haben die Qual der Wahl.", "url": "http://www.donatsch-malans.ch", "image": "https://ostpimtsoch.sos-ch-dk-2.exoscale-cdn.com/catalog/b/5/5/0/b5501b8f0547a2a0783cfdcf753e1c1c74d951e2_8c7732b8ab4b5a66ee7e6b4f2a82ec74.jpg", "openstreetmap_id": "way/232221793"}, "geometry": {"type": "Point", "coordinates": ["9.576973", "46.9816203"]}}, {"type": "Feature", "properties": {"identifier": "7ae09e3b-e168-4a38-8ee6-e844aa731baf", "name": "Rohners Kafi M\u00fchlegg", "description": "<p>Rohners Kafi M&uuml;hlegg ist der Treffpunkt im Dorf f&uuml;r die Kaffeepause, ein gutb&uuml;rgerliches Mittagessen oder einfach zum gem&uuml;tlichen Beisammensein. An der Verkaufstheke wird Knuspriges aus dem Ofen, Snacks, Salate, Mittagsmen&uuml;s to go, s&uuml;sse Backwaren, Tortenst&uuml;cke und Schokoladenspezialit&auml;ten angeboten. Im stilvollen und gem&uuml;tlichen Restaurant k&ouml;nnen die G&auml;ste K&ouml;stlichkeiten aus K&uuml;che und Backstube geniessen. Die grossz&uuml;gige Sonnenterrasse, mit Blick auf den M&uuml;hleggweiher, l&auml;dt bei sch&ouml;nem Wetter zum Verweilen ein.</p>", "url": "https://rohners-genusswelt.ch", "image": "https://ostpimtsoch.sos-ch-dk-2.exoscale-cdn.com/catalog/f/5/a/7/f5a7c67b14f736c15f86ef0f9ff842f50c843db5_b54871345e88d422e54d990493da2289.JPG", "openstreetmap_id": "way/125392585"}, "geometry": {"type": "Point", "coordinates": ["9.3795153", "47.4192483"]}}, {"type": "Feature", "properties": {"identifier": "7d14c721-8330-4cb6-9f02-8e64b3cd5250", "name": "Bistro Hafen West", "description": "Das im Mai 2023 neu er\u00f6ffnete Bistro liegt direkt am Ufer des Walensees. Der freie Blick von der Sonnenterrasse auf den See und die Churfirsten ist atemberaubend.\nVielf\u00e4ltiger Genuss zeichnet unser Selbstbedienungs-Bistro aus: \nGeniessen sie einen erfrischenden Aperitif, den AngusBeefBurger mit knackigen Salaten, oder bei einem Glas Wein die fantastische Naturkulisse und mit etwas Gl\u00fcck einen spektakul\u00e4ren Sonnenuntergang.", "url": "https://www.bistrohafenwest.ch/", "image": "https://ostpimtsoch.sos-ch-dk-2.exoscale-cdn.com/catalog/6/0/d/f/60dff4fffa5835be568f691fdb0edd9aac19b4d2_f1b7fcb4488a5a7811028242c6bdb3ab.jpg", "openstreetmap_id": "way/413053136"}, "geometry": {"type": "Point", "coordinates": ["9.285898174697886", "47.113664299999996"]}}, {"type": "Feature", "properties": {"identifier": "7e77fc5b-c5a8-4254-91e5-23f131c601a0", "name": "Restaurant Krone Ennetb\u00fchl", "description": "<p>Bei uns k&ouml;nnen Sie ein preiswertes Mittagsmenu, etwas aus der Speisekarte, einen feinen Coupe oder den wohlverdienten Feierabend geniessen. Wir pflegen gerne den Kontakt mit unseren G&auml;sten, denn Ihr Wohl ist uns wichtig. Mit unseren verschiedenen R&auml;umlichkeiten haben wir f&uuml;r jeden Anlass das richtige Angebot. Daf&uuml;r stellen wir Ihnen gerne passende Menuvorschl&auml;ge zusammen, bei welchen wir immer grossen Wert auf Qu&auml;lit&auml;t und Regionalit&auml;t legen.&nbsp;</p><p>Wir freuen uns &uuml;ber Ihren Besuch!</p>", "url": "http://www.krone-ennetbuehl.ch/", "image": "https://ostpimtsoch.sos-ch-dk-2.exoscale-cdn.com/catalog/7/4/d/8/74d8b3c6302dd6acd31b2d8de2ebee45dc7f2469_02af3d4e8ad43d36ee4c3eaa44ba1643.jpg", "openstreetmap_id": "node/220648991"}, "geometry": {"type": "Point", "coordinates": ["9.21149", "47.24076"]}}, {"type": "Feature", "properties": {"identifier": "812799e4-ea6b-4fe5-bb5d-199317306255", "name": "BBC Butterbarcafe", "description": "Der grosse Stolz ist die zw\u00f6lf Meter lange Bar, die von vier Seiten aus bedient wird. Lange Wartezeiten sind (fast) ausgeschlossen und innerhalb kurzer Zeit sind alle G\u00e4ste bedient. Das BBC ist zweist\u00f6ckig und bietet Indoor sechs Barstationen und chillige Sofas f\u00fcr eine gem\u00fctliche Atmosph\u00e4re.\n\nDer Palmengarten ist 400 Quadratmeter gross und vom Fr\u00fchling bis in den Sp\u00e4therbst ge\u00f6ffnet. Im Garten hat es sechs Barstationen und in vier Metern H\u00f6he ist eine 12m2 LED-Wand installiert, auf der alle Spiele des FC St. Gallen und andere Sportanl\u00e4sse \u00fcbertragen werden.\n\nSpielm\u00f6glichkeiten sind Tischfussball, Billard, Mini-Tischtennis, Dart und Flipper. Zudem stehen Beer-Pong-Tische zur Verf\u00fcgung, spielen macht ja bekanntlich durstig.\n\nDer Eintritt ins BBC ist kostenlos.", "url": "https://bbcgossau.ch/", "image": "https://ostpimtsoch.sos-ch-dk-2.exoscale-cdn.com/catalog/a/4/8/7/a4877b9057d22694010ece5daa9bb941b8afa004_25ff2423a1e663374030204c1646246d.jpeg", "openstreetmap_id": "node/504009113"}, "geometry": {"type": "Point", "coordinates": ["9.255978763103487", "47.41194494693052"]}}, {"type": "Feature", "properties": {"identifier": "818cde20-2421-4bc5-83bc-ca0617bf7565", "name": "D'Chuchi", "description": "<p>&laquo;D'Chuchi&raquo; steht f&uuml;r Produkte, die auch bei uns zu Hause auf den Tisch kommen w&uuml;rden - die man aber noch lange nicht &uuml;berall findet, f&uuml;r junge und innovative Ideen sowie f&uuml;r regionale Verankerung, die sich gerne international inspirieren l&auml;sst. Unsere Karte wechselt jeden Monat und passt sich der Saison an. Das Ziel ist es, unseren G&auml;sten die ungezwungene Atmosph&auml;re der heimischen K&uuml;che zu erm&ouml;glichen - kombiniert mit dem Genuss, sich im Restaurant verw&ouml;hnen zu lassen.</p>", "url": "http://www.dchuchi.ch/", "image": "https://ostpimtsoch.sos-ch-dk-2.exoscale-cdn.com/catalog/1/e/0/7/1e073daf957d0b6e2b3fa5972933eb7d204c6ac5_e391e1a73b8276cc023f5a138151a6a8.jpg", "openstreetmap_id": "node/2288101397"}, "geometry": {"type": "Point", "coordinates": ["8.6376191", "47.6960548"]}}, {"type": "Feature", "properties": {"identifier": "8220066b-68aa-4ce5-927e-d609b8f0ff53", "name": "Beckenburg das Restaurant", "description": "Bei uns in der Beckenburg das Restaurant setzen wir auf marktfrische, innovative K\u00fcche. Aus gesunden Lebensmitteln bereiten wir kreative K\u00f6stlichkeiten zu. In der Beckenburg werden mit wenigen Ausnahmen alle Speisen hausgemacht. Regional, frisch &amp; authentisch ist unser Motto.\nAuch in der Weinkarte ist die Vielfalt gross und l\u00e4dt zum geniessen ein. Lassen Sie sich \u00dcberraschen bei uns in Schaffhausen!\n\nVom Fest hin bis zu einem sch\u00f6nen Bankett mit Ihrer Gesellschaft. Fast alles ist m\u00f6glich &amp; wir w\u00fcrden uns sehr freuen mit Ihnen Ihren perfekten Anlass zu organisieren. Wir freuen uns auf Ihre Anfrage telefonisch oder per Mail.\n\nUnserem jungen und engagierten Team liegt das Wohl unserer G\u00e4ste sehr am Herzen. Wir m\u00f6chten, dass Sie sich in einer angenehmen, entspannten Atmosph\u00e4re bei uns richtig wohlf\u00fchlen. Der Gast ist K\u00f6nig und wir nehmen auch gerne Anregungen und W\u00fcnsche entgegen, wie wir es noch besser machen k\u00f6nnen.\n\nKinder und Hunde sind bei uns selbstverst\u00e4ndlich herzlich willkommen.\nBesuchen Sie uns und wenn es Ihnen gefallen hat, empfehlen Sie uns weiter.\n\nWir freuen uns auf Ihren Besuch.\n\nHerzliche Gr\u00fcsse\nIhr Beckenburg-Team", "url": "http://www.beckenburg.ch/", "image": "https://ostpimtsoch.sos-ch-dk-2.exoscale-cdn.com/catalog/c/8/a/0/c8a04602c90c60e1707a1e295ea74894e6ee8cfd_0917879f5a3f3bddf075a8dd92ee016b.jpg", "openstreetmap_id": "way/760171888"}, "geometry": {"type": "Point", "coordinates": ["8.632162387583744", "47.69380055"]}}, {"type": "Feature", "properties": {"identifier": "82ae06fb-bf9c-4634-b23a-275d0806d7b6", "name": "Bergrestaurant Prodalp", "description": "Das Bergrestaurant Prodalp ist ein klassisches Selbstbedienungsrestaurant, mit bis zu 400 Sitzpl\u00e4tzen. Die verschiedenen R\u00e4ume sind mit mobilem Mobiliar ausgestattet, was einen flexiblen Einsatz erm\u00f6glicht. Die grossz\u00fcgige Terrasse bietet weitere 250 Sitzpl\u00e4tze, wovon sich ein Teil im \u00fcberdachten Sektor mit Windschutzverglasung befindet. Das Bergrestaurant Prodalp bietet idealen Raum f\u00fcr individuelle Anl\u00e4sse von Firmen, Vereinen oder Gruppen sowie beste Voraussetzungen f\u00fcr Meetings, Seminare und gr\u00f6ssere Veranstaltungen.\n\nDas Prodissimo ist der ideale Ort f\u00fcr einen Zwischenhalt bei Ihrem Wintersporttag am Flumserberg. Wir bieten Ihnen neben einer grossen Auswahl an Getr\u00e4nken, leckere Snacks sowie Geb\u00e4ck. Des Weiteren verkaufen wir bei uns die attraktiven Artikel aus dem Flumserberg FanShop. Das Prodissimo befindet sich direkt neben der CLiiMBER Ausgabestelle bei der Talstation der 8er-Sesselbahn Prodkamm.\n\nDie moderne FahrBar besitzt eine abwechslungsreiche Getr\u00e4nkekarte mit warmen und kalten Drinks f\u00fcr jeden Geschmack. Die FahrBar ist der perfekte Ort f\u00fcr einen Zwischenstopp - sei es bei einem erlebnisreichen Wintersporttag oder einer atemberaubenden Winterwanderung am Flumserberg.", "url": "http://www.prodalp.ch", "image": "https://ostpimtsoch.sos-ch-dk-2.exoscale-cdn.com/catalog/7/9/0/8/79087d5d1a389df03a9c31f980adcd1ec4607e15_21febea2c89630c75d074daad1c4c315.jpg", "openstreetmap_id": "way/194824439"}, "geometry": {"type": "Point", "coordinates": ["9.289385010844985", "47.08064675"]}}, {"type": "Feature", "properties": {"identifier": "83cd51e2-4403-4b78-9cff-eed27d56dec8", "name": "Skih\u00fcttli Golerberg", "description": "Bescheidene H\u00fctte mit heimeliger Gaststube und sonniger Terrasse mit herrlicher Aussicht.\n\nDie H\u00fctte steht bei der Bergstation des Skilift Tristeli.\n\nDas H\u00fcttli ist von St.Margrethenberg \u00fcber den Winterwanderweg, von November bis M\u00e4rz immer gut zu erreichen.", "url": "http://www.golerberg.ch", "image": "https://ostpimtsoch.sos-ch-dk-2.exoscale-cdn.com/catalog/c/6/7/1/c67167888e5eec362e37ca930a4c298ab92f30b1_8f7c460eebeaa9c83c3bf79076164a4a.jpg", "openstreetmap_id": "way/334962856"}, "geometry": {"type": "Point", "coordinates": ["9.50096705084561", "46.97508481906897"]}}, {"type": "Feature", "properties": {"identifier": "8465857f-912a-403e-bfbd-f27526ed2613", "name": "Ochsentorkel Weinbau", "description": "Am steilen Buechberg in Thal SG werden \u00fcber 30 verschiedene Rebsorten kultiviert. Zw\u00f6lf davon baut Tom Kobel auf 5 ha selber an und vinifiziert daraus hochwertige und einzigartige Weine und einige echte Rarit\u00e4ten. \n\nAuf der Basis von theoretischem Wissen in Kombination mit seine Erfahrung aus langj\u00e4hrigem Handwerk begleitet Tom Kobel die Entstehung seiner Weine von der Rebe bis zur Vermarktung. In seiner Arbeit verbindet sich Passion f\u00fcr den Weinbau und der Respekt vor der Rebe als Kulturgut. Das soll der Weinliebhaber am Ende in der Flasche wiederfinden.", "url": "https://www.ochsentorkel.ch/", "image": "https://ostpimtsoch.sos-ch-dk-2.exoscale-cdn.com/catalog/0/2/a/f/02aff9cb06ef81acfa0442c7baf585fef3cf25be_6af464886b915b8547c92185a3d44657.jpg", "openstreetmap_id": "node/2607490692"}, "geometry": {"type": "Point", "coordinates": ["9.5668845", "47.4663345"]}}, {"type": "Feature", "properties": {"identifier": "8497bd23-ce0a-4518-bdf2-90792bb59004", "name": "Familie R\u00fcedi Weinbau mit Weinstube", "description": "<p>In den nahegelegenen Rebbergen gedeihen vorwiegend Pinot Noir Trauben, aber auch M&uuml;ller-Thurgau, Kerner, Cabernet Jura, Johanniter, Solaris und Merlot sind vertreten. Aus diesen Traubensorten werden in verschiedenen Kellereien feine Weine f&uuml;r gem&uuml;tliche Stunden gekeltert.</p>", "url": "http://rueedi-ferien.ch/weinbau", "image": "https://ostpimtsoch.sos-ch-dk-2.exoscale-cdn.com/catalog/1/2/7/6/12764968d12aef8184b45bda4f8cbcd7167834f8_8bd7feb5334935098df4d3da68448543.JPG", "openstreetmap_id": "node/3181210287"}, "geometry": {"type": "Point", "coordinates": ["8.4297748", "47.667687"]}}, {"type": "Feature", "properties": {"identifier": "8506b967-8237-4e98-856c-411fa643ff2b", "name": "Restaurant Burg", "description": "Die kulinarischen K\u00f6stlichkeiten sind neben der ungezwungenen Gastfreundschaft und der wundersch\u00f6nen Aussicht auf das St.Galler Rheintal das T\u00fcpfelchen auf dem \u00abi\u00bb.", "url": "http://www.burg-au.ch/", "image": "https://ostpimtsoch.sos-ch-dk-2.exoscale-cdn.com/catalog/9/4/7/0/9470e269acf4e65a023e8a3f90be7d1ed6d8c4d1_270ce1255361bc707b2d4cb0775f4e51.jpg", "openstreetmap_id": "4005781777"}, "geometry": {"type": "Point", "coordinates": ["9.6325611", "47.4387055"]}}, {"type": "Feature", "properties": {"identifier": "863d4ce6-6c52-43f4-8671-64f36636029a", "name": "Koch-Dinner in der Eventlocation zur Werkstatt", "description": "Ein Dinner unter Freunden und G\u00e4sten ohne Vorbereitungsstress \u2013 dies klingt doch nach einem entspannten Abend. Und weil die besten Gespr\u00e4che sowieso in der K\u00fcche stattfinden, wird hier mit einer ausgiebigen Ap\u00e9roplatte gestartet. Kulinarischer H\u00f6hepunkt bildet die gemeinsam zubereitete Tavolata ganz nach italienischem Vorbild. Seinen gem\u00fctlichen Abschluss findet der Abend mit Kaffee und der Flasche Digestif direkt auf dem Tisch.\n\n\n3-Gang-Men\u00fc mit Ap\u00e9ro und H\u00e4ppchen, Wein beim Kochen und Essen, Wasser, Kaffee/Tee und Digestif\n\nCHF 145 / Person inkl. MwSt. \n\nT\u00e4glich buchbar ab 6 bis 30 Personen", "url": "https://www.zurwerkstatt-sg.ch/", "image": "https://ostpimtsoch.sos-ch-dk-2.exoscale-cdn.com/catalog/c/6/a/0/c6a06a743e8607e9f769cbbc72db3d03495f90fa_10d4b1ea8a01244e73584f9b26a54bed.jpg", "openstreetmap_id": "node/10705895705"}, "geometry": {"type": "Point", "coordinates": ["9.375021", "47.425561"]}}, {"type": "Feature", "properties": {"identifier": "86cdf6c2-b02f-42f4-8972-fe35889ef0d3", "name": "Alprestaurant Pan\u00fc\u00f6l", "description": "St\u00e4rken Sie sich f\u00fcr Ihren Tag auf den Ski bei einem Aufenthalt im Alprestaurant Pan\u00fc\u00f6l. Die Inneneinrichtung aus viel Holz verspricht eine heimelige Atmosph\u00e4re und auch die gem\u00fctliche Sonnenterrasse l\u00e4dt zum Verweilen ein. Der Blick auf die rundumliegende Bergwelt ist \u00fcberw\u00e4ltigend.\n\nDas Alprestaurant Pan\u00fc\u00f6l ist auch zu Fuss erreichbar. Erleben Sie die Ruhe am Flumserberg bei einer gem\u00fctlichen Winterwanderung ab Prodalp oder besuchen Sie das Alprestaurant mit dem Pan\u00fc\u00f6l-Sessel via Maschgenkamm.\n\nSowohl im Alprestaurant Pan\u00fc\u00f6l wie auch in der Alph\u00fctte Pan\u00fc\u00f6l werden \u00dcbernachtungsm\u00f6glichkeiten angeboten.", "url": "http://www.alprestaurant-panuol.ch", "image": "https://ostpimtsoch.sos-ch-dk-2.exoscale-cdn.com/catalog/3/2/f/1/32f190eb8d62ceaf91d27ab37108a12fa7bf8048_18da76d32bec5a473672fc07fa7fab58.jpg", "openstreetmap_id": "node/254726096"}, "geometry": {"type": "Point", "coordinates": ["9.2581777", "47.0630157"]}}, {"type": "Feature", "properties": {"identifier": "871568b2-ed4f-4f2f-abae-8c6aafe066bb", "name": "Kuppelwieser's Hofladen & Hofcaf\u00e9", "description": "Wo w\u00e4re es authentischer unsere Produkte zu verk\u00f6stigen und zu verkaufen, als am gleichen Ort an dem unsere Bio-Produkte wachsen? Wir sind die Kupplis. Seit 1997 helfen wir unseren leckeren Bio \u00c4pfeln und Beeren ihr nat\u00fcrliches Aroma bestens zu entfalten. Diese aromatischen und saftigen Fr\u00fcchte, weitere regionale Produkte, sowie unsere hofeigenen Getr\u00e4nke (z&#039;wilda Heidi) k\u00f6nnen Sie frisch in unserem Hofladen beziehen. Auch das leckere Kuchen- &amp; Tortenbuffet sollten Sie sich nicht entgehen lassen.", "url": "https://www.kuppelwieser.bio", "image": "https://ostpimtsoch.sos-ch-dk-2.exoscale-cdn.com/catalog/b/2/4/b/b24b44c5671f8a54aa1873b550bfca5bacaaa721_e4f2ff5a26b07a828c5b7ee8216ee770.jpg", "openstreetmap_id": "way/430641995"}, "geometry": {"type": "Point", "coordinates": ["9.492037296295168", "47.027692589035"]}}, {"type": "Feature", "properties": {"identifier": "87403c72-e5ac-4f7a-81ee-fd2777b70472", "name": "Bull & Bonito", "description": "Hier schmeckt es nach Sommerurlaub. Inspiriert von mediterranen K\u00fcstenst\u00e4dten kommt im Bull & Bonito der pure Geschmack Spaniens, Frankreichs und Italiens auf die Zunge. Freuen Sie sich auf Klassiker vom Grill, richtig gutes Fleisch und leichten Fisch ebenso wie auf frische Gem\u00fcsegerichte mit duftenden Kr\u00e4utern. Dazu ein Glas Chardonnay oder ein k\u00fchles Bier \u2013 wie ein sonniger Tag am Meer zum Anstossen.", "url": "https://www.bullandbonito.com/bull-bonito-schaffhausen/home", "image": "https://ostpimtsoch.sos-ch-dk-2.exoscale-cdn.com/catalog/d/a/2/3/da239fee1476ee2fa12ee0ea59a79e658922e776_e814a9a40f4e7fb78c5e96ad2326f06c.jpg", "openstreetmap_id": "node/3186963934"}, "geometry": {"type": "Point", "coordinates": ["8.6317983", "47.6992222"]}}, {"type": "Feature", "properties": {"identifier": "89af2b2d-acd9-4262-b19a-8cf5b8d580e6", "name": "Villa Sommerlust", "description": "<p>Die Villa Sommerlust in Schaffhausen ist ein Ort der Gastfreundschaft und des Genusses.</p><p>Die K\u00fcche ist sowohl von regionalen wie internationalen Einfl\u00fcssen gepr\u00e4gt, immer auch mit einer vegetarischen oder veganen Variante. Originelle Geschmackskombinationen \u00fcberraschen den Gaumen stets aufs Neue und machen das gemeinsame Speisen zu einem echten Erlebnis. Frische und beste Produkte sind so selbstverst\u00e4ndlich wie die Passion, dem Gast ein kulinarisches Highlight zu bieten.</p><p>Ob zur gem\u00fctlichen Zweisamkeit, in einer Gruppe oder f\u00fcr einen gesch\u00e4ftlichen Anlass \u2013 die Villa, mit ihrem wundersch\u00f6nen Garten am Rhein gelegen, ist immer die perfekte Location.</p>", "url": "http://www.sommerlust.ch/", "image": "https://ostpimtsoch.sos-ch-dk-2.exoscale-cdn.com/catalog/9/8/a/4/98a405bd9a1eda9ebbe672ba3149ddc6b8d5db10_d39388a0bd3e37fb5fb2e931b5baeb3b.jpg", "openstreetmap_id": "node/1639345953"}, "geometry": {"type": "Point", "coordinates": ["8.6473018", "47.6946173"]}}, {"type": "Feature", "properties": {"identifier": "89d64125-f252-47f5-86cf-9a72e0b7e575", "name": "Restaurant Schloss Wartegg", "description": "<p>Die Sph&auml;re der Natur, welche Schloss Wartegg umgibt, liefert auch die wichtigsten Zutaten f&uuml;r das Restaurant. Im eigenen, Demeter-Schloss- und ProSpecieRara-Sortengarten werden auf 2500 m2 Kr&auml;uter, Gem&uuml;se, Beeren und Blumen angebaut. &laquo;Bio&raquo; ist nicht irgendein Zertifikat, sondern sinnvoller Genuss aus der Natur. Im von &laquo;GaultMillau&raquo; und &laquo;Michelin&raquo; empfohlenen Schloss-Restaurant kredenzen die G&auml;ste mittags und abends gen&uuml;ssliche Kreationen von der Speisekarte.</p>\n<p>Das Restaurant bietet eine Vielzahl von vegetarischen Gerichten an und auch ein veganes Menu ist immer erh&auml;ltlich. Dazwischen Kaffee mit hausgemachten Blechkuchen, einen &laquo;Flade&raquo; wie man hier sagt, sowie ausgesuchte Bio-Tees. Das Restaurant Schloss Wartegg ist sehr stark regional verankert und bezieht die Produkte von regionalen Biolieferanten.</p>\n<p>Ein Highlight des Bio-Restaurants ist die einladende Gartenterrasse mit stimmungsvollem Blick auf den Englischen Park und den Bodensee.</p>", "url": "http://www.wartegg.ch", "image": "https://ostpimtsoch.sos-ch-dk-2.exoscale-cdn.com/catalog/0/d/5/8/0d580fab1edb0b08cb11b6befe5a8aa06523764b_c4daf7a223d7da95fb01d778d5b01f72.jpg", "openstreetmap_id": "way/186554885"}, "geometry": {"type": "Point", "coordinates": ["9.530060291290285", "47.47844931248357"]}}, {"type": "Feature", "properties": {"identifier": "8b40c0df-6ed0-498c-9202-e90530816ef2", "name": "Luzi Boner Bio-Weinbau und Brennerei", "description": "Bio ist bei uns nicht nur ein Trend! Seit \u00fcber 25 Jahren d\u00fcrfen wir unsere Produkte mit der Bio Suisse Knospe auszeichnen. Unser kleiner Familienbetrieb, inzwischen in der sechsten Generation, zeichnet sich durch Vielf\u00e4ltigkeit und famili\u00e4rer Stimmung aus. Ohne Hype und Bluff produzieren wir mit grosser Sorgfalt und Hingabe diverse Weine und Edelbr\u00e4nde.", "url": "http://www.boner-wein.ch", "image": "https://ostpimtsoch.sos-ch-dk-2.exoscale-cdn.com/catalog/f/d/e/4/fde45c8dac9f50e5c1a0fe045de6a043b5f326b4_6c0bf4d783d80de2d3e3c70f74fb0bcb.jpg", "openstreetmap_id": "way/232221301"}, "geometry": {"type": "Point", "coordinates": ["9.5753616", "46.9819488"]}}, {"type": "Feature", "properties": {"identifier": "8b6c874b-d5a6-4ef0-80bd-6cb4a55530bb", "name": "B\u00e4ckerei und Caf\u00e9 - Ziehlers W\u00f6schh\u00fcsli in Nesslau", "description": "Direkt an der Hauptstrasse von Nesslau, im Herzen des Dorfes. Zwischen Kirche und der Gemeinde, befindet sich unser neu er\u00f6ffnetes W\u00f6schh\u00fcsli. Ein Ort mit bestem Kaffee, feinsten K\u00f6stlichkeiten von unserem Hauptstandort Ziehler in Stein SG und einer gem\u00fctlich einladenden Atmosph\u00e4re, l\u00e4dt herzlichst zum Verweilen ein. Mieten Sie unseren separaten Raum, oberhalb von unserem Caf\u00e9. Das Sie mitten drin in unserem wundersch\u00f6nen Toggenburg sind und trotzdem ihren eigenen Raum haben. Ob f\u00fcr einen Hochzeitsap\u00e9ro, als Sitzungsraum, Geburtstagsfestli oder Puzzleplausch. Unser liebevoll eingerichtetes Ambiente passt sich hervorragend ihren Ideen an! Wir freuen uns \u00fcber jede Anfrage die Ihnen in den Sinn kommt.", "url": "https://ziehler.ch/", "image": "https://ostpimtsoch.sos-ch-dk-2.exoscale-cdn.com/catalog/3/4/8/9/3489bc3e380e10b03214e26e3951be3b122a36d6_27f59ddc6d519c7517777e9d9f1eab13.jpg", "openstreetmap_id": "way/1340007521"}, "geometry": {"type": "Point", "coordinates": ["9.199530094066013", "47.22480575"]}}, {"type": "Feature", "properties": {"identifier": "8be2c482-c60b-4950-9fef-1ef302edd52f", "name": "Rastst\u00e4tte Walensee", "description": "Die Rastst\u00e4tte Walensee liegt an der A3 bei Unterterzen und besticht durch die wundersch\u00f6ne Aussicht auf das Churfirstenmassiv. Die Rastst\u00e4tte kann von beiden Fahrtrichtungen erreicht werden. Ein kurzer Fussmarsch (14 Min.) verbindet die beiden Rastst\u00e4tten. Den Walensee und seine Umgebung aus einer erh\u00f6hten Perspektive zu betrachten und dazu ein feines Essen im Panoramarestaurant geniessen ist ein Highlight und Erholung pur.\n\nDas Panoramarestaurant ist mit dem G\u00fctesiegel Best of Swiss Gastro ausgezeichnet. F\u00fcr die kleinen G\u00e4ste gibt es einen Spielplatz gleich neben dem Panoramarestaurant. Die Schirmbar \u00fcberzeugt mit gem\u00fctlicher Atmosph\u00e4re.\n\nDie Rastst\u00e4tte ist behindertengerecht eingerichtet.\n\nDie moderne Tankstelle ist 24 h f\u00fcr Sie ge\u00f6ffnet. Tanks\u00e4ulen mit Notenautomaten (CHF oder Euro) zur Selbstbedienung stehen stets zur Verf\u00fcgung.", "url": "http://www.gruppe-thurau.ch/walensee_raststaette.html", "image": "https://ostpimtsoch.sos-ch-dk-2.exoscale-cdn.com/catalog/e/4/a/4/e4a47597f245ee851a96378ddd9343702874c28e_7699e37603b8d1246889fe7ac3f008d2.jpg", "openstreetmap_id": "node/225633212"}, "geometry": {"type": "Point", "coordinates": ["9.266331174697704", "47.1127102"]}}, {"type": "Feature", "properties": {"identifier": "8c25b73d-da1b-4df4-a28b-8b2a49110613", "name": "Weingut Lindenhof AG", "description": "Lange Zeit war der Lindenhof im Zentrum von Osterfingen der gr\u00f6sste Bauernhof im Dorf, bis sich Jakob Richli g\u00e4nzlich dem Weinbau und der Kelterung widmete. Dank seiner vision\u00e4ren Vorarbeit verf\u00fcgen wir mit knapp 6 Hektaren \u00fcber eine Auswahl von Osterfingens interessantesten Lagen und Rebsorten. Im 2018 kamen noch 2.5 Hektaren Reben in Hallau in unseren Besitz, somit verf\u00fcgen wir heute \u00fcber eine breite Vielfalt an Klettgauer Terroir.\nWir bieten Ihnen Kellerf\u00fchrungen mit interessanten Infos zur Gegend und Degustationen von unseren Weinen an, gerne richten wir Ihnen dazu Fleisch- und K\u00e4seplatten.", "url": "http://www.weingut-lindenhof.ch/", "image": "https://ostpimtsoch.sos-ch-dk-2.exoscale-cdn.com/catalog/6/f/5/0/6f50ab2b3258547e573918dc3852c10be23eb873_7ecc256aedba83d975d5d7a0d4521630.png", "openstreetmap_id": "node/3197479532"}, "geometry": {"type": "Point", "coordinates": ["8.4830946", "47.661728"]}}, {"type": "Feature", "properties": {"identifier": "8c377933-f6a0-4cca-8198-60cd72620307", "name": "Restaurant Blume", "description": "Das Ambiente und der Service laden zum Verweilen und Geniessen ein. Das Restaurant ist Teil des Tr\u00e4gervereins \u00abCulinarium\u00bb und garantiert f\u00fcr qualitativ hochwertige Produkte aus der Region.\n\nDas Restaurant Blume bietet auch gem\u00fctliche und ruhige Zimmer mit Etagendusche/WC und TV an.", "url": "http://www.restaurant-blume-sg.ch/", "image": "https://ostpimtsoch.sos-ch-dk-2.exoscale-cdn.com/catalog/b/1/c/1/b1c1268b2ce714bb96ec4d2efcdc013b3ab0fdfe_530a307b4ece0c55533a6b2b190491a9.jpg", "openstreetmap_id": "node/4348311837"}, "geometry": {"type": "Point", "coordinates": ["9.4019718", "47.4355972"]}}, {"type": "Feature", "properties": {"identifier": "8d6e99e5-9c6a-4a7d-b638-928ed940945c", "name": "Weinbau Salath\u00e9", "description": "Im Stadtschryber, dem bekanntesten Rebberg im Weinbaudorf H\u00fcttwilen, reifen die Trauben durch sorgf\u00e4ltige Pflege zu bester Qualit\u00e4t. Der \u00abStadtschryber\u00bb mit seiner eleganten und noblen Art zeigt feine Fruchtaromen und \u00fcberzeugt mit einem sch\u00f6nen und dichten K\u00f6rper. \n\nDer Perlwein \u00abKiss me\u00bb und der \u00abBlanc de Noir\u00bb  sind die perfekten Ap\u00e9robegleiter. Auf Anmeldung werden Rebbergf\u00fchrungen, Oldtimertraktorfahrten durch Rebberge und Seebachtal, Degustationen und Ap\u00e9ros angeboten. Genuss ist das Betriebsmotto.", "url": "http://www.salathe-weinbau.ch", "image": "https://ostpimtsoch.sos-ch-dk-2.exoscale-cdn.com/catalog/4/a/1/b/4a1b6b0e38783668ce98dcf4e5f28682f5960429_baac2566e393fc9295b5dfd32fa8a4df.jpeg", "openstreetmap_id": "node/12304314752"}, "geometry": {"type": "Point", "coordinates": ["8.8743659", "47.6066571"]}}, {"type": "Feature", "properties": {"identifier": "8df4f942-4f20-4eaa-8c10-fe3a07e3ff7c", "name": "Reber Schaffhauserzungen - Confiserie und Caf\u00e9", "description": "Hier werden seit 1896 die original Reber Schaffhauserzungen und andere hervorragende Spezialit\u00e4ten hergestellt. Daneben verw\u00f6hnen wir Sie bei Kaffee, Tee und leckeren Kuchen oder beim Mittagessen - im Sommer gerne auf unserer Terrasse.", "url": "http://www.schaffhauserzungen.ch/", "image": "https://ostpimtsoch.sos-ch-dk-2.exoscale-cdn.com/catalog/7/4/3/e/743efb232d9fda9cfe82dcec3842bb33e2cd72b7_b16d18d913d9e1f5b1391d82f87c69bf.jpg", "openstreetmap_id": "node/1717939890"}, "geometry": {"type": "Point", "coordinates": ["8.6370533", "47.6958839"]}}, {"type": "Feature", "properties": {"identifier": "8e1a4395-a956-4d2e-946f-ce50642e49fb", "name": "K\u00e4se Restaurant Berghof", "description": "Unsere K\u00fcche ist bekannt f\u00fcr gutb\u00fcrgerliches Essen mit verschiedenen K\u00e4sespezialit\u00e4ten und anderen leckeren Mahlzeiten. In der Bio-K\u00e4serei produzieren wir verschiedene Bio-K\u00e4sespezialit\u00e4ten und bieten diese zum Kauf im Restaurantladen an. In der urchigen Berghof-Degu-Sch\u00fc\u00fcr ist Platz f\u00fcr 80 Personen. Sie ist mit modernster Infrastruktur eingerichtet und bietet Platz f\u00fcr jeden Anlass. Kommen Sie zu uns, wir haben immer etwas passendes f\u00fcr Sie. Es freut sich Melchior und Vreni mit Karin Schoch und das Berghofteam.", "url": "http://www.berghof-ag.ch", "image": "https://ostpimtsoch.sos-ch-dk-2.exoscale-cdn.com/catalog/8/e/1/7/8e17232f98861e2776fb079c336a88387c41ff6e_21350e1b17819e7394ccf28f26acb283.jpg", "openstreetmap_id": "node/2229095777"}, "geometry": {"type": "Point", "coordinates": ["9.0918189", "47.3663522"]}}, {"type": "Feature", "properties": {"identifier": "8efc11d3-ac26-4a45-8956-3dd9b1f6106f", "name": "Restaurant Altes Bad Pf\u00e4fers", "description": "Bad Pf\u00e4fers dient seit jeher dem Wohl der Menschen, einst als Heilbad, heute als Ort der Erholung und Gastlichkeit. Lassen Sie sich von K\u00fcche, Keller und Service in bester Tradition verw\u00f6hnen.\n\nIn der einladenden Gaststube und dem festlichen Saal verw\u00f6hnt das Restaurant des Alten Bad Pf\u00e4fers die Besucher mit K\u00f6stlichkeiten aus K\u00fcche und Keller sowie mit einem aufmerksamen Service in bester Badtradition. \n\nF\u00fcr kleinere Erfrischungen steht f\u00fcr Familien, Schulen und Wandergruppen ein Selbstbedienungskiosk mit Imbissen, Getr\u00e4nken und Naschereien offen. Diese k\u00f6nnen unmittelbar nebendem Thermalwasserbrunnen im Freien genossen werden.", "url": "http://www.altes-bad-pfaefers.ch", "image": "https://ostpimtsoch.sos-ch-dk-2.exoscale-cdn.com/catalog/0/6/f/1/06f13e27729d187a878a684b19da37898a2a163a_41d16b28114f0b72065891879ef47ada.jpg", "openstreetmap_id": "way/363320241"}, "geometry": {"type": "Point", "coordinates": ["9.48792985186627", "46.9739092"]}}, {"type": "Feature", "properties": {"identifier": "8f174421-bd85-4b65-a631-437b510af98f", "name": "Magnum Wine Bar", "description": "Die Bar mit \u00fcber 300 Weinen und lokalen K\u00e4se- und Charcuteriespezialit\u00e4ten im Herzen der St. Galler Altstadt.\n\nHier treffen sich Einheimische und G\u00e4ste in lebendiger Atmosph\u00e4re zur Wein-Entdeckung, zum Ap\u00e9ro oder zum Feierabend Cocktail.", "url": "https://www.magnumwine.ch", "image": "https://ostpimtsoch.sos-ch-dk-2.exoscale-cdn.com/catalog/4/b/f/6/4bf691bfe09fe3d3bb42650046861bc9c6da75a4_ff7c8ca544fc09c1c9a313e7ab3e0261.jpg", "openstreetmap_id": "way/404540469"}, "geometry": {"type": "Point", "coordinates": ["9.377988154914654", "47.42490715"]}}, {"type": "Feature", "properties": {"identifier": "90e29ad9-fa88-4469-bdc1-e189267a4ce0", "name": "Weinbau Gianini GmbH", "description": "<p>Geniessen Sie eine Degustation mit verschiedenen Weinen aus eigener Produktion unter pers&ouml;nlicher, fachm&auml;nnischer F&uuml;hrung im eigenen Keller. Ap&eacute;ro-Geb&auml;ck, Vesperpl&auml;ttli m&ouml;glich. max. Personenzahl bei Degustation: ab 4 Personen bis max. 35</p>", "url": "https://www.weinbau-gianini.ch/", "image": "https://ostpimtsoch.sos-ch-dk-2.exoscale-cdn.com/catalog/7/8/0/f/780f9a386f9d186758ff89b457d050041d3695dc_fc44932b01e4f323b0c36e735edb5ae7.jpg", "openstreetmap_id": "node/3201366232"}, "geometry": {"type": "Point", "coordinates": ["8.4608746", "47.6992323"]}}, {"type": "Feature", "properties": {"identifier": "913f6b66-48d2-420a-9aa5-c7485e9974d0", "name": "Restaurant Lagerhaus", "description": "Das Restaurant Lagerhaus begeistert mit seiner urbanen Feuerstelle. Der einmalige Buchenholzgrill im Restaurant macht es m\u00f6glich, den frischen Fisch- und Fleischgerichten bei deren Zubereitung \u2013 auf den Punkt gebraten - zuzuschauen. Der Lagerung des Fleisches wird im eigenen Klimaschrank spezielle Beachtung geschenkt und auf naturbelassene Zutaten und hausgemachte Produkte von regionalen Produzenten gesetzt. Nat\u00fcrlich sind dem aufgestellten, jungen Team auch Vegetarier nicht Wurst. Sie kommen beispielsweise mit hausgemachter Pasta oder saisonalem Prosecco-Risotto auf ihre Kosten. Der Weinkeller, der zum Verweilen einl\u00e4dt, bietet eine Auswahl an kleinen und grossen Flaschen, wobei der Fokus mehrheitlich auf italienische Anbaugebiete gerichtet ist. Im Stadtsaal werden gerne und oft rauschende Feste gefeiert.", "url": "http://www.restaurantlagerhaus.ch", "image": "https://ostpimtsoch.sos-ch-dk-2.exoscale-cdn.com/catalog/5/3/a/1/53a16d3b91d62cabe2ee908282774cc15836a7b9_520679f52cbdd6c828f6217ef8910a1a.jpg", "openstreetmap_id": "node/513061067"}, "geometry": {"type": "Point", "coordinates": ["9.36804", "47.42007"]}}, {"type": "Feature", "properties": {"identifier": "92ba70e8-b4fc-44d7-9e9b-b620615216b0", "name": "Noah's Sch\u00fctzenstube", "description": "Unsere einzigartige Atmosph\u00e4re verbindet die Eleganz der alten Schaffhauser Sch\u00fctzenstube mit modernem Flair.\n\nMittags pr\u00e4sentieren wir mit Freude unser modernes b\u00fcrgerliches Angebot \u2013 eine Hommage an die traditionelle K\u00fcche mit zeitgen\u00f6ssischem Touch. Geniessen Sie sorgf\u00e4ltig zubereitete Gerichte aus hochwertigen Zutaten f\u00fcr ein vertrautes und erfrischendes Geschmackserlebnis.\n\nAbends wird das noah\u2019s zu einem Casual Fine Dining-Erlebnis. Unsere Abendkarte bietet spannende Gerichte, inspiriert von Tradition, jedoch mit kreativen Elementen. Tom und sein talentiertes K\u00fcchenteam legen gro\u00dfen Wert auf frische, saisonale Zutaten f\u00fcr ein unvergessliches kulinarisches Erlebnis.\n\nDie Verbindung von modernen Kochtechniken mit traditionellen Aromen macht das noah\u2019s zum idealen Ort f\u00fcr Feinschmecker. Lassen Sie sich von unserem aufmerksamen Service und der perfekten Mischung aus Moderne und Tradition verw\u00f6hnen \u2013 ein Erlebnis f\u00fcr Gaumen und Sinne gleichermassen. Wir freuen uns darauf, Sie im noah\u2019s begr\u00fcssen zu d\u00fcrfen!", "url": "https://noahs-schuetzenstube.ch", "image": "https://ostpimtsoch.sos-ch-dk-2.exoscale-cdn.com/catalog/4/5/8/8/45882361018b63cfcdbf481405faffa6da9214f2_603eec6017cddfebd1edbafdd43eeb65.jpeg", "openstreetmap_id": "way/806365992"}, "geometry": {"type": "Point", "coordinates": ["8.635224299669003", "47.69886755"]}}, {"type": "Feature", "properties": {"identifier": "92ccd7e9-da6a-4328-88d5-43225e0aed8d", "name": "Barfuss Brauerei", "description": "<p>Die Brauerei ist im alten Stellwerk, idyllisch am B\u00fcrgler Kanal gelegen. Es werden F\u00fchrungen, Degustationen, Firmenessen und diverse Events rund um das Thema Bier angeboten. In der Brauerei finden regelm\u00e4ssig Veranstaltungen statt. Die Brauerei kann aber auch als Eventlocation f\u00fcr bis zu 90 Personen gebucht werden. Die selbstgebrauten Biere sind entweder im Onlineshop oder in diversen Spezialit\u00e4tenl\u00e4den erh\u00e4ltlich. Die Biersommeli\u00e8re beraten ihre Kunden gerne bei der Bierauswahl. Ab 24 Bieren k\u00f6nnen diese mit einer eigenen Etikette bestellt werden. <br>Der Name Barfuss Brauerei stammt \u00fcbrigens nicht daher, dass der Brauer und sein Team ihre Biere barfuss brauen, sondern von den ersten Brauversuchen, die direkt am Barfussweg in Wuppenau stattgefunden haben.</p>", "url": "http://www.barfuss-brauerei.ch/", "image": "https://ostpimtsoch.sos-ch-dk-2.exoscale-cdn.com/catalog/e/f/7/7/ef77061bb82c1bee050ad2e4bcbd0cbfc939f6e8_87178ede17805b83e9b4344debf34cf5.jpg", "openstreetmap_id": "199258216.0"}, "geometry": {"type": "Point", "coordinates": ["9.1173151", "47.5167513"]}}, {"type": "Feature", "properties": {"identifier": "92f7c768-bfa0-4f3c-a48d-3e0fa784eb2c", "name": "Tiki Strandbar", "description": "Die TIKI-Strandbar in Goldach ist seit 2008 der sommerliche Place-to-be fu\u0308r entspannte Gemu\u0308tlichkeit mit Ferienfeeling \u2013 ob mit Freunden, Familie oder zu zweit. Chillige Himmelbetten, ein u\u0308bersichtliches aber vielseitiges Angebot an Drinks & Snacks und atemberaubende Sonnenunterga\u0308nge \u2013 was wollen wir Meer?\n\nDas kleine aber feine Angebot l\u00e4sst sich auf den gemu\u0308tlichen Liegen oder an den beliebten Lounges und Tischen geniessen - auf jeden Fall direkt am See. Und fu\u0308r alle die weiter mu\u0308ssen, gibt es das Ganze auch zum mitnehmen.\n\nDie TIKI Strandbar liegt direkt beim Hafen Goldach und ist w\u00e4hrend der Sommersaison, vom Mai bis September, jeden Tag bei sch\u00f6nem Wetter offen.\n\nDie gem\u00fctlichen Himmelbetten und rustikalen Holzm\u00f6bel im vintage Look, schaffen eine einzigartige Atmosph\u00e4re und bieten viele verschieden Sitz- und Liegefl\u00e4chen. Die Strandbar ist der perfekte Ort f\u00fcr unvergessliche Momente, neue Bekanntschaften und atemberaubende Sonnenunterg\u00e4nge. Live-Auftritte und Events runden das Angebot ab. ", "url": "http://www.tikistrandbar.ch/", "image": "https://ostpimtsoch.sos-ch-dk-2.exoscale-cdn.com/catalog/e/9/0/d/e90d8890653a42a760182e6cc4b58734ede42566_9f49050d2ac34f88c7d8b7aba722beda.jpg", "openstreetmap_id": "node/2450055638"}, "geometry": {"type": "Point", "coordinates": ["9.4791691", "47.4828538"]}}, {"type": "Feature", "properties": {"identifier": "94080953-9f21-4280-a2e2-29e8f640e7ce", "name": "Gasthaus Hulftegg", "description": "<p>Ab Hotel Wanderparadies zu den 7 Bergbeizli, Hulftegg Rundweg auch im Winter unterhalten. Panorama-Terrasse mit Blick ins Toggenburg bis zum Bodensee. Velo und Motorradtreff. Zentral f&uuml;r Ausfl&uuml;ge Z&uuml;rich - Ostschweiz. Sonntags Brunch. Ideal auch f&uuml;r Tagesseminare. Menus f&uuml;r Gruppen (Cars, Vereine etc.)</p><p>&nbsp;</p><p><span data-teams=\"true\">Auskunft zur Zug&auml;nglichkeit: <a href=\"https://www.ginto.guide/entries/E9861A3E-A151-4CDD-BB63-CB4F956CFF4E?lnk_src=business\" target=\"_blank\" rel=\"noopener\">ginto</a></span></p>", "url": "http://www.hulftegg.ch/", "image": "https://ostpimtsoch.sos-ch-dk-2.exoscale-cdn.com/catalog/1/d/8/e/1d8ec5bb72c28dbd2185bc87769f21843bbdb2cd_5bae213b92c2cbda0f9a76a2a909f246.jpg", "openstreetmap_id": "node/318307967"}, "geometry": {"type": "Point", "coordinates": ["8.9672148", "47.3633029"]}}, {"type": "Feature", "properties": {"identifier": "9513334c-e24e-4cd7-bb5e-92b9c8385118", "name": "Restaurant M\u00fchle \u2013 Kartause Ittingen", "description": "\u00dcber die Region hinaus bekannt sind die Produkte aus dem eigenen Gutsbetrieb. Die Bewirtschaftung erfolgt nachhaltig, umweltschonend und tierfreundlich. In den Weinbergen werden 10 verschiedene Traubensorten kultiviert, die Milch wird direkt vor Ort zu K\u00e4sespezialit\u00e4ten verarbeitet. Selbstversorgung war f\u00fcr die Kart\u00e4userm\u00f6nche eine Selbstverst\u00e4ndlichkeit. Heute werden die G\u00e4ste kulinarisch verw\u00f6hnt, sei es im Restaurant oder im Klosterladen, wo \u00fcber 200 Produkte aus eigenem Anbau pr\u00e4sentiert werden. Besonders zu empfehlen sind die kreativen 0-Kilometer-Gerichte.", "url": "https://www.kartause.ch/de/restaurant/", "image": "https://ostpimtsoch.sos-ch-dk-2.exoscale-cdn.com/catalog/5/7/3/9/57397dd775ab02b917b70a57801b14060d21cdba_e66dd0e0f7f7d1dc50c06023ae7381f7.jpg", "openstreetmap_id": "node/426784033"}, "geometry": {"type": "Point", "coordinates": ["8.8663322", "47.5830331"]}}, {"type": "Feature", "properties": {"identifier": "95fe3eed-21c1-4fab-acd1-df922a8ae459", "name": "Gin- oder Rum-Tasting Schaffhausen", "description": "Willkommen zum exklusiven Gin- oder Rum-Tasting Erlebnis in Schaffhausen! F\u00fchre deine Sinne auf eine unvergessliche Reise und tauche ein in die faszinierende Welt der edlen Destillate.\n\nW\u00e4hle dein f\u00fcr dich passendes Erlebnis und geniesse in der Gruppe einen einzigartigen Abend mit einem geschmacksvollen Ap\u00e9ro oder einem Nachtessen \u2013 die Entscheidung liegt ganz bei dir.\n\nJedes Glas erz\u00e4hlt seine eigene Geschichte. Entdecke die Geheimnisse und Aromen verschiedener Gins oder Rums, angeleitet vom fachkundigen und erfahrenen Team der THE_KEN Harmonie.\n\nW\u00e4hrend du die Vielfalt der Spirituosen probierst, werden dazu passende kulinarische Leckerbissen serviert, welche die Aromen perfekt erg\u00e4nzen und den Gaumen verw\u00f6hnen. Von delikaten K\u00e4sesorten bis hin zur geschmacksintensiven Wurst und reichhaltigen Bowls \u2013 so oder so eine perfekte Erg\u00e4nzung zu deinem Verkostungserlebnis.\n\nGeniesse die gesellige Atmosph\u00e4re in der THE_KEN Harmonie, w\u00e4hrend du dich mit Gleichgesinnten austauschst und neue Geschmackswelten entdeckst. Ob du eine Liebhaberin oder ein Liebhaber dieser Spirituosen bist oder einfach nur neugierig, dieses Erlebnis ist f\u00fcr Gruppen ab 5 Personen bis zu maximal 25 Personen buchbar.", "url": "https://schaffhauserland.ch", "image": "https://ostpimtsoch.sos-ch-dk-2.exoscale-cdn.com/catalog/6/0/0/8/600873edaf3cfb09a220e0d7693ab5750d5d175f_d394ae83e8856ce88394ec50aa43dc5b.jpg", "openstreetmap_id": "node/7949560782"}, "geometry": {"type": "Point", "coordinates": ["8.6387788", "47.6959477"]}}, {"type": "Feature", "properties": {"identifier": "987aeef1-6fce-4f6a-9186-bdb97dac0656", "name": "Berggasthaus St\u00f6feli", "description": "Sich mitten im Ch\u00e4serrugg-Gebiet zur\u00fcckziehen, den Sonnenuntergang aus der Stube geniessen, den Tag bei einem Fondue ausklingen lassen und tief schlafen in gepflegten Zimmern mit gem\u00fctlicher Atmosph\u00e4re. Im Winter ist es mit den Ski oder der Gondelbahn und im Sommer zu Fuss oder mit der Luftseilbahn zu erreichen.", "url": "http://www.chaeserrugg.ch/", "image": "https://ostpimtsoch.sos-ch-dk-2.exoscale-cdn.com/catalog/2/4/1/c/241c396ecf95f1334d1f7f42c84f5cb97545353c_418a544c2e1f5a06800fea8a6e33b8e9.jpg", "openstreetmap_id": "node/205956001"}, "geometry": {"type": "Point", "coordinates": ["9.312350700000025", "47.1715985"]}}, {"type": "Feature", "properties": {"identifier": "99330697-fb0a-4c7b-874f-7522c59e083f", "name": "Bio-Suisse Weingut Stoll", "description": "Bio Suisse  seit 2014\nWir bewirtschaften und keltern Charakterweine aus Rebsorten der Zukunft auf 5 ha Reben, rein biologisch auf Kalkb\u00f6den in Osterfingen.\n\nCaf\u00e9 Sabato\nVon  Mai-Oktober jeden Samstag 11-18Uhr Wein degustieren, Regionale Tagesgerichte entdecken und selbstgebackene Kuchen zu Bio Kaffeespezialit\u00e4ten geniessen. Wechselnde Kunstaustellungen und Live Musik.\n\nGut f\u00fcr Sie\nKeine R\u00fcckst\u00e4nde von chemischen Spritzmitteln. Reduzierter Einsatz von Schwefel. Keine chemischen D\u00fcnger, Weinbereitung mit Zeit und Handwerk statt unn\u00f6tiger Mittelchen. Selektive Lese, Reduzierte Ausbeuten und pr\u00e4zise Verarbeitung im modernen Keller f\u00fcr Weine ohne Allergene und klaren Geschmack.\n\nGut f\u00fcr Die Natur\nEnergieautarkie, Mehrwehflaschen, BiB, Lokale Produktion und Verkauf, angepasste Rebsorten, Biodiversit\u00e4tsprojekte.... bis zu 75% Co2 Einsparung pro Flasche Weisswein im Vergleich zu einem Schweizer Weisswein ohne Einsparungsmassnahmen. \n\nWarum biologisch\nF\u00fcr uns bedeutet es die h\u00f6chste Traubenqualit\u00e4t die wir liefern k\u00f6nnen und auch der langfristige Erhalt des Kulturguts Wein sowie unserer Kulturlandschaft.\nBiologisch zu arbeiten ist f\u00fcr uns ein mehr an Liebe zum Wein, zum Mensch und zur Natur.\n\nRegionalit\u00e4t & Soziale Verantwortung\nRegionale Lieferung, Regionale Partner, Regionale Kunden, Regionale Lieferanten, Regionale Arbeitskr\u00e4fte", "url": "http://www.weingut-stoll.ch/", "image": "https://ostpimtsoch.sos-ch-dk-2.exoscale-cdn.com/catalog/1/a/5/8/1a58544a8b2ad448cea28df66f2267e4f670d33e_312c7d10c9b5bb733ca07ba33764d44f.png", "openstreetmap_id": "node/8112296022"}, "geometry": {"type": "Point", "coordinates": ["8.4851891", "47.6621602"]}}, {"type": "Feature", "properties": {"identifier": "9957c5ee-d3fb-4c4b-8e2f-a8a718211322", "name": "Gaststuben zum Schl\u00f6ssli", "description": "Die Gastgeber haben sich mit Leib und Seele der Herausforderung verschrieben, Produkte und Spezialit\u00e4ten aus der Region salonf\u00e4hig zu machen. Bei ausgew\u00e4hlten Landwirten, Weinkelterern, K\u00e4sern und Metzgern werden Zutaten f\u00fcr echte Gourmets gefunden. \n\nDaraus werden Gerichte mit klassischem oder traditionellem Hintergrund gestaltet. Handwerklich und von den Mitarbeitern liebevoll hergestellt. Der Aufenthalt im Sch\u00f6ssli wird zum Genuss f\u00fcr alle Sinne. Das ist gelebte St.Galler Gastlichkeit.\n\nGeschichte:\nDas zwischen 1586 und 1590 von Laurenz Zollikofer, einem Enkel Vadians, erstellte Schl\u00f6ssli ist das herrschaftlichste Privathaus innerhalb der St.Galler Altstadt. Die Zollikofer besassen bereits mehrere Schl\u00f6sser ausserhalb der Stadt und wollten nun auch innerhalb der Stadtmauern einen beeindruckenden Wohnsitz errichten. Das Schl\u00f6ssli diente der gesellschaftlichen Repr\u00e4sentation, wichtig waren daher Fests\u00e4le, in denen G\u00e4ste bewirtet werden konnten. Daneben war das Schl\u00f6ssli aber auch Handelshaus: Im Erdgeschoss war ein Warenlager eingerichtet. Nach Laurenz Zollikofers Tod blieb das Schl\u00f6ssli noch eine weitere Generation in Familienbesitz, sp\u00e4ter kam es an andere verm\u00f6gende St.Galler Familien, darunter Hochreutener, Kunkler und Schlumpf. Im 19. Jahrhundert h\u00e4tte die Stadt die Chance gehabt, das Schl\u00f6ssli zu erwerben. Johannes Kaspar Straub bot es dem Schulrat n\u00e4mlich f\u00fcr 17000 Gulden zum Kauf an. Das Gesch\u00e4ft kam jedoch nicht zustande, weil die n\u00f6tigen Mittel nicht - wie die Stadt dies erhofft hatte - aus freiwilligen Beitr\u00e4gen von verm\u00f6genden und wohlt\u00e4tigen Stadtb\u00fcrgern aufgebracht wurden. So blieb das Schl\u00f6ssli in privatem Besitz.", "url": "http://www.schloessli-sg.ch/", "image": "https://ostpimtsoch.sos-ch-dk-2.exoscale-cdn.com/catalog/3/3/4/7/334752dfc8d9c7f29a803fd9b8b156ab328ce586_ff6cdfa3bef8d384bb0b3b70fcca440d.jpg", "openstreetmap_id": "node/7193107658"}, "geometry": {"type": "Point", "coordinates": ["9.379026", "47.4243307"]}}, {"type": "Feature", "properties": {"identifier": "9b7ab6ce-6c77-48fe-bcb7-a5b90c012338", "name": "Brauerei Falken AG", "description": "<p>M\u00f6chten Sie in einer Gruppe die Brauerei Falken besichtigen? Brauereirundg\u00e4nge werden f\u00fcr Gruppen ab 10 bis 20 Personen durchgef\u00fchrt, dies nat\u00fcrlich inkl. Freibier und grossen Brezen.</p><p>Falls Sie einige der Biere mit einem Bier-Sommelier degustieren m\u00f6chten, k\u00f6nnten Sie dies zus\u00e4tzlich buchen. \n\nBei Interesse kontaktieren Sie bitte direkt die Brauerei Falken.</p>", "url": "http://www.falken.ch/", "image": "https://ostpimtsoch.sos-ch-dk-2.exoscale-cdn.com/catalog/a/4/c/a/a4ca19949ccfbe3d69fe20806a477c5247d2f3ff_ba200de9364ca3f57db907ae4d6360a9.jpg", "openstreetmap_id": "node/570622891"}, "geometry": {"type": "Point", "coordinates": ["8.6448942", "47.710864"]}}, {"type": "Feature", "properties": {"identifier": "9b806ef0-f838-4e17-a6d3-19ee116ca605", "name": "Restaurant Mineralbad", "description": "1463 wurde die Heilquelle Unterrechstein erstmals urkundlich erw\u00e4hnt. Seit \u00fcber 300 Jahren wird das heilsame, mineralhaltige Wasser zum Baden genutzt, anf\u00e4nglich in einfacher Behausung, sp\u00e4ter im Gasthaus Mineralbad, zuerst in Holzzubern und dann in Blechbadewannen. \nMit dem Bau des Appenzeller Heilbads in den 1980er-Jahren verlor das Restaurant Mineralbad seine Rolle als \u00abB\u00e4dli\u00bb. Aber es blieb das gem\u00fctliche, geschichtstr\u00e4chtige Gasthaus. Seit es leicht umgebaut wurde und Eric Dufeu nebst dem Heilbad-Bistro auch die Leitung des Restaurants Mineralbad \u00fcbernommen hat, erlebt es einen neuen Aufschwung. Eine kleine, aber feine Speise- und Weinkarte mit saisonaler und regionaler K\u00fcche l\u00e4dt zum Verweilen ein. \nDas Restaurant bietet bis zu 40 Personen grossz\u00fcgig Platz. Im traditionellen Mineralbad-St\u00fcbli k\u00f6nnen bis zu 12 Personen bedient werden. \nAuf Anfrage k\u00f6nnen Veranstaltungen auch ausserhalb der offiziellen \u00d6ffnungszeiten gebucht werden.", "url": "https://www.restaurant-mineralbad.ch/", "image": "https://ostpimtsoch.sos-ch-dk-2.exoscale-cdn.com/catalog/2/5/d/b/25dbb91d5ac7580a24750b513348117abed5cc20_8977f6e7d23f22117e80c9ee5818a7da.png", "openstreetmap_id": "node/984723897"}, "geometry": {"type": "Point", "coordinates": ["9.515908956527712", "47.430144592248"]}}, {"type": "Feature", "properties": {"identifier": "9c1ab804-ba7d-447e-a486-f9d792cc0519", "name": "Huberwein", "description": "Huberwein ist ein nachhaltiges Familienunternehmen zwischen Weinfelden und Amriswil in G\u00f6tighofen. Neben dem Standort im Thurgau gibt\u2019s auch einen im Piemont. Im Thurgau bieten heimische Rebsorten die Grundlage f\u00fcr facettenreiche, geschmackvolle und einzigartige Thurgauer Weine. Im Piemont liegt der Schwerpunkt auf charakterstarken Rotweinen. Die Nachhaltigkeit beh\u00e4lt die Familie bei ihrer Arbeit in zwei L\u00e4ndern stets im Fokus. Viel Herzblut und Handarbeit fliessen ein. Ged\u00fcngt wird nur biologisch, auf Herbizid verzichtet. Wiesenblumen, Haselnuss oder Obstb\u00e4ume bl\u00fchen rund um den Thurgauer Rebberg und f\u00f6rdern die Biodiversit\u00e4t. In ansprechendem Ambiente degustieren G\u00e4ste in G\u00f6tighofen die Huberweine. Gew\u00e4hlt wird zwischen verschiedenen mehr oder weniger umfangreichen Degustationsangeboten. Eine Weinbar, die jeden ersten Freitag im Monat abends \u00f6ffnet, erfreut mit ausgew\u00e4hlten Weinen im Offenausschank und l\u00e4sst G\u00e4ste in die Huberweinwelt eintauchen, kleines Ap\u00e9ro-H\u00e4ppchen pro Glas inbegriffen.", "url": "https://www.huberwein.ch/", "image": "https://ostpimtsoch.sos-ch-dk-2.exoscale-cdn.com/catalog/5/9/9/5/59957d15d86aead399b9a45614ee029a50f856ae_f9c377c1d689b22b84688fddeff5c800.jpg", "openstreetmap_id": "node/780011658"}, "geometry": {"type": "Point", "coordinates": ["9.206280112266542", "47.53642784543936"]}}, {"type": "Feature", "properties": {"identifier": "9c2825f0-8474-405f-9936-7640e824fa76", "name": "Restaurant National \u2013 zum Goldenen Leuen", "description": "<p>Im Restaurant National zum goldenen Leuen \u2013 liebevoll \u00abNAZ\u00bb genannt \u2013 erwartet die G\u00e4ste ein kulinarisches Erlebnis der besonderen Art: Hier kommen sie in den Genuss von Spezialit\u00e4ten wie den weit \u00fcber die Stadtgrenzen hinaus bekannten Ch\u00e4sch\u00fcechli, Wei\u00dfw\u00fcrsten mit Brezel und Schweizer Tapas. Dazu passt perfekt ein frisch gezapftes Bier von der huus-braui in Roggwil.\n</p><p>Das NAZ ist ein Traditionslokal im malerischen Riegelhaus, das mit rustikalem Charme und entspannter Atmosph\u00e4re begeistert. Gelegen im Herzen der s\u00fcdlichen St. Galler Altstadt am Gr\u00fcningerplatz, nur wenige Schritte vom St. Galler Dom und dem UNESCO-Weltkulturerbe Klosterplatz entfernt, l\u00e4dt das NAZ sowohl Einheimische als auch Touristen ein, hier zu verweilen. In der gem\u00fctlichen Gaststube rund um den historischen Kachelofen f\u00fchlt sich jeder Gast sofort willkommen.\n</p><p>Ein Geheimtipp: Wer die Toiletten besucht, entdeckt auf der Damentoilette eine beeindruckende Tapete des St. Galler Textilunternehmens Jakob Schlaepfer, w\u00e4hrend bei den Herren kunstvolle Kacheln des \u00f6sterreichischen K\u00fcnstlers Manfred Deix f\u00fcr Staunen sorgen.</p><p>\nGeschichte trifft Genuss:\nBereits 1894 war das National ein Ort des Bierhandels mit deutschen Bieren und Weinen. Damals mussten importierte Bierhumpen mit einer Schweizer Eichung versehen werden, um in den Bierhallen genutzt zu werden. Das traditionsreiche Riegelhaus an der Schmiedgasse 30 wurde 1603 von der Handelsfamilie Zollikofer erbaut, die als \u00abGesellschaft zum L\u00f6wenkopf\u00bb bekannt war \u2013 daher der vergoldete L\u00f6wenkopf an der Hausecke. Inschriften von 1603 und 1670 erz\u00e4hlen die Geschichte eines Neubaus und sp\u00e4teren Anbaus, die das NAZ bis heute pr\u00e4gen.</p>", "url": "https://naz-sg.ch/index.html", "image": "https://ostpimtsoch.sos-ch-dk-2.exoscale-cdn.com/catalog/d/f/1/0/df104a73f44f36e18f6243cfd5cbf0d02ce52116_435963bc31a49e4529d7bbc7b3acec0d.jpg", "openstreetmap_id": "node/445475143"}, "geometry": {"type": "Point", "coordinates": ["9.3751844", "47.4236845"]}}, {"type": "Feature", "properties": {"identifier": "9cb2beb9-1a66-4bee-87c7-96724dfedb82", "name": "Gustav Kahn", "description": "Gustav Gleis, Lokomotivf\u00fchrer und Weltenbummler, erf\u00fcllt sich seinen lang ersehnten Traum und erkundet neu auch mit seinem Kahn die Welt. \n\nSein neues Zuhause hat Gustav liebevoll mit Souvenirs von seinen Reisen eingerichtet: Knallig farbige Vintage-M\u00f6bel aus Italien verbreiten auf dem Hafenplatz eine fr\u00f6hliche Stimmung. Ein Gesp\u00fcr f\u00fcrs Detail hat Gustav auch bei Gaumenfreuden. Ja, er ist ein nachhaltiger Feinschmecker. Eine gesunde und regionale Ern\u00e4hrung ist ihm so wichtig, dass er eigene Salate und Kr\u00e4uter anpflanzt. Aber bei aller Regionalit\u00e4t bleibt er doch weltoffen: Auf Hawaii hat er die Zubereitung von k\u00f6stlichen Pok\u00e9 Bowls erlernt, in S\u00fcdamerika wurde er zum Grillspezialisten und die Briten haben ihn f\u00fcr Fish & Chips begeistert. Unterwegs in der T\u00fcrkei befasste er sich mit Kaffeebr\u00fchen, und seit er in Spanien war, lebt er sein Flair f\u00fcr Cocktails aus. All diese K\u00f6stlichkeiten bereitet er f\u00fcr seine G\u00e4ste in seinem immer verl\u00e4sslichen Kahn zu.", "url": "https://www.gustavkahn.ch", "image": "https://ostpimtsoch.sos-ch-dk-2.exoscale-cdn.com/catalog/3/9/c/5/39c5c2fe8606517b45c6e56768ea9a52b2371cad_9cd0cc45e53b07a1d90ee220cfb845b2.jpg", "openstreetmap_id": "way/335761499"}, "geometry": {"type": "Point", "coordinates": ["9.384310310857634", "47.567691901761"]}}, {"type": "Feature", "properties": {"identifier": "9ccb15ed-5430-41c0-b7c6-6a28950dce6a", "name": "Restaurant Schloss Oberberg", "description": "Auf dem \u00e4ltesten erhaltenen Bau geniessen G\u00e4ste eine spektakul\u00e4re Aussicht auf den Alpstein, S\u00e4ntis, das F\u00fcrstenland sowie die Stadt St.Gallen. Gem\u00fctlich einkehren und k\u00f6niglich geniessen ist angesagt im stilvollen Restaurant. Im hauseigenen \n\nDas Schloss Oberberg wurde 1262 erstmals urkundlich erw\u00e4hnt. In seiner bewegten Geschichte diente der imposante Bau als Sitz von Oberv\u00f6gten und als Gerichtsort. Sp\u00e4ter beherbergte das Schloss eine K\u00e4serei, ein Sticklokal und schliesslich ein Restaurant. Bis heute steht das historische Geb\u00e4ude ganz im Zeichen der Gastlichkeit.", "url": "https://www.schlossoberberg.ch/", "image": "https://ostpimtsoch.sos-ch-dk-2.exoscale-cdn.com/catalog/e/c/5/7/ec575d5870f812e96fcaf7ca86db77baf67e06a1_0dcb58e8f3a1a608debdbe1d417f4102.JPG", "openstreetmap_id": "way/94381961"}, "geometry": {"type": "Point", "coordinates": ["9.28579", "47.414739"]}}, {"type": "Feature", "properties": {"identifier": "9d0f20b1-c95d-4bbe-b0d7-1a929f4ee6e4", "name": "Erlebnisweingut Burkhart - Thurgau Tourismuspreisgewinner 2022", "description": "<p>Das Erlebnisweingut Burkhart verf&uuml;gt &uuml;ber einen Rebberg von 8 Hektaren. Bei einem Rundgang mit dem Winzer durch Weinberg, Keller und anschliessender Degustation wird der Weinfelder Rebbau mit allen Sinnen erlebt. Das Eventgeb&auml;ude mit herrlicher Aussicht &uuml;ber den Rebberg bietet Platz f&uuml;r Ap&eacute;ros, Fest- und Firmenessen, Seminare sowie Workshops. Tradition, Innovation und Nachhaltigkeit stehen auf dem Weingut im Einklang mit Mensch und Natur, dies mitten im Thurgau. Das Weingut Burkhart in Weinfelden ist bei Gault Millau unter den besten 150 Weing&uuml;tern der Schweiz, im Vinum unter den Besten 200 gelistet und erhielt f&uuml;r das Jahr 2026 den Handwerkspreis von Best of Swiss Wine Tourism.</p>", "url": "http://www.weingut-burkhart.ch/", "image": "https://ostpimtsoch.sos-ch-dk-2.exoscale-cdn.com/catalog/a/b/7/4/ab74715ffb20cab71acb6cd40ac9e0b425569418_e458959237562468358ab6290015b293.JPG", "openstreetmap_id": "node/7325738759"}, "geometry": {"type": "Point", "coordinates": ["9.1033572", "47.5770368"]}}, {"type": "Feature", "properties": {"identifier": "9e46c2f6-795a-4f15-a31f-b4e2dcc4f5b2", "name": "Caf\u00e9 Kilian", "description": "Caf\u00e9 mit gem\u00fctlicher Einrichtung, die dazu einladen stundenlang zu verweilen, Kaffee zu trinken und Kuchen zu essen.", "url": "https://www.cafe-kilian.ch/joomla/", "image": "https://ostpimtsoch.sos-ch-dk-2.exoscale-cdn.com/catalog/4/c/e/1/4ce164f626c1099dd9d8051e25fd26f9587a1690_1b6405db5a70778d7ed7c942e1fff4f6.jpg", "openstreetmap_id": "relation/1683906"}, "geometry": {"type": "Point", "coordinates": ["9.420336492003223", "47.0489589114756"]}}, {"type": "Feature", "properties": {"identifier": "9e750836-90f1-4f1e-aa45-24d30aff05d5", "name": "Affekt-Bar", "description": "Einzigartiges Ambiente, gem\u00fctliche und grosse Terrasse, feine Drinks, auserlesener Sound und kleine K\u00f6stlichkeiten - das ist die Affekt-Bar. Sie befindet sich im Herzen der Stadt St.Gallen, genauer gesagt an der Br\u00fchlgasse. Die Location, welche bereits seit mehr als 20 Jahren als Bar fungiert, ist fester Bestandteil und Treffpunkt des St.Galler Nachtlebens, Sie ist nicht nur bei den Einheimischen, sondern auch weiter \u00fcber die Kantonsgrenze hinaus bekannt und beliebt. Komm vorbei und \u00fcberzeug dich selbst - wir freuen uns auf dich!", "url": "https://affekt.ch/", "image": "https://ostpimtsoch.sos-ch-dk-2.exoscale-cdn.com/catalog/f/2/9/d/f29dd0bb272fa650741cf92abe481d734e925f75_1d7414c66694ae3d406b80e6924c271c.jpg", "openstreetmap_id": "node/404540472"}, "geometry": {"type": "Point", "coordinates": ["9.378164682142863", "47.4256316"]}}, {"type": "Feature", "properties": {"identifier": "9eeeb0cd-6c60-4f4f-9686-a8b097c33723", "name": "Izakaya Ekimae", "description": "Das Izakaya Ekimae im Tailormade Hotel LEO St.Gallen bringt die traditionell japanische K\u00fcche direkt nach St.Gallen und offenbart eine kulinarische Tradition, die sich in der Stadt bisher bedeckt gehalten hat. Kein Sushi, daf\u00fcr alles, was sonst im Land der aufgehenden Sonne auf den Tisch kommt. Frisch, puristisch und geschmacklich unglaublich elegant werden die G\u00e4ste auf direktem Weg nach Kyoto, Osaka oder Tokyo entf\u00fchrt.\n\nDas Restaurant und dessen Konzept mit seinen vielen kleineren Gerichten, die dann geteilt und herumgereicht werden, laden zum l\u00e4ngeren Verweilen ein und garantieren ein vollumfassendes Geschmackserlebnis.", "url": "https://www.ekimae.ch", "image": "https://ostpimtsoch.sos-ch-dk-2.exoscale-cdn.com/catalog/8/5/3/d/853da77ce9cf2129ab7ed5acdba26e33a6e91e5c_5c387cc30f99050fcd912367f44697c0.jpg", "openstreetmap_id": "way/25496362"}, "geometry": {"type": "Point", "coordinates": ["9.365045428276064", "47.421728903528"]}}, {"type": "Feature", "properties": {"identifier": "9f4c20d2-7dee-4968-b886-116d5e9c7bd3", "name": "H\u00f6fli Pub", "description": "Aussergew\u00f6hnliches, Gastronomie-Konzept. Geniessen Sie die einmalige Atmosph\u00e4re und Ambiente in unseren mystischen und faszinierenden Gew\u00f6lben.", "url": "https://www.hoeflipub.ch/", "image": "https://ostpimtsoch.sos-ch-dk-2.exoscale-cdn.com/catalog/d/1/1/b/d11b7409182fa2e9e86212ed5d5242ae8957304f_08fd1ac869070938da67c470c337b29e.jpeg", "openstreetmap_id": "way/377480157"}, "geometry": {"type": "Point", "coordinates": ["9.420218544565927", "47.047087672127"]}}, {"type": "Feature", "properties": {"identifier": "a126ba9b-d533-4878-9b22-0836b97b3cff", "name": "Landgasthof Linde", "description": "In der Mitte von Berschis gelegen, strahlt das 300-j\u00e4hrige Haus jede Menge Tradition und Heimatverbundenheit aus. Treten Sie ein und lassen Sie sich von den gem\u00fctlichen R\u00e4umen \u00fcberraschen. Das Restaurant und das St\u00fcbli werden mit viel Liebe zum Detail geschm\u00fcckt und gepflegt.\n\nGeniessen Sie im rauchfreien St\u00fcbli einen oder mehrere G\u00e4nge des w\u00f6chentlich wechselndes Feinschmeckermen\u00fcs. Im heimeligen Dorfbeizli werden die preiswerten Gerichte mit ebenso viel Liebe zubereitet.", "url": "http://www.lindeberschis.ch", "image": "https://ostpimtsoch.sos-ch-dk-2.exoscale-cdn.com/catalog/a/3/3/c/a33cab811bd60744ddfb385ce8c21fbd3a481332_2b1b034bad22cfc87cd2a211cbcb8270.jpg", "openstreetmap_id": "node/5493974978"}, "geometry": {"type": "Point", "coordinates": ["9.3461533", "47.1063672"]}}, {"type": "Feature", "properties": {"identifier": "a215c2e2-6b83-4bcf-bfca-e74763f75b81", "name": "Restaurant Krone am See", "description": "Das Restaurant Krone liegt im Thurgauer Apfeldorf Altnau direkt am Bodensee. Es ist aufgeteilt in zwei Teile. Drinnen erwartet G\u00e4ste ein stilvolles Fine Dining Restaurant mit moderner K\u00fcche, wo viele regionale Produkte einfliessen, und auch kreative vegetarische und vegane Gerichte dazu geh\u00f6ren. Die Weinkarte gl\u00e4nzt mit exzellenten Weinen aus dem Thurgau, aber auch aus der Schweiz und Europa. Der zweite Teil draussen heisst \u00abKrone Easy\u00bb. Dies ist eine gesellige Sommerterrasse mit einfachen Menus in Selbstbedienung oder f\u00fcr Take Away. Hier k\u00f6nnen Bestellungen vor Ort, online vom Altnauer Badestrand grad nebenan oder gar vom Boot aus gemacht und abgeholt werden. Beide Teile der Krone, Restaurant und Terrasse, haben eins gemein: die wunderbare Seesicht. Die Krone ist zudem ein idealer Start- oder Endpunkt f\u00fcr Ausfl\u00fcge um und \u00fcber den Bodensee. Oberhalb des Dorfes startet der Altnauer Apfelweg, ein Themenweg \u00fcber das rotbackige Fr\u00fcchtchen, f\u00fcr das der Thurgau so bekannt ist.", "url": "https://www.krone-altnau.ch/", "image": "https://ostpimtsoch.sos-ch-dk-2.exoscale-cdn.com/catalog/0/8/0/d/080dfa58e8847cec71a05a6b05648fd7b626885f_4adb0f8bdd39e4164e469e92331bcb86.jpg", "openstreetmap_id": "node/1997230018"}, "geometry": {"type": "Point", "coordinates": ["9.2675946", "47.6226731"]}}, {"type": "Feature", "properties": {"identifier": "a66dfa9b-17fa-4790-922a-2aceafb0d12c", "name": "Liesch Weine AG, Ueli & J\u00fcrg Liesch", "description": "Rebberge, Keller und Verkaufsr\u00e4ume liegen idyllisch mitten im Gr\u00fcnen. Geniessen Sie einen Kurzbesuch oder einen langen Einblick in die Welt des Winzers oder mieten Sie die R\u00e4umlichkeiten, um Ihren Anlass selbst gestalten.", "url": "http://www.liesch-weine.ch", "image": "https://ostpimtsoch.sos-ch-dk-2.exoscale-cdn.com/catalog/1/4/0/9/1409c1901cb68e6db0cf4b1a778410cead44e71c_c81801bbb26726c1350793fe5f422f0b.jpg", "openstreetmap_id": "way/1188429141"}, "geometry": {"type": "Point", "coordinates": ["9.55787241817269", "46.988163530330276"]}}, {"type": "Feature", "properties": {"identifier": "a69745dc-4f1e-4f55-8484-a14a8d3311b6", "name": "Restaurant Forum Landquart", "description": "<div class=\"elementor-element elementor-element-f039019 elementor-widget elementor-widget-text-editor\" data-id=\"f039019\" data-element_type=\"widget\" data-e-type=\"widget\" data-widget_type=\"text-editor.default\"><p>Das&nbsp;<strong data-start=\"4\" data-end=\"24\">Restaurant Forum</strong>&nbsp;ist ein Ort, an dem Tradition und Genuss aufeinandertreffen. Hier wird mit Leidenschaft gekocht, ehrlich, bodenst&auml;ndig und immer frisch.</p></div><div class=\"elementor-element elementor-element-973c26b elementor-widget elementor-widget-text-editor\" data-id=\"973c26b\" data-element_type=\"widget\" data-e-type=\"widget\" data-widget_type=\"text-editor.default\"><p>Die K&uuml;che bietet klassische Schweizer und &ouml;sterreichische Spezialit&auml;ten, zubereitet mit besten regionalen Zutaten. Ob zum gem&uuml;tlichen Mittagessen, zum Abendessen mit Freunden oder f&uuml;r besondere Anl&auml;sse, im Restaurant Forum steht das Wohl der G&auml;ste immer im Mittelpunkt.</p></div>", "url": "https://restaurant-forum.ch/", "image": "https://ostpimtsoch.sos-ch-dk-2.exoscale-cdn.com/catalog/f/e/8/f/fe8f0dd14b8a78488165cc23ae93cd13aeecdc23_bf200323457316d69397513710384b65.jpeg", "openstreetmap_id": "way/364906798"}, "geometry": {"type": "Point", "coordinates": ["9.562952208064512", "46.957444100000004"]}}, {"type": "Feature", "properties": {"identifier": "a7599578-574d-4557-beb8-b7482cbdd7c0", "name": "PATAP Nano - Kaffeer\u00f6sterei / Espressobar / Kaffeeshop", "description": "<p><strong>Unser Ziel<br></strong>Kaffee, der gut schmeckt &ndash; und sich auch gut anf&uuml;hlt. Fair. Sauber. Transparent.</p><p><strong>Unsere Mission<br></strong>Exzellenter Kaffee mit Verantwortung.</p><p>&nbsp;</p><p>&nbsp;</p><p>Guter Kaffee entsteht da, wo Menschen wissen, was sie tun &ndash; und wof&uuml;r. Wir arbeiten mit Partner:innen, die nicht auf Masse, sondern auf Substanz setzen. Wir r&ouml;sten Kaffee so, wie er gemeint ist: Klar. Sauber. Eigenst&auml;ndig. Hell oder dunkel &ndash; wenn, dann richtig. Kein Kompromiss. Nur Charakter. Kaffee ist mehr als ein Getr&auml;nk. Er ist Begegnung, Kultur, Alltag und Ausnahme zugleich. Seit Jahrhunderten bringt Kaffee Menschen an einen Tisch. Zum Reden. Zum Streiten. Zum Nachdenken.</p><p>&nbsp;</p><p>Unsere Espressobar ist genau daf&uuml;r da. Ein Ort mit Haltung. Und verdammt gutem Kaffee. WARUM WIR KAFFEE R&Ouml;STEN? WEIL&rsquo;S N&Ouml;TIG IS. PUNKT. Kaffee ist nicht einfach Kaffee. Er ist Handel, Geschichte, Ausbeutung &ndash; und gleichzeitig Geschmack, Kultur und Begegnung. Wir r&ouml;sten, weil wir zeigen wollen, dass es anders geht: transparent, fair, kompromisslos gut. Unsere Kaffees kommen nicht aus anonymen Lagern, sondern direkt von Leuten, die wissen, was sie tun. Kleinfarmer:innen, Kooperativen, Familienbetriebe &ndash; Menschen mit Haltung. Wir kaufen direkt, zahlen Preise, die Sinn machen, und zeigen, was bei uns h&auml;ngen bleibt. Alles offen, alles sichtbar.</p><p>Unsere R&ouml;stungen zeigen, was Kaffee kann: Frucht, Tiefe, Klarheit &ndash; manchmal auch Ecken und Kanten. Keine Effekthascherei &ndash; nur ehrliches Handwerk mit Haltung. Und ja: Ohne die Produzent:innen w&auml;ren wir nix. Deshalb nehmen wir uns selbst nicht zu wichtig. Aber das, was wir tun, nehmen wir ernst.</p><p>Und weil Haltung nicht beim Kaffee aufh&ouml;rt &hellip; Backen wir genauso: Handwerkliches Brot. Selbstgemachte Kuchen. Ehrlich, pur, regional. Butter, Mehl und Co. kommen direkt von Erzeuger:innen aus der Umgebung. Ohne Kram. Ohne Kompromiss. Wie beim Kaffee. Ob Croissant zum Espresso oder Sauerteigbrot f&uuml;r daheim &ndash; alles, was wir machen, soll gut schmecken. Und sich gut anf&uuml;hlen.</p><p>PATAP ist nicht perfekt. Aber echt. Und das ist uns wichtiger.</p>", "url": "https://patap.ch", "image": "https://ostpimtsoch.sos-ch-dk-2.exoscale-cdn.com/catalog/8/1/1/4/8114114d54a8a50dd80cf6755cbbbeaff2f4e98d_f03d08b0709b3a40fbd1f9401aa7abfa.jpeg", "openstreetmap_id": "way/142986362"}, "geometry": {"type": "Point", "coordinates": ["8.8597778", "47.6594694"]}}, {"type": "Feature", "properties": {"identifier": "a777068e-2359-4194-bf44-670017c7f86c", "name": "Restaurant Linde", "description": "Im Bistro werden den G\u00e4sten einfachere Gerichte f\u00fcr den kleinen Hunger serviert. Der lauschig-schattige Garten bietet im Sommer zus\u00e4tzlichen Platz zum Verweilen und Geniessen.\n\nDas Bier wird von der huus-braui aus Roggwil bezogen. Von den unfiltrierten Bierspezialit\u00e4ten sind jeweils mindestens drei Sorten im Offenausschank erh\u00e4ltlich. Zwei Mal j\u00e4hrlich findet zudem der Anlass \u00abBier und so\u00bb statt. Zu jedem der sieben G\u00e4nge wird ein passendes Bier serviert. Ein echter Tipp f\u00fcr Bierfans und Geniesser!", "url": "http://www.linde-roggwil.ch/", "image": "https://ostpimtsoch.sos-ch-dk-2.exoscale-cdn.com/catalog/3/c/1/f/3c1fc65918dd7816afc6245a0c860af8fb3c1d64_6ec798822fbbf04947349de8d4ef3712.jpg", "openstreetmap_id": "way/243203300"}, "geometry": {"type": "Point", "coordinates": ["9.398261200000004", "47.502164050000005"]}}, {"type": "Feature", "properties": {"identifier": "a90b0978-6c7b-43e6-9558-0d17632fc354", "name": "US-MEX Schaffhausen", "description": "In der Fussg\u00e4ngerzone der Schaffhauser Altstadt liegt das Restaurant US-MEX. Lange \u00d6ffnungszeiten, grosse Portionen, g\u00fcnstige Preise und eine unkomplizierte Atmosph\u00e4re zeichnen dieses Restaurant aus. Es verf\u00fcgt \u00fcber 200 Sitzpl\u00e4tze inkl. Wintergarten. An warmen Tagen kommt eine grossz\u00fcgige Terrasse und ein charmanter Innenhof dazu. Das US-MEX l\u00e4sst einem mit seinem typisch mexikanischen Style den Alltag vergessen.", "url": "http://www.usmex.ch/", "image": "https://ostpimtsoch.sos-ch-dk-2.exoscale-cdn.com/catalog/6/f/5/e/6f5e5d0509ffe27ef30a5bab3c106316632f8c8f_771673415a6e8c0ea31c934fe1176e1a.jpg", "openstreetmap_id": "node/8621647085"}, "geometry": {"type": "Point", "coordinates": ["8.6361913", "47.6960895"]}}, {"type": "Feature", "properties": {"identifier": "a999ed1a-7b9a-4c36-af65-56b174cd58a1", "name": "Restaurant Zanai", "description": "Bei uns geniessen Sie frische, regionale, saisonale K\u00f6stlichkeiten aus der Schweizer K\u00fcche, serviert in modernen Interpretationen. Zus\u00e4tzlich zu unseren saisonalen Spezialit\u00e4ten und der \u00e0-la-carte-Auswahl pr\u00e4sentieren wir Ihnen jede Woche wechselnde \u00abWochenhits\u00bb. Diese exklusiven Kreationen unseres K\u00fcchenteams sind stets frisch, innovativ und spiegeln die Vielfalt der Schweizer K\u00fcche wider.\n\nAuf Wunsch kochen wir auch laktose- und glutenfrei und informieren Sie gerne \u00fcber die verwendeten Zutaten in unseren Gerichten.\n\nDas Restaurant Zanai befindet sich im Rehazentrum Valens und ist t\u00e4glich ge\u00f6ffnet. Wir freuen uns auf Ihren Besuch!", "url": "https://www.restaurant-zanai.ch/", "image": "https://ostpimtsoch.sos-ch-dk-2.exoscale-cdn.com/catalog/2/e/e/2/2ee291bea11bcb1657a5f962e3e1f612b9b98963_5fc079418072e2d7e0c065a2366cb549.jpg", "openstreetmap_id": "node/419793506"}, "geometry": {"type": "Point", "coordinates": ["9.4833655", "46.9698933"]}}, {"type": "Feature", "properties": {"identifier": "aa45e1bd-a179-4584-b7b9-2fb7b296ab3a", "name": "Bergwirtschaft K\u00f6belisberg", "description": "Nach ca. 45 Gehminuten erreicht man die Bergwirtschaft K\u00f6belisberg. Ab Parkplatz Burg (n\u00e4he Wasserfluh). Entsch\u00e4digt f\u00fcr den einfachen Aufstieg wird man mit einem wundersch\u00f6nen Panorama. Im Winter darf man sich den Fondue- oder Raclettplausch vor einer rasanten Schlittelfahrt nicht entgehen lassen. Im Sommer werden Sie mit einem K\u00f6beli-Teller verw\u00f6hnt. Unser neues Massenlager bietet Platz f\u00fcr 10 Personen. Geniessen Sie ein feines Essen und staunen \u00fcber das Sternenpanorama. Am n\u00e4chsten Morgen sind Sie als Erster auf dem Berg und haben vielleicht noch die Gelegenheit scheues Wild zu beobachten und dann ein reichhaltiges Fr\u00fchst\u00fcck zu geniessen.", "url": "https://koebelisberg.com/", "image": "https://ostpimtsoch.sos-ch-dk-2.exoscale-cdn.com/catalog/4/5/5/8/45585e6f2f9cbc1565a68617e909b12a31d5dbf8_f653f6f512e4381dbfe47901adedcf59.jpg", "openstreetmap_id": "node/373704829"}, "geometry": {"type": "Point", "coordinates": ["9.1094641", "47.3139253"]}}, {"type": "Feature", "properties": {"identifier": "aae107ea-0469-4623-ad99-0a8c5b3bc3b9", "name": "Cocktail-Werkstatt in der Eventlocation zur Werkstatt", "description": "Warum nicht mal hinter der Bar dem Cocktail-Profi \u00fcber die Schultern schauen \u2013 statt vor der Bar stehen? Der Barkeeper zeigt Schritt f\u00fcr Schritt die verschiedenen Mix-Arten und worauf es bei der hohen Kunst des Cocktails zubereiten ankommt. Und nun sind die G\u00e4ste dran! Mit der passenden Ap\u00e9roplatte aus der K\u00fcche, eignet sich der Workshop wunderbar f\u00fcr einen Event.\n\nBarkeeper und Cocktails w\u00e4hrend 90 Minuten inkl. Ap\u00e9roplatte, Mineral und Cocktail-Rezepte zum Mitnehmen\n\nCHF 75 / Person inkl. MwSt. \n\nT\u00e4glich buchbar ab 8 Personen", "url": "https://www.zurwerkstatt-sg.ch/", "image": "https://ostpimtsoch.sos-ch-dk-2.exoscale-cdn.com/catalog/3/4/7/4/347432e7c2df46ca1a79ba229cae1cd5697d9b83_4862fe291064d35ffa4e7723d2e0361c.jpg", "openstreetmap_id": "node/10705895705"}, "geometry": {"type": "Point", "coordinates": ["9.375021", "47.425561"]}}, {"type": "Feature", "properties": {"identifier": "aaee46c2-dbc8-4b0b-b512-80746fb34b8a", "name": "Speiserestaurant Maienhalde", "description": "Das Speiserestaurant wird bereits in der vierten Generation gef\u00fchrt. Nebst der allseits beliebten gutb\u00fcrgerlichen K\u00fcche werden auch stets frische und saisonale Spezialit\u00e4ten angeboten. Die R\u00e4umlichkeiten bieten Platz f\u00fcr Anl\u00e4sse und Feiern f\u00fcr Gross und Klein \u2013 sei dies im Saal oder in einem der gem\u00fctlichen St\u00fcbli. Belohnt werden die G\u00e4ste auch mit einer herrlichen Aussicht auf das St.Galler Rheintal und das benachbarte Vorarlberg.\n\nDas Reb- und Weingut steht f\u00fcr umweltnahen IP-Weinbau. Die grosse Sortenvielfalt, die im modernen Kelterungsbetrieb produziert wird, enth\u00e4lt sowohl traditionelle Weine als auch neue Kreationen.\n\nDas Speiserestaurant Maienhalde ist erster Etappenort auf der kulinarischen Wanderung im Rheintal und verw\u00f6hnt die G\u00e4ste mit der Vorspeise.", "url": "http://www.maienhalde.ch/", "image": "https://ostpimtsoch.sos-ch-dk-2.exoscale-cdn.com/catalog/9/c/9/5/9c959b2a68bc8d30e53d550e958d9f7da4727f15_6fcbc2bc6b349cfa4a2ff8cac7ba0447.jpg", "openstreetmap_id": "node/1807877684"}, "geometry": {"type": "Point", "coordinates": ["9.6027166", "47.4263311"]}}, {"type": "Feature", "properties": {"identifier": "ab4f4fe0-d512-4445-9ccd-8f927df26a2d", "name": "Klosterbistro Da Focacceria", "description": "<p>Das Klosterbistro befindet sich im wundersch&ouml;nen St.Galler Stiftsbezirk in der N&auml;he des Gallusplatzes. Im Sommer bietet sich der Sonnenplatz f&uuml;r einen k&uuml;hlen Ap&eacute;ro an. Im Winter wird es drinnen bei Kaffee- und Teeduft gem&uuml;tlich. Kulinarisch bietet das Klosterbistro viele hausgemachte Leckereien aus der focacceria. Dazu geh&ouml;ren ofenfrische Focaccias, Lasagne und Parmigiana, herzhafte Suppen und Quiches. F&uuml;r am Nachmittag Kuchen und Torten. Auserlesene Weine und regionale Biere runden das Angebot ab.</p>", "url": "https://klosterbistro.ch/", "image": "https://ostpimtsoch.sos-ch-dk-2.exoscale-cdn.com/catalog/0/b/b/8/0bb884ab157f208ce72a52566958dc165a7b0367_0408f55f50711637180e15c49cb7b2fb.jpg", "openstreetmap_id": "way/642815916"}, "geometry": {"type": "Point", "coordinates": ["9.37722", "47.42254"]}}, {"type": "Feature", "properties": {"identifier": "abfe243f-1e2d-47cc-955a-a6cbe23d7b51", "name": "Caf\u00e9 am Rheinquai", "description": "Mit viel Sorgfalt zubereitete Fr\u00fchst\u00fccke (Brunches), selbstgemachte Kuchen und Torten sowie auserlesene Caf\u00e9- und Teespezialit\u00e4ten bilden den Kern unseres Angebots.\n\u00dcber Mittag servieren wir Tellergerichte, Suppen, Fladenbrote und Marktsalate, f\u00fcr den Nachmittag und fr\u00fchen Abend gibt es unsere Ap\u00e9roh\u00e4ppchen.\nIn unserem Caf\u00e9 legen wir Wert auf qualitativ hochstehende Produkte und stellen fast alles vor Ort selber her. Wir setzen, soweit m\u00f6glich, auf regional, fair und biologisch hergestellte Lebensmittel. F\u00fcr gr\u00f6ssere Gruppen unterbreiten wir gerne eine Offerte f\u00fcr Morgenessen, Mittagessen oder einen Ap\u00e9roanlass.", "url": "https://cafe-am-rheinquai.ch", "image": "https://ostpimtsoch.sos-ch-dk-2.exoscale-cdn.com/catalog/a/a/9/4/aa94fb6ac2a6f396b45b731b916ddc3b058d7f6b_dccd98bc6e33b5eb3e28e4fac435cf3f.JPG", "openstreetmap_id": "node/10967821232"}, "geometry": {"type": "Point", "coordinates": ["8.6423408", "47.6953761"]}}, {"type": "Feature", "properties": {"identifier": "ae06997a-2ab1-40e5-8359-143056456040", "name": "Ap\u00e9ro-Korb der B\u00e4ckerei F\u00fcger", "description": "<p class=\"MsoNormal\">Sei es am Bodenseeufer beim Forum W\u00fcrth in Rorschach, beim\nHafen in Steinach oder bei den Drei Weieren in St.Gallen. Sowohl in der Stadt\nals auch auf dem Land gibt es Pl\u00e4tze zum Ausruhen und Entspannen.<o:p></o:p></p><p class=\"MsoNormal\">Die B\u00e4ckerei F\u00fcger mit Standorten in St.Gallen, Rorschach,\nSteinach und M\u00f6rschwil hat einen Korb mit verschiedenen K\u00f6stlichkeiten\nzusammengestellt. Um im Trockenen sitzen zu k\u00f6nnen, gibt es ein buntes Tuch,\ndas als Picknickdecke dient. Dieses erz\u00e4hlt von der Vision der Riklin-Br\u00fcder\nund dem BIGNIK. Der Ap\u00e9ro-Korb ist f\u00fcr 2 Personen buchbar. Weitere\nSpezialit\u00e4ten k\u00f6nnen direkt vor Ort bei F\u00fcger bezogen werden.<o:p></o:p></p><p class=\"MsoNormal\"><b>So funktioniert's:</b><o:p></o:p></p><p class=\"rich-text-paragraph\" piano-view-event=\"false\" data-v-360ed6ae=\"\" style=\"margin-bottom: 1rem; color: rgb(31, 31, 31); font-family: Inter, -apple-system, BlinkMacSystemFont, &quot;Segoe UI&quot;, Roboto, &quot;Helvetica Neue&quot;, Arial, &quot;Noto Sans&quot;, sans-serif, &quot;Apple Color Emoji&quot;, &quot;Segoe UI Emoji&quot;, &quot;Segoe UI Symbol&quot;, &quot;Noto Color Emoji&quot;; font-size: 17px; letter-spacing: -0.05px;\">\n\n\n\n\n\n</p><ul style=\"margin-top:0cm\" type=\"disc\">\n <li class=\"MsoNormal\">Beziehe den Ap\u00e9ro-Korb w\u00e4hrend den&nbsp;\u00d6ffnungszeiten&nbsp;am gebuchten\n     Standort der B\u00e4ckerei F\u00fcger.<o:p></o:p></li>\n <li class=\"MsoNormal\">Suche dir einen gem\u00fctlichen Platz im Freien und geniesse das leckere\n     Picknick.<o:p></o:p></li>\n <li class=\"MsoNormal\">Anschliessend\n     den Korb mit dem schmutzigen Geschirr w\u00e4hrend den \u00d6ffnungszeiten der\n     B\u00e4ckerei F\u00fcger am jeweiligen Standort zur\u00fcckgeben.</li></ul><p><br></p><p class=\"MsoNormal\"><b>Im Preis inklusive</b>:<o:p></o:p></p><ul style=\"margin-top:0cm\" type=\"disc\">\n <li class=\"MsoNormal\">Picknick-Korb\n     gef\u00fcllt mit regionalen Spezialit\u00e4ten von der B\u00e4ckerei F\u00fcger:<o:p></o:p></li>\n <ul style=\"margin-top:0cm\" type=\"circle\">\n  <li class=\"MsoNormal\">2&nbsp;Panach\u00e9<o:p></o:p></li>\n  <li class=\"MsoNormal\">4\n      verschiedene Canap\u00e9 (auch vegan und vegetarisch erh\u00e4ltlich)<o:p></o:p></li>\n  <li class=\"MsoNormal\">2\n      Focaccia Tomate/Mozzarella (vegane Option: Oliven-Tapenade)<o:p></o:p></li>\n  <li class=\"MsoNormal\">2\n      verschiedene Spezialsalate (auch vegan und vegetarisch erh\u00e4ltlich)<o:p></o:p></li>\n  <li class=\"MsoNormal\">2\n      Party-B\u00fcrli<o:p></o:p></li>\n  <li class=\"MsoNormal\">2\n      K\u00e4se-Spiessli<o:p></o:p></li>\n  <li class=\"MsoNormal\">2\n      Antipasti-Spiessli<o:p></o:p></li>\n  <li class=\"MsoNormal\">2\n      Zitronencakes<o:p></o:p></li>\n  <li class=\"MsoNormal\">2\n      Brownies<o:p></o:p></li>\n </ul>\n <li class=\"MsoNormal\">Originales,\n     handgen\u00e4htes BIGNIK-Tuch<o:p></o:p></li>\n <li class=\"MsoNormal\">Teller,\n     Besteck und Gl\u00e4ser</li></ul><p><b><br></b></p><p><b>Standorte:</b><br></p><p>\n\n\n\n\n\n</p><ul style=\"margin-top:0cm\" type=\"disc\">\n <li class=\"MsoNormal\">B\u00e4ckerei\n     F\u00fcger, Kirchstrasse 2, 9402 M\u00f6rschwil, Telefonnummer: +41 71 866 12 19<o:p></o:p></li>\n <li class=\"MsoNormal\">B\u00e4ckerei\n     F\u00fcger, Schulstrasse 2, 9323 Steinach, Telefonnummer: +41 71 571 04 77<o:p></o:p></li>\n <li class=\"MsoNormal\">B\u00e4ckerei\n     F\u00fcger, St. Gallerstrasse 13, 9400 Rorschach, Telefonnummer: +41 71 841 20\n     16<o:p></o:p></li>\n <li class=\"MsoNormal\">B\u00e4ckerei\n     F\u00fcger, Metallstrasse 18, 9000 St. Gallen, Telefonnummer: +41 71 222 20 12<o:p></o:p></li>\n</ul><ul style=\"margin-top:0cm\" type=\"disc\">\n</ul><p class=\"rich-text-paragraph\" piano-view-event=\"false\" data-v-360ed6ae=\"\" style=\"margin-bottom: 1rem; color: rgb(31, 31, 31); font-family: Inter, -apple-system, BlinkMacSystemFont, &quot;Segoe UI&quot;, Roboto, &quot;Helvetica Neue&quot;, Arial, &quot;Noto Sans&quot;, sans-serif, &quot;Apple Color Emoji&quot;, &quot;Segoe UI Emoji&quot;, &quot;Segoe UI Symbol&quot;, &quot;Noto Color Emoji&quot;; font-size: 17px; letter-spacing: -0.05px;\"><br></p>", "url": "https://fueger-handmade.ch/", "image": "https://ostpimtsoch.sos-ch-dk-2.exoscale-cdn.com/catalog/b/b/4/6/bb46311e0120bf57a4bbd4ea80c68dc13d496a67_6d5f5447c8aaff0b94fe44559f1302c5.jpg", "openstreetmap_id": "node/745742088"}, "geometry": {"type": "Point", "coordinates": ["9.423699937437831", "47.468141013402935"]}}, {"type": "Feature", "properties": {"identifier": "af3b8400-d29a-401a-8757-fd754d43dcaf", "name": "Berggasthaus Eggwald", "description": "<p class=\"MsoNormal\"><strong><span lang=\"DE-CH\" style=\"font-size: 10.0pt; font-family: 'Arial',sans-serif; color: black; mso-ansi-language: DE-CH;\">Willkommen in unserem Berggasthaus Eggwald</span></strong></p><p class=\"MsoNormal\"><span lang=\"DE-CH\" style=\"font-size: 10.0pt; font-family: 'Arial',sans-serif; color: black; mso-ansi-language: DE-CH;\">Ruhig gelegen und fernab vom Alltag ist unser Berggasthaus der ideale Ort zum Abschalten und Geniessen.<br>Wir bieten &Uuml;bernachtungen mit Halbpension an und legen grossen Wert auf eine pers&ouml;nliche, entspannte Atmosph&auml;re.</span></p><p class=\"MsoNormal\"><span lang=\"DE-CH\" style=\"font-size: 10.0pt; font-family: 'Arial',sans-serif; color: black; mso-ansi-language: DE-CH;\">Unsere G&auml;ste &uuml;bernachten in zwei neu renovierten Doppelzimmern oder in unserem gem&uuml;tlichen Touristenlager.</span></p><p class=\"MsoNormal\"><span lang=\"DE-CH\" style=\"font-size: 10.0pt; font-family: 'Arial',sans-serif; color: black; mso-ansi-language: DE-CH;\">F&uuml;r E-Biker offerieren wir eine E-Bike Ladestation, wo Sie gratis auftanken k&ouml;nnen. </span></p><p class=\"MsoNormal\"><span lang=\"DE-CH\" style=\"font-size: 10.0pt; font-family: 'Arial',sans-serif; color: black; mso-ansi-language: DE-CH;\">F&uuml;r Gruppen oder Familien organisieren wir sehr gerne Anl&auml;sse wie Geburtstagsfeiern oder &auml;hnliche Veranstaltungen und gestalten diese individuell nach Ihren W&uuml;nschen.</span></p>", "url": "https://www.eggwald-kunkelspass.ch", "image": "https://ostpimtsoch.sos-ch-dk-2.exoscale-cdn.com/catalog/f/4/5/f/f45f7ef119dd187b412d08ec2a411014de1ac5da_3e30e928e1204da0fbfaa108d2f8d148.jpg", "openstreetmap_id": "way/267197433"}, "geometry": {"type": "Point", "coordinates": ["9.410965693257875", "46.87034355"]}}, {"type": "Feature", "properties": {"identifier": "b02d6372-dd9b-4716-9ab3-89a4ba560d51", "name": "Brauerei St. Johann", "description": "Die Brauerei St. Johann steht seit 2012 f\u00fcr Bierkultur im Toggenburg. Handwerklich gebraute Spezialbiere h\u00f6chster Qualit\u00e4t f\u00fcr den Genuss Zuhause, im Restaurant oder in der Brauereibar & im Biergarten erfreuen sich grosser Beliebtheit. Rund 1100 Bierliebhaberinnen & -liebhaber sind begeisterte Mitbesitzer der Brauerei St. Johann\n\nWollen Sie wissen, wie im Toggenburg Bier gebraut wird? An der Brauereif\u00fchrung erfahren Sie, wie aus Wasser, Malz, Hopfen und Hefe Bier entsteht und werfen einen Blick in den Braukeller. F\u00fchrung durch die Brauerei inklusive Lagerkellerdegustation.\n\n", "url": "https://www.brauereistjohann.ch/", "image": "https://ostpimtsoch.sos-ch-dk-2.exoscale-cdn.com/catalog/7/f/9/6/7f96da0346dcb64aa2bb62a220cfb72cc9f156db_1fe1b0eb26a0f65bc130ddec1117c357.jpg", "openstreetmap_id": "node/3499725481"}, "geometry": {"type": "Point", "coordinates": ["9.1966349", "47.228962"]}}, {"type": "Feature", "properties": {"identifier": "b0d43f58-f491-432f-8387-84c4e5e8d7d5", "name": "Restaurant Hotel Neu-Sch\u00f6nstatt", "description": "Das Caf\u00e9-Restaurant Neu-Sch\u00f6nstatt in Quarten verzaubert mit seiner einzigartigen Lage und einem atemberaubenden Blick auf die Churfirsten und den Walensee. Auf unserer sonnigen Sommerterrasse k\u00f6nnen Sie diese spektakul\u00e4re Aussicht besonders geniessen. Ob mit der Familie, Freunden oder Ihrer Wandergruppe \u2013 ein Besuch im Zentrum Neu-Sch\u00f6nstatt verspricht Genuss, Erholung und unvergessliche Momente zu jeder Jahreszeit.", "url": "https://neuschoenstatt.ch/gastronomie/?gad_source=1&gclid=EAIaIQobChMIgtiqvNvkhwMVK5CDBx1RJAbJEAAYASABEgJA2vD_BwE", "image": "https://ostpimtsoch.sos-ch-dk-2.exoscale-cdn.com/catalog/b/f/7/8/bf782f3a206f26311083cff396aa508f1e3cb51e_473c3dc41a890d19030bd4e01bf0425c.jpg", "openstreetmap_id": "node/1639950890"}, "geometry": {"type": "Point", "coordinates": ["9.2419932", "47.1094131"]}}, {"type": "Feature", "properties": {"identifier": "b12d54a6-ca18-4d07-9c34-2fb1ec9c3442", "name": "MAJO - Pop-up-Restaurant", "description": "Im MAJO wird Slow-Food-Philosophie gelebt \u2013 beim spontanen Snack, beim raffinierten Vier-Gang-Men\u00fc. MAJO ist ein Ort der Begegnung, an dem die Tische f\u00fcr Gemeinschaft, Genuss und Geschichten gedeckt werden. Ein Ort, an dem Nachhaltigkeit mit kulinarischem Vergn\u00fcgen Hand in Hand geht.", "url": "https://majo.menu/", "image": "https://ostpimtsoch.sos-ch-dk-2.exoscale-cdn.com/catalog/a/3/0/4/a3047d18ada53b6bc94513bbea8b992e1c2b5a99_7b6351ca3e788aad8f4c69c465ffc921.jpg", "openstreetmap_id": "way/383739020"}, "geometry": {"type": "Point", "coordinates": ["9.087048104755034", "47.32344085"]}}, {"type": "Feature", "properties": {"identifier": "b154f25c-24b9-4515-bfc3-c1a825df8a08", "name": "Bankk Music-Bar", "description": "Monika Preisig hat als gelernte Hotelfachfrau bereits \u00fcber 30 Jahre Erfahrung in den Bereichen Gastronomie, Hotellerie, Barbetrieb und zuvorkommende Bewirtung von freundlichen G\u00e4sten.\nIn der Bankk Music-Bar k\u00f6nnen sie in lockerer Umgebung bei guter Musik, entweder Live oder ab Konserve, den Abend geniessen und mit Freunden plaudern. \n\nDie Bankk Music-Bar befindet sich in Wildhaus mit vielen Freizeitangeboten wie wandern im Sommer und Skifahren im Winter.", "url": "https://www.bankk.ch", "image": "https://ostpimtsoch.sos-ch-dk-2.exoscale-cdn.com/catalog/7/1/0/c/710c080617b83b6ee1ee1dee9824b1aace39d6e0_d862cde679874a43c65f2e647708e7db.png", "openstreetmap_id": "node/7242485562"}, "geometry": {"type": "Point", "coordinates": ["9.34428781270981", "47.202193969809755"]}}, {"type": "Feature", "properties": {"identifier": "b273c4e0-a5d9-48a3-9832-20f8b4b52fd0", "name": "Restaurant Corso", "description": "Der Star der Corso-K\u00fcche sind sorgf\u00e4ltig ausgew\u00e4hlte regionale Produkte, bereichert durch Spezialit\u00e4ten aus dem Alpenraum. Erg\u00e4nzt werden sie mit einer erlesenen Auswahl an autochthonen Weinen aus dem Alpenraum sowie einer kleinen Weinauswahl von Philipp Schwander, dem ersten Schweizer Master of Wine. Chef Markus Schenk und sein Team wurden erst k\u00fcrzlich mit 15 Gault Millau Punkten ausgezeichnet.", "url": "https://restaurant-corso.ch/", "image": "https://ostpimtsoch.sos-ch-dk-2.exoscale-cdn.com/catalog/5/d/e/4/5de404d5aef84be65142ac3b0965c83130dbe4aa_8c035174d2a25d64fca5743395cff8e7.jpg", "openstreetmap_id": "node/4094002895"}, "geometry": {"type": "Point", "coordinates": ["9.3786815", "47.4251839"]}}, {"type": "Feature", "properties": {"identifier": "b29ce56a-9b70-4643-9045-501cddcb69a5", "name": "Signer B\u00e4ckerei", "description": "Echta Gnuss vom Morga bis am Obig.\n\nBei der ersten F\u00fcnf Sterne B\u00e4ckerei der Schweiz stehen die Kundinnen und Kunden im Zentrum. Freundlichkeit und Dienstleistung werden hier GROSS geschrieben. Das Herzblut, welches im Betrieb steckt, ist vom Gast sp\u00fcrbar.\n\nSpezialist f\u00fcr Nusstorten, gef\u00fcllte Brote, Pralin\u00e9e und regionale Produkte.", "url": "https://www.baeckerei-signer.ch/", "image": "https://ostpimtsoch.sos-ch-dk-2.exoscale-cdn.com/catalog/7/c/e/0/7ce0e031393cc3f0cc44227dc2fb53ea002472b1_9f08efd2ace2c80b0630c8eae7c30a95.JPG", "openstreetmap_id": "way/807871941"}, "geometry": {"type": "Point", "coordinates": ["9.562815427780153", "46.9327736500131"]}}, {"type": "Feature", "properties": {"identifier": "b4241169-e8fd-42a3-8395-1c19676e6347", "name": "Restaurant Hedwig", "description": "Serviert&nbsp;werden naturnahe Gerichte zum Teilen \u2013 passend zur Saison und zum gemeinsamen Geniessen. Authentisch und regional. Sharing Dishes gekocht mit kompromissloser Qualit\u00e4t, aufgetischt mit Rheintaler Charme. Begleitend zu den Gerichten werden Weine angeboten, oft biologisch produziert oder als Naturwein gekeltert.Die K\u00fcche arbeitet mit den besten Produzent:innen aus dem Rheintal und mit auserlesenen Craft-Produkten aus kleinen Schweizer Unternehmen.&nbsp;", "url": "https://restaurant-hedwig.ch/", "image": "https://ostpimtsoch.sos-ch-dk-2.exoscale-cdn.com/catalog/5/d/d/1/5dd1eaa19e153cfcc3d4ccfafee051ff6dba0482_54e6c24b17daea7dfc851108e38b7d21.jpg", "openstreetmap_id": "node/10805137528"}, "geometry": {"type": "Point", "coordinates": ["9.6078941", "47.4068827"]}}, {"type": "Feature", "properties": {"identifier": "b52aa863-b54d-43ed-a5f1-46703c6d6e63", "name": "Vinato Restaurant & Events", "description": "Ob f\u00fcr private Gesellschaften, Unternehmensanl\u00e4sse, Meetings oder einfach zum geselligen Beisammensein, die vorhandene Infrastruktur l\u00e4sst nichts zu w\u00fcnschen offen.\n\nDie moderne Einrichtung ist auf dem neusten Stand und beherbergt nebst einer professionellen K\u00fcche verschiedene R\u00e4umlichkeiten zur individuellen Nutzung. In der \"Vinato-Stube\", mit Platz f\u00fcr etwa 50 Personen, werden regionale und saisonale Gerichte serviert. Ebenfalls steht das \"Vinato S\u00e4\u00e4li\", mit Platz f\u00fcr etwa 50 Personen, sowie der Weinkeller f\u00fcr diverse Events zur Verf\u00fcgung. Den passenden Wein dazu k\u00f6nnen die G\u00e4ste im Gew\u00f6lbe-Weinkeller mit \u00fcber 500 Flaschen aussuchen und geniessen. Die Zigarrenlounge l\u00e4dt ein zum Verweilen und der Besuch kann mit einem edlen Rum oder Whisky abgerundet werden. Bei sch\u00f6nem Wetter l\u00e4sst es sich auf der Terrasse, mit Platz f\u00fcr etwa 35 Personen, geniessen.\n\nDas Vinato eignet sich f\u00fcr verschiedene Events wie z.B. Wein- / Spirituosen- / Zigarren- Degustationen, Jubil\u00e4en, Fr\u00fchschoppen-Anl\u00e4sse und vieles mehr. Die Gastgeberin Monika Marconato und ihr Team helfen bei der Planung und Durchf\u00fchrung. \n\n\n", "url": "https://www.vinato.ch/", "image": "https://ostpimtsoch.sos-ch-dk-2.exoscale-cdn.com/catalog/8/0/2/a/802af21d05191b005e6c6179fbbb627a66d84e7e_d5b67300f9077bc2baf84cdc4f00bc84.jpg", "openstreetmap_id": "node/9845820469"}, "geometry": {"type": "Point", "coordinates": ["9.39296454191208", "47.4657931835619"]}}, {"type": "Feature", "properties": {"identifier": "b632d819-4141-49ae-aa72-58347f398157", "name": "Genuss Manufaktur Neubad", "description": "Im Restaurant Neubad in St.Gallen wird bewusst auf die traditionelle Unterscheidung zwischen Haupt- und Vorspeisen verzichtet, um dem Gast ein vielf\u00e4ltiges Erlebnis zu erm\u00f6glichen. Stattdessen werden hausgemachte und frisch zubereitete Genuss-Teller serviert. Die K\u00fcche ist traditionell und gutb\u00fcrgerlich.", "url": "http://restaurantneubad.ch/", "image": "https://ostpimtsoch.sos-ch-dk-2.exoscale-cdn.com/catalog/7/a/b/f/7abf30dfc872c390e11be570b46c4103e4911740_5843fa5b6b326b341397cc4e8646a953.jpg", "openstreetmap_id": "node/1245464096"}, "geometry": {"type": "Point", "coordinates": ["9.3752928", "47.4233858"]}}, {"type": "Feature", "properties": {"identifier": "b8a674cb-ba53-4d49-88fe-2e6f87a4cc7e", "name": "Hotel Selda's", "description": "<p>Unmittelbar beim Bahnhof befindet sich das unter Denkmalschutz stehende Haus &laquo;zur Seldenau&raquo;. Das darin verankerte Hotel &laquo;Selda&rsquo;s&raquo; zeichnet sich nicht nur mit geografischer, sondern auch mit pers&ouml;nlicher N&auml;he aus: Frisch, liebevoll und zuvorkommend. Der Gast ist K&ouml;nig - durch die Schlossatmosph&auml;re in den Zimmern, wird dieser Satz zur Realit&auml;t gemacht. Charmant und individuell: Das &laquo;Selda&rsquo;s&raquo; bietet zw&ouml;lf komfortable Zimmer mit Gemeinschaftsb&auml;dern auf jeder Etage und einer einzigartige Suite mit eigenem Badezimmer.</p>", "url": "http://www.seldas.ch/", "image": "https://ostpimtsoch.sos-ch-dk-2.exoscale-cdn.com/catalog/7/d/c/7/7dc741d4d6922fcebb92bdbe7178a69ddb1bee92_587118d979e5ab049f016f48158d8782.jpg", "openstreetmap_id": "node/1237010571"}, "geometry": {"type": "Point", "coordinates": ["8.6317089", "47.6985958"]}}, {"type": "Feature", "properties": {"identifier": "ba5a68fd-24f3-479f-89b1-b7db31de2faa", "name": "Kafi Platz Dr\u00fc", "description": "Herzlich Willkommen in unserem wunderbaren PLATZ DR\u00dc.\nIm gem\u00fctlichen Ambiente der Gaststube mit sch\u00f6nster Aussicht Richtung Alpstein k\u00f6nnen Sie bei uns Kaffee, Tee und vieles mehr geniessen. Wir legen Wert auf regionale und auserlesene Produkte und servieren diese mit viel Flair.\nGeniessen Sie eine Auszeit, und lassen Sie sich von den immer wieder wechselnden Dekorationen inspirieren.\nM\u00f6r freuid \u00fcs uf \u00fcber jeda B\u2018suach \nDie Gastgeberinnen \nKatja und Monika", "url": "https://platzdrue.ch", "image": "https://ostpimtsoch.sos-ch-dk-2.exoscale-cdn.com/catalog/3/4/f/0/34f0ba961a735c9ed28ddae071ad30fdcde769c1_5f903509dbec70998b118fa4e19c367a.png", "openstreetmap_id": "node/10061976317"}, "geometry": {"type": "Point", "coordinates": ["9.4539813", "47.3621341"]}}, {"type": "Feature", "properties": {"identifier": "bb4f3414-3cc1-4dc0-84a5-06e30128de7d", "name": "Grotto \"KALIFORNI\" CasaNova Wein Pur", "description": "In unserem Grotto KALIFORNI direkt am Walensee pr\u00e4sentieren wir unsere selber produzierten Weine, Tapas und eine besondere Atmosph\u00e4re im Mikroklima zwischen See und den steilen Kalkfelsw\u00e4nden der Churfirsten.", "url": "https://www.casanova-weinpur.ch", "image": "https://ostpimtsoch.sos-ch-dk-2.exoscale-cdn.com/catalog/5/b/8/5/5b85e2c6d7a13e184af1f5ba4f54133708de529a_101209dc0d3057e261f893cd585ff516.jpeg", "openstreetmap_id": "node/9406872552"}, "geometry": {"type": "Point", "coordinates": ["9.29348945617676", "47.12884106799356"]}}, {"type": "Feature", "properties": {"identifier": "bb684d2b-cde9-46e6-b7dc-42b31bb80769", "name": "tobias wein.gut.", "description": "Tobias Schmid gr\u00fcndete im Jahre 1866 den Familienbetrieb, welcher heute von Christoph Schmid gef\u00fchrt wird. Der Weinbau hat im St.Galler Rheintal eine uralte Tradition und reicht weit in die R\u00f6merzeit zur\u00fcck. Bereits in der \u00e4ltesten Bernecker Urkunde von 892 werden die Weinberge erw\u00e4hnt. Burgen und Schl\u00f6sser wurden in die Rebberge gebaut. Dazu z\u00e4hlt auch die Rosenburg, welche sich im Familienbesitz befindet und das Wahrzeichen der Weine und des Weinguts ist. \n\nDie Trauben wachsen an den sonnigen und steilen Rebbergen. Gerne werden die Weine als \u00abhandgemacht in Berneck\u00bb bezeichnet, da in den Steillagen viele Arbeiten von Hand ausgef\u00fchrt werden. Zudem werden die Weine m\u00f6glichst schonend gekeltert.\n\nChristoph Schmid und sein Team sind Weinmacher aus Leidenschaft. So entstehen ausgesuchte Weine und Spezialit\u00e4ten.\n\nDas romantische und sch\u00f6ne Weingut verf\u00fcgt auch \u00fcber ein grosses Eventgeb\u00e4ude. Ob Hochzeiten, Geburtstage oder Team-Anl\u00e4sse \u2013 die rustikalen, aber dennoch modern gestalteten R\u00e4umlichkeiten bieten einen besonderen Rahmen.", "url": "http://www.tobias-weingut.ch/", "image": "https://ostpimtsoch.sos-ch-dk-2.exoscale-cdn.com/catalog/b/9/c/e/b9ced4e628fb7206c499d304c6f5367ee29c9c65_acb52a9cd7dab52a0ebd1bfbb394d817.jpg", "openstreetmap_id": "way/98495360"}, "geometry": {"type": "Point", "coordinates": ["9.61202800000001", "47.4183876"]}}, {"type": "Feature", "properties": {"identifier": "bb79a276-4f55-46f0-a520-76f66d139b1d", "name": "Stella Bernrain", "description": "Das unabh\u00e4ngige und weltweit ausgerichtete Familienunternehmen stellt Produkte f\u00fcr private Labels sowie die Marken Bernrain und Stella her. Das Unternehmen legt grossen Wert auf Nachhaltigkeit sowohl beim Rohstoffeinkauf als auch in der Produktion. Ausserdem bekennt es sich ohne Einschr\u00e4nkungen zum Produktionsstandort Schweiz.\n\nIm Fabrikladen \u00abSchokoLaden\u00bb und dem integrierten Caf\u00e9 Stella k\u00f6nnen Schoko-Liebhaber sich von all den K\u00f6stlichkeiten direkt ab Produktion verf\u00fchren lassen. Die Auswahl ist gross und l\u00e4sst keine W\u00fcnsche offen, Tafelschokoladen nach jedem Gusto, feinste Pralin\u00e9s und Saisonspezialit\u00e4ten. Wer mehr erleben m\u00f6chte, darf sich auf weitere Highlights freuen: Im Schokoladen verwandeln sich G\u00e4ste in Chocolatiers und veredeln ihre Bio-Schokolade mit den eigenen Lieblingszutaten. Wer mehr \u00fcber die Schokoladenherstellung erfahren m\u00f6chte, stillt seine Neugier einfach bei einem Blick in die Produktion.", "url": "https://www.stellabernrain.ch/de", "image": "https://ostpimtsoch.sos-ch-dk-2.exoscale-cdn.com/catalog/6/7/8/d/678de07094f8dad57973d5861bec7a9fd7fb701e_e35f3c9ba4eb8dd60c0c4e1895100e96.jpg", "openstreetmap_id": "135183448.0"}, "geometry": {"type": "Point", "coordinates": ["9.1617545", "47.6422824"]}}, {"type": "Feature", "properties": {"identifier": "bbe65652-c491-4cfd-96cf-c3b3c4a6368e", "name": "Caf\u00e9 Therme", "description": "Hier treffen Thermeng\u00e4ste auf Spazierg\u00e4nger und Kaffeeklatschfrauen auf W-Lan suchende Arbeitshungrige. Egal, ob Sie einen ruhigen Lese- oder Arbeitsmoment f\u00fcr sich brauchen oder Ihnen nach einem geselligen Gespr\u00e4ch mit einem lieben Menschen ist \u2013 im Caf\u00e9 Therme findet jeder und jede seinen Lieblingsplatz. Steht Ihnen das Bed\u00fcrfnis nach einem schmackhaften Snack, einer gesunden Erfrischung, einem warmen Lunch oder eher einem vitalen Fr\u00fchst\u00fcck? Sie haben die Wahl.\n\nIm Fr\u00fchling, Sommer und Herbst erw\u00e4rmt die Sonne Ihr gem\u00fctliches Verweilen auf der Terrasse. Ein prickelnder Ap\u00e9ro oder ein gen\u00fcssliches Fr\u00fchst\u00fcck mit Blick auf das B\u00fcndner Bergpanorama lassen Stunden wie Minuten verstreichen.", "url": "http://www.taminatherme.ch", "image": "https://ostpimtsoch.sos-ch-dk-2.exoscale-cdn.com/catalog/b/5/c/2/b5c20f8dbcbb961c524d5bb5729f441655682757_14cb87890433e511966aee2da950be53.jpg", "openstreetmap_id": "way/1167229068"}, "geometry": {"type": "Point", "coordinates": ["9.504509586064522", "46.999249500000005"]}}, {"type": "Feature", "properties": {"identifier": "bd2a5d89-3589-44ba-a7d5-c1a098a726c3", "name": "B\u00e4ckerei F\u00fcger Handmade Steinach", "description": "Im Herzen der wundersch\u00f6nen Ostschweiz und in der einzigartigen, fruchtbaren Bodenseeregion liegt die B\u00e4ckerei-Konditorei mit Cafe und Restaurant in Steinach.", "url": "https://fueger-handmade.ch/", "image": "https://ostpimtsoch.sos-ch-dk-2.exoscale-cdn.com/catalog/e/f/1/b/ef1bb28ff929534311b558c84021254a3c32e90c_6d48c13579f96e99780f474fc1cbab46.jpg", "openstreetmap_id": "node/572265028"}, "geometry": {"type": "Point", "coordinates": ["9.44166", "47.50297"]}}, {"type": "Feature", "properties": {"identifier": "bf4baa36-ad81-4ec8-9e54-417b9dcf8542", "name": "US-MEX Weinfelden", "description": "Eintreten und das Leben geniessen! Das im US-Mexikanischen Stil dekorierte Restaurant mit einer grossz\u00fcgigen Sonnenterrasse l\u00e4sst Urlaubsgef\u00fchle aufkommen. Die US-MEX Speisekarte bietet Klassiker und eigene Kreationen aus der mexikanischen und amerikanischen K\u00fcche, die durch geschmackliche Vielfalt, Frische und Qualit\u00e4t \u00fcberzeugen. Es werden angemessen Portionen zu fairen Preisen serviert.\n\nOb f\u00fcr einen Besuch mit der Familie, einen Lunch mit Arbeitskollegen oder ein Dinner mit Freunden \u2013 wanna eat? GO US-MEX!\n\nUS-MEX Restaurants gibt es mittlerweile an vier Standorten: Frauenfeld, Schaffhausen, St. Gallen und Weinfelden. Von April bis September auch direkt am See, US-MEX Terraza Strandbar in Steckborn und ab 2021 in Kreuzlingen.\n\n", "url": "https://www.usmex.ch/", "image": "https://ostpimtsoch.sos-ch-dk-2.exoscale-cdn.com/catalog/6/6/7/0/6670d901870299d5811fa32b18047f750a15c5a4_23111384c621895cf762450a9b7b921a.jpg", "openstreetmap_id": "267349350.0"}, "geometry": {"type": "Point", "coordinates": ["9.1258333", "47.5628599"]}}, {"type": "Feature", "properties": {"identifier": "c19710f0-2c4e-4b9c-bf70-dea603b78093", "name": "Schlittelbeizli in der Schneit", "description": "Das Wander- und Schlittelbeizli in der R\u00fcti im Ijental Nesslau ist jeweils offen am Samstag &amp; Sonntag bei jedem Wetter. Sie werden von Albert und R\u00f6s Wittenwiler herzlich willkommen geheissen. Wochentags haben wir auf Anfrage ab sieben Personen mit Essen ge\u00f6ffnet.\n\nMit der \u00fcblichen Getr\u00e4nke- und einer kleinen Imbisskarte m\u00f6chten Albert und R\u00f6s Wittenwiler Ihnen im Wander- und Schlittelbeizli R\u00fcti etwas Gem\u00fctlichkeit bieten. Auf Bestellung werden K\u00e4sefondue und sonntags R\u00fcti Zmorge sowie kleinere W\u00fcnsche zubereitet. \n\nOb das Beizli ge\u00f6ffnet ist, erfahren Sie anhand der Infotafel bei der Einfahrt zur Schneitstrasse in Nesslau und die Google-\u00d6ffnungszeiten sind stets aktuell.", "url": "https://www.toggenburg.swiss", "image": "https://ostpimtsoch.sos-ch-dk-2.exoscale-cdn.com/catalog/4/1/c/e/41ceaec0cdaf8e04b70767bcef528110b9a1be0a_485268b646e6dcf69d7c27043850342f.JPG", "openstreetmap_id": "node/2602907413"}, "geometry": {"type": "Point", "coordinates": ["9.17615", "47.21291"]}}, {"type": "Feature", "properties": {"identifier": "c310b85b-23e9-4b33-b283-3a197a899a1c", "name": "Restaurant Chutnee", "description": "Freuen Sie sich auf eine aufregende Mischung aus indischer K\u00fcche, Tandoori-Spezialit\u00e4ten (Freitag- und Samstagabend) und beliebten europ\u00e4ischen Gerichten.", "url": "https://www.hotelschlossragaz.ch/de/chutnee-im-schloss/", "image": "https://ostpimtsoch.sos-ch-dk-2.exoscale-cdn.com/catalog/5/f/3/a/5f3a0c57f6529d489b7339ef82cdecb883d70171_c582ddb54c1161b192a1abb21b1b3b37.jpg", "openstreetmap_id": "way/832298013"}, "geometry": {"type": "Point", "coordinates": ["9.508478450305667", "46.99743255"]}}, {"type": "Feature", "properties": {"identifier": "c347471e-58d9-441a-9ba4-bfe48273e16e", "name": "Rutishauser-DiVino SA", "description": "<p style=\"margin: 0in; font-family: Calibri; font-size: 11.0pt;\"><strong>Rutishauser-DiVino &ndash; der kompetente Weinpartner mit Tradition</strong></p><p style=\"margin: 0in; font-family: Calibri; font-size: 11.0pt;\"><span style=\"font-style: italic;\">Weinbauer | Weinproduzent | Weinh&auml;ndler</span></p><p style=\"margin: 0in; font-family: Calibri; font-size: 11.0pt;\">&nbsp;</p><p style=\"margin: 0in; font-family: Calibri; font-size: 11.0pt;\">Rutishauser-DiVino ist der nationale Weinpartner mit ausgepr&auml;gter Schweizer Weinkompetenz. Seit &uuml;ber 150 Jahren steht das Unternehmen f&uuml;r Leidenschaft, Qualit&auml;t und Genuss. Es bewirtschaftet eigene Rebberge in Winterthur, Hallau und Malans. Dar&uuml;ber hinaus arbeitet die Kellerei mit &uuml;ber 200 Traubenproduzenten aus den Kantonen Z&uuml;rich, Schaffhausen, Graub&uuml;nden, Thurgau und Aargau zusammen, von denen zus&auml;tzliche Trauben bezogen werden.</p><p style=\"margin: 0in; font-family: Calibri; font-size: 11.0pt;\">&nbsp;</p><p style=\"margin: 0in; font-family: Calibri; font-size: 11.0pt;\">In den modernen Weinkellereien in Winterthur und M&uuml;nchenbuchsee vinifizieren erfahrene &Ouml;nologen mit grosser Fachkompetenz Weine, die auf modernsten Anlagen abgef&uuml;llt werden. Zahlreiche Auszeichnungen best&auml;tigen die hohe Qualit&auml;t von Anbau und Ausbau. Erg&auml;nzt wird das Sortiment durch ein breites Portfolio bekannter internationaler Marken aus dem In- und Ausland, stets mit h&ouml;chstem Qualit&auml;tsanspruch.</p><p style=\"margin: 0in; font-family: Calibri; font-size: 11.0pt;\">&nbsp;</p><p style=\"margin: 0in; font-family: Calibri; font-size: 11.0pt;\">Zu den Kunden z&auml;hlen Grossverteiler, Gastronomiebetriebe, Weinh&auml;ndler sowie Private.</p><p style=\"margin: 0in; font-family: Calibri; font-size: 11.0pt;\">&nbsp;</p><p style=\"margin: 0in; font-family: Calibri; font-size: 11.0pt;\"><strong>Rebstation Hallau</strong></p><p style=\"margin: 0in; font-family: Calibri; font-size: 11.0pt;\">Rutishauser-DiVino pflegt mit der Rebstation Hallau und dem historischen Tuffsteinkeller ein bedeutendes Symbol der Schaffhauser Weinbauszene. Der charakteristische rote Sandsteinboden der Lage Chilcheweg verleiht den Weinen eine mineralische Note. Moderne Abf&uuml;llanlagen und sorgf&auml;ltig ausgew&auml;hlte Trauben aus der Region garantieren Weine mit Herkunft, Charakter und h&ouml;chster Qualit&auml;t.</p><p style=\"margin: 0in; font-family: Calibri; font-size: 11.0pt;\">&nbsp;</p><p style=\"margin: 0in; font-family: Calibri; font-size: 11.0pt;\">Schon im 16. Jahrhundert wuchsen am Hallauer Chilcheweg Reben. Dieser ehemalige Pilgerweg, heute eine Gemeindestrasse, f&uuml;hrt von der Dorfmitte Hallau aus entlang der Bergstrasse durch die sch&ouml;ne Reblandschaft zur Bergkirche St. Moritz, die 1491 als Wallfahrtskirche von Hallau erbaut wurde. Im beschaulichen Weinbaudorf Hallau steht die Rebstation Hallau (fr&uuml;her auch: Volg Weinkellereien) die schon lange zur Schaffhauser Weinbauszene geh&ouml;rt. Die Rebstation umfasst 20 Hektar gepachtetes Land. Diese Reblagen befinden sich nebst Hallau auch in Oberhallau, Trasadingen und G&auml;chlingen.</p><p style=\"margin: 0in; font-family: Calibri; font-size: 11.0pt;\">&nbsp;</p><p style=\"margin: 0in; font-family: Calibri; font-size: 11.0pt;\"><strong>Reblage Chilcheweg</strong></p><p style=\"margin: 0in; font-family: Calibri; font-size: 11.0pt;\">Der Rebhang Chilcheweg umfasst eine Fl&auml;che von 723 Aren, davon bewirtschaftet die Rutishauser- DiVino Rebstation Hallau selbst 320 Aren. Daneben arbeitet die Kellerei mit weiteren Trauben-Produzenten aus der Region, von denen sie zus&auml;tzliche Trauben bezieht. Der charakteristische rote Sandsteinboden des Chilchewegs verleiht den Weinen eine besondere mineralische Note. Die Trauben werden traditionell an der Maische vergoren und danach im Edelstahltank oder in Eichenf&auml;ssern ausgebaut, um die volle Ausdruckskraft der Aromen zu entfalten, so z.B. der mehrfach ausgezeichnete Skript Pinot Noir Chilcheweg.</p><p style=\"margin: 0in; font-family: Calibri; font-size: 11.0pt;\">&nbsp;</p><p style=\"margin: 0in; font-family: Calibri; font-size: 11.0pt;\"><strong>Tuffsteinkeller Hallau</strong></p><p style=\"margin: 0in; font-family: Calibri; font-size: 11.0pt;\">Der historische Tuffstein-Gew&ouml;lbekeller aus dem Jahr 1896 bietet eine einzigartige Atmosph&auml;re f&uuml;r besondere Anl&auml;sse. Ob eine Weindegustation, Geburtstagsfeier, Hochzeit oder einfach f&uuml;r einen Vereinsanlass &ndash; in diesem charmanten Ambiente wird jeder Event zu einem unvergesslichen Erlebnis.</p><p style=\"margin: 0in; font-family: Calibri; font-size: 11.0pt; color: #fa0000;\">&nbsp;</p>", "url": "https://www.rutishauser-divino.ch/", "image": "https://ostpimtsoch.sos-ch-dk-2.exoscale-cdn.com/catalog/b/8/9/2/b892885152b5b32f109ba813ecf7ccf1c744495f_594ffc3341cb0e3f57f502a78d4e1654.jpg", "openstreetmap_id": "way/274591271"}, "geometry": {"type": "Point", "coordinates": ["8.4623159", "47.6987495"]}}, {"type": "Feature", "properties": {"identifier": "c5092f28-71e2-4c0b-9d12-c9ba814ca86c", "name": "Huus vom B\u00fcndner Wii", "description": "Im \u00abHuus vom B\u00fcndner Wii\u00bb vom Branchenverband Graub\u00fcnden Wein, dem rund 70 Weinbaubetriebe angeh\u00f6ren, ist der B\u00fcndner Wein f\u00fcr das breite Publikum erlebbar. Der Erweiterungsbau beim Alten Torkel in Jenins beinhaltet einen Pr\u00e4sentationsraum, der f\u00fcr Degustationen bestens geeignet ist und viel Wissenswertes \u00fcber den B\u00fcndner Wein vermittelt. Unter anderem werden im \"Huus vom B\u00fcndner Wii\" regelm\u00e4ssig \u00f6ffentliche F\u00fchrungen und Degustationen angeboten:\n\n- Rebrundgang mit Degustation: 90-min\u00fctiger Rundgang durch die Reben mit anschliessender Degustationstechnik, von April bis Oktober mit Voranmeldung", "url": "https://graubuendenwein.ch/", "image": "https://ostpimtsoch.sos-ch-dk-2.exoscale-cdn.com/catalog/5/f/3/3/5f3358bdd4cea42afd07ef2e1d884e43e4d7a10d_763e0e736383d2d33f31a5ed6ae3635e.jpg", "openstreetmap_id": "node/3556757066"}, "geometry": {"type": "Point", "coordinates": ["9.5525691", "47.0006912"]}}, {"type": "Feature", "properties": {"identifier": "c5307d68-02a6-403d-94f5-c846d79b3df4", "name": "Caf\u00e9-Konditorei Kunz", "description": "<p>Im Caf\u00e9 Kunz steht der Gast im Mittelpunkt. Wir m\u00f6chten, dass Sie sich bei uns wie zu Hause f\u00fchlen. Unser freundliches und aufmerksames Team sorgt daf\u00fcr, dass Ihr Besuch zu einem besonderen Erlebnis wird. Egal, ob Sie eine Geburtstagsfeier planen, eine Veranstaltung ausrichten oder einfach nur einen gem\u00fctlichen Nachmittag verbringen m\u00f6chten \u2013 wir sind immer f\u00fcr Sie da und bieten Ihnen den bestm\u00f6glichen Service. Im Sommer haben Sie auch die M\u00f6glichkeit draussen das sch\u00f6ne Wetter zu geniessen in unserem ruhigen Gartencaf\u00e9. Wir bieten ein grosses Konditorei-Confiserie und B\u00e4ckerei Sortiment an. Verschiedene Menues, Imbisse, kalte und warme Getr\u00e4nke sowie verschiedene Coupes stehen immer auf unserer Karte. Jeden Sonntag k\u00f6nnen Sie zudem einen feinen Brunch an unserem reichhaltigen Buffet geniessen. Damit es Ihren Kindern nicht langweilig wird, wenn Sie gem\u00fctlich Kaffee trinken, haben wir f\u00fcr unsere Kleinen eine Kinderecke eingerichtet. Sind Sie \u00abgluschtig\u00bb geworden? Schauen Sie doch einmal bei uns in Ebnat-Kappel vorbei.</p>", "url": "http://www.cafekunz.ch", "image": "https://ostpimtsoch.sos-ch-dk-2.exoscale-cdn.com/catalog/b/f/b/6/bfb656ffc57bee9236779dcfc277491e32dfe57e_b881f459635ecf40b3498417e13f2d53.jpg", "openstreetmap_id": "node/3997735979"}, "geometry": {"type": "Point", "coordinates": ["9.1252864", "47.2610231"]}}, {"type": "Feature", "properties": {"identifier": "c675b433-382e-4ac0-a258-a3fa594ea333", "name": "Weingut Fromm, Malans", "description": "SPITZEN PINOT NOIR LAGENWEINE MIT DER ERFAHRUNG VON F\u00dcNF GENERATIONEN UND ZWEI KONTINENTEN.\nSeit 1866 keltert die Familie Fromm Wein im idyllischen Rebbau-Dorf Malans in der B\u00fcndner Herrschaft. 1992 packen Georg & Ruth Fromm die Koffer und die drei jungen Kinder, wandern nach Neuseeland aus und gr\u00fcnden dort die Fromm Winery in Marlborough. Zur\u00fcck in Malans \u00fcbernimmt 2015 ihr Sohn Marco Fromm in f\u00fcnfter Generation die Leitung des Weinguts. Der biologische und regenerative Anbau begleitet die Familie Fromm auf ihrem kompromisslosen Weg, die Eigenheiten der verschiedenen Rebberge und Pinot Noir Klone immer noch st\u00e4rker herauszuarbeiten. Ihre sechs Malanser Lagen Pinot Noirs, Selvenen, Michel, Fidler, K\u00fcng, Spielmann und Sch\u00f6pfi, widerspiegeln die Stilistik des Hauses: Reinheit, Mineralik und aromatische Tiefe.\n\nWEINBAR ab Oktober 2025\nWein probieren, geniessen und kaufen. Jeden Freitag und Samstag k\u00f6nnt ihr eure Weinbestellungen abholen kommen oder einfach kurz abschalten, die Aussicht, den Wein und ein kleines Pl\u00e4ttli geniessen.", "url": "http://www.weingut-fromm.ch", "image": "https://ostpimtsoch.sos-ch-dk-2.exoscale-cdn.com/catalog/3/a/b/f/3abf8d979a558d3056fa27b0e76ae3a04d396061_5d6953b1c1c952e97742d706a7c43393.JPG", "openstreetmap_id": "way/232221595"}, "geometry": {"type": "Point", "coordinates": ["9.574665424241683", "46.98341325"]}}, {"type": "Feature", "properties": {"identifier": "c7778d49-3912-4c17-a067-72fc798734a2", "name": "R\u00f6tiberg Kellerei", "description": "Wilchingen, ein Dorf mit 60 Hektaren Rebfl\u00e4che, und ein junges Team mit Wein in den Adern und Ideen im Kopf - eine perfekte Kombination.\n\nIm Norden der Schweiz erstreckt sich eine vor Urzeiten vom Rhein geformte Region \u2013 der Klettgau. Um die dort ans\u00e4ssigen Winzerd\u00f6rfer Wilchingen, Osterfingen und Trasadingen wachsen die Reben, die in unserem Haus mit h\u00f6chster Sorgfalt vinifiziert werden. Ideenreichtum und Kreativit\u00e4t sind unsere Aush\u00e4ngeschilder. Wir kreieren langlebige Schaffhauser Weine, die auch in vielen Jahren noch Spass machen.\n\n2001 wurde die R\u00f6tiberg-Kellerei durch unsere Rebbauern ins Leben gerufen. Den Namen R\u00f6tiberg haben wir von einer der bestgelegenen und sonnigsten Reblagen am Wilchingerberg im wundersch\u00f6nen Klettgau \u00fcbernommen \u2013 der Wilde Westen von Schaffhausen.\n\nWir sind ein junges, innovatives Team, jeder packt dort an, wo Arbeit ansteht. Teamwork wird bei uns ganz grossgeschrieben. Unsere neuen Marketingideen entstehen meistens bei einigen Gl\u00e4schen guten Weins.\n\nUm guten Wein zu machen, braucht es viele Dinge: guten Boden, die richtige Menge an Sonnenschein und Regen und \u2013 vor allem \u2013 Liebe zum Weinmachen. Wir glauben an Weine f\u00fcr den puren Genuss \u2013 gemacht, um mit Freude und Freunden getrunken zu werden.\n\nWir sind stolz, dass all unsere Weine seit September 2019 f\u00fcr das Label Schweizer P\u00e4rke und Regionaler Naturpark Schaffhausen zertifiziert sind. Regionale Produkte und die St\u00e4rkung der regionalen Wirtschaft liegt uns am Herzen.", "url": "http://www.roetiberg.ch/", "image": "https://ostpimtsoch.sos-ch-dk-2.exoscale-cdn.com/catalog/b/9/3/c/b93c43a1c46d5cee345f9bfbac70a8bafa4fd5b3_8093af2fb2d6727997a5ddf0b07ef224.jpg", "openstreetmap_id": "node/8112296027"}, "geometry": {"type": "Point", "coordinates": ["8.4674884", "47.6676994"]}}, {"type": "Feature", "properties": {"identifier": "c8d85cd8-7732-4473-84ed-649c7444af14", "name": "Mikado Johanneum", "description": "Im MIKADO sind Menschen mit und ohne Beeintr\u00e4chtigung gleichermassen willkommen und der Speisesaal, das Restaurant und der Shop sind f\u00fcr die breite \u00d6ffentlichkeit ge\u00f6ffnet. Hausgemachte Spezialit\u00e4ten, feine Snacks, Verpflegung und erfrischende Getr\u00e4nke laden zum Geniessen und Verweilen ein.\nDank barrierefreier Gestaltung und \u00f6ffentlicher Zug\u00e4nglichkeit entsteht hier ein lebendiger Treffpunkt, der Menschen unterschiedlichster Hintergr\u00fcnde verbindet. \nDas neue Gastronomiegeb\u00e4ude steht auch f\u00fcr Vereine, Firmen und private Gruppen zur Verf\u00fcgung. Ob Vereinsversammlung, Firmenap\u00e9ro oder Familienfeier \u2013 das MIKADO bietet die passende Infrastruktur, ein stimmungsvolles Ambiente und gastronomische Begleitung aus einer inklusiven K\u00fcche, die f\u00fcr Qualit\u00e4t, Regionalit\u00e4t und Wertsch\u00e4tzung steht.\nEin integrierter Shop bietet Produkte aus den hauseigenen Werkst\u00e4tten des Johanneums an. Handgemacht, nachhaltig und mit sozialem Mehrwert.", "url": "https://www.johanneum.ch/", "image": "https://ostpimtsoch.sos-ch-dk-2.exoscale-cdn.com/catalog/0/f/b/c/0fbcc075f1fbff778f33de81163bf52ae49635d6_8e4c0b7e059e51a758ffbbca0b7d2c22.jpg", "openstreetmap_id": "way/220775588"}, "geometry": {"type": "Point", "coordinates": ["9.192439913749697", "47.22957213109569"]}}, {"type": "Feature", "properties": {"identifier": "c9b5ebcf-55d7-4817-aca8-2fb8f0304c30", "name": "Rohners Chloschterbeck", "description": "<p>Der einzigartige Name leitet sich vom historischen Klosterviertel (Chloschterbezirk) ab, das einst diesen Teil der Stadt pr&auml;gte.</p><p>Von Montag bis Samstag bieten wir diverse Leckereien aus unserer Backstube in St.Georgen an. Von Hand geformte Brote und Kleinbrote, liebevoll gef&uuml;llte Sandwiches, leckere Fladen s&uuml;ss und salzig, stilvolle Pr&auml;sente und vieles mehr, finden Sie tagt&auml;glich in unserer Auslage.</p><p>Bei sch&ouml;nem Wetter stehen im Freien 26 Sitzpl&auml;tze zur Verf&uuml;gung. Diese laden dazu ein, sich nach einem ausgiebigen Einkaufsbummel oder einer faszinierenden Sightseeing-Tour in St.Gallen zu entspannen und sich kulinarisch verw&ouml;hnen zu lassen.</p>", "url": "https://rohners-genusswelt.ch", "image": "https://ostpimtsoch.sos-ch-dk-2.exoscale-cdn.com/catalog/9/6/5/5/9655c907744c76a0f040612564412968435a73ee_6ff05155782c29ff51471e2a8ef31cbd.JPG", "openstreetmap_id": "node/3166533862"}, "geometry": {"type": "Point", "coordinates": ["9.3747798", "47.4236632"]}}, {"type": "Feature", "properties": {"identifier": "cb4ab0cb-801d-4902-8dc6-a9dd8bd860e5", "name": "Weingut Besson-Strasser", "description": "Das Weingut Besson-Strasser ist ein Familienbetrieb und liegt nur 10 Fussminuten vom Rheinfall entfernt. Die sieben Hektar Weinberge sind auf die Kantone Z\u00fcrich und Schaffhausen verteilt. Die Weinbereitung erfolgt im Fuder, im Barrique und in Betonamphoren. Das Weingut wird biodynamisch bewirtschaftet und ist Demeter-zertifiziert.\n\nGef\u00fchrte Wein Degustationen werden auf Anfrage durchgef\u00fchrt.", "url": "https://wein.ch/", "image": "https://ostpimtsoch.sos-ch-dk-2.exoscale-cdn.com/catalog/2/e/3/9/2e392c7f42b9bf83633271dde5441834df04d261_6eefc6b342f514921837a6e0471d8e7a.JPG", "openstreetmap_id": "node/9590032560"}, "geometry": {"type": "Point", "coordinates": ["8.6262834", "47.6729531"]}}, {"type": "Feature", "properties": {"identifier": "cdbf39cc-3de9-40dc-967c-027fa942cbe2", "name": "GVS Weinkellerei und Vinothek", "description": "Heute hegen und pflegen \u00fcber 120 Rebbau-Betriebe im Schaffhauser Blauburgunderland ihre Reben f\u00fcr die Weinkellerei. Mit Stolz liefern sie ihr hervorragendes Traubengut, welches unser Kellermeister Michael Fuchs sorgsam und mit grosser Erfahrung zu sch\u00f6nen Weinen verarbeitet.\n\nZum Team rund um Michael Fuchs geh\u00f6ren erfahrene Weintechnologen, ein Lehrling und Verantwortliche f\u00fcr die Abf\u00fcllerei. Sie alle tragen zum Erfolg der GVS Weine bei. Die Weinkompetenz zeigt sich in den zahlreichen Auszeichnungen, welche jedes Jahr an nationalen und internationalen Pr\u00e4mierungen errungen werden.\n\nIn der GVS Vinothek im GVS Markt im Herblingertal k\u00f6nnen die meisten Weine degustiert werden und im Onlineshop findet man viele Informationen \u00fcber die feinen Tropfen.", "url": "http://www.gvs-weine.ch/", "image": "https://ostpimtsoch.sos-ch-dk-2.exoscale-cdn.com/catalog/a/f/5/a/af5aa241058ef7c5e6579993d8d1b02f8473c79e_3384588dbd902a90a117f0a1acf04663.JPG", "openstreetmap_id": "node/9308473850"}, "geometry": {"type": "Point", "coordinates": ["8.6640249", "47.7174935"]}}, {"type": "Feature", "properties": {"identifier": "cf3c5ec0-716f-4334-8358-43878a5d9650", "name": "Handwerk-Statt in der Eventlocation zur Werkstatt", "description": "Welcher echte Mann wollte nicht schon immer mal Wursten? Unter dem Motto \u00abHauptsache Fleisch!\u00bb entsteht das fleischige 3-Gang-Menu. Und weil Bier f\u00fcr echte M\u00e4nner genauso wichtig ist, zapft ihr zum Ap\u00e9ro euer eigenes Bierf\u00e4ssli an. Dass das Essen von Wein begleitet und der Abend mit Kaffee-Digestif abgerundet wird, versteht sich f\u00fcr eine solche Wurst-Werkstatt von selbst.\n\nJeder erh\u00e4lt 2 W\u00fcrste zum Mitnehmen. T\u00e4glich buchbar ab 6 bis 20 Personen.\n\nCHF 165 / Person", "url": "https://www.zurwerkstatt-sg.ch/", "image": "https://ostpimtsoch.sos-ch-dk-2.exoscale-cdn.com/catalog/e/4/b/e/e4bea2274ebcc12dabb64faa3065cfc487752b53_361640c5acbf793634446d1d89ab33c3.jpg", "openstreetmap_id": "node/10705895705"}, "geometry": {"type": "Point", "coordinates": ["9.375021", "47.425561"]}}, {"type": "Feature", "properties": {"identifier": "cf65c5f8-3fb4-4a91-9902-5dc2043893ba", "name": "Wein Berneck", "description": "Das Winzerhandwerk wird traditionsbewusst und gleichzeitig innovativ gepflegt. Dadurch entstehen spannende Charakterweine aus reiner Natur. Auch wenn echte Handwerksarbeit wie ein Begriff aus l\u00e4ngst vergangener Zeit klingt, so ist sie Garant f\u00fcr dauerhaften Erfolg.\n\nDamit die Reben nat\u00fcrlich und ausgewogen ern\u00e4hrt werden, wird auf Herbizide, Insektizide und Kunstd\u00fcnger verzichtet. \n\nZu geniessen gibt die Weine im \u00abHirschen\u00bb am Rathausplatz. Gruppenbesuche des alten Kellergew\u00f6lbes und Degustationen in der Weinbar sind jederzeit nach Absprache m\u00f6glich. Das Konzertprogramm \"Befl\u00fcgelter Freitag\" ist ebenfalls ein Besuch wert.", "url": "http://www.wein-berneck.ch/", "image": "https://ostpimtsoch.sos-ch-dk-2.exoscale-cdn.com/catalog/f/0/5/0/f0505427a4c87d63d6f57991d0969c92d9a965ff_97ff7e40160e2fbc4ccad5567c12936e.jpg", "openstreetmap_id": "way/99261768"}, "geometry": {"type": "Point", "coordinates": ["9.6091757", "47.4252007"]}}, {"type": "Feature", "properties": {"identifier": "d01f1d76-227d-4594-b23e-9a5319a5f8fb", "name": "Alter Torkel - Huus vom B\u00fcndner Wii", "description": "Der Torkel ist sanft umgestaltet - aber selbstverst\u00e4ndlich wurde der alte Charme bewahrt! Das kleine Restaurant Weinstube alter Torkel liegt wundersch\u00f6n mitten in den Rebbergen von Jenins.\n\n- Geniessen - auftanken - sich geborgen f\u00fchlen\n- Staunen - unvergleichliche Landschaften entdecken\n- Die aussergew\u00f6hnlichen Farben der Herrschaft in sich aufnehmen\n- Hervorragende B\u00fcndner Weine entdecken und degustieren\n- Die m\u00e4chtige Baumpresse - original erhalten aus dem Jahr 1722 - bestaunen\n- Spitzenm\u00e4ssige tafeln \u2013 jeder Bissen mit allen Sinnen geniessen", "url": "http://www.torkel.ch", "image": "https://ostpimtsoch.sos-ch-dk-2.exoscale-cdn.com/catalog/c/a/9/5/ca95ebb0b61d61ab18a8c3dcdf905203d7c01dce_7aa6ccaa140d5dddd7a13d3bccfdfcca.jpg", "openstreetmap_id": "node/3556757066"}, "geometry": {"type": "Point", "coordinates": ["9.5525691", "47.0006912"]}}, {"type": "Feature", "properties": {"identifier": "d2174ac5-ae95-43a6-8fe8-13140b5923b5", "name": "Bergrestaurant Chr\u00fcz", "description": "Das gem\u00fctliche Bergrestaurant mitten am Erlebnisberg Flumserberg l\u00e4dt Sie zum Verweilen ein. St\u00e4rken Sie sich vor der rasanten Skiabfahrt im Winter oder einer atemberaubenden Wanderung im Sommer mit einem abwechslungsreichen Angebot an Speis und Trank. Im Bergrestaurant Chr\u00fcz wird grossen Wert auf Qualit\u00e4t und Pers\u00f6nlichkeit gelegt und eine gastfreundliche Bedienung gew\u00e4hrleistet.\nDas bediente Restaurant bietet Platz f\u00fcr bis zu 200 Personen und auf der sonnenreichen Terrasse finden ebenfalls gut 180 Personen Platz. \n\nIm Winter bei sch\u00f6ner Witterung erwarten Sie an der Chr\u00fczBar coole Drinks und feine Snacks. Lassen Sie bei einem Besuch Ihre Seele baumeln und geniessen Sie die herrliche Wintersonne und die tolle Atmosph\u00e4re.", "url": "https://www.chruez-flumserberg.ch", "image": "https://ostpimtsoch.sos-ch-dk-2.exoscale-cdn.com/catalog/5/6/f/d/56fdadee1bcad2125dbdf67915aba6c3dce1badb_ca7faa52e883cb2b659aa9d9138247bb.JPG", "openstreetmap_id": "node/330413576"}, "geometry": {"type": "Point", "coordinates": ["9.270036220550539", "47.08297409902807"]}}, {"type": "Feature", "properties": {"identifier": "d2cf25c0-fb63-4edd-a66e-d079ac287318", "name": "Besenbeiz Lindenhof", "description": "In gem\u00fctlicher Atmosph\u00e4re k\u00f6nnen Sie von Anfang April bis Ende Oktober jeweils von Freitag bis Sonntag unsere Besenbeiz besuchen. Bei sehr schlechtem Wetter (Sturm, starker Regen\u2026) bleibt die Besenbeiz geschlossen. Sind Sie unsicher, dann rufen Sie uns einfach kurz an 044 867 15 59\n\nIn der Besenbeiz geniessen Sie hofeigene und regionale Speisen und Getr\u00e4nke. Das macht eine Besenbeiz aus. Wir produzieren auf unserem Hof Wein, Traubenschorle, S\u00fcssmost und Fleisch (Beef). Alle anderen Produkte werden in n\u00e4chster N\u00e4he produziert.\n\nVom Grill verk\u00f6stigen wir Sie mit unserem Fleisch. Die Spezialit\u00e4t auf unserem Hof ist die Rindsbratwurst. Zum Dessert gibt es feine Kuchen und Torten sowie Glace vom Gelatito aus Buchberg.", "url": "https://lindenhof-sh.com/", "image": "https://ostpimtsoch.sos-ch-dk-2.exoscale-cdn.com/catalog/8/0/e/0/80e06ec7f797d469e924408515caf39fabc408e5_8ddd44ea5800b42d66526ea1a1b01d0f.jpg", "openstreetmap_id": "node/611121395"}, "geometry": {"type": "Point", "coordinates": ["8.5573641", "47.5653961"]}}, {"type": "Feature", "properties": {"identifier": "d348bb7e-577f-4c37-9b08-978051324476", "name": "TIKI Strandbar Goldach", "description": "<p>TIKI geh\u00f6rt zu einer der sch\u00f6nsten Strandbars der Deutschschweiz. Auch die Mojito\u2019s und Burger z\u00e4hlen zu den Besten am Bodensee. Die TIKI Strandbar liegt direkt beim Hafen Goldach und ist w\u00e4hrend der Sommersaison, von April bis September, jeden Tag bei sch\u00f6nem Wetter offen. Die gem\u00fctlichen Sonnenbetten und rustikalen Holzm\u00f6bel im Vintage-Look schaffen eine einzigartige Atmosph\u00e4re und bieten viele verschiedenen Sitz- und Liegefl\u00e4chen. Die Strandbar ist der perfekte Ort f\u00fcr unvergessliche Momente, neue Bekanntschaften und atemberaubende Sonnenunterg\u00e4nge.</p>", "url": "https://tikistrandbar.ch/", "image": "https://ostpimtsoch.sos-ch-dk-2.exoscale-cdn.com/catalog/1/f/2/b/1f2bf7c8193b275ba76d05d462e41371da42b677_964292f3e55bbc4a03dc88e8d0d3038e.jpg", "openstreetmap_id": "node/2450055638"}, "geometry": {"type": "Point", "coordinates": ["9.4790537", "47.4828408"]}}, {"type": "Feature", "properties": {"identifier": "d3f7deac-7eb3-42f0-abdd-df386545d68f", "name": "Haag Weine - Vinothek", "description": "Die charmant eingerichtete Vinothek Haag, umgeben von den 400 Jahre alten Mauern, l\u00e4dt am Freitag und Samstag oder nach Vereinbarung zum Einkaufen und Degustieren ein. Mit 30 Pl\u00e4tzen bietet sie ideale M\u00f6glichkeiten f\u00fcr Gruppendegustationen, Ap\u00e9ros und andere Festivit\u00e4ten. Nicole Haag, als passionierte Gastgeberin, organisiert Anl\u00e4sse individuell und pers\u00f6nlich. Die Vinothek ist die ideale R\u00e4umlichkeit f\u00fcr besondere Anl\u00e4sse in sch\u00f6nem Ambiente. \n\nIm Weinbau setzt die Familie Haag alles daran, aus gesunden, reifen Trauben klare und authentische Weine hervorzubringen. Auf 4 ha pflegt die Familie Haag sechs verschiedene Traubensorten: M\u00fcller-Thurgau, Cabernet Blanc, Sauvignon Blanc, Pinot Gris, Pinot Noir und Zweigelt. Sortenreine, klar strukturierte Weine, Innovation aber auch viel Passion, Begeisterung und Herzblut f\u00fcr das Handwerk zeichnet die Winzerfamlie aus. Tipp: Degustieren Sie Nicole's Lieblingswein, den Goldgr\u00fcebli bei Ihrem n\u00e4chsten Besuch.", "url": "http://www.haag-weine.ch/", "image": "https://ostpimtsoch.sos-ch-dk-2.exoscale-cdn.com/catalog/0/7/1/7/0717dea955c2c936a314c37d279cb1c9853c2b41_d33f8ea0463c22e0556718729a1daed8.jpg", "openstreetmap_id": "way/298906049"}, "geometry": {"type": "Point", "coordinates": ["8.869737775940624", "47.60669985"]}}, {"type": "Feature", "properties": {"identifier": "d48660fc-7f65-4ae9-88c8-0d17691d0a4d", "name": "Alpwirtschaft Unterb\u00e4chen", "description": "Ob Sie nun den Weg zu uns zu Fuss, mit dem Bike oder mit dem Auto in Angriff nehmen, bei uns k\u00f6nnen Sie ankommen und geniessen. ", "image": "https://ostpimtsoch.sos-ch-dk-2.exoscale-cdn.com/catalog/d/1/3/b/d13be90875ce5cbdb5baba51fe64b796fa709678_27166a73e431a3dd60042ae758849445.jpeg", "openstreetmap_id": "node/424999876"}, "geometry": {"type": "Point", "coordinates": ["9.1027653", "47.2452274"]}}, {"type": "Feature", "properties": {"identifier": "d4aba36a-a5fb-455e-bf90-11611fbc6de4", "name": " Annarosa Sodano - S\u00fcsse Momente", "description": "Entdecken Sie k\u00f6stliche Backwaren und individuelle Torten f\u00fcr jeden Anlass und Geschmack.", "url": "https://annassuessemomente.ch/", "image": "https://ostpimtsoch.sos-ch-dk-2.exoscale-cdn.com/catalog/7/3/9/e/739e9c844cad9518306af7cf5c41180b9e748aba_b8301eebbc0413ff7fa945c2a8cd8fc2.jpg", "openstreetmap_id": "node/3217414523"}, "geometry": {"type": "Point", "coordinates": ["8.4980329", "47.6902592"]}}, {"type": "Feature", "properties": {"identifier": "d4de066f-7e95-4e8d-896d-15022998f7e8", "name": "RIVI Skyfall Restaurant", "description": "<p>Im RIVI Skyfall Restaurant wird dir 136 Meter &uuml;ber dem beeindruckenden Rheinfall eine spektakul&auml;re Kulisse geboten. Mit einer Kombination aus erstklassiger Gastronomie, atemberaubender Panoramaaussicht und moderner Architektur, ist das RIVI Skyfall der perfekte Ort f&uuml;r ein Dinner, Lunch, oder eine Feier.</p>", "url": "https://www.rivi-skyfall.ch/", "image": "https://ostpimtsoch.sos-ch-dk-2.exoscale-cdn.com/catalog/a/3/1/a/a31a234089697758cc07d1a86baa2a4c357340ce_a9b502ce5ce4dd21fcb9b526c4a3bd6f.jpg", "openstreetmap_id": "way/953561392"}, "geometry": {"type": "Point", "coordinates": ["8.613585244285757", "47.6823809"]}}, {"type": "Feature", "properties": {"identifier": "d5704aad-395a-4122-aa39-e42f77fd5b2a", "name": "Caf\u00e9 Abderhalden B\u00e4ckerei Konditorei", "description": "Caf\u00e9 Abderhalden \u2013 Ihr St\u00fcck Toggenburg\n\nGeniessen Sie die warmen Sonnenstrahlen auf unserer gem\u00fctlichen Terrasse und lassen Sie sich von unseren K\u00f6stlichkeiten verw\u00f6hnen. Starten Sie Ihren Sonntagmorgen mit unserem traditionellen B\u00e4cker-Zmorge. Frische Brote, feine Z\u00f6pfe und hausgemachte Konfit\u00fcren lassen keine W\u00fcnsche offen.\n\nNachmittags verf\u00fchren unsere Konditoren Sie mit einer Vielfalt an Kuchen und Torten. Ob eine cremige Kugel hausgemachter Glac\u00e9, ein feinest St\u00fcck Torte oder unseren Klassiker, der Schlorzifladen \u2013 bei uns finden Sie garantiert Ihr Lieblingsst\u00fcck.\n\nBesuchen Sie uns und erleben Sie die Schweizer Gastfreundschaft in vollen Z\u00fcgen!", "url": "http://www.cafe-abderhalden.ch", "image": "https://ostpimtsoch.sos-ch-dk-2.exoscale-cdn.com/catalog/c/c/3/7/cc37b94e9113e16578489dfda8058ca897192ff6_23510de90814cb3aff63552e13ba0b7d.jpg", "openstreetmap_id": "node/9620350580"}, "geometry": {"type": "Point", "coordinates": ["9.0867482", "47.3029247"]}}, {"type": "Feature", "properties": {"identifier": "d6810de5-ea74-4826-9252-c889af733a64", "name": "Wunderstaa Wein AG", "description": "<p><span style=\"font-weight: bold;\">Unser Ansporn:<br></span>Wir begeistern anspruchsvolle Kundinnen und Kunden sowie Gourmets mit hochwertigen und nachhaltigen Qualit\u00e4tsprodukten aus lokalem Anbau. Dabei setzen wir grossen Wert auf Kooperation und Kollaboration. Zusammen mit gleichgesinnten Partnern bieten wir unseren Kundinnen und Kunden unvergessliche kulinarische Erlebnisse.</p><p><span style=\"font-weight: bold;\">Unser Angebot:<br></span>In unserem Degustationskeller k\u00f6nnen samstags von 10 bis 14 Uhr oder nach Vereinbarung alle unsere Weine und Edelbr\u00e4nde gekostet werden. Gerne bieten wir Gruppendegustationen, einen Rundgang durch die Reben oder eine Kellereibesichtigung an. Ebenso haben Sie die M\u00f6glichkeit, an einer Degustation mit dem Schiff auf dem Rhein teilzunehmen.<br>Mit jeweils einem unserer Gastropartner bieten wir regelm\u00e4ssig in Form von \u00abWine &amp; Dines\u00bb Spitzengastronomie mit Weinbegleitung in vier G\u00e4ngen in gem\u00fctlicher Umgebung an. Das Jahres-Highlight im November ist das \u00ab\u00e0 la art\u00bb, das Wine &amp; Dine im 360\u00b0-Kino von Rhyality in der \u00e4ltesten Industriehalle direkt oberhalb des Rheinfalls.</p><p><span style=\"font-weight: bold;\">Wir machen mit:<br></span>Ob am R\u00e4bh\u00fc\u00fcslifest, an der Schafuuser Wiiprob, am First Friday, am Hallauer Weinfest, an der Schaffhauser Herbstmesse oder beim Iichaufe z\u2019Hallau, wir sind mit dabei und leisten unseren Beitrag als lokaler Produzent und Schausteller.</p><p><span style=\"font-weight: bold;\">Wir kommen zu Ihnen:<br></span>Hauslieferungen sind f\u00fcr uns selbstverst\u00e4ndlich. Das Jahr hindurch organisieren wir regelm\u00e4ssig Liefertage, an welchen wir unsere Kundenbestellungen direkt ausliefern. An verschiedenen Messen und Degustationen in der Schweiz sind wir pr\u00e4sent und kredenzen unsere aktuellen Jahrg\u00e4nge.</p><p>Alle Angebote und Informationen finden Sie auch auf unserer Homepage unter wunderstaa.ch. Wir freuen uns sehr auf Ihre Kontaktaufnahme und auf Ihren Besuch.</p>", "url": "https://www.wunderstaa.ch/", "image": "https://ostpimtsoch.sos-ch-dk-2.exoscale-cdn.com/catalog/d/d/0/1/dd015371e1b4161a2e58b520552e3fd3464e4485_d0d52e5c9cabafbe0f07f53b51f72a4c.jpg", "openstreetmap_id": "node/3201279884"}, "geometry": {"type": "Point", "coordinates": ["8.4585667", "47.6972443"]}}, {"type": "Feature", "properties": {"identifier": "d894442d-0090-428f-9c8f-624c48664144", "name": "Seerestaurant Buchhorn", "description": "<p>Mit viel Engagement wird das Seerestaurant Buchhorn im Strandbad Arbon betrieben. Neben der Speisekarte sorgen die t\u00e4glich wechselnden Mittagsmen\u00fcs f\u00fcr Abwechslung auf dem Esstisch und der vielf\u00e4ltigen Auswahl am Buffet kann niemand widerstehen. Zur Spezialit\u00e4t des Hauses geh\u00f6ren die feinen Fischknusperli in w\u00fcrziger Kr\u00e4uterpanade sowie der unverwechselbare Buchhorn-Burger. Das Restaurant Buchhorn in Arbon erfrischt auch als vielseitige Anlage f\u00fcr Feste. Neben dem t\u00e4glichen Betrieb ist das Seerestaurant Buchhorn auch die perfekte B\u00fchne f\u00fcr gediegene, festliche Begegnungen jeglicher Art. Es gibt wenige Orte, die sich f\u00fcr ein Fest so ideal eignen wie dieses einzigartige Bijou. Direkt am See gelegen l\u00e4sst es sich auf vielf\u00e4ltige Weise bespielen. Das Seerestaurant Buchhorn ist ein tolles Ausflugsziel und liegt an diversen Velo- und Wanderwegen.</p>", "url": "https://seerestaurant-buchhorn.ch", "image": "https://ostpimtsoch.sos-ch-dk-2.exoscale-cdn.com/catalog/a/1/8/d/a18df8e848a3de33def99193e0aced24e72ae373_682869f3b42cd8408a374c0bb8642139.jpg", "openstreetmap_id": "node/259196142"}, "geometry": {"type": "Point", "coordinates": ["9.418526964195179", "47.5265206"]}}, {"type": "Feature", "properties": {"identifier": "da76b19b-389f-4569-9252-eb011788fc85", "name": "Restaurant Treichli ", "description": "<p>Das Restaurant bietet eine grossz\u00fcgige Gartenterrasse und einen rustikalen Innenraum mit offenen Kamin. Das Lokal  vereint moderne Gem\u00fctlichkeit mit charmant dekorierten Holzb\u00f6den, Pflanzen und Kerzen. Serviert werden regionale und saisonale Gerichte mit Fleisch aus Heiden und frischen Fischen aus dem Bodensee und von der Firma Zellweger. Die Weinkarte wurde mit sehr viel Liebe und Leidenschaft ausgew\u00e4hlt und die Weine stammen von Terravigna und Tobias Schmid aus dem Rheintal.&nbsp;&nbsp;</p>", "url": "https://treichli.ch", "image": "https://ostpimtsoch.sos-ch-dk-2.exoscale-cdn.com/catalog/c/6/c/9/c6c92fb523e627634b8ba94d97644759b6ddcd7f_6c44646040495cef3bdf66de5769344e.jpeg", "openstreetmap_id": "way/156124158"}, "geometry": {"type": "Point", "coordinates": ["9.5317096", "47.4639792"]}}, {"type": "Feature", "properties": {"identifier": "da9ce522-a086-4366-a9de-ad741265215a", "name": "H\u00fcbscher Wein", "description": "Der n\u00f6rdlichste Rebberg der Schweiz liegt im idyllischen Altdorf SH. Die in den 70er Jahren angelegte Terrassen-Anlage mit \u00fcber 430 Aren ist mit traditionellen Rebsorten wie Riesling Sylvaner, Blauburgunder und Cabernet Dorsa bestockt. Ebenso stehen in der Anlage auch robuste, pilzwiderstandsf\u00e4hige Sorten wie Regent, Cabernet Jura, Leon Millot x Mar\u00e9chal Foch und Muscaris.\n\nDiese grosse Sortenvielfalt bietet die Grundlage f\u00fcr ein Sortiment an sch\u00f6nen und beliebten Weinen. Der Reiat ist eine sch\u00f6ne, Landwirtschaftlich gepr\u00e4gte Region mit wunderbarem Blick in die Vulkan-Landschaft  des Hegau (D). Die Bewohner und G\u00e4ste im Reiat  geniessen gerne die regional produzierten Weine. Weiss, Ros\u00e9 und Rotweine insbesondere auch sorgf\u00e4ltig ausgew\u00e4hlte Cuv\u00e9e sind unser St\u00e4rken.\n\nDie Rebanlage wird nach \u00f6kologischen Grunds\u00e4tzen bewirtschaftet und gepflegt. In den begr\u00fcnten Terrassen findet man seltene Pflanzen, Insekten und auch biodiversit\u00e4re Fl\u00e4chen.\n\nUnsere Trauben werden sorgf\u00e4ltig gekeltert durch die GVS Weinkellerei in Schaffhausen und in Flaschen abgef\u00fcllt.", "url": "https://www.huebscher-wein.ch/", "image": "https://ostpimtsoch.sos-ch-dk-2.exoscale-cdn.com/catalog/7/5/f/5/75f5242ad8f3f2f801b18042034b675b5bf42c6d_b367a80a99d75ba4435de1f648269128.jpg", "openstreetmap_id": "way/256592403"}, "geometry": {"type": "Point", "coordinates": ["8.702683607603296", "47.74731385"]}}, {"type": "Feature", "properties": {"identifier": "db1be4d2-b9f6-4618-ae57-ac248701720a", "name": "Wirtschaft Rumpf Waldegg", "description": "Ein Auszug aus unserer kleinen, feinen K\u00fcche\nT\u00e4glich wechselnde saisonale Mittagsmen\u00fc\nHausgemachte Cordon Bleu und frische Salate. Fitnessteller mit Schnitzeli Wurstsalat oder Wurst-K\u00e4s- Salat und Feine Vesperpl\u00e4ttli\n\nNaherholungsgebiet und Wanderland Rumpf\nWanderwege rund um den Rumpf:\nAls Zwischenhalt in die Chr\u00fczegg (Rumpf - Chr\u00fczegg: 75Min zu Fuss)\noder ins Schw\u00e4mmli via Bachstrasse (Rumpf - Schw\u00e4mmli: 80min zu Fuss)\noder als Abstecher vom Jakobsweg (Iburg Wattwil - Rumpf - Stoss)", "url": "https://restaurant-rumpf-waldegg.jimdosite.com/", "image": "https://ostpimtsoch.sos-ch-dk-2.exoscale-cdn.com/catalog/a/d/7/0/ad70ec2afa34213c3b260de34dea5ef7a6a46b12_7d8a774bcbdb74df5db0a625f1dc6060.jpg", "openstreetmap_id": "node/4563071714"}, "geometry": {"type": "Point", "coordinates": ["9.048222", "47.2943496"]}}, {"type": "Feature", "properties": {"identifier": "db224562-9cee-4922-90ae-b15e4cdcd696", "name": "Bratwurst-Degustation ", "description": "<p class=\"rich-text-paragraph\" data-v-d66dbd6c=\"\"><span class=\"text-space-pre-line rich-text-text\" data-abstract-init=\"body text\">Bereits&nbsp;</span><span class=\"text-space-pre-line font-weight-bold rich-text-text\" data-abstract-init=\"body text\">1438</span><span class=\"text-space-pre-line rich-text-text\" data-abstract-init=\"body text\">&nbsp;wurde das Rezept f&uuml;r die Wurst erstmals erw&auml;hnt. Doch was wissen wir eigentlich &uuml;ber das kulinarische Kulturgut? Welche Zutaten sind in der Wurst enthalten und warum geniesst man sie ohne Senf? Und die Frage aller Fragen ist: Wer produziert die beste St.Galler Bratwurst?</span></p><p class=\"rich-text-paragraph\" data-v-d66dbd6c=\"\"><span class=\"text-space-pre-line rich-text-text\" data-abstract-init=\"body text\">Beim Degustationsseminar geht es also wortw&ouml;rtlich um die Wurst. Wir f&uuml;hren dich spielerisch an die emotionale Thematik heran und l&uuml;ften ihr Geheimnis. Du hast die einmalige Gelegenheit, Bratw&uuml;rste verschiedener Produzenten nebeneinander zu degustieren und zu entscheiden, welche Bratwurst dein Favorit ist.</span></p><p class=\"rich-text-paragraph\" data-v-d66dbd6c=\"\"><span class=\"text-space-pre-line rich-text-text\" data-abstract-init=\"body text\">Unsere Degustationsleiter Josef Niedermann &amp; Andreas Koller der Sortenorganisation St.Galler Bratwurst erkl&auml;ren dir dabei die feinen Unterschiede. Passend dazu geniesst du ein Bier der Brauerei Sch&uuml;tzengarten, welches hervorragend mit der Bratwurst harmoniert und ein krosses B&uuml;rli, dass deinen Gaumen zum Tanzen bringt.</span></p><p class=\"rich-text-paragraph\" data-v-d66dbd6c=\"\"><span class=\"text-space-pre-line rich-text-text\" data-abstract-init=\"body text\">Die Degustation findet entweder im Restaurant Brauwerk oder Restaurant zur Werkstatt in St.Gallen statt.&nbsp;</span></p>", "url": "http://www.sg-bratwurst.ch/", "image": "https://ostpimtsoch.sos-ch-dk-2.exoscale-cdn.com/catalog/1/d/0/b/1d0bf69b731bb7ba675d679e05704e8e9b2439a8_83b9bae6fa5ebc33ca50ed13bcf8b2e2.jpg", "openstreetmap_id": "node/616127619"}, "geometry": {"type": "Point", "coordinates": ["9.3717223", "47.4247253"]}}, {"type": "Feature", "properties": {"identifier": "dc4db811-4877-4ea8-ae17-ffe2ca744500", "name": "Restaurant Anker", "description": "<p>Das Erststock-Restaurant im gleichnamigen Hotel heisst die G&auml;ste mit einem herrlichen Blick auf den Alpstein willkommen. Es werden kulinarische K&ouml;stlichkeiten mit Produkten aus der Region und der hauseigenen Metzgerei angeboten - von einfach gut bis &uuml;berraschend anders.</p>", "url": "http://www.anker-teufen.ch", "image": "https://ostpimtsoch.sos-ch-dk-2.exoscale-cdn.com/catalog/4/6/2/e/462ef1d408d408664feb1b56bc425471e6f5ecfb_f8bb4468c9c424a9892857ca213e3178.jpg", "openstreetmap_id": "way/311725065"}, "geometry": {"type": "Point", "coordinates": ["9.387831820962898", "47.3904685"]}}, {"type": "Feature", "properties": {"identifier": "ddd0b466-9730-4497-9569-7e0b44fec287", "name": "Confiserie Roggwiller of Switzerland", "description": "Die Confiserie Roggwiller besteht seit dem Jahre 1941 und ist eine der f\u00fchrenden Confiserien in der Schweiz. \"Aus Freude am Guten!\", lautet ihr Motto, welches sie mit viel Herzblut, Handwerkskunst und Ideenreichtum umsetzt. Das Unternehmen betreibt Verkaufs-Standorte an der Multergasse, beim Bahnhof sowie in der Br\u00fchltor-Passage. An der Multergasse, im Herzen der Altstadt von St. Gallen, befindet sich auch das Caf\u00e9 im \"Wiener Stil\" - eines der sch\u00f6nsten der Schweiz.\n\nZum genussvollen Angebot geh\u00f6ren die ber\u00fchmten St. Galler Biber, feinste Pralinen und die verf\u00fchrerischen Schokoladen-Spezialit\u00e4ten wie die St. Galler Spitzen, die Klostersiegel oder die St. Galler Pflastersteine. Auch mit vorz\u00fcglichen Torten und P\u00e2tisserie werden die Kunden verw\u00f6hnt.", "url": "http://roggwiller.ch/", "image": "https://ostpimtsoch.sos-ch-dk-2.exoscale-cdn.com/catalog/6/9/e/6/69e6c5322884a1782d27b97602943f92527363d8_7fac82e6220eb71903cfc22fc8a7bee2.jpg", "openstreetmap_id": "node/4092499791"}, "geometry": {"type": "Point", "coordinates": ["9.3755943", "47.4243103"]}}, {"type": "Feature", "properties": {"identifier": "ddf6eb67-e054-4cdf-92a7-97938ca84a64", "name": "Wirtschaft zum Schl\u00f6ssli Haggen", "description": "Ein Besuch, der in Erinnerung bleibt. Das Schl\u00f6ssli wurde erstmals im Jahre 1638 erw\u00e4hnt und ist im Besitz der Ortsb\u00fcrgergemeinde\nSt.Gallen. \u00dcber die Jahre wurde es gepflegt und\nvieles aus seiner Entstehungszeit ist erhalten\ngeblieben und f\u00fcr G\u00e4ste wieder einsehbar gemacht.\nDas gibt den verschiedenen R\u00e4umlichkeiten ihren\nspeziellen Charme.\nOb f\u00fcr Familienfeiern, Hochzeiten,\nTaufe oder Firmenanl\u00e4sse \u2013 jeder\nRaum hat seine Geschichte.", "url": "https://www.schloessli-haggen.ch", "image": "https://ostpimtsoch.sos-ch-dk-2.exoscale-cdn.com/catalog/2/c/2/3/2c23c09030c5da81bae224e99a77cbfff15d921e_db65d2817b67f995cb151a8ddce47dea.jpg", "openstreetmap_id": "way/309211165"}, "geometry": {"type": "Point", "coordinates": ["9.3391845", "47.4031365"]}}, {"type": "Feature", "properties": {"identifier": "dec915cd-b19a-4963-a05d-0da061f994e7", "name": "Restaurant L\u00f6wengarten", "description": "Mit einer \u00fcber hundertj\u00e4hrigen Tradition geh\u00f6rt die ehemalige L\u00f6wengarten-Brauerei zu Rorschach wie das Kornhaus und der Boden\u00adsee. Seit 2007 entsteht das legend\u00e4re Ostschweizer Bier jedoch in St. Gallen und die Brauerei in Rorschach steht still. Ganz still allerdings nicht: Auf dem Areal entstand ein neues, \u00fcberaus lebendiges Quartier.\n\nWohnen, arbeiten, leben, spielen, geniessen: Auf dem L\u00f6wengarten-Areal geben sich Privates und Gesch\u00e4ftliches, Kultur und Natur, Kinder und Senioren die Hand. Die ehemalige Abf\u00fcllerei bildet das Herzst\u00fcck des auf\u00adbl\u00fchenden Quartier\u00adlebens.\n\nVom Biergarten bis zum Garten\u00adzimmer, von der Dach\u00adterrasse bis zum Gew\u00f6lbe\u00adkeller - hier finden alle die perfekte Umgebung f\u00fcr ent\u00adspann\u00adten Genuss. Die L\u00f6wengarten-K\u00f6che verschmelzen regionale und internationale K\u00fcche zu einem harmonischen kulinarischen Erlebnis. \n\nTypisch schweizerisch und zugleich weltoffen, auf das Wesentliche reduziert und doch gem\u00fctlich \u2026 herzlich willkommen im Restaurant L\u00f6wengarten!", "url": "https://www.restaurant-loewengarten.ch/", "image": "https://ostpimtsoch.sos-ch-dk-2.exoscale-cdn.com/catalog/d/b/e/0/dbe0134b4db7900ddf0459e36b6aa8ac3829e08b_46e583c674fbaae9a18fbf5957ca7107.jpg", "openstreetmap_id": "way/328929410"}, "geometry": {"type": "Point", "coordinates": ["9.482558861119978", "47.478257299999996"]}}, {"type": "Feature", "properties": {"identifier": "df389c5b-a51a-4d6a-b76e-d54a0fb38626", "name": "Altes Sch\u00fctzenhaus", "description": "Oberhalb der Schaffhauser Altstadt - auf der Breite - empf\u00e4ngt das Alte Sch\u00fctzenhaus seine G\u00e4ste mit gutb\u00fcrgerlicher K\u00fcche und einer grossen Auswahl an Men\u00fcs. Der lauschige Garten l\u00e4dt zum Tr\u00e4umen ein.\n\nMit R\u00e4umlichkeiten f\u00fcr jede Art von Anlass, ist man hier auch f\u00fcr grosse Gruppen und Busreisen an der richtigen Adresse. Im Grossen Saal finden des \u00d6fteren auch Jazzkonzerte statt.", "url": "http://www.schuetzenhaus.ch/", "image": "https://ostpimtsoch.sos-ch-dk-2.exoscale-cdn.com/catalog/9/6/f/c/96fc51fb1e56fab5a6d4b979204c08c7b503837f_44ea127affd8095ec5441933d68f917a.jpg", "openstreetmap_id": "node/845054121"}, "geometry": {"type": "Point", "coordinates": ["8.6265911", "47.6997923"]}}, {"type": "Feature", "properties": {"identifier": "dfa3bdeb-ac7f-44d6-8f88-b2f94fa0e94e", "name": "Weinbau Hanspeter Kunz", "description": "Weinkeller mit heimeligem Degustations- und Verkaufsraum. \nPlatz f\u00fcr Gesellschaften bis 20 Personen. 8 verschiedene Weine, 4 weisse, 4 rote.\nImbiss: K\u00e4se und Salsiz, nur kalt.", "url": "http://www.weinbau-kunz.ch", "image": "https://ostpimtsoch.sos-ch-dk-2.exoscale-cdn.com/catalog/3/e/b/8/3eb84b79805053a64457f392cd11a60fc50d9b71_061a66496418ea748cdf37149f9de668.jpg", "openstreetmap_id": "way/179015390"}, "geometry": {"type": "Point", "coordinates": ["9.51424827470398", "47.02754775"]}}, {"type": "Feature", "properties": {"identifier": "dfff8c20-40e4-41a4-b301-33271a227b84", "name": "Bratwurst & Bowls", "description": "Die Traditionswurst gibt sich weltoffen und zieht mit exotischer Kulinarik unter ein Dach. Zu den feinen Fleischspezialit\u00e4ten gesellen sich frische Poke-Bowls nach hawaiianischem Vorbild. Aloha tropische Leichtigkeit!\n\nDie bunten Poke-Bowls bringen Frische und Abwechslung ins Take-away-Angebot der Stadt. Poke-Anf\u00e4nger*innen w\u00e4hlen eine Signature Bowl, Kreative stellen sich die Bowl im simplen Baukasten-Prinzip nach pers\u00f6nlichem Gusto zusammen. Mmh, unschlagbar lecker!\n\nEs gibt aber nat\u00fcrlich auch immer noch die Klassiker. Das wissen die Inhaber, Alexander Zimmermann und Sandro Vladani. Den Herzblut-Gastronomen ist nicht \u00abwurst\u00bb, was St. Galler*innen essen. Deshalb lassen sie die Fleischspezialit\u00e4ten neu aufleben und verleihen St. Galler Bratwurst, Currywurst und Weidebeef-Burger einen frischen Twist.", "url": "https://bratwurstundbowls.ch/", "image": "https://ostpimtsoch.sos-ch-dk-2.exoscale-cdn.com/catalog/c/0/2/7/c0274c18846ffa8c4ecb23cf9387861478db72e0_b5abf27ca9bd09d345a3d20b9be11da9.jpg", "openstreetmap_id": "node/4149615789"}, "geometry": {"type": "Point", "coordinates": ["9.37505", "47.42365"]}}, {"type": "Feature", "properties": {"identifier": "e0ac20d6-f7f9-4cac-a1f5-aef1c3a8e667", "name": "Restaurant Tannzapfe \u2013 mehr als ein Restaurant", "description": "Das gepflegte Restaurant mit Gartensitzplatz (in den Sommermonaten) bietet t\u00e4glich wechselnde Mittagsmen\u00fcs sowie innovative \u00c0-la-carte-Angebote. Ganz im Sinne von Pfarrer Sebastian Kneipp werden nebst den Klassikern des Hauses auch vollst\u00e4ndig vegetarische Gerichte angeboten, die je nach pers\u00f6nlichem Geschmack individuell mit hochwertigem Fleisch oder Fisch aus der Region erg\u00e4nzt werden k\u00f6nnen. Mit Liebe zum Detail richtet die K\u00fcchenmannschaft jeden Teller individuell an und die zuvorkommende Gastgebermentalit\u00e4t des Serviceteams rundet das Besuchserlebnis ab. \n\nDas Restaurant ist Teil der modernen Rehaklinik Dussnang, welche neben den zeitgem\u00e4ssen medizinischen Therapien auch f\u00fcr seine Kneipp-Angebote bekannt ist.\n\nTipp: Die legend\u00e4ren hausgemachten Cremeschnitten gelten als die besten der Alpennordseite. Noch heute werden sie nach altem Geheimrezept der Klosterfrauen t\u00e4glich frisch zubereitet. Sie sind sowohl in Normalgr\u00f6sse als auch im Miniformat und zum Mitnehmen erh\u00e4ltlich.", "url": "https://www.restaurant-tannzapfe.ch", "image": "https://ostpimtsoch.sos-ch-dk-2.exoscale-cdn.com/catalog/f/1/7/3/f173730241bd315aa5e013f453ebedd18241c215_c069b5f3bc1855ae277b47bb300ba13e.jpg", "openstreetmap_id": "node/2417371708"}, "geometry": {"type": "Point", "coordinates": ["8.9635126", "47.4300691"]}}, {"type": "Feature", "properties": {"identifier": "e11b083d-afcd-462c-8543-540fbe9bed98", "name": "Seilerh\u00fctta V\u00e4ttnerberg", "description": "Nach der kurzen Bergfahrt von 6 Min. mit der Seilbahn gelangen Sie zu uns, direkt bei der Bergstation der V\u00e4ttnerbergseilbahn. Wir belohnen Sie zuerst mit unserer Natur und der herrlichen Aussicht, danach k\u00f6nnen Sie von unserem Angebot profitieren, das zu 95 Prozent von einheimischen Lieferanten und Betrieben ist. \nWeg vom Alltag und lassen Sie sich von uns in der H\u00fctte oder der herrlichen Terrasse verw\u00f6hnen.\n\nBitte beachten Sie die Fahrzeiten der Seilbahn.", "url": "https://www.v\u00e4ttnerberg.ch/", "image": "https://ostpimtsoch.sos-ch-dk-2.exoscale-cdn.com/catalog/1/b/6/3/1b6388f58e05f8104bc49dbb71cdd28710e8c121_9698eb2dda2b7f91e86dfc0461270452.jpg", "openstreetmap_id": "node/1350041393"}, "geometry": {"type": "Point", "coordinates": ["9.456750154495241", "46.929605285247256"]}}, {"type": "Feature", "properties": {"identifier": "e136de8c-b4b2-47a2-99dd-ae30405fe009", "name": "Restaurant Traube-St.Georgen", "description": "Willkommen in der Traube! Lassen Sie sich von uns mit hausgemachten K\u00f6stlichkeiten aus der Region verw\u00f6hnen. Ob ein gem\u00fctliches Abendessen mit Freunden oder ein entspanntes Mittagessen \u2013 bei uns finden Sie f\u00fcr jeden Anlass das Richtige. Unsere freundliche Bedienung und das rustikale Ambiente machen Ihren Besuch zu einem besonderen Erlebnis. Im Sommer k\u00f6nnen Sie Ihr Essen auch auf unserer sch\u00f6nen Terrasse genie\u00dfen.Verweilen und Genie\u00dfen: In der Traube St. Georgen kehren Sie ein in eine Welt der Gastlichkeit. \nHier treffen traditionelles Handwerk und moderne K\u00fcche aufeinander. Lassen Sie sich von unseren saisonalen Gerichten inspirieren und genie\u00dfen Sie die unbeschwerte Atmosph\u00e4re.", "url": "https://speiserestaurant-traube.ch/", "image": "https://ostpimtsoch.sos-ch-dk-2.exoscale-cdn.com/catalog/7/8/9/0/789015991aa9be928e50d3e6aae8ebbc91b59321_b444354e1e25d102ba7f665a566bbc25.jpeg", "openstreetmap_id": "8354869330"}, "geometry": {"type": "Point", "coordinates": ["9.3820066", "47.4170471"]}}, {"type": "Feature", "properties": {"identifier": "e3254413-17fb-463a-87f5-4d8f58b61faa", "name": "Barkada Burger Bar", "description": "<p>IT&#39;S ALL ABOUT THE BARKADA</p><p>Your homies and friends!</p><p>Drink, eat &amp; chill with them!</p><p></p><p>\u00abBarkada\u00bb steht f\u00fcr ein geselliges Beisammensein, aber auch f\u00fcr gute Laune und ausgezeichnete Burger, f\u00fcr Cocktails mit Freunden, Food mit der Familie oder einfach eine gute Zeit zu zweit.</p><p>\u200bBarkultur, Cocktails, Craft Beer und Naturweine, aber auch einer der beliebtesten Burger im Land \u2013 das alles ist m\u00f6glich im Barkada.</p><p>Deshalb laden wir dich und deine Barkada ein, um gemeinsam in gem\u00fctlicher Atmosph\u00e4re leckere Drinks zu g\u00f6nnen und herausragende Burger zu geniessen.</p><p>Kommt vorbei und werdet Teil der Barkada</p>", "url": "https://www.barkada.ch/", "image": "https://ostpimtsoch.sos-ch-dk-2.exoscale-cdn.com/catalog/e/f/0/6/ef06912c244d341d25649a4be73c7f54d9157646_62d2cc71cc4f62216bad9d85efb0ceb2.jpg", "openstreetmap_id": "node/10901678240"}, "geometry": {"type": "Point", "coordinates": ["8.6382124", "47.6962159"]}}, {"type": "Feature", "properties": {"identifier": "e3713931-6018-4068-b8f5-a478a856b246", "name": "Gasthaus zum Sch\u00e4fli", "url": "https://www.schaeflisepp.ch/", "image": "https://ostpimtsoch.sos-ch-dk-2.exoscale-cdn.com/catalog/f/1/3/d/f13da1114b19ad0f39551afc1892ee5b83195ee6_9d59c7e4e8594cfe4ba9b0402cca8c87.jpg", "openstreetmap_id": "way/222237509"}, "geometry": {"type": "Point", "coordinates": ["9.283800345257692", "47.1943987"]}}, {"type": "Feature", "properties": {"identifier": "e3d5aee9-37e9-458c-8b7f-8a70d1e35761", "name": "Weinmanufaktur Gonzen", "description": "Die Weinmanufaktur Gonzen steht f\u00fcr Weine mit Charakter.\nEigene Weine und sorgf\u00e4ltig ausgew\u00e4hlte Selektionen \u2013\ngef\u00fchrt unter einem gemeinsamen Anspruch.\n\nWir glauben an Weine mit Pers\u00f6nlichkeit.\nAn Weine, die etwas erz\u00e4hlen,\n\u00fcber Herkunft, Handwerk und die Winzer dahinter.\n\nErschaffen f\u00fcr Menschen, die charaktervolle Weine m\u00f6gen.\n\nWeine, die jeden Moment speziell machen.", "url": "http://www.weinmanufaktur-gonzen.ch", "image": "https://ostpimtsoch.sos-ch-dk-2.exoscale-cdn.com/catalog/0/d/a/1/0da12d3a8a906c412fac56ec3b4b57da9d126496_95cfbf66134b6e433909c49b5371e90e.jpg", "openstreetmap_id": "way/409298148"}, "geometry": {"type": "Point", "coordinates": ["9.447652294245845", "47.054543249999995"]}}, {"type": "Feature", "properties": {"identifier": "e5075068-0012-4e7f-8b4a-9bea8fc9abfd", "name": "Weingut Christen", "description": "Betrieb und Familie\nWundersch\u00f6n idyllisch im Herzen des Chl\u00e4ggis liegt das Weingut der Familie Christen.\nIm Jahr 2017 haben Jan und Nathalie den Hof von den Eltern \u00fcbernommen und f\u00fchren den Familienbetrieb nun in der vierten Generation mit viel Herzblut und grossem Engagement. Ihre vier Kinder machen die Familie komplett (perfekt)!\nDas Weingut umfasst 5.5ha Reben auf welchen die Sorten Pinot Noir, Cabernet Dorsa, Regent, Riesling-Silvaner, Sauvignon Blanc, Pinot Gris und Muscaris gedeihen.\nDoch nicht nur mit dem Rebbau bzw. Weinbau wird der Unterhalt verdient, 15 Hektar Ackerland steuern ihren Beitrag dazu bei. Der klassische Ackerbau mit dem Anbau von Lebensmitteln und Tierfutter ist bereits seit Generationen fester Bestandteil des Hofs.\n\nPhilosophie\nDas Ziel der Familie Christen ist es, die gesamten Prozessschritte vom Rebstock bis ins Weinregal selber zu kontrollieren und diesbez\u00fcglich nichts dem Zufall zu \u00fcberlassen. Sie wollen hochwertige Produkte herstellen hinter denen sie vollends mit ihrem Namen stehen k\u00f6nnen. Mit dieser Autonomie haben sie alles selber in der Hand, immer den \u00dcberblick \u00fcber s\u00e4mtliche Einzelschritte und entsprechend Freude an einem rundum gelungenen Ergebnis, n\u00e4mlich ihrem g\u00e4nzlich eigenen Wein.\n\nAngebot\nDas komplette Weinsortiment findet man unter www.christen-weine.ch/weine\nIn dem neuen Degustationsraum bewirten sie sehr gerne ihre G\u00e4ste. F\u00fcr Anl\u00e4sse aller Art bietet der Degustationsraum Platz f\u00fcr bis zu 30 Personen.\nAuf Wunsch machen sie gerne eine Kellerf\u00fchrung, einen Rebrundgang oder beides zusammen.", "url": "https://christen-weine.ch/", "image": "https://ostpimtsoch.sos-ch-dk-2.exoscale-cdn.com/catalog/5/d/e/3/5de31c24c0e16d37e70469b2375116f279f5b3b6_c566c9c0e7b76adc1d0b70ea611a349e.jpg", "openstreetmap_id": "node/3364772167"}, "geometry": {"type": "Point", "coordinates": ["8.4371492", "47.6744544"]}}, {"type": "Feature", "properties": {"identifier": "e59860a9-425d-4642-a5a8-a2ea88bc27ba", "name": "Zur Werkstatt Eventlocation St. Gallen", "description": "In der Werkstatt wird die Kunst des Koch- und Barhandwerks mitten in die Stadt gebracht. \n\nDie Eventlocation bietet den perfekten Rahmen f\u00fcr Firmenevents, Geburtstage, Hochzeiten und andere Feierlichkeiten.\n\nPrivate Gruppen k\u00f6nnen bei exklusive Kochkurse, Kochbattles und Cocktailkurse buchen oder einen Genussabend nach ihren individuellen W\u00fcnschen geniessen. Gemeinsam mit Profis k\u00f6nnen Laien am Herd und an der Bar kreativ werden. \n\nGeniesser d\u00fcrfen sich auf k\u00f6stliche Gerichte aus der offenen K\u00fcche und raffinierte Cocktails der Barkeeper freuen. \n\nZudem bietet der Eventkalender regelm\u00e4ssig \u00f6ffentliche Highlights, die f\u00fcr jedermann zug\u00e4nglich sind.\n\nGenerell gilt: gemeinsam machen und geniessen verbindet \u2013 dies macht die Werkstatt zu einer Genuss-Werkstatt.", "url": "http://www.zurwerkstatt-sg.ch", "image": "https://ostpimtsoch.sos-ch-dk-2.exoscale-cdn.com/catalog/f/e/7/1/fe71a1c8070e348322d6e4fbbe306d62dd3f7a77_b447ba8aa4ed48e4ba1ad17856bbd5ab.jpg", "openstreetmap_id": "node/4092581190"}, "geometry": {"type": "Point", "coordinates": ["9.37503", "47.42552"]}}, {"type": "Feature", "properties": {"identifier": "e6166ab5-684a-4b5b-8d9f-29b45243fed1", "name": "Autobahnrastst\u00e4tte March\u00e9 Heidiland", "description": "March\u00e9 Heidiland, wohl eine der bekanntesten Rastst\u00e4tten der Schweiz.\nBereits beim Eingang wartet das Heidi- und Geissenpeterspiel auf unsere G\u00e4ste. Ein Erlebnis f\u00fcr alle Kinder bieten die 2 grossen Spielzimmer, der Aussenspielplatz und das Geissengehege gleich beim Eingang.\n\nGeniessen Sie unser marktfrisches Angebot \u2013 ob eine knusprige R\u00f6sti, saisonales Gem\u00fcse oder das kunterbunte Salatbuffet \u2013 in rustikalem Ambiente. Lassen Sie es sich gut gehen bei uns!", "url": "https://www.marche-schweiz.ch/de/standorte/an-autobahnen.html", "image": "https://ostpimtsoch.sos-ch-dk-2.exoscale-cdn.com/catalog/b/c/5/b/bc5b2706cd176d3483541f7db402320d6032d0de_e73dc12ce5842f638fc9ebb9d898d1ac.jpg", "openstreetmap_id": "way/107680882"}, "geometry": {"type": "Point", "coordinates": ["9.512164592742922", "47.01153892334948"]}}, {"type": "Feature", "properties": {"identifier": "e6b4a1d1-0d50-490c-a0e4-b00a672ee956", "name": "Kafi-Egge Pluspunkt", "description": "Gem\u00fctlich Kaffee trinken und einander begegnen. Der Dorfladen Pluspunkt mitten in M\u00fchlr\u00fcti verf\u00fcgt \u00fcber eine kleine Kaffee-Ecke. Ge\u00f6ffnet w\u00e4hrend der Laden\u00f6ffnungszeiten.", "image": "https://ostpimtsoch.sos-ch-dk-2.exoscale-cdn.com/catalog/f/f/9/f/ff9f83a27b6a2dfcc7691808802d54a113ed15a3_6028e91149be4cdcdc24b1e874a283df.jpg", "openstreetmap_id": "node/2600460480"}, "geometry": {"type": "Point", "coordinates": ["8.98704", "47.37096"]}}, {"type": "Feature", "properties": {"identifier": "e7885384-dbd2-420d-94c2-f60b557cbecc", "name": "Restaurant Villa am See by Sandro L\u00fcthi", "description": "<p>Aus dem schmucken Wohnhaus aus dem Ende des 19. Jahrhunderts ist ein Bijou mit Charme und Eleganz entstanden. Frisch renoviert im Jahr 2023 erstrahlt die Villa in neuem Glanz!</p><p style=\"margin-bottom: 1rem;\">Sandro L&uuml;thi und sein Team sind stets bestrebt, alle Ihre W&uuml;nsche erf&uuml;llen zu k&ouml;nnen, damit Ihr Genuss auch zu einem Erlebnis wird!</p><p style=\"margin-bottom: 1rem;\">Kreativit&auml;t, beste Qualit&auml;t der Grundprodukte vermischt mit viel Handwerk, &nbsp;der Liebe zum Detail und viel Know-how f&uuml;hren zu ausgewogenen Gerichten.</p><p style=\"margin-bottom: 1rem;\">Eine regelm&auml;ssig wechselnde Men&uuml;karte und saisonale Gerichte, begleitet durch auserlesene Weine sollen alle G&auml;ste dazu verleiten, &ouml;fters in der Villa am See einzukehren.</p>", "url": "http://www.villa-am-see-goldach.ch", "image": "https://ostpimtsoch.sos-ch-dk-2.exoscale-cdn.com/catalog/0/9/3/5/0935990169a5de088f39fe1cb7629b513c7ab5ba_6897db753b18f0115aaa7a9a0e9f7cd7.jpg", "openstreetmap_id": "way/127753080"}, "geometry": {"type": "Point", "coordinates": ["9.47628", "47.48676"]}}, {"type": "Feature", "properties": {"identifier": "e81a458b-2303-4034-a48a-7fe5d6546a81", "name": "Restaurant National", "description": "M\u00f6glichkeit f\u00fcr Sitzungen, Anl\u00e4sse bis max. 35 Personen. Frische, regionale Produkte. Gem\u00fctliche Zimmer, mit Dusche und WC auf Etage, kein Fernseher, daf\u00fcr Erholung pur.", "url": "http://www.national-wattwil.ch/", "image": "https://ostpimtsoch.sos-ch-dk-2.exoscale-cdn.com/catalog/1/4/e/3/14e3eb1e49f8b50caee79a9ade71acb9e8ba50d4_4718966c3deff79c2bfca3908cdb6d0e.jpg", "openstreetmap_id": "node/3859151164"}, "geometry": {"type": "Point", "coordinates": ["9.0870704", "47.3007668"]}}, {"type": "Feature", "properties": {"identifier": "e8207b29-dc4e-4ab5-b835-293e2a0b99c0", "name": "BISTRO Fl\u00e4sch", "description": "Das Bistro f\u00fcr alle Generationen. Bei uns darfst du entspannte Stunden in angenehmer Atmosph\u00e4re verbringen. Geniesse bodenst\u00e4ndige Bistrogerichte, auserlesene Weine, oder das Verweilen in netter Gesellschaft f\u00fcr einen spontanen Umtrunk am Feierabend. F\u00fcr Einheimische, Spazierg\u00e4nger, Wanderer, Velofahrer, Biker ist unser Bistro der perfekte Ort f\u00fcr eine Verschnaufpause und um neue Energie zu tanken.\n\nUnser Bistro ist der perfekte Treffpunkt f\u00fcr Weinliebhaber und Geniesser. Der Fl\u00e4scher Wein ist bei uns Trumpf. Er erz\u00e4hlt uns immer eine Geschichte und deutet die Philosophie seines Winzers an. In unserem Weinangebot findest du eine erlesene Auswahl an Fl\u00e4scher Rot- und Weissweinen.Auch Liebhaber von italienischen und spanischen Weinen werden bei uns auf ihre\u00a0 Kosten kommen.\u00a0Geniesse bei uns ein gutes Glas Wein.\n\nHerzlich willkommen in unserem gem\u00fctlichen Nichtraucherzimmer, das darauf ausgelegt ist, dir ein Gef\u00fchl von Komfort und Geborgenheit zu vermitteln. Unser Zimmer ist liebevoll eingerichtet und bietet eine angenehme Atmosph\u00e4re, in dem du dich wohl f\u00fchlst. Geniesse die Umgebung und lassen den Alltag hinter dir. Unser G\u00e4stezimmer kann f\u00fcr eine oder mehrere N\u00e4chte gebucht werden.", "url": "https://www.bistroflaesch.ch", "image": "https://ostpimtsoch.sos-ch-dk-2.exoscale-cdn.com/catalog/d/3/6/e/d36e18698ab039ef8aeb80961473c8d071bc7600_54d8b8674d0230c27e2c35c8f980624f.png", "openstreetmap_id": "node/4804641179"}, "geometry": {"type": "Point", "coordinates": ["9.5112981", "47.0248149"]}}, {"type": "Feature", "properties": {"identifier": "e846776d-f4e8-44df-8bad-c2ce4a26fe4c", "name": "Hedinger Weingut & Kellerei", "description": "Bereits seit drei Generationen schl\u00e4gt das Herz der Familie Hedinger f\u00fcr die Weinherstellung. \nDurch den naturnahen Anbau unserer Reben entstehen die qualitativ hochwertigen Trauben, die wir in der eigenen Kellerei mit viel Leidenschaft und Fachwissen zu Spitzenweinen verarbeiten.\n\nIn unserem Concept Stores in Wilchingen und Z\u00fcrich f\u00fchren wir neben unseren Weinen und dem hauseigenen Aceto auch d\u00e4nische Mode, Deko und allerlei Sch\u00f6nes. \n\nDurch Degustationen und Kellerf\u00fchrungen auf unserem Weingut in Wilchingen f\u00fchren wir dich in die Welt des Weines ein. Auch ein Besuch in unserer Besenbeiz \u201eWiiplatz\u201c, wo w\u00e4hrend der Sommermonate jeden Donnerstagabend der Genuss am Wein zelebriert wird, lohnt sich!", "url": "http://www.hedinger.ch", "image": "https://ostpimtsoch.sos-ch-dk-2.exoscale-cdn.com/catalog/8/e/5/4/8e54fa598ec3ba339c482c0888cbed7a5d04ca6f_699a05602d09437e8a16c5e0ca925f2e.jpg", "openstreetmap_id": "way/274535423"}, "geometry": {"type": "Point", "coordinates": ["8.466607427760795", "47.6677984"]}}, {"type": "Feature", "properties": {"identifier": "e8e5f9b0-fa76-4a15-9a91-f740bb6ca449", "name": "Restaurant Gr\u00fcnerbaum", "description": "Die G\u00e4ste d\u00fcrfen sich auf ein Selbstbedienungsangebot zu Migros-Restaurant-Preisen freuen. Ob zum Zn\u00fcni, zum Zmittag, zum Ap\u00e9ro oder zum Znacht \u2013 im Gr\u00fcnerbaum sollen sich G\u00e4ste von den umliegenden Firmen, Neuhauser*innen sowie Touristen aus dem In- und Ausland wohlf\u00fchlen. Das Restaurant ist sieben Tage pro Woche ge\u00f6ffnet.\n\nDie Migros verf\u00fcgt \u00fcber eine breite gastronomische Kompetenz: Sie f\u00fchrt Migros-Restaurants und Take-Aways sowie diverse Restaurants an Schulen und in Firmen und sorgt mit den hauseigenen Catering Services f\u00fcr kulinarischen Genuss bei privaten und \u00f6ffentlichen Anl\u00e4ssen. Die Erfahrungen aus all diesen Bereichen fliessen in das Angebot des Restaurants Gr\u00fcnerbaum ein.", "url": "https://www.restaurant-gruenerbaum.ch/", "image": "https://ostpimtsoch.sos-ch-dk-2.exoscale-cdn.com/catalog/8/8/5/3/8853ac6f8a41950efb1264174a2868e83a0d217c_7602d4961958d57c5c44b98dba544c7a.jpg", "openstreetmap_id": "node/7949539307"}, "geometry": {"type": "Point", "coordinates": ["8.6190403", "47.6793922"]}}, {"type": "Feature", "properties": {"identifier": "e9889a9c-034a-4747-a3a2-44ef49d838b4", "name": "Landgasthof Wartegg", "description": "<p>Der in zweiter Generation gef\u00fchrte Familienbetrieb lebt das Gastgeben mit Leib und Seele. Das sp\u00fcrt man, sobald die T\u00fcren ge\u00f6ffnet werden. Tradition und Moderne werden im historischen Gasthof geschmackvoll verbunden. Wer heimelige R\u00e4umlichkeiten, Individualit\u00e4t und Genuss miteinander verbinden will, liegt hier goldrichtig. Mit seiner kreativen K\u00fcche begeistert Christoph Frei seine G\u00e4ste stets aufs Neue. Die Speisekarte wartet mit saisonalen \u00dcberraschungen auf. Die Grundlagen f\u00fcr die Zufriedenheit der G\u00e4ste wird bereits bei der bewussten Auswahl der regionalen Produkte gelegt. Und seine Leidenschaft f\u00fcr edle Tropfen, dr\u00fcckt Christoph Frei in einer ausgew\u00e4hlten Weinkarte aus. Ob private Feierlichkeiten, genussvolle Diners oder erfolgreiche Gesch\u00e4ftsmeetings \u2013 vier verschiedene, charmante R\u00e4ume bieten f\u00fcr jeden Anlass die richtige Atmosph\u00e4re. Die modernen, hellen Hotelzimmer laden zum \u00dcbernachten im Herzen des Thurgaus ein.</p>", "url": "http://www.landgasthof-wartegg.ch/", "image": "https://ostpimtsoch.sos-ch-dk-2.exoscale-cdn.com/catalog/5/6/a/7/56a7f4642abba5e1c69e83aec8d2353ce69bd9f7_5d06b6acbab1f2a21dd849841a929aa1.jpg", "openstreetmap_id": "node/321848664"}, "geometry": {"type": "Point", "coordinates": ["9.0138914", "47.5885859"]}}, {"type": "Feature", "properties": {"identifier": "e9c8f50d-337a-4b53-be00-e81dcd061a99", "name": "Restaurant R\u00f6ssli H\u00fcsliberg", "description": "Ein k\u00f6stliches Abendessen, ein herzhafter Coupe oder einfach nur ein bisschen verweilen. Und dies alles bei einer wundersch\u00f6nen Aussicht. Geniessen Sie den  Blick vom Schindelberg, \u00fcber die sieben Churfirsten und den Speer, bis zum Ricken. Unser Restaurant bietet eine neue Sonnenterasse, eine Veranda, sowie auch den Restaurantbereich. F\u00fcr Vereine, Gesellschaften oder Hochzeiten bietet sich unser Saal mit Platz f\u00fcr bis zu 100 Personen optimal an. Ob f\u00fcrs geniessen auf der Terrasse oder auch gem\u00fctlich hinterm Haus unter dem Kirschbaum. Egal ob entspannte Sonntagsausfl\u00fcge, oder auch Wandertage, f\u00fcr jeden ist was dabei. \nDie Kinder k\u00f6nnen sich auf dem frisch renovierten Spielplatz nach Herzenslust austoben. Dabei haben die Eltern sie immer im Blick und k\u00f6nnen einen Kaffee unterm Kirschbaum geniessen.\nUnser sch\u00f6nes Restaurant ist in wenigen Minuten von Ebnat-Kappel her mit dem Auto oder T\u00f6ff zu erreichen, sowie auch \u00fcber s\u00e4mtliche Wander- und Bikerouten. \nUnser Team verw\u00f6hnt Sie gerne mit einheimischer und saisonaler K\u00fcche. Von Cordonbleues-Pommes \u00fcber Fitnessteller, oder kleineren Speisen, bis hin zu Schlorzifladen. Jeder wird f\u00fcndig. \nWir freuen und auf Ihren Besuch.", "url": "https://www.roessli-huesliberg.ch", "image": "https://ostpimtsoch.sos-ch-dk-2.exoscale-cdn.com/catalog/5/2/4/8/52481a238dfec16d2a3f946b9cc3f0fa1a02695c_8a43a5ffdbe7e1b6d28849c1238d194a.jpg", "openstreetmap_id": "node/2859106508"}, "geometry": {"type": "Point", "coordinates": ["9.132492542266847", "47.27229195025512"]}}, {"type": "Feature", "properties": {"identifier": "eabc53c3-c5d3-4378-8175-3b89f2579091", "name": "Flurlinger Fonduegondel", "description": "<p>In der Berggondel direkt am Rhein dein Fondue geniessen. Das ist m&ouml;glich vom 14. November 2025 bis 18. Januar 2026 im Rheintalgarten in Flurlingen. In gem&uuml;tlich eingerichteten Gondeln bieten wir ein einmaliges Erlebnis!</p>", "url": "https://www.flurlingen-fonduegondeln.ch/Kontakt", "image": "https://ostpimtsoch.sos-ch-dk-2.exoscale-cdn.com/catalog/2/c/4/2/2c42a8d6bb820f7565d1f0f83344d103b00e12b4_4543c0958eff5b143449a59c29af6c78.jpg", "openstreetmap_id": "node/3221084975"}, "geometry": {"type": "Point", "coordinates": ["8.626434688621575", "47.68601923239259"]}}, {"type": "Feature", "properties": {"identifier": "eacbec32-2d5e-4285-89d9-08d1dc93c69f", "name": "Toggenburger Brothandwerk Wildhaus", "description": "<p>Tradition, Genuss, Handwerk und manchmal etwas verr&uuml;ckte Zutaten. Entdecken Sie die Welt des echten Toggenburger Brothandwerks! In unserer Backstube verbinden wir traditionelle Rezepte mit regionalen Zutaten und moderner Handwerkskunst. Besucherinnen und Besucher k&ouml;nnen bei F&uuml;hrungen, Backkursen und Degustationen hautnah erleben, wie aus Mehl, Wasser und Leidenschaft ein unvergleichlicher Brotgenuss entsteht. Ein authentisches Erlebnis f&uuml;r Feinschmecker, Familien und Kulturinteressierte &ndash; mitten im Herzen des Toggenburgs.</p>", "url": "https://brothandwerk.ch", "image": "https://ostpimtsoch.sos-ch-dk-2.exoscale-cdn.com/catalog/0/f/e/a/0feace69c58faeabf441b0f6d477997618d5e9dc_49f451a1bc9efb20938cea60b08028e8.jpg", "openstreetmap_id": "way/223857167"}, "geometry": {"type": "Point", "coordinates": ["9.3445284", "47.2022145"]}}, {"type": "Feature", "properties": {"identifier": "eaf47ea7-98ff-4f97-822e-279b73857dde", "name": "Weingut Davaz", "description": "Das einzigartige Weingut DAVAZ befindet sich inmitten der malerischen Weinberge im herrschaftlichen Fl\u00e4sch. Seit 1972 werden hier Reben von der Familie DAVAZ angebaut. Bereits zwei Jahre sp\u00e4ter wurde der erste selbst gekelterte Wein direkt ab Hof verkauft \u2013 dieser fand einen hohen Anklang, sodass sich die Produktpalette rund um die eigene Weinproduktion stets weiterentwickelt hat. Mit seiner aussergew\u00f6hnlichen Architektur und eigener Vinothek ist das Weingut DAVAZ ein besonderer Ort f\u00fcr Weinenthusiasten.", "url": "https://www.davaz-wein.ch", "image": "https://ostpimtsoch.sos-ch-dk-2.exoscale-cdn.com/catalog/4/8/1/1/4811bfa7af2e03531c5c0e1c460a64236e255207_3469d799b8c0c86635d312772ce955e4.jpg", "openstreetmap_id": "node/4804679714"}, "geometry": {"type": "Point", "coordinates": ["9.5149195", "47.0163005"]}}, {"type": "Feature", "properties": {"identifier": "eb1a6dac-1cf7-4955-820b-488b707c6d71", "name": "Haus des Weins", "description": "<p>In Berneck, der gr&ouml;ssten Rebbaugemeinde des Kantons St. Gallen, steht seit Oktober 2018 das Haus des Weins mit seinem markanten Dach f&uuml;r G&auml;ste offen. Jeden Samstag von 14 bis 22 Uhr l&auml;sst sich hier die faszinierende Vielfalt der St. Galler Weine entdecken und nach Herzenslust degustieren. Insgesamt 22 Weinmacher nutzen die stilvolle Plattform und pr&auml;sentieren insgesamt gegen 100 Weine aus den Regionen Rheintal, Sarganserland/Walensee und Z&uuml;richsee. Und nat&uuml;rlich k&ouml;nnen die Lieblingstropfen und weitere feine Produkte aus der Region vor Ort gekauft werden. Die landschaftliche Vielfalt des Kantons St. Gallen erm&ouml;glicht eine &uuml;berraschende Auswahl von Sorten, die in 30 Weinbaugemeinden angebaut werden. Von den Klassikern Pinot noir und M&uuml;ller-Thurgau bis zu trendigen PIWI-Sorten wie Cabernet Jura oder Johanniter. Hervorragend ausgebildete Winzer nutzen die nat&uuml;rlichen Standortvorteile und produzieren Weine, die mittlerweile an internationalen Wettbewerben absolut konkurrenzf&auml;hig sind. Immer wieder wird die M&ouml;glichkeit geboten, vor Ort einen &laquo;Winzer des Monats&raquo; zu erleben und die Weine zu probieren sowie im pers&ouml;nlichen Gespr&auml;ch die Philosophie und Projekte kennen zu lernen. F&uuml;r Kulinarikinteressierte werden das ganze Jahr &uuml;ber interessante Kurse rund um das Thema Wein angeboten. Auf www.hausdesweins-sg.ch sind jeweils die Daten der neusten Weinerlebnisse ersichtlich.</p>", "url": "http://www.hausdesweins-sg.ch", "image": "https://ostpimtsoch.sos-ch-dk-2.exoscale-cdn.com/catalog/c/c/8/4/cc84d2afa6825ee625779c4c2082f0e518386d30_e9c27bc25b14c2f7135622f1da699fc9.jpg", "openstreetmap_id": "node/11730554757"}, "geometry": {"type": "Point", "coordinates": ["9.60784", "47.42556"]}}, {"type": "Feature", "properties": {"identifier": "eb875fbc-64fd-4b8c-954d-20b8dfd63d11", "name": "Gysel 175 Weingut", "description": "Drei Generationen arbeiten in unserem Betrieb Hand in Hand.\nIm Einklang mit der Natur produzieren wir seit 1980 von Jahr zu Jahr einzigartige Weine.\nSo zeichnet sich unser Weingut durch viel Engagement, Erfahrung und Herzblut aus.\n\nWir freuen uns, Sie auf unserer Webseite und nat\u00fcrlich auch pers\u00f6nlich bei uns in Wilchingen zu begr\u00fcssen.", "url": "https://gysel175.ch", "image": "https://ostpimtsoch.sos-ch-dk-2.exoscale-cdn.com/catalog/b/8/8/9/b889ee71d73c6119e124ed5fa9e9213adf32fff7_f0127b3a07803c6aa37654c0b7bf9d93.jpg", "openstreetmap_id": "node/8112296025"}, "geometry": {"type": "Point", "coordinates": ["8.4646858", "47.667766"]}}, {"type": "Feature", "properties": {"identifier": "ec38a899-f814-48b3-baf8-e61402c059fd", "name": "B\u00e4ckerei F\u00fcger Handmade Rorschach", "description": "Hier werden die G\u00e4ste mit t\u00e4glich frischem handgemachten Brot, einer vielf\u00e4ltigen Auswahl an Sandwiches, s\u00fcssen und salzigen Versuchungen verw\u00f6hnt. \n\nAn der kleinen Kaffeebar gibt es eine Tasse aromatischer Kaffee und Tee zu geniessen.", "url": "https://fueger-handmade.ch/rorschach/", "image": "https://ostpimtsoch.sos-ch-dk-2.exoscale-cdn.com/catalog/a/b/9/5/ab9599638a96002202629ea99e390faba8c2f2df_d59f8a875dc183068978a20e63eca6d5.png", "openstreetmap_id": "way/328626100"}, "geometry": {"type": "Point", "coordinates": ["9.487519942997125", "47.47869965"]}}, {"type": "Feature", "properties": {"identifier": "ec5f4ddb-9583-40f5-b75a-e57d78b6b4c8", "name": "Rohners Dorfbeck", "description": "<p>Die B&auml;ckerei Rohner AG ist ein mittelgrosses Unternehmen mit vier Verkaufsstellen. Mitten in St.Georgen befindet sich die Produktion der traditionellen Dorfb&auml;ckerei und die Verkaufsstelle Rohners Dorfbeck. Durch die fr&uuml;hen &Ouml;ffnungszeiten l&auml;sst es sich gut und sorgenfrei in den Tag starten. Rohners Dorfbeck verf&uuml;gt &uuml;ber drei kleine Tische im Innenbereich und zwei kleine Tische im Aussenbereich, die zum Verweilen einladen. Von Montag bis Samstag werden diverse Leckereien aus der Backstube angeboten. Von Hand geformte Brote und Kleinbrote, liebevoll gef&uuml;llte Sandwiches, leckere Fladen s&uuml;ss und salzig, stilvolle Pr&auml;sente und vieles mehr sind tagt&auml;glich in der Auslage zu finden. Das Team von Rohners Dorfbeck freut sich auf Ihren Besuch!</p>", "url": "https://rohners-genusswelt.ch/", "image": "https://ostpimtsoch.sos-ch-dk-2.exoscale-cdn.com/catalog/6/c/b/b/6cbbfe681cc55e2aadc89bf152cf599a4862ed60_d1a6f7e643fd55603cf773ad074ccd42.PNG", "openstreetmap_id": "node/2501535572"}, "geometry": {"type": "Point", "coordinates": ["9.3761", "47.42237"]}}, {"type": "Feature", "properties": {"identifier": "ed302d5d-47b1-464a-82e5-ffbf633b156c", "name": "La verit\u00e0 - das lokal", "description": "<p>Am sch&ouml;nsten Platz in der St. Galler Altstadt in einem sch&ouml;nen Gew&ouml;lbekeller im Haus zur Wahrheit befindet sich das La verit&agrave;. In dem historischen Geb&auml;ude erinnert die alte Stadtmauer an l&auml;ngst vergangene Zeiten. Am langen Tisch, wo man isst und trinkt, plaudert und lacht, treffen Einheimische und Touristen aufeinander. Hausgemachte Antipasti, dazu ein gutes Glas Wein, Mittags die mit Freude gekochte Suppe oder das mit italienischen K&ouml;stlichkeiten gef&uuml;llte Ciabatta - das alles gibt es im La verit&agrave; oder auf dem sonnigen Gallusplatz zu geniessen. Im Eventlokal La stamperia k&ouml;nnen auch Events und Ap&eacute;ros, wie Hochzeiten, Geburtstage oder Meetings und Feiern f&uuml;r Firmen stattfinden.</p>", "url": "https://www.laverita.ch/", "image": "https://ostpimtsoch.sos-ch-dk-2.exoscale-cdn.com/catalog/1/c/2/6/1c26c930478165d056a1fbe519991c301f66330c_576a4e4f5aa8b219ec1bf43859f2e500.jpg", "openstreetmap_id": "node/9951264247"}, "geometry": {"type": "Point", "coordinates": ["9.37564", "47.42239"]}}, {"type": "Feature", "properties": {"identifier": "ee09c4ff-dfe4-4ea7-ad87-0c1307b4b157", "name": "Caf\u00e9 Varga", "description": "Jeder kommt auf seine Kosten. Es werden feine Mittagsmen\u00fcs serviert und es befinden sich k\u00f6stliche Kuchen und Torten in immer neuen fantasievollen Varianten sowie zahlreiche Brotsorten, auch Spezialbrote, von regionalen B\u00e4ckereien im Angebot.", "url": "https://cafevarga.ch/index.php/cafe", "image": "https://ostpimtsoch.sos-ch-dk-2.exoscale-cdn.com/catalog/9/e/2/6/9e26896b3381fc397d1b2c97858b280e92863c3c_327aa2bdb6748e40389832e063bcebf4.jpg", "openstreetmap_id": "relation/1683959"}, "geometry": {"type": "Point", "coordinates": ["9.315140247344972", "47.124118951913"]}}, {"type": "Feature", "properties": {"identifier": "eec9716b-8034-4938-84ad-e999f1511335", "name": "Kronenhalle", "description": "<p>Mit einem freundlichen &laquo;Hallo&raquo; begr&uuml;ssen wir Sie in unserem fast 300 j&auml;hrigen Herrenhaus!</p><p>Bestaunen Sie den renovierten Kalbererstall und die imposante Giebelh&ouml;he der Scheune von fast 18 Metern bei feinstem Kuchen und einer exzellenten Auswahl an Desserts. Oder geniessen Sie am Bach ein leckeres SoftIce oder schon den feinen Ap&eacute;ro.</p>", "url": "https://www.kronenhalleschlaate.ch/", "image": "https://ostpimtsoch.sos-ch-dk-2.exoscale-cdn.com/catalog/d/0/a/f/d0af7261eb31b804d275213ff381a5dad9d9d003_f08074dc2cb60b5d14552d0c162a607c.png", "openstreetmap_id": "relation/1683704"}, "geometry": {"type": "Point", "coordinates": ["8.4845902", "47.7488818"]}}, {"type": "Feature", "properties": {"identifier": "eedc5390-7ccc-4576-9b86-ee17c3a12046", "name": "Kaffiegg\u00e4 Caf\u00e9 & R\u00f6sterei", "description": "Der Treffpunkt f\u00fcr Kaffeeliebhaber in der Region Ein liebevoll eingerichtetes Caf\u00e9, das durch erlesene Kaffee-Spezialit\u00e4ten begeistert. \nEs bietet mehr als nur Kaffee \u2013 mit einer abwechslungsreichen Snack- und Ap\u00e9ro-Karte locken Bier, Wein und erfrischende Ap\u00e9rogetr\u00e4nke f\u00fcr Geniesser. Eltern k\u00f6nnen entspannte Kaffeemomente geniessen, w\u00e4hrend sich ihre Kinder in einer separaten Spielecke vergn\u00fcgen. \nF\u00fcr Kaffeegenieser, die Qualit\u00e4t sch\u00e4tzen, gibt es einen Showroom mit professionellen Siebtr\u00e4ger-Kaffeemaschinen und hochwertigem Zubeh\u00f6r zum Direktkauf. \n\nFrisch ger\u00f6stete Kaffeesorten in grosser Auswahl laden ein, diese direkt vor Ort zu geniessen oder bequem mitzunehmen. \nZudem begeistern spannende Barista-Kurse, ideal f\u00fcr Teamevents, Treffen mit Freunden oder f\u00fcr Liebhaber des guten Kaffees, die ihre F\u00e4higkeiten vertiefen m\u00f6chten. \n\nDurch pers\u00f6nliche Beratung erh\u00e4ltst du Antworten auf all deine Fragen rund um die Welt des Kaffees. Und egal, ob direkt im Caf\u00e9, \u00fcber die Webseite oder telefonisch \u2013 das Bestellen und Anfragen ist unkompliziert und flexibel. Ein Ort, der Genuss, Qualit\u00e4t und Erlebnis in einzigartiger Weise vereint.", "url": "https://www.kaffieggae.ch/", "image": "https://ostpimtsoch.sos-ch-dk-2.exoscale-cdn.com/catalog/3/e/8/0/3e802817b4259f901843ffe2a0282ed54210d93a_643182c77b0326e71a67e8abf0e4420f.jpg", "openstreetmap_id": "way/1040017086"}, "geometry": {"type": "Point", "coordinates": ["9.500432996070614", "47.00296605"]}}, {"type": "Feature", "properties": {"identifier": "ef148113-71b5-44b3-b0b3-9f462c9ca59d", "name": "Gruebh\u00fctte", "description": "Die gem\u00fctliche Gruebh\u00fctte befindet sich direkt unter dem m\u00e4chtigen S\u00e4chsmoor. Das gut gelegene, bediente Feinschmecker-Beizli l\u00e4dt direkt neben der Skipiste zum Verweilen ein.\n\nDas Restaurant mit 55 Innenpl\u00e4tzen und sch\u00f6ner Sonnenterrasse ist bekannt f\u00fcr die beliebten Gerichte, welche mit frischen Produkten aus der Region gekocht werden. Gerne werden Ihnen feine K\u00f6stlichkeiten aus der K\u00fcche und dem Weinkeller auf \u00fcber 1800 m serviert. Runden Sie Ihren Skitag mit einem Besuch in der Grueb ab und geniessen Sie Ihren Aufenthalt.\n\nEs ist kein Zufall, wenn es Ihnen in der Gruebh\u00fctte gef\u00e4llt, es ist das Ziel!", "url": "https://www.gruebhuette.ch", "image": "https://ostpimtsoch.sos-ch-dk-2.exoscale-cdn.com/catalog/a/1/4/9/a14930c464a35b6cf11459724d04bcdf15b20224_1fa5ccb8b3066c88f05b30ad52e7f37e.jpg", "openstreetmap_id": "node/244067701"}, "geometry": {"type": "Point", "coordinates": ["9.242366552352907", "47.07217513093822"]}}, {"type": "Feature", "properties": {"identifier": "efc8b8fe-e294-4006-8421-d936d3afd49a", "name": "St\u00e4dtlibeck GmbH", "description": "Brot aus der Showb\u00e4ckerei, feine Patisserie und Torten, Snacks to go und vieles mehr f\u00fcr Walenstadt und die Region.\n\nGeniessen Sie zudem unser Sortiment in unserem Caf\u00e9.", "url": "https://www.staedtlibeck.ch/", "image": "https://ostpimtsoch.sos-ch-dk-2.exoscale-cdn.com/catalog/d/a/d/2/dad2ca53d2d9e70e446b56a2a070c9b3553e88ea_0bd4286ec2515d8934313e4540932f74.jpg", "openstreetmap_id": "node/7579485875"}, "geometry": {"type": "Point", "coordinates": ["9.3137457", "47.1222405"]}}, {"type": "Feature", "properties": {"identifier": "efe4ae5a-a140-463a-9aa8-58c976114ed3", "name": "Wetli Weine", "description": "An den steilsten S\u00fcdh\u00e4ngen der \u00f6stlichen Schweiz, f\u00fchren die Br\u00fcder Kaspar jun., Matthias, Florian und Adrian die Weinbautradition ihrer Eltern Kaspar und Susanne Wetli fort. Die aussergew\u00f6hnliche Konstellation dieser Winzerfamilie ist schweizweit, wenn nicht sogar weltweit einzigartig. Mit viel Schwung treffen neue Ideen auf traditionelle Werte und best\u00e4rken somit das Qualit\u00e4tsbewusstsein des Weinguts.\nMit rund 18 Hektaren in drei Kantonen stehen die Br\u00fcder f\u00fcr ehrlichen, nachhaltigen Weinbau. An den steilen Ausl\u00e4ufern des Appenzeller H\u00fcgellandes welche in das Rheintal ragen, finden bew\u00e4hrte Traubensorten wie auch neue Sorten hervorragende Bedingungen vor.\n", "url": "https://schmidwetli.ch/de/", "image": "https://ostpimtsoch.sos-ch-dk-2.exoscale-cdn.com/catalog/1/6/1/4/1614af87047ffa96bee71fa047ca7a5967413dd9_0325c6760801480b0d88cc5a597527dd.jpg", "openstreetmap_id": "node/7530041439"}, "geometry": {"type": "Point", "coordinates": ["9.61695", "47.42332"]}}, {"type": "Feature", "properties": {"identifier": "f1182eb6-4631-4cf8-813c-6eecb64b5d55", "name": "Gasthof Eisenbahn", "description": "Der heimelige Gasthof bietet seinen G\u00e4sten modern renovierte, lichtdurchflutete Zimmer mit schlichter, sch\u00f6ner Einrichtung. Die Liebe zum Detail bescheren den G\u00e4sten einen Aufenthalt zum rundum wohlf\u00fchlen und entspannen. Der Gasthof eignet sich durch seine zentrale Lage f\u00fcr Gesch\u00e4ftsreisende wie Ferieng\u00e4ste gleichermassen.\n\nDie K\u00fcche im Gasthof Eisenbahn ist saisonal und regional, Thurgauer Gem\u00fcse, Fleisch und Wein, als besondere Spezialit\u00e4ten \u00abThurgauer Waldforelle\u00bb und \u00abWild\u00bb aus einheimischer Jagd kommen auf den Tisch. Mit Liebe und \u00abGilde-Manier\u00bb zubereitet, nach einheimischen Rezepten, entstehen aus den besten Zutaten \u00fcberraschende Gerichte.\n\nDas Familienzimmer Schlossblick verf\u00fcgt \u00fcber eine Kindernische (140x140cm) und ist geeignet f\u00fcr Kinder bis 8 Jahre.", "url": "http://www.gasthof-eisenbahn.ch/", "image": "https://ostpimtsoch.sos-ch-dk-2.exoscale-cdn.com/catalog/0/3/1/7/03173f7f393c515fcba7576be0129005404abd27_19a0a67d8d5ab9c6e21ce39e3d82cd4d.JPG", "openstreetmap_id": "251369007.0"}, "geometry": {"type": "Point", "coordinates": ["9.107957", "47.5658956"]}}, {"type": "Feature", "properties": {"identifier": "f2ee380e-2a3b-4df9-bf51-fd7b8698d7af", "name": "Gmaandhuus Wilchingen", "description": "Idyllisch gelegen im Dorfkern von Wilchingen empf\u00e4ngt das Gmaandhuus mit seinem einladenden Ambiente und k\u00f6stlichen Speisen. Das Gasthaus bietet f\u00fcr jeden Anlass den perfekten Rahmen. Die gem\u00fctliche Gaststube im Erdgeschoss l\u00e4dt zum Verweilen und Geniessen ein wobei der Saal im Obergeschoss gen\u00fcgend Platz f\u00fcr Familienfeiern, Vereinsanl\u00e4sse und andere Festivit\u00e4ten bietet. Die sonnige Gartenwirtschaft runden das Angebot ab und l\u00e4dt zu lauen Sommerabenden im Feien ein.", "url": "https://gmaandhuus.ch/", "image": "https://ostpimtsoch.sos-ch-dk-2.exoscale-cdn.com/catalog/e/d/4/e/ed4e24e16120f6478718fd183049bdad6747aa28_bf22b56d8f16b23677b7df978f3cd846.jpg", "openstreetmap_id": "way/274535419"}, "geometry": {"type": "Point", "coordinates": ["8.46987815", "47.667168849999996"]}}, {"type": "Feature", "properties": {"identifier": "f3a3ac7a-efaf-414d-8d42-7ec7f871bdff", "name": "Loipenkafi S\u00e4ntisloipe", "description": "<p>Freiwillige Helfer und Mitglieder unseres Vereins sind (fast) t&auml;glich f&uuml;r dich vor Ort. Sie servieren dir gerne ein warmes Getr&auml;nk, ein Glas Wein, ein k&uuml;hles Bier. Wolldecken sind vorhanden. Nat&uuml;rlich sind auch Nicht-Langl&auml;ufer herzlich willkommen. Wir f&uuml;hren eine grosse Auswahl an kalten und warmen Getr&auml;nken. Auch f&uuml;r eine kleine Verpflegung ist gesorgt &ndash; zum Beispiel hausgemachter&sbquo; Schlorzifladen vom nahegelegenen Bauernhof. Jeden Winter bieten wir an ausgew&auml;hlten Wochenenden bei sch&ouml;nem Wetter Suppe mit Wienerli an.</p>", "image": "https://ostpimtsoch.sos-ch-dk-2.exoscale-cdn.com/catalog/7/2/2/f/722f0ea5001cfcc64421b1828a48ec7d03af0c34_b5e889a7502d83bbbe203f16b531c795.jpg", "openstreetmap_id": "node/2130961167"}, "geometry": {"type": "Point", "coordinates": ["9.23628866672516", "47.24417361147864"]}}, {"type": "Feature", "properties": {"identifier": "f587a179-e12f-48b6-9e53-a54430d40aaf", "name": "Restaurant Schw\u00e4galp", "description": "<p>Das Restaurant Schw&auml;galp befindet sich im Erdgeschoss des &laquo;S&auml;ntis &ndash; das Hotel&raquo; am Fusse des S&auml;ntis. Die G&auml;ste k&ouml;nnen ihren Blick auf das imposante S&auml;ntismassiv schweifen lassen, w&auml;hrend sie mit typisch regionalen Gerichten auf h&ouml;chstem Niveau verw&ouml;hnt werden.</p><p class=\"MsoNormal\"><strong>Wichtige Information: Die S&auml;ntis-Schwebebahn ist infolge Erneuerung der Bahn vom 1. Mai bis Sp&auml;therbst 2026 eingestellt.</strong></p><p class=\"MsoNormal\"><strong>Das &laquo;S&auml;ntis &ndash; das Hotel&raquo; und die Restaurationsbetriebe auf der Schw&auml;galp sind durchgehend f&uuml;r Sie ge&ouml;ffnet.</strong></p>", "url": "https://saentisbahn.ch/essen-trinken/restaurant-schwaegalp/", "image": "https://ostpimtsoch.sos-ch-dk-2.exoscale-cdn.com/catalog/d/3/3/e/d33e946dada9412dfc15ea46b769b082c2090ec7_efe2a26ad881c05dda44971ca3488e08.jpg", "openstreetmap_id": "node/6846203478"}, "geometry": {"type": "Point", "coordinates": ["9.3188294", "47.2563886"]}}, {"type": "Feature", "properties": {"identifier": "f58ae167-11cc-471a-8116-78a4a5add5ad", "name": "Caf\u00e9 Bar Treppenhaus", "description": "Seit Januar 2014 steht das Treppenhaus f\u00fcr rockige Gitarrenw\u00e4nde, durchzechte Barn\u00e4chte, heiteren Kaffeeplausch mit Kinderveranstaltungen, intensive Tresengespr\u00e4che mit der weltgewandten Servicefachkraft, heissbl\u00fctige Jassturniere, tr\u00e4nig-ber\u00fchrendes Singer-Songwriting, nervenaufreibendes Public-Viewing, bezaubernde Chai-Lattes, serviert von noch bezaubernderem, charmant-verkatertem Barpersonal... Die Caf\u00e9 Bar Treppenhaus steht f\u00fcr die friedliche Koextistenz diverser Stilrichtungen und Gustos. Es geht darum, etwas zu bewegen in der gastlichen Hafenstadt und dem Treiben den eigenen Stempel aufzupr\u00e4gen.", "url": "http://www.treppenhaus.ch/", "image": "https://ostpimtsoch.sos-ch-dk-2.exoscale-cdn.com/catalog/2/f/b/0/2fb0140acdf653f9d62e72432dbfaf3de367b491_64039fec46d7b35dfdf5c01d6e7b323e.jpg", "openstreetmap_id": "node/3340098065"}, "geometry": {"type": "Point", "coordinates": ["9.495297", "47.4775716"]}}, {"type": "Feature", "properties": {"identifier": "f615b1b7-6d96-4883-a50a-91cca34e99b8", "name": "Restaurant Rathauskeller", "description": "Der Rathauskeller ist f\u00fcr seine traditionelle und abwechslungsreiche K\u00fcche bekannt.\n\nWir verw\u00f6hnen unsere G\u00e4ste nicht nur mit einfachen aber schmackhaften Klassikern, sondern auch mit einer umfangreiche Getr\u00e4nkekarte, welche sowohl regionale als auch internationale Weine umfasst.", "url": "https://rathauskeller-hallau.ch/", "image": "https://ostpimtsoch.sos-ch-dk-2.exoscale-cdn.com/catalog/8/d/f/3/8df35da699f4c73f88551f1c7478fabe6dc5c0bc_c43dfba3e0bbc38f044d6a2eea0e0e1c.jpg", "openstreetmap_id": "node/3678875497"}, "geometry": {"type": "Point", "coordinates": ["8.4600362", "47.6976701"]}}, {"type": "Feature", "properties": {"identifier": "f709b951-11a1-48ac-9c24-f99fc63b605e", "name": "Hotel Gasthof zur B\u00fcndte", "description": "Die traumhafte Panoramalage inmitten von Reben spricht f\u00fcr sich und es darf geschlemmt werden: B\u00fcndner Spezialit\u00e4ten, internationale und asiatische K\u00f6stlichkeiten, die besten Holzofen-Pizzas, feine Desserts \u2026 alles liebevoll und marktfrisch zubereitet, mit Leidenschaft gew\u00fcrzt und mit einem L\u00e4cheln serviert. Dazu passt ein guter Tropfen aus dem bestens sortierten Weinkeller. Nehmen Sie Platz in romantischen R\u00e4umlichkeiten, der gem\u00fctlichen B\u00fcndteria oder bei sch\u00f6nem Wetter auf den traumhaften Terrassen. F\u00fcr eine kleine, feine Auszeit zwischendurch empfiehlt sich \u00fcbrigens das romantische Boutique-Hotel.", "url": "https://www.zurbuendte.ch/", "image": "https://ostpimtsoch.sos-ch-dk-2.exoscale-cdn.com/catalog/1/c/9/0/1c90df95de7a0451ffe3dd679d78f79631a4031b_8d6b1db93ba116fce6dcdab4bcfde0bd.jpg", "openstreetmap_id": "node/3556757068"}, "geometry": {"type": "Point", "coordinates": ["9.5540255", "47.0008773"]}}, {"type": "Feature", "properties": {"identifier": "f72f4178-dd2e-46a8-b7c7-08da92862c30", "name": "Saurer Garten", "description": "Die Mischung aus urbanem Ambiente des ehemaligen Industrieareals dahinter und der Arboner Seepromenade davor, machen den Saurer Garten zu einem Lieblingsplatz. G\u00e4ste erfreut ein breites und sch\u00f6nes Angebot an Getr\u00e4nken. Vom Morgenkaffee bis zum Ap\u00e9ro und erfrischenden Drinks ist hier alles zu haben. Daneben bietet der Foodtruck Feines zum Naschen. F\u00fcr Kinder ist ein Sandkasten zum Spielen aufgestellt. Das Industriegeb\u00e4ude hinter dem Garten beherbergt das Saurer Museum. Dieses zeigt die eindrucksvolle Geschichte der Adolf Saurer AG, die lange Zeit bedeutendste Schweizer Herstellerin von Lastwagen und sp\u00e4ter auch von Textilmaschinen war. Produziert wurde unter anderem am Ort, der heute das Museum beherbergt. Ein Fahrzeug aus der Saurer Erfolgsgeschichte steht denn auch stimmungsvoll im Saurer Garten \u2013 ein umgebautes Postauto. H\u00f6hepunkt f\u00fcr Kinder: es darf auf dem Fahrersitz Platz genommen werden. Der alte Saurer Bus l\u00e4sst sich f\u00fcr geschlossene Gesellschaften mieten oder bietet Platz f\u00fcr den Drink und die Ap\u00e9roplatte bei zweifelhaftem Wetter. Events wie Kindergeburtstage, ein Fondueplausch oder eine private Musiksession werden gerne ausgerichtet. ", "url": "https://www.saurergarten.ch", "image": "https://ostpimtsoch.sos-ch-dk-2.exoscale-cdn.com/catalog/2/9/b/4/29b4379f92f5c5aceb81139a11ed986f7ae95f6e_b11b87f75f173afb46c8a8337f401956.jpeg", "openstreetmap_id": "node/1564845064"}, "geometry": {"type": "Point", "coordinates": ["9.437921047210693", "47.517494214567634"]}}, {"type": "Feature", "properties": {"identifier": "f7937dfb-efe9-4dda-aa75-f220db2dc4ab", "name": "aagne weingut", "description": "\u00abaagne\u00bb bedeutet im Dialekt \u00abeigen\u00bb. Und das sind sie, die Weine vom aagne weingut \u2013 selbst gemacht. Seit mehreren Generationen pflegt die Familie Gysel Saxer und ihr Team mit viel Herzblut ihre Weinberge. Mit ihrer Erfahrung und gleichzeitig neuen Ideen vinifizieren sie hervorragende Weine. Das Traubengut stammt aus heimischen Terroirs und wird mit Sorgfalt von Hand gelesen.\n\nDie Weine begeistern die Fachwelt \u2013 schon mehrfach wurden sie ausgezeichnet. Die Begeisterung f\u00fcr Rebe und Wein sowie die Motivation etwas Gutes zu produzieren, bilden den Grundstein von \u00abaagne\u00bb.", "url": "http://www.aagne.ch", "image": "https://ostpimtsoch.sos-ch-dk-2.exoscale-cdn.com/catalog/7/5/1/7/75172b5e55bbe83743b12fdb3d3c8c17383d5b9d_6a7e2909d98227ad5e6ab5ffd5190731.jpg", "openstreetmap_id": "way/274811572"}, "geometry": {"type": "Point", "coordinates": ["8.455532789603831", "47.7025139"]}}, {"type": "Feature", "properties": {"identifier": "f8fc3451-ec4f-4153-8e69-5921bc35694e", "name": "Sigrist Weinbau - Eigenkelterung", "description": "Am s\u00fcdlichsten Punkt des Kantons Schaffhausen befindet sich unser 11.3ha umfassende Familien-Betrieb. Die 0.7ha Reben bewirtschaften und pflegen wir in 3. Generation das ganze Jahr in liebevoller Handarbeit. Genau so liebevoll keltern wir auch unsere Weine im eigenen Keller selbst ein.\n\nUnser Sortiment umfasst verschiedene Weine aus unserer Blauburgunder-Traube, wie den Federweisser, den Ros\u00e9, den klassischen Blauburgunder und den \u00abAlti Rebe\u00bb Pinot Noir Barrique, den wir aufgrund unserer \u00fcber 40 Jahre alten Rebst\u00f6cken keltern d\u00fcrfen. Abgerundet wird unser Angebot durch die Weissweine Riesling-Silvaner und Chardonnay Barrique.\n\nBesuchen Sie uns gerne im sch\u00f6nen Murkathof und probieren Sie unsere trockenen Weine oder schauen Sie gerne auf unserer Homepage www.sigrist-weine.ch oder auf Facebook und Instagram unter @sigristweine vorbei.", "url": "http://www.sigrist-weine.ch/", "image": "https://ostpimtsoch.sos-ch-dk-2.exoscale-cdn.com/catalog/6/9/8/0/69809e6b5fb84f5d7f64281fbeb999054a539f1d_dc82def04e14eedcd27184b3b764927a.jpg", "openstreetmap_id": "node/3022639406"}, "geometry": {"type": "Point", "coordinates": ["8.5584032535553", "47.55750130059444"]}}, {"type": "Feature", "properties": {"identifier": "f9306689-f765-4542-a95e-6391956f1a0d", "name": "Cafe Thurbeck Nesslau", "description": "Mit Stolz und grosser Leidenschaft sorgt das Thurbeck Team, das von Roger und Rahel Wichser gef\u00fchrt wird seit 2013 f\u00fcr Dein Genuss. Dich tagt\u00e4glich mit unseren frischen K\u00f6stlichkeiten gl\u00fccklich zu machen, ist unser oberstes Ziel. Wir beliefern Firmenkunden, st\u00e4rken Sch\u00fcler sowie Angestellte von regionalen Unternehmen mit unserem Zn\u00fcni-Service, organisieren Deinen Ap\u00e9ro oder bedienen Dich mit grosser Freude in unserem Ladenlokal in Wattwil. NACHHALTIGKEIT und REGIONALIT\u00c4T wird bei uns grossgeschrieben. So verarbeiten wir ausschliesslich nat\u00fcrliche und gesunde Rohstoffe aus dem Toggenburg und verzichten auf chemische Zusatzstoffe. Als innovatives Team entwickeln wir uns stetig weiter und erachten Kundenw\u00fcnsche als wertvollen Input.", "url": "https://www.thurbeck.ch/", "image": "https://ostpimtsoch.sos-ch-dk-2.exoscale-cdn.com/catalog/4/f/f/6/4ff66229871748fec97846588b6b125f67f18c9c_6e4bd3a8537ea6b48fef614bf25580cd.jpeg", "openstreetmap_id": "node/6942861807"}, "geometry": {"type": "Point", "coordinates": ["9.199265506107833", "47.2257206"]}}, {"type": "Feature", "properties": {"identifier": "fa666890-e27f-4d04-8d15-47baab08fe83", "name": "Maja Take Away", "description": "Hungrige und Durstige verk\u00f6stigt Maja Maier beim Take-away-Stand auf dem Chistenpass im Wolfh\u00e4ldliger Weiler Sonder. Im Angebot sind erfrischende Getr\u00e4nke, selbst gemachter Kartoffelsalat, Schnitzelbrot, Pommes frites und W\u00fcrste vom Grill - eine ideale St\u00e4rkung, um den zweiten Teil des Witzwegs in Angriff zu nehmen. \nIn Absprache mit Maja Maier kann auch ein Gruppenap\u00e9ro vor Ort organisiert werden.\n", "image": "https://ostpimtsoch.sos-ch-dk-2.exoscale-cdn.com/catalog/c/4/5/0/c4506c129caca4912b39714833e62579e1f5179d_12863e98d688bf0e6dd082dbbd987be9.jpg", "openstreetmap_id": "relation/1683968"}, "geometry": {"type": "Point", "coordinates": ["9.572825431823732", "47.44878374669434"]}}, {"type": "Feature", "properties": {"identifier": "fa9df1d9-d504-4b3d-9b48-bf340d3664f6", "name": "Mosteria Bussinger", "description": "Die Mosterei Bussinger besteht seit 1955 und ist seither ein Familienunternehmen. Neben der Mosterei f\u00fchrt der Familienbetrieb einen Verkaufsladen, bietet Betriebsf\u00fchrungen an und stellt eine Fl\u00e4che f\u00fcr Events und Degustationen zur Verf\u00fcgung. \n\nIm Eventbereich werden unbeschwerte Feste gefeiert. Die Familie Bussinger geht gerne auf die W\u00fcnsche der G\u00e4ste ein. Die Mosteria bietet Platz f\u00fcr 40 Personen und hat eine \u00fcberdachte Terrasse f\u00fcr ungef\u00e4hr 20 Personen.\n\nDer Verkaufsladen bietet verschiedene Apfel- und Most-Spezialit\u00e4ten an. Ein spezieller Hingucker sind die Produkte aus der Apfelsorte \u00abRed Love\u00bb. Die Getr\u00e4nke k\u00f6nnen in gem\u00fctlicher Atmosph\u00e4re degustiert werden. Es werden auch gerne individuelle Geschenke zusammengestellt.\n\nF\u00fcr Gruppen ab zehn Personen werden F\u00fchrungen durch die modern eingerichtete Mosterei angeboten. Anschliessend werden die beliebten Most- und Ciderspezialit\u00e4ten von Bussingers in der Mosteria degustiert.", "url": "https://mosteria.ch/", "image": "https://ostpimtsoch.sos-ch-dk-2.exoscale-cdn.com/catalog/b/1/9/c/b19c11638fd253a011872ad5ce35ed1477ca73bf_8421ef90d78258f098082651a190dd61.jpg", "openstreetmap_id": "node/10095123816"}, "geometry": {"type": "Point", "coordinates": ["8.8678717", "47.6089177"]}}, {"type": "Feature", "properties": {"identifier": "fb6ab962-790a-484f-be30-a3d32ce292be", "name": "Espel Pavillon", "description": "Direkt bei der Talstation der St\u00f6feli Bahn wurde 2017 der Espel Pavillon errichtet. Genau wie bei den vorherigen Projekten, dem Gipfelrestaurant und der St\u00f6feli Bahn, wurde das Architekturb\u00fcro Herzog & de Meuron f\u00fcr die Gestaltung beauftragt.\n\nDurch seinen rechteckigen Holzbau mit dem kurzen First ist der Pavillon im Landschaftsbild eingebettet und behauptet sich als eigener Bautypus, wo First und Fassade einen originellen Zusammenhang darstellen. Die Verwandtschaft zum Gipfelgeb\u00e4ude ist dank der Holzfassade gut erkennbar.\n\nMit seiner grossz\u00fcgigen Sonnenterrasse l\u00e4dt er zum Verweilen ein und bietet den G\u00e4sten Platz, Toggenburger Spezialit\u00e4ten direkt am Pistenrand zu geniessen. In der gem\u00fctlichen Gaststube bestehen weitere Pl\u00e4tze f\u00fcr das Entspannen und Geniessen an kalten und st\u00fcrmischen Wintertagen zur Verf\u00fcgung.", "url": "https://www.chaeserrugg.ch/de", "image": "https://ostpimtsoch.sos-ch-dk-2.exoscale-cdn.com/catalog/f/c/4/3/fc4369834eddc1c105d9d6ecdd837465da98a8b4_effea710ceb4121930bbd2700a04f734.JPG", "openstreetmap_id": "node/197929401"}, "geometry": {"type": "Point", "coordinates": ["9.320333003997805", "47.1842732038149"]}}, {"type": "Feature", "properties": {"identifier": "fbb854a7-b9d2-49cb-af5d-bea19f29dc26", "name": "Santa Lucia Schaffhausen", "description": "Im Ristorante Santa Lucia mitten im Herzen der Stadt Schaffhausen geniessen Pizza- und Pasta-Liebhaber mediterrane Gerichte aus dem s\u00fcdlichen Nachbarland. Freunde der italienischen K\u00fcche kommen dabei voll auf ihre Kosten. Von Bruschette, \u00fcber Pizza und Pasta bis hin zum Tiramis\u00f9 \u2013 im Santa Lucia muss man auf keinen der italienischen Klassiker verzichten. Die knusprigen Pizze kommen direkt aus dem Holzofen auf den Tisch, die Pasta-Variationen sowie die typischen Fleisch- und Fischgerichte lassen keine W\u00fcnsche offen. Im Sommer l\u00e4dt die Terrasse auf dem Fronwagplatz ein zum Sehen und Gesehen werden.", "url": "http://www.bindella.ch/de/santa-lucia-schaffhausen.html", "image": "https://ostpimtsoch.sos-ch-dk-2.exoscale-cdn.com/catalog/1/b/a/2/1ba23eca16302262ec2e1b11eb31b7d0e066e7f3_d39ff07f7de8a5d352c0b280a0ebcf67.jpg", "openstreetmap_id": "node/1714276612"}, "geometry": {"type": "Point", "coordinates": ["8.6332805", "47.6970579"]}}, {"type": "Feature", "properties": {"identifier": "fc27281a-d059-497f-8990-9bae0d00648c", "name": "Strandlokal Neptun", "description": "<p>Ein sch&ouml;nes Strandlokal direkt am Walensee.</p>", "url": "https://restaurant-neptun.ch/", "image": "https://ostpimtsoch.sos-ch-dk-2.exoscale-cdn.com/catalog/5/6/b/8/56b8ba0bbb1684626669a0d4b6c310035b50a793_0bd0f01b04e6067172e955c56b85675b.jpg", "openstreetmap_id": "node/5813434854"}, "geometry": {"type": "Point", "coordinates": ["9.3028416", "47.1259165"]}}, {"type": "Feature", "properties": {"identifier": "fd00ea7f-4e33-491a-a97f-47f468bf2757", "name": "Wirtschaft zum Frohsinn Landschlacht", "description": "In der Wirtschaft zum Frohsinn in Landschlacht werden in urgem\u00fctlichem Ambiente vielf\u00e4ltige Schweizer Saison- und Grillspezialit\u00e4ten serviert. Das Geschnetzelte mit R\u00f6sti etwa ist ein H\u00f6hepunkt auf der Speisekarte, aber auch die Grilladen \u00fcberzeugen. In dem altehrw\u00fcrdigen Reigelhaus in Landschlacht steht ein Meister am Grill. Hervorragende Qualit\u00e4t wird hier auf den Punkt gebraten. Fleischliebhabende kommen im Frohsinn also auf ihre Kosten. Aber auch die mit viel Leidenschaft gekochten vegetarischen Speisen, der famili\u00e4re und zuvorkommende Service, die vern\u00fcnftigen Preise und das urgem\u00fctliche Ambiente erfreuen die G\u00e4ste. Im Sommer spendet die Plantane auf dem Gartensitzplatz Schatten und angenehm k\u00fchle Temperaturen.  \n\nEine vorg\u00e4ngige Reservation im oft ausgebuchten Restaurant wird empfohlen. ", "url": "https://thurgau-bodensee.ch/de/maps/wirtschaft-zum-frohsinn-fd00ea7f-4e33-491a-a97f-47f468bf2757.html", "image": "https://ostpimtsoch.sos-ch-dk-2.exoscale-cdn.com/catalog/8/e/8/5/8e85d9f1d1370e1a6dad54d1c98d3d91f34d7a9e_1daa0b81ebe681bf8638644d49449439.jpg", "openstreetmap_id": "node/678581067"}, "geometry": {"type": "Point", "coordinates": ["9.2480474", "47.6246928"]}}, {"type": "Feature", "properties": {"identifier": "fd49c941-ec8f-4637-935c-1fc8c58c8667", "name": "News Caf\u00e9 Musikbar", "description": "Im Herzen von St.Gallen befindet sich die News Caf\u00e9 & Musikbar: Das News. Ein Ort wo sich Genuss und Kommunikation treffen. Das Lokal besticht durch ein geschmackvolles Ambiente kombiniert mit einem attraktiven Angebot an Getr\u00e4nken und Snacks sowie einem breiten Medienangebot. Bei warmen Temperaturen l\u00e4dt die Sonnenterrasse zum Geniessen ein. \n\nDie News Caf\u00e9 & Musikbar bietet sowohl Fr\u00fchst\u00fcck und Brunch als auch Mittagessen und diverse Snacks an. Feine Cocktails und Ap\u00e9ros runden das Angebot ab.", "url": "https://newscafebar.ch/", "image": "https://ostpimtsoch.sos-ch-dk-2.exoscale-cdn.com/catalog/e/3/7/c/e37c76240df4df039d6d756be10997183346fba0_c276e320c7ab0434d0cc6e9a1a2e2a74.png", "openstreetmap_id": "node/445419083"}, "geometry": {"type": "Point", "coordinates": ["9.37409", "47.42524"]}}, {"type": "Feature", "properties": {"identifier": "fe1afd48-77bb-40c9-a9b2-fb075b2af2ea", "name": "Enderlinh\u00fctte SAC", "description": "<p>Die SAC-Blockh&uuml;tte verf&uuml;gt &uuml;ber 25 Schlafpl&auml;tze. Auf der Sonnenterrasse geniesst man den Blick auf die untenliegende B&uuml;ndner Herrschaft. Einheimische K&ouml;stlichkeiten kann man &uuml;ber die Sommermonate im Restaurant geniessen. Im Winter ist die H&uuml;tte nicht erreichbar.</p>", "url": "https://www.sac-piz-sol.ch/huetten", "image": "https://ostpimtsoch.sos-ch-dk-2.exoscale-cdn.com/catalog/1/2/9/3/1293f523a50b1c631bb4ad4863520b80604aff9b_80f4f1754cc31a89eae9eb8d65e17c50.jpg", "openstreetmap_id": "way/135931767"}, "geometry": {"type": "Point", "coordinates": ["9.551482199137931", "47.03882085"]}}, {"type": "Feature", "properties": {"identifier": "fe34e6f6-38b3-4b8f-8880-ea618d6c0898", "name": "Bistro & Bar Holl\u00e4nder", "description": "Bei uns k\u00f6nnen Sie einen hervorragenden Caf\u00e9 geniessen, ausgezeichnet zu Mittag oder Abendessen und am Abend eine sch\u00f6ne Bar-Atmosph\u00e4re erleben, mit chilliger Musik. Das Ambiente auf unserer Sonnenterrasse macht Lust auf mehr.", "url": "http://www.hollaender.ch", "image": "https://ostpimtsoch.sos-ch-dk-2.exoscale-cdn.com/catalog/5/c/b/8/5cb85f24e30cd3ae604c7ccc7426101dff1427bf_f13829c4159c98f7130376beec193f19.jpeg", "openstreetmap_id": "node/6867847231"}, "geometry": {"type": "Point", "coordinates": ["9.5629396", "46.9678616"]}}, {"type": "Feature", "properties": {"identifier": "ff12a426-f852-4ffb-aa28-067c91e1a8f5", "name": "Erlebnis Waldegg - Essen im Schnuggebock & Restaurant", "description": "Im Schnuggebock wurde die Zeit behutsam zur\u00fcckgestellt. In der w\u00e4hrschaften Appenzeller Kost pr\u00e4sentiert sich das Beste von Gestern. Einheimische \u00c4pfel statt exotische Orangen, K\u00e4se aus hauseigener Produktion, knuspriges Brot. Hier bei Grosi geht alles einen Tick langsamer, genussvoller. Lehnen Sie sich zur\u00fcck und erfahren Sie die echte Appenzeller Gastfreundschaft.\n\nIm Restaurant Waldegg erwartet Sie hingegen eine zeitgem\u00e4sse K\u00fcche, facettenreich aber bodenst\u00e4ndig, essentiell aber raffiniert, lokal aber weltoffen. Die Mission ist es, frische Produkte mit handwerklichen Verfahren so zuzubereiten, dass ihr urspr\u00fcnglicher Charakter erhalten bleibt und die puren, reinen Aromen zur Geltung kommen. Das Restaurant Waldegg verf\u00fcgt \u00fcber eine gem\u00fctliche Gaststube mit Kachelofen, einen festlichen Saal bis zu 50 Personen und einer grossen Gartenwirtschaft mit herrlichem Blick in den Alpstein.", "url": "http://www.waldegg.ch/", "image": "https://ostpimtsoch.sos-ch-dk-2.exoscale-cdn.com/catalog/a/a/5/d/aa5d34958510bcb48b8f730f3a03040bfead168c_fcd846629c123213b26ca80595aa494b.jpg", "openstreetmap_id": "423778138"}, "geometry": {"type": "Point", "coordinates": ["9.4106039", "47.4027945"]}}, {"type": "Feature", "properties": {"identifier": "ff25f490-dad6-4681-b6ab-6453e4f996c1", "name": "Cottinelli Weinbau", "description": "Unser Gesellschaftsraum Torkel eignet sich als besonderen Ort f\u00fcr Geburtstage, Hochzeite, Firmenanl\u00e4sse oder Familienfeiern. Platz finden Gruppen bis zu ca. 80 Personen. Kulinarisch verw\u00f6hnt Sie ein Catering nach Ihrer Wahl.\n\nGef\u00fchrte Betriebsf\u00fchrungen mit anschliessender Degustation verschiedener B\u00fcndner Weine sind f\u00fcr Gruppen ab zehn Personen m\u00f6glich. W\u00e4hrend der Weinverkostung werden die edlen Tropfen von frisch aufgeschnittenem B\u00fcndner Rohschinken sowie w\u00fcrzigem B\u00fcndner Alpk\u00e4se und frischem Brot begleitet.", "url": "https://www.plozzawinegroup.ch", "image": "https://ostpimtsoch.sos-ch-dk-2.exoscale-cdn.com/catalog/0/e/d/5/0ed56706c161752006ced8750ee4b7250f7820ec_7d8eb0d25abf45ca8215af5e49945599.jpg", "openstreetmap_id": "way/169639589"}, "geometry": {"type": "Point", "coordinates": ["9.563749", "46.9701756"]}}, {"type": "Feature", "properties": {"identifier": "ff92ed64-5612-4226-a2eb-5ba6bb66e35c", "name": "Badi Beiz Strandbad Ermatingen", "description": "<p>Das Strandbad Ermatingen besticht durch seine ruhige Lage und den direkten Zugang zum Bodensee und ist der ideale Ort f&uuml;r erholsame Stunden am See. Eingebettet in die herrliche Natur l&auml;dt es zum Schwimmen, Sonnenbaden oder einfach zum Entspannen ein. Die Badi Beiz, ein gem&uuml;tlicher Kiosk, rundet das Erlebnis ab: Hier geniessen die G&auml;ste erfrischende Getr&auml;nke und regionale K&ouml;stlichkeiten. Der Blick auf den See und die entspannte Atmosph&auml;re machen die Badi Beiz zu einem beliebten Treffpunkt. Ein besonderer Tipp: Den Tag bei Sonnenuntergang in dieser traumhaften Kulisse ausklingen lassen. Regelm&auml;ssige Live-Musik-Anl&auml;sse sorgen zus&auml;tzlich f&uuml;r stimmungsvolle Abende und in den Wintermonaten bietet ein Pop-up-Restaurant im beheizten Zelt gem&uuml;tliche Stunden direkt am See.<br><br>Die Badi Beiz ist in der Regel w&auml;hrend den &Ouml;ffnungszeiten des Strandbades ge&ouml;ffnet.</p>", "url": "https://www.badi-ermatingen.ch", "image": "https://ostpimtsoch.sos-ch-dk-2.exoscale-cdn.com/catalog/3/2/0/3/3203f3fb05b36c29aa265d682829faf7f7abb290_31c3ae9e7b2a63b07b3a39f15206b011.jpg", "openstreetmap_id": "node/3440981983"}, "geometry": {"type": "Point", "coordinates": ["9.0729008", "47.6714048"]}}]}