id;name;disambiguatingDescription;description;longitude;latitude;streetAddress;postalCode;addressLocality;telephone;email;url;image;dateModified004436bb-51c2-489e-aaca-c87e36324e18;Regio-Shop Schaffhauserland;Regionale Produkte. Lokale Produzenten.;Der Regio-Shop von Schaffhauserland Tourismus bietet ausgewählte und regionale Produkte an. Ob als Andenken, Geschenke oder einfach für sich selbst, bei uns finden Sie etwas Passendes.;8.6342689;47.6963232;Vordergasse 73;8200;Schaffhausen;+41 52 632 40 20;info@schaffhauserland.ch;https://schaffhauserland.ch/de/shop-vorverkauf-tickets/regio-shop-im-visitor-centre.html;[{'@type': 'ImageObject', 'contentUrl': 'https://ostpimtsoch.sos-ch-dk-2.exoscale-cdn.com/catalog/f/3/4/3/f343059060148842b38c678cc1caeafdfb6f53bd_a93e55055d1246624d5494b2d71b273c.jpg'}];2025-03-31T18:47:47+02:00
00a834b5-9fdb-499f-aaa9-c8805924d198;E-Bike-Vermietung am Walensee;Die E-Bike-Vermietung am Walensee bietet hochwertige E-Bikes zur Miete an. Interessierte können diese halbtags oder ganztags ausleihen. Eine Vorreservation wird empfohlen, spontane Anfragen sind jedoch möglich. Für Gruppen ab 2 Personen ist eine schriftliche Voranmeldung notwendig;Wahlweise als Package buchbar inklusive Picknickrucksack und/oder Übernachtung.

Preise

Halbtagesmiete
4h (zwischen 08.00 und 13.00 oder zwischen 13.00 und 18.00 Uhr) CHF 50.00

Tagesmiete
8h (zwischen 08.00 und 18.00 Uhr) CHF 60.00

Für jede zusätzliche Stunde verrechnen wir CHF 10.00.;9.217261;47.1124535;Alte Spinnerei 12;8877;Murg;+41 81 720 35 75;info@lofthotel.ch;https://www.lofthotel.ch/;[{'@type': 'ImageObject', 'contentUrl': 'https://ostpimtsoch.sos-ch-dk-2.exoscale-cdn.com/catalog/5/a/b/c/5abc0270155b759f0b214916da0cf871514b6084_b7c4ea8f9832550f0c3f082ecc3b70d2.jpg'}];2026-08-31T20:37:57+02:00
010196e3-3f90-424d-b48b-b41fd0814979;Panoramarestaurant Maschgenkamm;Das Panoramarestaurant Maschgenkamm am Flumserberg bietet eine beeindruckende Aussicht auf die umliegende Bergwelt. Mit Sitzplätzen im hellen Rundbau, einem geräumigen Saal und einer grossen Sonnenterrasse ist es ideal für Erholungssuchende.;Geniessen Sie im höchstgelegenen Gastronomiebetrieb am Flumserberg die Panoramaaussicht auf die umliegende Bergwelt. Lassen Sie Ihren Blick auf der einen Seite entspannt über die Weite des Spitzmeilen-Gebiets mit dem charakteristischen Wahrzeichen, dem 2501 m hohen Spitzmeilen, schweifen oder werden Sie auf der anderen Seite von der magischen Churfirsten- und Alvierkette mit ihren zackigen Gipfeln hoch über dem Walensee verzaubert.

Im hellen Rundbau stehen Ihnen 80 Sitzplätze zur Verfügung. Im geräumigen Saal können 240 Gäste den Blick auf die Churfirsten geniessen und das gemütliche Stübli bietet 48 Plätze mit bester Sicht auf das Spitzmeilengebiet. Auf der riesigen Sonnenterrasse können 600 Gäste gleichzeitig das atemberaubende Panorama bestaunen (200 Sitzplätze). Zudem stehen Liegestühle zur Verfügung.;9.2535677;47.0696724;Maschgenkamm;8898;Flumserberg;+41 81 733 19 39;info@maschgenkamm.ch;https://www.maschgenkamm.ch;[{'@type': 'ImageObject', 'contentUrl': 'https://ostpimtsoch.sos-ch-dk-2.exoscale-cdn.com/catalog/5/d/1/9/5d1924adc6b594bc583916057729db348cdb299e_72cbf5c27bc50096c814636334fe2c05.jpg'}];2025-11-25T22:17:28+01:00
013a7b90-4749-42c2-84e1-61989352fa03;Sessel-/Gondelbahn Alt St. Johann – Sellamatt;Die Sessel-/Gondelbahn in Alt St. Johann führt mit einer Kombination aus Sesseln und Gondeln auf die Alp Sellamatt.;<p>Mit der Kuppelbare Umlaufbahn mit 4er Sesseln und 4er Gondeln gelangen Sie auf die Alp Sellamatt, welche Ausganspunkt f&uuml;r den Klangweg und den Toggenburger Sagenweg ist. Die Alp Sellamatt bietet einen herrlichem Panoramablick auf Churfirsten, S&auml;ntis und Alpstein.</p><p>&nbsp;</p><p>Auskunft zur Zug&auml;nglichkeit:&nbsp;<a href="https://www.ginto.guide/entries/203dddcc-16b3-45ff-9f0a-111371092156?lnk_src=business" target="_blank" rel="noopener">ginto</a></p>;9.287152;47.193229;Ochsenwis 418;9656;Alt St. Johann;+41 71 998 68 10;info@chaeserrugg.ch;https://www.chaeserrugg.ch/de;[{'@type': 'ImageObject', 'contentUrl': 'https://ostpimtsoch.sos-ch-dk-2.exoscale-cdn.com/catalog/2/4/e/2/24e218a66f8066c5970128ff4cda523cb3442b5c_57bfcb184ec5f6d98fb223eb715eb680.jpg'}];2026-05-13T19:51:45+02:00
05b4fb3c-a047-48b3-884c-0722751b9c70;Veloverleih Regivelo.ch;Die Region Kreuzlingen vor der Kulisse des Bodensees bequem und ökologisch erkunden: Das geht mit dem honiggelben Regivelo an 20 Vermietstationen. ;Rund 80 Regivelos sind in der Region Kreuzlingen unterwegs: In den Gemeinden Bottighofen, Kreuzlingen, Lengwil, Münsterlingen und Tägerwilen können sie an 20 Stationen ausgeliehen und wieder abgestellt werden. Die Mietstationen sind so positioniert, dass sich die Fahrten auf den honiggelben E-Bikes und Fahrrädern optimal mit dem öffentlichen Verkehr verbinden lassen. Das Mieten der Regivelos funktioniert über das System von Donkey Republic, das bereits in anderen Schweizer Städten erfolgreich im Einsatz ist. Einloggen, mieten und auf zu Entdeckungen in der Bodenseeregion.;9.174692430236657;47.6485486;Hauptstrasse 62;8280;Kreuzlingen;+41 71 688 83 86;info@regivelo.ch;https://www.regivelo.ch;[{'@type': 'ImageObject', 'contentUrl': 'https://ostpimtsoch.sos-ch-dk-2.exoscale-cdn.com/catalog/3/e/9/f/3e9f089b42c36ad0a3aa8d39f32249702703e990_ad1f4f5fb640fc60e50dad97f2515862.jpg'}];2025-03-31T21:17:36+02:00
06ac682f-23ad-431f-8c66-eb71c2704f81;Strähl Käse;Dank dem Innovationsgeist von Paul Strähl sen. und der unternehmerischen Energie der Nachfolgegenerationen der Familien Strähl und Holenstein, ist die Strähl Käse AG heute ein unabhängiges Familienunternehmen.;Was 1934 als Einmann-Betrieb begonnen hatt, entwickelte sich bis heute zu einem dynamischen Familienunternehmen mit rund 70 Mitarbeitenden. Das handwerkliche Geschick steht im Vordergrund, wenn es darum geht, die verschiedenen Käse-Spezialitäten mit aufwändiger Pflege zum optimalen Reifegrad zu begleiten. Die meisten Käsesorten kennt man weit über die Kantonsgrenze. Kein Wunder, denn täglich werden im kleinen Dorf bis zu 150'000 Liter Thurgauer Kuhmilch zu feinem Käse verarbeitet.

Produkte
Die ältere Generation erinnert sich noch an den «Strähl-Chäs» – so nannten die Thurgauer den grünen Tilsiter. Heute trifft man in fast allen guten Käsevitrinen auf viele weitere Spezialitäten mit Namen wie Thurgauer Rahmkäse, Echter Thurgauer, Bonaparte, Bonapepe, Arenenberger, Farmer, Landrauchkäse, Valbella Kümmelkäse oder ausgezeichneter Raclette-Käse in 4 Sorten.;9.1676012;47.6109626;Bahnhofstrasse 1;8573;Siegershausen;+41 71 678 11 11;info@straehl.ch;https://www.straehl.ch;[{'@type': 'ImageObject', 'contentUrl': 'https://ostpimtsoch.sos-ch-dk-2.exoscale-cdn.com/catalog/6/4/2/4/6424570bf63971f456145b21efd683cc08166929_2f8aafbcde5139eb8888e7aeee339e47.jpg'}];2025-02-17T13:21:04+01:00
08241695-18a0-489f-9f9f-a0a4a52df766;Minigolf Wattwil;Die Minigolfanlage Wattwil direkt zwischen Sportanlage Rietwis und Schwimmbad bietet Freizeitspass für Gross und Klein. Und seit diesem Jahr präsentiert sie sich im komplett neuen Kleid.
Die Minigolfanlage umfasst 18 Bahnen (betoniert, System Bogoni) und ist turniertauglich. Schläger und Bälle werden an der Kasse abgegeben. Ein Schläger berechtigt zu einem Parcoursrundgang. Weitere Rundgänge müssen bei der Kasse gelöst werden.

Auch für Behinderte geeignet, verfügt allerdings über keine Behinderten-Toilette.;9.0925;47.29442;Rietwisstrasse 14a;9630;Wattwil;+41793326957;roger.meier2@wattwil.ch;https://frezeit-wattwil.ch;[{'@type': 'ImageObject', 'contentUrl': 'https://ostpimtsoch.sos-ch-dk-2.exoscale-cdn.com/catalog/8/0/3/5/80352b56af365eef3715b3baf48065fb5f0e308d_174de61ec3575ccb52ef2b9c0e5a0de0.jpg'}];2025-10-28T16:23:25+01:00
09479141-0244-487e-9f23-c0da708aea60;Biotta ;Biotta ist eine Saftmanufaktur in Tägerwilen. Der Schweizer Bio-Pionier steht seit über 65 Jahren für einen respektvollen Umgang mit Mensch und Natur und Saftkreationen vom Feinsten.;In der Biotta Saftmanufaktur im Thurgauischen Tägerwilen werden direkt gepresste, naturbelassene Säfte und Smoothies hergestellt. Dabei stehen die biologische Ausrichtung, hohe Qualitätsstandards und der Genuss im Vordergrund. Wenn immer möglich, bezieht Biotta seine Rohstoffe von lokalen Bauern. Mit den Anbaupartnern in der Region aber auch im Ausland werden langjährige und vertrauensvolle Beziehungen gepflegt. Ergebnis sind geschmackvolle gesunde Frucht- und Gemüsesäfte, Smoothies, Shots und gar eine natürliche Alternative von Energydrink. 

Vom Feld in die Flasche und in die Verkaufsregale von Schweizer Supermärkten und Drogerien. Die leckeren Biottasäfte sind auch in diversen Online-Shops erhältlich.;9.138273;47.655565;Pflanzbergstrasse 8;8274;Tägerwilen;+41 71 466 48 39;daniela.schoenenberger@biotta.ch;https://biotta.ch/de/;[{'@type': 'ImageObject', 'contentUrl': 'https://ostpimtsoch.sos-ch-dk-2.exoscale-cdn.com/catalog/c/1/8/1/c181dde6379c055de3e637ea29fe799a33af5c67_14cfe366119fd6240e4eb60c8e557acc.png'}];2025-02-17T13:21:04+01:00
0acad64f-e904-4b4e-8573-836d289fa37e;Schneider Schuhe;Schuhe seit 7 Generationen - auf 4 Etagen Schuhe und Accessoires für die ganze Familie.;<p>Johann Heinrich Keller, Schuhmachermeister, eröffnete 1832 an der Metzgergasse in St.Gallen seine Werkstatt. Bereits 1842 erwarb er das &laquo;Haus zum Rothen Hertz&raquo;. Das Geschäft befindet sich noch heute im gleichen Haus an der Goliathgasse 5. Mittlerweile in der siebten Generation gef&uuml;hrt, bietet Schneider Schuhe eine grosse Auswahl an Schuhen und Accessoires f&uuml;r Damen, Herren und Kinder.</p><p>HOME / FASHION / ALLTAG / BUSINESS / OUTDOOR / PARTY</p><p>Eine weitere Filiale befindet sich an der Vadianstrasse 22.</p>;9.376112799999987;47.42675279999999;Goliathgasse 5;9000;St.Gallen;+41 71 222 66 05;info@schneiderschuhe.ch;http://www.schneiderschuhe.ch/;[{'@type': 'ImageObject', 'contentUrl': 'https://ostpimtsoch.sos-ch-dk-2.exoscale-cdn.com/catalog/3/7/3/a/373a6e8e7e4b430a1abb9a0095b2aa7f756858b2_014c09247f0c81aa780beeb30b18fc63.jpg'}];2026-06-16T20:40:45+02:00
0ae93548-e08a-4dbe-bdef-2e097a89d67a;Golf Club Bad Ragaz;Der Golf Club Bad Ragaz bietet ein einzigartiges Golferlebnis inmitten eines beeindruckenden Bergpanoramas. Der 18-Loch Championship Course ist Mitglied der Leading Golf Courses und wurde mit 5* Superior ausgezeichnet.;Mit viel Liebe zum Detail und Sorgfalt für perfekte Greens, bietet der Golf Club Bad Ragaz ein besonderes Golferlebnis. Eingebettet in ein unvergleichliches Bergpanorama und eine herrliche Parkanlage streben wir als Mitglied von Leading Golf nach Perfektion, damit sich anspruchsvolle Gäste bei uns rundum wohl fühlen.

Der 18-Loch Championship Course ist seit 2007 Mitglied der Qualitäts- und Wertegemeinschaft der «Leading Golf Courses» und seit diesem Jahr zusätzlich von «World of Leading Golf». Diese Mitgliedschaft bestätigt Golfkultur und Philosophie des Hauses, die am Streben nach Perfektion ausgerichtet sind. Als einzige Golfanlage der Schweiz wurde sie zudem durch den Bundesverband der Golfanlagen mit dem Prädikat 5* Superior ausgezeichnet und zählt zu den Topplätzen der Schweiz.;9.5048934;46.9989934;Hans-Albrecht Strasse 1;7310;Bad Ragaz;+41 81 303 37 17;golfclub@resortragaz.ch;http://www.golfclubragaz.ch;[{'@type': 'ImageObject', 'contentUrl': 'https://ostpimtsoch.sos-ch-dk-2.exoscale-cdn.com/catalog/d/8/3/1/d83198e9a14b4e2fe7c320321b62fcf38c88db10_11e296dbfb0dbe92d01b18b6eb1352ff.jpg'}];2026-06-22T20:40:34+02:00
0cfb782f-a7b1-4fc6-915a-466e0467fd27;Tank & Trank ;Der Familienbetrieb Tank & Trank an der Hauptstrasse in Mammern ist Tourismus Info-Point, Kiosk, Tankstelle, Getränke- und Lebensmittelhandel und E-Bike-Ladestation in einem. Im selbstbedienten Stübli schmökern Gäste durch Prospekte der Region und pausieren zum Znüni. ;Tank & Trank in Mammern am Bodensee ist ein reich bestückter Tankstellenshop der besonderen Art. Neben einem breiten Sortiment an täglichen Gebrauchsartikeln, Getränken und Lebensmitteln finden sich hier auch Leckereien aus der Region wie täglich frisches Brot vom Beck, die zarten Caramelhäppli «Mürbel» oder der fruchtig frische alkoholfreie Apfelschaumwein Tröpfel. Der Familienbetrieb in dritter Generation gibt während seiner Kiosk-Öffnungszeiten gerne Ausflugs- und Erlebnistipps für Mammern und die Unterseeregion. Ausserhalb der Öffnungszeiten steht ein Info-Point für touristische Auskünfte zur Verfügung. Leere E-Bike-Akkus können hier für 50 Rappen geladen werden. Eine Lounge neben dem Haus und ein Stübli laden währenddessen zum Verweilen, Stöbern und zum Znüni oder Zvieri ein. Im Stübli liegen weitere Prospekte der Region auf sowie Geschenkartikel als Mitbringsel für den Besuch. Tank & Trank ist auch Gasdepot und Swisslos-Verkaufsstelle. ;8.913481;47.644822;Hauptstrasse 13;8265;Mammern;+41 52 741 44 44;tankundtrank@bluewin.ch;https://www.tankundtrank.ch;[{'@type': 'ImageObject', 'contentUrl': 'https://ostpimtsoch.sos-ch-dk-2.exoscale-cdn.com/catalog/1/e/7/8/1e78095a992edeeb5842899c964f7b499c67db8d_719e61ce2d39f14699922848974f531f.jpg'}];2026-04-01T22:32:43+02:00
0d74dfda-1d05-4ace-a36e-2870a6293536;Tourist Information Rorschach ;Herzlich willkommen in der Tourist Information Rorschach;<p class="xmsonormal"><span style="font-size: 10.0pt; font-family: 'Arial',sans-serif;">Direkt am Hafen gelegen, ist unsere Tourist Information der ideale Ausgangspunkt f&uuml;r deine Entdeckungstour durch Rorschach und die vielseitige Region St.Gallen-Bodensee.</span><span style="font-size: 10.0pt; font-family: 'Arial',sans-serif;">&nbsp;</span></p><p class="xmsonormal"><span style="font-size: 10.0pt; font-family: 'Arial',sans-serif;">Bei uns erh&auml;ltst du pers&ouml;nliche Tipps, passende Empfehlungen und Inspirationen f&uuml;r deinen Aufenthalt. Ob du die sch&ouml;ne Bodenseelandschaft erkunden, spannende Ausfl&uuml;ge planen oder neue Freizeitideen entdecken m&ouml;chtest &ndash; wir beraten dich gerne und unkompliziert.</span><span style="font-size: 10.0pt; font-family: 'Arial',sans-serif;">&nbsp;</span></p><p class="xmsonormal"><span style="font-size: 10.0pt; font-family: 'Arial',sans-serif;">Ausserdem findest du bei uns eine grosse Auswahl an Tickets f&uuml;r die Bodensee-Schifffahrt sowie f&uuml;r den Pf&auml;nder und die Erlebnisrundfahrt mit Witzwanderweg. Ebenfalls erh&auml;ltlich sind Gutscheinkarten f&uuml;r den beliebten Sonntagsbrunch auf den Schiffen der Schweizerischen Bodensee Schifffahrt AG. Zudem stellen wir dir gerne die Bodensee Card Plus f&uuml;r 3 oder 7 Tage aus.</span></p><p class="xmsonormal"><span style="font-size: 10.0pt; font-family: 'Arial',sans-serif;">Vor Ort erwartet dich auch eine kleine Auswahl an Souvenirs, damit du dir ein sch&ouml;nes Andenken an deinen Besuch in der Region sichern kannst.</span><span style="font-size: 10.0pt; font-family: 'Arial',sans-serif;">&nbsp;</span></p><p class="xmsonormal"><span style="font-size: 10.0pt; font-family: 'Arial',sans-serif;">Komm vorbei, lass dich inspirieren!</span></p>;9.493550062179567;47.478786411811946;Hafenpavillon ;9400;Rorschach;+41 71 841 61 41;rorschach@st.gallen-bodensee.ch;https://st.gallen-bodensee.ch/;[{'@type': 'ImageObject', 'contentUrl': 'https://ostpimtsoch.sos-ch-dk-2.exoscale-cdn.com/catalog/c/c/5/6/cc567a6480d13efa38cac9bab212ba88698bdafe_6ba94b5a537673a57a5a0b5ae671e1bd.jpg'}];2026-06-16T20:40:45+02:00
10856a89-b261-49b6-b1c2-f4a405d2fabc;LABHART Chronometrie & Goldschmiede;Exquisite Meisterwerke der Juwelier- und Uhrmacherkunst vereint an einem Ort;LABHART Chronometrie & Goldschmiede seit 1886, Inhaber Romano Prader in Sankt Gallen.

Entdecken Sie zeitlose Eleganz bei LABHART Chronometrie & Goldschmiede, dem traditionsreichsten Fachgeschäft in Sankt Gallen seit 1886. Tauchen Sie ein in eine Welt exklusiver Markenuhren, edler Schmuckstücke und hochwertiger Trauringe. Unser umfangreiches Sortiment umfasst renommierte Manufakturmarken wie Patek Philippe, Omega und Breitling.

Lassen Sie sich von unserem fachkundigen Team persönlich beraten und entdecken Sie die Vielfalt unserer beeindruckenden Uhrenkollektion. Unsere Schmuckauswahl spiegelt höchste Handwerkskunst wider, von namhaften Marken wie Marco Bicego, Jörg Heinz bis hin zu Niessing. Unter unserer Eigenmarke Labhart Princesse® kreiert unser erfahrener Goldschmiedemeister einzigartige Schmuckstücke von zeitloser Schönheit.
Für Individualisten bieten wir die Möglichkeit, massgeschneiderte Schmuckstücke nach Ihren Wünschen und Vorstellungen anzufertigen. In unserem umfangreichen Trauring-Sortiment präsentieren wir Top-Marken wie Furrer Jacot, Gerstner, Niessing und Siara. Oder lassen Sie Ihrer Kreativität freien Lauf und gestalten Sie Ihre Eheringe selbst in unserem einzigartigen Trauring-Workshop – hier sind fast alle Wünsche möglich! Unser erfahrener Goldschmiedemeister steht Ihnen dabei beratend zur Seite.
Geniessen Sie auch nach dem Kauf exzellenten Service in unserem hauseigenen Uhren- und Goldschmiedeatelier. Egal ob es um eine umfassende Reparatur Ihrer Uhr oder einen kleinen Reinigungsservice für Ihr Schmuckstück geht – wir sind stets für Sie und Ihre Lieblingsstücke da, um ihre Schönheit zu bewahren. Tauchen Sie ein in die Welt von zeitlosem Luxus und exquisiter Handwerkskunst bei LABHART in Sankt Gallen.
;9.376726400000052;47.4247173;Neugasse 48;9000;St. Gallen;+41712225060;info@chronometrie.ch;https://www.chronometrie.ch/;[{'@type': 'ImageObject', 'contentUrl': 'https://ostpimtsoch.sos-ch-dk-2.exoscale-cdn.com/catalog/4/8/a/f/48af3812ae09ea946498a005f286f6fd7d7ad041_5afb61c0ec070884d3201985fa251160.jpg'}];2026-06-16T20:28:37+02:00
144dda5b-668c-4ffc-b413-1346ea288f50;Intersport Wildhaber - Sport & Glockenhandel;Intersport Wildhaber in Flums bietet eine breite Auswahl an Sportausrüstung und handgefertigten Glockenriemen. Das Geschäft kombiniert Tradition mit moderner Ausstattung und bietet sowohl Sommer- als auch Winterartikel an.;Wir sind ein modernes, kundenfreundliches Sport-Fachgeschäft mit Glockenhandel und Sattlerei mitten im Dorf Flums. Wir bauen seit über 30 Jahren auf Tradition und Erfahrung. Unsere Kompetenz und Ihre Zufriedenheit sind uns wichtig!

Winter
- Vermietung Ski/Snowboards/Schuhe/Schneeschuhe/Tourenski - Tages-, Wochen- und Saisonmiete   
- Service Ski und Snowboards in hauseigener Werkstatt
- Verkauf Ski/Snowboards/Schuhe/Tourenausrüstung, Schneeschuhe, Winterschuhe und Schlitten/Bob
- Skijacke- und Hosen sowie Winterjacken für Erwachsene und Kinder
- Tourenbekleidung für Erwachsene 
- Helm, Skibrillen, Sonnenbrillen, Rückenprotektoren, Stirnlampen, Handschuhe, Heizsocken, Thermounterwäsche etc.


Sommer
- Trekking/Wanderschuhe, Wanderstöcke, Velohelme, Rucksäcke, Sonnenbrillen und noch vieles mehr
- Funktionelle Bekleidung für Sport und Wandern
- Bekleidung für Fitness, Yoga und Freizeit
- Bademode inkl. FlipFlops, Adiletten etc.

Geheimtipp:
Zur Spezialabteilung des Geschäftes gehören die handgefertigten Glockenriemen. In der Werkstatt werden diese ganz nach den Wünschen des Kunden gefertigt; mit den Ideen und der Erfahrung von begeisterten Fachleuten!  Auch Sennenkittel und "Chüeligürtel" sind bei uns erhältlich.;9.3433874;47.0914198;Kirchstrasse 9;8890;Flums;+41 81 733 23 24;wildhaber@wildhaber-sport.ch;http://www.wildhaber-sport.ch;[{'@type': 'ImageObject', 'contentUrl': 'https://ostpimtsoch.sos-ch-dk-2.exoscale-cdn.com/catalog/2/2/1/3/22133eac67f4237a02b3069698bc5b1e5bca3b0e_ec827b1073d6ff0122a2d95a2b9c67e5.jpg'}];2026-01-01T16:30:27+01:00
1560efc3-972f-4e63-b471-4713be8d9283;Schwimmbad Schleitheim;Die Badi Schlaate ist eine der schönsten Badis im Klettgau.
Unser Tipp: Am Abend können Sie den Sonnenuntergang vom Beckenrand aus geniessen.;<p>Ausstattung und Angebot des Freibades Schleitheim</p><ul><li>50-m-Schwimmbecken</li><li>5 Schwimmbahnen</li><li>25-m-Nichtschwimmerbecken</li><li>1- und 3-m-Sprungbretter in Sprungbucht</li><li>Kinder-Planschbecken</li><li>Kleine Rutschbahn</li><li>Spielwiese</li><li>Spielplatz</li><li>Tischtennis-Tische</li><li>Beach-Volleyball</li><li>Kiosk mir Bistro</li></ul>;8.483032342195388;47.745785999999995;Schlechtenbol 28;8226;Schleitheim;+41 52 680 14 41;[{'@type': 'ImageObject', 'contentUrl': 'https://ostpimtsoch.sos-ch-dk-2.exoscale-cdn.com/catalog/8/f/9/d/8f9d8f91f6340bf3c93ca0d06a0bac6222af9029_378464f7100ab8fce9da0cce2f6c1158.jpg'}];2026-01-23T19:17:58+01:00
158b8569-ea67-4f5d-a639-7ea20b6ac3b7;Kino Kiwi Scala;Kino wie es früher war! Erleben Sie spannende, schöne und lustige Filme in den Sälen des Kino Kiwi Scala mitten in der Schaffhauser Altstadt. ;<p>Nicht Mainstream ist unsere Gr&ouml;sse sondern die kleinen Filme, die das Herz ber&uuml;hren, nachdenklich machen, einem ein herzhaftes Lachen entlocken und verzaubern. Schauen Sie rein und geniessen Sie mit uns einen unvergesslichen Filmabend!</p>;8.6383699;47.6961957;Bachstrasse 14;8200;Schaffhausen;+41 52 632 09 09;info@kiwikinos.ch;http://www.kiwikinos.ch/schaffhausen/;[{'@type': 'ImageObject', 'contentUrl': 'https://ostpimtsoch.sos-ch-dk-2.exoscale-cdn.com/catalog/d/9/d/3/d9d31ef86a603320d30b440d2bde1ae9b5ff8170_25527d09d1d8b6b6781c09f994d5bf1f.jpg'}];2026-01-09T19:27:12+01:00
1762df3a-7875-415c-b97d-45f071eb45dc;Töshof;Hoflädeli und -beizli;Der Töshof befindet sich an der Siggetschwilstrasse in Brunnadern unweit von Dorf und Bahnhof.
Auf unserem Hof leben zurzeit 50 Freilandhühner, zwölf Capra Grigia Ziegen, zwei Katzen und neun Islandpferde. 
 In unserem kleinen Hoflädeli finden Sie fast alles, was das Herz begehrt; Teigwaren, Konfitüren, Curry Zucchetti, eingemachte Randen, Meringues, Bretzeli, verschiedene Sirup und Töshof Glace in vielen Variationen. Das Hoflädeli versteckt sich hinter zwei Kellerfenstern. Bedienen Sie sich während 24 Stunden an sieben Tagen mit Bezahlung Bar oder auch per Twint. 
Beim Glacekühler steht für Sie eine Sitzgelegenheit zu Verfügung. Nehmen Sie Platz und geniessen Sie eine kleine Auszeit. 
Auf Bestellung stellen wir Ihnen auch gerne verschiedene Geschenktaschen und -Körbe zusammen. Sie bestimmen den Inhalt und den Preis.;9.133469136184416;47.33545785;Siggetschwilstrasse 5;9125;Brunnadern;+41713741679;matthias.naef@bluewin.ch;https://www.toeshof.ch/;[{'@type': 'ImageObject', 'contentUrl': 'https://ostpimtsoch.sos-ch-dk-2.exoscale-cdn.com/catalog/4/d/7/a/4d7ab5e32a91fc09ecbc99984e03a9066e89efe2_70378fd90929fbf4a7b827b0c0c20e8a.jpg', 'caption': {'de': 'Logo Töshof'}}];2026-04-01T19:25:43+02:00
17812a2f-f70e-4a04-a1a3-ac64f22e8cc9;Metzgerei Kellenberger;Die Metzgerei Kellenberger in Bad Ragaz bietet seit 1885 regionale Qualitätsprodukte. Von Aufschnitt bis zu zarten Filets finden Interessierte alles in der Theke, inklusive ungewöhnlicher Leckerbissen. Genuss-Tipps und Platten für gesellige Runden sind ebenfalls erhältlich.;In der vierten Generation seit 1885 bedienen wir Sie persönlich und sind stolz auf unsere regionalen Qualitätsprodukte.

Von Hand zerteilt, mit Herzblut gefertigt: Von Aufschnitt bis zarten Filets finden Sie in unserer Theke alles, auch ungewöhnliche Leckerbissen. Gerne geben wir Genuss-Tipps oder stellen Platten für Ihre gemütliche Runde zusammen.;9.5017611;47.0032913;Freihofweg 1;7310;Bad Ragaz;+41 81 302 13 22;info@metzgerei-kellenberger.ch;https://www.metzgerei-kellenberger.ch/;[{'@type': 'ImageObject', 'contentUrl': 'https://ostpimtsoch.sos-ch-dk-2.exoscale-cdn.com/catalog/d/f/3/6/df3649d169bbf1011ef2e3d62edb0d1bae8ec9b3_1e23803a857b837ccbdb24a589c8b1b1.jpg'}];2025-12-15T21:47:06+01:00
1987e780-cf16-4e63-9127-40cce7bc722f;Steinemann Kleinbus AG;Personentransporte & Kurierdienste seit 1963;<p>Wir verführen Sie gerne in der Region und machen Ihren Tag unvergesslich. Bei uns finden Sie nebst dem 0815-Kleinbus bis 14 Plätze zur Miete oder mit Chauffeur als besonderes Highlight einen Cabrio-Bus und Panorama-Bus jeweils für bis 16 Fahrgäste oder eine Piaggio APE für 3 Fahrgäste. Wird es etwas später fährt Sie unser Ring-Taxi.ch (052 643 33 33) gerne nach Hause.</p><p><span style="font-weight: bold;">

Personentransporte</span><br>Wunschgemäss, sicher und schnell von A nach B und gerne auch zurück mit Ihrem kompetenten Partner in und für Schaffhausen seit 1963.</p><p><span style="font-weight: bold;">Kurier- und Lieferdienste<br></span>Speditive und zuverlässige Transportlösungen für Ihre individuelle Bedürfnisse sind unsere Stärke.</p><p><span style="font-weight: bold;">Vermietung von A bis Z</span></p><ul><li>PWs unterschiedlicher Klassen</li><li>diverse Lieferwagen bis 3,5 t</li><li>Kleinbusse von 9 bis 14 Sitzplätze</li><li>verschiedene Anhänger</li><li>Rollstuhlfahrzeuge, usw..!</li></ul>;8.6497574;47.7110112;Ebnatring 23;8200;Schaffhausen;+41 52 635 35 35;info@steinemann-sh.ch;http://www.steinemann-sh.ch/;[{'@type': 'ImageObject', 'contentUrl': 'https://ostpimtsoch.sos-ch-dk-2.exoscale-cdn.com/catalog/0/a/f/a/0afa46d0de0e3ef1e1a76d6c5843a6ff80f1ac97_86a2c56e12c3182dd96de8030f47a0f2.jpg'}];2025-02-17T12:46:31+01:00
19b70bef-3933-467c-be55-6b90e403a666;Kägi Glücksshop in Lichtensteig;Herzlich Willkommen im Kägi Glücksshop direkt im Hause Kägi in Lichtensteig (SG). Auf 162 m2 findest du alle Kägi Varietäten, 2.-Wahlprodukte und Geschenkboxen, eine Kaffeebar und weitere attraktive Angebote. Wir freuen uns auf deinen Besuch!;Unser Glücksshop ist auch ein Paradies für Entdecker: Informative Videos zeigen dir einen Blick hinter die Kulissen der Kägi Manufaktur. In unserer kreativen Ecke gestaltest du an iPads deine eigene Kägi fret Verpackung – und druckst alles direkt vor Ort aus.

Unsere Kaffeebar lädt zu einer kleinen Entspannungspause ein. Bei einem Heissgetränk und einem unserer Spezialitäten lässt sich ganz in Ruhe die glückliche Atmosphäre geniessen.;9.085215290277034;47.33037365;Loretostrasse 52;9620;Lichtensteig;+41 71 987 70 10;shop.lichtensteig@kaegi.com;https://www.kaegi.com/fabrikladen;[{'@type': 'ImageObject', 'contentUrl': 'https://ostpimtsoch.sos-ch-dk-2.exoscale-cdn.com/catalog/c/6/a/2/c6a21d4ca7e7863717311de44dee17e6d211105b_1095368946629dcea643d802fdbea54d.JPG'}];2025-10-28T16:15:24+01:00
1b3874c8-57df-4ebc-93c0-ad0ba6d603dc;HedingerHolz AG;Sägewerksbesichtigung
Während unserer Führung durch die Sägerei erhalten Sie einen Einblick wie Rundholz ver- und weiterverarbeitet wird.;Die HedingerHolz AG blickt auf eine über hundertjährige Firmengeschichte zurück und ist einer der grössten Sägereibetriebe der Region. Ca. 25 Mitarbeitende bearbeiten, wenn immer möglich einheimische Hölzer aus nachhaltiger Waldbewirtschaftung.

Kraft, Grösse, Technik sowie pulsierende Geräusche und der Geruch nach frischem Holz fesseln bei dieser Besichtigung jeder Man(n). Erleben Sie den Weg von rund zu eckig – vor allem holzig. Natürlich sind auch Frauen herzlich willkommen!

Programm
Besuchen Sie uns mit Ihrer Gruppe oder Schulklasse und erhalten Sie einen Einblick in eine innovative, spannende und regional verankerte Firma und in ein vielseitiges Berufsfeld rund um die Holzverarbeitung:

Rundholzplatz: Sortierung und Einteilung von Rundholz mit Entrindungsstation.
Sägewerk: Besichtigung der laufenden Maschinen ab der Brücke über den Maschinen in der Werkhalle.
Aussenlager: Rundgang durchs Aussenlager und durch die Klimatrockenhalle mit Besichtigung der Heizung und Trockenkammern.
Weiterverarbeitung: Hobelmaschine, Längenzuschnitt und Herstellung von Verpackungen.

Informationen
Dauer: 1 - 1.5 Stunden
Gruppengrösse: max. 25 Personen, grössere Gruppen auf Anfrage
Kosten: pro Gruppe CHF 150.00;8.46302715;47.66717825;Sägereistrasse 8;8217;Wilchingen;+41 52 687 05 50;info@hedingerholz.ch;https://hedingerholz.ch/;[{'@type': 'ImageObject', 'contentUrl': 'https://ostpimtsoch.sos-ch-dk-2.exoscale-cdn.com/catalog/f/c/3/5/fc356c491e84eb94ce361802ac916427790daf1b_56e99f0b083de5fd1c3a3d34ca692162.jpg'}];2025-02-17T12:48:39+01:00
1d9ef9f4-8cda-4daa-bd40-e2fd25a2a80f;Hertihof Hofladen;Im Selbstbedienungs-Hofladen des Hertihofs in Untervaz finden Besuchende fünf Tage die Woche ein saisonales Angebot an Gebäck, Fleisch, Honig und mehr. Die Besenbeiz lädt zu Kaffee und Kuchen ein.;Im Selbstbedienungs-Hofladen finden Kunden 5 Tage die Woche ein ausgesuchtes, saisonales Angebot vom Hof. Gebäck wie Nuss- und Linzertorten, Frischfleisch (gefroren) und Trockenfleisch, Bienenhonig, Hof-Glace, Alpkäse u.v.m. – Wer Zeit hat, verweilt in der angegliederten Besenbeiz bei einem feinen, in Untervaz gerösteten Kaffee und einem Stück Küchen aus der Hofbäckerei.;9.548063278198242;46.92509881409418;Baltschinweg 1;7204;Untervaz;+41 76 366 01 32;info@hertihof.ch;https://www.hertihof.ch;[{'@type': 'ImageObject', 'contentUrl': 'https://ostpimtsoch.sos-ch-dk-2.exoscale-cdn.com/catalog/4/a/b/a/4aba7187f73a175fbf20066a5adcf8850910451b_b95227a005d01ec10e126cd895b5fe19.jpg'}];2026-06-22T20:40:34+02:00
1dd0fc8b-e6a1-4677-8978-d492ca715cb1;Schwimmbad Wattwil;Was gibt es Schöneres als in der sommerlichen Hitze einen Tag im Freibad zu verbringen? Das kühlende Wasser, eine grosse Liege- und Spielwiese, Verpflegung aus dem Bistro und allerlei Spielmöglichkeiten. Ob als Familie, Freizeitschwimmer oder einfach als Geniesserin.;Die Badi Wattwil bietet Ihnen 1-, 3- und 5-Meter-Sprungturm, 50-Meter- Schwimmerbecken mit 6 Bahnen, Riesenrutschbahn, Strömungskanal und Kinderplanschbecken, 1 Beachvolleyballfelder, einen Riesenspielplatz für Jugendliche mit Fussballplatz, Korbballeinwurf und Tischtennis. Der Liege- und Spielbereich bietet Ruhezonen für Familien ebenso wie Sandstrand und Kleinkinderparadies mit dem kindersicheren Spielplatz (Rondelle im Sand, Kinderrutschbahn mit Hüttli, Schaukeln). – Für Sport, Fitness und Spass den ganzen Tag ist gesorgt. Gehen Sie da im Sommer überhaupt noch nach Hause?

Zugang möglich für RollstuhlfahrerInnen; Behinderten-Toilette, Umkleidekabine mit Liege und Einstiegshilfe ins Bad sind vorhanden.;9.0925099;47.2938006;Rietwisstrasse 14;9630;Wattwil;+41 79 332 69 57;roger.meier2@wattwil.ch;http://www.badi-wattwil.ch;[{'@type': 'ImageObject', 'contentUrl': 'https://ostpimtsoch.sos-ch-dk-2.exoscale-cdn.com/catalog/a/d/b/3/adb346850fea0eeab3b6a382b3c9474b2de12180_150cbf06a6bc64d16c0e17a3731d94df.jpg'}];2025-10-28T16:18:03+01:00
1edfc826-6125-4cb8-836b-d40bb0d74325;Domus Leuchten und Möbel AG;Domus steht seit über 50 Jahren für Raumgestaltung und Einrichten mit Wert. Das hat sich bis heute nicht geändert. Die Konzepte folgen immer einer Leitidee, die aus Erfahrung und Kreativität entspringt.;Das Einrichtungshaus bietet eine Auslese an zeitlosen Klassikern sowie aktuellen Designmöbeln und -leuchten. Mit Material- und Farbmustern, Projektbeispielen und Kunst schafft Domus die Basis für die ganz persönliche Einrichtung.

Es geht aber um viel mehr, als nur Möbel und Leuchten. Domus hat sich der Planung von Lebens- und Arbeitsräumen verschrieben. Die Einrichtung und das Licht sind ein Teil davon. So setzen die 
Innenarchitekt:innen von Domus in Zusammenarbeit mit Partnern ganze Umbauprojekte inklusive Bauleitung für Privatpersonen und Unternehmen um. Die Produktberatung in der Ausstellung, die Einrichtungsplanung und Farbberatungen durch ausgebildete Farbexpert:innen runden das Angebot ab. 

In der Showküche, die von der Möbelmanufaktur in Heerbrugg geplant und produziert wurde, finden Kochkurse in Zusammenarbeit mit Pro Table statt.;9.369658328121401;47.420616213738;Davidstrasse 24;9000;St. Gallen;+41 71 228 20 60;info@domusag.ch;https://domusag.ch/;[{'@type': 'ImageObject', 'contentUrl': 'https://ostpimtsoch.sos-ch-dk-2.exoscale-cdn.com/catalog/8/7/9/c/879ca0c71a3f6944a040bdcfa6732e4f7f12962d_793eaa468606241d8ba2d4522b21903f.jpg'}];2026-06-16T20:17:36+02:00
201f6e20-1f5e-44d7-99ee-f83632da2dba;Berggasthaus Prodkamm;Das Berggasthaus Prodkamm am Flumserberg bietet eine vielfältige Auswahl an regionalen und traditionellen Gerichten. Die grosse Sonnenterrasse lädt zum Verweilen ein und bietet eine beeindruckende Aussicht auf die umliegende Berglandschaft.;Das Berggasthaus Prodkamm am Flumserberg ist ein Ort, an dem Sie sich kulinarisch verwöhnen lassen können. Mit seinen authentischen, monatlich wechselnden Pasta- und Salatangeboten sowie der Speisekarte mit regionalen und traditionellen Gerichten bietet das Restaurant eine vielfältige Auswahl an Köstlichkeiten. Das Restaurant verfügt zudem über eine grosse Sonnenterrasse, auf der Sie Ihre Mahlzeiten im Freien einnehmen und dabei die atemberaubende Aussicht auf die umliegende Berglandschaft geniessen.
Das Berggasthaus Prodkamm lädt Sie ein, die authentische Küche und die entspannte Atmosphäre zu geniessen. Ob Sie nach einem Skitag eine Stärkung suchen oder einfach nur die Sonne auf der Terrasse geniessen möchten, hier werden Sie mit herzlicher Gastfreundschaft empfangen. Besuchen Sie das Berggasthaus Prodkamm und lassen Sie sich von den köstlichen Gerichten und der einzigartigen Lage begeistern.;9.26801383495331;47.07360037575466;Prodkamm;8897;Flumserberg Tannenheim;+41 81 733 23 13;info@prodkamm.ch;http://www.prodkamm.ch;[{'@type': 'ImageObject', 'contentUrl': 'https://ostpimtsoch.sos-ch-dk-2.exoscale-cdn.com/catalog/7/8/5/d/785da9ac840d7d24b0d63a535af1f5de12064c35_561c2cd18ad13fc973e840a193ca561b.jpg'}];2025-12-07T16:30:27+01:00
214cfc4f-d3a7-4399-8e99-9b3d02be9d13;Dampfromantik am Bodensee;Die Mittel-Thurgau-Bahn ist mit dem beliebten «Mostindien-Express» unterwegs. Immer am letzten Sonntag von Mai bis Oktober verkehren öffentliche Dampfzüge ab Romanshorn; am Vormittag auf der Seelinie oder im Thurtal bzw. nachmittags zweimal nach Rorschach und retour.;Die historische Komposition, gezogen von der MThB-Dampflok Ec 3/5 Nr. 3, besteht aus dem roten Salonwagen, dem grünen Gepäck-/Postwagen und dem blauen Aussichtswagen, sowie einem direkten Kurswagen (Panoramawagen) nach Heiden. Die Gäste steigen ein und erleben die Langsamkeit wie in früherer Zeit. Auf allen Fahrten wird ein kleines Gastro-Angebot mitgeführt.

Der Verein hat auch andere Sonderfahrten auf dem Jahresprogramm.

Das Rollmaterial ist in der historischen Lokremise (Locorama Romanshorn) stationiert. Dort steht auch der bekannte «Thurgauer Zug», ein elektrischer Pendelzug der ehemaligen Mittel-Thurgau-Bahn, mit dem exklusiven Salonwagen Bodan. Diese Komposition darf auf den meisten normalspurigen Bahnstrecken der Schweiz verkehren.

Der Verein organisiert gerne eine individuelle Fahrt für persönliche Anlässe, sei es mit Dampf oder elektrisch.;9.377057;47.559628;Egnacherweg 1;8590;Romanshorn;+41 71 622 95 56;info@mthb.ch;http://www.mthb.ch;[{'@type': 'ImageObject', 'contentUrl': 'https://ostpimtsoch.sos-ch-dk-2.exoscale-cdn.com/catalog/9/d/5/a/9d5a5da6c6fbac5e9c9e5e7b56a6b38ed0c84d0d_546fe89bb35a7c4058da8c6e8e7e91e7.jpg'}];2025-03-31T21:25:51+02:00
245192c3-ec22-43fe-8a5c-a634507e05c3;Bauernhof Bohl;Wir vermieten in unserem Bauernhaus in Stein (Toggenburg) eine charmante 2½‑Zimmer-Ferienwohnung – ideal für Familien bis zu 4 Personen. Die Wohnung ist mit viel Liebe zum Detail eingerichtet und bietet euch alles, was ihr braucht. Inkl. Gästekarte.;<div><p><strong>Ausstattung</strong></p><ul><li>Schlafzimmer mit Doppelbett</li><li>Schlafzimmer mit zwei Einzelbetten (f&uuml;r Erwachsene und Kinder geeignet)</li><li>Badezimmer mit Dusche</li><li>K&uuml;che mit Wohn- &amp; Essbereich und TV</li><li>Spiele f&uuml;r Kinder</li><li>Raclette- und Fonduegeschirr</li><li>Ruhige Lage mit sch&ouml;ner Aussicht</li></ul><p><strong>Aussenbereich</strong></p><ul><li>Gartensitzplatz mit Chemin&eacute;e</li><li>Kleiner Spielplatz</li><li>Spielsachen zur Mitbenutzung</li></ul><p><strong>Bauernhof</strong></p><ul><li>Besonders bei Kindern sehr beliebt</li><li>Milchk&uuml;he, K&auml;lblein, Katzen, Hasen</li><li>Gerne d&uuml;rft ihr bei uns im Stall vorbeischauen</li></ul><p><strong>Lage &amp; Umgebung</strong></p><ul><li>Gratis Aussenparkplatz direkt beim Haus</li><li>Dorf Stein in 2 Minuten zu Fuss erreichbar mit B&auml;ckerei und kleinem 24h-Shop</li><li>Katzensprung zum Fluss Thur (Thurweg und im Sommer wundersch&ouml;n zum Baden)</li><li>Einkaufsm&ouml;glichkeiten (Migros, Coop, Drogerie) in 5 Autominuten</li><li>Wander- und Skigebiet Ch&auml;serrugg mit dem &Ouml;V oder in 7 Autominuten erreichbar</li><li>Wander- und Skigebiet Wildhaus mit dem &Ouml;V oder in 12 Autominuten erreichbar</li><li>Wander- und Skigebiet Wolzenalp mit dem &Ouml;V oder in 10 Autominuten erreichbar</li><li>S&auml;ntis oder Schw&auml;galp in 15 Autominuten</li><li>Verschiedene Wanderungen vor der Haust&uuml;re, z. B. Thurweg, Stockberg, Goggeien, Speer (Europas h&ouml;chster Nagelfluh-Berg) und vieles mehr</li></ul><p><strong>Nahe gelegene St&auml;dte</strong></p><ul><li>St. Gallen: 49 min</li><li>Z&uuml;rich: 1 h 07 min</li><li>Luzern: 1 h 35 min</li><li>Chur: 54 min</li></ul><p><strong>Preis</strong><br>CHF 125.&ndash; pro Nacht, plus CHF 100.&ndash; f&uuml;r die Endreinigung.</p></div>;9.22616215143497;47.19726707848858;Wis 312;9655;Stein SG;+41 71 994 24 82;sitho.bohl@bluewin.ch;[{'@type': 'ImageObject', 'contentUrl': 'https://ostpimtsoch.sos-ch-dk-2.exoscale-cdn.com/catalog/5/c/0/4/5c0477deb34c59ae617dcd27b3a4f936b48b245e_fe4291c9d6753d452896341462a92479.JPG'}];2026-02-25T19:43:51+01:00
26046b9f-ca9b-41ef-ba1a-dfa9e45fd540;INTERSPORT Network Flumserberg Filiale Tannenheim;Deine Anlaufstelle für einen Wintersporttag am Flumserberg.;Die INTERSPORT Network Flumserberg Filiale Tannenheim präsentiert Ihnen eine grosse Auswahl an Mietmaterial von Ski und Snowboards bis zu Schlitten. Des Weiteren befindet sich die zentrale Werkstatt für Ski- & Snowboard-Service im 2. Obergeschoss der Filiale.
Mit Rat und Tat stehen wir Ihnen bei der Wahl der Ausrüstung für Ihre Abenteuer zur Seite und statten Sie mit allem aus, was Sport, Bewegung und Spass auf Schnee zu einem noch intensiveren Erlebnis macht.;9.302447680513392;47.08949005;Flumserbergstrasse 134;8897;Flumserberg;+41 81 720 16 02;tannenheim@intersport-network.ch;https://www.intersport-network.ch/filialen/tannenheim/;[{'@type': 'ImageObject', 'contentUrl': 'https://ostpimtsoch.sos-ch-dk-2.exoscale-cdn.com/catalog/e/d/4/e/ed4ee01ba808c16aba1e772cf2ccc9ba90a66677_0f9e662c107a1366eaedf50013c9d1bf.jpg'}];2025-03-14T20:25:11+01:00
2642155f-0a46-461c-bff7-ec8b218d47d5;Landfrauen Apéro Schaffhausen;Catering-Service für Aperos aus regionalen und saisonalen Zutaten.;<p>Wir Landfrauen bieten Ihnen lokale Spezialitäten aus kantonaler landwirtschaftlicher Produktion bei gleichzeitigem Erhalt der regionalen Wertschöpfung.</p><p>Hierbei werden ausschliesslich saisonale Produkte aus der Region verwendet, die mit grosser Sorgfalt und Liebe zum Detail zu unseren Spezialitäten verarbeitet werden.</p><p>Geniessen Sie Ihren Anlass inmitten schönster Rebberge, satter Wiesen und wogender Felder des Klettgaus. Verwöhnen Sie sich und Ihre Gäste mit wunderbaren Weinen und den Delikatessen unserer Region. Wir machen Ihren Anlass zum unvergesslichen Ereignis.</p><p>Sie können frei aus unserem Angebot Ihren individuellen Apéro zusammenstellen. Wir sind Ihnen dabei gerne behilflich.</p><p>Neben Süssmost, Traubensaft, Blütenbowle, Apfelpunsch und Sirup für die kleinen Gäste können wir Ihnen eine äusserst grosse Vielfalt an Weinen aus dem Klettgau anbieten.</p><p><span style="font-weight: bold;">Spezialitäten</span></p><ul><li>Apéros für kleine und grosse Anlässe</li></ul>;8.4673933;47.6790253;Trasadingerstrasse 1;8217;Wilchingen;+41 79 290 85 36;mail@landfrauen-apero.ch;http://www.landfrauen-apero.ch/;[{'@type': 'ImageObject', 'contentUrl': 'https://ostpimtsoch.sos-ch-dk-2.exoscale-cdn.com/catalog/7/7/7/7/77771323922def3b418016cacc5283432c6220e5_395f905d32dbee58b65fd96a0364eeb9.jpeg'}];2025-02-17T12:46:31+01:00
2682e0fc-47b0-40cc-a3cd-13eeeb850d15;Freibad Böden Flawil;Herumliegen und Sonne tanken, Abkühlung geniessen und Sport treiben -  das Freibad Böden ist ein Ort für Urlaubsfeeling in Flawil.;Das Freibad Böden in Flawil bietet mit einem frisch renovierten Kinderplanschbecken, ein Nicht-Schwimmer-Becken, einem Sprungturm bis 5 Meter sowie einem grosszügigen 25m-Schwimmbecken alles für den Badespass in der warmen Jahreszeit. Doch nicht nur Schwimmende kommen auf ihre Kosten: Ob Beachvolleyball, Tischtennis, ein kühles Getränk oder eine feine Bratwurst – auch an Land gibt es ein vielfältiges Angebot für Sportbegeisterte und Geniesserinnen und Geniesser.;9.1914323;47.4044996;Böden 1597;9230;Flawil;+41 71 394 17 64;pascal.haederli@flawil.ch;https://flawil.ch;[{'@type': 'ImageObject', 'contentUrl': 'https://ostpimtsoch.sos-ch-dk-2.exoscale-cdn.com/catalog/7/7/9/1/7791820480ed2a6bc43b205590b3494eb87158ff_d1f2d4274721945be70ad73c78966e21.jpg'}];2026-08-23T16:30:19+02:00
26e23d9f-c3de-4257-8680-bff360a2848e;Rock'n'Bow;Möchtest du mit deinem Lieblingsmenschen ein paar unvergessliche Stunden verbringen? Mit deiner Familie etwas ganz Besonderes erleben? Willkommen in der Rock’n’Bow Eventhalle in Eglisau! Hier kannst du allein oder gemeinsam mit anderen Bogenschiessen.;<p>Mach Dich auf den Bogenweg und erlebe die vielen spannenden und entspannenden Seiten des intuitiven Bogenschiessens. Ob Meditation, Selbsterfahrung, Spass, Sport oder Teambildung: Bei mir bist du an der richtigen Adresse. Entdecke mein Angebot und erlebe das befreiende Gefühl des Loslassens. Immer und immer wieder.</p><p>Intuitives Schiessen mit dem Bogen ist wie ein kindliches Spiel: Es kennt kein Muss. Es gibt Regeln und Ziele. Aber nicht vordergründig. Im Zentrum steht das befreiende Gefühl des Loslassens. Pfeil und Bogen tragen etwas Ursprüngliches und Archaisches in sich. Lass dich davon faszinieren und beflügeln, bis tief in deine Seele.</p>;8.508235216140749;47.58124491132879;Wasterkingerweeg 2;8193;Eglisau;+41 79 913 96 57;sylke.zwicker@der-bogenweg.com;https://der-bogenweg.com;[{'@type': 'ImageObject', 'contentUrl': 'https://ostpimtsoch.sos-ch-dk-2.exoscale-cdn.com/catalog/b/5/1/9/b519db8d948763a1c9300cbeebed583c00c78cfb_c14c5c6f0a24b8f58b529aec51acb64e.jpg'}];2025-02-17T12:53:53+01:00
282080c8-bc5e-4e7d-ad90-f100139e7990;Textil-Shop in der Tourist Information;Textile Accessoires und Hingucker - zum Mitbringen oder lieber selbst behalten?;Weltweit ist St.Gallen als Textilstadt bekannt, grosse Designer wie Chanel, Christian Dior, Giorgio Armani und andere verarbeiten Spitzen aus St.Gallen, und kaum eine bedeutende Modenschau in Paris, Mailand oder New York verzichtet auf die Präsentation der entsprechenden Haute Couture. Getragen werden die Kreationen von zahlreichen Prominenten, darunter Michelle Obama, Adele, Madonna und Charlène, Fürstin von Monaco. 

Ob ein Stück St.Galler Spitze am Handgelenk, wunderschöne Stickereimotive oder samtene Armstulpen - im Textil-Shop in der Tourist Information St.Gallen findet sich eine einmalige Auswahl.;9.375731348991396;47.423151396262;Bankgasse 9;9001;St. Gallen;+ 41 71 227 37 37;info@st.gallen-bodensee.ch;http://www.st.gallen-bodensee.ch;[{'@type': 'ImageObject', 'contentUrl': 'https://ostpimtsoch.sos-ch-dk-2.exoscale-cdn.com/catalog/e/9/2/5/e925a50919f8c31f7df09a0aad64d398ef765d33_68078fd3dbb541d186994443b5a35405.png'}];2026-06-16T20:17:36+02:00
2a2d8f52-cd61-4dcf-bc8f-90419180612c;Destillerie Brunner;Nachhaltige, qualitativ hochwertige und prämierte Sankt Galler Spirituosen;Basierend auf der Idee eines Gins mit Bibergeschmack wurde im Jahre 2019 die Firma gegründet, destilliert wird jedoch nach wie vor, wie vor hundert Jahren. Die Destillerie Brunner produziert als Lohn- und Gewerbebrennerei in St. Gallen mittels traditionellem und handwerklich bewährtem Verfahren einmalige und charakterstarke Spirituosen. Die Varietät reicht von Gin, Vodka, Liköre, Obst-und Fruchtbrände bis hin zu klassischen Schnäpsen. Meist entstehen Produkte die an St.Galler Spezialitäten, die Geschichte oder geographische Highlights angelehnt sind. So beispielsweise der Bibergin, der Spitzengin oder auch der Säntisgin. Ein besonderer Genuss: die Bibergin Truffes. Zu finden sind die Produkte in ausgewählten Lokalitäten und Verkaufsstellen und im Online-Shop.;9.3655093;47.4132147;Haggenstrasse 45;9014;St. Gallen;0041794623631;info@destillerie-brunner.ch;https://www.destillerie-brunner.ch/home.html;[{'@type': 'ImageObject', 'contentUrl': 'https://ostpimtsoch.sos-ch-dk-2.exoscale-cdn.com/catalog/a/f/9/2/af921cec901867856102e50c93805e4dd720d745_5e79bfc767d4da07a81fe6d4c3ead184.jpg'}];2026-06-16T20:28:37+02:00
2d385a49-ebd8-4aad-92a7-d4ccf90458c5;Schwimmbad Espi;Die «Espi Badi» ist ein kleines schmuckes Flussbad mit Kiosk und wunderschönem Ausblick auf Stein am Rhein und die Burg Hohenklingen.;<p>Eine Badi f&uuml;r Familien, Kinder und alle die das Wasser lieben. Die Holzumrandung mit Steg bietet Schutz vor der Str&ouml;mung und Tiefen des Rheins. Im Innern ist eine Wasseraufsicht gew&auml;hrleistet. Das Schwimmen im offenen Rhein kann auf eigene Gefahr unternommen werden.</p><p>Den Kindern stehen SUPs, Surfbretter und Kajaks frei zur Verf&uuml;gung und am Kiosk gibts f&uuml;r jeden was zum &laquo;chr&ouml;ml&auml;&raquo;.</p><p>Parkpl&auml;tze sind in der N&auml;he keine vorhanden. Komme also zu Fuss, mit dem Velo oder &Ouml;V.</p>;8.8562724;47.6583417;Espiweg 28;8260;Stein am Rhein;+41 79 858 03 89;https://badi-espi.ch/;[{'@type': 'ImageObject', 'contentUrl': 'https://ostpimtsoch.sos-ch-dk-2.exoscale-cdn.com/catalog/6/6/c/3/66c3855da8cd9889729b7e9b5bc4bd4fad44c417_ce7a7b4521d2c29e82b6fccd9ff3488c.jpg'}];2026-01-29T19:36:48+01:00
2d804325-f36b-4218-96e7-ead3359b1168;Ochsen Metzgerei Wattinger;Der Familienbetrieb aus Altnau setzt seit 1985 auf qualitativ hochwertige Produkte aus eigener Produktion mit hauseigener Schlachtung. Auch im Bereich Partyservice steht die Metzgerei dank langjähriger Erfahrung für beste Qualität.;«Regionale Fleisch- und Wurstwaren aus eigener Produktion, Artgerechte Tierhaltung und kurze Transportwege, Verhindern von Foodwaste durch die Verwertung des ganzen Tiere.» In unserem Familienunternehmen sind das keine Mode-Erscheinungen.
Mit unserer hauseigenen Schlachtung pflegen wir diese Traditionen seit 1985. Bis heute sind das die Voraussetzungen für höchste Qualität.

Metzgerei:
Ihr Fleischfachgeschäft am Bodensee! Profitieren Sie von einer kompetenten Beratung und geniessen Sie unsere hausgemachten Fleisch- und Wurstspezialitäten.

Catering:
Jeder Anlass ist einzigartig. Wir umrahmen Ihren ganz individuellen Event gerne mit einem passenden Menu und dem kompletten Service. Ihr Genuss ist unsere Leidenschaft!

Festinventar:
Geschirr, Gläser, Turbo-Kaffeemaschine, Kühlschränke, einzigartige Grills... Ein gelungener Anlass setzt eine einwandfreie Infrastruktur voraus. Wir rüsten Sie für jeden Event aus!

24h-Verkaufsautomat:
Bezahlung auch kontaktlos mit Karte und Twint!;9.2592022;47.6127295;Bahnhofstrasse 13;8595;Altnau;+41 71 695 23 11;info@ochsen-metzgerei.ch;http://www.ochsen-metzgerei.ch/;[{'@type': 'ImageObject', 'contentUrl': 'https://ostpimtsoch.sos-ch-dk-2.exoscale-cdn.com/catalog/6/5/7/8/6578c48ed52568a2ffc1b92ead873dc903e942eb_9bcffc206abb8fe78e0d22212ea84aac.jpg'}];2025-03-31T21:17:36+02:00
2f3790ff-a0aa-47f6-8fcf-e11f14378db7;Hannibal Uhren;Das seit 1975 bestehende Geschäft ist die führende Adresse für Uhren und Schmuck in der Grossregion Schaffhausen. Neben dem Verkauf von Uhren und Schmuck führen wir auch ein Uhrmacheratelier und bieten jegliche Reparaturen von Armband-, Taschen- und Grossuhren an.;Wer uns schon kennt, weiss: Wir haben immer Zeit für Sie. In unbeschränktem Masse. So, wie wir auch immer für Sie da sind. Für Sie da zu sein und Zeit zu haben sind unsere beiden wichtigsten Maximen. Wahrscheinlich entsprechen wir damit nicht den allgemeinen Management-Erwartungen. Aber als klassischer Familienbetrieb können wir dies in Kauf nehmen. Uns kann niemand unsere Zeit vorschreiben. Sie ist ausschliesslich für Sie reserviert.;8.6337422;47.69726;Fronwagplatz 24;8200;Schaffhausen;+41 52 630 02 40;fronwagplatz@hannibal-watches.com;https://hannibal-watches.com/;[{'@type': 'ImageObject', 'contentUrl': 'https://ostpimtsoch.sos-ch-dk-2.exoscale-cdn.com/catalog/d/4/c/8/d4c8cc1a26282b4ad9e34dd33566c0bc960463a6_bebef8be91dead13f30f4039ad0d872d.jpg'}];2025-11-06T19:07:34+01:00
30c8c05c-08f4-42f0-9a15-8514c7c3dfe1;Badi Schönenbodensee;Natursee mit Nichtschwimmerbereich, Liegewiese, Umkleidekabinen und Pedalo­vermietung. Zudem stehen ein Kiosk und eine Grillstelle zur Verfügung.;<div><p>Umringt von Bergen und Wiesen, Schilf und Wald liegt der Naturbadesee Sch&ouml;nenbodensee in Wildhaus. Direkt vor der Badi gibt es Parkpl&auml;tze. Mit dem &Ouml;V muss man jedoch einen etwa 30-min&uuml;tigen Fussmarsch auf sich nehmen, um zum See zu gelangen.</p><p>Der See ist mit mehreren Fl&ouml;ssen, einem Steg zum Einstieg in den Schwimmerbereich sowie einem abgegrenzten Nichtschwimmer- und Kinderbereich ausgestattet. Ebenfalls stehen zwei Pedalos zur Miete zur Verf&uuml;gung. Zugang auch f&uuml;r Rollstuhlfahrer/-innen m&ouml;glich. Eine Behinderten-Toilette sowie eine Behinderten-Umkleidekabine (mit Liegebett) sind vorhanden.</p><p><strong>Infos zum Zutritt:</strong><br>Der Zutritt zur Liegewiese ist kostenpflichtig &ndash; unabh&auml;ngig davon, ob eine Nutzung des Badebereichs erfolgt. Ein kostenloser Zugang ist ausschliesslich auf den Bereich des Badibeizlis beschr&auml;nkt.</p><p><strong>Mitnahme von Hunden:</strong><br>Aus R&uuml;cksicht auf alle G&auml;ste sind Hunde ausschliesslich im Eingangsbereich sowie im Badibeizli erlaubt. Auf der Liegewiese und im Badebereich ist das Mitf&uuml;hren von Hunden nicht gestattet.</p></div>;9.3660567;47.2075564;Schönenboden;9658;Wildhaus;+41 78 707 55 69;willkommen@eggewaeldli.ch;https://eggewaeldli.ch/oeffnungszeiten;[{'@type': 'ImageObject', 'contentUrl': 'https://ostpimtsoch.sos-ch-dk-2.exoscale-cdn.com/catalog/b/4/3/9/b439c6b46dff2f3dd2d64789fda9b8a6352b3cdb_d48490381134dc3c14425f767e9a625e.jpg'}];2026-06-15T19:41:23+02:00
312fbe5c-d523-4470-8608-742d86c3054f;Säntispark Bäderwelt;Badespass, Wellness, Sport und Spiel im Freizeitzentrum Säntispark;<p class="MsoNormal">Das ganzj&auml;hrig ge&ouml;ffnete Badeparadies verf&uuml;gt &uuml;ber verschiedene Rutschen, B&auml;der, eine grosse Saunalandschaft sowie zahlreiche Sport- und Spielm&ouml;glichkeiten.&nbsp;</p><p class="MsoNormal">Besonders beeindruckend ist die Rutschenwelt mit zw&ouml;lf spektakul&auml;ren Wasserrutschen, die durch Licht- und Soundshows erg&auml;nzt werden. Besuchende k&ouml;nnen zwischen drei Virtual-Reality-Erlebnissen auf der Rutsche Wildbach w&auml;hlen, Kristalle auf der Kristalljagd sammeln oder sich bei einem Wettrennen auf der Super-G messen.</p><p class="MsoNormal">F&uuml;r die j&uuml;ngsten G&auml;ste gibt es die Kinderbadewelt mit spannenden Attraktionen wie der geheimnisvollen H&ouml;hlenrutsche und der Himmelsrutsche. Die Breitrutsche bietet Spass f&uuml;r mehrere Kinder gleichzeitig, und eine faszinierende Fischprojektion sorgt f&uuml;r ein unvergessliches Familienerlebnis.&nbsp;</p><p>Auch ausserhalb der B&auml;derwelt wird einem nicht langweilig: Erholung bietet der Wellnessbereich mit grosser Saunawelt, Private Spa, R&ouml;misch-Irischem Bad und vielf&auml;ltigem Massage-Angebot. F&uuml;r Spass ganz ohne Wasser sorgen Sport- und Spielangebote: Wie w&auml;re es mit einer Runde Minigolf, einer Partie Billard, einer Bowlingrunde oder einem Squash-Duell? Im S&auml;ntispark kommen auch Sportfans auf ihre Kosten.</p>;9.3156002;47.4187031;Wiesenbachstrasse 9;9030;Abtwil SG;+41 58 712 55 00;freizeit@saentispark.ch;https://saentispark-freizeit.ch/;[{'@type': 'ImageObject', 'contentUrl': 'https://ostpimtsoch.sos-ch-dk-2.exoscale-cdn.com/catalog/8/7/b/5/87b515369487ad55474ad47e78743dbf29d8f3c1_9754448e61dcf2c8730b76bfe463f356.jpg'}];2026-06-16T20:28:37+02:00
328e9e38-b6dd-4096-9ffa-a86b3d1591e7;Lucky Star Bikes GmbH;Lucky Star Bikes GmbH in Sargans bietet die Möglichkeit, E-Mountainbikes und E-Trekkingvelos für Tages- oder Mehrtagesmieten zu leihen. Die Verleihstation ist sowohl für Indoor- als auch Outdoor-Aktivitäten geeignet.;Tages- oder Mehrtagesmiete von E-Mountainbike oder E-Trekkingvelo möglich.;9.440764188766481;47.05081940777587;St. Gallerstrasse 112;7320;Sargans;+41 81 710 43 85;team@luckystarbikes.ch;https://www.luckystarbikes.ch/;[{'@type': 'ImageObject', 'contentUrl': 'https://ostpimtsoch.sos-ch-dk-2.exoscale-cdn.com/catalog/f/1/1/7/f11793bf97286bd1910f8de8f2f044b07f9c42ae_2be38db02d5a30943e6f1d3edc154a04.jpg'}];2025-12-15T21:47:06+01:00
338221d4-0e8f-4de6-b1a6-94a88a14cb81;Säntispark Sport & Spiel;Auspowern bei Sport & Spiel;<p>Den Kopf frei kriegen und dabei erst noch Spass haben &ndash; das geht am besten in guter Gesellschaft. Ob sportliche H&ouml;chstleistungen oder jede Menge Action mit Freunden und Familie: Im vielseitigsten Vergn&uuml;gungspark in der Ostschweiz ein leichtes Spiel. Das Angebot reicht von Billard, Bowling, Badminton bis Squash.</p>;9.31539;47.41882;Wiesenbachstrasse 9;9030;Abtwil;+41 58 712 55 20;freizeit@saentispark.ch;https://saentispark-freizeit.ch/sport-spiel/;[{'@type': 'ImageObject', 'contentUrl': 'https://ostpimtsoch.sos-ch-dk-2.exoscale-cdn.com/catalog/a/3/4/5/a34519a925a08cbf614f6b042994208e7f1ca1b7_3a8fc3fedab5811916601a27d5edb02f.jpg'}];2026-03-09T17:35:35+01:00
34faf7fc-f991-4428-905e-684149ed7814;Casino Bad Ragaz;Das Casino Bad Ragaz bietet über 120 Slot-Automaten und sechs Spieltische. Die Golden Wave Bar lockt mit über 100 Gin-Sorten. Es ist Teil des Grand Resort Bad Ragaz und an 364 Tagen im Jahr geöffnet.;Das Casino Bad Ragaz ist eingebettet in das vielfältige Angebot des Grand Resort Bad Ragaz und hat an 365 Tagen im Jahr für Sie geöffnet. Über 120 Slot Automaten und 6 Spieltische versprechen Nervenkitzel pur. An unserer Golden Wave Bar finden Sie ausserdem das grösste Gin-Angebot der Region mit über 70 Sorten Gin aus Nah und Fern.;9.503628388527744;46.9984946;Hans Albrecht-Strasse 5;7310;Bad Ragaz;+41 81 303 39 39;casino@casinoragaz.ch;https://www.casinoragaz.ch/;[{'@type': 'ImageObject', 'contentUrl': 'https://ostpimtsoch.sos-ch-dk-2.exoscale-cdn.com/catalog/7/b/e/8/7be8c9026269667cb6cb3d7412a05cc6bffa76d0_e634ea7bb14dae17899bb166964361ee.jpg'}];2026-08-06T20:33:35+02:00
38a352b2-a78a-497d-8134-ec8bfabcf3cc;PKZ St.Gallen;Neben den Modegeschäften für Sie und Ihn wartet PKZ mit einem Onlineshop und dem eigenem Fashion Magazin «INSIDE» auf.;Nicht nur regelmässige Fashion-Events der Extraklasse begeistern die Kunden – es stehen zudem auch Top Stylisten für ein Personal Shopping zur Verfügung, die mit ihrer Expertise bei der Suche nach den richtigen Outfits helfen. 

Bereits im Jahr 1881, noch vor der Erfindung des ersten Druckknopfs, gründete Paul Kehl das Modehaus Paul Kehl Zürich. PKZ ist somit das älteste Modehaus der Schweiz. Bis heute ist es in Familienbesitz und beweist seine Fashion-Expertise immer wieder aufs Neue. Bis 1974 betrieb PKZ sogar zwei eigene Fabriken in der Schweiz und exportierte seine angesehene Herrenkollektion nach ganz Europa. 

Im Jahre 2014 wurden die Geschäfte Feldpausch, Burger und Blue Dog auf die heutigen Geschäfte PKZ MEN und PKZ WOMEN konsolidiert. Gleichzeitig mit dem Namenswechsel eröffnete PKZ im gleichen Jahr das mit über 3000 Quadratmetern grösste Damenmodehaus der Schweiz an der Bahnhofstrasse in Zürich.;9.377226;47.424802;Spisergasse 10;9000;St. Gallen;0712221717;franco.mastropietro@pkz.ch;https://www.pkz.ch/de/;[{'@type': 'ImageObject', 'contentUrl': 'https://ostpimtsoch.sos-ch-dk-2.exoscale-cdn.com/catalog/9/3/5/2/9352afdba062d5927f8bb13ef9d0c27435ae56ba_82d50badae49e33af56bad60accaccf5.jpg'}];2026-06-16T20:10:27+02:00
38f32d39-2443-4fd0-9911-96d4030e64cd;Allerlei Handwerk & Holzbildhauerei;Ein gemütlicher Laden der mit allerlei schönen Dingen, von Hand gemacht, zum stöbern und verweilen einlädt.;Mein Mann und ich haben beide den Beruf des Holzbildhauers gelernt. Unser Ziel ist es die Wünsche unserer Kundschaft umzusetzen. Wir freuen uns immer wieder über die kreativen Ideen, der Menschen die zu uns finden. Unsere Schnitzereien sollen nicht nur zum aufstellen sein - sie sollen auch zum Anfassen sein. Deshalb versuchen wir, wo immer möglich, Gebrauchsgegenstände herzustellen.

Mit unserem Laden in der Gasse, habe ich mir einen Traum erfüllt. Er soll zum Stöbern und Geniessen einladen. Inzwischen biete ich Allerleihandwerk an. Ich experimentiere mit verschiedenen Werkstoffen und bin bunt und kreativ. So gibt es viele Dinge für jeden Anlass aus Holz, Wolle, Pappmache und Seife und wenn es etwas noch nicht gibt, dann wird es einfach gemacht. Trauen sie sich und kommen einfach vorbei.

Unser Sortiment
Schnitzereien, Deko und Geschenke, Dinge aus Holz, Gefilztes, Papmachee Figuren, Seife, Wolle, Zubehör zum Filzen und vieles mehr.

Touristische Angebote:
- Führungen durch die Holzbildhauerei – Die Geschichte eines Holzstückes
- Kurse: Engel oder Feen einfach Filzen, Ein eigenes Küchenbrett schnitzen, Wichtel schnitzen
- Unser Laden: Öffnungszeiten Dienstag 14.00 - 17.00 Uhr und Freitag 14.00 - 17.00 Uhr, ich öffne auch spontan! Einfach klingeln
- Eisschnitzen;8.4690794;47.6665468;In der Gasse 6;8217;Wilchingen;+41 79 245 93 82;allerleihandwerk@gmail.com;http://allerleihandwerk.blogspot.com/;[{'@type': 'ImageObject', 'contentUrl': 'https://ostpimtsoch.sos-ch-dk-2.exoscale-cdn.com/catalog/1/0/5/4/1054e7c6aebabcc1a15996f1f5747b88f8f69721_d62202f7d07ba9112372c651bb538163.jpg'}];2025-02-17T12:46:31+01:00
3bcfe4f4-37e9-47de-a12f-de343f5fcbac;Breitenmoser Appenzeller Fleischspezialitäten;Die führende Metzgerei für Spezialitäten in der Region – Appenzeller Fleischspezialitäten vom Feinsten!;<p>Die Breitenmoser Appenzeller Fleischspezialitäten AG steht für Tradition, höchste Qualität und Innovation seit 1896.  Für die Produktion von Fleisch- und Wurstwaren wird ausschliesslich Schweizer Fleisch verwendet. Schwein und Poulet kommt ausschliesslich aus der Ostschweiz. Das Unternehmen setzt sich dabei höchste Qualitätsstandards und produziert unter anderem geschützte und prämierte Spezialitäten. 

In den vier Fachgeschäfte, Teufen, Gais, Appenzell und Rorschacherberg, werden die Gäste von ausgebildeten Fachkräften persönlich und individuell beraten. </p><p>Zusätzlich zu den Fachgeschäften gibt es die Breitenmoser GenussEcke an der Hauptgasse in Appenzell. Einem 16/7 Shop mit Self-Checkout und bedienten Zeiten mit Delikatessen, Geschenkvariationen und hauseigenen Fleisch- und Wurstspezialitäten sowie einer Käsetheke und der Möglichkeit zur Degustation.</p><p>Standorte:</p><p>Teufen<br>Im Anker<br>Dorf 10<br>9053 Teufen&nbsp;<br>+41 71 333 27 55<br>teufen@breitenmoser-metzgerei.ch<br><br>Gais<br>Dorfplatz 14<br>9056 Gais<br>+41 71 790 04 26<br>gais@breitenmoser-metzgerei.ch<br><br>Appenzell<br>Spar Frischmarkt<br>Unteres Ziel<br>9050 Appenzell<br>+41 71 780 08 01<br>appenzell@breitenmoser-metzgerei.ch<br><br>GenussEcke (ab 1. Mai)<br>Hauptgasse 13<br>9050 Appenzell<br>+41 71 788 09 70<br>genussecke@breitenmoser-metzgerei.ch<br><br>Rorschacherberg<br>Rosenegg<br>Goldacherstrasse 105<br>9404 Rorschacherberg<br>+41 71 855 31 11<br>rorschacherberg@breitenmoser-metzgerei.ch</p>;9.4281642;47.3203495;Sägehüslistrasse 13;9050;Appenzell Steinegg;+41 71 788 09 80;info@breitenmoser-metzgerei.ch;http://www.breitenmoser-metzgerei.ch/;[{'@type': 'ImageObject', 'contentUrl': 'https://ostpimtsoch.sos-ch-dk-2.exoscale-cdn.com/catalog/4/3/5/c/435c3afa38e9e5707550c7408ae3e4f7663c1de7_4687ab3addc354286f6f18dc52da807b.jpg'}];2025-04-01T18:15:14+02:00
3ceabd8f-2872-4a51-bdb4-2e888f59ee9b;Kunsthalle Arbon;Die Kunsthalle Arbon ist ein Ausstellungsraum für zeitgenössische Kunst und bietet eine Plattform für künstlerische Auseinandersetzungen mit experimentellem Charakter.;Mit dem über die letzten Jahre geschärften Profil für experimentelle, installative Kunst in der charaktervollen Halle nimmt die Kunsthalle Arbon eine einzigartige Rolle unter den Ausstellungsräumen in der Schweiz wahr.

Die Ausstellungen wollen nicht das etabliert-museale Kunstverständnis vermitteln, sondern dessen Weiterentwicklung und Erweiterung, wo Kunst Widerspruch, Irritation und Wagnis, nicht Bestätigung ist.

Die Ausstellungen in der Kunsthalle Arbon sollen überraschen und die Kunst einem breiten, vielschichtigen Publikum als besonderes Erlebnis und als Mehrwert erfahrbar machen. Die qualitativ hochstehende Kunst jenseits des Mainstreams will zudem auch dem Fachpublikum einen Ausflug in die Region lohnend machen.

Der Eintritt in die Ausstellungen der Kunsthalle Arbon ist frei.;9.43403513194969;47.51791455;Grabenstrasse 6;9320;Arbon;info@kunsthallearbon.ch;http://www.kunsthallearbon.ch/;[{'@type': 'ImageObject', 'contentUrl': 'https://ostpimtsoch.sos-ch-dk-2.exoscale-cdn.com/catalog/5/4/c/e/54ceed8248a9d2ecae0d48ad7ba261f3137cd46a_35d15bec9bffad58d6266dce868f44b7.jpg'}];2025-02-17T13:17:13+01:00
3dc6b5d7-e7e3-4e6c-a928-60ab75583220;Rent a Bike AG;Miete ein E-Bike am Bahnhof Sargans für eine abenteuerliche Radtour durch die Ferienregion Heidiland. Entdecke die vielseitige Landschaft zu jeder Jahreszeit und erlebe Bewegung und Natur hautnah.;Miete jetzt dein E-Bike für eine abenteuerliche Radtour durch die Ferienregion Heidiland.;9.4453692;47.0453859;SBB Bahnhofplatz;7320;Sargans;info@rentabike.ch;https://www.rentabike.ch/home;[{'@type': 'ImageObject', 'contentUrl': 'https://ostpimtsoch.sos-ch-dk-2.exoscale-cdn.com/catalog/1/8/c/7/18c74e7cc9eb3c8f2a5cadb4620731b7a906fc26_e12b2e97dbd5526b2651c4ee13a34a84.jpg'}];2025-12-15T21:47:06+01:00
3e3bdd75-7f88-44bb-be5e-faf6ea22b89f;Standseilbahn Unterwasser – Iltios;Die im Winter 2024 / 2025 neu eröffnete Standseilbahn fährt vom Bahnhof Unterwasser zur Mittelstation auf den Iltios.;<p>Im Sommer wie im Winter bringt die traditionelle Standseilbahn die Gäste von Unterwasser auf den Iltios, 1350 m ü. M. Die Bahn ist Kinderwagen- und Rollstuhlgängig. Der Iltios ist Knotenpunkt von verschiedenen Wanderwegen und Pisten. Hier befindet sich ausserdem das Bergrestaurant Iltios mit der eindrücklichen Aussicht auf die Churfirsten und den Alpstein. Ebenfalls auf dem Iltios kann der Gast auf die Luftseilbahn wechseln und bis zum Gipfel aufsteigen.</p><p> </p><p>Auskunft zur Zugänglichkeit: <a href="https://www.ginto.guide/entries/26951e57-9583-4760-bdad-e47b3559f3d7?lnk_src=business" target="_blank" rel="noopener">ginto</a></p>;9.308714;47.194626;Frühweidstrasse 8;9657;Unterwasser;0719986810;info@toggenburgbergbahnen.ch;https://www.chaeserrugg.ch/de;[{'@type': 'ImageObject', 'contentUrl': 'https://ostpimtsoch.sos-ch-dk-2.exoscale-cdn.com/catalog/1/5/1/f/151f750fa61f32111fbc10bcc0a4792201b38dad_da2a6085609104f26b23d96e3c82b86b.jpeg'}];2026-05-13T19:51:45+02:00
3e4532fe-74a7-4529-ba13-e67b1fa66a6e;Schlitteln Iltios;Vom Iltios nach Unterwasser führt die traditionelle Schlittelbahn über Hänge und Weiden an Bauernhöfen vorbei bis ins Tal. ;Die 3.4 km lange Strecke ist für Anfänger und erfahrene Schlittler geeignet, die Einzel oder in der Gruppe zu Tale brausen. Bequeme oder sportliche Schlitten stehen Ihnen bei der Bergstation Iltios zur Miete zur Verfügung. Bahnticket inkl. Schlittenvermietung bei der Talstation Unterwasser erhältlich. Nehmen Sie Ihren Schlitten auf dem Iltios in Empfang und geben Sie ihn bei der Talstation Unterwasser zurück.;9.31254;47.18516;Dorfstrasse 17;9657;Unterwasser;+41 71 998 68 10;info@chaeserrugg.ch;http://www.chäserrugg.ch;[{'@type': 'ImageObject', 'contentUrl': 'https://ostpimtsoch.sos-ch-dk-2.exoscale-cdn.com/catalog/6/7/5/5/6755a1c1ea8e81ab9b49e73f337a75a3740db82f_85ef59b3b2c8ae975365ef7be71d2b86.jpg'}];2026-01-12T20:51:25+01:00
3f11830d-a224-4365-a4a5-e0fcd9196ee3;1001 Freizeit Arena;Erlebe Nervenkitzel, Spass und unvergessliche Momente in der 1001 Freizeit Arena in Amriswil! Ob Geburtstagsfeiern, Firmenessen oder einfach eine gute Zeit – die vielfältigen Angebote garantieren spannende Erlebnisse für Gruppen jeder Art.;Die 1001 Freizeit Arena präsentiert nicht nur 10 topmoderne Bowlingbahnen, sondern auch eine grosszügige Tennis- und Badmintonhalle. Für Liebhaber von Billard, Snooker und Dart gibt es hier ebenso ein vielfältiges Angebot.

Ein einzigartiges und actiongeladenes Spielerlebnis erwartet die Gäste in der 1001-Virtual Arena. Dank modernster Wireless-VR-Technologie kann die aufregende Welt des Free-Roam Virtual Gaming in voller Bewegungsfreiheit erkundet werden.

Das moderne Spielparadies für Kinder begeistert mit erlebnisreichen Spielgeräten und Attraktionen wie Rutschen, Riesentrampolin, Kletterlabyrinth, Ballgruben, uvm. Langeweile ist bei diesem bunten und vielfältigen Angebot für Kinder jeden Alters ausgeschlossen.

In den hauseigenen Event-Restaurants, die besonders bei geselligen Firmen-, Vereins- oder Gruppenanlässen beliebt sind, werden verschiedene Plauschangebote wie Raclette- oder Pizzaplausch angeboten. Die Event-Restaurants bieten sich auch optimal für Kindergeburtstage an.;9.28957;47.54096;Quellenstrasse 39;8580;Amriswil;+41 71 411 67 77;info@sport1001.ch;http://www.sport1001.ch/;[{'@type': 'ImageObject', 'contentUrl': 'https://ostpimtsoch.sos-ch-dk-2.exoscale-cdn.com/catalog/a/4/3/d/a43d5e1053295334240db778225991932ba34076_d8a6dd2469b62dadb6c662a32a14b05b.jpg'}];2025-02-17T13:17:13+01:00
3f2378b0-4e73-4dd1-93c9-54a75f005b33;Gut Goldschmied;Das Fachgeschäft mit eigenem Goldschmiede- und Uhrmacheratelier in der 5. Generation.;<p>1927 legte der Goldschmied Fritz Gut senior in St. Gallen den Grundstein f&uuml;r ein leistungsf&auml;higes Fachgesch&auml;ft mit eigenem Goldschmiede- und Uhrmacheratelier.</p><p>Schmuckkreationen mit Diamanten, Farbedelsteinen und edel schimmernden Kulturperlen sind die Spezialit&auml;ten des Hauses.</p>;9.37641629999996;47.42582880000001;Marktgasse 7;9004;St. Gallen;+41 71 222 20 67;info@gut-goldschmied.ch;http://www.gut-goldschmied.ch/;[{'@type': 'ImageObject', 'contentUrl': 'https://ostpimtsoch.sos-ch-dk-2.exoscale-cdn.com/catalog/2/4/1/5/24155d0b57eb8f02b0967c09c719b786ad187fc1_962e17b5e73b1c912a65cf192c026d1c.JPG'}];2026-06-16T20:28:37+02:00
3f47a958-270b-433e-8a28-063d5ea9f9cf;swissvid® Videoproduktion – Begleitung für Gruppenreisen;Was wäre ein Besuch in der schönen Ostschweiz ohne eine bleibende Erinnerung daran?;<p>swissvid&reg; bietet hochwertige Video- und Fotoproduktionen wie Reisevideos, Erinnerungen an Events oder Vlog-Produktionen, die besondere Erlebnisse in bleibende Erinnerungen verwandeln. Reisegruppen und Privatpersonen werden dabei diskret und authentisch auf ihren Reisen begleitet, w&auml;hrend emotionale Momente und einzigartige Eindr&uuml;cke festgehalten werden.</p><p>Dar&uuml;ber hinaus realisiert swissvid&reg; wirkungsvolle Imagefilme und visuelle Inhalte f&uuml;r touristische Betriebe &ndash; von Hotels &uuml;ber Destinationen bis hin zu Erlebnisanbietern.</p><p>Sichere deine pers&ouml;nliche Erinnerung oder pr&auml;sentiere dein Angebot professionell &ndash; swissvid&reg; freut sich deine Anfrage.&nbsp;</p>;9.3290721;47.5915626;Am See;8585;Kesswil;+41 77 292 70 10;info@swissvid.ch;https://swissvid.ch;[{'@type': 'ImageObject', 'contentUrl': 'https://ostpimtsoch.sos-ch-dk-2.exoscale-cdn.com/catalog/2/e/e/a/2eea23f871fbb08826ea969476e8bc2378d94240_86176c90d5f2a89f61dc4e80f29ce981.JPG'}];2026-04-21T18:15:07+02:00
3fd05dc9-34c3-44cf-b38d-a66226602324;Freibad Heiden;Die «Häädler Badi» ist noch heute weit herum bekannt wegen ihrer einmaligen Architektur.;Das Schwimmbad bietet ein Sportbecken, ein Sprungbecken mit Sprunganlage, ein Nichtschwimmerbecken und ein Kinderplanschbecken mit Rutschbahn und Spielbach. Für Kinder hat es zudem eine Spielwiese mit Sandkasten, Kinderschaukeln und Kletterturm. Die Gäste können sich durch das Beachvolleyballfeld, den Bouleplatz, die Slackline, den Tischtennis- und den Tischfussballtisch auch ausserhalb des Wassers sportlich betätigen. Das Restaurant und der Kiosk ist auch ohne Eintritt zugänglich.;9.535036;47.442243;Kohlplatz 5;9410;Heiden;+41 71 891 12 23;info@badi-heiden.ch;http://www.badi-heiden.ch;[{'@type': 'ImageObject', 'contentUrl': 'https://ostpimtsoch.sos-ch-dk-2.exoscale-cdn.com/catalog/8/d/0/a/8d0adf59867efdc8eb10e85f828085eb2ee9f984_d02feb9242395c011c5c49e3e07489b4.jpg'}];2025-05-26T18:16:37+02:00
3fe2012c-a346-4a1a-9b0a-362b22bd0cb2;Thermalbad Valens;Das Thermalbad Valens nutzt natürliches Thermalwasser aus der Taminaschlucht, das bei 36,5 °C über eine Pipeline ins Becken gelangt. Entspannung bieten Sprudelliegen, Massagedüsen und Nackendüsen. Kinder sind willkommen.;Das natürliche Thermalwasser aus der bekannten Quelle in der Taminaschlucht gibt dem Körper Auftrieb. Es tritt mit 36,5˚ Grad aus den Tiefen der Erde ans Licht und gelangt über eine Pipeline nach Valens, wo es ins Thermalbadbecken eingespeist wird. Entspannen Sie im Thermalwasser – auf Sprudelliegen, einer Sitzbank, an Massagedüsen und Nackendüsen. Kinder jeden Alters sind herzlich willkommen.;9.48225259780884;46.969271779259;Taminaplatz 1;7317;Valens;+41 58 511 11 11;info@kliniken-valens.ch;https://www.thermalbad-valens.ch/;[{'@type': 'ImageObject', 'contentUrl': 'https://ostpimtsoch.sos-ch-dk-2.exoscale-cdn.com/catalog/8/1/5/c/815cee8a51a257cbc18fb978478c967254a5a81a_57cd9fbfe7dcdce3188d9e7172d092c6.jpg'}];2026-08-10T21:01:32+02:00
40639653-2190-4433-8243-2c27ee014627;Porzellan Design Denise Sigrist;Werkstätte für zeitlose und formstarke Objekte aus Porzellan und Steinzeug.;Neugierde und die Lust am experimentieren treiben mich an. Zeitlose Formen die jeden Tag aufs Neue begeistern, das zeichnet meine Arbeiten aus. Ich entwerfe und produziere in meinem Atelier in Schaffhausen, Porzellan Design für den Alltag und den täglichen Gebrauch. Dem Material gerecht werdend, sind alle Objekte naturbelassen. Aussen geschliffen und inwendig glasiert. Auf Anfrage organisiere ich Team und Gruppen Workshops. Genaue Infos dazu finden Sie auf der Homepage.;8.64330053329468;47.7077618089832;Amsler-Laffonstrasse 14  / Ebnatstrasse 65;8200;Schaffhausen;+41 77 438 80 77;denisesigrist1@gmail.com;https://www.denisesigrist.com;[{'@type': 'ImageObject', 'contentUrl': 'https://ostpimtsoch.sos-ch-dk-2.exoscale-cdn.com/catalog/c/1/b/d/c1bdea755b9d759d45c6eb2b871d9524db44b321_c2e04b618e1689ada7be40a226c3008d.jpg'}];2025-08-08T18:50:08+02:00
426ad62e-bd39-4f3a-bc2a-840e3d843843;Rattin AG;Ihr regionales Carreiseunternehmen;<p>Familientradition ist die Basis der Rattin AG. Wir sind in der Region Schaffhausen das führende Carreiseunternehmen und schon seit über 95 Jahren ein verlässlicher Partner.</p><p>Sie sind in der Region Schaffhausen auf der Suche nach einer flexiblen Transportmöglichkeit? Verlangen Sie eine unverbindliche Offerte für komfortable und zuverlässige Transferfahrten oder kommen Sie mit auf unsere abwechslungsreichen Tages- und Mehrtagesausflüge. Wir beraten Sie gerne!</p>;8.59975904278837;47.67523065;Zollstrasse 95;8212;Neuhausen am Rheinfall;+41 52 633 00 00;info@rattin.ch;https://www.rattin.ch/;[{'@type': 'ImageObject', 'contentUrl': 'https://ostpimtsoch.sos-ch-dk-2.exoscale-cdn.com/catalog/4/1/6/e/416e2a00f0a8bf355b961cd5a66a77c6515607f8_cc2f6a551c6787bb4c8b7fe30abaa55a.jpg'}];2025-02-17T12:48:39+01:00
42a9cd6c-0154-4b68-8ea2-e041225f38e2;Hannibal Uhren und Schmuck;Das seit 1975 bestehende Geschäft ist die führende Adresse für Uhren und Schmuck in der Grossregion Schaffhausen.;Neben dem Verkauf von Uhren und Schmuck führen wir auch ein Uhrmacheratelier und bieten jegliche Reparaturen von Armband-, Taschen- und Grossuhren an. Wer uns schon kennt, weiss: Wir haben immer Zeit für Sie. In unbeschränktem Masse. So, wie wir auch immer für Sie da sind. Für Sie da zu sein und Zeit zu haben sind unsere beiden wichtigsten Maximen. Wahrscheinlich entsprechen wir damit nicht den allgemeinen Management-Erwartungen. Aber als klassischer Familienbetrieb können wir dies in Kauf nehmen. Uns kann niemand unsere Zeit vorschreiben. Sie ist ausschliesslich für Sie reserviert.;8.6326416;47.6973807;Schwertstrasse 6;8200;Schaffhausen;+41 52 625 14 06;info@hannibal-watches.com;http://www.hannibal-watches.com/;[{'@type': 'ImageObject', 'contentUrl': 'https://ostpimtsoch.sos-ch-dk-2.exoscale-cdn.com/catalog/1/7/1/b/171b49620d9d556f81c87b1404c491cb2cdad1f1_8d1d81360937e2a96bb84ecf53e297a3.jpg'}];2025-11-06T19:07:34+01:00
438a7322-528b-4a99-9dd1-59a895e19a17;Bücherpause;«Eifach mol schnell Ziit vergässe und i die wunderbari Welt iitauche.»;Die «Bücherpause» ist Wellness für die Seele, bietet ein kuscheliges Schlechtwetterprogramm und literarische Gipfelflüge für die ganze Familie. 

Sie ist eine gemütliche kleine Stube mitten in Unterwasser, bis zur Decke gefüllt mit schönen Büchern, hauptsächlich Bilderbüchern. Gross und Klein sind hier willkommen, zusammen oder ganz für sich Bücher-Schätze zu entdecken. 
Ein Büchertauschregal bietet Erwachsenen Nachschub, wenn der Lesestoff ausgegangen ist. 

Die Bücherpause bringt Vertrauen entgegen und schafft Vertrauen. Sie ist Rund um die Uhr geöffnet. Der Schlüssel liegt im Milchkasten.;9.310049053589697;47.1970153;Dorfstrasse 18;9657;Unterwasser;buecherpause@bluewin.ch;https://buecherpause.ch;[{'@type': 'ImageObject', 'contentUrl': 'https://ostpimtsoch.sos-ch-dk-2.exoscale-cdn.com/catalog/1/a/7/a/1a7a9ef7263652b683b53599ac8472fa8455a305_e6d780441be983b573dee4a2d040f736.jpg'}];2025-10-28T16:12:59+01:00
439488c8-e14b-4bda-9b38-52145a44d9ca;Fonduerucksack Kündig Feinkost AG;Wie wäre es mit einem feinen Käsefondue in den Drei Weieren oder am Bodensee in Rorschach?;<p class="MsoNormal"><span class="text-space-pre-line rich-text-text" data-abstract-init="body text" style="">Die Genussregion St.Gallen-Bodensee wartet mit schönen Plätzen und Aussichtspunkten auf. Der Fonduerucksack beinhaltet alles, was das Herz begehrt – von der leckeren Fondue-Hausmischung der Kündig Feinkost AG mit Brot, über den süffigen Weisswein bis zu sämtlichem Zubehör und schöner Tischdecke. Der Fonduerucksack ist für 2 oder 4 Personen buchbar. Weitere Spezialitäten können direkt vor Ort in den 2 Filialen (St.Gallen &amp; Rorschach) bei Kündig Feinkost bezogen werden. Zwischen </span><span class="text-space-pre-line font-weight-bold rich-text-text" data-abstract-init="body text" style="">November bis Januar</span><span class="text-space-pre-line rich-text-text" data-abstract-init="body text" style=""> bietet Kündig Feinkost neben dem klassischen Fondue auch eine Variante mit Trüffel an. Diese kann direkt bei der Buchung ausgewählt werden (unter «Tickettyp»&nbsp;seht Ihr die beiden Varianten «Fondue Klassisch»&nbsp;und «Fondue Trüffel»).</span></p><p data-v-ea7a0822="" class="rich-text-paragraph" piano-view-event="false" style="margin-bottom: 1rem;"><span class="text-space-pre-line font-weight-bold rich-text-text" data-abstract-init="body text" style="white-space-collapse: preserve-breaks; font-weight: 700 !important;">So funktioniert's:</span></p><p data-v-ea7a0822="" class="rich-text-paragraph" piano-view-event="false" style="margin-bottom: 1rem;"><span class="text-space-pre-line font-weight-bold rich-text-text" data-abstract-init="body text" style="white-space-collapse: preserve-breaks; font-weight: 700 !important;"></span></p><p style="list-style-type: none; margin-bottom: 0.25rem; padding-left: 2.375rem; position: relative;"><span class="text-space-pre-line rich-text-text" data-abstract-init="body text" style="">Beziehe den Fonduerucksack während den&nbsp;</span><a class="rich-text-hyperlink" href="https://kuendigfeinkost.ch/standorte/" target="_blank" data-abstract-init="action link" style="transition: color 0.2s; word-break: break-word;">Öffnungszeiten</a><span class="text-space-pre-line rich-text-text" data-abstract-init="body text" style="">&nbsp;am gebuchten Standort&nbsp;der&nbsp;Kündig Feinkost AG.</span></p><p style="list-style-type: none; margin-bottom: 0.25rem; padding-left: 2.375rem; position: relative;"><span class="text-space-pre-line rich-text-text" data-abstract-init="body text" style="white-space-collapse: preserve-breaks;">Suche dir sich einen gemütlichen Ort im Freien, bereite das Fondue zu (eine Anleitung dazu finden Sie im Rucksack) und geniesse das leckere Fondue.</span></p><p style="list-style-type: none; margin-bottom: 0.25rem; padding-left: 2.375rem; position: relative;"><span class="text-space-pre-line rich-text-text" data-abstract-init="body text" style="white-space-collapse: preserve-breaks;">Retourniere anschliessend den Rucksack inklusive dem schmutzigen Geschirr und Abfall während den Öffnungszeiten&nbsp;bei der Kündig Feinkost AG.&nbsp;</span></p><p style="list-style-type: none; margin-bottom: 0.25rem; padding-left: 2.375rem; position: relative;"><span class="text-space-pre-line rich-text-text" data-abstract-init="body text" style="white-space-collapse: preserve-breaks;"><br></span>Standorte:</p><ul data-v-ea7a0822="" class="rich-text-unordered-list" piano-view-event="false" style="margin-bottom: 1rem;"><span class="text-space-pre-line rich-text-text" data-abstract-init="body text" style="">
</span><li class="rich-text-list-item" style="list-style-type: none; margin-bottom: 0.25rem; padding-left: 2.375rem; position: relative;"><span class="text-space-pre-line rich-text-text" data-abstract-init="body text" style="">Kündig Feinkost AG, Webergasse 19, 9000 St.Gallen, Telefonnummer: +41 71 841 17 75</span></li><span class="text-space-pre-line rich-text-text" data-abstract-init="body text" style="">
</span><li class="rich-text-list-item" style="list-style-type: none; margin-bottom: 0.25rem; padding-left: 2.375rem; position: relative;"><span class="text-space-pre-line rich-text-text" data-abstract-init="body text" style="">Kündig Feinkost AG, Am Marktplatz 6, 9400 Rorschach, Telefonnummer: +41 71 841 17 75</span></li><li class="rich-text-list-item" style="list-style-type: none; margin-bottom: 0.25rem; padding-left: 2.375rem; position: relative;"><span class="text-space-pre-line rich-text-text" data-abstract-init="body text" style=""><br></span></li></ul><p class="MsoNormal"><b>Bedingungen</b></p><p class="MsoNormal">Vor Ort ist ein Pfand von CHF 50.– zu bezahlen. Nach
Materialrückgabe wird das Pfand zurückerstattet.<o:p></o:p></p><p class="MsoNormal"><b>Inkludierte Leistungen<o:p></o:p></b></p><ul style="margin-top:0cm" type="disc">
 <li class="MsoNormal">Fonduemischung<o:p></o:p></li>
 <li class="MsoNormal">Caquelon
     und Réchaud<o:p></o:p></li>
 <li class="MsoNormal">Brot
     und Weisswein<o:p></o:p></li>
 <li class="MsoNormal">Tischdecke,
     Gabeln und Gläser<o:p></o:p></li>
 <li class="MsoNormal">Gebrauchsanleitung</li>
</ul><p class="MsoNormal"><b><br></b></p><p class="MsoNormal"><br></p>;9.3752516;47.4228622;Webergasse 19;9000;St.Gallen;+41 71 222 28 59;bestellung@kuendigfeinkost.ch;https://kuendigfeinkost.ch;[{'@type': 'ImageObject', 'contentUrl': 'https://ostpimtsoch.sos-ch-dk-2.exoscale-cdn.com/catalog/6/4/5/0/64505becddbd31f06c524129b50e132ab34be404_bb824540c500d2d163f4987c671ee70d.jpg'}];2026-04-07T17:43:18+02:00
450f04be-6022-4684-8e8d-7ec6d5eb99c8;Kanuschule Bodensee – Kanu- und SUP-Erlebnisse;Paddelabenteuer mit der Kanuschule Bodensee erleben: Seekajak, Kanadier oder Surfski. Individuelle Kurse sowie Gruppen- und Firmenausflüge. Natur- und Wassererlebnis pur.;<p class="isSelectedEnd">Mit der Kanuschule Bodensee entdecken G&auml;ste die Faszination des Paddelns in Arbon: Interessierte profitieren von einer Vielzahl an Kursen &ndash; vom Seekajak &uuml;ber Surfski bis hin zu spezialisierten Techniktrainings. Als f&uuml;hrendes Testzentrum f&uuml;r Epic-, Nelo-, Tiderace- und die faltbaren Oru Kayaks bietet die Kanuschule Bodensee h&ouml;chste Qualit&auml;t und neuste Innovationen im Paddelsport. Das Angebot richtet sich sowohl an Einzelpersonen als auch an Gruppen, inklusive Firmenausfl&uuml;gen und Teambuilding-Events mit Grosskanadiern.</p><p>Der Wassersport-Shop h&auml;lt alles bereit, was f&uuml;r ein Paddelabenteuer ben&ouml;tigt wird. Hier gibt es nicht nur die perfekte Ausr&uuml;stung, sondern auch ein Team, das seine Leidenschaft f&uuml;r den Wassersport teilt. Interessierte erleben den Bodensee von seiner sch&ouml;nsten Seite &ndash; auf dem Wasser, gest&auml;rkt durch Sport und umgeben von Natur. Die Kanuschule Bodensee sorgt f&uuml;r unvergessliche Paddelerlebnisse.</p>;9.419058233648066;47.525958200000005;Philosophenweg 10;9320;Arbon;+41714400282;info@kanuschule-bodensee.ch;http://www.kanuschule-bodensee.ch/;[{'@type': 'ImageObject', 'contentUrl': 'https://ostpimtsoch.sos-ch-dk-2.exoscale-cdn.com/catalog/6/b/9/6/6b965eef3d4ed87eb4f3b3837d5b14f2fc768c50_e0857ad3820a7baecf3a30071112be7b.jpeg'}];2026-05-29T21:57:11+02:00
45367905-96b6-4de2-a488-a8625be3631f;16/04 – Kleider nach Mass;16/04 bietet Massbekleidung für Damen und Herren, Änderungsservice sowie eine handverlesene Auswahl italienischer Herrenmode – von klassisch bis modern, alles für den Herrn mit Stil. Dazu gibt es passende Accessoires und Hüte, mitten in der Textilstadt;<p class="MsoPlainText">Willkommen bei 16/04 - Kleider nach Mass und Boutique im Zentrum von St.Gallen</p>
<p class="MsoPlainText">Sinan Netzer schneidert Kleidungsst&uuml;cke nach Mass - sei es ein klassischer Blazer, ein Hemd oder einen ganzen Anzug f&uuml;r den Herrn, einen Mantel, einen Jupe oder eine Bluse f&uuml;r eine Dame.&nbsp;</p>
<p class="MsoPlainText">Neben Massbekleidung k&ouml;nnen auch Kleidungsst&uuml;cke ge&auml;ndert, angepasst oder repariert werden.&nbsp;</p>
<p class="MsoPlainText">In der Boutique findet der Mann mit Stil, Klasse und Einzigartigkeit moderne sowie klassische italienische Mode und Accessoires wie H&uuml;te, G&uuml;rtel, Manschetten, Einsteckt&uuml;cher usw.</p>
<p class="MsoPlainText">Sinan Netzer ber&auml;t seine Kunden pers&ouml;nlich, stilvoll, qualit&auml;tsbewusst und charmant und verbindet Handwerkskunst mit Eleganz.</p>
<p class="MsoPlainText">&nbsp;</p>;9.3769694;47.4277515;Goliathgasse 33;9000;St.Gallen;+ 41 79 952 20 07;atelier@1604.ch;https://1604.ch;[{'@type': 'ImageObject', 'contentUrl': 'https://ostpimtsoch.sos-ch-dk-2.exoscale-cdn.com/catalog/6/3/b/b/63bb515187927082480012962a1f5c86dcd824d9_c58f572ecedc056d99319fe9c5bc455f.jpg'}];2026-06-16T20:10:27+02:00
4583ebef-8192-4636-ae91-774cbbf432ab;Bio Pasta Bonetti ;Bio Pasta Bonetti in Bad Ragaz bietet handgefertigte Bio-Teigwaren und Kochkurse an. Die Produkte entsprechen strengen Qualitätskriterien und die Kurse lehren die traditionelle Herstellung von Pasta.;Unsere Teigwaren werden überwiegend von Hand verarbeitet, um alles Wertvolle, welches die Zutaten in sich tragen, zu erhalten. So entstehen kleine Kostbarkeiten die zu 100% unseren strengen Qualitätskriterien entsprechen.
Neben dem Kauf von Bio-Produkten bieten wir ebenfalls verschiedene Kochkurse an, bei welchen man die "Pasta tradizionale fatta a mano" erlernen kann.;9.506086707115175;47.011275126535345;Elestastrasse 8;7310;Bad Ragaz;+41 81 302 76 01;info@biopastabonetti.ch;https://www.biopastabonetti.ch/de/;[{'@type': 'ImageObject', 'contentUrl': 'https://ostpimtsoch.sos-ch-dk-2.exoscale-cdn.com/catalog/6/0/9/2/6092e24b9c57a5bfb2930257eb1a513aa21b6dc2_031516b616c92e2b17a7f250756a97f0.JPG'}];2025-10-28T20:16:01+01:00
46a9151a-e2ad-4306-a170-df585a18fc07;Hallenbad & Sauna Flumserberg;Ganzjähriger Badespass im 25 m-Sportbecken, separatem Kinderbecken mit Rutschbahn, Tarzan-Klettergerüst, finnischer Sauna und Dampfbad – ideal für Familien, Paare, Gruppen und Trainingslager.;<div>Das Hallenbad &amp; Sauna Flumserberg verbindet sportliche Aktivit&auml;t mit entspannender Erholung. Im 25 m-Sportbecken (4 Bahnen, Wassertiefe 1,30&ndash;2,30 m, ca. 28,5 &deg;C) erwarten dich Schwimmm&ouml;glichkeiten f&uuml;r SportlerInnen.</div><div>&nbsp;</div><div>Das separate Kinderbecken (10 &times; 6 m, 0,80&ndash;1,30 m, ca. 29 &deg;C) mit Rutschbahn und Tarzan-Kletterger&uuml;st bietet Spiel und Abenteuer f&uuml;r die Kleinen. Abgerundet wird das Angebot durch Tischfussball und einen gem&uuml;tlichen Snackbereich mit Liegest&uuml;hlen.&nbsp;</div><div>&nbsp;</div><div>In der warmen Jahreszeit l&auml;dt die Liegewiese mit Panoramaausblick zur Entspannung im Freien ein. Danach entspannst du dich in der gemischten finnischen Sauna (ca. 80 &deg;C) oder im Dampfbad (ca. 41 &deg;C) mit Duschen und Kaltwasserbecken.</div><div>&nbsp;</div><div>Jahreskarten gelten nur f&uuml;rs Bad &ndash; der Saunabesuch wird separat verrechnet.</div>;9.29644342968039;47.08968865;Flumserbergstrasse 167;8897;Flumserberg Tannenheim;+41 81 733 29 69;badbetrieb@hallenbad-flumserberg.ch;https://hallenbad-flumserberg.ch;[{'@type': 'ImageObject', 'contentUrl': 'https://ostpimtsoch.sos-ch-dk-2.exoscale-cdn.com/catalog/1/b/e/4/1be46c9ac867433d884fa788b561d61a10368deb_7a9c454728e9437915d80d20f34e7b11.jpg'}];2026-03-18T21:19:40+01:00
470491d1-7e6a-43e3-9bad-4ac098a27704;Tamina Health Center;Individuelle Medizin für Ihre Gesundheit: Unser interdisziplinäres Team begleitet Sie kompetent – von Diagnostik bis TCM und Gesundheitsvorsorge.;Im Tamina Health Center des Grand Resort Bad Ragaz erwartet Sie ein umfassendes Angebot an medizinischen, therapeutischen und präventiven Leistungen – von Physiotherapie, Ernährungsberatung und Personal Training bis hin zu Kuraufenthalten, moderner Diagnostik und Longevity. Unser interdisziplinäres Expertenteam begleitet Sie persönlich und auf höchstem Niveau – für mehr Gesundheit, neue Energie und spürbare Lebensqualität.;9.5031579;46.9994873;Hans Albrecht-Strasse 6;7310;Bad Ragaz;+41 81 303 38 38;medizin@resortragaz.ch;https://www.resortragaz.ch/de/tamina-health;[{'@type': 'ImageObject', 'contentUrl': 'https://ostpimtsoch.sos-ch-dk-2.exoscale-cdn.com/catalog/4/8/9/f/489fbc5272c640d54d8dbcb8f7b8997f6799d507_bc242a425ce957dd8183fe36a286cf82.jpg'}];2026-02-06T23:10:45+01:00
4a5e8ad9-280b-4e51-a6aa-f609148c8e3f;Einkaufszentrum Pizolpark;Der Pizolpark Mels bietet unbeschwertes Einkaufen in zahlreichen Geschäften direkt an der Autobahnausfahrt Mels-Sargans. Ein Kinderparadies sorgt für die Betreuung der Kleinen.;Einkaufserlebnis für die ganze Familie: zahlreiche Geschäfte, Kinderbetreuung und mehr. Praktisch für alles!;9.431283311961572;47.04203835;Grossfeldstrasse 56;8887;Mels/Sargans;+41 58 712 90 00;info@pizolpark.ch;https://www.pizolpark.ch/;[{'@type': 'ImageObject', 'contentUrl': 'https://ostpimtsoch.sos-ch-dk-2.exoscale-cdn.com/catalog/f/9/d/f/f9df3259dbb47d747eccc00bf10c2ebc994276a1_93a5bf7a98345b0e88cc95314daeb6f2.jpg'}];2025-12-15T22:20:32+01:00
4ad82b3e-5a69-4efb-86bd-029ffc28a92b;BikerShop Flumserberg;Ihr Sportfachgeschäft direkt am BikerBerg Flumserberg.;Direkt an der Talstation im Tannenheim am Flumserberg erwartet Sie neben einem breiten Verkaufssortiment, die topmoderne Verleihstation der Marken BiXS, NS Bikes und iXS. Der BikerShop Flumserberg vermietet die Bikemodelle aus den Bereichen Enduro, Downhill und Kids der Marken BiXS und NS Bikes und führt zudem Reparaturarbeiten durch. Ebenfalls rüstet er Sie mit den gewünschten iXS Protektoren und weiterer notwendiger Ausrüstung aus, damit einer rasanten Abfahrt auf den BikerTrails nichts mehr im Wege steht.;9.302447680513392;47.08949005;Tannenheim;8897;Flumserberg;+41 81 720 16 02;info@bikershop-flumserberg.ch;http://www.bikershop-flumserberg.ch;[{'@type': 'ImageObject', 'contentUrl': 'https://ostpimtsoch.sos-ch-dk-2.exoscale-cdn.com/catalog/6/0/9/2/6092e9c657b9d9fb14ea99d297e36e76483490a0_e8e31eb2687663e4af28f046d165997d.jpg'}];2025-03-14T20:16:08+01:00
4b78549d-c828-46e2-84f5-560c6e922c49;Tröpfel – alkoholfreier Trinkgenuss;Tröpfel, der alkoholfreie Schaumwein aus Schweizer Trauben und Äpfeln, schmeichelt Gaumen und – Leber. Die verschiedenen nullprozentigen Geschmacksrichtungen sind ausserordentlich erfrischend, prickelnd und passen zu jedem Anlass. Auch das isotonische Paes oder der Sansbulle ohne Kohlensäure überraschen.;Als die Promillegrenze in der Schweiz gesenkt wurde, waren die Zeit, zwei Thurgauer Frauen und die Früchte reif für Tröpfel! Patricia Dähler und Esther Schaefer kreierten ihren ersten alkoholfreien Schaumwein aus Ostschweizer Trauben und Äpfeln. Dieser erhielt diverse Auszeichnungen. An den Erfolg knüpften die Frauen mit drei weiteren Tröpfeln, wie etwa dem Kingwer, leicht scharf, mit Kürbis und Schweizer Ingwer, sowie mit dem Paes an. Letzteres ist ein isotonisches Powergetränk in zwei Geschmacksrichtungen und perfekte Erfrischung nach sportlicher Aktivität. Der bisher letzte Coup der Tröpfel-Erfinderinnen ist der Sansbulle, ein stilvoller Essensbegleiter zum Anstossen ohne Kohlensäure und natürlich auch ohne Alkohol. Es gibt ihn in rot aus Regenttrauben, Haskap- und Aroniabeeren oder weiss mit Lavendel, Salbei, Quitten und weissen Traube. Auf dem Schweizer Regionalprodukte-Wettbewerb erhielt der Sansbulle die Goldmedaille. Mittlerweile werden jährlich über 70’000 Flaschen Tröpfel-Getränke produziert und schweizweit vertrieben.;8.934338300000036;47.6495936;Neuburg 5, Hauptstrasse;8265;Mammern;+41 79 459 27 03;p.daehler@troepfel.ch;https://www.troepfel.ch/;[{'@type': 'ImageObject', 'contentUrl': 'https://ostpimtsoch.sos-ch-dk-2.exoscale-cdn.com/catalog/6/e/7/9/6e79ca14cd14aaebd984d661eda528d597c5d59d_99b902197add33377cce7e7e440db6fa.jpg'}];2026-04-01T22:32:43+02:00
4c05ffaf-e859-4ed1-a367-3a48ba031ecc;Verrucano;Das Kultur- und Kongresshaus Verrucano in Mels bietet einen stilvollen Rahmen für Veranstaltungen, Meetings und Seminare. Es ist auch ein Ort für öffentliche Events und bietet ein hochwertiges Cateringangebot.;Das Kultur- und Kongresshaus Verrucano Mels bietet den stilvollen Rahmen und umfassende moderne Serviceleistungen für die professionelle Durchführung einer Veranstaltung, fokussierter Meetings und produktiver Seminare. Das Verrucano Kultur- und Kongresshaus ist nicht nur Durchführungsort Ihres Banketts oder Seminars, sondern bei uns finden auch regelmässig öffentliche Events statt. Verrucano steht auch für ein qualitativ hochstehendes gastronomisches Angebot. In diesem Bereich verlassen wir uns auf externe Profis. Dadurch kommen Sie in den Genuss eines hochstehende und flexiblen Cateringangebots, stets frisch und überzeugend.;9.4201443;47.0465914;Platz 4;8887;Mels;+41 58 228 31 20;welcome@verrucano.ch;https://www.verrucano.ch/;[{'@type': 'ImageObject', 'contentUrl': 'https://ostpimtsoch.sos-ch-dk-2.exoscale-cdn.com/catalog/1/3/6/d/136d8119b804b36691b40591f17dd93c69ad11b1_d153f0443979114def31f7f4e5d8d4ba.jpg'}];2025-12-15T21:51:36+01:00
4d67d69e-667b-481d-a06c-0ab5a8e37421;Urban Golf Neuhausen;Entdecken Sie Neuhausen von einer neuen Seite während Sie mit dem Golfschläger auf Abfalleimer, Blumentröge, Fassaden oder andere städtische Objekte spielen.;Der erste Urban Golf Parcours in der Region ist eröffnet! Die Abschlaglöcher der lustigen Variante des klassischen Golfs führen die Teilnehmenden quer durch den Ort, vom historischen SIG-Areal vorbei an der wunderschönen Aussicht auf den Rheinfall über die Burgunwiese zurück ins Zentrum Neuhausens. Das Ziel: den Ball mit möglichst wenig Schlägen zum nächsten Abschlagpunkt zu spielen. 
Schnappen Sie sich Ihre Freunde, melden Sie sich unter <a href="https://ortsmarketing-nh.ch/urban-golf/">www.urbangolf-neuhausen.ch</a> an und los geht's! Die Materialausgabe befindet sich bei c<span data-teams="true">offee &amp; ice lounge (Cascada Ice Factory)</span>.;8.618667125701906;47.67935235863461;Heinrich Moser-Platz 1;8212;Neuhausen;+41 52 577 06 42;info@ortsmarketing-nh.ch;https://ortsmarketing-nh.ch/urban-golf/;[{'@type': 'ImageObject', 'contentUrl': 'https://ostpimtsoch.sos-ch-dk-2.exoscale-cdn.com/catalog/7/1/3/2/713214dd1c74f4b13cf7d6a0392bb475ea94d1fc_5a2c5602739c613ab3a534fc1bbd64e4.jpg'}];2025-03-31T18:50:39+02:00
4d68d365-8807-4108-9653-d051d168e922;Schweizer Langlaufschule Toggenburg;Langlaufunterricht für alle Bedürfnisse von unseren top ausgebildetem Lehrerteam. Entdecken Sie das Geheimnis um über den Schnee zu schweben.;Wir bieten Ihnen Langlaufkurse für Anfänger, Wiedereinsteiger & Fortgeschrittene an. Wir zeichnen uns durch sehr gut ausgebildete & qualifizierte Langlauflehrer*innen aus. Bei uns können Sie Privatstunden, Familien- und Gruppenunterricht sowie Firmenevents buchen.  Ob in Alt St. Johann oder Wildhaus, am Tag oder auf der Nachtloipe bei uns finden Sie ihr massgeschneidertes Angebot.;9.287188947200777;47.1940772731022;Hauptstrasse 40;9656;Alt St. Johann;+41 71 999 17 60;info@loipen-toggenburg.ch;https://www.loipen-toggenburg.ch;[{'@type': 'ImageObject', 'contentUrl': 'https://ostpimtsoch.sos-ch-dk-2.exoscale-cdn.com/catalog/a/e/4/f/ae4fb834063418b619e34a142896d1f29eb996ee_02819675294b31948ae8eef03e10f3f9.JPG'}];2025-10-28T16:23:25+01:00
4df62995-40ba-419e-bb9c-0fdc93afe8a3;Sauna am Walensee;Die Sauna am Walensee bietet von Oktober bis April ein klimaneutrales Saunaerlebnis mit spektakulärem Seeblick. Geeignet für bis zu sechs Personen, lädt sie zur Entspannung in einer einzigartigen Umgebung ein.;Von Oktober bis April ladet die Sauna am See im sagiareal zur Erholung in bester Kulisse ein. 

Die kleine aber feine Outdoor-Sauna mit spektakulärem Seeblick eignet sich für eine, zwei (liegend) oder max. sechs Personen (sitzend). Das zweistündige Saunaerlebnis ist klimaneutral, denn es wird mit Murger Holz aus dem hauseigenen Wald befeuert.

Zwischen den Saunagängen kann man sich im See oder auf der privaten Terrasse abkühlen.
Ein Ruhezelt steht nebenan bereit.

Legen Sie die Holzscheiten ein und geniessen Sie diese einzigartige Wellness-Attraktion am Walensee.;9.219401478767397;47.113203668939285;Alte Staatsstrasse 6;8877;Murg;+41 81 720 35 75;info@lofthotel.ch;https://lofthotel.ch/wellness/;[{'@type': 'ImageObject', 'contentUrl': 'https://ostpimtsoch.sos-ch-dk-2.exoscale-cdn.com/catalog/2/7/5/4/27541d2e64c71a9a8e3e6752183ae9c814072861_c96911bcb1648078253c7e318b8ebe22.jpg'}];2026-08-31T21:07:37+02:00
4e1c97f9-16ef-4428-af9b-b4af2f85c143;INTERSPORT Network Flumserberg Filiale Tannenboden;Der Shop mit einem breit gefächerten Verkaufs- und Verleihangebot.;Neben einer attraktiven Bekleidungsabteilung bietet die Filiale Tannenboden ein breites Verleihangebot an. Von aktueller Ski- und Snowboardausrüstung bis hin zu passendem Zubehör – hier finden Wintersportler:innen alles, was sie für einen perfekten Tag im Schnee benötigen. Mit dem Standort direkt bei der Talstation der 8er-Gondelbahn BergJet, ist die Filiale Tannenboden der ideale Ausgangspunkt für Ihre Wintersporterlebnisse am Flumserberg.

Unser Angebot im Winter
•	Verkauf: Ski, Textil, Accessoires & Zubehör
•	Verleih: Ski & Snowboard inkl. Schuhe, Langlaufausrüstung, Winterbekleidung, Schneeschuhe, Helme, LVS & Skidepot
•	Dienstleistungen: Ski- & Snowboard-Service (Annahmestelle), Wachsen, BFU-Bindungskontrolle, Kantentuning & Kleinreparaturen;9.2805527;47.0922871;Molseralpstrasse 9;8898;Flumserberg;+41 81 720 16 03;tannenboden@intersport-network.ch;https://www.intersport-network.ch/filialen/tannenboden/;[{'@type': 'ImageObject', 'contentUrl': 'https://ostpimtsoch.sos-ch-dk-2.exoscale-cdn.com/catalog/8/5/a/9/85a911d963a92d33a646f2f9dd81af610c48197f_0e5cd230425b40ff67eb619ff4af4d27.jpg'}];2025-03-14T20:25:11+01:00
4ea10477-3d85-4aaf-9d80-f5d7c0ca7f47;Riipark Strandbad;Riipark ist ein schönes Standbad mit Café. Gemütliche Stunden garantiert.;Strandbad mit einer grossen Badewiese direkt am Rhein und altem Baumbestand mit Kinderspielplatz, Kinderplanschbecken mit Sonnensegel, Sprungturm (nur bei Badeaufsicht zugänglich - an den Wochenenden und während den Sommerferien), Volleyballfeld sowie dem Café «Uferlos» mit vielen Köstlichkeiten und speziellem Ambiente.

Gegenüber liegt die Probstei Wagenhausen.


Dies ist ein Badeplatz im offenen, fliessenden Gewässer. Das Schwimmen ohne Erfahrung im Rhein ist nicht zu unterschätzen.;8.849327321858754;47.6639403;Hemishoferstrasse;8260;Stein am Rhein;+41 79 858 14 86;[{'@type': 'ImageObject', 'contentUrl': 'https://ostpimtsoch.sos-ch-dk-2.exoscale-cdn.com/catalog/9/2/0/a/920aacd72d7e6cb7d9ebd5aef19f55d0983b3ead_c6e16096d36e33e4b70089492c7dfb79.JPG'}];2026-01-26T19:25:55+01:00
4fa0ef3b-2acf-43db-86b6-6e9f3c4824cc;Badi Neunkirch;Klein und Gross aus Neunkirch und der nahen und weiteren Umgebung sind eingeladen, unsere schöne Anlage zu geniessen. Erholen Sie sich vom Alltag und geniessen Sie das Bad mit der wunderschönen Umgebung.;<p>Ausstattung und Angebot der Badi Neukirch</p><ul><li>25-m-Schwimmbecken</li><li>Nichtschwimmerbecken</li><li>1- und 3-m-Sprunganlage</li><li>Planschbecken</li><li>Rutschbahn</li><li>Grillstelle
	
Sport &amp; Spiel</li><li>Spielwiese</li><li>Spielplatz</li><li>Tischtennis-Tische</li></ul>;8.507866941720426;47.69250275;Schwimmbadstrasse 40;8213;Neunkirch;+41 52 681 15 40;http://www.badi-info.ch/a/neunkirch.html;[{'@type': 'ImageObject', 'contentUrl': 'https://ostpimtsoch.sos-ch-dk-2.exoscale-cdn.com/catalog/6/c/4/c/6c4c90500e4b0fa2c0d62a11a6a77191d466165a_434f8e363894bfec702800d40bffa36b.jpg'}];2025-02-17T12:53:53+01:00
503aad9a-929c-43bd-a8e5-7a554889c350;Day Spa im Einstein St.Gallen;Genuss für Körper, Geist, Seele und Gaumen;<p data-v-360ed6ae="" class="rich-text-paragraph" piano-view-event="false" style="margin-bottom: 1rem;"><span class="text-space-pre-line rich-text-text" data-abstract-init="body text" style="">Geniessen Sie Fitness und Wellness mit einem Aufenthalt im well come FIT Einstein (Behandlungen separat buchbar) und stärken Sie sich danach oder zuvor im Bistro St.Gallen. Wir servieren Ihnen gerne unser Frühstück bis 10.30 Uhr oder ein 2-Gang Menü zum Mittag- oder Abendessen.</span></p><p data-v-360ed6ae="" class="rich-text-paragraph" piano-view-event="false" style="margin-bottom: 1rem;"><span class="text-space-pre-line rich-text-text" data-abstract-init="body text" style="">Das Ticket ist nur einmalig und an einem Tag gültig.</span></p>;9.3754457;47.4214519;Wassergasse 7;9000;St.Gallen;+41 71 227 57 77;info@bistro-sg.ch;https://www.bistro-sg.ch;[{'@type': 'ImageObject', 'contentUrl': 'https://ostpimtsoch.sos-ch-dk-2.exoscale-cdn.com/catalog/a/3/4/a/a34a75fd61e1efb69df50a1af71ebadf713e37d9_b0da5bf59e2469e37137349179ab298a.jpg'}];2026-06-16T20:17:36+02:00
550632d9-628f-473a-9f36-117292c7f129;Ballonsport-Club Stein am Rhein;Seit der Gründung des Ballonsport-Clubs Stein am Rhein in den 80er Jahren konnten schon viele Leute unsere schöne Region aus der Vogelperspektive bewundern. Heute können wir auf 40 unfallfreie Jahre zurückblicken und freuen uns auf weitere schöne Fahrten in der Region.;Seit seiner Kindheit ist Pascal von den, damals noch seltenen, Ballonen begeistert. Bereits mit 19 Jahren konnte er selber als Pilot den Passagieren die Schönheit der Natur aus der Vogelperspektive zeigen. Inzwischen sind mehr als 27 Jahre vergangen. Über 1000h hat seither Pascal in der Luft verbracht. Ebenso auch bei vielen Wettkämpfen teilgenommen, eine regelmässig Teilnahme an den Schweizermeisterschaften im Heissluft-Ballonfahren gehört ebenfalls dazu.
Tanja Witprächtiger und Margrit Lazzaretti betreuen die Gäste am Boden. Sie sind genauso begeistert vom Ballonsport. Mit dem Verfolgerfahrzeug begleiten sie uns bis zum Landeort. Sie kennen die Nord-Ostschweiz sehr genau und wissen immer den schnellsten Weg nach Hause. An Wettkämpfen ist Tanja der ruhige Pol und versorgt Pascal mit wichtigen Informationen.
Unsere Ballonflotte umfasst momentan 2 Heissluftballone. Einen kleineren  Ballon mit einem Volumen von 3‘700m3 und einen grösseren mit 4&#039;500 m3 Volumen heisser Luft. Gasballonfahrten führen wir mit unserem eigenen Ballon durch, welcher noch von 2 weiteren Piloten gefahren wird.

Erleben Sie eine unvergessliche Ballonfahrt mit uns.;8.70463363898595;47.66260655;Buckewisweg 9;8252;Schlatt;+41 79 753 86 72;Info@witpraechtiger.ch;https://www.iwc-ballon.ch/;[{'@type': 'ImageObject', 'contentUrl': 'https://ostpimtsoch.sos-ch-dk-2.exoscale-cdn.com/catalog/7/e/e/7/7ee700bf2d5e0cf917dc495206635823bed4ed1c_b47f8a6b14e6b2c6f6c5a712d613aa8f.JPG'}];2025-02-17T12:53:53+01:00
550df831-f6b1-421f-bee5-90bf78433741;COLORS - Restaurant und Bar;Der gastronomische Farbtupfer am Flumserberg;Das COLORS Restaurant ist ein modernes Selbstbedienungsrestaurant mit 146 Innen- und 140 Terrassen-Plätzen. Die Küche bietet ein Angebot für jeden Geschmack. Erfrischend und abwechslungsreich werden neben regionalen Gerichten auch internationale Speisen gekocht.
Die bediente COLORS Bar verfügt über 56 Innenplätze. Neben einem kunterbunten Getränkeangebot, werden am Morgen Frühstück und am Nachmittag trendige Snacks angeboten.;9.2807483;47.0919796;Molseralpstrasse 9;8898;Flumserberg;info@colors-flumserberg.ch;[{'@type': 'ImageObject', 'contentUrl': 'https://ostpimtsoch.sos-ch-dk-2.exoscale-cdn.com/catalog/9/8/c/9/98c9bf00a31b7e10ed48ff7aad765d56695fabe2_24625a21bd497ea9370d5a07da256132.JPG'}];2025-02-28T20:18:46+01:00
561cff28-0536-4203-a406-e3cdb93257d2;Erlebnisrundfahrt mit Witzwanderweg;Nostalgische Fahrt mit der Zahnradbahn, eine Wanderung auf dem Witzweg und gemütliche Schifffahrt durch das Naturschutzgebiet Altenrhein!;<p class="MsoNormal"><span style="font-size:11.0pt;line-height:107%;
font-family:&quot;Aptos&quot;,sans-serif;mso-ascii-theme-font:minor-latin;mso-fareast-font-family:
Aptos;mso-fareast-theme-font:minor-latin;mso-hansi-theme-font:minor-latin;
mso-bidi-font-family:Arial;mso-bidi-theme-font:minor-bidi;mso-ansi-language:
DE-CH;mso-fareast-language:EN-US;mso-bidi-language:AR-SA">Die Reise startet in
Rorschach mit der Zahnradbahn und führt hoch hinauf nach Heiden (794m.ü.M.). In
Heiden angekommen solltest du unbedingt die Witzkiste besuchen, dort erfährst du von «Witzli» und seinem Freund mehr über die Geschichte des Appenzeller
Witzes.&nbsp;</span><span style="font-family: Aptos, sans-serif; font-size: 11pt;">Anschliessend startet
die rund dreistündige Wanderung auf dem Witzweg mit herrlichem Panorama auf den
Bodensee. Die typischen Appenzeller Witze kannst du neu auch mittels
Smartphone an diversen Hörstationen entlang des Witzweges geniessen.</span><span style="font-family: Aptos, sans-serif; font-size: 11pt;">&nbsp;&nbsp;</span><span style="font-family: Aptos, sans-serif; font-size: 11pt;">In Walzenhausen
reist du mit der nostalgischen Zahnradbahn bequem nach Rheineck. Die letzte
Etappe der Erlebnisrundfahrt bildet die Schifffahrt durchs Naturschutzgebiet
entlang dem Alten Rhein bis zum Ausgangspunkt Rorschach.</span><br></p><span style="font-size:11.0pt;line-height:107%;
font-family:&quot;Aptos&quot;,sans-serif;mso-ascii-theme-font:minor-latin;mso-fareast-font-family:
Aptos;mso-fareast-theme-font:minor-latin;mso-hansi-theme-font:minor-latin;
mso-bidi-font-family:Arial;mso-bidi-theme-font:minor-bidi;mso-ansi-language:
DE-CH;mso-fareast-language:EN-US;mso-bidi-language:AR-SA">
<!--[if !supportLineBreakNewLine]--><span style="font-size: 11pt; line-height: 107%;">Die Schiff-Saison ist
täglich von Mitte Mai bis Anfang Oktober.</span><br>
<!--[endif]--></span><p><br></p>;9.493550062179567;47.47881214265565;9400;Rorschach;+41 71 841 61 41;info@tourist-rorschach.ch;http://www.st.gallen-bodensee.ch/de/;[{'@type': 'ImageObject', 'contentUrl': 'https://ostpimtsoch.sos-ch-dk-2.exoscale-cdn.com/catalog/3/6/a/9/36a919af005651f2b990e1da391ec0c2e4c6aa7e_c911e4efab3f1184c7f6d68d624b3ab9.jpg'}];2025-05-14T17:24:54+02:00
5902dd27-6dce-4047-bf1d-038637724780;Fitness Island;Das Fitness Island in Bronschhofen bei Wil bietet ein vollständiges Wellness-Erlebnis unter einem Dach. Die einzigartige Therme Totes Meer mit originalem Schlamm aus Jordanien, ein Sport-Relaxbad sowie eine vielfältige Saunawelt laden zum entspannen ein. ;<p class="font-claude-response-body break-words whitespace-normal leading-[1.7]"><strong>Eine ganzheitliche Insel f&uuml;r K&ouml;rper, Geist und Bewegung</strong></p><p class="font-claude-response-body break-words whitespace-normal leading-[1.7]">Das Fitness Island in Bronschhofen bei Wil vereint unter einem Dach, was andernorts selten zusammenfindet: ein vollst&auml;ndiges Wellness-Spa-Universum, ein professionelles Fitnesscenter und ein vielseitiges Therapieangebot. Zentral im Dreieck zwischen Bodensee, Thurgau und Z&uuml;rich gelegen, steht die Anlage t&auml;glich von 6 bis 23 Uhr offen &ndash; und das mit einer ungew&ouml;hnlichen Garantie: Wer innerhalb der ersten halben Stunde nicht zufrieden ist, erh&auml;lt sein Geld zur&uuml;ck.</p><p class="font-claude-response-body break-words whitespace-normal leading-[1.7]">Das Herzst&uuml;ck bildet die einzigartige <a href="https://www.thermalbad-ch.ch/" target="_blank" rel="noopener">Therme</a> Totes Meer mit originalem Schlamm aus Jordanien, erg&auml;nzt durch ein Sport-Relaxbad und eine vielf&auml;ltige Saunawelt. Die heisse Feuersauna, die sanfte Biosauna, das tropische Dampfbad sowie der heilsame Salzraum bieten f&uuml;r jeden Geschmack das passende Klima. Regelm&auml;ssige Sauna-Zeremonien verw&ouml;hnen die G&auml;ste mit besonderen Ritualen und Pflegeroutinen. Abk&uuml;hlung findet sich im Kneippweg und im Abk&uuml;hlbecken, Tiefenentspannung in der Alpha-Sphere. Dachterrasse, Ruheraum und ein grossz&uuml;giger Wellness-Garten laden zum Verweilen ein.</p>;9.0307174;47.4682456;Industriestrasse 25;9552;Bronschhofen;+41 71 577 07 07;info@fitness-island.ch;https://www.fitness-island.ch/;[{'@type': 'ImageObject', 'contentUrl': 'https://ostpimtsoch.sos-ch-dk-2.exoscale-cdn.com/catalog/6/e/4/7/6e475a559b449dac0144a28ebe3e47492099278c_ca89322c09727bb890c581c7fceae764.jpg'}];2026-06-16T20:40:45+02:00
5c779a59-ab38-4a30-b901-b926aab511e1;Gonzen Sport & Mode;Gonzen Sport & Mode in Sargans bietet spezialisierte Outdoor-Ausrüstung und individuelle Beratung. Das Geschäft ist bekannt für Schuhfitting und massgefertigte Einlagesohlen. Im Sommer und Winter gibt es eine breite Auswahl an Sportartikeln und modischer Kleidung.;Herzlich willkommen bei Gonzen Sport & Mode im Tiefriet in Sargans.
Wir sind ein spezialisiertes Outdoor Sportfachgeschäft mit erfahrenen, kompetenten und enthusiastischen Mitarbeiter/innen. 

Wenn der Schuh drückt, ob Bergschuh, Ski- oder Tourenschuh sind Sie bei uns an der richtigen Adresse. Druckstellen an Ihren Füssen haben bei unserem erfahrenen Schuhfitting -Team keine Chance. Zusätzlich stellen wir Ihnen 100% fussangepasste Einlagesohlen her, welche Ihnen einen hohen Tragekomfort und mehr Leistung garantieren.
Unser fachkundiges Personal berät Sie gerne individuell und ohne Zeitdruck. Einen Gratisparkplatz ist Ihnen bei uns auch garantiert. 

Unsere Leidenschaften im Sommer:
Hochtouren-, Trekking-, Wander- und Klettersport, Running- und Bikesport sowie Campingartikel, sowie trendiges und modisches Textil. 

Unsere Leidenschaften im Winter: 
Skitouren- Alpin- Schneeschuhsport, Trailrunning. Hochfunktionelles und modisches Textil von Kopf bis Fuss für alle Schneesportarten.

Wir leben Outdoor und garantieren Ihnen, dass Sie bei uns all Ihr passendes Equipment finden.
Zusätzlich können Sie von unserem Service- und Dienstleistungsangebot profitieren.
Wir vermieten Ski- und Snowboardausrüstungen und geben Ihrem Ski und/oder Snowboard wieder den nötigen Kantenschliff für unvergessliche Schneetage.;9.4490804;47.0487657;Tiefriet, Langgrabenweg;7320;Sargans;+41 81 723 78 38;info@gonzensport.ch;http://www.gonzensport.ch;[{'@type': 'ImageObject', 'contentUrl': 'https://ostpimtsoch.sos-ch-dk-2.exoscale-cdn.com/catalog/c/6/0/3/c603f9a6f5a82e404c1036c99f4b1172b8677a13_65b3a7a9a724b9a7aa9a723c8cc762b7.jpg'}];2025-12-15T22:20:32+01:00
5ca5d52f-ce15-4e7d-b050-20b1d00cff99;Saunafass;Entspannung pur im Saunafass des Hotel Schiffahrt Mols – mit Panoramablick auf die Berge, privater Nutzung & nordischem Flair.;<p data-start="762" data-end="1081">Unser Saunafass ist ein St&uuml;ck nordische Lebenskunst. Das massive Echtholzfass bietet einen gem&uuml;tlichen Kokon aus W&auml;rme und Wohlbefinden &ndash; mit traumhaftem Panoramablick auf die umliegende Bergwelt. Saunieren bedeutet pure Erholung: Man tut sich selbst etwas Gutes, f&ouml;rdert die Gesundheit und findet Abstand vom Alltag.</p>
<p data-start="1089" data-end="1342">In unserem Saunafass finden 2 Personen (liegend) bis zu 6 Personen (sitzend) Platz. Die Nutzung ist t&auml;glich auf Voranmeldung m&ouml;glich. Bitte melden Sie sich mindestens eine Stunde vorher an der R&eacute;ception, damit wir die Sauna f&uuml;r Sie vorbereiten k&ouml;nnen.</p>;9.278622;47.1124527;Schulhausstr. 1;8885;Quarten;+41 81 738 12 25;info@schiffahrt-mols.ch;https://www.schiffahrt-mols.ch/;[{'@type': 'ImageObject', 'contentUrl': 'https://ostpimtsoch.sos-ch-dk-2.exoscale-cdn.com/catalog/1/c/5/2/1c527fa3fa2ed4c947c5f64b799ad7dbc526614f_4593256de7f5d70539bccef8ba70d4e9.jpg'}];2025-09-08T20:33:57+02:00
5d440067-e2f7-47ee-a786-a0b9604666f0;Flussbad Langwiesen;Das schön gelegene Flussbad in der Freizeitanlage Rheinwiese bietet viel Platz zum Baden, Ausruhen und Geniessen. ;Für Spass und Spiel bieten wir ein neues Kinderplantschbecken, Spielplatz, Tischtennis und Beachvolleyballfeld. 

Aber Vorsicht, der Rhein eignet sich nur für gute Schwimmer. Lassen Sie ihre Kinder nie unbeaufsichtigt in Ufer- und Wassernähe.

AUSSTATTUNG FLUSSBAD
- Schattige Parkplätze gegen Gebühr
- Restaurant "RheinGenuss" mit Sonnenterrasse und gedecktem Sitzplatz
- Take-Away
- grosse Grillstelle mit gratis Holz
- Beachvolleyballfeld
- Tischtennis
- Tischfussball
- Kinderplantschbecken
- Spielplatz mit Spielgeräten
- Sandkasten
- grosse Liegewiese mit vielen Bäumen und Schattenplätzen
- Liegestuhl Depot
- WLAN
- Bootsanlegestelle
- Hunde sind nur auf der Terrasse beim Restaurant erlaubt. Auf der Wiese des Strandbades und auf der übrigen Anlage sind Hunde nicht erlaubt. Danke für Ihr Verständnis!;8.657969392604775;47.686775;Hauptstrasse 96c;8246;Langwiesen;+41 52 659 33 00;info@camping-schaffhausen.ch;https://www.camping-schaffhausen.ch/;[{'@type': 'ImageObject', 'contentUrl': 'https://ostpimtsoch.sos-ch-dk-2.exoscale-cdn.com/catalog/3/d/4/1/3d41d1c3a1483ba338f76f8f347afc6dddcf5304_9e4cfe690b9d4c332c034337abbb85a9.jpg'}];2025-02-17T12:53:53+01:00
5f12c2e9-71ad-42ea-acfc-b9e10c99c010;Landquart Fashion Outlet;Das Landquart Fashion Outlet bietet über 170 Marken in mehr als 100 Geschäften zu günstigen Preisen. Besucherinnen und Besucher können durch das Chalet-Style Shopping-Village schlendern und die Atmosphäre sowie die gastronomischen Angebote geniessen.;<p>Inmitten der malerischen Kulisse der B&uuml;ndner Berge erwartet Sie das Landquart Fashion Outlet. Nur 60 min von Z&uuml;rich und 50 min von St. Gallen entfernt. Mehr als 170 Marken in &uuml;ber 100 Stores zu luxuri&ouml;s g&uuml;nstigen Preisen: Mode, Accessoires, Home- und Lifestyle-Produkte sowie eine faszinierende Auswahl an Outdoor- und Sportartikeln. Bummeln Sie durch das Shopping-Village im Chalet-Style, geniessen Sie die bezaubernde Atmosph&auml;re und lassen Sie sich in unseren vielf&auml;ltigen Restaurants, Caf&egrave;s und Bistros verw&ouml;hnen.</p><p>Auch sonntags ge&ouml;ffnet.</p><p>Attraktionen:</p><p>- Werden Sie Mitglied im Landquart Fashion Club. Laden Sie die Fashion Club App noch heute herunter (iOS und Android) und sparen Sie nochmals.</p><p>- Geniessen Sie Snacks an unseren Foodst&auml;nden oder feine Speisen und Drinks in unseren Restaurants, Caf&eacute;s und Bistros.</p><p>- Verbinden Sie Ihren Shopping-Ausflug mit einer Tour zu den Winzern der B&uuml;ndner Herrschaft und / oder einer Degustation (Informationen erhalten Sie telefonisch 081-300 02 22).</p><p><span style="mso-ascii-font-family: Aptos; mso-hansi-font-family: Aptos;">- Die Guest Services beim Nord- und S&uuml;deingang bietet Ihnen praktische Dienstleistungen an, darunter sofortige Steuerer&uuml;ckerstattung f&uuml;r ausl&auml;ndische Besucher und Besucherinnen.&nbsp;</span></p><p><!-- [if !supportLists]--><span style="mso-ascii-font-family: Aptos; mso-hansi-font-family: Aptos;">- Mit der j&uuml;ngsten Erweiterung pr&auml;sentiert sich das Village als noch attraktivere Shopping- und Lifestyle-Destination mit spannenden neuen Marken und Erlebnissen.</span></p>;9.552645672518366;46.96516814879244;Alpenblick 5;7302;Landquart;+41 81 300 02 22;info@landquartfashionoutlet.ch;http://www.landquartfashionoutlet.ch;[{'@type': 'ImageObject', 'contentUrl': 'https://ostpimtsoch.sos-ch-dk-2.exoscale-cdn.com/catalog/8/9/0/b/890b41456c131efa73b5077d3508ab5c41f4f1cd_6cc48f1d96b08fbd8a38c772b6b4e69c.jpg'}];2026-06-25T20:57:18+02:00
5f301d1d-2e2f-4d36-900a-2c7e18d5fe13;Freibad Speck;Die Badeanlage Speck in Staad ist eine schöne, familienfreundliche Anlage direkt am Bodensee. ;Eine grosse Wiese mit diversen Spielmöglichkeiten sowie viel Platz zum Ausspannen und Geniessen laden zum Baden ein. Das Schwimmbad bietet ein grosses Nichtschwimmerbecken und auch die Kleinsten können sich im Planschbecken mit Wasserpumpe vergnügen. Ein Spielplatz sowie ein Volleyballfeld runden das Angebot ab. 

Ein Kiosk und ein kleines Restaurant sind Bestandteil der Badi Speck. Die Bushaltestelle Staad SG, Speck befindet sich nur wenige Meter von der Seebadi entfernt.
;9.540895131644676;47.48350050780087;Hauptstrasse 83;9422;Staad;+41 71 855 46 15;technischebetriebe@thal.ch;https://www.badi-info.ch/sg/staad.html;[{'@type': 'ImageObject', 'contentUrl': 'https://ostpimtsoch.sos-ch-dk-2.exoscale-cdn.com/catalog/8/5/8/8/8588e04008509bc10febf51610675353274bee86_0598506584d5f213cc4a09594d76696c.jpg'}];2026-08-09T16:30:18+02:00
5f53692e-d66b-4c02-9b04-6ce4e1e1a190;Tennisplätze Zizers;Die Tennisplätze und das Clubhaus des Tennisclubs Zizers befinden sich am oberen Dorfrand von Zizers im Churer Rheintal. Sie bieten eine ruhige Umgebung und eine schöne Aussicht, ideal für eine entspannte Pause.;Die Plätze und das Clubhaus des Tennisclubs Zizers liegen an einem der schönsten Flecken im Churer Rheintal: Das «Stöckli» liegt am oberen Dorfrand von Zizers. Ein Besuch lohnt sich, selbst wenn man nicht Tennis spielen will. Einfach da sitzen, für einen kurzen Augenblick innehalten, die Ruhe und die schöne Aussicht geniessen, das tut gut. So oder so!;9.569778442382814;46.93203706901796;Im Stöckli;7205;Zizers;+41 81 322 51 88;info@tczizers.ch;http://www.tczizers.ch;[{'@type': 'ImageObject', 'contentUrl': 'https://ostpimtsoch.sos-ch-dk-2.exoscale-cdn.com/catalog/9/e/9/8/9e984dd503d43c85eebb035612c732191c5ab337_bacd20285733be403d709837e68efa98.jpeg'}];2026-07-21T20:59:40+02:00
6136c2c5-5338-4eba-bbbe-e328f51fee45;Hofladen Schloss Herdern;Schloss Herdern ist eine moderne Institution mit verschiedenen Arbeits- und Beschäftigungsmöglichkeiten sowie einem Angebot an spannenden touristischen Aktivitäten.;<p>Schloss Herdern ist eine Wohn-, Arbeits- und Beschäftigungsstätte. Im Zentrum steht dabei das Wohl und die Förderung jedes Einzelnen und die Schaffung eines Umfelds, in dem sich die Klienten geborgen und unterstützt fühlen.<br><br>In der hauseigenen Genussküche werden regionale Produkte der Eigenmarke «Genuss Handwerk» hergestellt. Die Klienten leisten einen wertvollen Beitrag, angefangen beim Rüsten über das Abfüllen bis hin zum Anbringen von Etiketten. Im Kreativatelier werden in entspannter Arbeitsatmosphäre Gegenstände unter der Eigenmarke «Design Handwerk» hergestellt. Diese und weitere Produkte werden im Schlossladen wunderschön präsentiert, auf Märkten verkauft oder über den Web-Shop vertrieben.<br><br>Verschiedene Anlässe auf Schloss Herdern locken immer wieder zahlreiche Besucher an wie der jährliche Tag des offenen Weinkellers, der Tag der offenen Tür, der Herbst- oder Weihnachtsmarkt.<br></p>;8.9100273;47.6041186;Haldenstrasse 1;8535;Herdern;+41 52 748 28 28;info@schlossherdern.ch;https://www.schlossherdern.ch/;[{'@type': 'ImageObject', 'contentUrl': 'https://ostpimtsoch.sos-ch-dk-2.exoscale-cdn.com/catalog/1/e/4/8/1e48ba67a86c4bed13c8efe24c76ec1540807eb8_64a127bbff7c333695d53c0b15bf327b.JPG'}];2026-06-15T22:55:14+02:00
61f722a0-cea8-4ad0-8499-88e57353751c;Conny Land AG;Grösster Freizeitpark der Schweiz.;Fun für die ganze Familie.
Die Cobra Grösste Linear Achterbahn von Europa, der Crazy Professor, indoor Free fall Tower für Adrenalin Fans und Mammut Baum, der  preisgekrönte Family Ride.;9.056918614008158;47.614582208073024;Conny Land Strasse 1-10;8564;Lipperswil;+41527627272;info@connyland.ch;https://www.connyland.ch/;[{'@type': 'ImageObject', 'contentUrl': 'https://ostpimtsoch.sos-ch-dk-2.exoscale-cdn.com/catalog/4/0/d/a/40da530ae107366c5daae63c7482007150c6461c_b119d4a8a11323f2f55176a2340bede5.jpg'}];2025-02-17T12:46:31+01:00
624ba23d-3707-4423-bd57-5d973fbb17e3;SUP4YOU;SUP4YOU betreibt in der Badi Steckborn eine automatisierte SUP-Mietstation am Untersee. Das Angebot ergänzt das touristische Freizeitangebot der Region und ermöglicht spontane Stand-up-Paddle-Erlebnisse direkt am Wasser.;<p>SUP4YOU betreibt in der Badi Steckborn am Untersee eine moderne Selbstbedienungs-Mietstation f&uuml;r Stand-up-Paddleboards (SUP). Das Angebot erweitert das Freizeit- und Wassersportangebot im Kanton Thurgau und erm&ouml;glicht einen unkomplizierten Zugang zum Stand-up-Paddling direkt am See. Dank der digitalen Mietstation k&ouml;nnen SUP-Boards spontan und bequem in rund einer Minute mit dem Smartphone gemietet werden: QR-Code an der Mietstation scannen, Board aus dem Fach entnehmen und direkt aufs Wasser starten. Die Lage in der Badi Steckborn bietet ideale Voraussetzungen f&uuml;r entspannte Touren mit Blick auf den Untersee und die gegen&uuml;berliegende Uferlandschaft. Die automatisierte L&ouml;sung verbindet moderne Technologie mit einem unkomplizierten Naturerlebnis und schafft maximale Flexibilit&auml;t f&uuml;r Einheimische und Ferieng&auml;ste.</p>;8.9694971;47.6587281;Seestrasse 188;8266;Steckborn;+41 79 504 91 77;bruno@sup4you.ch;https://sup4you.ch/de/strandbad-steckborn/;[{'@type': 'ImageObject', 'contentUrl': 'https://ostpimtsoch.sos-ch-dk-2.exoscale-cdn.com/catalog/c/3/4/9/c349a6747c76458dbcc95989785d213a0dc599f7_e987c1e67f00a2d2216a29c286e6c784.jpeg'}];2026-07-01T22:02:49+02:00
64561cc7-303b-4558-a203-dea3da578712;Private Spa im Boardinghouse St.Gallen;Zeit für Körper und Seele - Enstpannung, Erholung und Ruhe in der neuen Wellnessoase!;Hier im Herzen des urbanen Lachenquartiers lässt es sich wunderbar in die neuen Private Spas eintauchen. Das moderne und natürliche Ambiente begeistert und die Gäste können hier so richtig ausspannen. 

Private Spa Deluxe: Dampfbad / Sauna, Finarium / Erlebnisdusche / Whirlwanne / Liegestuhl / Lounge / Snacks / Getränke / Ausblick über die Stadt

Private Spa Superior: Dampfbad / Sauna, Finarium / Erlebnisdusche / Liegestuhl mit grosser Terrasse / Lounge / Snacks / Getränke / Ausblick über die Stadt

Auch für das leibliche Wohl wird gesorgt: Bei der Hausbäckerei Handmade Füger können süsse oder herzhafte Häppchen bestellt werden.;9.354960322380068;47.42007005807;Metallstrasse 16;9000;St. Gallen;+41 71 260 20 20;info@boardinghouse.ch;https://boardinghouse.ch/;[{'@type': 'ImageObject', 'contentUrl': 'https://ostpimtsoch.sos-ch-dk-2.exoscale-cdn.com/catalog/1/4/1/7/1417243601e0fed90e70c99fd83e0b541b25b072_e9c9fe6bd245e5f5d274f83198853783.png'}];2026-06-16T20:17:36+02:00
6481ce97-e3e9-4368-b50b-459c74592707;Langlauf Panorama-Loipe Scherb/Bendel (Hemberg - Ebnat-Kappel);Ein lehrreiches Vergnügen: Die Panorama-Loipe auf dem Scherb/Bendel zwischen Hemberg und Ebnat-Kappel führt an verschiedenen Aussichtspunkten vorbei.;Beim Langlauf nicht nur etwas für die Fitness tun, sondern gleichzeitig Aussichten geniessen und spannende Hintergrundinformationen erhalten? Das ist auf der rund fünf Kilometer langen Panorama-Loipe im Scherb/Bendel zwischen Hemberg und Ebnat-Kappel möglich. Auf acht Tafeln werden die einmaligen Ausblicke auf die Churfirsten, den Alpstein, das Neckertal, die Chrüzegg, den Stockberg, den Speer und Richtung Zürichsee mit geschichtlichen, geografischen und weiteren Informationen näher erklärt. Zusätzlich sind alle Tafeln mit einem Kindermärchen ergänzt. Das Märchen vom Heinzelmännchen Speerli ist fortlaufend über alle acht Tafeln geschrieben.;9.163026809692385;47.27713230427341;Salomonstempelstrasse;9642;Ebnat-Kappel;+41 77 521 58 04;bert.baumann@bluewin.ch;https://www.loipen-scspeer.ch/panoramaloipe/;[{'@type': 'ImageObject', 'contentUrl': 'https://ostpimtsoch.sos-ch-dk-2.exoscale-cdn.com/catalog/8/9/8/0/898011f42e9daf02af3c76b76fd8f3bd892a8bfa_bd53d37dff192363936c63e3ef2ad3fa.jpg'}];2025-10-28T16:23:25+01:00
6775e80e-7ff2-43ae-8623-89656e71b786;Ein Töffli-Tag mit Mofun;Wer hat sie nicht; die Töffli-Geschichte aus der Jugend, wo mit Töffli, Mofa, Moped, Hobel, oder wie man es denn nennen mochte, eine abenteuerliche Reise unternommen wurde? Falshback gefällig? Mofun in Schaffhausen machts möglich.;<p>Bei Mofun in Schaffhausen lassen sich Töffli für eine Rundfahrt mit Freunden, einen Vereinsausflug, Poltertag oder Firmenevent mieten. Das Schwelgen in Erinnerungen ist garantiert – wer denkt nicht gerne an seine Jugend zurück, als das Töffli das erste Stück Freiheit bedeutet? Heute fährt man mit den Mopeds von Mofun auf einen erlebnisreichen Ausflug durch die Region Schaffhausen, entlang von Rhein und Rebhang. Unterwegs ist man auf den legendären Pony Mofas, die seit 1961 in Feuerthalen hergestellt werden. Die Töffli haben nur einen Sprung über den Rhein zu Mofun gemacht und sind weiterhin in ihrem Heimatgebiet unterwegs. Mofun unterstützt bei der Routenwahl, Organisation eines Rahmenprogramms oder Führungen. Die komplette Ausrüstung wie Helm, Handyhalter, Routenplaner, Kindersitz und Notfallset wird bereitgestellt. Sollte ein Problem auftreten, gehört auch ein Pikett-Dienst zum Angebot.</p>;8.5017088;47.7019479;Am Ströössli;8214;Gächlingen;+41 79 930 28 21;info@mofun.ch;https://www.mofun.ch;[{'@type': 'ImageObject', 'contentUrl': 'https://ostpimtsoch.sos-ch-dk-2.exoscale-cdn.com/catalog/7/4/a/7/74a7b4e43ed15bb89e63e3e002bf92aa9e62bfd2_bb30b015fb44e498fefbf3606fe4d243.jpg'}];2025-02-17T13:24:37+01:00
693c4db0-e530-400e-b299-51b569251b80;Meier Schreinerei;Die Meier Schreinerei in Weinfelden bietet Workshops, in denen Teilnehmende eigene Massivholzunikate wie Schneidebretter, Sommerliegen oder Weihnachtsbäume fertigen. Ein kreatives Erlebnis und idealer Teamevent im Herzen des Thurgaus.;<p>Die Meier Schreinerei in Weinfelden ist ein traditionsreicher Handwerks-Familienbetrieb in vierter Generation. Hier trifft modernste CNC-Technologie auf klassisches Handwerk &ndash; vom digitalen Pr&auml;zisionsschnitt bis zum Arbeiten mit dem traditionellen Handhobel.</p>
<p>In den Workshops kommen beide Techniken zum Einsatz. Die Teilnehmenden arbeiten mit Schreinermaschinen und traditionellen Werkzeugen und erhalten wertvolle Tipps von versierten Handwerkern. Unter fachkundiger Anleitung entstehen einzigartige Massivholzst&uuml;cke &ndash; vom klassischen Schneidebrett &uuml;ber eine stilvolle Sommerliege bis hin zu einem modernen Weihnachtsbaum.</p>
<p>Mehr als nur ein Kurs: Dieser Workshop schafft Raum f&uuml;r Kreativit&auml;t und f&ouml;rdert den Teamgeist. Ob als Teamevent, Polterabend oder Firmenausflug &ndash; diese Erfahrung bleibt unvergessen. Vorkenntnisse sind nicht erforderlich.</p>;9.123382731334871;47.560791800000004;Mühlfangstrasse 18;8570;Weinfelden;+41 71 626 10 40;kmeier@meier-schreinerei.ch;https://legno-vivo.meier-schreinerei.ch/home.html;[{'@type': 'ImageObject', 'contentUrl': 'https://ostpimtsoch.sos-ch-dk-2.exoscale-cdn.com/catalog/a/e/4/2/ae42b32940603db53a239686961a6355865d6af1_b4989b5453d7f16f52bf4ed63004f9c7.jpg'}];2025-06-26T21:16:36+02:00
6ae75ef8-3fb9-4950-9e5e-ec879b9039ae;Skillspark;Die Bike Academy Toggenburg Trails bilden einen vielseitigen Bike Skillspark im idyllischen Eggewäldi.;Die Fahrtechnik kann auf Abschnitten unterschiedlicher Schwierigkeit geübt und verbessert werden. Insgesamt stehen rund 3km gekenntzeichnete Übungsabschnitte (blau, rot, schwarz) zur Verfügung. Die Bike Academy Toggenburg bietet Fahrtechnikkurse an, in welchen die sichere Herangehensweise erklärt und geübt wird.;9.342820644378664;47.200203329948586;Munzenriet 12;9658;Wildhaus;0786194990;office@bikeacademy-toggenburg.ch;https://bikeacademy-toggenburg.ch/skillspark;[{'@type': 'ImageObject', 'contentUrl': 'https://ostpimtsoch.sos-ch-dk-2.exoscale-cdn.com/catalog/a/9/4/f/a94f7ee7597c4ba00ad1236cd81863cb4ed4fd0a_6bf4709c7ad69f4ae5ad935618d1c575.png'}];2026-07-16T19:50:26+02:00
6e3d9576-d52e-480b-bf31-84628f5c907c;E-Bike Station Bad Ragaz;Die E-Bike Station Bad Ragaz mit Bikeverleih bietet eine moderne Mietflotte an Trek E-Bikes und E-Scootern. Sie ist ideal für Tipps zu Touren in der Region Heidiland, Buchungen von Guides und Fahrtechnikkursen. Betrieb von Mai bis Oktober.;<p>Betrieben vom Zweiradfachgeschäft Suso Bike aus Walenstadt bietet die Station eine topmoderne Mietflotte an Trek E-Bikes und E-Scooter. Wer Tipps für Touren mit dem E-Bike in der Region Heidiland braucht, einen Guide oder einen Fahrtechnikkurs buchen möchte, ist bei der E-Bike Station Bad Ragaz an der richtigen Adresse. - Trek E-Mountainbikes, Diamant City-E-Bikes und E-Scooter - Tipps, Infos und Kontakte zum Radfahren in der Region Heidiland - Buchung von Kulinarik-Touren und weitere Angebote der E-Bike Station Bad Ragaz - Geführte Touren mit Guide und Fahrtechnikkurse Gruppen haben die Möglichkeit, die E-Bikes an einen bestimmten Ausgangspunkt liefern zu lassen oder sie dort abzuholen. Preis auf Anfrage. Betrieb: Mai - Oktober</p>;9.505157;46.9997676;Hans Albrecht-Strasse;7310;Bad Ragaz;+41 81 735 32 70;badragaz@susobike.ch;https://www.ebikestation.ch/;[{'@type': 'ImageObject', 'contentUrl': 'https://ostpimtsoch.sos-ch-dk-2.exoscale-cdn.com/catalog/e/d/e/9/ede9e27dfa562c55355eac2e44599fe62a18c88d_be8d7f4d8f328d9ea70169b801944ab1.jpg'}];2026-08-07T20:34:45+02:00
6f11c76b-f6dd-4b94-9c11-812189705d9d;Schwimmbad Ebnat-Kappel;Herzlich Willkommen beim Schwimmbad Ebnat-Kappel
Im Schwimmabd Ebnat Kappel finden alle Besucher ein passendes Plätzchen zum Verweilen. Die weitläufige Liegewiese mit den schattenspendenden Bäumen bietet viel Platz für gross und klein.;Nutzen Sie im Sommerhalbjahr das 50m-Becken, die Rutschbahn und das 1 und 3 Meter Sprungbrett für einen schönen Badetag. In unser schönen Planschbecken mit Rutschbahn und Attraktionen fühlen sich die Kleinsten sehr wohl. 
Unser Badi-Restaurant verwöhnt die Gäste mit Fitnesstellern,  mit feinen Hamburger mit knackigen Pommes, feinen Eis aus der Region, einem guten Kaffee und viel mehr. 
Umkleidekabnen und Schliessfächer stehen gratis zur Verfügung, wie die warmen Duschen. Für Gross und Klein stehen auch Tischkickertische und Tischtennis zur Verfügung. 
Zugang möglich für RollstuhlfahrerInnen; eine Behinderten-Toilette und Behinderten-Umkleidekabinen! Einstiegshilfe vorhanden.;9.1229262;47.2659037;Badistrasse 4;9642;Ebnat-Kappel;079 314 69 94;schwimmbad@ebnat-kappel.ch;http://www.ebnat-kappel.ch/de/lebensraum/freizeitmain/schwimmbad/;[{'@type': 'ImageObject', 'contentUrl': 'https://ostpimtsoch.sos-ch-dk-2.exoscale-cdn.com/catalog/f/7/7/d/f77d3957512b8fbd6e3e4c97312fade748171efe_db33dcff7b3476401b0cdb05ef4937a5.jpg'}];2025-10-28T16:20:36+01:00
6fa15ff9-ea7b-4733-9dd9-6d79c6f55cd0;E-Tandem-Miete für alle;Die E-Tandem-Miete in Landquart bietet eine barrierefreie Möglichkeit, die Heidiland Region zu erkunden. Mit elektrischer Unterstützung können Paare und Familien mühelos die Umgebung entdecken. Attraktive Mietbedingungen für Menschen mit Beeinträchtigung sind verfügbar.;- Erleben Sie unvergessliche Abenteuer auf unserem Moustache E-Tandem!
- Perfekt für Freunde, Paare und Familien, egal ob mit oder ohne Beeinträchtigung!
- losfahren, Spaß haben und geniessen!
- elektrische Unterstützung für müheloses Fahren auch am Berg!
- Geniessen Sie die Heidiland Region und erkunden Sie neue Orte!
- sehr attraktive Mietbedingungen für Menschen mit Handycap an unserem Standort in Landquart bei der Sportshop 41 AG!
- Buchen Sie jetzt und entdecken Sie die Freude am E-Tandemfahren!

Worauf warten Sie noch? Lernen Sie diese schöne Region auf eine einzigartige und barrierefreie Art und Weise kennen!
Planen Sie noch heute Ihr Tandem-Abenteuer. Wir freuen uns darauf, Ihnen ein unvergessliches Erlebnis zu bieten!

Schweizerischer Blinden- und Sehbehindertenverband, Sektion Graubünden;9.5571107;46.9675999;Bahnhofstrasse 18;7302;Landquart;+41 81 330 04 41;info@sportshop41.ch;https://www.anderssehen.ch/landquart;[{'@type': 'ImageObject', 'contentUrl': 'https://ostpimtsoch.sos-ch-dk-2.exoscale-cdn.com/catalog/a/1/b/6/a1b6cfb88fd8731775c9978b039251e68c85b2cd_ce85a5ed21a0cc29acd7ee21a65e1c6f.jpg'}];2025-12-15T21:47:06+01:00
736d74dd-b29e-43d9-a41a-0e865e3672ef;Suso Bike GmbH, Walenstadt;Ihr Partner für alles rund ums Fahrrad: kompetente Beratung, erstklassige Werkstatt, hochwertige Bekleidung und Zubehör – für unvergessliche Radmomente!;<p>Wir sind Ihr erster Ansprechpartner rund um ihre Radmomente. Es ist uns wichtig das passende f&uuml;r ihre Bed&uuml;rfnisse zu finden, wir beraten sie kompetent, sind zuverl&auml;ssig und geben unser best M&ouml;gliches ihre W&uuml;nsche zu erf&uuml;llen.</p><p>Wir bieten ihnen beste Qualit&auml;t und Leistungen f&uuml;r Ihr Fahrrad vom Verkauf bis zur Reparatur in unserer professionellen Werkstatt mit ausgebildeten Fachkr&auml;ften, bei uns ist ihr Zweirad in den richtigen H&auml;nden, auch nach dem Kauf sind wir f&uuml;r sie da.</p><p>Zudem f&uuml;hren wir Bike Bekleidung vieler Marken, von der Socke bis zum Helm! Auch f&uuml;r alles rund herum sind wir ausgestattet von der Bikekarte, &uuml;ber den Einkaufskorb f&uuml;r ihr Velo bis hin zur Beleuchtung!</p>;9.314852618499426;47.12321125;Burgstrasse 11;8880;Walenstadt;+41 81 735 32 70;info@susobike.ch;http://www.susobike.ch;[{'@type': 'ImageObject', 'contentUrl': 'https://ostpimtsoch.sos-ch-dk-2.exoscale-cdn.com/catalog/2/a/a/b/2aab7450c80890f3adf6931f235204a6932726d9_328b2daa6c20e64241b4bfab5a22a213.jpg'}];2026-03-05T21:27:57+01:00
7441b9ad-515d-4d1e-af39-fa8ae5370649;Metzgerei Kalberer;Metzgerei Kalberer – seit über 80 Jahren für regionale Fleisch- und Wurstspezialitäten bekannt. Frisch, hochwertig und mit Tradition.;<p data-start="152" data-end="472">Die Metzgerei Kalberer AG in Wangs steht seit mehr als acht Jahrzehnten f&uuml;r erstklassige Fleisch- und Wurstspezialit&auml;ten. In Familienbesitz gearbeitet, legt das Unternehmen grossen Wert auf Regionalit&auml;t: die Tiere stammen von einheimischen Lieferanten, und die Herstellung erfolgt m&ouml;glichst ohne unn&ouml;tige Zusatzstoffe.</p><p data-start="474" data-end="861">Neben dem Verkaufsladen in Wangs betreibt Kalberer eine Produktionshalle in Vilters. Wer auch ausserhalb der Ladenzeiten hochwertiges Fleisch w&uuml;nscht, profitiert vom Fleischautomaten neben dem Laden &ndash; rund um die Uhr mit Barzahlung nutzbar. Mit etwa 15 Mitarbeitenden bietet die Metzgerei pers&ouml;nlichen Service, Frische und Verl&auml;sslichkeit f&uuml;r alle, die Wert auf echte Metzgerkunst legen.</p>;9.431564;47.0322727;Dorfstr. 26;7323;Wangs;+41 81 723 13 69;info@metzgerei-kalberer.ch;https://www.metzgerei-kalberer.ch/;[{'@type': 'ImageObject', 'contentUrl': 'https://ostpimtsoch.sos-ch-dk-2.exoscale-cdn.com/catalog/e/9/0/8/e9086439926f584f8d621632bfb9b16433ac7cd4_de28a7fdd58a6d67219fce27c482d1ef.jpg'}];2026-01-19T22:24:24+01:00
74a4f83b-28b2-4846-a580-43d93845bdad;Schweizer Skischule Bad Ragaz-Wangs-Pizol;Die Schweizer Skischule Bad Ragaz-Wangs-Pizol bietet Privat- und Gruppenunterricht für Skifahrer und Snowboarder aller Könnerstufen. Der Unterricht wird individuell auf die Bedürfnisse der Teilnehmenden abgestimmt, um den besten Lernerfolg zu erzielen.;<p>Privat- sowie Gruppenunterricht</p><p>Bester Lernerfolg! Ihr Schneesportlehrer richtet den Unterricht auf Ihre Bedürfnisse und Wünsche aus. Für Kinder und Erwachsene, für Skifahrer und Snowboarder aller Könnerstufen.</p>;9.4641886;46.9894085;[{'@type': 'ImageObject', 'contentUrl': 'https://ostpimtsoch.sos-ch-dk-2.exoscale-cdn.com/catalog/1/1/7/0/11709d937bbff4de4db5a7567c015aaa705a2363_8dd83565389caa2ad37c9dafaf9e9e4a.jpg'}];2025-12-17T22:41:14+01:00
76381e05-743d-49f1-8335-97be6557af91;Kletterturm CLiiMBER;Der Kletterturm CLiiMBER auf der Prodalp bietet über 100 Kletterstationen auf drei Etagen. Mit flexiblen Routen und unterschiedlichen Schwierigkeitsgraden ist er ideal für Familien und Gruppen. Der MiniCLiiMBER und flyingCLiiMBER bieten zusätzliche Erlebnisse.;Kletterturm CLiiMBER – das heisst für dich abwechslungsreicher Kletterspass mit über 100 Kletterstationen kompakt eingebettet auf 3 Etagen im kristallförmigen Turm auf der Hochebene Prodalp.

Jede Etage bietet 30 verschiedene, originell ausgearbeitete Kletterstationen mit unterschiedlichem Design und Schwierigkeitsgrad.

Durch die flexible Parcoursreihenfolge entscheidest du selber, welche Route du nimmst und erhöhst deinen Schwierigkeitsgrad hinauf zur 3. Etage auf luftige 15 Meter Höhe nach eigenem Ermessen.

miniCLiiMBER
Der exklusive MiniCLiiMBER ermöglicht gar Kids ab 4 Jahren oder bis 1.40 m erste Kraxeltouren.

flyingCLiiMBER
Lass dich ab den oberen Etagen vom Kletterturm in die Weite tragen und schwebe mit dem flyingCLiiMBER auf 6 verschiedenen Linien, auf über 15 Meter Höhe und 700 m Länge. Spüre den Wind und geniesse die herrliche Aussicht. Dieses Erlebnis ist nur für Personen die grösser als 1.40 m sind erlaubt. 

CLiiMBERwall
Deine Geschicklichkeit ist gefragt. Klettere auf 5 Kletterrouten auf eine Höhe von 6 Metern. Versuche dich in dieser faszinierenden Sportart und trainiere deine Kraft in Händen und Armen. Kinder ab 4 Jahren dürfen die CLiiMBERwall benützen. Das Selbstsicherungssytem bringt alle Kletternden sicher wieder auf den Boden.;9.288795590400698;47.080727680903;Prodalp;8897;Flumserberg Tannenheim;+41 81 720 15 15;info@flumserbergbahnen.ch;https://www.flumserberg.ch/kletterberg;[{'@type': 'ImageObject', 'contentUrl': 'https://ostpimtsoch.sos-ch-dk-2.exoscale-cdn.com/catalog/d/7/2/9/d729b83dbe3d6e9027f6ed1a5fc427b17b6175f6_1495f36507a49c22473c033589c34939.jpg'}];2026-06-24T20:39:37+02:00
791f3b4e-6af1-43c3-ace2-1f1598aefc5f;Boulderei GmbH;Die Boulderei GmbH in Flums bietet eine 220 m2 grosse Boulderhalle mit Routen für alle Schwierigkeitsgrade. Eine Lounge und eine Bar sorgen für Entspannung, während eine Kinderecke die kleinen Gäste willkommen heisst.;Wir bieten mit unserer Boulderhalle mit 220 m2 eine Vielzahl an Routen in allen möglichen Schwierigkeitsgraden an. Bei uns findet der Anfänger sowie der Profi eine geeignete Route, die seinen Ansprüchen gerecht wird.

Neben unserer Boulderwand bieten wir eine Lounge für die Erholung und betreiben eine kleine Bar, an der man den Durst löschen kann. 

Auch Kinder sind bei uns herzlich willkommen. Für unsere kleinen Besucher haben wir eine spezielle Kinderecke gebaut, in der sich die Begleiter von Mama und Papa ideal zurückziehen können.

Für Firmen, Schulen, Kindergeburtstage und grössere Gruppen ab 8 Personen besteht die Möglichkeit, die Boulderhalle auch ausserhalb der Öffnungszeiten zu mieten.;9.341082572937013;47.087936510281935;Bergstrasse 31c;8890;Flums;+41 78 741 24 17;info@boulderei.ch;http://www.boulderei.ch/;[{'@type': 'ImageObject', 'contentUrl': 'https://ostpimtsoch.sos-ch-dk-2.exoscale-cdn.com/catalog/d/4/e/d/d4ed46e65a712bee5818aa920d974919fbfd20dc_83f5ba73b71b6759dc7e47e4a5146803.jpg'}];2025-10-31T20:44:43+01:00
7a0eba2d-e7f9-42a1-8545-505e95e9b997;Foto Fetzer;Foto Fetzer in Bad Ragaz bietet ein breites Spektrum an Fotodienstleistungen. Das Fachgeschäft zeichnet sich durch Kreativität, Zuverlässigkeit und Qualität aus und ist sowohl für Innen- als auch Aussenaufnahmen geeignet.;Kreativität, Zuverlässigkeit und Qualität sind Werte, die uns auszeichnen. Mit unserem spezialisierten und motivierten Team, das sich laufend weiterbildet, stehen wir Ihnen mit unserem Fachwissen jederzeit gerne zur Verfügung. Unsere Aufnahmen umschreiben wir als natürlich, lebendig und gefühlvoll.;9.500808119773867;47.00266071223961;Bartholoméplatz 11;7310;Bad Ragaz;+41 81 302 11 10;info@fetzer.ch;https://fetzer.ch/;[{'@type': 'ImageObject', 'contentUrl': 'https://ostpimtsoch.sos-ch-dk-2.exoscale-cdn.com/catalog/b/3/2/6/b326a1eacc80101b8f9892cfa34e16a39bd8f87c_a5d66d1b61de6692063f2f79334a2248.jpg'}];2026-08-12T21:04:01+02:00
7b96fe53-944c-4fb2-a879-b3fc1f441800;Toggenburger Kräuterfrauen;An einem Sonnenhang auf 850 m.ü.M. bauen wir von Hand Kräuter in Bio-Qualität an, die wir zu aromatischen Tee- und Küchenkräutermischungen verarbeiten. Entdecken Sie unser vielfältiges Angebot an getrockneten Kräutern im Online-Shop oder besuchen Sie im Sommer unseren Hof.;Tauchen Sie in die Welt der Kräuterfrauen ein und erfahren Sie auf einem Erlebnis-Rundgang selbst die Arbeit mit den farbintensiven und duftenden Kräutern. Nach Lust und Laune dürfen Sie Kräuter von unserem Acker ernten und mit unseren Tipps eine eigene Teemischung zusammenstellen, die wir anschliessend für Sie trocknen. Auf unserer Website finden Sie noch weitere Angebote für Ihren Ausflug zu uns.;9.16558835;47.25783525;Hof-Wintersberg 2373;9642;Ebnat-Kappel;+41719939667;info@kraeuterfrauen.com;https://kraeuterfrauen.com;[{'@type': 'ImageObject', 'contentUrl': 'https://ostpimtsoch.sos-ch-dk-2.exoscale-cdn.com/catalog/b/7/2/8/b7289d949f41c442625ffaaaf89fbfdcc2e32311_0ae9330fa9936f017530df7f90a27194.jpg'}];2026-04-01T19:44:25+02:00
7bcf4ffc-eb85-4b0b-bbdc-b0c65c08e451;Kronberg Luftseilbahn / Bobbahn / Zipline-Park / Märliwelt;Der Kronberg bietet krönende Erlebnisse: Auf dem Berg erwartet dich ein Berggasthaus mit feiner Küche und ein Ausgangsort für Wanderungen oder der längste Schlittelweg der Ostschweiz. Im Tal lädt ein Zipline-Park, eine Märliwelt und eine Bobbahn zum Verweilen ein.;<p>Der Kronberg begeistert mit krönenden Erlebnissen im Takt der Natur auf dem Berg und im Tal: Auf dem Berg lädt das Berggasthaus mit Sonnenterrasse zum «höckle ond gnüsse» ein – mit dem atemberaubenden 360-Grad-Panorama vom Alpsteinmassiv bis zum Bodensee. Im Sommer gibt es diverse Wege für abwechslungsreiche Wanderungen, und im Winter lockt der längste Schlittelweg der Ostschweiz. Auch im Tal bieten wir mit der Bobbahn, der Märliwelt und dem Zipline-Park ein unvergessliches Erlebnis. Auf der Bobbahn heisst es freie Fahrt für rasanten Spass! In der Märliwelt begleiten Arnika und Jacobi durch ihre Welt voller märchenhafter Abenteuer mit Wasser und Sand bis hin zu luftigen Kletterhöhen. Staunende Kinderaugen sind hier garantiert! Und wer noch etwas mehr Action will, dem raten wir zu Nervenkitzel auf dem Zipline-Park. Neben dem integrierten Seilpark sorgen 25 Ziplines mit insgesamt 1210 Metern Länge für Abwechslung und rasanten Spass. Planst du einen Ausflug mit einer Gruppe? Suchst du dabei etwas Spezielles? Auf die Preise der Luftseilbahn, der Bobbahn, des Zipline-Parks und der Märliwelt gewähren wir Gruppen ab 10 Personen 20% Rabatt auf alle Einzel-Eintrittspreise.</p>;9.32832;47.3198528;St. Josefstrasse 2;9108;Jakobsbad;+41717941289;info@kronberg.ch;https://www.kronberg.ch;[{'@type': 'ImageObject', 'contentUrl': 'https://ostpimtsoch.sos-ch-dk-2.exoscale-cdn.com/catalog/d/7/b/d/d7bd737517589dbb293181ab0c3c851d8aa65e75_57c64b978584f645a8334ed82ae808e8.jpg', 'caption': {'de': 'Spiel und Spass im Zipline-Park'}}];2025-03-26T18:10:21+01:00
7e759b10-9f0b-4d17-92eb-d05d9398a49c;Start Snowboarding - Snowboardschule;Die Snowboardschule 'Start Snowboarding' in Flumserberg bietet private Kurse für Anfänger an. In vier Lektionen lernen Teilnehmende die Grundlagen des Snowboardens, begleitet von einem Privatlehrer, der auf individuelle Bedürfnisse eingeht.;Snowboarden zu lernen ist keine Hexerei. Während den 4 Privatlektionen, aufgeteilt auf den Morgen und Nachmittag, lernst du endlich Snowboarden! In diesem privaten Snowboardkurs in Flumserberg für Beginner, gehen wir locker sämtliche Schritte bis zu den ersten Basic-Turns durch. Das heisst du wirst bereits die ersten Kurven lernen. Der Kurs richtet sich speziell an Anfänger, welche zum ersten Mal auf dem Snowboard stehen werden. Dank dem Privatlehrer steht dir bei jedem Schritt jemand zur Seite, welche auf deine Bedürfnisse und Fortschritte eingehen kann und dir in jeder Situation zur Seite steht. Falls du den Kurs mit einer Kollegin oder einem Kollegen besuchen willst, darf dieser Gratis teilnehmen.;9.278898239135744;47.090753870005436;Bahnhofstrasse 1;8890;Flums;+41 78 705 23 97;info@startsnowboarding.ch;https://www.startsnowboarding.ch;[{'@type': 'ImageObject', 'contentUrl': 'https://ostpimtsoch.sos-ch-dk-2.exoscale-cdn.com/catalog/2/d/1/d/2d1dc433880cac0a8e0d19c92a1451d1472825de_a4c3f4a95f274352d46088940716f0b4.jpg'}];2025-11-25T22:44:00+01:00
7eb523ec-6c24-442d-a5b5-1c17370e5b1e;Rheinschlauchboot.ch;Vermietung von Schlauchbooten und Kajaks auf dem Rhein zwischen Stein am Rhein, Diessenhoffen-Gailingen und Schaffhausen.;Das Rheinböötle oder Rhyböötle im lokalen Dialekt ist eine Tradition, die du nicht verpassen solltest! Seit Generationen geniessen die Einheimischen die Fahrt auf dem majestätischen Rhein - eine ganz besondere Art, einen Sommertag zu verbringen. Rheinschlauchboot.ch bietet professionelle Schlauchboote und Kajaks für 1-6 Personen zum Mieten an. Boote, Paddel, Schwimmwesten und eine umfassende Sicherheitseinweisung sind inbegriffen und sorgen für einen unvergesslichen Tag auf dem Fluss. Lass dich treiben, schwimme, entspanne dich und hab einfach viel Spass auf einem der schönsten Flussabschnitte Europas.

Auf dem Weg nach unten gibt es eine Reihe von Restaurants, Picknickplätzen und Grillstellen, an denen du auf jeden Fall einen Platz finden wirst, um deine Füsse wieder an Land zu bringen und den anderen Flussbenutzern bei ihrer Fahrt zuschauen kannst. Es ist ein toller Tag für Jung und Alt, den man jedes Jahr wiederholen sollte.;8.854014276668611;47.6626539;Parking Hettler, Hemishoferstrasse;8260;Stein am Rhein;+41 76 383 92 15;info@rheinschlauchboot.ch;https://www.rheinschlauchboot.ch;[{'@type': 'ImageObject', 'contentUrl': 'https://ostpimtsoch.sos-ch-dk-2.exoscale-cdn.com/catalog/b/4/8/4/b484f11f77a31a34df95c6ee4934137fe1925291_30d5187550901b4b557235d573643f36.png'}];2025-03-31T18:55:31+02:00
7f101480-6382-4a08-8952-2a8ecef23dbf;Sesselbahn Krummenau – Wolzenalp;Lehnen Sie sich zurück. Mit der Sesselbahn gelangen Sie bequem auf die Wolzenalp. ;Von Krummenau aus können Sie sich mit der Sesselbahn Krummenau-Wolzenalp zum Rietbach hinauf fahren lassen und dabei das Tal der Thur aus luftiger Höhe betrachten.
Nach einer schönen Wanderung, einer Rast bei einer Feuerstelle oder auf der Sonnnenterrasse des Restaurant Wolzenalp, haben Sie sicher wieder Energie getankt für den Abstieg ins Tal.
Keine Behinderten-Toilette; nur bedingt geeignet für RollstuhlfahrerInnen.;9.168820381164553;47.24394410701422;9643;Krummenau;+41 71 994 11 61;info@wolzenalp.ch;https://wolzenalp.ch;[{'@type': 'ImageObject', 'contentUrl': 'https://ostpimtsoch.sos-ch-dk-2.exoscale-cdn.com/catalog/c/2/1/7/c2175a46f60abe1e5f7d8189ff2f6b3425cca2be_5e702fe1266e14f8f4a236d2d8b0ae99.jpg'}];2026-02-26T19:55:43+01:00
7f3b889f-6fbe-498d-a36e-5167bcb5e2cd;INTERSPORT Network Flumserberg Testcenter Prodalp;Test & Buy direkt an der Piste.;Auf Prodalp finden Sie das Testcenter des INTERSPORT Network Flumserberg. Es steht Ihnen eine grosse Auswahl an Schneesportausrüstung direkt vor Ort zum Testen wie zum Kaufen zur Verfügung. Des Weiteren haben Sie die Möglichkeit Ihren Skiern oder dem Snowboard den letzten Wachs- bzw. Kantenschlief zu verpassen.

Test & Buy
Sie möchten sich gerne ein neues Paar Ski oder ein neues Snowboard kaufen, sind sich aber noch nicht sicher welche Marke beziehungsweise welches Modell es sein soll? Im Testcenter Prodalp haben Sie die Möglichkeit Snowboards und Skier direkt vor Ort zu testen. Bei der Bezahlung des Testtarifes haben Sie die Möglichkeit eines uneingeschränkten Materialwechsels während der Mietdauer. Und zudem werden beim Kauf bis zu zwei Testtage an den Preis angerechnet.;9.288613724365861;47.08039230899453;Testcenter Prodalp;8897;Flumserberg;+41 81 720 16 04;prodalp@intersport-network.ch;https://www.intersport-network.ch/filialen/testcenter-prodalp/;[{'@type': 'ImageObject', 'contentUrl': 'https://ostpimtsoch.sos-ch-dk-2.exoscale-cdn.com/catalog/8/2/c/4/82c41eba10a95bac71ca4ad095b1e02e627908c4_7c4374a04933339461cb84130ca4a510.jpg'}];2025-03-14T20:25:11+01:00
81af0ace-bb54-4f54-8c5d-f5f21f062d35;Buchladen Bad Ragaz;Der Buchladen Bad Ragaz bietet eine sorgfältig ausgewählte Buchkollektion im Herzen von Bad Ragaz. Eine persönliche Beratung vor Ort ist selbstverständlich, um die passende Lektüre für jeden Geschmack zu finden.;Bücherliebhaber.   Bei unserer kleinen, aber feinen Auswahl an Büchern wird jeder fündig. Alle Titel sind persönlich ausgewählt und die Auswahl immer aktuell.  Eine persönliche Beratung vor Ort ist für uns selbstverständlich;9.501081705093384;47.00311805552805;Bartholoméplatz 3;7310;Bad Ragaz;+41 81 302 16 14;info@buchbadragaz.ch;https://buchbadragaz.ch/;[{'@type': 'ImageObject', 'contentUrl': 'https://ostpimtsoch.sos-ch-dk-2.exoscale-cdn.com/catalog/3/f/a/a/3faa93d76def84ba92ff03dabdd4a8ec4d9ba3dd_60c11cc611bdbf196bbe9fa596a839a5.png'}];2025-12-15T21:47:06+01:00
82ae06fb-bf9c-4634-b23a-275d0806d7b6;Bergrestaurant Prodalp;Das Bergrestaurant Prodalp bietet ein Selbstbedienungskonzept mit 400 Sitzplätzen und einer Terrasse für 250 weitere Gäste. Es ist ideal für Veranstaltungen und bietet flexible Nutzungsmöglichkeiten dank mobilem Mobiliar.;Das Bergrestaurant Prodalp ist ein klassisches Selbstbedienungsrestaurant, mit bis zu 400 Sitzplätzen. Die verschiedenen Räume sind mit mobilem Mobiliar ausgestattet, was einen flexiblen Einsatz ermöglicht. Die grosszügige Terrasse bietet weitere 250 Sitzplätze, wovon sich ein Teil im überdachten Sektor mit Windschutzverglasung befindet. Das Bergrestaurant Prodalp bietet idealen Raum für individuelle Anlässe von Firmen, Vereinen oder Gruppen sowie beste Voraussetzungen für Meetings, Seminare und grössere Veranstaltungen.

Das Prodissimo ist der ideale Ort für einen Zwischenhalt bei Ihrem Wintersporttag am Flumserberg. Wir bieten Ihnen neben einer grossen Auswahl an Getränken, leckere Snacks sowie Gebäck. Des Weiteren verkaufen wir bei uns die attraktiven Artikel aus dem Flumserberg FanShop. Das Prodissimo befindet sich direkt neben der CLiiMBER Ausgabestelle bei der Talstation der 8er-Sesselbahn Prodkamm.

Die moderne FahrBar besitzt eine abwechslungsreiche Getränkekarte mit warmen und kalten Drinks für jeden Geschmack. Die FahrBar ist der perfekte Ort für einen Zwischenstopp - sei es bei einem erlebnisreichen Wintersporttag oder einer atemberaubenden Winterwanderung am Flumserberg.;9.289385010844985;47.08064675;Prodalp;8897;Flumserberg Tannenheim;+41 81 733 27 23;info@prodalp.ch;http://www.prodalp.ch;[{'@type': 'ImageObject', 'contentUrl': 'https://ostpimtsoch.sos-ch-dk-2.exoscale-cdn.com/catalog/7/9/0/8/79087d5d1a389df03a9c31f980adcd1ec4607e15_21febea2c89630c75d074daad1c4c315.jpg'}];2025-12-07T16:30:26+01:00
82d07b7c-3b6e-4364-b57f-bd60cdc0c42a;THOMIS Schoggikreationen Manufaktur;THOMIS Schoggi Kreationen aus Schaffhausen mit dem gewissen Etwas...
machen Glücklich und passt zu jedem Anlass das ganze Jahr...
Einfach himmlisch gut!;Alle Schoggi Spezialitäten sind Eigenkreationen mit Liebe zum Detail handgemachte Pralines &amp; Truffés und Schaffhauser Spezialität die Schaffhuuser Spatzen mit dem Original Munot Spatzen.

Jedes Stück ist ein Unikat.

Bei mir werden keine künstlichen Konservierungsstoffe und zusätzlichen Butter und Zucker dazugegeben. Ausser es enthalten bereits in den Rohstoffen enthaltene Stoffe. Das Rohmaterial wird immer frisch nach Möglichkeit aus der Region oder aus der Schweiz verwendet. Die Schokolade ist aus bester Edler Schweizer Grand Cru Couverture wie auch die Liköre &amp; Spirituosen sind ausschliesslich mit edlen Marken aus der Schweiz &amp; aus Regionalen Eigenbränden von der Distillerie Zimmerli Hans Zimmerli, 8215 Hallau hergestellt. 
Damit die Frische aller Produkte garantiert ist werden immer nur kleinere Mengen hergestellt. Alle Schoggi Kreationen sind Naturbelassene Produkte und haben somit eine begrenzte Haltbarkeit.

Ich habe keinen Verkaufsladen. Meine Schoggi-Spezialitäten können Sie bei meinen Geschäftspartnern in Ihren Verkaufsläden kaufen. (Sehen Sie auf der Rückseite vom Flyer unter Geschäftspartner & Empfehlungen.)

Die Produkte werden auch direkt von mir an den Kunden ausgeliefert oder auf Wunsch bei kühleren Tagen (bis 15°-18°C) per Post versenden.
Auf Wunsch und Voranmeldung können die Kreationen bei mir in der Produktion auch abgeholt werden.

Meine Geschäftspartner und ich, THOMIS Schoggikreationen Manufaktur freuen sich auf Ihren Besuch und Einkauf.

Bis Bald
Ihre THOMIS Schoggikreationen Manufaktur aus Schaffhausen mit dem gewissen Etwas...

NEU auch auf Instagram: @thomisschoggikreationen;8.645208632060285;47.71543615;Steingutstrasse 32;8200;Schaffhausen;+41 76 340 69 88;thomisschoggikreationen@bluewin.ch;https://www.schoggitraumkreationen.ch;[{'@type': 'ImageObject', 'contentUrl': 'https://ostpimtsoch.sos-ch-dk-2.exoscale-cdn.com/catalog/9/4/9/6/9496d60d00bce5588b8b750a20ae20e110143016_2ac79aa1b3af8688327ed7faf5984cd9.jpeg'}];2025-09-08T18:56:43+02:00
831134dd-4b85-4a3c-b444-cd46e79178ed;Rodelbahn FLOOMZER;Die Rodelbahn FLOOMZER am Flumserberg bietet eine 2 km lange Abfahrt durch Tunnel, über Brücken und Kurven. Dank wetterfester Fahrzeuge ist der Spass bei jeder Witterung möglich. Ein beliebtes Ziel für Familien und Gruppen.;Flitze auf der sicheren Rodelbahn 2 km und 250 Tiefenmeter durch Tunnel, über Brücken, Kurven, Wellen und Kreisel durch die atemberaubende Landschaft vom Chrüz bis nach Tannenboden. Mit dem attraktiven Early Bird-Angebot profitierst du täglich von unlimitierten Rodelfahrten von 10.00 bis 12.00 Uhr. Dank der wetterfesten Rodel-Fahrzeuge, kann der FLOOMZER-Spass bei jeder Witterung stattfinden. Die Rodelbahn FLOOMZER ist ein beliebtes Ausflugsziel für Familien, Gruppen, Vereine und Firmen.;9.2807483;47.0919796;Molseralpstrasse 9;8898;Flumserberg Tannenboden;+41 81 720 15 15;info@flumserbergbahnen.ch;https://www.flumserberg.ch/rodelberg;[{'@type': 'ImageObject', 'contentUrl': 'https://ostpimtsoch.sos-ch-dk-2.exoscale-cdn.com/catalog/d/7/d/1/d7d18c7b6b830d0c73bb74454c73c61eec9c981b_3ab2c2d291cba1c7d591a83256c013ff.jpg'}];2026-06-24T20:59:49+02:00
838c65b3-d7a8-4e03-a783-4009445ffe18;Kino Säntis Lodge;In unserem hauseigenen Kino sorgen wir täglich gleich zweimal für Ihre Unterhaltung! Freuen Sie sich auf abwechslungsreiche Filmvorführungen, gemütliche Atmosphäre und unvergessliche Momente bei jedem Besuch.;Das Kino Säntis Lodge bietet zweimal täglich verschiedene Filmvorführungen an. Die Vorstellungen finden jeweils um 16:30 Uhr und um 20 Uhr* statt und sind kostenlos. 
Das Kino kann ausserdem ebenfalls für individuelle Anlässe, wie zum Beispiel Geburtstagspartys mit einem Wunschfilm und Pizzaplausch, benutzt werden. Familienfreundlich und gemütlich in Filme eintauchen geht nirgends besser als hier. 

Wir freuen uns auf Ihren Besuch!

*Bitte beachten Sie, dass der Zugang zum Film ab 20 Uhr nur auf Voranmeldung möglich ist.<;9.3133166;47.1963286;Hauptstrasse 16;9657;Unterwasser;+41719992727;info@bergundbett.ch;https://bergundbett.ch/kinoprogramm/;[{'@type': 'ImageObject', 'contentUrl': 'https://ostpimtsoch.sos-ch-dk-2.exoscale-cdn.com/catalog/4/9/7/c/497c01cb475a8df5258f3cfa914a4d81a351ea5d_c298166948a25758a4808265769985f0.jpg'}];2026-05-06T19:26:09+02:00
85e021f6-840c-4cae-aceb-a9547f83e498;Schwimmbad Hallau;Der Treffpunkt und Erholungsort für alle Generationen;Längen schwimmen, plantschen, rutschen oder einfach auf der Liegewiese den Tag geniessen – so kannst du deine Freizeit in unserer Badi verbringen. Eingebettet in die Natur und mit herrlicher Aussicht auf die wunderschönen Rebberge bietet das Schwimmbad Hallau für alle Generationen das passende Angebot. Lass dir die warme Jahreszeit bei uns versüssen und besuche uns im Schwimmbad.
- 50 m Becken
- 3 m und 1 m Sprungbrett
- verschiedene Rutschen
- Kinderbecken und Kleinkinderbecken
- Spielplatz mit Sandkasten und Schaukeln
- Tischtennisplatten
- grosse Liegewiese mit schattenspendenden Bäumen
- Grillstelle, Feuerholz ist vorhanden
Unser Kiosk lädt mit seinem Angebot an Ess- und Trinkwaren zum Verweilen auf der Terrasse ein.

Die Badi Hallau hat ab Mitte Mai bis Mitte September geöffnet.;8.454208062530224;47.699391;Tacherstrasse 14;8215;Hallau;+41 52 681 35 29;info@schwimmbad-hallau.ch;https://schwimmbad-hallau.ch/;[{'@type': 'ImageObject', 'contentUrl': 'https://ostpimtsoch.sos-ch-dk-2.exoscale-cdn.com/catalog/6/0/7/f/607fbf9ffcdbbade7e5891966a4dc3b17b1327f3_f408c248e3154c701706faebb3c7fa31.jpg'}];2025-02-17T12:53:53+01:00
86a7bf84-2678-4b74-be1b-6c61cd3e613e;Schwimmbad Flaach;Gleich neben dem Naturzentrum Thurauen befindet sich das Schwimmbad der Gemeinde Flaach. Von Mai bis September ist der Badespass im Pool und im Rhein garantiert.  ;Auf dem gleichen Gelände wie das Naturzentrum Thurauen bietet die Badi Flaach ein 25 Meter langes Schwimmbecken mit Sprungturm, ein Kinderplanschbecken mit Wasserrutsche und Sonnensegel sowie grosszügige Liegewiesen direkt am Rhein.
Das Schwimmbad liegt direkt neben dem Campingplatz Flaach.
Rollstuhlgängige Badezufahrt mit Pool-Lift, gestiftet durch die Schweizerische Stiftung für das cerebral gelähmte Kind.;8.582048930628215;47.57834185;Stäubisallmend 1;8416;Flaach;+41 52 301 30 56;https://www.flaach.ch/sport/3534;[{'@type': 'ImageObject', 'contentUrl': 'https://ostpimtsoch.sos-ch-dk-2.exoscale-cdn.com/catalog/1/5/f/4/15f493b356e9e894ae1095836a07622411e5a250_6d1afbb81e7d01d1023b6fa860b394e7.jpg'}];2025-02-17T12:53:53+01:00
86c6040a-ab68-43a6-8618-248384eb6d06;Müller Fleisch GmbH;Unser Versprechen: «Feins, für Sie do gmacht!»;<p class="MsoNormal">Von der Pferdemetzgerei zum vielseitigen Fleischfachbetrieb: Wir bieten hochwertiges Pferde-, Schweine-, Rinder-, Kalb-, Poulet- und Lammfleisch aus eigener Herstellung&nbsp;&ndash; regional, frisch und qualitativ hochwertig.</p><p class="MsoNormal">Erh&auml;ltlich bei uns in Schleitheim und auch bei Wiederverk&auml;ufern. Sowie, in der Gastronomie und an regionalen Anl&auml;ssen sind wir vertreten.<br>Entdecken Sie mehr auf unserer Website (Online Shop) und folgen Sie uns auf Social Media f&uuml;r aktuelle Neuigkeiten.</p>;8.4776524;47.7447091;Hallauerstrasse 26;8226;Schleitheim;+41 52 680 22 66;info@muellerfleisch.ch;https://www.muellerfleisch.ch/;[{'@type': 'ImageObject', 'contentUrl': 'https://ostpimtsoch.sos-ch-dk-2.exoscale-cdn.com/catalog/c/1/2/0/c120839678a8b09c592d49aac1b907ebf6fb9eed_07e2b7cf93d12e009b5727202044e260.jpg'}];2025-12-22T19:10:13+01:00
86cdf6c2-b02f-42f4-8972-fe35889ef0d3;Alprestaurant Panüöl;Das Alprestaurant Panüöl am Flumserberg bietet eine ruhige Atmosphäre mit einer gemütlichen Sonnenterrasse und beeindruckendem Bergblick. Es ist zu Fuss erreichbar und bietet Übernachtungsmöglichkeiten sowohl im Restaurant als auch in der Alphütte.;Stärken Sie sich für Ihren Tag auf den Ski bei einem Aufenthalt im Alprestaurant Panüöl. Die Inneneinrichtung aus viel Holz verspricht eine heimelige Atmosphäre und auch die gemütliche Sonnenterrasse lädt zum Verweilen ein. Der Blick auf die rundumliegende Bergwelt ist überwältigend.

Das Alprestaurant Panüöl ist auch zu Fuss erreichbar. Erleben Sie die Ruhe am Flumserberg bei einer gemütlichen Winterwanderung ab Prodalp oder besuchen Sie das Alprestaurant mit dem Panüöl-Sessel via Maschgenkamm.

Sowohl im Alprestaurant Panüöl wie auch in der Alphütte Panüöl werden Übernachtungsmöglichkeiten angeboten.;9.2581777;47.0630157;Panüöl;8898;Flumserberg;+41 81 710 12 47;info@alprestaurant-panuol.ch;http://www.alprestaurant-panuol.ch;[{'@type': 'ImageObject', 'contentUrl': 'https://ostpimtsoch.sos-ch-dk-2.exoscale-cdn.com/catalog/3/2/f/1/32f190eb8d62ceaf91d27ab37108a12fa7bf8048_18da76d32bec5a473672fc07fa7fab58.jpg'}];2025-12-01T22:52:07+01:00
8c0dd27a-d35a-466a-b43d-8fe2548a10f7;Aranea+ Kletter- und Badmintonzentrum;Klettern + Bouldern, Badminton + Pickleball, Bistro, Café + Events unter einem Dach für Urlaub, Dienstreise, Familienausflug, Bewegungsspass, Individualsport, Leistungssport und Genuss.;<p>Klettern, Bouldern, Badminton, Pickleball, Bistro + Caf&eacute; unter einem Dach: Das einzigartige Sportzentrum bietet mehr als 200 Kletterrouten drinnen und draussen von einfach bis sehr schwer, 5 <a href="https://www.aranea.ch/badminton/online-reservation/" target="_blank" rel="noopener">Badminton</a>- und Pickleballpl&auml;tze und eine top-moderne Boulderhalle plus Boulderraum mit insgesamt rund 200 Bouldern.&nbsp;Ein Ausflug ins Aranea+ verspricht Abenteuer und Spass f&uuml;r alle und Genuss danach oder davor in unserem Bistro oder auf der sonnigen Bistroterrasse . Und an der Aussenkletterwand kann oft bereits im Fr&uuml;hling im T-Shirt an der Sonne geklettert werden, im Hochsommer ist an der Aussenwand bis am Mittag Schatten. Wer alleine kommt, kann aus mehr als 30 Selbstsicherungsrouten ausw&auml;hlen und bei uns ohne Voranmeldung auch eine Kurzinstruktion bekommen, wenn er neu ist.</p><p>&nbsp;</p><p><strong>Angebot f&uuml;r Einsteiger und Familien, Climbing Challenge:</strong></p><p>Dank den installierten Sicherungshilfen und Selbstsicherungsger&auml;ten ist es m&ouml;glich, ohne Vorkenntnisse und ohne Voranmeldung im Aranea+ zu klettern. Eine kurze Einf&uuml;hrung durch das Personal in die speziellen Sicherungssysteme bef&auml;higt auch Kletterneulinge, gewisse Bereiche in dieser Kletterhalle selbst&auml;ndig zu nutzen. Einmalig ist die Aranea+ Climbing Challenge: Mit einem Badge am Handgelenk sammelt man m&ouml;glichst viele Punkte. Jede erreichte Kontrollstation, die an den W&auml;nden verteilt sind, erh&ouml;ht den Punktestand. Zum Schluss gibt&lsquo;s das pers&ouml;nliche Diplom mit der erkletterten Punktezahl.</p><p>Und beim Bouldern kann ohnehin nach einer kurzen Videoeinweisung losgelegt werden.</p><p>&nbsp;</p><p>Verschenke Kletter- und Badminton-Spass. Hier kannst du online einen <a href="https://www.aranea.ch/shop/gutschein-bestellen/" target="_blank" rel="noopener">Gutschein</a> bestellen.</p>;8.642419857840157;47.70678465;Ebnatstrasse 65;8200;Schaffhausen;+41 52 620 12 90;info@aranea.ch;http://www.aranea.ch/;[{'@type': 'ImageObject', 'contentUrl': 'https://ostpimtsoch.sos-ch-dk-2.exoscale-cdn.com/catalog/8/7/1/1/8711eba3e2174eabb6ed6c622ca1227cf21ada7d_70c096ff46f2225ccb89c575e1dd0954.jpg'}];2025-10-28T18:58:21+01:00
8d36c474-3c64-4288-b054-813a3c5fb1b5;Abenteuer-Zeitreisen TOPAZ GmbH;Der Spezialist für die Organisation von Teamevents, Mitarbeiteressen, Vereinsausflügen oder Rahmenprogrammen;Abenteuer Zeitreisen TOPAZ ist der Spezialist für die Organisation von Team-Events, Mitarbeiteressen, Vereinsausflügen oder Rahmenprogrammen. Das Team von TOPAZ übernimmt die gesamte Organisation, so dass einem einzigartigen Erlebnis nichts mehr im Weg steht.;9.373439;47.389632;Hauptstrasse 59;9053;Teufen;+41 71 787 51 15;info@zeitreisen.ch;https://zeitreisen.ch/de/;[{'@type': 'ImageObject', 'contentUrl': 'https://ostpimtsoch.sos-ch-dk-2.exoscale-cdn.com/catalog/3/9/1/3/3913200b608840a962bd7942fa38d848dae3fa35_6d5d3f7f4c0ceaef1524ee66fff69025.jpg'}];2025-11-25T17:57:18+01:00
917ebc5d-1429-4ce7-a5bb-77e0492b2555;Klangsein: Wohltuende und regenerierende Entspannung durch Klang.;Die Klangmassage mit Peter Hess®-Therapie Klangschalen
kann je nach Bedürfnis gestaltet werden. ;<p>Die Klangschalenmassage zeichnet sich durch obertonreiche Kl&auml;nge und feine Vibrationen aus, welche unser Nervensystem beruhigen. Die Klangschalen werden sowohl auf, als auch um den bekleideten K&ouml;rper positioniert und mit einem Filzschl&auml;gel sanft zum Klingen gebracht. Die harmonischen, obertonreichen Kl&auml;nge der verschiedenen Schalen erm&ouml;glichen Tiefenentspannung. Die feinen Vibrationen der Schalen bringen die Fl&uuml;ssigkeit im K&ouml;rper zum Schwingen und breiten sich im K&ouml;rper aus, vergleichbar mit den konzentrischen Wellen, die entstehen, wenn ein Stein ins Wasser f&auml;llt. Muskul&auml;re Verspannungen werden sanft gel&ouml;st, Faszien gelockert sowie Durchblutung und Lymphfluss angeregt. Die tiefe Entspannung beeinflusst Atmung, Herzkreislaufsystem, Stoffwechsel und Verdauungssystem positiv. Die Regenerationsf&auml;higkeit des K&ouml;rpers wird so gef&ouml;rdert. Das urspr&uuml;ngliche Vertrauen sowie die K&ouml;rper- und Selbstwahrnehmung werden gest&auml;rkt. Ein Gef&uuml;hl von Entspannung und Leichtigkeit wird erfahrbar &ndash; Wellness f&uuml;r K&ouml;rper, Seele und Geist.</p>;9.30894;47.20253;Nesselhalden 755;9657;Unterwasser;078 767 50 95;info@klangsein.ch;https://klangsein.ch;[{'@type': 'ImageObject', 'contentUrl': 'https://ostpimtsoch.sos-ch-dk-2.exoscale-cdn.com/catalog/5/e/b/6/5eb677d434d9c0edbfd25e912a27c4e3ab259846_501e6aabdee48872e943ff1da7bce77d.JPG'}];2026-02-03T20:37:16+01:00
95f57711-919e-435d-ae5b-4494533ed9aa;Pumptrack Fridau;Ganz in der Nähe des Stadtgartens befindet sich die Pumptrack-Anlage in Stein am Rhein. ;<p>Die Anlage besteht aus einem Rundkurs mit Wellen, Steilkurven und Sprüngen.</p>;8.8566187;47.6620765;Wiesegässli;8260;Stein am Rhein;https://www.chlingebike.ch/pumptrack/;[{'@type': 'ImageObject', 'contentUrl': 'https://ostpimtsoch.sos-ch-dk-2.exoscale-cdn.com/catalog/1/e/8/2/1e82184d455d332c66c700c928435202c596bca1_11e06d1fad091a3c46aa90f4125db636.jpg'}];2025-04-28T18:53:43+02:00
960528d2-4179-4685-a723-e9768b35c482;Schwanen Kino & Theater;Das rollstuhlgängige Kino verfügt über 70 komfortable Kinosessel, moderne Projektionstechnik (auch 3D), Dolby-Rundumton und Hörunterstützung. Jeweils an den Wochenenden werden aktuelle Kinofilme gezeigt. Auf der Bühne werden regelmässig Kleinkunst und Konzerte angeboten.;<p>Das Kino kann auch f&uuml;r private Veranstaltungen gemietet werden.</p><p>Bis 1600 hiess das Geb&auml;ude Kreuz oder Weisses Kreuz und wurde als Wohn-, Gast- und Wirtshaus genutzt. Im Laufe der Zeit entwickelte es sich zum f&uuml;hrenden Gasthaus am Platz. 1927 wurde das Gasthaus zum Kinobetrieb umfunktioniert und geh&ouml;rt seither zu den &auml;ltesten Kinos der Schweiz.</p>;8.858442;47.6573735;Charregass 5;8260;Stein am Rhein;https://www.cinema-schwanen.ch/;[{'@type': 'ImageObject', 'contentUrl': 'https://ostpimtsoch.sos-ch-dk-2.exoscale-cdn.com/catalog/d/a/0/a/da0a927756cda4cd00b5135d10f3b51bf2e28a1f_3170eb8baf6b465cfa0852579bbf0931.jpeg'}];2026-01-29T19:23:00+01:00
98d7c75b-07dd-426d-b061-72924b108a07;Bike Academy Toggenburg;TRAINIERE DEINE SKILLS. SPIELEND BIKEN LERNEN. Du willst (e-) mountainbiken, bist aber unerfahren auf steilen Anstiegen und Abfahrten? Du bist es nicht gewohnt, auf unterschiedlichem Terrain zu biken?
Dann komm' zu uns.;Du willst (e-) mountainbiken, bist aber unerfahren auf steilen Anstiegen und Abfahrten? Du bist es nicht gewohnt, auf unterschiedlichem Terrain zu biken?
Dann komm' zu uns - so werden deine Mountainbike-Erlebnisse Spass machen ... mit Sicherheit! Kids lernen bei uns spielend biken: der Spass ist garantiert.
Die Bike Academy Toggenburg ist bis Oktober täglich geöffnet - sende uns jetzt deine Reservationsanfrage.;9.343051314353945;47.200574813648;Munzenriet 12;9658;Wildhaus;+41786194990;office@bikeacademy-toggenburg.ch;http://www.bikeacademytoggenburg.ch/;[{'@type': 'ImageObject', 'contentUrl': 'https://ostpimtsoch.sos-ch-dk-2.exoscale-cdn.com/catalog/5/0/2/2/5022bff0babf3bea8ae8939a3fdbd72a4cc7bc96_3705351d2cb728526dba6fe4dc4559df.png'}];2026-07-16T19:50:26+02:00
9c03003f-a7e5-4c7d-92b2-c82cdd4025e0;Tennishalle in der alten Spinnerei;Die Tennishalle in der alten Spinnerei in Murg bietet ein 630 m² grosses, modernes Indoor-Spielfeld. Der Rebound-Ace-Platz ist täglich von 8 bis 22 Uhr für die Öffentlichkeit zugänglich und kann stundenweise gebucht werden.
Online Reservation oder schriftliche Anmeldung via Rezeption lofthotel;In der alten Spinnerei schlagen Sie Ihre Bälle auf einem 630m² grossen, topmodernen Indoor-Spielfeld. Der Rebound-Ace-Platz (Australian Open, Olympics in Sidney) steht der Öffentlichkeit täglich von 8:00 bis 22:00 Uhr zur Verfügung und kann für eine oder zwei Stunden gebucht werden.;9.2170854;47.1124346;Alte Spinnerei;8877;Murg;+41 81 720 35 75;info@lofthotel.ch;https://lofthotel.ch/tennis-fitness-e-bike/;[{'@type': 'ImageObject', 'contentUrl': 'https://ostpimtsoch.sos-ch-dk-2.exoscale-cdn.com/catalog/6/6/f/6/66f617b86f23506d446ddbcc49af24631f6f6714_8601b68f751b8003ee70651d3217c376.jpg'}];2026-08-31T21:09:32+02:00
9dca36e5-0d2d-4f48-874e-a26015221a92;Igiser Hoflädali;Das Igiser Hoflädali bietet eine Auswahl an feinen Hofprodukten und Deko-Artikeln. Der Bio-Bauernhof in Igis ist täglich von 8 bis 20 Uhr geöffnet und bietet Selbstbedienung.;Hofladen und Bio-Bauernhof;9.579541683197023;46.953721229174754;Gandastrasse 23;7206;Igis;+41 79 301 39 21;hof-campania@bluewin.ch;[{'@type': 'ImageObject', 'contentUrl': 'https://ostpimtsoch.sos-ch-dk-2.exoscale-cdn.com/catalog/6/1/8/a/618a29223f7e6a4c9792f3d3f5d08e49ffdb421e_c278f7f6914d897c66a269757e59885c.jpg'}];2026-06-24T20:39:37+02:00
9deab758-e1a5-4e1e-b692-4161a9fecf9f;Bibliothek und Ludothek Nesslau;Die Bibliothek Ludothek verleiht Bücher, Spiele, DVD's und verschiedene nützliche Gegenstände in der "Bibliothek der Dinge";<p><strong>Entdecken Sie in der Bibliothek alles, was das Leserherz begehrt!</strong><br>Vom Krimi bis zum Liebesroman, vom Pappbilderbuch bis zum Sachbuch &ndash; hier finden Sie das passende Buch f&uuml;r die ganze Familie!</p>
<p><strong>Nach einem Besuch in der Ludothek hat Langeweile bei Regenwetter keine Chance!</strong><br>Bei uns finden Sie ein grosses Sortiment an Gesellschaftsspielen, verschiedenen Spielsachen, H&ouml;rb&uuml;chern inkl. Tonies, Outdoorspielen und vielem mehr...</p>
<p><strong>Fehlt etwas in der Ferienwohnung, z. B. ein Pizzaofen?</strong><br>Vielleicht finden Sie es in unserer Bibliothek der Dinge. Wir bieten die M&ouml;glichkeit von Einzelausleihen ohne Abo.</p>
<p><strong>Parkplatz, Treppenlift und Behindertentoilette sind vorhanden.</strong></p>;9.199032783508303;47.228938230627655;Büelen 2100;9650;Nesslau;+41774349224;biblioludo@nesslau.ch;https://www.bibliothek-nesslau.ch/;[{'@type': 'ImageObject', 'contentUrl': 'https://ostpimtsoch.sos-ch-dk-2.exoscale-cdn.com/catalog/5/2/0/b/520bd53611e32acc101154290cd73f5e3dbccf78_dacf53c567c662c9cd465a88d6667da4.jpg'}];2025-10-28T16:12:59+01:00
9e891f5b-aab4-4443-891b-e3fe8e73c131;KINOTHEATER Madlen;Einzigartig in der Region – das Madlen bietet Kino, Theater, Kabarett, Comedy, Konzerte oder Vorträge sowie ein eigenes Restaurant;1949 wurde das Ton-Film-Theater Madlen in Heerbrugg mit dem Film «Weisses Gold» durch den Betreiber J. Eggimann feierlich eröffnet. Schöpfer der Pläne und Leiter des Kinobaus war Fred Carnier, der mit diesem stattlichen Gebäude grosses architektonisches Geschick an den Tag legte. Der geschmackvolle Saal wurde mit einer kompletten Bühne, einer Kinoleinwand, Polstersesseln und Ledersitzen ausgestattet. Beidseitig zieren pittoreske Gebirgslandschaften vom Kunstmaler Hugentobler aus Appenzell die Wände. Das altehrwürdige Kinotheater Madlen wurde Ende 2016 durch einen neuen Erweiterungsbau mit einem zweiten Event- und Kinosaal erweitert. Der Unterhaltungsteil wird seither durch eine regionale Gastronomie perfekt ergänzt.

Die persönliche Atmosphäre im KINOTHEATER Madlen erlaubt dem Besucher fröhliche Stunden der Erholung.;9.6301033;47.4132732;Auerstrasse 18;9435;Heerbrugg;+41 71 722 25 32;info@kinomadlen.ch;http://www.kinomadlen.ch/;[{'@type': 'ImageObject', 'contentUrl': 'https://ostpimtsoch.sos-ch-dk-2.exoscale-cdn.com/catalog/d/5/e/d/d5ed708e10a975e691200e0ce782424124ba33ff_d8423d0588658d7718f126791e701302.jpg'}];2026-06-16T20:10:27+02:00
a126ba9b-d533-4878-9b22-0836b97b3cff;Landgasthof Linde;Der Landgasthof Linde in Berschis bietet in einem 300-jährigen Haus traditionelle und lokale Küche. Das Restaurant und das Stübli sind liebevoll dekoriert und bieten ein wöchentlich wechselndes Feinschmeckermenü in rauchfreier Umgebung.;In der Mitte von Berschis gelegen, strahlt das 300-jährige Haus jede Menge Tradition und Heimatverbundenheit aus. Treten Sie ein und lassen Sie sich von den gemütlichen Räumen überraschen. Das Restaurant und das Stübli werden mit viel Liebe zum Detail geschmückt und gepflegt.

Geniessen Sie im rauchfreien Stübli einen oder mehrere Gänge des wöchentlich wechselndes Feinschmeckermenüs. Im heimeligen Dorfbeizli werden die preiswerten Gerichte mit ebenso viel Liebe zubereitet.;9.3461533;47.1063672;Unterdorfstrasse 4;8892;Berschis;+41 81 733 22 21;lindeberschis@bluemail.ch;http://www.lindeberschis.ch;[{'@type': 'ImageObject', 'contentUrl': 'https://ostpimtsoch.sos-ch-dk-2.exoscale-cdn.com/catalog/a/3/3/c/a33cab811bd60744ddfb385ce8c21fbd3a481332_2b1b034bad22cfc87cd2a211cbcb8270.jpg'}];2025-12-29T16:30:24+01:00
a1547f08-b9b4-4838-bd0d-59c54adc9b8f;Vebikus Kunsthalle Schaffhausen;Die Vebikus Kunsthalle Schaffhausen zeigt aktuelle Positionen der Gegenwartskunst. Mit unseren Ausstellungen in den ehemaligen Industrieräumen der Kammgarn ermöglichen wir neue Sichtweisen auf die Kunst und stellen sie zur Diskussion.;Zu den Ausstellungen finden Begleitveranstaltungen statt: öffentliche Führungen, Künstlergespräche, Lesungen, Performances sowie Kunstvermittlung für Schulklassen, Kinder und Jugendliche.

Die Schaffhauser Kunstkästen bieten Kunstschaffenden einen Raum für ihre Arbeiten. Zehn Schauplätze lassen Kunst in der Schaffhauser Altstadt erwecken. Mehr zum Rundgang und den Ausstellungen erfahren Sie hier: http://www.kunstkaesten-schaffhausen.ch/;8.6364235;47.6944915;Baumgartenstrasse 19;8200;Schaffhausen;+41 52 625 24 18;info@vebikus-kunsthalle-schaffhausen.ch;http://www.vebikus.ch/;[{'@type': 'ImageObject', 'contentUrl': 'https://ostpimtsoch.sos-ch-dk-2.exoscale-cdn.com/catalog/1/3/b/6/13b6aba855765b670484e95b64cb925db067c04c_f3eb251768c58ed2e946959f7475e6c0.jpeg'}];2025-02-17T12:46:31+01:00
a1731ea7-5b28-4444-ac52-275773695962;Villiger Delikatessen & Catering;Vom Fleisch- und Käsefachgeschäft bis zum Catering - Metzgerei mit eigener Produktion in Stein am Rhein SH, seit über 55 Jahren.;<p>Fachgesch&auml;ft f&uuml;r Fleisch, Wurst, K&auml;se und andere Delikatessen.</p><p><strong>Catering<br></strong>Vielf&auml;ltige kalte Platten, ganze Buffets, warme und kalte Men&uuml;s vom Ap&egrave;ro bis zum Dessert.</p><p><strong>Take Away<br></strong>T&auml;glich frische Mittagsmenues.</p><p><strong><a href="https://chlosterschuer.ch/" target="_blank" rel="noopener">Villiger's Chlostersch&uuml;&uuml;r</a><br></strong>F&uuml;r Events und mehr. In den 600-j&auml;hrigen Gem&auml;uern der ehemaligen Zehntenscheune des Klosters. St. Georgen in Stein am Rhein entsteht ein einzigartiges Eventlokal &ndash; die Chlostersch&uuml;&uuml;r. Ob f&uuml;r eine Familienfeier, einen Firmen- oder Vereinsanlass, die Chlostersch&uuml;&uuml;r ist der optimale Veranstaltungsraum im Herzen von Stein am Rhein.</p>;8.8588599;47.6597596;Rathausplatz 23;8260;Stein am Rhein;+41 52 741 21 40;info@villiger-delikatessen.ch;https://www.villiger-delikatessen.ch/;[{'@type': 'ImageObject', 'contentUrl': 'https://ostpimtsoch.sos-ch-dk-2.exoscale-cdn.com/catalog/c/3/8/5/c385802eb4650c687649bfdb521b2f68caa05623_a875583a814806a1f933da3783bcb1d8.jpg'}];2026-01-29T19:23:00+01:00
a2e7f4e1-4e7f-4e64-bd10-593343538a3a;Haus am Rain Ski- und Ferienhaus;Gemütliches Gruppenhaus im Toggenburg in Alt St. Johann mit 28 Betten und Studios, Aufenthaltsräumen, Spielraum, Gastro­küche und Kleinküche. Nahe beim Dorf, bei Pisten, Seilbahn und Wanderwegen. Parkplätze direkt vor dem Haus.;<div><p>Willkommen in unserem charmanten Gruppenhaus mit sieben einladenden Zimmern. Jedes Zimmer bietet Platz f&uuml;r bis zu vier Personen und verf&uuml;gt &uuml;ber ein eigenes Badezimmer.</p><p>Das Haus bietet grossz&uuml;gige Aufenthaltsr&auml;ume, die zum geselligen Beisammensein einladen, sowie eine voll ausgestattete Gastrok&uuml;che, die kulinarische Erlebnisse f&uuml;r gr&ouml;ssere Gruppen erm&ouml;glicht. F&uuml;r kleinere Gruppen steht zudem eine separate, gem&uuml;tliche K&uuml;che zur Verf&uuml;gung.</p><p>Die weitl&auml;ufige Terrasse mit Grill l&auml;dt zu unvergesslichen Grillabenden unter freiem Himmel ein &ndash; begleitet von einer atemberaubenden Aussicht auf die majest&auml;tischen Berge S&auml;ntis und Schafberg.</p><p>Dank der ruhigen und dennoch zentralen Lage, nur f&uuml;nf Minuten von den &ouml;ffentlichen Verkehrsmitteln und den Bergbahnen entfernt, ist das Haus der ideale Ausgangspunkt f&uuml;r Skifahrer, Wanderer und Biker.</p><p>Hier finden Sie den perfekten Ort, um zur Ruhe zu kommen, die Natur zu geniessen und neue Abenteuer zu erleben.</p></div>;9.282629550000003;47.190927599999995;Tobelstrasse 16;9656;Alt St. Johann;+41787457930;kaethivetsch@bluewin.ch;https://hausamrain.ch;[{'@type': 'ImageObject', 'contentUrl': 'https://ostpimtsoch.sos-ch-dk-2.exoscale-cdn.com/catalog/e/9/b/2/e9b262d71a724e472a4582a7d56d766b875fb07b_5a89d869d324eb9aa99a905d909211ed.jpg'}];2026-06-03T19:39:43+02:00
a42682c1-d870-4246-bf87-e104e278a743;Smartescape | Escape Room Schaffhausen;Kämpft euch durch den Jungle und entdeckt den Tempel der Zeit oder begibt euch in die Matrix und löst das Mysterium einer Illusionswelt.
Wähle jetzt eins unserer Escape Rooms und tauche in eine unvergessliche Welt;Der Tempel der Zeit ist ein einzigartiges Erlebnis mit neuen kniffligen Herausforderungen und einer Geschichte, die Euch zu Helden macht. 
Seit der Mayakalender 2012 abgelaufen ist, liegt die Welt in Schutt und Asche. Nach einer Legende kann dies nur durch eine Zeitreise im verborgenen Tempel der Zeit rückgängig gemacht werden. Stelle Dich den tückischen Rätseln des Mayatempels und finde den Mayakalender, bevor es zu spät ist. Die Uhr tickt…
Vergesst die Realität und taucht für eine Stunde in die Welt der antiken Mayas ein. In diesem Moment ist die Mission alles was zählt. 
Eine eigens entwickelte Infrastruktur ermöglicht es, die Spiele bis aufs Detail zu analysieren und die Leistungen Deines Teams zu visualisieren und zu vergleichen.
;8.6393815;47.6953486;Moserstrasse 14;8200;Schaffhausen;+41 52 511 12 48;info@smart-escape.ch;https://smart-escape.ch/;[{'@type': 'ImageObject', 'contentUrl': 'https://ostpimtsoch.sos-ch-dk-2.exoscale-cdn.com/catalog/d/8/a/0/d8a0e32e71c4d61e19f1de7bde76f92eec624cb2_dbc42b044079917c596467a014a5fd79.jpg'}];2025-05-13T18:47:18+02:00
a4ebe6ef-10cc-4e32-8a71-15dd73ac0777;La Canoa ;La Canoa, das Kanuzentrum in Konstanz, überzeugt mit vielfältigen Angeboten rund ums Paddeln auf dem Bodensee. Kanu, Kajak, Stand-Up-Paddles oder Teamkanadier können hier gemietet und an zahlreichen Abgabestellen rund um den Bodensee zurückgegeben werden.;Es gibt kaum einen schöneren Weg den Bodensee mit seiner einzigartigen Natur- und Kulturlandschaft zu entdecken als paddelnd vom Wasser aus. La Canoa, das Kanuzentrum in Konstanz, rüstet Wasserbegeisterte aus mit Paddel-Equipment und bietet ein vielfältiges Kursangebot und Routenvorschläge. Wie wäre es zum Beispiel beim Aufenthalt am Bodensee bis zur Unterkunft mit dem Kanu zu paddeln? Oder den Bodensee-Kanuweg unter die Ruder zu nehmen? 25 Abgabestationen rund um den Bodensee machen diese etwas andere Art des Reisens möglich. Auf Schweizer Bodenseeseite finden sich SUP- und Kanustationen in Romanshorn, Kreuzlingen, Gottlieben, Steckborn, Stein a.R., Schaffhausen. Hier können Boote und SUP's gemietet und abgegeben werden. Für Gruppen-, Schulklassen-, Firmen- und Teambuildingausflüge bietet La Canoa geführte Kanutouren an. Das gemeinsame Fortbewegen auf dem Wasser stärkt den Zusammenhalt, denn nur mit vereinten Kräften gelangt man ans Ziel. Ein spritziger und erlebnisreicher Tag ist garantiert.;9.148033261299135;47.6755384976673;Robert-Bosch-Straße 4B;78467;Konstanz;+497531959599;info@lacanoa.com;http://www.lacanoa.com/;[{'@type': 'ImageObject', 'contentUrl': 'https://ostpimtsoch.sos-ch-dk-2.exoscale-cdn.com/catalog/7/7/5/4/775430e4330174a48e96af9be3aa382ced0946a1_25975aa43b913aca161dd4945df5a181.JPG'}];2026-09-10T22:09:20+02:00
a7c02bf1-0e4d-4d47-aa78-cc197eea4ec4;Yoga in der Trefferei in Unterwasser;Erlebe eine wohltuende Yoga-Praxis in der Trefferei – für alle Levels geeignet.

- Sanfte Flows zur Kräftigung & Dehnung
- Entspannung & Achtsamkeit in gemütlicher Atmosphäre
- Zeit für dich – zum Ankommen & Loslassen

Komm vorbei und gönn dir eine Auszeit! ✨;<p>Yoga bietet dir eine wertvolle Auszeit, in der wohltuende Bewegungen deinen K&ouml;rper und Geist st&auml;rken. Es f&ouml;rdert deine Kraft, Flexibilit&auml;t und verbindet Atmung mit Bewegung f&uuml;r ein harmonisches Wohlbefinden.</p>
<p>&nbsp;</p>
<p><a href="https://www.eversports.ch/scl/gesundheitszeit-gmbh" target="_blank" rel="noopener">Buche hier dein Yoga-Erlebnis</a></p>;9.307404756407534;47.19817667222202;Rotenbrunnenstrasse 2;9657;Unterwasser;+41792565621;billie_stump@hotmail.ch;https://www.gesundheitszeit.com;[{'@type': 'ImageObject', 'contentUrl': 'https://ostpimtsoch.sos-ch-dk-2.exoscale-cdn.com/catalog/3/7/1/3/37139372da3092952014a8e5c1a24b8587fb9f1d_f63e6c9d88161d134e779b0c90f77496.jpg'}];2025-10-28T16:23:25+01:00
abe52916-cfb2-4264-9e1e-57eb7a584b04;Hasenbüel - Ferien auf dem Bauernhof;Geniessen Sie wundervolle Ferien auf dem Bauernhof Hasenbüel im Dicken. Erleben Sie unseren Betrieb, unsere Tiere und eine unglaublich tolle Aussicht. ;Oberhalb des Dorfes Dicken im Neckertal liegt unser Hof mit herrlicher Aussicht in die Bergwelt. Wir betreiben Milchwirtschaft und Schweinezucht. Nebenbei haben wir noch einen Hofladen mit Konfitüren, Sirup, Eingemachtes und Geschenksartikel. 

Um sich vom Alltag zu erholen, geniessen Sie die Ruhe bei uns. Idealer Ausgangspunkt für Ausflüge ins Toggenburg und ins Appenzellerland. 

Unsere 5-Zimmer-Wohnung befindet sich im 3. Stock mit eigenem Eingang; Küche mit Esszimmer, Wohnzimmer, 2 Doppelzimmer, Dusche/WC. Eine Etage höher: ein Doppelzimmer. Raumhöhe 1,85 m. 

Herzlich willkommen - bei uns im Hasenbüel.;9.187876661075947;47.33900375;Hasenbüel 728;9115;Dicken;+41 71 377 13 25;tamara@hasenbuel.ch;https://www.hasenbuel.ch;[{'@type': 'ImageObject', 'contentUrl': 'https://ostpimtsoch.sos-ch-dk-2.exoscale-cdn.com/catalog/2/c/7/4/2c74422d9c8f3b5fba8aded2200570851286eaa2_f7c44d78a05824a9fa6acc55f9e9ac69.jpg', 'caption': {'de': 'Unser Hof'}}];2026-04-01T19:32:45+02:00
ad7b4ad2-6777-4792-a4eb-a7653beeca50;SEA Life Konstanz;Das Großaquarium am Bodensee;Willkommen in einer Welt voller schillernder Schuppen, beeindruckender Tentakeln und rasiermesserscharfer Zähne, einer Welt des Schwimmens, Schnappens und Zwickens!

Bestaune atemberaubende Meeresbewohner in der faszinierenden Unterwasserwelt des SEA LIFE Konstanz. Erlebe die drolligen Eselspinguine, berühre die Lebewesen im Erlebnisbecken und stehe Flosse an Flosse mit Haien, falls du dich traust. Lerne auf interaktive und unterhaltsame Weise viele interessante Fakten über die Tiere und ihre unterschiedlichen Lebensräume.
In vielen naturgetreu gestalteten Becken tummeln sich Tiere verschiedenster Arten, die es zu entdecken gilt! Bei deiner Reise durch das SEA LIFE Konstanz siehst du die heimischen Fische des Bodensees und der Umgebung, folgst dem Verlauf des Rheins durch den Rotterdamer Hafen in die Nordsee und begleitest die Strömungen der Meere durch das Rote Meer, vorbei am Amazonas und den Regenwäldern bis in die klirrendkalten Gewässer der Antarktis. Unterwegs gibt es für Groß und Klein viel zu erleben. Sind es die vermeintlich furchteinflößenden Piranhas des Regenwaldes, die Grünen Meeresschildkröten, die majestätischen Haie oder doch die zehn quirligen Eselspinguine, die du unbedingt sehen möchtest?
Ein Besuch im SEA LIFE Konstanz ist für die ganze Familie, Schulklassen und Gruppen, Naturinteressierte und Neugierige - kurz: für Groß und Klein, Jung und Alt ein erlebnisreiches, informatives und wetterunabhängiges Ausflugsziel.;9.18018;47.65706;Hafenstrasse 9;78462;Konstanz;+49180666690101;slc.konstanz@sealife.de;http://www.sealife.de/konstanz;[{'@type': 'ImageObject', 'contentUrl': 'https://ostpimtsoch.sos-ch-dk-2.exoscale-cdn.com/catalog/d/3/3/f/d33f9f86d43210ae3a36362bb81c105ae991d13f_ff67827b8e2b3a9a3beeba83a66f1752.jpg'}];2025-02-17T12:46:31+01:00
ae0b0604-7b19-4a73-9129-72a026929dc0;Kantonsbibliothek Thurgau;Die Kantonsbibliothek Thurgau bietet die vielfältigen Dienstleistungen einer modernen Bibliothek an: Bücher, Zeitungen, Zeitschriften, Musik, Hörbücher, Filme und ein umfassendes digitales Angebot. Sie ist aber auch kultureller und gesellschaftlicher Treffpunkt der Region.;Ein Aufenthaltshort zum Lesen, Lernen und Verweilen...
Ein grosser Lesesaal, WLAN, PC- und diverse Einzelarbeitsplätze stehen für Katalog- und Internetrecherchen zur Verfügung und ermöglichen vertieftes Arbeiten. Ausserdem bietet die Kantonsbibliothek Zugang zu zahlreichen digitalen Angeboten, darunter ein Presseportal mit über 300 vorwiegend deutschsprachigen Tages- und Wochenzeitungen, Sprachkurse, Film- und Musikstreaming und mehrere Plattformen mit E-Books, E-Paper und E-Magazines.

Die grösste kantonale Bibliothek ist auch die zentrale Sammel- und Vermittlungsstelle für thurgauisches Schriftentum. Sie beherbergt einen bemerkenswerten historischen Buchbestand; alte, kostbare, ja einmalige Werke (Handschriften, Inkunabeln und alte Drucke), von denen nicht wenige aus aufgehobenen Thurgauer Klöstern stammen.;8.899457323304771;47.55621805;Promenadenstrasse 12;8500;Frauenfeld;+41 58 345 69 00;kantonsbibliothek@tg.ch;https://kantonsbibliothek.tg.ch/;[{'@type': 'ImageObject', 'contentUrl': 'https://ostpimtsoch.sos-ch-dk-2.exoscale-cdn.com/catalog/e/1/8/9/e189e268b0711203d91b679386b351e3819e9b3d_956010e70d156fd4d236c7b40d9382b8.jpg'}];2025-02-17T13:24:37+01:00
ae0b3c2d-c8dc-4ff4-b37e-7af3f086a690;Ferien auf dem Bauernhof Halden;Eine heimelige 3-Zimmerwohnung mit einer wunderschönen Aussicht in die Berge.;In der Wohnung gibt es Platz für 7 Personen. Nebst der Küche, Wohnzimmer und Badezimmer sind 2 Doppelzimmer sowie ein Schlafzimmer mit zwei Einzelbetten vorhanden.;9.29376;47.2022;Halden 598;9657;Unterwasser;+41 71 999 18 07;schwizera@gmail.com;https://115817000000.holidaybooking.ch/ferienwohnung/446033/halden-598-unterwasser-toggenburg-ostschweiz-schweiz/#bewertung;[{'@type': 'ImageObject', 'contentUrl': 'https://ostpimtsoch.sos-ch-dk-2.exoscale-cdn.com/catalog/a/5/4/b/a54b8d42571a18b6f8db218fa7a32823249f3948_73b5b8e1cc8afea377d672345baf88d4.jpg'}];2025-10-28T16:18:03+01:00
af0729a1-1964-4532-b59b-b664c34728c4;Weiere Sauna;Die wohl schönste Natursauna der Schweiz;<p>Das Naherholungsgebiet Drei Weihern z&auml;hlt zu den sch&ouml;nsten Naturschwimmb&auml;dern der Schweiz. Im alten Badehaus haben St.Galler Architekten mit viel Feingef&uuml;hl eine Sauna gebaut. Die &auml;sthetische Ausstattung ist aufs Wesentliche reduziert: Garderoben mit Duschen, zwei Saunar&auml;ume mit unterschiedlichen Temperaturen sowie ein Ruheraum mit Aussicht in den Wald. Zum Abk&uuml;hlen l&auml;dt der romantische Schwimmweiher. Grossz&uuml;gige, teilweise gedeckte Liege- und Sitzgelegenheiten laden zum Verweilen ein. Ein Bistro mit ausgew&auml;hlten Getr&auml;nken und einem Angebot f&uuml;r den kleinen Hunger rundet das Angebot ab. Eine winterliche Oase der Ruhe, Erholung und Gesundheit.</p>;9.39152700294117;47.42258195;Dreilindenstrasse 50;9011;St. Gallen;0041 71 548 20 20;info@weieresauna.ch;http://www.weieresauna.ch;[{'@type': 'ImageObject', 'contentUrl': 'https://ostpimtsoch.sos-ch-dk-2.exoscale-cdn.com/catalog/6/9/a/c/69aca947b0cad979eed8b8b38fdf128e7ff80cca_e2d75ffcb82cf54e38c8f94b2e7f5901.jpg'}];2026-06-16T20:40:45+02:00
b37ab7c4-a418-4a3c-8c09-39bdcae9f9d3;Pavillon im Park;Der stilvolle Veranstaltungsort in der Stadt Schaffhausen, 5 Gehminuten vom Bahnhof und der Altstadt entfernt. Der Pavillon im Park schafft den passenden Rahmen für private und öffentliche Veranstaltungen und Feiern aller Art für 30 bis 350 Personen.;Feiern, Tagen und Begegnen. Die Eventlocation mit einem flexiblen Raumkonzept mit 4 Sälen, Bühne, Foyer, Terrasse und grossem Garten bietet das ideale Ambiente für Veranstaltungen aller Art und Grössen. 30 bis 350 Personen finden auf über 600 m2 Raumfläche Platz. Für die Generalversammlung, das Business-Meeting, die Kunstausstellung, die Diplomfeier oder die Hochzeitsfeier. Dank der umfassenden Renovierung trifft hier historischer Charme auf moderne Event-Infrastruktur. Neueste Technik, Klimaanlage und zeitgemässes Mobiliar. Zu jedem Anlass wird das passende kulinarische Angebot unterbreitet, von kleinen Häppchen bis hin zum mehrgängigen Gala-Dinner. 

Der charmante Stadtkeller im Nebengebäude eignet sich für feierliche Anlässe für bis zu 24 Personen.;8.6299532;47.6960168;Steigstrasse 24;8200;Schaffhausen;+41 52 624 15 33;info@pavillonimpark.ch;https://www.pavillonimpark.ch;[{'@type': 'ImageObject', 'contentUrl': 'https://ostpimtsoch.sos-ch-dk-2.exoscale-cdn.com/catalog/5/7/0/f/570faef5837592cb1d420c7569c002391ec5ed1f_9355aecf168910644a9f05afc9c2bd1d.jpg'}];2025-06-30T18:46:44+02:00
b3f1f490-a274-4762-90b5-a2dd38da2ff4;Ticiland Freizeitpark;Ticiland, der ganzjährig in der Schweiz einzigartige Indoor / Outdoor Freizeitpark für die ganze Familie.;<p>Das Ticiland ist ein einzigartiger Familien-Freizeitpark in Stein am Rhein. Durch den grossen Indoor-Bereich ist er ein Ausflugsziel f&uuml;r das ganze Jahr, bei jedem Wetter. Aber auch der Outdoor-Bereich bietet Spass f&uuml;r die ganze Familie.</p><p>Achterbahn fahren wenn draussen der Schnee liegt oder im Sommer die Wasserschlacht auf dem Wasserkarussell im Aussenbereich, das Ticiland bietet ganzj&auml;hrig etwas f&uuml;r jedes Alter.</p><p>Feiere deinen Geburtstag bei uns im Ticiland und erlebe die einmalige Atmosph&auml;re mit deinen Freunden und geniesse deinen ganz speziellen Tag an einem ganz speziellen Ort.</p><p>Willst du direkt beim &laquo;Ticiland&raquo; Freizeitpark &uuml;bernachten? Urlaub im Wohnmobil werden immer beliebter, direkt beim &laquo;Ticiland&raquo; Freizeitpark bieten wir eine &Uuml;bernachtungsm&ouml;glichkeit mit Stellplatz an.</p>;8.855242750324514;47.6532743;Kaltenbacherstrasse 29;8260;Stein am Rhein;+41 52 740 10 80;info@ticiland.ch;https://www.ticiland.ch/;[{'@type': 'ImageObject', 'contentUrl': 'https://ostpimtsoch.sos-ch-dk-2.exoscale-cdn.com/catalog/4/6/f/f/46ff7ae56aecad9209c97b044919df4200db8a45_1ffca02081a58d296265d263d0697db4.jpeg'}];2026-01-29T19:23:00+01:00
b59bf984-7073-4a92-bb1a-bd7ba2df5533;Privat Spa im Hotel Schloss Wartegg;Erholung im "Türkisen Bad";<p>Das historische "T&uuml;rkise Bad" ist ein 5,5 m grosses Bade-Oval aus dem Jahr 1928. Hier l&auml;sst es sich nach einem Saunagang vollkommen erholen. Auch die Liegeterrasse mit Blick auf die Baumkronen des Schlossparks l&auml;dt zur Entspannung ein.</p>
<p>Das buchbare Angebot <a href="https://wartegg.ch/offer/2015/05/historisch-baden-und-genuesslich-tafeln/" target="_blank" rel="noopener">Historisch baden und gen&uuml;sslich tafeln</a> verbindet f&uuml;rstlichen Badegenuss mit k&ouml;niglichem Gaumenschmaus in den historischen Gem&auml;uern vom Schloss Wartegg.&nbsp;</p>;9.530157315389758;47.478370103315854;von Blarer-Weg 1;9404;Rorschacherberg;+41 71 858 62 62;schloss@wartegg.ch;https://wartegg.ch/spa/;[{'@type': 'ImageObject', 'contentUrl': 'https://ostpimtsoch.sos-ch-dk-2.exoscale-cdn.com/catalog/e/0/b/d/e0bdaac6f51e49b93c31e62fcc976c1ce9149c2b_3e75b94f1760fd45e6b427320ef083ca.jpg'}];2026-06-16T20:17:36+02:00
b8cb451f-6ed9-446e-9515-1c682194c5c3;Wolzenalp;Die Wolzenalp bietet familienfreundliche Erlebnisse im Sommer und Winter – mit Skigebiet, Kinderland, Wanderwegen, Spielplatz und regionaler Küche auf der sonnigen Panoramaterrasse.;<p>Die Wolzenalp begeistert das ganze Jahr &uuml;ber als vielseitiges Ausflugsziel f&uuml;r Familien, Naturfreunde und Geniesser. Ob verschneite Winterlandschaft oder sonnige Bergtage &ndash; hier warten unvergessliche Erlebnisse in jeder Jahreszeit. Im Winter verwandelt sich die Wolzenalp in ein besonders familienfreundliches Schneesportgebiet. Das &uuml;berschaubare Skigebiet mit liebevoll gestaltetem Kinderland bietet ideale Bedingungen f&uuml;r die ersten Schw&uuml;nge im Schnee. In der Schneesportschule lernen Kinder und Erwachsene spielerisch Ski- und Snowboardfahren. Erg&auml;nzt wird das Winterangebot durch abwechslungsreiche Schlittelpisten, stimmungsvolle Schneeschuhtouren und sorgf&auml;ltig pr&auml;parierte Winterwanderwege, die die verschneite Bergwelt auf ruhige Weise erlebbar machen. Im Sommer zeigt sich die Wolzenalp von ihrer naturverbundenen Seite. Familien geniessen den grossz&uuml;gigen Kinderspielplatz, gem&uuml;tliche Grillstellen und spannende Themenwege wie den Klimaerlebnisweg und den Moorerlebnisweg, die Naturwissen mit Bewegung verbinden. F&uuml;r Aktive bieten sich vielseitige Bike-Strecken sowie zahlreiche Wanderwege mit herrlichem Panorama &uuml;ber das Toggenburg an. Ein besonderes Highlight ist das Bergrestaurant mit sonniger Terrasse, das nicht nur mit einer traumhaften Aussicht &uuml;berzeugt, sondern auch mit frischen, regionalen Spezialit&auml;ten aus der Umgebung. Die Verbindung aus authentischer Berggastronomie, herzlicher Atmosph&auml;re und naturnahem Freizeitangebot macht die Wolzenalp zu einem einzigartigen Ausflugsziel f&uuml;r jede Jahreszeit. Ihre Vorteile auf einen Blick: Ganzjahres-Erlebnis f&uuml;r die ganze Familie, besonders kinderfreundliches Freizeitangebot. Naturerlebnisse im Sommer und Winter, regionale K&uuml;che mit Panoramaterrasse. Erholung und Aktivit&auml;t an einem Ort vereint.<br><br>Auskunft zur Zug&auml;nglichkeit: <a href="https://www.ginto.guide/entries/BFB0F82C-C09A-4943-B79D-E0A5B5611EA7?lnk_src=business">ginto</a></p>;9.168841838836672;47.243952753251826;Rietbach;9643;Nesslau-Krummenau;+41 71 994 11 61;info@wolzenalp.ch;https://www.wolzenalp.ch;[{'@type': 'ImageObject', 'contentUrl': 'https://ostpimtsoch.sos-ch-dk-2.exoscale-cdn.com/catalog/3/a/8/6/3a86cbf1f9fb69220b325e0203b40add3ea428be_c1d822e782165d95cf6c5f8006cc9c8a.jpg'}];2026-07-08T19:51:25+02:00
ba0e7fbf-24f4-4281-822e-8540095ec642;Goba Mineralquelle und Manufaktur - Laden Gontenbad;Im Gontenbad befindet sich das Herzstück der Goba AG.;Hier hat in den 1930er Jahren alles begonnen. Hier fliesst unsere Quelle, hier schlägt unser Herz.
Besuchen Sie den Laden und entdecken Sie unsere vielfältigen Köstlichkeiten. Lassen Sie sich mit unseren Produkten verwöhnen. Das Goba-Team freut sich auf Sie!;9.372748732566835;47.332030970659;Gontenstrasse 51;9108;Gontenbad;+41 71 795 30 30;info@goba-welt.ch;https://goba-welt.ch/standorte-anfragen/gontenbad;[{'@type': 'ImageObject', 'contentUrl': 'https://ostpimtsoch.sos-ch-dk-2.exoscale-cdn.com/catalog/5/d/5/4/5d54fda018c315b6feeec98f27f575bf41fe4869_0ed862e403972174bf05ba63103a9b8e.jpg'}];2025-03-11T18:14:24+01:00
bba644fb-dd6e-4cce-9865-1be9bcf533fc;INTERSPORT Network Flumserberg Filiale Unterterzen;Das Sportgeschäft am Walensee-Ufer.;Über den Winter bleibt die Filiale Unterterzen geschlossen. Wir freuen uns dich sobald die Temperaturen wärmer werden wieder zu begrüssen.

Die INTERSPORT Network Flumserberg Filiale in Unterterzen befindet sich direkt am Seeufer des Walensees. Gerne überzeugen wir Sie von unserem topaktuellen Sortiment, kundenorientierten Dienstleitungen und fachkompetenter Beratung und sind mit Freude für Sie da. Im Sommer haben Sie die Möglichkeit, Stand-up-Paddles, Kajaks und Pedalos zu mieten. Während des ganzen Jahres präsentiert die Filiale eine grosse und der Saison angepasste Textilabteilung.

Wie wäre es mit einer E-Bike-Tour entlang des Walensees? Den fahrbaren Untersatz dafür mieten Sie ganz einfach in der INTERSPORT Filiale Unterterzen.

Jetzt Fahrrad online mieten unter www.intersport-network.ch;9.2559119;47.1151965;Gostenstrasse 25;8882;Unterterzen;+41 81 720 16 01;info@intersport-network.ch;https://www.intersport-network.ch/filialen/unterterzen/;[{'@type': 'ImageObject', 'contentUrl': 'https://ostpimtsoch.sos-ch-dk-2.exoscale-cdn.com/catalog/0/7/4/9/07499aeb3a2cfad07f77f3612b6ba31c238777ef_38e991e1529c94a4cf7d7edc69dc3cb4.jpg'}];2025-03-14T20:25:11+01:00
bc55a94c-7306-411f-abf8-272cf9b01886;KSS Sport- und Freizeitpark Schaffhausen;Grosses Angebot mit Wasserpark (Hallen- und Freibad), Eispark, Wellnesspark und Gastronomie.;Raus aus dem Alltag und rein ins Vergnügen! Ohne Jetlag und ohne Stau. Die KSS ist Ihr sommerliches Ferienparadies für schöne Stunden und Ihre Erholungs- und Sportoase im Winter.

Planschen Sie - ob im Sommer oder im Winter - in einem der vielen Becken: Warmwasser-Aussenbecken, Nichtschwimmer- und Schwimmerbecken, Wildwasserrutschbahn, Grillstellen und vieles andere bieten Erlebnis und Erholung für Sportler und Vergnügungssuchende.

Entspannen Sie in der Wellnessoase in einer der verschiedenen Saunen oder im Dampfbad und geniessen Sie die Stille im Ruheraum oder auf der Liegeterrasse.

Besuchen Sie  im Winter den Eispark und erfreuen Sie sich am Schlittschuhlaufen, Eisstockschiessen, Curlen oder Eishockeyspielen. Um den Hunger oder Durst zu stillen lohnt sich auf jeden Fall ein Besuch in der KSS Gastronomie.;8.62225866280024;47.7040448;Breitenaustrasse 117;8200;Schaffhausen;+41 52 633 02 22;info@kss.ch;http://www.kss.ch/;[{'@type': 'ImageObject', 'contentUrl': 'https://ostpimtsoch.sos-ch-dk-2.exoscale-cdn.com/catalog/4/0/a/7/40a77526f85b566f4b5966f0568671d8c084fcb5_a9f5f29472374c3fa8af4446cf199446.jpg'}];2025-08-01T01:25:29+02:00
bcb401c1-b64e-45b0-a930-69fc60b99f08;Minigolf mit Kiosk im Kurpark Bad Ragaz;Der Minigolfplatz im Kurpark Bad Ragaz bietet 18 Bahnen für ein spannendes Spiel. Er liegt im Herzen von Bad Ragaz und ist ideal für Paare, Familien und Gruppen geeignet.;Wer gerne im romantischen Dorf bleibt, wagt vielleicht einen Abstecher in den Kurpark. Hier, mitten im Herzen von Bad Ragaz, lädt unser resorteigener Minigolfplatz mit 18 Bahnen zum heissen Match ein.;9.502320144456753;47.001469650000004;Bernhard-Simonstrasse;7310;Bad Ragaz;+41 81 303 30 30;reservation@resortragaz.ch;http://www.resortragaz.ch;[{'@type': 'ImageObject', 'contentUrl': 'https://ostpimtsoch.sos-ch-dk-2.exoscale-cdn.com/catalog/0/9/b/b/09bb867bc5a9a5603c8586aeabeb61bdd574051f_bf91ff98522d1f558573247bda8743c3.jpg'}];2026-08-31T16:30:22+02:00
c10724ce-9cc5-4893-9bf6-8cb1beb7f8bc;INTERSPORT Flumserberg THE ORIGINAL;Intersport Flumserberg Tannenboden bietet eine grosse Auswahl an Sportartikeln für alle Altersgruppen. Das Geschäft befindet sich am Flumserberg und ist ideal für Sportbegeisterte, die hochwertige Ausrüstung suchen.;Grüäzi bei INTERSPORT FLUMSERBERG - das Feine, einheimische Sportgeschäft am Flumserberg, Tannenboden Dorf. Bei uns findest du alles rund um den Wintersport. Ski, Snowboard und Langlauf mieten; einfach, schnell, preiswert und beste Qualität. Wir sind echte Schneesportprofis und die Sport Dienstleister der Region. Unser Mietmaterial und die Infrastruktur sind topmodern und wir können euch schon heute eine hervorragende Betreuung durch unser junges, langjähriges & einheimisches Personal garantieren. Direkt beim Skischulsammelplatz Tannenboden Dorf gelegen. Mit den Übungsliften Schwammkopf und Madils gelangst du einfach und direkt ins Skigebiet. Offizieller Stöckli Händler. Speziallist Skischuh Verkauf.
Online Reservation: https://www.intersportflumserberg.ch/rent#rent;9.284648895263674;47.09361788664114;Flumserbergstrasse 192;8898;Flumserberg Tannenboden Dorf;+41 81 733 31 32;info@intersportflumserberg.ch;https://www.intersportflumserberg.ch/;[{'@type': 'ImageObject', 'contentUrl': 'https://ostpimtsoch.sos-ch-dk-2.exoscale-cdn.com/catalog/3/a/5/9/3a59322ceae9f301063de19f82f363fcfe1ccb9b_e410216403989578297244df06105b27.jpeg'}];2026-04-14T21:43:52+02:00
c19d016b-0e7a-48c2-a93a-e2baebae10d5;Stiftung Eisenbibliothek;Eine Spezialbibliothek mit einigen der ältesten und seltensten Bücher der Welt über die Geschichte der Eisenmetallurgie, der Wissenschaft und der Technik;Die Eisenbibliothek - Stiftung der Georg Fischer AG Schaffhausen - ist eine weltbekannte Spezialbibliothek und internationale Begegnungsstätte zur technikgeschichtlichen Forschung.
Diese besondere Sammlung beherbergt einige der ältesten und seltensten Bücher der Welt über die Geschichte der Eisenmetallurgie, der Wissenschaft und der Technik. Sie ist im wunderschönen alten Paradieskloster untergebracht, dessen Gelände direkt am Oberrhein liegt.
Der Bestand umfasst über 47 000 Druckwerke aus 750 Jahren, viele davon aus der Zeit der Renaissance und der Aufklärung. 
Auf Besucher warten Monographien über Eisengewinnung und -verarbeitung, Alchemie, Archäologie, Technik- und Verkehrsgeschichte, Architektur, Kunstgeschichte und Kunstschmiedearbeiten, Wirtschafts- und Sozialgeschichte, Maschinen- und Brückenbau, Militaria, Hoch- und Tiefbau, Schiffsbau, Geowissenschaften, Mathematik, Physik, Chemie, Bergbau und Bergrecht, Naturgeschichte, Mineralogie und Metallurgie, Metallkunde und Werkstoffprüfung. Dazu gehören mittelalterliche Manuskripte mit Schriften von Aristoteles, eine Kopie von Isaac Newtons Principia (1687) und Baupläne für den Eiffelturm.;8.675723075866701;47.68436589634669;Klostergutstrasse 4;8252;Schlatt;+41 52 547 13 00;eisenbibliothek@georgfischer.com;http://www.eisenbibliothek.ch/;[{'@type': 'ImageObject', 'contentUrl': 'https://ostpimtsoch.sos-ch-dk-2.exoscale-cdn.com/catalog/d/9/c/a/d9ca43b9547f6bbffdec198587eaa01797fdb258_8c6cba5117466cd3d146c5e63d7797e2.JPG'}];2025-02-17T12:51:25+01:00
c310b85b-23e9-4b33-b283-3a197a899a1c;Restaurant Chutnee;Das Restaurant Chutnee in Bad Ragaz bietet eine spannende Mischung aus indischer Küche, Tandoori-Spezialitäten und beliebten europäischen Gerichten. Es ist täglich geöffnet und bietet Frühstücksbuffet, Mittag- und Abendessen à la Carte.;Freuen Sie sich auf eine aufregende Mischung aus indischer Küche, Tandoori-Spezialitäten (Freitag- und Samstagabend) und beliebten europäischen Gerichten.;9.508478450305667;46.99743255;Schloss-Strasse 1;7310;Bad Ragaz;+41 81 661 23 45;restaurant@hotelschlossragaz.ch;https://www.hotelschlossragaz.ch/de/chutnee-im-schloss/;[{'@type': 'ImageObject', 'contentUrl': 'https://ostpimtsoch.sos-ch-dk-2.exoscale-cdn.com/catalog/5/f/3/a/5f3a0c57f6529d489b7339ef82cdecb883d70171_c582ddb54c1161b192a1abb21b1b3b37.jpg'}];2025-07-24T20:17:33+02:00
c9380b25-0191-418b-a1ca-51db20bc61ac;Klettergarten Stoss;Klettergarten für die ganze Familie an sonniger Lage mit Aussicht auf die Churfirsten.;Der Klettergarten «Stoss» ist ab den gebührenpflichtigen Parkplatz «Laui» in ca. 1.5h Zustieg zu erreichen und bietet  bis zum Grad 6b aussichtsreiche Kletterrouten für die ganze Familie. 
Folgende Routen sind am Klettergarten «Stoss» anzutreffen: 
(Die Nummern in Klammern sind am Einstieg angeschrieben. Angaben ohne Gewähr)

Routen: 
- 0 / «Olaf» / 4c / 15m
- 1 / «Micki» / 4b / 15m
- 2 / «Gofi» / 3b / 15m
- 3 / «Fred» / 4b / 15m
- 4 / «Obelix» / 4c / 20m
- 5 / «Amore mio» / 4b / 40m
- 6 / «Dä Ahorn» / 5a / 40m 
- 7 (6a) / «lauf zue» / 4b / 40m
- 8 / «Siloetta» / 5a / 40m
- 9 (7) / «Blüemli» / 5a / 40m
- 10 (8) / «Schlitzohr» / 4a / 40m
- 11 (9) / «Let`s Go» / 5a / 40m
- 12 / «Margeritha» / 5b / 40m
- 13 (10) / «äs bitzeli grüen» / 5c / 40m
- 14 (11) / «R-Wäg» / 5c / 40m
- 15 (12) / «Di Ruch» / 4c / 40m
- 16 / «Mamma mia» / 5c+ / 40m
- 17 (13) / «Cät» / 6a+ / 45m
- 18 / (14) / «Tropf» / 5c+ / 45m 
- 19 / «Billy» / 5c+ / 45m
-20 (15) / «Irrwäg» / 5c+
- 21 (16) / «Bijou» / 5c / 45m
- 22 / «namelos» / 5c+ / 20m
- 23 (18) / «Träumli» / 6a+ / 20m
- 23a (19) / «Salü Koni» / 5c / 47m
- 24 (20) / «Via Andi» / 5c+ / 47m
- 25 (21) / «Heinz» / 5b+ / 47m
- 26 (22) / «Sieba Dezi» / 6a+ / 47m
- 27 (23) / «Nicoletta» / 5c+ / 47m
- 28 (25) / «Capretta/Top» / 5c / 47m
- 29 (26) / «Wespi Riss» / 5b / 45m
- 30 (27) / «De Sunnewäg» / 5c / 45m
- 31 (28) / «Gang go luege» / 5b / 35m
- 32 / «Probiere muesch» / 5c+ / 35m
- 33 / «jetz oder nie» / 5a / 35m
- 34 / «Ameisewäg» / 6a / 35m
- 35 / «Extra liecht» / 4c / 35m
- 36 / «No nöd schare» / 5b / 35m
- 36a / «Power isch gfragt» / 6b / 20m
- 37 / «Erbetta» / 4b / 35m
- 38 / «Moretta» / 4a / 35m
- 39 / «Bambi» / 3a / 15m
- 40 / «Angela» / 3a / 20m
- 41 / «Negretta» / 3b / 20m  

Weitere Informationen zu den Routen finden Sie im «SAC Kletterführer Alpstein» und in der Tourist Information Wildhaus.;9.314378499984743;47.22880286400825;Laui 2306;9657 ;Unterwasser;+41719999911;info@toggenburg.swiss;https://toggenburg.swiss/de/berge-erleben.html;[{'@type': 'ImageObject', 'contentUrl': 'https://ostpimtsoch.sos-ch-dk-2.exoscale-cdn.com/catalog/b/3/0/7/b307b81d62e9c2ccbbb9cfdbaee045f67f1d380c_e05f9df90df31306c9d3da01a94db354.jpg'}];2025-10-28T16:12:59+01:00
ce850ce6-ddd8-4dfe-b6d7-4aac7e23fd0d;Goba Flauderei;In der Flauderei, mitten in Appenzell, öffnet sich Ihnen eine Märchenwelt. Hier kommt alles zusammen, was die Welt von Goba, Flauder und Co. ausmacht, wird greifbar, riechbar, sichtbar. Einfach flauderhaft!;Die Flauderei ist Ausstellungsraum, Schatzkammer, Erlebnisort und Einkaufsladen in einem. Hier haben die Kräuterspezialitäten aus der Goba Manufaktur ihren grossen Auftritt: All die feinen Kräuterteemischungen, Konfis, Liköre und Bitter, die schillernden Flauder Gold Produkte und weitere Köstlichkeiten in edler Verpackung. Dazu kleine Kunstwerke, handverlesene Mitbringsel und andere Sache-Sächeli, die das Leben schön machen. Es gibt immer Neues zu entdecken. Man kann probieren und degustieren, einen Tee oder Flauder Cocktail geniessen - es sich und seiner Seele einfach gut gehen lassen. Und die Kleinen vergnügen sich unterdessen in der Kinderecke.

Man muss es erlebt haben. Also nichts wie hin!;9.409264020520084;47.330865219048;Hauptgasse 21;9050;Appenzell;+41 71 795 30 58;info@flauderei.ch;https://goba-welt.ch/unternehmen/ueber-uns/flauderei;[{'@type': 'ImageObject', 'contentUrl': 'https://ostpimtsoch.sos-ch-dk-2.exoscale-cdn.com/catalog/8/f/d/6/8fd611803a32b7a911b5fe35e85616184a6009ec_13a80b9aeeb1f71a9ddeef5b8c38eb15.jpg'}];2025-03-17T18:14:18+01:00
d0d5a764-a3f8-48e5-8fd5-92aaab7be114;Kegelbahn Hotel Restaurant Sternen Nesslau;Kegelbahn mit 2 Bahnen und Aufenthaltsraum im Kegelkeller.;Kegeln ist ein Spass für Kolleginnen und Kollegen, Freundinnen und Freunde oder für die ganze Familie. Bitte beachten Sie, dass eine Kegelpartie unbedingt vorreserviert werden soll, da der Keller gut besucht ist.;9.19909179210663;47.22382022634832;Hauptstrasse 28;9650;Nesslau;+41 71 994 19 13;sternen-nesslau@bluewin.ch;https://sternen-nesslau.ch;[{'@type': 'ImageObject', 'contentUrl': 'https://ostpimtsoch.sos-ch-dk-2.exoscale-cdn.com/catalog/3/b/6/4/3b6444e0545064624f683f3d24fc3e21f12631df_07a871f01573b718aa260c2dbb0ab377.jpg'}];2025-10-28T16:12:59+01:00
d0ecc36c-b0aa-4705-8cd1-078880e469e5;Luftseilbahn Iltios – Chäserrugg;Rote Luftseilbahn vom Iltios auf den Gipfel, mit Kabinen entworfen von Herzog & de Meuron und Studio Noun;<p>Die Luftseilbahn Iltios – Chäserrugg bringt ganzjährig die Gäste bequem auf den östlichen Gipfel der sieben Churfirsten und zurück auf den Iltios. Während der Fahrt mit der Luftseilbahn schweift der Blick über die Landschaft des Toggenburgs, den Alpstein und bietet eine spannende Perspektive auf die Nordseite des Gipfelgebäudes. Des Weiteren können während der Fahrt oftmals Gämse in den vorbeiziehenden Felsbändern beobachtet werden, und die verschiedenen Gesteinsschichten treten eindrucksvoll zutage. Auf dem Chäserrugg befindet sich das Gipfelrestaurant Chäserrugg, wo Kulinarik und Architektur von Herzog & de Meuron eine harmonische Verbindung eingehen. Direkt am Gipfel schliesst die Hochebene Rosenboden mit dem Panoramarundweg an, der im Sommer wie auch im Winter begangen werden kann. Dabei bietet sich eine Aussicht auf über 500 Berggipfel in sechs Ländern, den Walensee und die umliegende Bergwelt. Im Winter bietet der Chäserrugg die längste Abfahrt im Obertoggenburg. Im Juni 2023 erhielt die Bahn zwei neue Kabinen, die in Zusammenarbeit mit den Architekten Herzog & de Meuron sowie Studio Noun entworfen wurden, um das Gästeerlebnis zu unterstreichen.</p><p> </p><p>Auskunft zur Zugänglichkeit: <a href="https://www.ginto.guide/entries/109623b1-b6e4-44db-87b2-865cf60efc9d?lnk_src=business" target="_blank" rel="noopener">ginto</a></p>;9.311814;47.185046;Früeweidstrasse 8;9657;Unterwasser;+41 71 998 68 10;info@chaeserrugg.ch;https://www.chaeserrugg.ch/de;[{'@type': 'ImageObject', 'contentUrl': 'https://ostpimtsoch.sos-ch-dk-2.exoscale-cdn.com/catalog/4/a/9/0/4a900e2eb4b0604973c95953fba6f8b59dc24ab2_76f6b17b92eb4c0c9a95febc9e7f537a.jpg'}];2026-05-11T19:52:02+02:00
d1622e3f-5f4e-4cbc-9a33-6be5d71bd9c1;Curling Schaffhausen;Curling spielen in der KSS in Schaffhausen;Curling Schaffhausen bietet ein breites Angebot. Ob Einführungskurs für Anfänger oder Plauschanlässe für Ihren nächsten Firmen-/Vereinsausflug. Lernen Sie den Curlingsport noch besser kennen und erleben Sie einen unvergesslichen Teamevent.;8.621399899454769;47.70434815;Breitenaustrasse;8200;Schaffhausen;+41 52 633 02 22;info@curling-sh.ch;https://curling-sh.ch/;[{'@type': 'ImageObject', 'contentUrl': 'https://ostpimtsoch.sos-ch-dk-2.exoscale-cdn.com/catalog/a/4/8/0/a48006b163f36505e8073a1f81fa50fba0e34aa6_823a73fb3617489b7dd596aacf2e805e.jpg'}];2025-02-17T12:55:49+01:00
d2174ac5-ae95-43a6-8fe8-13140b5923b5;Bergrestaurant Chrüz;Das Bergrestaurant Chrüz am Flumserberg bietet Platz für bis zu 200 Personen im Restaurant und 180 auf der Sonnenterrasse. Es ist bekannt für seine Qualität und Gastfreundschaft und bietet im Winter an der ChrüzBar coole Drinks und Snacks.;Das gemütliche Bergrestaurant mitten am Erlebnisberg Flumserberg lädt Sie zum Verweilen ein. Stärken Sie sich vor der rasanten Skiabfahrt im Winter oder einer atemberaubenden Wanderung im Sommer mit einem abwechslungsreichen Angebot an Speis und Trank. Im Bergrestaurant Chrüz wird grossen Wert auf Qualität und Persönlichkeit gelegt und eine gastfreundliche Bedienung gewährleistet.
Das bediente Restaurant bietet Platz für bis zu 200 Personen und auf der sonnenreichen Terrasse finden ebenfalls gut 180 Personen Platz. 

Im Winter bei schöner Witterung erwarten Sie an der ChrüzBar coole Drinks und feine Snacks. Lassen Sie bei einem Besuch Ihre Seele baumeln und geniessen Sie die herrliche Wintersonne und die tolle Atmosphäre.;9.270036220550539;47.08297409902807;Chrüz;8898;Flumserberg;+41 81 733 13 22;info@chruez-flumserberg.ch;https://www.chruez-flumserberg.ch;[{'@type': 'ImageObject', 'contentUrl': 'https://ostpimtsoch.sos-ch-dk-2.exoscale-cdn.com/catalog/5/6/f/d/56fdadee1bcad2125dbdf67915aba6c3dce1badb_ca7faa52e883cb2b659aa9d9138247bb.JPG'}];2025-12-07T16:30:27+01:00
d29a3491-9163-4dc2-8d56-dd3b8559dbf1;Massagetherapie Undermüli in Alt St. Johann;Verspannungen, Kopfschmerzen, Rückenprobleme oder sonstige Bewegungseinschränkungen können mit einer Massage, zum Teil mit anderen therapeutischen Anwendungen kombiniert, gezielt behandelt werden.;Schmerzen werden gelindert oder die Behandlung kann einfach eine Wohltat sein. 
Ich habe eine über 20-jährige Berufspraxis und bin über die Zusatzversicherungen bei den meisten Krankenkassen anerkannt, spreche Deutsch, Französisch und Englisch. Parkplätze vor dem Haus, auch mit ÖV gut erreichbar.
Inkludierte Leistungen: Med. Klassische Massage, Fussreflexzonenmassage
 
Termin nach Vereinbarung
Details / Infos: www.wellmed.ch
Buchbar unter: www.wellmed.ch oder 079 678 65 67;9.280362725257875;47.19370442653;Sonnenhalbstrasse 14;9656;Alt St. Johann;079 678 65 67;info@wellmed.ch;http://www.wellmed.ch;[{'@type': 'ImageObject', 'contentUrl': 'https://ostpimtsoch.sos-ch-dk-2.exoscale-cdn.com/catalog/a/f/8/c/af8c15af14d877f6a077e4a009b978bc5df775d0_8dc7a59d472b47ee66fa533f78afb4ab.jpg'}];2026-06-02T19:40:06+02:00
d64cd5cc-7555-4225-92da-70dbcda9c2b0;Öpfelfarm;Mitten in Mostindien befindet sich der Hof der Familie Kauderer. Auf der Öpfelfarm in Steinebrunn werden beste, reife Früchte aus der Region mit einem selbst entwickelten Verfahren getrocknet, sodass natürliche Vitamine und Mineralien enthalten bleiben.;Gäste erleben in der Öpfelfarm in Steinebrunn die Verarbeitung und Veredelung von Äpfeln und vielen anderen Früchten und Beeren zu den verschiedensten Gaumenfreuden. Die Familie Kauderer hat sich diesem Genusshandwerk verschrieben und öffnet in ihrem Hofladen die Türen zu einer Welt voller Köstlichkeiten. Nebst Trockenfrüchten, Backwaren und vielen anderen regionalen Spezialitäten, sind im Hofladen und im dazugehörigen Onlineshop auch viele individuell zusammengestellte Geschenksideen zu finden. Gruppen haben zudem die Möglichkeit, die Produktion der Trockenfrüchte zu besichtigen und einen Einblick in die Welt der Familie Kauderer zu erlangen.;9.3484775;47.5297754;Olmishausen 18;9314;Steinebrunn;+41 71 470 01 23;kauderer@oepfelfarm.ch;http://www.oepfelfarm.ch/;[{'@type': 'ImageObject', 'contentUrl': 'https://ostpimtsoch.sos-ch-dk-2.exoscale-cdn.com/catalog/3/7/7/d/377da420ee636a8c795893ec25d74f3517084cdc_43540025f7be76359c99d197a8a36246.jpg'}];2026-03-19T22:08:45+01:00
d679320a-cf05-4dbe-9331-64a7acad4bf9;Strandbad Rorschach;Badespass im und am Bodensee!;<div class="elementor-element elementor-element-43b8135f elementor-widget elementor-widget-dyncontel-acf" data-id="43b8135f" data-element_type="widget" data-e-type="widget" data-settings="{&quot;acf_field_list&quot;:&quot;kurzfassung&quot;,&quot;acf_type&quot;:&quot;text&quot;}" data-widget_type="dyncontel-acf.default"><div class="elementor-widget-container"><div class="dynamic-content-for-elementor-acf "><p>Das Strandbad Rorschach bietet zwei Schwimmbecken, ein Planschbecken, eine 65-Meter-Rutschbahn sowie Spiel- und Sportfl&auml;chen. Ein Restaurant mit Herberge und ein Kiosk erg&auml;nzen das Angebot. Die Badesaison dauert Mitte Mai bis Mitte September. Die &Ouml;ffnungszeiten variieren je nach Saisonphase.</p></div></div></div><div class="elementor-element elementor-element-36baf29 sfag-dynamic-widget-has-table-inside elementor-widget elementor-widget-dyncontel-acf" data-id="36baf29" data-element_type="widget" data-e-type="widget" data-settings="{&quot;acf_field_list&quot;:&quot;beschreibungstext&quot;,&quot;acf_type&quot;:&quot;text&quot;}" data-widget_type="dyncontel-acf.default"><div class="elementor-widget-container"><div class="dynamic-content-for-elementor-acf "><p><strong>Das bietet das Strandbad</strong></p><ul><li>Anlagen: 2 Schwimmbecken, Planschbecken, 65 m Rutschbahn, Sprungturm 1, 3 und 5 Meter, Beachvolleyfeld, Kinderspielplatz, Fussballplatz.</li><li>Gastronomie: Restaurant mit Gartenwirtschaft und angegliederter Herberge; Kiosk mit Snacks, Glac&eacute;s und Getr&auml;nken.</li></ul></div></div></div>;9.510384599999952;47.4791612;Churerstrasse 4;9400;Rorschach;+41 71 844 21 54;strandbad@rorschach.ch;https://www.rorschach.ch/strandbad;[{'@type': 'ImageObject', 'contentUrl': 'https://ostpimtsoch.sos-ch-dk-2.exoscale-cdn.com/catalog/3/e/f/b/3efb15b0ba82c9c3e9abb8910855751853ae6f13_9037c1ed4a7193e33743e518c6edede0.jpg'}];2026-08-16T16:30:18+02:00
d8a51c3c-3bc4-4023-9f59-367fd615f1ac;Reiatbadi;Familiäre Badi im Herzen des Reiats. Die schönste Badi im  Reiat.;Das kleine aber feine Freibad ist der perfekte Ort für eine idyllische Abkühlung an heissen Sommertagen. Im BadiBeizli gibt es feine Leckereien und der Spielbach lädt Klein & Gross zum Stauen und Planschen ein. Regelmässig finden tolle Konzerte und Events statt. Das aktuelle Saisonprogramm finden Sie jeweils auf: www.reiatbadi.ch;8.669917437443347;47.778628100000006;Hauptstrasse 1;8242;Hofen;+41 52 649 18 88;info@reiatbadi.ch;http://reiatbadi.ch/;[{'@type': 'ImageObject', 'contentUrl': 'https://ostpimtsoch.sos-ch-dk-2.exoscale-cdn.com/catalog/5/f/b/9/5fb90f68bfaad4ae4bec1da94ae82766dc963f9f_dcb304774b737c1d35e89bab124d4c0f.jpeg'}];2025-02-17T12:53:53+01:00
d8c6b80b-e605-4ea5-a6ec-1ddcf07614d4;Kiwi Kino Castels Sargans;Das Kiwi Kino Castels in Sargans bietet mit seinen zwei komfortablen Sälen ein vielfältiges Filmerlebnis. Ob Familienfilme oder Hollywood-Blockbuster, das Kino lädt in einer freundlichen Atmosphäre zum Verweilen ein.;Das Kiwi Castels mit seinen zwei komfortabel eingerichteten Sälen ist ein Erlebnisort, eingebettet im schweizweit bekannten Heidiland. Ob Familienfilme, Hollywood-Blockbuster oder auch intellektuelles Kino in der Originalfassung. Das traditionelle Kino in Sargans bietet pures Filmvergnügen in sympathisch lokaler Atmosphäre. Dabei lädt der Kinokiosk mit integrierter Bar vor oder nach dem Film zum Cüpli unter Freunden.;9.441976547241211;47.04525370201702;Pizolstrasse 3;7320;Sargans;+41 81 723 16 61;castels@kiwikinos.ch;https://www.kiwikinos.ch/sargans/kino_castels/;[{'@type': 'ImageObject', 'contentUrl': 'https://ostpimtsoch.sos-ch-dk-2.exoscale-cdn.com/catalog/d/0/e/5/d0e5602b66192ce1341ff57e970dfe6665835ff2_5d892628b1d1bf255797d334a8b15664.jpg'}];2025-12-15T21:51:36+01:00
da2b428b-2578-4680-a59e-d27fca283aec;Daniele Gaumenschmaus;Hausgemachter regionaler Aceto Balsamico aus Blauburgundertrauben und frische Pasta.;Bei Daniele am Fronwagplatz 7 in Schaffhausen läuft einem das Wasser im Munde zusammen: Hier gibt es Italienische Spezialitäten, so weit das Auge reicht! Das Sortiment setzt sich aus Aceto, Pasta und vielen Leckereien zusammen. Alles mit viel Liebe hausgemacht, versteht sich! Eine freundliche Bedienung ist für uns selbstverständlich. Schön, dass wir Sie hier haben dürfen.;8.6332981;47.6967698;Fronwagplatz 7;8200;Schaffhausen;0526258270;mail@daniele.shop;https://schaffhauserland.ch/de/index/map/detail/daniele-gaumenschmaus-da2b428b-2578-4680-a59e-d27fca283aec.html;[{'@type': 'ImageObject', 'contentUrl': 'https://ostpimtsoch.sos-ch-dk-2.exoscale-cdn.com/catalog/1/e/d/3/1ed35dbc8ef0f98f2a7e5c2ed5d31a4a62655a27_d8d2e99e9d25b7866331142e7b0a76da.jpg'}];2025-02-17T12:51:25+01:00
dae7c8f0-8b19-43bf-8b00-c00c173bcb33;Berber Semmelink - Ski Academy;Du willst besser werden? Passionierte & engagierte Skilehrer helfen dabei ;Die BSSKI Academy bietet privaten Ski- und Snowboardunterricht mit erfahrenen Lehrern sowie Gruppenunterricht für diejenigen, die lieber mit anderen zusammen lernen möchten. Egal ob du Anfänger oder Fortgeschrittener bist, die BSSKI Academy kann dir helfen, deine Ziele auf und abseits der Piste zu erreichen.;9.27947759628296;47.091572393806004;[{'@type': 'ImageObject', 'contentUrl': 'https://ostpimtsoch.sos-ch-dk-2.exoscale-cdn.com/catalog/c/5/5/6/c55604ccba08af9546f13e69bea42b3893210464_bc0fac03ba01d33df0de07d4bb4288a6.jpg'}];2025-03-17T20:25:27+01:00
db9ef566-6a20-476e-9909-d77d5b0cc757;BIGPOINT;Das BIGPOINT Tennis GmbH in Bad Ragaz bietet Padel, Tennis, Pickleball und Badminton sowohl indoor als auch outdoor an. Es gibt Unterricht für alle Altersklassen und Spielstärken. Rackets können gemietet werden.;Mit Padel, Tennis, Pickleball und Badminton bleiben Sie auch in Ihren Ferien in Form. Das Sportcenter in Bad Ragaz bietet folgende Sportplätze:

Indoor
- 4 Padel Courts
- 1 Padel Single Court
- 1 Kids Padel Court
- 1 Padel Ping Pong Court
- 1 Pickleball Court
- 1 Badminton Court

Outdoor
- 5 Padel Courts
- 2 Padel Single Courts
- 1 Tennis Court

Zudem bieten wir Unterricht für alle Altersklassen und Spielstärken.

Schläger für alle Sportarten können bei uns gemietet werden (Twint), Bälle und Shuttles bei der Rezeption gekauft werden (Twint).

Jetzt auf Playtomic registrieren, den gewünschten Platz direkt online buchen und Spass haben!

Weitere Infos finden Sie auf unserer Website: https://bigpointtennis.ch/bad-ragaz/;9.493603706359865;47.015295500475;Badriebweg 1;7310;Bad Ragaz;+41 81 302 47 45;info@bigpointtennis.ch;https://www.bigpointtennis.ch;[{'@type': 'ImageObject', 'contentUrl': 'https://ostpimtsoch.sos-ch-dk-2.exoscale-cdn.com/catalog/0/d/a/f/0daf4a79a46359c5613e50dec495a5d212843974_1ee196656de36c08e3d3008343325594.JPG'}];2026-08-12T21:05:57+02:00
de690b47-2e21-4bca-8d0b-a918316cec04;Ski- und Snowboardschule Flumserberg;Die Ski- und Snowboardschule Flumserberg bietet Kurse für alle Wintersportbegeisterten an. Von klassischem Skifahren bis zu Snowboarden und weiteren Schneeaktivitäten, hier werden sportliche Ziele mit Spassgarantie verwirklicht.;Das Team der Ski- und Snowboardschule Flumserberg hilft dabei, wintersportliche Ziele zu verwirklichen – angefangen beim klassischen Skifahren und Snowboarden bis hin zu vielen weiteren Aktivitäten im Schnee. Kreativ, fokussiert, verständnisvoll und topausgebildet wissen unsere Lehrer genau, was sie tun. Freuen Sie sich auf einheimische Wintersportprofis, die das Herz am rechten Fleck haben.;9.284396767616274;47.093737630212;Flumserbergstrasse 196;8898;Flumserberg;+41 81 733 39 39;info@sssf.ch;https://www.flumserberg.ch/de/Winter-erleben/Skischule-Flumserberg;[{'@type': 'ImageObject', 'contentUrl': 'https://ostpimtsoch.sos-ch-dk-2.exoscale-cdn.com/catalog/b/e/8/8/be884627f00de0a63f7510700f2b10df0eb2429b_4514c97ba899992e8c9a109bc5ddcd55.jpg'}];2026-08-06T20:59:05+02:00
de803acd-6eb8-45d5-a062-a18ebbc5c635;Gretener Blumen Schaffhausen;Blumen zum Schenken, Feiern, Jubilieren, Heiraten, Verlieben, Verwöhnen, Überraschen und Trauern …;Blumen können vieles. Wir auch.
Lassen Sie sich inspirieren von unseren Ideen, Vorschlägen und innovativen Projekten.;8.6333535;47.6964113;Fronwagplatz 4;8200;Schaffhausen;+41 52 630 02 00;info@gretener.ch;http://www.gretener.ch;[{'@type': 'ImageObject', 'contentUrl': 'https://ostpimtsoch.sos-ch-dk-2.exoscale-cdn.com/catalog/9/a/8/0/9a80d101483ac10a4a19371789fe925cb724301d_9a61c2e49da6400c27f812dea3afd63b.jpg'}];2025-02-17T12:48:39+01:00
e1c42d32-262b-48a8-b3f1-598509398417;Tourist Information St.Gallen ;Herzlich willkommen in der Tourist Information St.Gallen ;<p class="MsoNormal">Ob du die besten Sehensw&uuml;rdigkeiten entdecken m&ouml;chtest, Insidertipps suchst oder dich einfach &uuml;ber die Region informieren willst &ndash; bei uns bist du richtig.</p><p class="MsoNormal">Entdecke einzigartige Souvenirs und st&ouml;bere in unserem Shop mit hochwertigen regionalen Produkten, die ein St&uuml;ck St.Gallen mit nach Hause bringen. Die Tourist Information ist zudem der perfekte Startpunkt f&uuml;r spannende Stadtf&uuml;hrungen, bei denen du in die Geschichte und Kultur unserer charmanten Altstadt eintauchen kannst.</p><p class="MsoNormal">Zudem findest du bei uns eine F&uuml;lle an Informationsbrosch&uuml;ren, die dir helfen, deinen Aufenthalt in St.Gallen und am Bodensee optimal zu gestalten.&nbsp;</p><p class="MsoNormal">Du m&ouml;chtest wissen, wie du zu uns kommst? Hier findest du <a href="https://st.gallen-bodensee.ch/files/_OpenFrontend/websites/st.gallen-bodensee.ch/assets/diverses/20250716_anreise-st-gallen-bodensee-tourismus-komprimiert.pdf" target="_blank" rel="noopener">detaillierte Informationen (f&uuml;r Menschen mit Mobilit&auml;tseinschr&auml;nkungen)</a>, die beschreiben, wie du vom Bahnhof St.Gallen zu uns gelangst.</p>;9.3756155;47.4232737;Bankgasse 9;9001;St.Gallen ;+41 71 227 37 37;info@st.gallen-bodensee.ch;https://st.gallen-bodensee.ch/;[{'@type': 'ImageObject', 'contentUrl': 'https://ostpimtsoch.sos-ch-dk-2.exoscale-cdn.com/catalog/b/b/3/a/bb3ac2b68e6026a79a9900d6bd368423e1c67ac5_e955d443007d11937cfcfa63c08e0f55.jpg'}];2026-08-01T16:30:19+02:00
e3895d72-f859-4640-8c80-670dc2c382d4;Lido Strandbad Büsingen;Die grüne Oase am Hochrhein. Strandbad mit regionalem Restaurant.;Das Lido-Team verwöhnt auf gedeckter Rheinterrasse mit Service am Tisch und bietet neben klassischen Badi-Speisen wechselnde, frisch zubereitete Tagesmenüs an. Nur einen Schritt vom Rheinufer entfernt sorgt der Sprung in&#039;s kühle Nass für Badevergnügen pur. Die grosse Liegewiese lädt zum Entspannen ein, das gegenüberliegende Naturschutzgebiet schafft eine paradiesische Atmosphäre.

Ausserdem vorhanden: Aussenduschen, Schliessfächer, Umkleiden, Spielplatz, Tischtennis, Volleyballfeld, E-Bike-Ladestation, rollstuhlgängige Toilette, Wickeltisch.

Anfahrt: Gebührenpflichtige Parkplätze vorhanden, unkomplizierte Anreise mit dem Bus (Haltestelle in 100m Gehdistanz).;8.69676719994459;47.694539705611;Strandbadweg 7;8238;Büsingen;info@lido-buesingen.ch;https://www.lido-buesingen.ch/;[{'@type': 'ImageObject', 'contentUrl': 'https://ostpimtsoch.sos-ch-dk-2.exoscale-cdn.com/catalog/9/d/e/9/9de9c2c7192091fb8656aa2dcdac973c7baaa10e_636cee44b8cb4dc0a612acda5e27b596.jpg'}];2025-10-28T19:06:07+01:00
e4561f03-e07c-4513-ba91-ce5a3160318c;Tamina Therme Bad Ragaz;Die Tamina Therme in Bad Ragaz bietet auf 7 300 Quadratmetern ein öffentlich zugängliches Thermalheilbad mit reinem Thermalwasser, moderner Saunakultur und einem breiten Massage- und Beauty-Angebot für Entspannung und Erholung.;Das öffentliche Thermalheilbad Tamina Therme ist als Wellness-Oase, ein Ort der Entspannung und Erholung für Körper, Geist und Seele: Das Thermalwasser in seiner reinsten Form, zelebrierte Saunakultur und das Massage-  und Beauty-Angebot in dem stimmungsvollen und licht-durchfluteten Ambiente der Therme schaffen ein intensives Wohlfühlerlebnis für alle Sinne!

Hier erleben Sie das heilende Thermalwasser in seiner reinsten Form und regenerieren Körper, Geist und Seele. Auf rund 7’300 Quadratmetern bieten sich verschiedene Attraktionen zur Entspannung nach einem anstrengenden Arbeitstag, nach intensivem Sport oder einfach, weil Ihnen das Thermalwasser gut tut.;9.50416022930948;46.99929655;Hans-Albrecht Strasse;7310;Bad Ragaz;+41 81 303 27 40;info@taminatherme.ch;https://www.grandresort.ch/spa-therme/tamina-therme;[{'@type': 'ImageObject', 'contentUrl': 'https://ostpimtsoch.sos-ch-dk-2.exoscale-cdn.com/catalog/a/6/f/a/a6fab06f44839bda4dc3e7553e64ac7917dcaba3_3d4e58d094513a1f77611c98516f6d95.jpg'}];2026-09-04T21:05:15+02:00
e61b4825-a461-451e-ad8c-33f3da2a2b99;Le Soir Le Jour;Herausragende Kollektionen internationaler Modelabels. Persönlich kuratiert und limitiert. Designobjekte, Lifestyle und Kunst. Das findet sich bei Le Soir Le Jour.;Le Soir Le Jour ist ein Concept Store in St.Gallen. Er ist das Resultat einer grossen Leidenschaft für Mode und Freude am Ästhetischen. Die sorgfältige Auswahl an etablierten sowie jungen Designern, lässt die Herzen aller Modeaffinen höher schlagen. Le Soir Le Jour vereint Stilvolles von der Nonchalance des französischen Chic über die trendy Attitude Londons bis hin Naturkosmetik aus Vorarlberg. Hier finden Fashion Connaisseurs und Individualisten das, was sie suchen – herausragende Brands, die einmalig in der Ostschweiz geführt werden. Das modische Angebot wird begleitet von Taschen, Schuhen und Schmuck.;9.3740289;47.4230928;Oberer Graben 26;9000;St. Gallen;+41 71 223 22 21;boutique@lesoirlejour.ch;http://www.lesoirlejour.ch/;[{'@type': 'ImageObject', 'contentUrl': 'https://ostpimtsoch.sos-ch-dk-2.exoscale-cdn.com/catalog/6/2/9/a/629a44bc633c0fc5a2e7552ee376f935d646ea56_0a7e309e9a2fef9530381bbd6b46534f.jpg'}];2026-06-16T20:10:27+02:00
e6301bdb-98b5-4f36-abd9-e061b3e264b5;Chäs-Marili;Emmentaler, DIE Schweizer Spezialität mit den grossen Löchern und viele weitere seiner Verwandten aus aller Welt erhalten Sie im Chäs Marili. ;<p>Selbstverst&auml;ndlich alles im optimalen Reifestadium: ob w&uuml;rziger Gruy&egrave;re, mildes Mutschli oder kr&auml;ftiger Bergk&auml;se - hier werden Sie immer f&uuml;ndig. Italienische Spezialit&auml;ten wie Gorgonzola, franz&ouml;sische Weichk&auml;se und andere Spezialit&auml;ten runden das Angebot ab. Das Fachgesch&auml;ft bereitet auch gerne Mischungen f&uuml;r Fondues zu und stellt K&auml;seplatten f&uuml;r jede Gelegenheit zusammen, sch&ouml;n garniert mit saisonalen Fr&uuml;chten/Gem&uuml;sen - das Auge isst ja bekanntlich mit! Im Sommer ist f&uuml;r Erfrischung all'italiana gesorgt mit den Glaces der Gelateria Antico del Corso.</p>;8.6333104;47.6968336;Fronwagplatz 9;8200;Schaffhausen;+41 52 625 16 37;info@chaes-marili.ch;http://www.chaes-marili.ch/;[{'@type': 'ImageObject', 'contentUrl': 'https://ostpimtsoch.sos-ch-dk-2.exoscale-cdn.com/catalog/d/c/9/e/dc9e802f02717fccbea5d66e7bec6b944c0f4f17_87922cc9e21ee8119955ca6bde14dcf4.jpg'}];2026-01-09T19:41:31+01:00
e6806cdb-53e2-4125-89fd-0e20b3e0308d;Kunstschür «Galerie & Bistro» Vorderbrugg;Kunstschür - Galerie & Bistro - klein aber fein!
Schöner Garten direkt am Rhein mit verschiedenen Skulpturen, z.B. von Peter Lenk, Carstten Kretschmar, Willi Hofmann, etc. sowie über 65 Töpfe mit Rosen, Rosenbäumchen, Blumen, Sträuchern, etc.;<p>Die unter Denkmalschutz stehende Scheune befindet sich im alten und romantischen Stadtteil &bdquo;Vorderbrugg&ldquo;, wo fr&uuml;her die Schiffer und Fischer gelebt haben. In der Scheune befindet sich auch das Atelier von Willi Hofmann, welcher sich seit 1987 der Konkreten Kunst verschrieben hat. - Kultur (permanente Ausstellung von Willi Hofmann, Frauenfeld / Kontrete Kunst), Veranstaltungen - Lokalit&auml;t auch geeignet f&uuml;r Feiern, Ap&eacute;ros, Tagungen, Workshops, Sitzungen bis max. 40 Personen - Verpflegung/Mittagessen nach Absprache - verschiedene kulinarische hausgemachte K&ouml;stlichkeiten, diverse kalte und warme Getr&auml;nke, diverse Weine.</p><p>Die Kunstsch&uuml;r ist ge&ouml;ffnet nach Voranmeldung und in Absprache!</p>;8.857844984609272;47.65772065;Espiweg 8;8260;Stein am Rhein;+41 78 662 26 74;info@kunstschuer.ch;http://www.kunstschuer.ch/;[{'@type': 'ImageObject', 'contentUrl': 'https://ostpimtsoch.sos-ch-dk-2.exoscale-cdn.com/catalog/5/a/b/6/5ab62c9640459ee9911a151a06b5eb138b627798_1d74276dd3bc09f09a1d8adf05b05afc.jpg'}];2026-02-09T19:27:30+01:00
e69957c1-623e-4ede-b0d6-5c4e952a82ca;Conny's Couture;Das Schneideratelier Conny's Couture stellt modische Unikate ausschliesslich für Frauen her. Das Motto lautet: So individuell wie DU;Im Atelier Conny's Couture werden textile Träume wahr und die Schneiderkunst wird auf höchstem Niveau ausgelebt!

Die Stoffe und Materialien für die massgefertigten Kleider werden vorwiegend aus der Textilstadt St.Gallen und der näheren Umgebung bezogen. Das auf Nachhaltigkeit bedachte Atelier achtet sowohl bei der Materialauswahl wie auch bei der Produktion stets auf den Schutz der  Umwelt. 

Vom gemeinsamen Stoffeinkaufserlebnis mit Conny (Personal Fabric Shopping) geht es im Anschluss gleich über zur individuellen Modellbesprechung und dem Massnehmen für das gewünschte Traumkleidungsstück.

Danach plant und konzipiert Conny das individuelle Design und Schnittmuster für die gewünschte Einzelanfertigung. Die Kundin kommt noch 1-2 mal zur Anprobe im Atelier vorbei,  bevor sie ihr persönliches Unikat in Empfang nehmen und ausführen darf. 

Alle Kleidungsstücke von Conny's Couture werden im Schneideratelier in Mörschwil mit viel Liebe zum Details hergestellt.;9.437277317047121;47.464028567370164;Rorschacherstrasse 73;9402;Mörschwil;079 729 27 91;conny.biser@gmail.com;[{'@type': 'ImageObject', 'contentUrl': 'https://ostpimtsoch.sos-ch-dk-2.exoscale-cdn.com/catalog/1/5/0/7/1507d2b0ea79818e791035171e46d98ca1d35df6_238e0796a3b59935cfb35dc82a29ba0f.jpg'}];2026-06-16T20:10:27+02:00
e6d8cb3d-44bf-4001-b1e6-53cea5ae119e;Appenzeller Schaukäserei - Shop;Einkaufen nach Lust und Laune;Im Spezialitätengeschäft der Appenzeller Schaukäserei finden Sie über 80 verschiedene Käsesorten an der offenen Theke. Lassen Sie sich von der Vielfalt inspirieren und entdecken Sie Ihren persönlichen Favoriten aus dem ganzen Appenzeller® Sortiment. Auch die perfekten Geschenke für Ihre Liebsten oder Ihre Geschäftspartner finden Sie in diesem Shop!;9.3447696;47.373519;Dorf 711;9063;Stein;+41 71 368 50 70;info@schaukaeserei.ch;http://www.schaukaeserei.ch/;[{'@type': 'ImageObject', 'contentUrl': 'https://ostpimtsoch.sos-ch-dk-2.exoscale-cdn.com/catalog/b/0/3/e/b03ea7549b0076c0bbb3bf52d24451cdc4345e12_e97f9510b2b0c2ecab3026b5e8a76d22.jpg'}];2025-02-27T18:14:26+01:00
e8e50e2d-de28-4968-8dbe-3fa5719e04f8;Wundernas;Am Rathausplatz 18 erwartet Sie ein zweigeschossiges, kleines Warenhaus mit liebevoll ausgesuchten Produkten.;<p><span data-teams="true"><strong>Dingsbums</strong><br>Sch&ouml;nes Schenken. Im oberen Ladengeschoss finden Sie grosse allerlei Dingsbums. Sch&ouml;n Verspieltes zum Schenken oder selber Brauchen aus den Bereichen Papeterie, K&uuml;che und Haushalt, Denksport, Puzzle und Spiele.<br><br><strong>Wundernas</strong><br>Spielsachen &ndash; die Sinn machen. &Uuml;ber eine Rutschbahn (oder die Treppe) geht es in die Spielwarenabteilung im unteren Teil des Ladens. Vom Babygeschenk bis zum Experimentierkasten ist alles da.<br><br><strong>LehrREICH</strong><br>Im LehrReich finden Fachpersonen aus Schule, Kindergarten, Heilp&auml;dagogik oder Betreuung Ideen und Materialien f&uuml;r Unterricht, Therapie und Home Schooling.<br><br>Wir freuen uns auf Sie!</span></p>;8.859196235582571;47.65994805;Rathausplatz 18;8260;Stein am Rhein;+41 52 558 31 37;info@wundernas.ch;https://wundernas.ch/;[{'@type': 'ImageObject', 'contentUrl': 'https://ostpimtsoch.sos-ch-dk-2.exoscale-cdn.com/catalog/e/e/7/8/ee78663c29b7ffb2aad1cedb553ccd9aebee482a_ee5b48b9085b8d5462e36ab4f8a14e7f.jpg'}];2026-01-29T19:50:16+01:00
eb602550-73e8-42cc-851d-a8b8145e09ba;Golf Club Heidiland;Der 9-Loch Executive Course des Golf Club Heidiland liegt in der Bergkulisse des Bündner Rheintals. Die Anlage bietet ein Übungscenter und eine Golf Academy. Der Golfplatz ist für Mitglieder anderer Clubs mit Handicap 54 zugänglich.;Der 9-Loch Executive Course des Golf Club Heidiland ist in die wunderschöne Bergkulisse des Bündner Rheintals eingebettet. Der Golfplatz grenzt an den 18-Loch Championship Course des Golf Club Bad Ragaz. Die hervorragend gepflegte Anlage bietet mit einem eigenen Übungscenter und Golf Academy beste Voraussetzungen für ein erfolgreiches Spiel. Zum Golf Club Heidiland gehört das Golf Bistro dazu, welches sowohl Golfspieler als auch externe Gäste mit leckeren Speisen verwöhnt. Der Golfparcours steht auch Mitgliedern anderer Golf Clubs offen (mindestens Handicap 54).

Der Golfplatz grenzt an den bestehenden Golf Club Bad Ragaz und ist ebenfalls dem Grand Resort Bad Ragaz angegliedert. Gerne können auch Gäste den Parcours geniessen, die mindestens Handicap 54 besitzen und Mitglied in einem Golf Club sind. Die Übungsanlage ist für jedermann Rangfee frei zugänglich. Auf Anfrage werden Golfschläger zur Verfügung gestellt.;9.516695028802676;46.9975241;Maienfelderstrasse 50;7310;Bad Ragaz;+41 81 303 37 00;gcheidiland@resortragaz.ch;http://www.gcheidiland.ch;[{'@type': 'ImageObject', 'contentUrl': 'https://ostpimtsoch.sos-ch-dk-2.exoscale-cdn.com/catalog/3/7/7/d/377dcb4bddab33cecf05af7a983d8038621e07dd_ec16d1885c3e727747a2fc867d38dfe9.jpg'}];2026-08-17T20:41:09+02:00
ebd0c2a5-6fdc-4670-a857-fce28504d1a0;Schererei;Herzlich willkommen in der Welt der Scherenschnitte von Jolanda Brändle. Die Tür von Laden und Galerie im Haus Schererei lädt zum Staunen, Erfreuen und Verweilen ein. Ein Besuch lohnt sich!;Angebote Haus Schererei

Laden:
Sie finden auf rund 140m2 Verkaufsfläche nebst einmaligen Originalbildern ein grosses Sortiment von Scherenschnitt-, Geschenks- und Gebrauchsartikel. 

Führungen:
Planen Sie einen Vereinsausflug, Gruppenevent, Firmenanlass oder eine Familienfeier mit einem besonderen Erlebnis?
Eine Führung durch die "Schererei" mit Präsentation des Kunsthandwerks ist immer interessant und eine Reise nach Mosnang wert.

Kurse: 
In der Schererei finden immer wieder Kurse nach Vorlagen oder mit eigener Zeichnung statt. 

Silhouetten schneiden:
Die Kunst von Silhouetten schneiden eignet sich bestens zur Auflockerung Ihres Events. Jolanda Brändle schneiden an Ihrem Anlass in wenigen Minuten Profile Ihrer Gäste detailgetreu aus schwarzem Papier - dank langjähriger Erfahrung, ohne vorzuzeichnen.

Vermietung Saal und Parkanlage
Der Schererei-Saal im 1. Obergeschoss kann gemietet werden und eignet sich ausgezeichnet für Kurse, Partys und andere Anlässe. Es stehen 70m2 Saal und zusätzlich 32m2 Bühne zur Verfügung. 
Der einladende, hübsche Park vor der Schererei eignet sich hervorragend für Apéros oder kleinere Veranstaltungen.;9.039115072098214;47.3627171;Bärenwiese 1;9607;Mosnang;+41 79 739 95 46;jolanda@schererei.ch;https://www.schererei.ch/;[{'@type': 'ImageObject', 'contentUrl': 'https://ostpimtsoch.sos-ch-dk-2.exoscale-cdn.com/catalog/d/a/4/5/da4523837a8e4d6d9475c7a121baf46c3a3e8882_c3e27f61ee7e9d7ead88a19dee8b0a6c.jpg'}];2025-10-28T16:12:59+01:00
ecc389c6-d7bf-4efe-b736-1ad1b485c4b3;Wieland Beeren und Glacé;Willkommen auf dem Pilgerhof im Märstetten. Auf dem Hof der Familie Wieland findet man einen Hofladen mit frischen Beeren, feinen Glacé sowie ein Rastplatz im Grünen mit Streichelzoo.;Der Pilgerhof wird von Familie Wieland in zweiter Generation bewirtschaftet und liegt mitten im Thurgau.  Der Anbau von geschmacksintensiven Erdbeeren, Himbeeren, Heidelbeeren sowie Brombeeren gehören zu ihren Stärken. 

In der hofeigenen Glacémanufaktur entstehen die «Thurgauer Glacé Perlen». Früchte vom Hof und weitere regionale Zutaten sowie viel Liebe und Leidenschaft für feine Produkte lassen Glacé-Träume wahr werden.

Im Hofladen werden tagesfrische Beeren, Glacé und weitere Spezialitäten werden angeboten.

Ein kleiner Rastplatz im Grünen lädt zudem Wanderer und Velofahrer ein, eine Pause zu machen und aufzutanken. Familien mit Kindern geniessen die ruhige Umgebung sowie den nahen Kontakt zu den Hühnern, Kaninchen und Zwergziegen.;9.071643;47.5844232;Pilgerhof 1;8560;Märstetten;+41 71 657 26 65;info@wieland-beeren.ch;https://www.wieland-beeren.ch/;[{'@type': 'ImageObject', 'contentUrl': 'https://ostpimtsoch.sos-ch-dk-2.exoscale-cdn.com/catalog/6/7/8/b/678b7a661a729fffd9b1869166c9365a399a9945_268598d266b0ccf9b77583acbad7305a.png'}];2025-04-09T21:21:24+02:00
ecdfa0eb-c8de-4e05-92ec-b10eb7307227;Mostgut Bärenmost;Auf dem Mostgut Bärenmost mitten in Mostindien lässt sich der Apfel ganzheitlich erleben. Der idyllische Biohof im Thurgau bietet Führungen, Apéros, Degustationen, einen Hofladen, massgeschneiderte Erlebnisse, einen eigenen Adventure Room sowie Platz für Seminare und Tagungen.;<p>Seit 1910 bewirtschaftet die Familie B&auml;r ihren Biohof im Herzen von Mostindien. Mit Leidenschaft wird hier Apfelsaft angebaut, gepresst, vermarktet und genossen. Das Mostgut steht f&uuml;r famili&auml;re Produktion &ndash; von der Scholle bis ins Glas. Purer Geschmack, eleganter Genuss, stilvolles Ambiente und echte Thurgauer Gastfreundschaft machen diesen Ort besonders. Der B&auml;renmost entsteht aus voll ausgereiften, saftigen Bio&auml;pfeln, die direkt auf dem Hof mit einem innovativen Verfahren gepresst werden &ndash; naturrein und ohne Zus&auml;tze. Das Mostgut ist ein kleines, feines Familienunternehmen mit kreativen Ideen. Mit viel Herzblut werden hier authentische Erlebnisse rund um den Apfel geschaffen &ndash; mitten im Thurgau.</p>;9.173830747604372;47.561324341945365;Flurhofstrasse 1;8584;Opfershofen;+41 71 640 03 11;erlebnis@baerenmost.ch;https://baerenmost.ch/;[{'@type': 'ImageObject', 'contentUrl': 'https://ostpimtsoch.sos-ch-dk-2.exoscale-cdn.com/catalog/a/d/8/3/ad83ae96f3ba1c1b87775049c6620552d319b6d1_15cbb11ba72e1d1d138859934db330ed.jpg'}];2026-06-03T22:19:05+02:00
eedc5390-7ccc-4576-9b86-ee17c3a12046;Kaffieggä Café & Rösterei;Das Kaffieggae Café & Rösterei in Bad Ragaz bietet erlesene Kaffeespezialitäten, eine abwechslungsreiche Snack- und Apéro-Karte sowie Barista-Kurse. Ein Ort für Kaffeeliebhaber, der Genuss und Qualität vereint.;Der Treffpunkt für Kaffeeliebhaber in der Region Ein liebevoll eingerichtetes Café, das durch erlesene Kaffee-Spezialitäten begeistert. 
Es bietet mehr als nur Kaffee – mit einer abwechslungsreichen Snack- und Apéro-Karte locken Bier, Wein und erfrischende Apérogetränke für Geniesser. Eltern können entspannte Kaffeemomente geniessen, während sich ihre Kinder in einer separaten Spielecke vergnügen. 
Für Kaffeegenieser, die Qualität schätzen, gibt es einen Showroom mit professionellen Siebträger-Kaffeemaschinen und hochwertigem Zubehör zum Direktkauf. 

Frisch geröstete Kaffeesorten in grosser Auswahl laden ein, diese direkt vor Ort zu geniessen oder bequem mitzunehmen. 
Zudem begeistern spannende Barista-Kurse, ideal für Teamevents, Treffen mit Freunden oder für Liebhaber des guten Kaffees, die ihre Fähigkeiten vertiefen möchten. 

Durch persönliche Beratung erhältst du Antworten auf all deine Fragen rund um die Welt des Kaffees. Und egal, ob direkt im Café, über die Webseite oder telefonisch – das Bestellen und Anfragen ist unkompliziert und flexibel. Ein Ort, der Genuss, Qualität und Erlebnis in einzigartiger Weise vereint.;9.500432996070614;47.00296605;Bartholoméplatz 12;7310;Bad Ragaz;0799042242;hallo@kaffieggae.ch;https://www.kaffieggae.ch/;[{'@type': 'ImageObject', 'contentUrl': 'https://ostpimtsoch.sos-ch-dk-2.exoscale-cdn.com/catalog/3/e/8/0/3e802817b4259f901843ffe2a0282ed54210d93a_643182c77b0326e71a67e8abf0e4420f.jpg'}];2025-11-07T20:22:17+01:00
ef148113-71b5-44b3-b0b3-9f462c9ca59d;Gruebhütte;Die Gruebhütte am Flumserberg bietet 55 Innenplätze und eine Sonnenterrasse. Sie serviert regionale Gerichte und Weine auf über 1800 m. Ideal für Paare und Singles, die nach einem Skitag entspannen möchten.;Die gemütliche Gruebhütte befindet sich direkt unter dem mächtigen Sächsmoor. Das gut gelegene, bediente Feinschmecker-Beizli lädt direkt neben der Skipiste zum Verweilen ein.

Das Restaurant mit 55 Innenplätzen und schöner Sonnenterrasse ist bekannt für die beliebten Gerichte, welche mit frischen Produkten aus der Region gekocht werden. Gerne werden Ihnen feine Köstlichkeiten aus der Küche und dem Weinkeller auf über 1800 m serviert. Runden Sie Ihren Skitag mit einem Besuch in der Grueb ab und geniessen Sie Ihren Aufenthalt.

Es ist kein Zufall, wenn es Ihnen in der Gruebhütte gefällt, es ist das Ziel!;9.242366552352907;47.07217513093822;Molseralpstr. 9;8898;Flumserberg;+41 81 710 14 92;info@gruebhuette.ch;https://www.gruebhuette.ch;[{'@type': 'ImageObject', 'contentUrl': 'https://ostpimtsoch.sos-ch-dk-2.exoscale-cdn.com/catalog/a/1/4/9/a14930c464a35b6cf11459724d04bcdf15b20224_1fa5ccb8b3066c88f05b30ad52e7f37e.jpg'}];2025-07-24T20:17:33+02:00
f1751f2b-e3fb-411d-8a45-57b4c0007360;DRIFT Bike Shop GmbH;Der DRIFT Bike Shop GmbH in Bad Ragaz bietet die Möglichkeit, Miet- und Testbikes während der Öffnungszeiten abzuholen und zurückzugeben. Der Shop ist ideal für Abenteuerlustige und Bewegungsfreudige.;Abholung und Rückgabe der Miet- und Testbikes ist nur während den Öffnungszeiten des jeweiligen Shops möglich.;9.4220398;47.0481131;Sarganserstrasse 9;8887;Mels;+41 81 558 90 08;mail@driftbikeshop.ch;https://www.driftbikeshop.ch/;[{'@type': 'ImageObject', 'contentUrl': 'https://ostpimtsoch.sos-ch-dk-2.exoscale-cdn.com/catalog/1/4/4/7/14471508bacc156c6033b343d523321e9b4d826e_757b6abbb15d716b729dd5d67cb73130.jpg'}];2025-12-15T21:47:06+01:00
f2646495-d752-4300-8a6f-4fec60f82ef8;Swiss Casino St.Gallen;Willkommen im Casino St. Gallen – wo Nervenkitzel auf Stil und Gastfreundschaft trifft!;<p>Integriert ins Hotel Radisson k&ouml;nnen G&auml;ste an zahlreichen Spieltischen (American Roulette, Black Jack, Ultimate Texas Hold'em Poker) und unz&auml;hligen Spielautomaten in lockerer Atmosph&auml;re ihr Gl&uuml;ck versuchen. Stimmungsvolle Entspannung mit feinen Drinks wird an der Bar geboten. Das Swiss Casino St.Gallen zeichnet sich durch Modernit&auml;t und Grossz&uuml;gigkeit aus und bereichert die Bodensee-Region um ein Spielerlebnis in einem ungew&ouml;hnlichen und charmanten Ambiente.</p>;9.38081;47.43127;St. Jakob-Strasse 55;9000;St. Gallen;+41713943030;info.stgallen@scgroup.ch;https://www.swisscasinos.ch/stgallen;[{'@type': 'ImageObject', 'contentUrl': 'https://ostpimtsoch.sos-ch-dk-2.exoscale-cdn.com/catalog/d/e/a/b/deab47908c72d73632642362429447a4362ea8f6_8020557e8096b2e827328bd1b027037b.jpg'}];2026-01-22T17:39:09+01:00
f5d3af54-a294-4e2c-b353-62a3c55b55bd;Kino Passerelle;Seit unserer Eröffnung als erstes genossenschaftliches Kino der Schweiz am 17. November 1990 gehören unsere täglichen Vorstellungen zum selbstverständlichen kulturellen Angebot des Toggenburgs.;Die Gründung der Genossenschaft Kino Passerelle ist dabei auf eine mutige Initiative aus den Reihen des ehemaligen Ciné-Clubs zurückzuführen. Nach der Schliessung des bisherigen &quot;Kino Speer&quot; 1987 konnte so mit der breiten Unterstützung der Bevölkerung wieder ein Kino im Toggenburg seine Türen öffnen.

Im November 2002 konnten ein zweiter Saal und eine Kinobar eröffnet werden. Da sich die Kinobranche in den letzten Jahren in einer starken Umbruchsphase befindet, sind auch im Kino Passerelle diverse Schritte unternommen worden, um die Zukunft zu sichern. Die Beschaffung der herkömmlichen 35mm-Filme gestaltete sich zunehmend als schwierig, weshalb 2012 die bisherigen Projektoren durch moderne Digitalprojektoren ersetzt wurden. 

Am 3. September 2016 konnte das Kino Passerelle schlussendlich auch eine komplett neue Saalbestuhlung der Öffentlichkeit präsentieren. In Anwesenheit des Regisseurs Xavier Koller wurde „Die Reise der Hoffnung“ gezeigt – der gleiche Film, der am 17. November 1990 als erster Film im Kino Passerelle vorgeführt worden war.

Die Auswahl der Filme gestalten wir sehr bewusst und sehr vielfältig. Uns liegen kulturelle Studio- und Arthouse-Filme ebenso am Herzen wie anspruchsvolle Dokumentarfilme, regionales und schweizerisches Filmschaffen und Familienfilme. Durch verschiedene Spezialanlässe, auch in Zusammenarbeit mit anderen regionalen Institutionen, möchten wir unserem Publikum ausserdem bestimmte Themen bewusst und auf attraktive Weise näherbringen.

Durch eine lokale Verankerung, ein überlegtes Filmprogramm und eine persönliche Nähe zu unseren Gästen und Genossenschafter:innen möchten wir so unserem Publikum das Tor zur weiten Welt des Films offenhalten.

Hinweis: Grosser Saal ist rollstuhlgängig; rollstuhlgerechte Toilette ist vorhanden.;9.08898;47.29702;Austrasse 3;9630;Wattwil;+41 71 988 60 50;info@kinopasserelle.ch;http://kinopasserelle.ch;[{'@type': 'ImageObject', 'contentUrl': 'https://ostpimtsoch.sos-ch-dk-2.exoscale-cdn.com/catalog/7/b/5/d/7b5d5d174fc7ea6d14f59432ffe2b322a2bd686f_27d38bc238aa35eb25d5951f0daa858e.png'}];2025-10-28T16:18:03+01:00
f6dd71ca-4bc4-4e5b-99e4-581483f51fc4;WAMU;WAMU Standup Paddle aus dem Thurgau bringt eine neue Dimension auf den See: Dank magnetisch verbindbarer Stand Up Paddels entstehen stabile Plattformen und ein vielseitiges Wassererlebnis.

;<p>WAMU aus dem Thurgau denkt Standup Paddling neu. Das Unternehmen kombiniert klassische SUP-Technologie mit einem innovativen Ansatz. Boards lassen sich magnetisch miteinander verbinden.<br>Die WAMU SUP Boards sind so konzipiert, dass sie einzeln gefahren werden k&ouml;nnen und sich bei Bedarf nahtlos zusammenschliessen lassen. Durch ein integriertes Magnetsystem verbinden sich mehrere Boards stabil miteinander &ndash; schnell, sicher und ohne komplizierte Handgriffe. So entstehen aus einzelnen Elementen gr&ouml;ssere Fl&auml;chen, die vielseitig genutzt werden k&ouml;nnen. Diese Funktion verwandelt den See in einen modularen Erlebnisraum.<br>Doch WAMU geht noch weiter. Die verbundenen Boards schaffen auch Raum f&uuml;r Bewegung und Spiel. Aus der Plattform wird ein Spielfeld f&uuml;r Aktivit&auml;ten wie Volleyball oder andere Gruppenspiele. Die Innovation aus dem Thurgau verbindet Natur, Bewegung und Gemeinschaft zu einem vielseitigen Erlebnis.<br>Die WAMU SUP Boards k&ouml;nnen direkt beim Wakepark Romanshorn gemietet werden.&nbsp;</p><p>&nbsp;</p>;9.3594235;47.5744142;Kreuzlingerstrasse 83;8590;Romanshorn;+41 71 461 24 00;info@wamu.ch;https://wamu.ch/;[{'@type': 'ImageObject', 'contentUrl': 'https://ostpimtsoch.sos-ch-dk-2.exoscale-cdn.com/catalog/f/4/2/a/f42a79c72c38754665522fb9fced8f3b1de4b70f_ac03396a8e7aba7cace295d8c79e77de.jpg'}];2026-05-12T22:43:59+02:00
f7862546-f1ae-4283-9fd9-2825d167ec3f;Fussballgolf Thurgau;Auf der ersten Fussballgolf-Anlage der Ostschweiz in Müllheim erwarten Gäste eine ganz neue Kombination aus Spass und Bewegung. 

;Fussballgolf ist eine noch recht junge, aufstrebende Trendsportart, welche die beiden Sportarten Fussball und Golf kombiniert. Dieses Outdoor-Erlebnis ist für Gross und Klein, für Familien, Vereine und Firmen ein Freizeitspass – sowohl für Fussballer als auch für Nichtfussballer. Gespielt wird in Gruppen und Ziel ist es, einen Fussball durch oder über Hindernisse zu spielen und in ein Loch zu versenken. Es gewinnt, wer am wenigsten Schüsse benötigt. Ein Durchgang für vier Personen dauert rund zwei Stunden. Die Anlage mit den 18 Bahnen auf einer Spielfläche von 35'000 Quadratmetern ist naturnah gestaltet. Zwischen den Bahnen vermitteln Informations-Tafeln Wissenswertes zum Thema Biodiversität.

Im rollstuhl- und kinderwagenfreundlichen Bistro können sich Besucherinnen und Besucher mit warmen und kalten Speisen und Getränken verpflegen. Von der Terrasse aus geniessen die Gäste den Blick über das gesamte Spielfeld. Die Kinder können sich in der Spielzone mit Sandkasten und Torschusswand vergnügen.;9.006557464599611;47.58863665571785;Haslibach;8555;Müllheim;+41774674691;info@fussballgolf.ch;https://fussballgolf.ch;[{'@type': 'ImageObject', 'contentUrl': 'https://ostpimtsoch.sos-ch-dk-2.exoscale-cdn.com/catalog/9/7/0/6/9706aac4ba4db5ae20661559d878057339270faa_856dd0a521b2d1b57d7a52c9e52e2162.jpg'}];2026-07-18T21:55:38+02:00
f81fe524-ae73-484f-a70c-5ce7ccbbaca5;Forster Rohner AG;Ein Familienunternehmen mit hundertjähriger Tradition.;Als Conrad Forster-Willi 1904 sein Unternehmen mit dem Namen Forster Willi &amp; Co. gründete, war Stickerei das wichtigste Exportprodukt der Schweiz. Seither hat sich dieser Zweig gewandelt. Geblieben sind aber die Faszination, die von diesem ausserordentlich wandlungsfähigen Produkt ausgeht und das unschätzbare Know-How, welches viele Mitarbeiter mit langjähriger Erfahrung von Generation zu Generation weitertragen. Heute wird die Forster Group von der vierten Generation geleitet.

An ausgewählten Daten ist der Forster Group Outlet geöffnet. Angeboten werden Stickereien für Haute-Couture, Prêt-à-Porter und Wäsche sowie Unistoffe zu attraktiven Preisen.;9.403273;47.4311726;Flurhofstrasse 150;9000;St. Gallen;+41 71 243 15 15;info@forsterrohner.ch;http://www.forsterrohner.com/;[{'@type': 'ImageObject', 'contentUrl': 'https://ostpimtsoch.sos-ch-dk-2.exoscale-cdn.com/catalog/f/4/2/2/f42232afbbc5b0a2161a3d57617c69bdb7081c4c_a99b1fd1d94b0e7ef3fa6c4483ddb139.jpg'}];2026-06-16T20:10:27+02:00
f8816b51-dd9c-46b7-ab35-fec2727d9492;Goldschmiede Benovici;Die Goldschmiede Benovici in Bad Ragaz bietet eine Vielzahl von Schmuckstücken und ist ein beliebter Anlaufpunkt für Shoppingbegeisterte. Sie befindet sich in der Maienfelderstrasse 2 und ist ideal für Paare, Familien und Einzelpersonen.;Goldschmiedeatelier für Schmuckanfertigung, Reparatur und Uhrenverkauf
Wir fertigen individuellen Schmuck nach Mass, reparieren Ihre Lieblingsstücke fachgerecht und verwandeln alten Schmuck in neue Unikate. In unserem Atelier in Bad Ragaz finden Sie handgefertigten Schmuck, verschiedene Uhren und eine persönliche Beratung. Mit viel Herz zum Detail bringen wir Ihre Ideen in Form. Ob Verlobungsring, Erbstück oder ein Geschenk - bei uns finden Sie für jedes Budget etwas.;9.5015801;47.0029988;Maienfelderstrasse 2;7310;Bad Ragaz;+41 81 302 18 46;info@goldschmiede-benovici.ch;https://www.goldschmiede-benovici.ch;[{'@type': 'ImageObject', 'contentUrl': 'https://ostpimtsoch.sos-ch-dk-2.exoscale-cdn.com/catalog/f/f/7/d/ff7dfeba213bca36b43fb21a9fd65394598b04cc_bf3030da59aa5dde0e259f674bf95ec0.jpg'}];2025-12-15T22:24:15+01:00
f9773b06-a769-4505-9f3e-d02e6a3cbb71;Buchhandlung WörterSpiel;Die unabhängige Buchhandlung in Rorschach am Bodensee;<p>Die Buchhandlung wurde 2019 mit dem Ziel gegr&uuml;ndet, das Lesen, Schreiben und gemeinsame Spielen zu f&ouml;rdern. Das Team verf&uuml;gt &uuml;ber langj&auml;hrige Erfahrung im Buchhandel und bietet eine kompetente Beratung sowie einen offenen Ort der Begegnung.</p><p>Zum Sortiment geh&ouml;ren B&uuml;cher f&uuml;r die ganze Familie, Gesellschaftsspiele, Papeterie- und B&uuml;roartikel sowie ausgew&auml;hlte Geschenkideen.</p><p>Das Angebot wird durch Lesungen, regelm&auml;ssige Vorlesestunden f&uuml;r Kinder oder geschlossene Gesellschaften sowie durch weitere Veranstaltungen abgerundet.</p><p>Herzlich willkommen in der Buchhandlung in Rorschach am Bodensee.&nbsp;</p>;9.4923262;47.478161;Hauptstrasse 65;9400;Rorschach;+41715542448;info@woerterspiel.ch;https://www.woerterspiel.ch;[{'@type': 'ImageObject', 'contentUrl': 'https://ostpimtsoch.sos-ch-dk-2.exoscale-cdn.com/catalog/c/f/4/2/cf422e3dfd4ad77b9d13d8b4358770e95bd3c307_89ad7fcb1288fa939ba0ecf10a8edc19.jpg'}];2026-06-16T20:10:27+02:00
f9ef10a4-3ce2-4276-9df3-385e8ce58630;Adventure Golf-Anlage;Die Adventure Golf-Anlage neben dem Bergrestaurant Prodalp bietet eine abwechslungsreiche 12-Loch-Anlage. Grosseltern, Eltern und Kinder können hier gemeinsam den verwinkelten Munggä-Bau erkunden und den Minigolfball den legendären FLOOMZER hinunter schiessen.;Gleich beim Bergrestaurant Prodalp befindet sich die abwechslungsreiche Adventure Golf-Anlage. Hier gleicht keine Bahn der anderen. So spielen sich bei der 12-Loch-Anlage Grosseltern, Eltern und Kinder gleichermassen durch den verwinkelten „Munggä-Bau“, folgen dem faszinierenden „Rohan Rothirsch Erlebnisweg“, erklimmen den „Spitzmeilen“ und schiessen den Minigolfball den legendären „FLOOMZER“ hinunter.;9.289412498474123;47.0803694858407;Prodalp;8897;Flumserberg;+41 81 733 27 23;info@prodalp.ch;https://www.flumserberg.ch/de/informationen/Aktivitaeten/fuer-Abenteuer-Golfer-innen_activity_853;[{'@type': 'ImageObject', 'contentUrl': 'https://ostpimtsoch.sos-ch-dk-2.exoscale-cdn.com/catalog/a/4/7/3/a4730c24b02b4d5d0b40ddc5d0e9d683965b85fb_f4e229a00e0681bdfdde07604a330c05.jpg'}];2026-08-26T20:56:11+02:00
fa11ee44-c008-4174-b5a7-2367d2ba3f82;ArboPark Action & Fun Center;Der ArboPark ist mit 6000 qm der grösste Indoor-Freizeitpark der Schweiz und bietet mit seinen vielseitigen Attraktionen Spass, Action und Unterhaltung unter einem Dach – Lachfaktor garantiert!;<p>Über 25 High-End-Attraktionen sorgen für Abwechslung und den richtigen Adrenalinkick – darunter Gokart, DriftPark, Mixed Reality Playground, AR-Darts, die virtuelle Musikshow «The Voice», interaktives Minigolf und einzigartige CUBE Challenges. Wer eine Pause braucht, stärkt sich im hauseigenen Bistro. Ob mit der Familie, in der Gruppe oder im Team – im ArboPark sind Geschick, Teamgeist und Köpfchen gefragt. Dank überdachter Halle und Abendöffnung ist der Besuch bei jedem Wetter möglich – ideal für spontane Tagesausflüge und abwechslungsreiche Abende.&lt;/p&gt;&lt;p&gt;Der ArboPark liegt nur 10 Minuten vom Bahnhof Arbon entfernt und bietet über 400 Parkplätze direkt vor Ort. Das nächste Abenteuer ist also ganz nah.</p>;9.4295678;47.5069449;Textilstrasse 7;9320;Arbon;+41 71 552 80 00;events@arbopark.ch;https://www.arbopark.ch/;[{'@type': 'ImageObject', 'contentUrl': 'https://ostpimtsoch.sos-ch-dk-2.exoscale-cdn.com/catalog/4/c/f/c/4cfc13f7429f6c82036c770f62e8bffad05802b3_cf18465481f1e530370cde0edbd84c0f.png'}];2026-04-26T22:19:02+02:00
fb02190e-90b1-4f4d-95e5-e627dcb71821;BikerBerg Flumserberg;Der BikerBerg Flumserberg bietet 13 km einfache und mittelschwere Trails mit herrlichem Bergpanorama. Geführte Touren, BikerCamping und Bike-Verleih runden das Erlebnis ab. Ideal für Könner:innen, Einsteiger:innen und Familien.;Der BikerBerg Flumserberg bereichert den Sommer im südlichen St. Gallen. So steht im abwechslungsreichen Sommersportgebiet zwischen Zürich und Chur ein vielfältiges Bike-Angebot auf dem attraktiven Freizeitprogramm. 13 Kilometer einfache und mittelschwere Trails mit herrlichem Bergpanorama laden zu flowigen Abfahrten ein. Drei SchweizMobil Routen machen MTB-Fans glücklich. Der umfangreiche Service von geführten BikerTouren, über den BikerCamping bis hin zum Bike-Verleih rundet das einzigartige Erlebnis auf zwei Rädern ab.

Eine Vielfalt, die Könner:innen, Einsteiger:innen und Familien gleichermassen zu schätzen wissen.;9.2895983;47.0803081;Molseralpstrasse 9;8898;Flumserberg;+41 81 720 15 15;info@flumserbergbahnen.ch;https://www.flumserberg.ch/bikerberg;[{'@type': 'ImageObject', 'contentUrl': 'https://ostpimtsoch.sos-ch-dk-2.exoscale-cdn.com/catalog/5/d/1/f/5d1f53403eb9ca8a2e47bf69073fcfdd4ac8c3b4_258d629438acc6d73ea6822cbe188372.jpg'}];2026-06-30T20:36:10+02:00
fb68865a-3eb1-4a66-9a4d-471d60f1840d;Goldschmiedewerkstatt Sara Iseli;Ob Neuanfertigung oder Umarbeitung: Sara Iseli freut sich darauf, das passende Schmuckstück zu kreieren.;Seit 1999 schmiedet Sara Iseli Schmuckstücke in ihrer eigenen Werkstatt in St.Gallen. 2014 eröffnete sie ihr Wunschlokal an der Schmiedgasse 20. Sara Iseli entwirft, fertigt Unikate nach Mass und verwendet dabei verschiedene Materialien: ausgesuchte Edelsteine, kostbares Gold, Silber oder Platin, Carbon oder Hightech Keramik. Die Kunden können von Anfang an dabei sein, wenn das neue Schmuckstück geschmiedet wird. 
  
Auch alte Schätze aus vergangenen Tagen haben einen unbezahlbaren Wert. Es wäre schade, diese Schmuckstücke in der Schublade verstauben zu lassen. Deshalb gehören neben der Kreation auch Schmuckaktualisierungen und -reparaturen zum Angebot.;9.37570489999996;47.4240265;Schmiedgasse 20;9000;St. Gallen;+41 71 223 64 13;info@goldschmiedewerkstatt.ch;http://www.goldschmiedewerkstatt.ch/;[{'@type': 'ImageObject', 'contentUrl': 'https://ostpimtsoch.sos-ch-dk-2.exoscale-cdn.com/catalog/4/7/6/5/4765ce1a9571e7693f427d2784cb1cc61b57141b_21c71e886ec64ae75630bfb20969436a.jpg'}];2026-06-16T20:28:37+02:00
