{"type": "FeatureCollection", "features": [{"type": "Feature", "properties": {"identifier": "004436bb-51c2-489e-aaca-c87e36324e18", "name": "Regio-Shop Schaffhauserland", "description": "Der Regio-Shop von Schaffhauserland Tourismus bietet ausgew\u00e4hlte und regionale Produkte an. Ob als Andenken, Geschenke oder einfach f\u00fcr sich selbst, bei uns finden Sie etwas Passendes.", "url": "https://schaffhauserland.ch/de/shop-vorverkauf-tickets/regio-shop-im-visitor-centre.html", "image": "https://ostpimtsoch.sos-ch-dk-2.exoscale-cdn.com/catalog/f/3/4/3/f343059060148842b38c678cc1caeafdfb6f53bd_a93e55055d1246624d5494b2d71b273c.jpg", "openstreetmap_id": "node/2441592879"}, "geometry": {"type": "Point", "coordinates": ["8.6342689", "47.6963232"]}}, {"type": "Feature", "properties": {"identifier": "00a834b5-9fdb-499f-aaa9-c8805924d198", "name": "E-Bike-Vermietung am Walensee", "description": "Wahlweise als Package buchbar inklusive Picknickrucksack und/oder \u00dcbernachtung.\n\nPreise\n\nHalbtagesmiete\n4h (zwischen 08.00 und 13.00 oder zwischen 13.00 und 18.00 Uhr) CHF 50.00\n\nTagesmiete\n8h (zwischen 08.00 und 18.00 Uhr) CHF 60.00\n\nF\u00fcr jede zus\u00e4tzliche Stunde verrechnen wir CHF 10.00.", "url": "https://www.lofthotel.ch/", "image": "https://ostpimtsoch.sos-ch-dk-2.exoscale-cdn.com/catalog/5/a/b/c/5abc0270155b759f0b214916da0cf871514b6084_b7c4ea8f9832550f0c3f082ecc3b70d2.jpg", "openstreetmap_id": "node/418190191"}, "geometry": {"type": "Point", "coordinates": ["9.217261", "47.1124535"]}}, {"type": "Feature", "properties": {"identifier": "010196e3-3f90-424d-b48b-b41fd0814979", "name": "Panoramarestaurant Maschgenkamm", "description": "Geniessen Sie im h\u00f6chstgelegenen Gastronomiebetrieb am Flumserberg die Panoramaaussicht auf die umliegende Bergwelt. Lassen Sie Ihren Blick auf der einen Seite entspannt \u00fcber die Weite des Spitzmeilen-Gebiets mit dem charakteristischen Wahrzeichen, dem 2501 m hohen Spitzmeilen, schweifen oder werden Sie auf der anderen Seite von der magischen Churfirsten- und Alvierkette mit ihren zackigen Gipfeln hoch \u00fcber dem Walensee verzaubert.\n\nIm hellen Rundbau stehen Ihnen 80 Sitzpl\u00e4tze zur Verf\u00fcgung. Im ger\u00e4umigen Saal k\u00f6nnen 240 G\u00e4ste den Blick auf die Churfirsten geniessen und das gem\u00fctliche St\u00fcbli bietet 48 Pl\u00e4tze mit bester Sicht auf das Spitzmeilengebiet. Auf der riesigen Sonnenterrasse k\u00f6nnen 600 G\u00e4ste gleichzeitig das atemberaubende Panorama bestaunen (200 Sitzpl\u00e4tze). Zudem stehen Liegest\u00fchle zur Verf\u00fcgung.", "url": "https://www.maschgenkamm.ch", "image": "https://ostpimtsoch.sos-ch-dk-2.exoscale-cdn.com/catalog/5/d/1/9/5d1924adc6b594bc583916057729db348cdb299e_72cbf5c27bc50096c814636334fe2c05.jpg", "openstreetmap_id": "node/412783253"}, "geometry": {"type": "Point", "coordinates": ["9.2535677", "47.0696724"]}}, {"type": "Feature", "properties": {"identifier": "013a7b90-4749-42c2-84e1-61989352fa03", "name": "Sessel-/Gondelbahn Alt St. Johann \u2013 Sellamatt", "description": "<p>Mit der Kuppelbare Umlaufbahn mit 4er Sesseln und 4er Gondeln gelangen Sie auf die Alp Sellamatt, welche Ausganspunkt f&uuml;r den Klangweg und den Toggenburger Sagenweg ist. Die Alp Sellamatt bietet einen herrlichem Panoramablick auf Churfirsten, S&auml;ntis und Alpstein.</p><p>&nbsp;</p><p>Auskunft zur Zug&auml;nglichkeit:&nbsp;<a href=\"https://www.ginto.guide/entries/203dddcc-16b3-45ff-9f0a-111371092156?lnk_src=business\" target=\"_blank\" rel=\"noopener\">ginto</a></p>", "url": "https://www.chaeserrugg.ch/de", "image": "https://ostpimtsoch.sos-ch-dk-2.exoscale-cdn.com/catalog/2/4/e/2/24e218a66f8066c5970128ff4cda523cb3442b5c_57bfcb184ec5f6d98fb223eb715eb680.jpg", "openstreetmap_id": "node/177950741"}, "geometry": {"type": "Point", "coordinates": ["9.287152", "47.193229"]}}, {"type": "Feature", "properties": {"identifier": "05b4fb3c-a047-48b3-884c-0722751b9c70", "name": "Veloverleih Regivelo.ch", "description": "Rund 80 Regivelos sind in der Region Kreuzlingen unterwegs: In den Gemeinden Bottighofen, Kreuzlingen, Lengwil, M\u00fcnsterlingen und T\u00e4gerwilen k\u00f6nnen sie an 20 Stationen ausgeliehen und wieder abgestellt werden. Die Mietstationen sind so positioniert, dass sich die Fahrten auf den honiggelben E-Bikes und Fahrr\u00e4dern optimal mit dem \u00f6ffentlichen Verkehr verbinden lassen. Das Mieten der Regivelos funktioniert \u00fcber das System von Donkey Republic, das bereits in anderen Schweizer St\u00e4dten erfolgreich im Einsatz ist. Einloggen, mieten und auf zu Entdeckungen in der Bodenseeregion.", "url": "https://www.regivelo.ch", "image": "https://ostpimtsoch.sos-ch-dk-2.exoscale-cdn.com/catalog/3/e/9/f/3e9f089b42c36ad0a3aa8d39f32249702703e990_ad1f4f5fb640fc60e50dad97f2515862.jpg", "openstreetmap_id": "way/136911160"}, "geometry": {"type": "Point", "coordinates": ["9.174692430236657", "47.6485486"]}}, {"type": "Feature", "properties": {"identifier": "06ac682f-23ad-431f-8c66-eb71c2704f81", "name": "Str\u00e4hl K\u00e4se", "description": "Was 1934 als Einmann-Betrieb begonnen hatt, entwickelte sich bis heute zu einem dynamischen Familienunternehmen mit rund 70 Mitarbeitenden. Das handwerkliche Geschick steht im Vordergrund, wenn es darum geht, die verschiedenen K\u00e4se-Spezialit\u00e4ten mit aufw\u00e4ndiger Pflege zum optimalen Reifegrad zu begleiten. Die meisten K\u00e4sesorten kennt man weit \u00fcber die Kantonsgrenze. Kein Wunder, denn t\u00e4glich werden im kleinen Dorf bis zu 150'000 Liter Thurgauer Kuhmilch zu feinem K\u00e4se verarbeitet.\n\nProdukte\nDie \u00e4ltere Generation erinnert sich noch an den \u00abStr\u00e4hl-Ch\u00e4s\u00bb \u2013 so nannten die Thurgauer den gr\u00fcnen Tilsiter. Heute trifft man in fast allen guten K\u00e4sevitrinen auf viele weitere Spezialit\u00e4ten mit Namen wie Thurgauer Rahmk\u00e4se, Echter Thurgauer, Bonaparte, Bonapepe, Arenenberger, Farmer, Landrauchk\u00e4se, Valbella K\u00fcmmelk\u00e4se oder ausgezeichneter Raclette-K\u00e4se in 4 Sorten.", "url": "https://www.straehl.ch", "image": "https://ostpimtsoch.sos-ch-dk-2.exoscale-cdn.com/catalog/6/4/2/4/6424570bf63971f456145b21efd683cc08166929_2f8aafbcde5139eb8888e7aeee339e47.jpg", "openstreetmap_id": "4171946489.0"}, "geometry": {"type": "Point", "coordinates": ["9.1676012", "47.6109626"]}}, {"type": "Feature", "properties": {"identifier": "08241695-18a0-489f-9f9f-a0a4a52df766", "name": "Minigolf Wattwil", "description": "Die Minigolfanlage Wattwil direkt zwischen Sportanlage Rietwis und Schwimmbad bietet Freizeitspass f\u00fcr Gross und Klein. Und seit diesem Jahr pr\u00e4sentiert sie sich im komplett neuen Kleid.\nDie Minigolfanlage umfasst 18 Bahnen (betoniert, System Bogoni) und ist turniertauglich. Schl\u00e4ger und B\u00e4lle werden an der Kasse abgegeben. Ein Schl\u00e4ger berechtigt zu einem Parcoursrundgang. Weitere Rundg\u00e4nge m\u00fcssen bei der Kasse gel\u00f6st werden.\n\nAuch f\u00fcr Behinderte geeignet, verf\u00fcgt allerdings \u00fcber keine Behinderten-Toilette.", "url": "https://frezeit-wattwil.ch", "image": "https://ostpimtsoch.sos-ch-dk-2.exoscale-cdn.com/catalog/8/0/3/5/80352b56af365eef3715b3baf48065fb5f0e308d_174de61ec3575ccb52ef2b9c0e5a0de0.jpg", "openstreetmap_id": "node/1043468561"}, "geometry": {"type": "Point", "coordinates": ["9.0925", "47.29442"]}}, {"type": "Feature", "properties": {"identifier": "09479141-0244-487e-9f23-c0da708aea60", "name": "Biotta ", "description": "In der Biotta Saftmanufaktur im Thurgauischen T\u00e4gerwilen werden direkt gepresste, naturbelassene S\u00e4fte und Smoothies hergestellt. Dabei stehen die biologische Ausrichtung, hohe Qualit\u00e4tsstandards und der Genuss im Vordergrund. Wenn immer m\u00f6glich, bezieht Biotta seine Rohstoffe von lokalen Bauern. Mit den Anbaupartnern in der Region aber auch im Ausland werden langj\u00e4hrige und vertrauensvolle Beziehungen gepflegt. Ergebnis sind geschmackvolle gesunde Frucht- und Gem\u00fcses\u00e4fte, Smoothies, Shots und gar eine nat\u00fcrliche Alternative von Energydrink. \n\nVom Feld in die Flasche und in die Verkaufsregale von Schweizer Superm\u00e4rkten und Drogerien. Die leckeren Biottas\u00e4fte sind auch in diversen Online-Shops erh\u00e4ltlich.", "url": "https://biotta.ch/de/", "image": "https://ostpimtsoch.sos-ch-dk-2.exoscale-cdn.com/catalog/c/1/8/1/c181dde6379c055de3e637ea29fe799a33af5c67_14cfe366119fd6240e4eb60c8e557acc.png", "openstreetmap_id": "194559103.0"}, "geometry": {"type": "Point", "coordinates": ["9.138273", "47.655565"]}}, {"type": "Feature", "properties": {"identifier": "0acad64f-e904-4b4e-8573-836d289fa37e", "name": "Schneider Schuhe", "description": "<p>Johann Heinrich Keller, Schuhmachermeister, ero\u0308ffnete 1832 an der Metzgergasse in St.Gallen seine Werkstatt. Bereits 1842 erwarb er das &laquo;Haus zum Rothen Hertz&raquo;. Das Gescha\u0308ft befindet sich noch heute im gleichen Haus an der Goliathgasse 5. Mittlerweile in der siebten Generation gef&uuml;hrt, bietet Schneider Schuhe eine grosse Auswahl an Schuhen und Accessoires f&uuml;r Damen, Herren und Kinder.</p><p>HOME / FASHION / ALLTAG / BUSINESS / OUTDOOR / PARTY</p><p>Eine weitere Filiale befindet sich an der Vadianstrasse 22.</p>", "url": "http://www.schneiderschuhe.ch/", "image": "https://ostpimtsoch.sos-ch-dk-2.exoscale-cdn.com/catalog/3/7/3/a/373a6e8e7e4b430a1abb9a0095b2aa7f756858b2_014c09247f0c81aa780beeb30b18fc63.jpg", "openstreetmap_id": "node/616127631"}, "geometry": {"type": "Point", "coordinates": ["9.376112799999987", "47.42675279999999"]}}, {"type": "Feature", "properties": {"identifier": "0ae93548-e08a-4dbe-bdef-2e097a89d67a", "name": "Golf Club Bad Ragaz", "description": "Mit viel Liebe zum Detail und Sorgfalt f\u00fcr perfekte Greens, bietet der Golf Club Bad Ragaz ein besonderes Golferlebnis. Eingebettet in ein unvergleichliches Bergpanorama und eine herrliche Parkanlage streben wir als Mitglied von Leading Golf nach Perfektion, damit sich anspruchsvolle G\u00e4ste bei uns rundum wohl f\u00fchlen.\n\nDer 18-Loch Championship Course ist seit 2007 Mitglied der Qualit\u00e4ts- und Wertegemeinschaft der \u00abLeading Golf Courses\u00bb und seit diesem Jahr zus\u00e4tzlich von \u00abWorld of Leading Golf\u00bb. Diese Mitgliedschaft best\u00e4tigt Golfkultur und Philosophie des Hauses, die am Streben nach Perfektion ausgerichtet sind. Als einzige Golfanlage der Schweiz wurde sie zudem durch den Bundesverband der Golfanlagen mit dem Pr\u00e4dikat 5* Superior ausgezeichnet und z\u00e4hlt zu den Toppl\u00e4tzen der Schweiz.", "url": "http://www.golfclubragaz.ch", "image": "https://ostpimtsoch.sos-ch-dk-2.exoscale-cdn.com/catalog/d/8/3/1/d83198e9a14b4e2fe7c320321b62fcf38c88db10_11e296dbfb0dbe92d01b18b6eb1352ff.jpg", "openstreetmap_id": "node/7770673151"}, "geometry": {"type": "Point", "coordinates": ["9.5048934", "46.9989934"]}}, {"type": "Feature", "properties": {"identifier": "0cfb782f-a7b1-4fc6-915a-466e0467fd27", "name": "Tank & Trank ", "description": "Tank & Trank in Mammern am Bodensee ist ein reich best\u00fcckter Tankstellenshop der besonderen Art. Neben einem breiten Sortiment an t\u00e4glichen Gebrauchsartikeln, Getr\u00e4nken und Lebensmitteln finden sich hier auch Leckereien aus der Region wie t\u00e4glich frisches Brot vom Beck, die zarten Caramelh\u00e4ppli \u00abM\u00fcrbel\u00bb oder der fruchtig frische alkoholfreie Apfelschaumwein Tr\u00f6pfel. Der Familienbetrieb in dritter Generation gibt w\u00e4hrend seiner Kiosk-\u00d6ffnungszeiten gerne Ausflugs- und Erlebnistipps f\u00fcr Mammern und die Unterseeregion. Ausserhalb der \u00d6ffnungszeiten steht ein Info-Point f\u00fcr touristische Ausk\u00fcnfte zur Verf\u00fcgung. Leere E-Bike-Akkus k\u00f6nnen hier f\u00fcr 50 Rappen geladen werden. Eine Lounge neben dem Haus und ein St\u00fcbli laden w\u00e4hrenddessen zum Verweilen, St\u00f6bern und zum Zn\u00fcni oder Zvieri ein. Im St\u00fcbli liegen weitere Prospekte der Region auf sowie Geschenkartikel als Mitbringsel f\u00fcr den Besuch. Tank & Trank ist auch Gasdepot und Swisslos-Verkaufsstelle. ", "url": "https://www.tankundtrank.ch", "image": "https://ostpimtsoch.sos-ch-dk-2.exoscale-cdn.com/catalog/1/e/7/8/1e78095a992edeeb5842899c964f7b499c67db8d_719e61ce2d39f14699922848974f531f.jpg", "openstreetmap_id": "7334479582.0"}, "geometry": {"type": "Point", "coordinates": ["8.913481", "47.644822"]}}, {"type": "Feature", "properties": {"identifier": "0d74dfda-1d05-4ace-a36e-2870a6293536", "name": "Tourist Information Rorschach ", "description": "<p class=\"xmsonormal\"><span style=\"font-size: 10.0pt; font-family: 'Arial',sans-serif;\">Direkt am Hafen gelegen, ist unsere Tourist Information der ideale Ausgangspunkt f&uuml;r deine Entdeckungstour durch Rorschach und die vielseitige Region St.Gallen-Bodensee.</span><span style=\"font-size: 10.0pt; font-family: 'Arial',sans-serif;\">&nbsp;</span></p><p class=\"xmsonormal\"><span style=\"font-size: 10.0pt; font-family: 'Arial',sans-serif;\">Bei uns erh&auml;ltst du pers&ouml;nliche Tipps, passende Empfehlungen und Inspirationen f&uuml;r deinen Aufenthalt. Ob du die sch&ouml;ne Bodenseelandschaft erkunden, spannende Ausfl&uuml;ge planen oder neue Freizeitideen entdecken m&ouml;chtest &ndash; wir beraten dich gerne und unkompliziert.</span><span style=\"font-size: 10.0pt; font-family: 'Arial',sans-serif;\">&nbsp;</span></p><p class=\"xmsonormal\"><span style=\"font-size: 10.0pt; font-family: 'Arial',sans-serif;\">Ausserdem findest du bei uns eine grosse Auswahl an Tickets f&uuml;r die Bodensee-Schifffahrt sowie f&uuml;r den Pf&auml;nder und die Erlebnisrundfahrt mit Witzwanderweg. Ebenfalls erh&auml;ltlich sind Gutscheinkarten f&uuml;r den beliebten Sonntagsbrunch auf den Schiffen der Schweizerischen Bodensee Schifffahrt AG. Zudem stellen wir dir gerne die Bodensee Card Plus f&uuml;r 3 oder 7 Tage aus.</span></p><p class=\"xmsonormal\"><span style=\"font-size: 10.0pt; font-family: 'Arial',sans-serif;\">Vor Ort erwartet dich auch eine kleine Auswahl an Souvenirs, damit du dir ein sch&ouml;nes Andenken an deinen Besuch in der Region sichern kannst.</span><span style=\"font-size: 10.0pt; font-family: 'Arial',sans-serif;\">&nbsp;</span></p><p class=\"xmsonormal\"><span style=\"font-size: 10.0pt; font-family: 'Arial',sans-serif;\">Komm vorbei, lass dich inspirieren!</span></p>", "url": "https://st.gallen-bodensee.ch/", "image": "https://ostpimtsoch.sos-ch-dk-2.exoscale-cdn.com/catalog/c/c/5/6/cc567a6480d13efa38cac9bab212ba88698bdafe_6ba94b5a537673a57a5a0b5ae671e1bd.jpg", "openstreetmap_id": "relation/1683927"}, "geometry": {"type": "Point", "coordinates": ["9.493550062179567", "47.478786411811946"]}}, {"type": "Feature", "properties": {"identifier": "10856a89-b261-49b6-b1c2-f4a405d2fabc", "name": "LABHART Chronometrie & Goldschmiede", "description": "LABHART Chronometrie & Goldschmiede seit 1886, Inhaber Romano Prader in Sankt Gallen.\n\nEntdecken Sie zeitlose Eleganz bei LABHART Chronometrie & Goldschmiede, dem traditionsreichsten Fachgesch\u00e4ft in Sankt Gallen seit 1886. Tauchen Sie ein in eine Welt exklusiver Markenuhren, edler Schmuckst\u00fccke und hochwertiger Trauringe. Unser umfangreiches Sortiment umfasst renommierte Manufakturmarken wie Patek Philippe, Omega und Breitling.\n\nLassen Sie sich von unserem fachkundigen Team pers\u00f6nlich beraten und entdecken Sie die Vielfalt unserer beeindruckenden Uhrenkollektion. Unsere Schmuckauswahl spiegelt h\u00f6chste Handwerkskunst wider, von namhaften Marken wie Marco Bicego, J\u00f6rg Heinz bis hin zu Niessing. Unter unserer Eigenmarke Labhart Princesse\u00ae kreiert unser erfahrener Goldschmiedemeister einzigartige Schmuckst\u00fccke von zeitloser Sch\u00f6nheit.\nF\u00fcr Individualisten bieten wir die M\u00f6glichkeit, massgeschneiderte Schmuckst\u00fccke nach Ihren W\u00fcnschen und Vorstellungen anzufertigen. In unserem umfangreichen Trauring-Sortiment pr\u00e4sentieren wir Top-Marken wie Furrer Jacot, Gerstner, Niessing und Siara. Oder lassen Sie Ihrer Kreativit\u00e4t freien Lauf und gestalten Sie Ihre Eheringe selbst in unserem einzigartigen Trauring-Workshop \u2013 hier sind fast alle W\u00fcnsche m\u00f6glich! Unser erfahrener Goldschmiedemeister steht Ihnen dabei beratend zur Seite.\nGeniessen Sie auch nach dem Kauf exzellenten Service in unserem hauseigenen Uhren- und Goldschmiedeatelier. Egal ob es um eine umfassende Reparatur Ihrer Uhr oder einen kleinen Reinigungsservice f\u00fcr Ihr Schmuckst\u00fcck geht \u2013 wir sind stets f\u00fcr Sie und Ihre Lieblingsst\u00fccke da, um ihre Sch\u00f6nheit zu bewahren. Tauchen Sie ein in die Welt von zeitlosem Luxus und exquisiter Handwerkskunst bei LABHART in Sankt Gallen.\n", "url": "https://www.chronometrie.ch/", "image": "https://ostpimtsoch.sos-ch-dk-2.exoscale-cdn.com/catalog/4/8/a/f/48af3812ae09ea946498a005f286f6fd7d7ad041_5afb61c0ec070884d3201985fa251160.jpg", "openstreetmap_id": "node/5839480825"}, "geometry": {"type": "Point", "coordinates": ["9.376726400000052", "47.4247173"]}}, {"type": "Feature", "properties": {"identifier": "144dda5b-668c-4ffc-b413-1346ea288f50", "name": "Intersport Wildhaber - Sport & Glockenhandel", "description": "Wir sind ein modernes, kundenfreundliches Sport-Fachgesch\u00e4ft mit Glockenhandel und Sattlerei mitten im Dorf Flums. Wir bauen seit \u00fcber 30 Jahren auf Tradition und Erfahrung. Unsere Kompetenz und Ihre Zufriedenheit sind uns wichtig!\n\nWinter\n- Vermietung Ski/Snowboards/Schuhe/Schneeschuhe/Tourenski - Tages-, Wochen- und Saisonmiete   \n- Service Ski und Snowboards in hauseigener Werkstatt\n- Verkauf Ski/Snowboards/Schuhe/Tourenausr\u00fcstung, Schneeschuhe, Winterschuhe und Schlitten/Bob\n- Skijacke- und Hosen sowie Winterjacken f\u00fcr Erwachsene und Kinder\n- Tourenbekleidung f\u00fcr Erwachsene \n- Helm, Skibrillen, Sonnenbrillen, R\u00fcckenprotektoren, Stirnlampen, Handschuhe, Heizsocken, Thermounterw\u00e4sche etc.\n\n\nSommer\n- Trekking/Wanderschuhe, Wanderst\u00f6cke, Velohelme, Rucks\u00e4cke, Sonnenbrillen und noch vieles mehr\n- Funktionelle Bekleidung f\u00fcr Sport und Wandern\n- Bekleidung f\u00fcr Fitness, Yoga und Freizeit\n- Bademode inkl. FlipFlops, Adiletten etc.\n\nGeheimtipp:\nZur Spezialabteilung des Gesch\u00e4ftes geh\u00f6ren die handgefertigten Glockenriemen. In der Werkstatt werden diese ganz nach den W\u00fcnschen des Kunden gefertigt; mit den Ideen und der Erfahrung von begeisterten Fachleuten!  Auch Sennenkittel und \"Ch\u00fcelig\u00fcrtel\" sind bei uns erh\u00e4ltlich.", "url": "http://www.wildhaber-sport.ch", "image": "https://ostpimtsoch.sos-ch-dk-2.exoscale-cdn.com/catalog/2/2/1/3/22133eac67f4237a02b3069698bc5b1e5bca3b0e_ec827b1073d6ff0122a2d95a2b9c67e5.jpg", "openstreetmap_id": "node/2076304490"}, "geometry": {"type": "Point", "coordinates": ["9.3433874", "47.0914198"]}}, {"type": "Feature", "properties": {"identifier": "1560efc3-972f-4e63-b471-4713be8d9283", "name": "Schwimmbad Schleitheim", "description": "<p>Ausstattung und Angebot des Freibades Schleitheim</p><ul><li>50-m-Schwimmbecken</li><li>5 Schwimmbahnen</li><li>25-m-Nichtschwimmerbecken</li><li>1- und 3-m-Sprungbretter in Sprungbucht</li><li>Kinder-Planschbecken</li><li>Kleine Rutschbahn</li><li>Spielwiese</li><li>Spielplatz</li><li>Tischtennis-Tische</li><li>Beach-Volleyball</li><li>Kiosk mir Bistro</li></ul>", "image": "https://ostpimtsoch.sos-ch-dk-2.exoscale-cdn.com/catalog/8/f/9/d/8f9d8f91f6340bf3c93ca0d06a0bac6222af9029_378464f7100ab8fce9da0cce2f6c1158.jpg", "openstreetmap_id": "way/71439369"}, "geometry": {"type": "Point", "coordinates": ["8.483032342195388", "47.745785999999995"]}}, {"type": "Feature", "properties": {"identifier": "158b8569-ea67-4f5d-a639-7ea20b6ac3b7", "name": "Kino Kiwi Scala", "description": "<p>Nicht Mainstream ist unsere Gr&ouml;sse sondern die kleinen Filme, die das Herz ber&uuml;hren, nachdenklich machen, einem ein herzhaftes Lachen entlocken und verzaubern. Schauen Sie rein und geniessen Sie mit uns einen unvergesslichen Filmabend!</p>", "url": "http://www.kiwikinos.ch/schaffhausen/", "image": "https://ostpimtsoch.sos-ch-dk-2.exoscale-cdn.com/catalog/d/9/d/3/d9d31ef86a603320d30b440d2bde1ae9b5ff8170_25527d09d1d8b6b6781c09f994d5bf1f.jpg", "openstreetmap_id": "node/3196217826"}, "geometry": {"type": "Point", "coordinates": ["8.6383699", "47.6961957"]}}, {"type": "Feature", "properties": {"identifier": "1762df3a-7875-415c-b97d-45f071eb45dc", "name": "T\u00f6shof", "description": "Der T\u00f6shof befindet sich an der Siggetschwilstrasse in Brunnadern unweit von Dorf und Bahnhof.\nAuf unserem Hof leben zurzeit 50 Freilandh\u00fchner, zw\u00f6lf Capra Grigia Ziegen, zwei Katzen und neun Islandpferde. \n In unserem kleinen Hofl\u00e4deli finden Sie fast alles, was das Herz begehrt; Teigwaren, Konfit\u00fcren, Curry Zucchetti, eingemachte Randen, Meringues, Bretzeli, verschiedene Sirup und T\u00f6shof Glace in vielen Variationen. Das Hofl\u00e4deli versteckt sich hinter zwei Kellerfenstern. Bedienen Sie sich w\u00e4hrend 24 Stunden an sieben Tagen mit Bezahlung Bar oder auch per Twint. \nBeim Glacek\u00fchler steht f\u00fcr Sie eine Sitzgelegenheit zu Verf\u00fcgung. Nehmen Sie Platz und geniessen Sie eine kleine Auszeit. \nAuf Bestellung stellen wir Ihnen auch gerne verschiedene Geschenktaschen und -K\u00f6rbe zusammen. Sie bestimmen den Inhalt und den Preis.", "url": "https://www.toeshof.ch/", "image": "https://ostpimtsoch.sos-ch-dk-2.exoscale-cdn.com/catalog/4/d/7/a/4d7ab5e32a91fc09ecbc99984e03a9066e89efe2_70378fd90929fbf4a7b827b0c0c20e8a.jpg", "openstreetmap_id": "way/177906381"}, "geometry": {"type": "Point", "coordinates": ["9.133469136184416", "47.33545785"]}}, {"type": "Feature", "properties": {"identifier": "17812a2f-f70e-4a04-a1a3-ac64f22e8cc9", "name": "Metzgerei Kellenberger", "description": "In der vierten Generation seit 1885 bedienen wir Sie pers\u00f6nlich und sind stolz auf unsere regionalen Qualit\u00e4tsprodukte.\n\nVon Hand zerteilt, mit Herzblut gefertigt: Von Aufschnitt bis zarten Filets finden Sie in unserer Theke alles, auch ungew\u00f6hnliche Leckerbissen. Gerne geben wir Genuss-Tipps oder stellen Platten f\u00fcr Ihre gem\u00fctliche Runde zusammen.", "url": "https://www.metzgerei-kellenberger.ch/", "image": "https://ostpimtsoch.sos-ch-dk-2.exoscale-cdn.com/catalog/d/f/3/6/df3649d169bbf1011ef2e3d62edb0d1bae8ec9b3_1e23803a857b837ccbdb24a589c8b1b1.jpg", "openstreetmap_id": "node/563881058"}, "geometry": {"type": "Point", "coordinates": ["9.5017611", "47.0032913"]}}, {"type": "Feature", "properties": {"identifier": "1987e780-cf16-4e63-9127-40cce7bc722f", "name": "Steinemann Kleinbus AG", "description": "<p>Wir verf\u00fchren Sie gerne in der Region und machen Ihren Tag unvergesslich. Bei uns finden Sie nebst dem 0815-Kleinbus bis 14 Pl\u00e4tze zur Miete oder mit Chauffeur als besonderes Highlight einen Cabrio-Bus und Panorama-Bus jeweils f\u00fcr bis 16 Fahrg\u00e4ste oder eine Piaggio APE f\u00fcr 3 Fahrg\u00e4ste. Wird es etwas sp\u00e4ter f\u00e4hrt Sie unser Ring-Taxi.ch (052 643 33 33) gerne nach Hause.</p><p><span style=\"font-weight: bold;\">\n\nPersonentransporte</span><br>Wunschgem\u00e4ss, sicher und schnell von A nach B und gerne auch zur\u00fcck mit Ihrem kompetenten Partner in und f\u00fcr Schaffhausen seit 1963.</p><p><span style=\"font-weight: bold;\">Kurier- und Lieferdienste<br></span>Speditive und zuverl\u00e4ssige Transportl\u00f6sungen f\u00fcr Ihre individuelle Bed\u00fcrfnisse sind unsere St\u00e4rke.</p><p><span style=\"font-weight: bold;\">Vermietung von A bis Z</span></p><ul><li>PWs unterschiedlicher Klassen</li><li>diverse Lieferwagen bis 3,5 t</li><li>Kleinbusse von 9 bis 14 Sitzpl\u00e4tze</li><li>verschiedene Anh\u00e4nger</li><li>Rollstuhlfahrzeuge, usw..!</li></ul>", "url": "http://www.steinemann-sh.ch/", "image": "https://ostpimtsoch.sos-ch-dk-2.exoscale-cdn.com/catalog/0/a/f/a/0afa46d0de0e3ef1e1a76d6c5843a6ff80f1ac97_86a2c56e12c3182dd96de8030f47a0f2.jpg", "openstreetmap_id": "node/3158654905"}, "geometry": {"type": "Point", "coordinates": ["8.6497574", "47.7110112"]}}, {"type": "Feature", "properties": {"identifier": "19b70bef-3933-467c-be55-6b90e403a666", "name": "K\u00e4gi Gl\u00fccksshop in Lichtensteig", "description": "Unser Gl\u00fccksshop ist auch ein Paradies f\u00fcr Entdecker: Informative Videos zeigen dir einen Blick hinter die Kulissen der K\u00e4gi Manufaktur. In unserer kreativen Ecke gestaltest du an iPads deine eigene K\u00e4gi fret Verpackung \u2013 und druckst alles direkt vor Ort aus.\n\nUnsere Kaffeebar l\u00e4dt zu einer kleinen Entspannungspause ein. Bei einem Heissgetr\u00e4nk und einem unserer Spezialit\u00e4ten l\u00e4sst sich ganz in Ruhe die gl\u00fcckliche Atmosph\u00e4re geniessen.", "url": "https://www.kaegi.com/fabrikladen", "image": "https://ostpimtsoch.sos-ch-dk-2.exoscale-cdn.com/catalog/c/6/a/2/c6a21d4ca7e7863717311de44dee17e6d211105b_1095368946629dcea643d802fdbea54d.JPG", "openstreetmap_id": "way/380584407"}, "geometry": {"type": "Point", "coordinates": ["9.085215290277034", "47.33037365"]}}, {"type": "Feature", "properties": {"identifier": "1b3874c8-57df-4ebc-93c0-ad0ba6d603dc", "name": "HedingerHolz AG", "description": "Die HedingerHolz AG blickt auf eine \u00fcber hundertj\u00e4hrige Firmengeschichte zur\u00fcck und ist einer der gr\u00f6ssten S\u00e4gereibetriebe der Region. Ca. 25 Mitarbeitende bearbeiten, wenn immer m\u00f6glich einheimische H\u00f6lzer aus nachhaltiger Waldbewirtschaftung.\n\nKraft, Gr\u00f6sse, Technik sowie pulsierende Ger\u00e4usche und der Geruch nach frischem Holz fesseln bei dieser Besichtigung jeder Man(n). Erleben Sie den Weg von rund zu eckig \u2013 vor allem holzig. Nat\u00fcrlich sind auch Frauen herzlich willkommen!\n\nProgramm\nBesuchen Sie uns mit Ihrer Gruppe oder Schulklasse und erhalten Sie einen Einblick in eine innovative, spannende und regional verankerte Firma und in ein vielseitiges Berufsfeld rund um die Holzverarbeitung:\n\nRundholzplatz: Sortierung und Einteilung von Rundholz mit Entrindungsstation.\nS\u00e4gewerk: Besichtigung der laufenden Maschinen ab der Br\u00fccke \u00fcber den Maschinen in der Werkhalle.\nAussenlager: Rundgang durchs Aussenlager und durch die Klimatrockenhalle mit Besichtigung der Heizung und Trockenkammern.\nWeiterverarbeitung: Hobelmaschine, L\u00e4ngenzuschnitt und Herstellung von Verpackungen.\n\nInformationen\nDauer: 1 - 1.5 Stunden\nGruppengr\u00f6sse: max. 25 Personen, gr\u00f6ssere Gruppen auf Anfrage\nKosten: pro Gruppe CHF 150.00", "url": "https://hedingerholz.ch/", "image": "https://ostpimtsoch.sos-ch-dk-2.exoscale-cdn.com/catalog/f/c/3/5/fc356c491e84eb94ce361802ac916427790daf1b_56e99f0b083de5fd1c3a3d34ca692162.jpg", "openstreetmap_id": "274543231"}, "geometry": {"type": "Point", "coordinates": ["8.46302715", "47.66717825"]}}, {"type": "Feature", "properties": {"identifier": "1d9ef9f4-8cda-4daa-bd40-e2fd25a2a80f", "name": "Hertihof Hofladen", "description": "Im Selbstbedienungs-Hofladen finden Kunden 5 Tage die Woche ein ausgesuchtes, saisonales Angebot vom Hof. Geb\u00e4ck wie Nuss- und Linzertorten, Frischfleisch (gefroren) und Trockenfleisch, Bienenhonig, Hof-Glace, Alpk\u00e4se u.v.m. \u2013 Wer Zeit hat, verweilt in der angegliederten Besenbeiz bei einem feinen, in Untervaz ger\u00f6steten Kaffee und einem St\u00fcck K\u00fcchen aus der Hofb\u00e4ckerei.", "url": "https://www.hertihof.ch", "image": "https://ostpimtsoch.sos-ch-dk-2.exoscale-cdn.com/catalog/4/a/b/a/4aba7187f73a175fbf20066a5adcf8850910451b_b95227a005d01ec10e126cd895b5fe19.jpg", "openstreetmap_id": "node/35915529"}, "geometry": {"type": "Point", "coordinates": ["9.548063278198242", "46.92509881409418"]}}, {"type": "Feature", "properties": {"identifier": "1dd0fc8b-e6a1-4677-8978-d492ca715cb1", "name": "Schwimmbad Wattwil", "description": "Die Badi Wattwil bietet Ihnen 1-, 3- und 5-Meter-Sprungturm, 50-Meter- Schwimmerbecken mit 6 Bahnen, Riesenrutschbahn, Str\u00f6mungskanal und Kinderplanschbecken, 1 Beachvolleyballfelder, einen Riesenspielplatz f\u00fcr Jugendliche mit Fussballplatz, Korbballeinwurf und Tischtennis. Der Liege- und Spielbereich bietet Ruhezonen f\u00fcr Familien ebenso wie Sandstrand und Kleinkinderparadies mit dem kindersicheren Spielplatz (Rondelle im Sand, Kinderrutschbahn mit H\u00fcttli, Schaukeln). \u2013 F\u00fcr Sport, Fitness und Spass den ganzen Tag ist gesorgt. Gehen Sie da im Sommer \u00fcberhaupt noch nach Hause?\n\nZugang m\u00f6glich f\u00fcr RollstuhlfahrerInnen; Behinderten-Toilette, Umkleidekabine mit Liege und Einstiegshilfe ins Bad sind vorhanden.", "url": "http://www.badi-wattwil.ch", "image": "https://ostpimtsoch.sos-ch-dk-2.exoscale-cdn.com/catalog/a/d/b/3/adb346850fea0eeab3b6a382b3c9474b2de12180_150cbf06a6bc64d16c0e17a3731d94df.jpg", "openstreetmap_id": "48582358.0"}, "geometry": {"type": "Point", "coordinates": ["9.0925099", "47.2938006"]}}, {"type": "Feature", "properties": {"identifier": "1edfc826-6125-4cb8-836b-d40bb0d74325", "name": "Domus Leuchten und M\u00f6bel AG", "description": "Das Einrichtungshaus bietet eine Auslese an zeitlosen Klassikern sowie aktuellen Designm\u00f6beln und -leuchten. Mit Material- und Farbmustern, Projektbeispielen und Kunst schafft Domus die Basis f\u00fcr die ganz pers\u00f6nliche Einrichtung.\n\nEs geht aber um viel mehr, als nur M\u00f6bel und Leuchten. Domus hat sich der Planung von Lebens- und Arbeitsr\u00e4umen verschrieben. Die Einrichtung und das Licht sind ein Teil davon. So setzen die \nInnenarchitekt:innen von Domus in Zusammenarbeit mit Partnern ganze Umbauprojekte inklusive Bauleitung f\u00fcr Privatpersonen und Unternehmen um. Die Produktberatung in der Ausstellung, die Einrichtungsplanung und Farbberatungen durch ausgebildete Farbexpert:innen runden das Angebot ab. \n\nIn der Showk\u00fcche, die von der M\u00f6belmanufaktur in Heerbrugg geplant und produziert wurde, finden Kochkurse in Zusammenarbeit mit Pro Table statt.", "url": "https://domusag.ch/", "image": "https://ostpimtsoch.sos-ch-dk-2.exoscale-cdn.com/catalog/8/7/9/c/879ca0c71a3f6944a040bdcfa6732e4f7f12962d_793eaa468606241d8ba2d4522b21903f.jpg", "openstreetmap_id": "way/145447357"}, "geometry": {"type": "Point", "coordinates": ["9.369658328121401", "47.420616213738"]}}, {"type": "Feature", "properties": {"identifier": "201f6e20-1f5e-44d7-99ee-f83632da2dba", "name": "Berggasthaus Prodkamm", "description": "Das Berggasthaus Prodkamm am Flumserberg ist ein Ort, an dem Sie sich kulinarisch verw\u00f6hnen lassen k\u00f6nnen. Mit seinen authentischen, monatlich wechselnden Pasta- und Salatangeboten sowie der Speisekarte mit regionalen und traditionellen Gerichten bietet das Restaurant eine vielf\u00e4ltige Auswahl an K\u00f6stlichkeiten. Das Restaurant verf\u00fcgt zudem \u00fcber eine grosse Sonnenterrasse, auf der Sie Ihre Mahlzeiten im Freien einnehmen und dabei die atemberaubende Aussicht auf die umliegende Berglandschaft geniessen.\nDas Berggasthaus Prodkamm l\u00e4dt Sie ein, die authentische K\u00fcche und die entspannte Atmosph\u00e4re zu geniessen. Ob Sie nach einem Skitag eine St\u00e4rkung suchen oder einfach nur die Sonne auf der Terrasse geniessen m\u00f6chten, hier werden Sie mit herzlicher Gastfreundschaft empfangen. Besuchen Sie das Berggasthaus Prodkamm und lassen Sie sich von den k\u00f6stlichen Gerichten und der einzigartigen Lage begeistern.", "url": "http://www.prodkamm.ch", "image": "https://ostpimtsoch.sos-ch-dk-2.exoscale-cdn.com/catalog/7/8/5/d/785da9ac840d7d24b0d63a535af1f5de12064c35_561c2cd18ad13fc973e840a193ca561b.jpg", "openstreetmap_id": "way/595895128"}, "geometry": {"type": "Point", "coordinates": ["9.26801383495331", "47.07360037575466"]}}, {"type": "Feature", "properties": {"identifier": "214cfc4f-d3a7-4399-8e99-9b3d02be9d13", "name": "Dampfromantik am Bodensee", "description": "Die historische Komposition, gezogen von der MThB-Dampflok Ec 3/5 Nr. 3, besteht aus dem roten Salonwagen, dem gr\u00fcnen Gep\u00e4ck-/Postwagen und dem blauen Aussichtswagen, sowie einem direkten Kurswagen (Panoramawagen) nach Heiden. Die G\u00e4ste steigen ein und erleben die Langsamkeit wie in fr\u00fcherer Zeit. Auf allen Fahrten wird ein kleines Gastro-Angebot mitgef\u00fchrt.\n\nDer Verein hat auch andere Sonderfahrten auf dem Jahresprogramm.\n\nDas Rollmaterial ist in der historischen Lokremise (Locorama Romanshorn) stationiert. Dort steht auch der bekannte \u00abThurgauer Zug\u00bb, ein elektrischer Pendelzug der ehemaligen Mittel-Thurgau-Bahn, mit dem exklusiven Salonwagen Bodan. Diese Komposition darf auf den meisten normalspurigen Bahnstrecken der Schweiz verkehren.\n\nDer Verein organisiert gerne eine individuelle Fahrt f\u00fcr pers\u00f6nliche Anl\u00e4sse, sei es mit Dampf oder elektrisch.", "url": "http://www.mthb.ch", "image": "https://ostpimtsoch.sos-ch-dk-2.exoscale-cdn.com/catalog/9/d/5/a/9d5a5da6c6fbac5e9c9e5e7b56a6b38ed0c84d0d_546fe89bb35a7c4058da8c6e8e7e91e7.jpg", "openstreetmap_id": "10098426949"}, "geometry": {"type": "Point", "coordinates": ["9.377057", "47.559628"]}}, {"type": "Feature", "properties": {"identifier": "245192c3-ec22-43fe-8a5c-a634507e05c3", "name": "Bauernhof Bohl", "description": "<div><p><strong>Ausstattung</strong></p><ul><li>Schlafzimmer mit Doppelbett</li><li>Schlafzimmer mit zwei Einzelbetten (f&uuml;r Erwachsene und Kinder geeignet)</li><li>Badezimmer mit Dusche</li><li>K&uuml;che mit Wohn- &amp; Essbereich und TV</li><li>Spiele f&uuml;r Kinder</li><li>Raclette- und Fonduegeschirr</li><li>Ruhige Lage mit sch&ouml;ner Aussicht</li></ul><p><strong>Aussenbereich</strong></p><ul><li>Gartensitzplatz mit Chemin&eacute;e</li><li>Kleiner Spielplatz</li><li>Spielsachen zur Mitbenutzung</li></ul><p><strong>Bauernhof</strong></p><ul><li>Besonders bei Kindern sehr beliebt</li><li>Milchk&uuml;he, K&auml;lblein, Katzen, Hasen</li><li>Gerne d&uuml;rft ihr bei uns im Stall vorbeischauen</li></ul><p><strong>Lage &amp; Umgebung</strong></p><ul><li>Gratis Aussenparkplatz direkt beim Haus</li><li>Dorf Stein in 2 Minuten zu Fuss erreichbar mit B&auml;ckerei und kleinem 24h-Shop</li><li>Katzensprung zum Fluss Thur (Thurweg und im Sommer wundersch&ouml;n zum Baden)</li><li>Einkaufsm&ouml;glichkeiten (Migros, Coop, Drogerie) in 5 Autominuten</li><li>Wander- und Skigebiet Ch&auml;serrugg mit dem &Ouml;V oder in 7 Autominuten erreichbar</li><li>Wander- und Skigebiet Wildhaus mit dem &Ouml;V oder in 12 Autominuten erreichbar</li><li>Wander- und Skigebiet Wolzenalp mit dem &Ouml;V oder in 10 Autominuten erreichbar</li><li>S&auml;ntis oder Schw&auml;galp in 15 Autominuten</li><li>Verschiedene Wanderungen vor der Haust&uuml;re, z.\u202fB. Thurweg, Stockberg, Goggeien, Speer (Europas h&ouml;chster Nagelfluh-Berg) und vieles mehr</li></ul><p><strong>Nahe gelegene St&auml;dte</strong></p><ul><li>St. Gallen: 49 min</li><li>Z&uuml;rich: 1 h 07 min</li><li>Luzern: 1 h 35 min</li><li>Chur: 54 min</li></ul><p><strong>Preis</strong><br>CHF 125.&ndash; pro Nacht, plus CHF 100.&ndash; f&uuml;r die Endreinigung.</p></div>", "image": "https://ostpimtsoch.sos-ch-dk-2.exoscale-cdn.com/catalog/5/c/0/4/5c0477deb34c59ae617dcd27b3a4f936b48b245e_fe4291c9d6753d452896341462a92479.JPG", "openstreetmap_id": "node/2705315303"}, "geometry": {"type": "Point", "coordinates": ["9.22616215143497", "47.19726707848858"]}}, {"type": "Feature", "properties": {"identifier": "26046b9f-ca9b-41ef-ba1a-dfa9e45fd540", "name": "INTERSPORT Network Flumserberg Filiale Tannenheim", "description": "Die INTERSPORT Network Flumserberg Filiale Tannenheim pr\u00e4sentiert Ihnen eine grosse Auswahl an Mietmaterial von Ski und Snowboards bis zu Schlitten. Des Weiteren befindet sich die zentrale Werkstatt f\u00fcr Ski- & Snowboard-Service im 2. Obergeschoss der Filiale.\nMit Rat und Tat stehen wir Ihnen bei der Wahl der Ausr\u00fcstung f\u00fcr Ihre Abenteuer zur Seite und statten Sie mit allem aus, was Sport, Bewegung und Spass auf Schnee zu einem noch intensiveren Erlebnis macht.", "url": "https://www.intersport-network.ch/filialen/tannenheim/", "image": "https://ostpimtsoch.sos-ch-dk-2.exoscale-cdn.com/catalog/e/d/4/e/ed4ee01ba808c16aba1e772cf2ccc9ba90a66677_0f9e662c107a1366eaedf50013c9d1bf.jpg", "openstreetmap_id": "way/325408045"}, "geometry": {"type": "Point", "coordinates": ["9.302447680513392", "47.08949005"]}}, {"type": "Feature", "properties": {"identifier": "2642155f-0a46-461c-bff7-ec8b218d47d5", "name": "Landfrauen Ap\u00e9ro Schaffhausen", "description": "<p>Wir Landfrauen bieten Ihnen lokale Spezialit\u00e4ten aus kantonaler landwirtschaftlicher Produktion bei gleichzeitigem Erhalt der regionalen Wertsch\u00f6pfung.</p><p>Hierbei werden ausschliesslich saisonale Produkte aus der Region verwendet, die mit grosser Sorgfalt und Liebe zum Detail zu unseren Spezialit\u00e4ten verarbeitet werden.</p><p>Geniessen Sie Ihren Anlass inmitten sch\u00f6nster Rebberge, satter Wiesen und wogender Felder des Klettgaus. Verw\u00f6hnen Sie sich und Ihre G\u00e4ste mit wunderbaren Weinen und den Delikatessen unserer Region. Wir machen Ihren Anlass zum unvergesslichen Ereignis.</p><p>Sie k\u00f6nnen frei aus unserem Angebot Ihren individuellen Ap\u00e9ro zusammenstellen. Wir sind Ihnen dabei gerne behilflich.</p><p>Neben S\u00fcssmost, Traubensaft, Bl\u00fctenbowle, Apfelpunsch und Sirup f\u00fcr die kleinen G\u00e4ste k\u00f6nnen wir Ihnen eine \u00e4usserst grosse Vielfalt an Weinen aus dem Klettgau anbieten.</p><p><span style=\"font-weight: bold;\">Spezialit\u00e4ten</span></p><ul><li>Ap\u00e9ros f\u00fcr kleine und grosse Anl\u00e4sse</li></ul>", "url": "http://www.landfrauen-apero.ch/", "image": "https://ostpimtsoch.sos-ch-dk-2.exoscale-cdn.com/catalog/7/7/7/7/77771323922def3b418016cacc5283432c6220e5_395f905d32dbee58b65fd96a0364eeb9.jpeg", "openstreetmap_id": "node/3197381431"}, "geometry": {"type": "Point", "coordinates": ["8.4673933", "47.6790253"]}}, {"type": "Feature", "properties": {"identifier": "2682e0fc-47b0-40cc-a3cd-13eeeb850d15", "name": "Freibad B\u00f6den Flawil", "description": "Das Freibad B\u00f6den in Flawil bietet mit einem frisch renovierten Kinderplanschbecken, ein Nicht-Schwimmer-Becken, einem Sprungturm bis 5 Meter sowie einem grossz\u00fcgigen 25m-Schwimmbecken alles f\u00fcr den Badespass in der warmen Jahreszeit. Doch nicht nur Schwimmende kommen auf ihre Kosten: Ob Beachvolleyball, Tischtennis, ein k\u00fchles Getr\u00e4nk oder eine feine Bratwurst \u2013 auch an Land gibt es ein vielf\u00e4ltiges Angebot f\u00fcr Sportbegeisterte und Geniesserinnen und Geniesser.", "url": "https://flawil.ch", "image": "https://ostpimtsoch.sos-ch-dk-2.exoscale-cdn.com/catalog/7/7/9/1/7791820480ed2a6bc43b205590b3494eb87158ff_d1f2d4274721945be70ad73c78966e21.jpg", "openstreetmap_id": "node/2067065067"}, "geometry": {"type": "Point", "coordinates": ["9.1914323", "47.4044996"]}}, {"type": "Feature", "properties": {"identifier": "26e23d9f-c3de-4257-8680-bff360a2848e", "name": "Rock'n'Bow", "description": "<p>Mach Dich auf den Bogenweg und erlebe die vielen spannenden und entspannenden Seiten des intuitiven Bogenschiessens. Ob Meditation, Selbsterfahrung, Spass, Sport oder Teambildung: Bei mir bist du an der richtigen Adresse. Entdecke mein Angebot und erlebe das befreiende Gef\u00fchl des Loslassens. Immer und immer wieder.</p><p>Intuitives Schiessen mit dem Bogen ist wie ein kindliches Spiel: Es kennt kein Muss. Es gibt Regeln und Ziele. Aber nicht vordergr\u00fcndig. Im Zentrum steht das befreiende Gef\u00fchl des Loslassens. Pfeil und Bogen tragen etwas Urspr\u00fcngliches und Archaisches in sich. Lass dich davon faszinieren und befl\u00fcgeln, bis tief in deine Seele.</p>", "url": "https://der-bogenweg.com", "image": "https://ostpimtsoch.sos-ch-dk-2.exoscale-cdn.com/catalog/b/5/1/9/b519db8d948763a1c9300cbeebed583c00c78cfb_c14c5c6f0a24b8f58b529aec51acb64e.jpg", "openstreetmap_id": "way/50769371"}, "geometry": {"type": "Point", "coordinates": ["8.508235216140749", "47.58124491132879"]}}, {"type": "Feature", "properties": {"identifier": "282080c8-bc5e-4e7d-ad90-f100139e7990", "name": "Textil-Shop in der Tourist Information", "description": "Weltweit ist St.Gallen als Textilstadt bekannt, grosse Designer wie Chanel, Christian Dior, Giorgio Armani und andere verarbeiten Spitzen aus St.Gallen, und kaum eine bedeutende Modenschau in Paris, Mailand oder New York verzichtet auf die Pr\u00e4sentation der entsprechenden Haute Couture. Getragen werden die Kreationen von zahlreichen Prominenten, darunter Michelle Obama, Adele, Madonna und Charl\u00e8ne, F\u00fcrstin von Monaco. \n\nOb ein St\u00fcck St.Galler Spitze am Handgelenk, wundersch\u00f6ne Stickereimotive oder samtene Armstulpen - im Textil-Shop in der Tourist Information St.Gallen findet sich eine einmalige Auswahl.", "url": "http://www.st.gallen-bodensee.ch", "image": "https://ostpimtsoch.sos-ch-dk-2.exoscale-cdn.com/catalog/e/9/2/5/e925a50919f8c31f7df09a0aad64d398ef765d33_68078fd3dbb541d186994443b5a35405.png", "openstreetmap_id": "4092518490"}, "geometry": {"type": "Point", "coordinates": ["9.375731348991396", "47.423151396262"]}}, {"type": "Feature", "properties": {"identifier": "2a2d8f52-cd61-4dcf-bc8f-90419180612c", "name": "Destillerie Brunner", "description": "Basierend auf der Idee eines Gins mit Bibergeschmack wurde im Jahre 2019 die Firma gegr\u00fcndet, destilliert wird jedoch nach wie vor, wie vor hundert Jahren. Die Destillerie Brunner produziert als Lohn- und Gewerbebrennerei in St. Gallen mittels traditionellem und handwerklich bew\u00e4hrtem Verfahren einmalige und charakterstarke Spirituosen. Die Variet\u00e4t reicht von Gin, Vodka, Lik\u00f6re, Obst-und Fruchtbr\u00e4nde bis hin zu klassischen Schn\u00e4psen. Meist entstehen Produkte die an St.Galler Spezialit\u00e4ten, die Geschichte oder geographische Highlights angelehnt sind. So beispielsweise der Bibergin, der Spitzengin oder auch der S\u00e4ntisgin. Ein besonderer Genuss: die Bibergin Truffes. Zu finden sind die Produkte in ausgew\u00e4hlten Lokalit\u00e4ten und Verkaufsstellen und im Online-Shop.", "url": "https://www.destillerie-brunner.ch/home.html", "image": "https://ostpimtsoch.sos-ch-dk-2.exoscale-cdn.com/catalog/a/f/9/2/af921cec901867856102e50c93805e4dd720d745_5e79bfc767d4da07a81fe6d4c3ead184.jpg", "openstreetmap_id": "node/7193109903"}, "geometry": {"type": "Point", "coordinates": ["9.3655093", "47.4132147"]}}, {"type": "Feature", "properties": {"identifier": "2d385a49-ebd8-4aad-92a7-d4ccf90458c5", "name": "Schwimmbad Espi", "description": "<p>Eine Badi f&uuml;r Familien, Kinder und alle die das Wasser lieben. Die Holzumrandung mit Steg bietet Schutz vor der Str&ouml;mung und Tiefen des Rheins. Im Innern ist eine Wasseraufsicht gew&auml;hrleistet. Das Schwimmen im offenen Rhein kann auf eigene Gefahr unternommen werden.</p><p>Den Kindern stehen SUPs, Surfbretter und Kajaks frei zur Verf&uuml;gung und am Kiosk gibts f&uuml;r jeden was zum &laquo;chr&ouml;ml&auml;&raquo;.</p><p>Parkpl&auml;tze sind in der N&auml;he keine vorhanden. Komme also zu Fuss, mit dem Velo oder &Ouml;V.</p>", "url": "https://badi-espi.ch/", "image": "https://ostpimtsoch.sos-ch-dk-2.exoscale-cdn.com/catalog/6/6/c/3/66c3855da8cd9889729b7e9b5bc4bd4fad44c417_ce7a7b4521d2c29e82b6fccd9ff3488c.jpg", "openstreetmap_id": "node/748982445"}, "geometry": {"type": "Point", "coordinates": ["8.8562724", "47.6583417"]}}, {"type": "Feature", "properties": {"identifier": "2d804325-f36b-4218-96e7-ead3359b1168", "name": "Ochsen Metzgerei Wattinger", "description": "\u00abRegionale Fleisch- und Wurstwaren aus eigener Produktion, Artgerechte Tierhaltung und kurze Transportwege, Verhindern von Foodwaste durch die Verwertung des ganzen Tiere.\u00bb In unserem Familienunternehmen sind das keine Mode-Erscheinungen.\nMit unserer hauseigenen Schlachtung pflegen wir diese Traditionen seit 1985. Bis heute sind das die Voraussetzungen f\u00fcr h\u00f6chste Qualit\u00e4t.\n\nMetzgerei:\nIhr Fleischfachgesch\u00e4ft am Bodensee! Profitieren Sie von einer kompetenten Beratung und geniessen Sie unsere hausgemachten Fleisch- und Wurstspezialit\u00e4ten.\n\nCatering:\nJeder Anlass ist einzigartig. Wir umrahmen Ihren ganz individuellen Event gerne mit einem passenden Menu und dem kompletten Service. Ihr Genuss ist unsere Leidenschaft!\n\nFestinventar:\nGeschirr, Gl\u00e4ser, Turbo-Kaffeemaschine, K\u00fchlschr\u00e4nke, einzigartige Grills... Ein gelungener Anlass setzt eine einwandfreie Infrastruktur voraus. Wir r\u00fcsten Sie f\u00fcr jeden Event aus!\n\n24h-Verkaufsautomat:\nBezahlung auch kontaktlos mit Karte und Twint!", "url": "http://www.ochsen-metzgerei.ch/", "image": "https://ostpimtsoch.sos-ch-dk-2.exoscale-cdn.com/catalog/6/5/7/8/6578c48ed52568a2ffc1b92ead873dc903e942eb_9bcffc206abb8fe78e0d22212ea84aac.jpg", "openstreetmap_id": "node/8171482014"}, "geometry": {"type": "Point", "coordinates": ["9.2592022", "47.6127295"]}}, {"type": "Feature", "properties": {"identifier": "2f3790ff-a0aa-47f6-8fcf-e11f14378db7", "name": "Hannibal Uhren", "description": "Wer uns schon kennt, weiss: Wir haben immer Zeit f\u00fcr Sie. In unbeschr\u00e4nktem Masse. So, wie wir auch immer f\u00fcr Sie da sind. F\u00fcr Sie da zu sein und Zeit zu haben sind unsere beiden wichtigsten Maximen. Wahrscheinlich entsprechen wir damit nicht den allgemeinen Management-Erwartungen. Aber als klassischer Familienbetrieb k\u00f6nnen wir dies in Kauf nehmen. Uns kann niemand unsere Zeit vorschreiben. Sie ist ausschliesslich f\u00fcr Sie reserviert.", "url": "https://hannibal-watches.com/", "image": "https://ostpimtsoch.sos-ch-dk-2.exoscale-cdn.com/catalog/d/4/c/8/d4c8cc1a26282b4ad9e34dd33566c0bc960463a6_bebef8be91dead13f30f4039ad0d872d.jpg", "openstreetmap_id": "node/3122101766"}, "geometry": {"type": "Point", "coordinates": ["8.6337422", "47.69726"]}}, {"type": "Feature", "properties": {"identifier": "30c8c05c-08f4-42f0-9a15-8514c7c3dfe1", "name": "Badi Sch\u00f6nenbodensee", "description": "<div><p>Umringt von Bergen und Wiesen, Schilf und Wald liegt der Naturbadesee Sch&ouml;nenbodensee in Wildhaus. Direkt vor der Badi gibt es Parkpl&auml;tze. Mit dem &Ouml;V muss man jedoch einen etwa 30-min&uuml;tigen Fussmarsch auf sich nehmen, um zum See zu gelangen.</p><p>Der See ist mit mehreren Fl&ouml;ssen, einem Steg zum Einstieg in den Schwimmerbereich sowie einem abgegrenzten Nichtschwimmer- und Kinderbereich ausgestattet. Ebenfalls stehen zwei Pedalos zur Miete zur Verf&uuml;gung. Zugang auch f&uuml;r Rollstuhlfahrer/-innen m&ouml;glich. Eine Behinderten-Toilette sowie eine Behinderten-Umkleidekabine (mit Liegebett) sind vorhanden.</p><p><strong>Infos zum Zutritt:</strong><br>Der Zutritt zur Liegewiese ist kostenpflichtig &ndash; unabh&auml;ngig davon, ob eine Nutzung des Badebereichs erfolgt. Ein kostenloser Zugang ist ausschliesslich auf den Bereich des Badibeizlis beschr&auml;nkt.</p><p><strong>Mitnahme von Hunden:</strong><br>Aus R&uuml;cksicht auf alle G&auml;ste sind Hunde ausschliesslich im Eingangsbereich sowie im Badibeizli erlaubt. Auf der Liegewiese und im Badebereich ist das Mitf&uuml;hren von Hunden nicht gestattet.</p></div>", "url": "https://eggewaeldli.ch/oeffnungszeiten", "image": "https://ostpimtsoch.sos-ch-dk-2.exoscale-cdn.com/catalog/b/4/3/9/b439c6b46dff2f3dd2d64789fda9b8a6352b3cdb_d48490381134dc3c14425f767e9a625e.jpg", "openstreetmap_id": "node/7798234730"}, "geometry": {"type": "Point", "coordinates": ["9.3660567", "47.2075564"]}}, {"type": "Feature", "properties": {"identifier": "312fbe5c-d523-4470-8608-742d86c3054f", "name": "S\u00e4ntispark B\u00e4derwelt", "description": "<p class=\"MsoNormal\">Das ganzj&auml;hrig ge&ouml;ffnete Badeparadies verf&uuml;gt &uuml;ber verschiedene Rutschen, B&auml;der, eine grosse Saunalandschaft sowie zahlreiche Sport- und Spielm&ouml;glichkeiten.&nbsp;</p><p class=\"MsoNormal\">Besonders beeindruckend ist die Rutschenwelt mit zw&ouml;lf spektakul&auml;ren Wasserrutschen, die durch Licht- und Soundshows erg&auml;nzt werden. Besuchende k&ouml;nnen zwischen drei Virtual-Reality-Erlebnissen auf der Rutsche Wildbach w&auml;hlen, Kristalle auf der Kristalljagd sammeln oder sich bei einem Wettrennen auf der Super-G messen.</p><p class=\"MsoNormal\">F&uuml;r die j&uuml;ngsten G&auml;ste gibt es die Kinderbadewelt mit spannenden Attraktionen wie der geheimnisvollen H&ouml;hlenrutsche und der Himmelsrutsche. Die Breitrutsche bietet Spass f&uuml;r mehrere Kinder gleichzeitig, und eine faszinierende Fischprojektion sorgt f&uuml;r ein unvergessliches Familienerlebnis.&nbsp;</p><p>Auch ausserhalb der B&auml;derwelt wird einem nicht langweilig: Erholung bietet der Wellnessbereich mit grosser Saunawelt, Private Spa, R&ouml;misch-Irischem Bad und vielf&auml;ltigem Massage-Angebot. F&uuml;r Spass ganz ohne Wasser sorgen Sport- und Spielangebote: Wie w&auml;re es mit einer Runde Minigolf, einer Partie Billard, einer Bowlingrunde oder einem Squash-Duell? Im S&auml;ntispark kommen auch Sportfans auf ihre Kosten.</p>", "url": "https://saentispark-freizeit.ch/", "image": "https://ostpimtsoch.sos-ch-dk-2.exoscale-cdn.com/catalog/8/7/b/5/87b515369487ad55474ad47e78743dbf29d8f3c1_9754448e61dcf2c8730b76bfe463f356.jpg", "openstreetmap_id": "way/38750523"}, "geometry": {"type": "Point", "coordinates": ["9.3156002", "47.4187031"]}}, {"type": "Feature", "properties": {"identifier": "328e9e38-b6dd-4096-9ffa-a86b3d1591e7", "name": "Lucky Star Bikes GmbH", "description": "Tages- oder Mehrtagesmiete von E-Mountainbike oder E-Trekkingvelo m\u00f6glich.", "url": "https://www.luckystarbikes.ch/", "image": "https://ostpimtsoch.sos-ch-dk-2.exoscale-cdn.com/catalog/f/1/1/7/f11793bf97286bd1910f8de8f2f044b07f9c42ae_2be38db02d5a30943e6f1d3edc154a04.jpg", "openstreetmap_id": "relation/1683931"}, "geometry": {"type": "Point", "coordinates": ["9.440764188766481", "47.05081940777587"]}}, {"type": "Feature", "properties": {"identifier": "338221d4-0e8f-4de6-b1a6-94a88a14cb81", "name": "S\u00e4ntispark Sport & Spiel", "description": "<p>Den Kopf frei kriegen und dabei erst noch Spass haben &ndash; das geht am besten in guter Gesellschaft. Ob sportliche H&ouml;chstleistungen oder jede Menge Action mit Freunden und Familie: Im vielseitigsten Vergn&uuml;gungspark in der Ostschweiz ein leichtes Spiel. Das Angebot reicht von Billard, Bowling, Badminton bis Squash.</p>", "url": "https://saentispark-freizeit.ch/sport-spiel/", "image": "https://ostpimtsoch.sos-ch-dk-2.exoscale-cdn.com/catalog/a/3/4/5/a34519a925a08cbf614f6b042994208e7f1ca1b7_3a8fc3fedab5811916601a27d5edb02f.jpg", "openstreetmap_id": "way/38750523"}, "geometry": {"type": "Point", "coordinates": ["9.31539", "47.41882"]}}, {"type": "Feature", "properties": {"identifier": "34faf7fc-f991-4428-905e-684149ed7814", "name": "Casino Bad Ragaz", "description": "Das Casino Bad Ragaz ist eingebettet in das vielf\u00e4ltige Angebot des Grand Resort Bad Ragaz und hat an 365 Tagen im Jahr f\u00fcr Sie ge\u00f6ffnet. \u00dcber 120 Slot Automaten und 6 Spieltische versprechen Nervenkitzel pur. An unserer Golden Wave Bar finden Sie ausserdem das gr\u00f6sste Gin-Angebot der Region mit \u00fcber 70 Sorten Gin aus Nah und Fern.", "url": "https://www.casinoragaz.ch/", "image": "https://ostpimtsoch.sos-ch-dk-2.exoscale-cdn.com/catalog/7/b/e/8/7be8c9026269667cb6cb3d7412a05cc6bffa76d0_e634ea7bb14dae17899bb166964361ee.jpg", "openstreetmap_id": "way/118961448"}, "geometry": {"type": "Point", "coordinates": ["9.503628388527744", "46.9984946"]}}, {"type": "Feature", "properties": {"identifier": "38a352b2-a78a-497d-8134-ec8bfabcf3cc", "name": "PKZ St.Gallen", "description": "Nicht nur regelm\u00e4ssige Fashion-Events der Extraklasse begeistern die Kunden \u2013 es stehen zudem auch Top Stylisten f\u00fcr ein Personal Shopping zur Verf\u00fcgung, die mit ihrer Expertise bei der Suche nach den richtigen Outfits helfen. \n\nBereits im Jahr 1881, noch vor der Erfindung des ersten Druckknopfs, gr\u00fcndete Paul Kehl das Modehaus Paul Kehl Z\u00fcrich. PKZ ist somit das \u00e4lteste Modehaus der Schweiz. Bis heute ist es in Familienbesitz und beweist seine Fashion-Expertise immer wieder aufs Neue. Bis 1974 betrieb PKZ sogar zwei eigene Fabriken in der Schweiz und exportierte seine angesehene Herrenkollektion nach ganz Europa. \n\nIm Jahre 2014 wurden die Gesch\u00e4fte Feldpausch, Burger und Blue Dog auf die heutigen Gesch\u00e4fte PKZ MEN und PKZ WOMEN konsolidiert. Gleichzeitig mit dem Namenswechsel er\u00f6ffnete PKZ im gleichen Jahr das mit \u00fcber 3000 Quadratmetern gr\u00f6sste Damenmodehaus der Schweiz an der Bahnhofstrasse in Z\u00fcrich.", "url": "https://www.pkz.ch/de/", "image": "https://ostpimtsoch.sos-ch-dk-2.exoscale-cdn.com/catalog/9/3/5/2/9352afdba062d5927f8bb13ef9d0c27435ae56ba_82d50badae49e33af56bad60accaccf5.jpg", "openstreetmap_id": "node/4348354369"}, "geometry": {"type": "Point", "coordinates": ["9.377226", "47.424802"]}}, {"type": "Feature", "properties": {"identifier": "38f32d39-2443-4fd0-9911-96d4030e64cd", "name": "Allerlei Handwerk & Holzbildhauerei", "description": "Mein Mann und ich haben beide den Beruf des Holzbildhauers gelernt. Unser Ziel ist es die W\u00fcnsche unserer Kundschaft umzusetzen. Wir freuen uns immer wieder \u00fcber die kreativen Ideen, der Menschen die zu uns finden. Unsere Schnitzereien sollen nicht nur zum aufstellen sein - sie sollen auch zum Anfassen sein. Deshalb versuchen wir, wo immer m\u00f6glich, Gebrauchsgegenst\u00e4nde herzustellen.\n\nMit unserem Laden in der Gasse, habe ich mir einen Traum erf\u00fcllt. Er soll zum St\u00f6bern und Geniessen einladen. Inzwischen biete ich Allerleihandwerk an. Ich experimentiere mit verschiedenen Werkstoffen und bin bunt und kreativ. So gibt es viele Dinge f\u00fcr jeden Anlass aus Holz, Wolle, Pappmache und Seife und wenn es etwas noch nicht gibt, dann wird es einfach gemacht. Trauen sie sich und kommen einfach vorbei.\n\nUnser Sortiment\nSchnitzereien, Deko und Geschenke, Dinge aus Holz, Gefilztes, Papmachee Figuren, Seife, Wolle, Zubeh\u00f6r zum Filzen und vieles mehr.\n\nTouristische Angebote:\n- F\u00fchrungen durch die Holzbildhauerei \u2013 Die Geschichte eines Holzst\u00fcckes\n- Kurse: Engel oder Feen einfach Filzen, Ein eigenes K\u00fcchenbrett schnitzen, Wichtel schnitzen\n- Unser Laden: \u00d6ffnungszeiten Dienstag 14.00 - 17.00 Uhr und Freitag 14.00 - 17.00 Uhr, ich \u00f6ffne auch spontan! Einfach klingeln\n- Eisschnitzen", "url": "http://allerleihandwerk.blogspot.com/", "image": "https://ostpimtsoch.sos-ch-dk-2.exoscale-cdn.com/catalog/1/0/5/4/1054e7c6aebabcc1a15996f1f5747b88f8f69721_d62202f7d07ba9112372c651bb538163.jpg", "openstreetmap_id": "node/3197225058"}, "geometry": {"type": "Point", "coordinates": ["8.4690794", "47.6665468"]}}, {"type": "Feature", "properties": {"identifier": "3bcfe4f4-37e9-47de-a12f-de343f5fcbac", "name": "Breitenmoser Appenzeller Fleischspezialit\u00e4ten", "description": "<p>Die Breitenmoser Appenzeller Fleischspezialit\u00e4ten AG steht f\u00fcr Tradition, h\u00f6chste Qualit\u00e4t und Innovation seit 1896.  F\u00fcr die Produktion von Fleisch- und Wurstwaren wird ausschliesslich Schweizer Fleisch verwendet. Schwein und Poulet kommt ausschliesslich aus der Ostschweiz. Das Unternehmen setzt sich dabei h\u00f6chste Qualit\u00e4tsstandards und produziert unter anderem gesch\u00fctzte und pr\u00e4mierte Spezialit\u00e4ten. \n\nIn den vier Fachgesch\u00e4fte, Teufen, Gais, Appenzell und Rorschacherberg, werden die G\u00e4ste von ausgebildeten Fachkr\u00e4ften pers\u00f6nlich und individuell beraten. </p><p>Zus\u00e4tzlich zu den Fachgesch\u00e4ften gibt es die Breitenmoser GenussEcke an der Hauptgasse in Appenzell. Einem 16/7 Shop mit Self-Checkout und bedienten Zeiten mit Delikatessen, Geschenkvariationen und hauseigenen Fleisch- und Wurstspezialit\u00e4ten sowie einer K\u00e4setheke und der M\u00f6glichkeit zur Degustation.</p><p>Standorte:</p><p>Teufen<br>Im Anker<br>Dorf 10<br>9053 Teufen&nbsp;<br>+41 71 333 27 55<br>teufen@breitenmoser-metzgerei.ch<br><br>Gais<br>Dorfplatz 14<br>9056 Gais<br>+41 71 790 04 26<br>gais@breitenmoser-metzgerei.ch<br><br>Appenzell<br>Spar Frischmarkt<br>Unteres Ziel<br>9050 Appenzell<br>+41 71 780 08 01<br>appenzell@breitenmoser-metzgerei.ch<br><br>GenussEcke (ab 1. Mai)<br>Hauptgasse 13<br>9050 Appenzell<br>+41 71 788 09 70<br>genussecke@breitenmoser-metzgerei.ch<br><br>Rorschacherberg<br>Rosenegg<br>Goldacherstrasse 105<br>9404 Rorschacherberg<br>+41 71 855 31 11<br>rorschacherberg@breitenmoser-metzgerei.ch</p>", "url": "http://www.breitenmoser-metzgerei.ch/", "image": "https://ostpimtsoch.sos-ch-dk-2.exoscale-cdn.com/catalog/4/3/5/c/435c3afa38e9e5707550c7408ae3e4f7663c1de7_4687ab3addc354286f6f18dc52da807b.jpg", "openstreetmap_id": "node/11240658635"}, "geometry": {"type": "Point", "coordinates": ["9.4281642", "47.3203495"]}}, {"type": "Feature", "properties": {"identifier": "3ceabd8f-2872-4a51-bdb4-2e888f59ee9b", "name": "Kunsthalle Arbon", "description": "Mit dem \u00fcber die letzten Jahre gesch\u00e4rften Profil f\u00fcr experimentelle, installative Kunst in der charaktervollen Halle nimmt die Kunsthalle Arbon eine einzigartige Rolle unter den Ausstellungsr\u00e4umen in der Schweiz wahr.\n\nDie Ausstellungen wollen nicht das etabliert-museale Kunstverst\u00e4ndnis vermitteln, sondern dessen Weiterentwicklung und Erweiterung, wo Kunst Widerspruch, Irritation und Wagnis, nicht Best\u00e4tigung ist.\n\nDie Ausstellungen in der Kunsthalle Arbon sollen \u00fcberraschen und die Kunst einem breiten, vielschichtigen Publikum als besonderes Erlebnis und als Mehrwert erfahrbar machen. Die qualitativ hochstehende Kunst jenseits des Mainstreams will zudem auch dem Fachpublikum einen Ausflug in die Region lohnend machen.\n\nDer Eintritt in die Ausstellungen der Kunsthalle Arbon ist frei.", "url": "http://www.kunsthallearbon.ch/", "image": "https://ostpimtsoch.sos-ch-dk-2.exoscale-cdn.com/catalog/5/4/c/e/54ceed8248a9d2ecae0d48ad7ba261f3137cd46a_35d15bec9bffad58d6266dce868f44b7.jpg", "openstreetmap_id": "way/258506399"}, "geometry": {"type": "Point", "coordinates": ["9.43403513194969", "47.51791455"]}}, {"type": "Feature", "properties": {"identifier": "3dc6b5d7-e7e3-4e6c-a928-60ab75583220", "name": "Rent a Bike AG", "description": "Miete jetzt dein E-Bike f\u00fcr eine abenteuerliche Radtour durch die Ferienregion Heidiland.", "url": "https://www.rentabike.ch/home", "image": "https://ostpimtsoch.sos-ch-dk-2.exoscale-cdn.com/catalog/1/8/c/7/18c74e7cc9eb3c8f2a5cadb4620731b7a906fc26_e12b2e97dbd5526b2651c4ee13a34a84.jpg", "openstreetmap_id": "node/1333665650"}, "geometry": {"type": "Point", "coordinates": ["9.4453692", "47.0453859"]}}, {"type": "Feature", "properties": {"identifier": "3e3bdd75-7f88-44bb-be5e-faf6ea22b89f", "name": "Standseilbahn Unterwasser \u2013 Iltios", "description": "<p>Im Sommer wie im Winter bringt die traditionelle Standseilbahn die G\u00e4ste von Unterwasser auf den Iltios, 1350 m \u00fc. M. Die Bahn ist Kinderwagen- und Rollstuhlg\u00e4ngig. Der Iltios ist Knotenpunkt von verschiedenen Wanderwegen und Pisten. Hier befindet sich ausserdem das Bergrestaurant Iltios mit der eindr\u00fccklichen Aussicht auf die Churfirsten und den Alpstein. Ebenfalls auf dem Iltios kann der Gast auf die Luftseilbahn wechseln und bis zum Gipfel aufsteigen.</p><p>\u00a0</p><p>Auskunft zur Zug\u00e4nglichkeit: <a href=\"https://www.ginto.guide/entries/26951e57-9583-4760-bdad-e47b3559f3d7?lnk_src=business\" target=\"_blank\" rel=\"noopener\">ginto</a></p>", "url": "https://www.chaeserrugg.ch/de", "image": "https://ostpimtsoch.sos-ch-dk-2.exoscale-cdn.com/catalog/1/5/1/f/151f750fa61f32111fbc10bcc0a4792201b38dad_da2a6085609104f26b23d96e3c82b86b.jpeg", "openstreetmap_id": "node/207468830"}, "geometry": {"type": "Point", "coordinates": ["9.308714", "47.194626"]}}, {"type": "Feature", "properties": {"identifier": "3e4532fe-74a7-4529-ba13-e67b1fa66a6e", "name": "Schlitteln Iltios", "description": "Die 3.4 km lange Strecke ist f\u00fcr Anf\u00e4nger und erfahrene Schlittler geeignet, die Einzel oder in der Gruppe zu Tale brausen.\u00a0Bequeme oder sportliche Schlitten stehen Ihnen bei der Bergstation Iltios zur Miete zur Verf\u00fcgung.\u00a0Bahnticket inkl. Schlittenvermietung bei der Talstation Unterwasser erh\u00e4ltlich. Nehmen Sie Ihren Schlitten auf dem Iltios in Empfang und geben Sie ihn bei der Talstation Unterwasser zur\u00fcck.", "url": "http://www.ch\u00e4serrugg.ch", "image": "https://ostpimtsoch.sos-ch-dk-2.exoscale-cdn.com/catalog/6/7/5/5/6755a1c1ea8e81ab9b49e73f337a75a3740db82f_85ef59b3b2c8ae975365ef7be71d2b86.jpg", "openstreetmap_id": "node/243721697"}, "geometry": {"type": "Point", "coordinates": ["9.31254", "47.18516"]}}, {"type": "Feature", "properties": {"identifier": "3f11830d-a224-4365-a4a5-e0fcd9196ee3", "name": "1001 Freizeit Arena", "description": "Die 1001 Freizeit Arena pr\u00e4sentiert nicht nur 10 topmoderne Bowlingbahnen, sondern auch eine grossz\u00fcgige Tennis- und Badmintonhalle. F\u00fcr Liebhaber von Billard, Snooker und Dart gibt es hier ebenso ein vielf\u00e4ltiges Angebot.\n\nEin einzigartiges und actiongeladenes Spielerlebnis erwartet die G\u00e4ste in der 1001-Virtual Arena. Dank modernster Wireless-VR-Technologie kann die aufregende Welt des Free-Roam Virtual Gaming in voller Bewegungsfreiheit erkundet werden.\n\nDas moderne Spielparadies f\u00fcr Kinder begeistert mit erlebnisreichen Spielger\u00e4ten und Attraktionen wie Rutschen, Riesentrampolin, Kletterlabyrinth, Ballgruben, uvm. Langeweile ist bei diesem bunten und vielf\u00e4ltigen Angebot f\u00fcr Kinder jeden Alters ausgeschlossen.\n\nIn den hauseigenen Event-Restaurants, die besonders bei geselligen Firmen-, Vereins- oder Gruppenanl\u00e4ssen beliebt sind, werden verschiedene Plauschangebote wie Raclette- oder Pizzaplausch angeboten. Die Event-Restaurants bieten sich auch optimal f\u00fcr Kindergeburtstage an.", "url": "http://www.sport1001.ch/", "image": "https://ostpimtsoch.sos-ch-dk-2.exoscale-cdn.com/catalog/a/4/3/d/a43d5e1053295334240db778225991932ba34076_d8a6dd2469b62dadb6c662a32a14b05b.jpg", "openstreetmap_id": "3595906777.0"}, "geometry": {"type": "Point", "coordinates": ["9.28957", "47.54096"]}}, {"type": "Feature", "properties": {"identifier": "3f2378b0-4e73-4dd1-93c9-54a75f005b33", "name": "Gut Goldschmied", "description": "<p>1927 legte der Goldschmied Fritz Gut senior in St. Gallen den Grundstein f&uuml;r ein leistungsf&auml;higes Fachgesch&auml;ft mit eigenem Goldschmiede- und Uhrmacheratelier.</p><p>Schmuckkreationen mit Diamanten, Farbedelsteinen und edel schimmernden Kulturperlen sind die Spezialit&auml;ten des Hauses.</p>", "url": "http://www.gut-goldschmied.ch/", "image": "https://ostpimtsoch.sos-ch-dk-2.exoscale-cdn.com/catalog/2/4/1/5/24155d0b57eb8f02b0967c09c719b786ad187fc1_962e17b5e73b1c912a65cf192c026d1c.JPG", "openstreetmap_id": "way/310025495"}, "geometry": {"type": "Point", "coordinates": ["9.37641629999996", "47.42582880000001"]}}, {"type": "Feature", "properties": {"identifier": "3f47a958-270b-433e-8a28-063d5ea9f9cf", "name": "swissvid\u00ae Videoproduktion \u2013 Begleitung f\u00fcr Gruppenreisen", "description": "<p>swissvid&reg; bietet hochwertige Video- und Fotoproduktionen wie Reisevideos, Erinnerungen an Events oder Vlog-Produktionen, die besondere Erlebnisse in bleibende Erinnerungen verwandeln. Reisegruppen und Privatpersonen werden dabei diskret und authentisch auf ihren Reisen begleitet, w&auml;hrend emotionale Momente und einzigartige Eindr&uuml;cke festgehalten werden.</p><p>Dar&uuml;ber hinaus realisiert swissvid&reg; wirkungsvolle Imagefilme und visuelle Inhalte f&uuml;r touristische Betriebe &ndash; von Hotels &uuml;ber Destinationen bis hin zu Erlebnisanbietern.</p><p>Sichere deine pers&ouml;nliche Erinnerung oder pr&auml;sentiere dein Angebot professionell &ndash; swissvid&reg; freut sich deine Anfrage.&nbsp;</p>", "url": "https://swissvid.ch", "image": "https://ostpimtsoch.sos-ch-dk-2.exoscale-cdn.com/catalog/2/e/e/a/2eea23f871fbb08826ea969476e8bc2378d94240_86176c90d5f2a89f61dc4e80f29ce981.JPG", "openstreetmap_id": "way/441910319"}, "geometry": {"type": "Point", "coordinates": ["9.3290721", "47.5915626"]}}, {"type": "Feature", "properties": {"identifier": "3fd05dc9-34c3-44cf-b38d-a66226602324", "name": "Freibad Heiden", "description": "Das Schwimmbad bietet ein Sportbecken, ein Sprungbecken mit Sprunganlage, ein Nichtschwimmerbecken und ein Kinderplanschbecken mit Rutschbahn und Spielbach. F\u00fcr Kinder hat es zudem eine Spielwiese mit Sandkasten, Kinderschaukeln und Kletterturm. Die G\u00e4ste k\u00f6nnen sich durch das Beachvolleyballfeld, den Bouleplatz, die Slackline, den Tischtennis- und den Tischfussballtisch auch ausserhalb des Wassers sportlich bet\u00e4tigen. Das Restaurant und der Kiosk ist auch ohne Eintritt zug\u00e4nglich.", "url": "http://www.badi-heiden.ch", "image": "https://ostpimtsoch.sos-ch-dk-2.exoscale-cdn.com/catalog/8/d/0/a/8d0adf59867efdc8eb10e85f828085eb2ee9f984_d02feb9242395c011c5c49e3e07489b4.jpg", "openstreetmap_id": "286054645"}, "geometry": {"type": "Point", "coordinates": ["9.535036", "47.442243"]}}, {"type": "Feature", "properties": {"identifier": "3fe2012c-a346-4a1a-9b0a-362b22bd0cb2", "name": "Thermalbad Valens", "description": "Das nat\u00fcrliche Thermalwasser aus der bekannten Quelle in der Taminaschlucht gibt dem K\u00f6rper Auftrieb. Es tritt mit 36,5\u02da Grad aus den Tiefen der Erde ans Licht und gelangt \u00fcber eine Pipeline nach Valens, wo es ins Thermalbadbecken eingespeist wird. Entspannen Sie im Thermalwasser \u2013 auf Sprudelliegen, einer Sitzbank, an Massaged\u00fcsen und Nackend\u00fcsen. Kinder jeden Alters sind herzlich willkommen.", "url": "https://www.thermalbad-valens.ch/", "image": "https://ostpimtsoch.sos-ch-dk-2.exoscale-cdn.com/catalog/8/1/5/c/815cee8a51a257cbc18fb978478c967254a5a81a_57cd9fbfe7dcdce3188d9e7172d092c6.jpg", "openstreetmap_id": "way/330819562"}, "geometry": {"type": "Point", "coordinates": ["9.48225259780884", "46.969271779259"]}}, {"type": "Feature", "properties": {"identifier": "40639653-2190-4433-8243-2c27ee014627", "name": "Porzellan Design Denise Sigrist", "description": "Neugierde und die Lust am experimentieren treiben mich an. Zeitlose Formen die jeden Tag aufs Neue begeistern, das zeichnet meine Arbeiten aus. Ich entwerfe und produziere in meinem Atelier in Schaffhausen, Porzellan Design f\u00fcr den Alltag und den t\u00e4glichen Gebrauch. Dem Material gerecht werdend, sind alle Objekte naturbelassen. Aussen geschliffen und inwendig glasiert. Auf Anfrage organisiere ich Team und Gruppen Workshops. Genaue Infos dazu finden Sie auf der Homepage.", "url": "https://www.denisesigrist.com", "image": "https://ostpimtsoch.sos-ch-dk-2.exoscale-cdn.com/catalog/c/1/b/d/c1bdea755b9d759d45c6eb2b871d9524db44b321_c2e04b618e1689ada7be40a226c3008d.jpg", "openstreetmap_id": "way/254426840"}, "geometry": {"type": "Point", "coordinates": ["8.64330053329468", "47.7077618089832"]}}, {"type": "Feature", "properties": {"identifier": "426ad62e-bd39-4f3a-bc2a-840e3d843843", "name": "Rattin AG", "description": "<p>Familientradition ist die Basis der Rattin AG. Wir sind in der Region Schaffhausen das f\u00fchrende Carreiseunternehmen und schon seit \u00fcber 95 Jahren ein verl\u00e4sslicher Partner.</p><p>Sie sind in der Region Schaffhausen auf der Suche nach einer flexiblen Transportm\u00f6glichkeit? Verlangen Sie eine unverbindliche Offerte f\u00fcr komfortable und zuverl\u00e4ssige Transferfahrten oder kommen Sie mit auf unsere abwechslungsreichen Tages- und Mehrtagesausfl\u00fcge. Wir beraten Sie gerne!</p>", "url": "https://www.rattin.ch/", "image": "https://ostpimtsoch.sos-ch-dk-2.exoscale-cdn.com/catalog/4/1/6/e/416e2a00f0a8bf355b961cd5a66a77c6515607f8_cc2f6a551c6787bb4c8b7fe30abaa55a.jpg", "openstreetmap_id": "way/257264490"}, "geometry": {"type": "Point", "coordinates": ["8.59975904278837", "47.67523065"]}}, {"type": "Feature", "properties": {"identifier": "42a9cd6c-0154-4b68-8ea2-e041225f38e2", "name": "Hannibal Uhren und Schmuck", "description": "Neben dem Verkauf von Uhren und Schmuck f\u00fchren wir auch ein Uhrmacheratelier und bieten jegliche Reparaturen von Armband-, Taschen- und Grossuhren an. Wer uns schon kennt, weiss: Wir haben immer Zeit f\u00fcr Sie. In unbeschr\u00e4nktem Masse. So, wie wir auch immer f\u00fcr Sie da sind. F\u00fcr Sie da zu sein und Zeit zu haben sind unsere beiden wichtigsten Maximen. Wahrscheinlich entsprechen wir damit nicht den allgemeinen Management-Erwartungen. Aber als klassischer Familienbetrieb k\u00f6nnen wir dies in Kauf nehmen. Uns kann niemand unsere Zeit vorschreiben. Sie ist ausschliesslich f\u00fcr Sie reserviert.", "url": "http://www.hannibal-watches.com/", "image": "https://ostpimtsoch.sos-ch-dk-2.exoscale-cdn.com/catalog/1/7/1/b/171b49620d9d556f81c87b1404c491cb2cdad1f1_8d1d81360937e2a96bb84ecf53e297a3.jpg", "openstreetmap_id": "node/2288062592"}, "geometry": {"type": "Point", "coordinates": ["8.6326416", "47.6973807"]}}, {"type": "Feature", "properties": {"identifier": "438a7322-528b-4a99-9dd1-59a895e19a17", "name": "B\u00fccherpause", "description": "Die \u00abB\u00fccherpause\u00bb ist Wellness f\u00fcr die Seele, bietet ein kuscheliges Schlechtwetterprogramm und literarische Gipfelfl\u00fcge f\u00fcr die ganze Familie. \n\nSie ist eine gem\u00fctliche kleine Stube mitten in Unterwasser, bis zur Decke gef\u00fcllt mit sch\u00f6nen B\u00fcchern, haupts\u00e4chlich Bilderb\u00fcchern. Gross und Klein sind hier willkommen, zusammen oder ganz f\u00fcr sich B\u00fccher-Sch\u00e4tze zu entdecken. \nEin B\u00fcchertauschregal bietet Erwachsenen Nachschub, wenn der Lesestoff ausgegangen ist. \n\nDie B\u00fccherpause bringt Vertrauen entgegen und schafft Vertrauen. Sie ist Rund um die Uhr ge\u00f6ffnet. Der Schl\u00fcssel liegt im Milchkasten.", "url": "https://buecherpause.ch", "image": "https://ostpimtsoch.sos-ch-dk-2.exoscale-cdn.com/catalog/1/a/7/a/1a7a9ef7263652b683b53599ac8472fa8455a305_e6d780441be983b573dee4a2d040f736.jpg", "openstreetmap_id": "node/12098549382"}, "geometry": {"type": "Point", "coordinates": ["9.310049053589697", "47.1970153"]}}, {"type": "Feature", "properties": {"identifier": "439488c8-e14b-4bda-9b38-52145a44d9ca", "name": "Fonduerucksack K\u00fcndig Feinkost AG", "description": "<p class=\"MsoNormal\"><span class=\"text-space-pre-line rich-text-text\" data-abstract-init=\"body text\" style=\"\">Die Genussregion St.Gallen-Bodensee wartet mit sch\u00f6nen Pl\u00e4tzen und Aussichtspunkten auf. Der Fonduerucksack beinhaltet alles, was das Herz begehrt \u2013 von der leckeren Fondue-Hausmischung der K\u00fcndig Feinkost AG mit Brot, \u00fcber den s\u00fcffigen Weisswein bis zu s\u00e4mtlichem Zubeh\u00f6r und sch\u00f6ner Tischdecke. Der Fonduerucksack ist f\u00fcr 2 oder 4 Personen buchbar. Weitere Spezialit\u00e4ten k\u00f6nnen direkt vor Ort in den 2 Filialen (St.Gallen &amp; Rorschach) bei K\u00fcndig Feinkost bezogen werden. Zwischen </span><span class=\"text-space-pre-line font-weight-bold rich-text-text\" data-abstract-init=\"body text\" style=\"\">November bis Januar</span><span class=\"text-space-pre-line rich-text-text\" data-abstract-init=\"body text\" style=\"\"> bietet K\u00fcndig Feinkost neben dem klassischen Fondue auch eine Variante mit Tr\u00fcffel an. Diese kann direkt bei der Buchung ausgew\u00e4hlt werden (unter \u00abTickettyp\u00bb&nbsp;seht Ihr die beiden Varianten \u00abFondue Klassisch\u00bb&nbsp;und \u00abFondue Tr\u00fcffel\u00bb).</span></p><p data-v-ea7a0822=\"\" class=\"rich-text-paragraph\" piano-view-event=\"false\" style=\"margin-bottom: 1rem;\"><span class=\"text-space-pre-line font-weight-bold rich-text-text\" data-abstract-init=\"body text\" style=\"white-space-collapse: preserve-breaks; font-weight: 700 !important;\">So funktioniert's:</span></p><p data-v-ea7a0822=\"\" class=\"rich-text-paragraph\" piano-view-event=\"false\" style=\"margin-bottom: 1rem;\"><span class=\"text-space-pre-line font-weight-bold rich-text-text\" data-abstract-init=\"body text\" style=\"white-space-collapse: preserve-breaks; font-weight: 700 !important;\"></span></p><p style=\"list-style-type: none; margin-bottom: 0.25rem; padding-left: 2.375rem; position: relative;\"><span class=\"text-space-pre-line rich-text-text\" data-abstract-init=\"body text\" style=\"\">Beziehe den Fonduerucksack w\u00e4hrend den&nbsp;</span><a class=\"rich-text-hyperlink\" href=\"https://kuendigfeinkost.ch/standorte/\" target=\"_blank\" data-abstract-init=\"action link\" style=\"transition: color 0.2s; word-break: break-word;\">\u00d6ffnungszeiten</a><span class=\"text-space-pre-line rich-text-text\" data-abstract-init=\"body text\" style=\"\">&nbsp;am gebuchten Standort&nbsp;der&nbsp;K\u00fcndig Feinkost AG.</span></p><p style=\"list-style-type: none; margin-bottom: 0.25rem; padding-left: 2.375rem; position: relative;\"><span class=\"text-space-pre-line rich-text-text\" data-abstract-init=\"body text\" style=\"white-space-collapse: preserve-breaks;\">Suche dir sich einen gem\u00fctlichen Ort im Freien, bereite das Fondue zu (eine Anleitung dazu finden Sie im Rucksack) und geniesse das leckere Fondue.</span></p><p style=\"list-style-type: none; margin-bottom: 0.25rem; padding-left: 2.375rem; position: relative;\"><span class=\"text-space-pre-line rich-text-text\" data-abstract-init=\"body text\" style=\"white-space-collapse: preserve-breaks;\">Retourniere anschliessend den Rucksack inklusive dem schmutzigen Geschirr und Abfall w\u00e4hrend den \u00d6ffnungszeiten&nbsp;bei der K\u00fcndig Feinkost AG.&nbsp;</span></p><p style=\"list-style-type: none; margin-bottom: 0.25rem; padding-left: 2.375rem; position: relative;\"><span class=\"text-space-pre-line rich-text-text\" data-abstract-init=\"body text\" style=\"white-space-collapse: preserve-breaks;\"><br></span>Standorte:</p><ul data-v-ea7a0822=\"\" class=\"rich-text-unordered-list\" piano-view-event=\"false\" style=\"margin-bottom: 1rem;\"><span class=\"text-space-pre-line rich-text-text\" data-abstract-init=\"body text\" style=\"\">\n</span><li class=\"rich-text-list-item\" style=\"list-style-type: none; margin-bottom: 0.25rem; padding-left: 2.375rem; position: relative;\"><span class=\"text-space-pre-line rich-text-text\" data-abstract-init=\"body text\" style=\"\">K\u00fcndig Feinkost AG, Webergasse 19, 9000 St.Gallen, Telefonnummer: +41 71 841 17 75</span></li><span class=\"text-space-pre-line rich-text-text\" data-abstract-init=\"body text\" style=\"\">\n</span><li class=\"rich-text-list-item\" style=\"list-style-type: none; margin-bottom: 0.25rem; padding-left: 2.375rem; position: relative;\"><span class=\"text-space-pre-line rich-text-text\" data-abstract-init=\"body text\" style=\"\">K\u00fcndig Feinkost AG, Am Marktplatz 6, 9400 Rorschach, Telefonnummer: +41 71 841 17 75</span></li><li class=\"rich-text-list-item\" style=\"list-style-type: none; margin-bottom: 0.25rem; padding-left: 2.375rem; position: relative;\"><span class=\"text-space-pre-line rich-text-text\" data-abstract-init=\"body text\" style=\"\"><br></span></li></ul><p class=\"MsoNormal\"><b>Bedingungen</b></p><p class=\"MsoNormal\">Vor Ort ist ein Pfand von CHF 50.\u2013 zu bezahlen. Nach\nMaterialr\u00fcckgabe wird das Pfand zur\u00fcckerstattet.<o:p></o:p></p><p class=\"MsoNormal\"><b>Inkludierte Leistungen<o:p></o:p></b></p><ul style=\"margin-top:0cm\" type=\"disc\">\n <li class=\"MsoNormal\">Fonduemischung<o:p></o:p></li>\n <li class=\"MsoNormal\">Caquelon\n     und R\u00e9chaud<o:p></o:p></li>\n <li class=\"MsoNormal\">Brot\n     und Weisswein<o:p></o:p></li>\n <li class=\"MsoNormal\">Tischdecke,\n     Gabeln und Gl\u00e4ser<o:p></o:p></li>\n <li class=\"MsoNormal\">Gebrauchsanleitung</li>\n</ul><p class=\"MsoNormal\"><b><br></b></p><p class=\"MsoNormal\"><br></p>", "url": "https://kuendigfeinkost.ch", "image": "https://ostpimtsoch.sos-ch-dk-2.exoscale-cdn.com/catalog/6/4/5/0/64505becddbd31f06c524129b50e132ab34be404_bb824540c500d2d163f4987c671ee70d.jpg", "openstreetmap_id": "node/4092655390"}, "geometry": {"type": "Point", "coordinates": ["9.3752516", "47.4228622"]}}, {"type": "Feature", "properties": {"identifier": "450f04be-6022-4684-8e8d-7ec6d5eb99c8", "name": "Kanuschule Bodensee \u2013 Kanu- und SUP-Erlebnisse", "description": "<p class=\"isSelectedEnd\">Mit der Kanuschule Bodensee entdecken G&auml;ste die Faszination des Paddelns in Arbon: Interessierte profitieren von einer Vielzahl an Kursen &ndash; vom Seekajak &uuml;ber Surfski bis hin zu spezialisierten Techniktrainings. Als f&uuml;hrendes Testzentrum f&uuml;r Epic-, Nelo-, Tiderace- und die faltbaren Oru Kayaks bietet die Kanuschule Bodensee h&ouml;chste Qualit&auml;t und neuste Innovationen im Paddelsport. Das Angebot richtet sich sowohl an Einzelpersonen als auch an Gruppen, inklusive Firmenausfl&uuml;gen und Teambuilding-Events mit Grosskanadiern.</p><p>Der Wassersport-Shop h&auml;lt alles bereit, was f&uuml;r ein Paddelabenteuer ben&ouml;tigt wird. Hier gibt es nicht nur die perfekte Ausr&uuml;stung, sondern auch ein Team, das seine Leidenschaft f&uuml;r den Wassersport teilt. Interessierte erleben den Bodensee von seiner sch&ouml;nsten Seite &ndash; auf dem Wasser, gest&auml;rkt durch Sport und umgeben von Natur. Die Kanuschule Bodensee sorgt f&uuml;r unvergessliche Paddelerlebnisse.</p>", "url": "http://www.kanuschule-bodensee.ch/", "image": "https://ostpimtsoch.sos-ch-dk-2.exoscale-cdn.com/catalog/6/b/9/6/6b965eef3d4ed87eb4f3b3837d5b14f2fc768c50_e0857ad3820a7baecf3a30071112be7b.jpeg", "openstreetmap_id": "way/259196140"}, "geometry": {"type": "Point", "coordinates": ["9.419058233648066", "47.525958200000005"]}}, {"type": "Feature", "properties": {"identifier": "45367905-96b6-4de2-a488-a8625be3631f", "name": "16/04 \u2013 Kleider nach Mass", "description": "<p class=\"MsoPlainText\">Willkommen bei 16/04 - Kleider nach Mass und Boutique im Zentrum von St.Gallen</p>\n<p class=\"MsoPlainText\">Sinan Netzer schneidert Kleidungsst&uuml;cke nach Mass - sei es ein klassischer Blazer, ein Hemd oder einen ganzen Anzug f&uuml;r den Herrn, einen Mantel, einen Jupe oder eine Bluse f&uuml;r eine Dame.&nbsp;</p>\n<p class=\"MsoPlainText\">Neben Massbekleidung k&ouml;nnen auch Kleidungsst&uuml;cke ge&auml;ndert, angepasst oder repariert werden.&nbsp;</p>\n<p class=\"MsoPlainText\">In der Boutique findet der Mann mit Stil, Klasse und Einzigartigkeit moderne sowie klassische italienische Mode und Accessoires wie H&uuml;te, G&uuml;rtel, Manschetten, Einsteckt&uuml;cher usw.</p>\n<p class=\"MsoPlainText\">Sinan Netzer ber&auml;t seine Kunden pers&ouml;nlich, stilvoll, qualit&auml;tsbewusst und charmant und verbindet Handwerkskunst mit Eleganz.</p>\n<p class=\"MsoPlainText\">&nbsp;</p>", "url": "https://1604.ch", "image": "https://ostpimtsoch.sos-ch-dk-2.exoscale-cdn.com/catalog/6/3/b/b/63bb515187927082480012962a1f5c86dcd824d9_c58f572ecedc056d99319fe9c5bc455f.jpg", "openstreetmap_id": "way/404575354"}, "geometry": {"type": "Point", "coordinates": ["9.3769694", "47.4277515"]}}, {"type": "Feature", "properties": {"identifier": "4583ebef-8192-4636-ae91-774cbbf432ab", "name": "Bio Pasta Bonetti ", "description": "Unsere Teigwaren werden \u00fcberwiegend von Hand verarbeitet, um alles Wertvolle, welches die Zutaten in sich tragen, zu erhalten. So entstehen kleine Kostbarkeiten die zu 100% unseren strengen Qualit\u00e4tskriterien entsprechen.\nNeben dem Kauf von Bio-Produkten bieten wir ebenfalls verschiedene Kochkurse an, bei welchen man die \"Pasta tradizionale fatta a mano\" erlernen kann.", "url": "https://www.biopastabonetti.ch/de/", "image": "https://ostpimtsoch.sos-ch-dk-2.exoscale-cdn.com/catalog/6/0/9/2/6092e24b9c57a5bfb2930257eb1a513aa21b6dc2_031516b616c92e2b17a7f250756a97f0.JPG", "openstreetmap_id": "way/34872333"}, "geometry": {"type": "Point", "coordinates": ["9.506086707115175", "47.011275126535345"]}}, {"type": "Feature", "properties": {"identifier": "46a9151a-e2ad-4306-a170-df585a18fc07", "name": "Hallenbad & Sauna Flumserberg", "description": "<div>Das Hallenbad &amp; Sauna Flumserberg verbindet sportliche Aktivit&auml;t mit entspannender Erholung. Im 25\u202fm-Sportbecken (4 Bahnen, Wassertiefe 1,30&ndash;2,30\u202fm, ca. 28,5\u202f&deg;C) erwarten dich Schwimmm&ouml;glichkeiten f&uuml;r SportlerInnen.</div><div>&nbsp;</div><div>Das separate Kinderbecken (10\u202f&times;\u202f6\u202fm, 0,80&ndash;1,30\u202fm, ca. 29\u202f&deg;C) mit Rutschbahn und Tarzan-Kletterger&uuml;st bietet Spiel und Abenteuer f&uuml;r die Kleinen. Abgerundet wird das Angebot durch Tischfussball und einen gem&uuml;tlichen Snackbereich mit Liegest&uuml;hlen.&nbsp;</div><div>&nbsp;</div><div>In der warmen Jahreszeit l&auml;dt die Liegewiese mit Panoramaausblick zur Entspannung im Freien ein. Danach entspannst du dich in der gemischten finnischen Sauna (ca. 80\u202f&deg;C) oder im Dampfbad (ca. 41\u202f&deg;C) mit Duschen und Kaltwasserbecken.</div><div>&nbsp;</div><div>Jahreskarten gelten nur f&uuml;rs Bad &ndash; der Saunabesuch wird separat verrechnet.</div>", "url": "https://hallenbad-flumserberg.ch", "image": "https://ostpimtsoch.sos-ch-dk-2.exoscale-cdn.com/catalog/1/b/e/4/1be46c9ac867433d884fa788b561d61a10368deb_7a9c454728e9437915d80d20f34e7b11.jpg", "openstreetmap_id": "way/325407882"}, "geometry": {"type": "Point", "coordinates": ["9.29644342968039", "47.08968865"]}}, {"type": "Feature", "properties": {"identifier": "470491d1-7e6a-43e3-9bad-4ac098a27704", "name": "Tamina Health Center", "description": "Im Tamina Health Center des Grand Resort Bad Ragaz erwartet Sie ein umfassendes Angebot an medizinischen, therapeutischen und pr\u00e4ventiven Leistungen \u2013 von Physiotherapie, Ern\u00e4hrungsberatung und Personal Training bis hin zu Kuraufenthalten, moderner Diagnostik und Longevity. Unser interdisziplin\u00e4res Expertenteam begleitet Sie pers\u00f6nlich und auf h\u00f6chstem Niveau \u2013 f\u00fcr mehr Gesundheit, neue Energie und sp\u00fcrbare Lebensqualit\u00e4t.", "url": "https://www.resortragaz.ch/de/tamina-health", "image": "https://ostpimtsoch.sos-ch-dk-2.exoscale-cdn.com/catalog/4/8/9/f/489fbc5272c640d54d8dbcb8f7b8997f6799d507_bc242a425ce957dd8183fe36a286cf82.jpg", "openstreetmap_id": "way/332307795"}, "geometry": {"type": "Point", "coordinates": ["9.5031579", "46.9994873"]}}, {"type": "Feature", "properties": {"identifier": "4a5e8ad9-280b-4e51-a6aa-f609148c8e3f", "name": "Einkaufszentrum Pizolpark", "description": "Einkaufserlebnis f\u00fcr die ganze Familie: zahlreiche Gesch\u00e4fte, Kinderbetreuung und mehr. Praktisch f\u00fcr alles!", "url": "https://www.pizolpark.ch/", "image": "https://ostpimtsoch.sos-ch-dk-2.exoscale-cdn.com/catalog/f/9/d/f/f9df3259dbb47d747eccc00bf10c2ebc994276a1_93a5bf7a98345b0e88cc95314daeb6f2.jpg", "openstreetmap_id": "way/205033632"}, "geometry": {"type": "Point", "coordinates": ["9.431283311961572", "47.04203835"]}}, {"type": "Feature", "properties": {"identifier": "4ad82b3e-5a69-4efb-86bd-029ffc28a92b", "name": "BikerShop Flumserberg", "description": "Direkt an der Talstation im Tannenheim am Flumserberg erwartet Sie neben einem breiten Verkaufssortiment, die topmoderne Verleihstation der Marken BiXS, NS Bikes und iXS. Der BikerShop Flumserberg vermietet die Bikemodelle aus den Bereichen Enduro, Downhill und Kids der Marken BiXS und NS Bikes und f\u00fchrt zudem Reparaturarbeiten durch. Ebenfalls r\u00fcstet er Sie mit den gew\u00fcnschten iXS Protektoren und weiterer notwendiger Ausr\u00fcstung aus, damit einer rasanten Abfahrt auf den BikerTrails nichts mehr im Wege steht.", "url": "http://www.bikershop-flumserberg.ch", "image": "https://ostpimtsoch.sos-ch-dk-2.exoscale-cdn.com/catalog/6/0/9/2/6092e9c657b9d9fb14ea99d297e36e76483490a0_e8e31eb2687663e4af28f046d165997d.jpg", "openstreetmap_id": "way/325408045"}, "geometry": {"type": "Point", "coordinates": ["9.302447680513392", "47.08949005"]}}, {"type": "Feature", "properties": {"identifier": "4b78549d-c828-46e2-84f5-560c6e922c49", "name": "Tr\u00f6pfel \u2013 alkoholfreier Trinkgenuss", "description": "Als die Promillegrenze in der Schweiz gesenkt wurde, waren die Zeit, zwei Thurgauer Frauen und die Fr\u00fcchte reif f\u00fcr Tr\u00f6pfel! Patricia D\u00e4hler und Esther Schaefer kreierten ihren ersten alkoholfreien Schaumwein aus Ostschweizer Trauben und \u00c4pfeln. Dieser erhielt diverse Auszeichnungen. An den Erfolg kn\u00fcpften die Frauen mit drei weiteren Tr\u00f6pfeln, wie etwa dem Kingwer, leicht scharf, mit K\u00fcrbis und Schweizer Ingwer, sowie mit dem Paes an. Letzteres ist ein isotonisches Powergetr\u00e4nk in zwei Geschmacksrichtungen und perfekte Erfrischung nach sportlicher Aktivit\u00e4t. Der bisher letzte Coup der Tr\u00f6pfel-Erfinderinnen ist der Sansbulle, ein stilvoller Essensbegleiter zum Anstossen ohne Kohlens\u00e4ure und nat\u00fcrlich auch ohne Alkohol. Es gibt ihn in rot aus Regenttrauben, Haskap- und Aroniabeeren oder weiss mit Lavendel, Salbei, Quitten und weissen Traube. Auf dem Schweizer Regionalprodukte-Wettbewerb erhielt der Sansbulle die Goldmedaille. Mittlerweile werden j\u00e4hrlich \u00fcber 70\u2019000 Flaschen Tr\u00f6pfel-Getr\u00e4nke produziert und schweizweit vertrieben.", "url": "https://www.troepfel.ch/", "image": "https://ostpimtsoch.sos-ch-dk-2.exoscale-cdn.com/catalog/6/e/7/9/6e79ca14cd14aaebd984d661eda528d597c5d59d_99b902197add33377cce7e7e440db6fa.jpg", "openstreetmap_id": "7334276086.0"}, "geometry": {"type": "Point", "coordinates": ["8.934338300000036", "47.6495936"]}}, {"type": "Feature", "properties": {"identifier": "4c05ffaf-e859-4ed1-a367-3a48ba031ecc", "name": "Verrucano", "description": "Das Kultur- und Kongresshaus Verrucano Mels bietet den stilvollen Rahmen und umfassende moderne Serviceleistungen f\u00fcr die professionelle Durchf\u00fchrung einer Veranstaltung, fokussierter Meetings und produktiver Seminare. Das Verrucano Kultur- und Kongresshaus ist nicht nur Durchf\u00fchrungsort Ihres Banketts oder Seminars, sondern bei uns finden auch regelm\u00e4ssig \u00f6ffentliche Events statt. Verrucano steht auch f\u00fcr ein qualitativ hochstehendes gastronomisches Angebot. In diesem Bereich verlassen wir uns auf externe Profis. Dadurch kommen Sie in den Genuss eines hochstehende und flexiblen Cateringangebots, stets frisch und \u00fcberzeugend.", "url": "https://www.verrucano.ch/", "image": "https://ostpimtsoch.sos-ch-dk-2.exoscale-cdn.com/catalog/1/3/6/d/136d8119b804b36691b40591f17dd93c69ad11b1_d153f0443979114def31f7f4e5d8d4ba.jpg", "openstreetmap_id": "way/962287530"}, "geometry": {"type": "Point", "coordinates": ["9.4201443", "47.0465914"]}}, {"type": "Feature", "properties": {"identifier": "4d67d69e-667b-481d-a06c-0ab5a8e37421", "name": "Urban Golf Neuhausen", "description": "Der erste Urban Golf Parcours in der Region ist er\u00f6ffnet! Die Abschlagl\u00f6cher der lustigen Variante des klassischen Golfs f\u00fchren die Teilnehmenden quer durch den Ort, vom historischen SIG-Areal vorbei an der wundersch\u00f6nen Aussicht auf den Rheinfall \u00fcber die Burgunwiese zur\u00fcck ins Zentrum Neuhausens. Das Ziel: den Ball mit m\u00f6glichst wenig Schl\u00e4gen zum n\u00e4chsten Abschlagpunkt zu spielen. \nSchnappen Sie sich Ihre Freunde, melden Sie sich unter <a href=\"https://ortsmarketing-nh.ch/urban-golf/\">www.urbangolf-neuhausen.ch</a> an und los geht's! Die Materialausgabe befindet sich bei c<span data-teams=\"true\">offee &amp; ice lounge (Cascada Ice Factory)</span>.", "url": "https://ortsmarketing-nh.ch/urban-golf/", "image": "https://ostpimtsoch.sos-ch-dk-2.exoscale-cdn.com/catalog/7/1/3/2/713214dd1c74f4b13cf7d6a0392bb475ea94d1fc_5a2c5602739c613ab3a534fc1bbd64e4.jpg", "openstreetmap_id": "way/1051446474"}, "geometry": {"type": "Point", "coordinates": ["8.618667125701906", "47.67935235863461"]}}, {"type": "Feature", "properties": {"identifier": "4d68d365-8807-4108-9653-d051d168e922", "name": "Schweizer Langlaufschule Toggenburg", "description": "Wir bieten Ihnen Langlaufkurse f\u00fcr Anf\u00e4nger, Wiedereinsteiger & Fortgeschrittene an. Wir zeichnen uns durch sehr gut ausgebildete & qualifizierte Langlauflehrer*innen aus. Bei uns k\u00f6nnen Sie Privatstunden, Familien- und Gruppenunterricht sowie Firmenevents buchen.  Ob in Alt St. Johann oder Wildhaus, am Tag oder auf der Nachtloipe bei uns finden Sie ihr massgeschneidertes Angebot.", "url": "https://www.loipen-toggenburg.ch", "image": "https://ostpimtsoch.sos-ch-dk-2.exoscale-cdn.com/catalog/a/e/4/f/ae4fb834063418b619e34a142896d1f29eb996ee_02819675294b31948ae8eef03e10f3f9.JPG", "openstreetmap_id": "node/222237424"}, "geometry": {"type": "Point", "coordinates": ["9.287188947200777", "47.1940772731022"]}}, {"type": "Feature", "properties": {"identifier": "4df62995-40ba-419e-bb9c-0fdc93afe8a3", "name": "Sauna am Walensee", "description": "Von Oktober bis April ladet die Sauna am See im sagiareal zur Erholung in bester Kulisse ein. \n\nDie kleine aber feine Outdoor-Sauna mit spektakul\u00e4rem Seeblick eignet sich f\u00fcr eine, zwei (liegend) oder max. sechs Personen (sitzend). Das zweist\u00fcndige Saunaerlebnis ist klimaneutral, denn es wird mit Murger Holz aus dem hauseigenen Wald befeuert.\n\nZwischen den Saunag\u00e4ngen kann man sich im See oder auf der privaten Terrasse abk\u00fchlen.\nEin Ruhezelt steht nebenan bereit.\n\nLegen Sie die Holzscheiten ein und geniessen Sie diese einzigartige Wellness-Attraktion am Walensee.", "url": "https://lofthotel.ch/wellness/", "image": "https://ostpimtsoch.sos-ch-dk-2.exoscale-cdn.com/catalog/2/7/5/4/27541d2e64c71a9a8e3e6752183ae9c814072861_c96911bcb1648078253c7e318b8ebe22.jpg", "openstreetmap_id": "node/418190201"}, "geometry": {"type": "Point", "coordinates": ["9.219401478767397", "47.113203668939285"]}}, {"type": "Feature", "properties": {"identifier": "4e1c97f9-16ef-4428-af9b-b4af2f85c143", "name": "INTERSPORT Network Flumserberg Filiale Tannenboden", "description": "Neben einer attraktiven Bekleidungsabteilung bietet die Filiale Tannenboden ein breites Verleihangebot an. Von aktueller Ski- und Snowboardausr\u00fcstung bis hin zu passendem Zubeh\u00f6r \u2013 hier finden Wintersportler:innen alles, was sie f\u00fcr einen perfekten Tag im Schnee ben\u00f6tigen. Mit dem Standort direkt bei der Talstation der 8er-Gondelbahn BergJet, ist die Filiale Tannenboden der ideale Ausgangspunkt f\u00fcr Ihre Wintersporterlebnisse am Flumserberg.\n\nUnser Angebot im Winter\n\u2022\tVerkauf: Ski, Textil, Accessoires & Zubeh\u00f6r\n\u2022\tVerleih: Ski & Snowboard inkl. Schuhe, Langlaufausr\u00fcstung, Winterbekleidung, Schneeschuhe, Helme, LVS & Skidepot\n\u2022\tDienstleistungen: Ski- & Snowboard-Service (Annahmestelle), Wachsen, BFU-Bindungskontrolle, Kantentuning & Kleinreparaturen", "url": "https://www.intersport-network.ch/filialen/tannenboden/", "image": "https://ostpimtsoch.sos-ch-dk-2.exoscale-cdn.com/catalog/8/5/a/9/85a911d963a92d33a646f2f9dd81af610c48197f_0e5cd230425b40ff67eb619ff4af4d27.jpg", "openstreetmap_id": "node/4727739995"}, "geometry": {"type": "Point", "coordinates": ["9.2805527", "47.0922871"]}}, {"type": "Feature", "properties": {"identifier": "4ea10477-3d85-4aaf-9d80-f5d7c0ca7f47", "name": "Riipark Strandbad", "description": "Strandbad mit einer grossen Badewiese direkt am Rhein und altem Baumbestand mit Kinderspielplatz, Kinderplanschbecken mit Sonnensegel, Sprungturm (nur bei Badeaufsicht zug\u00e4nglich - an den Wochenenden und w\u00e4hrend den Sommerferien), Volleyballfeld sowie dem Caf\u00e9 \u00abUferlos\u00bb mit vielen K\u00f6stlichkeiten und speziellem Ambiente.\n\nGegen\u00fcber liegt die Probstei Wagenhausen.\n\n\nDies ist ein Badeplatz im offenen, fliessenden Gew\u00e4sser. Das Schwimmen ohne Erfahrung im Rhein ist nicht zu untersch\u00e4tzen.", "image": "https://ostpimtsoch.sos-ch-dk-2.exoscale-cdn.com/catalog/9/2/0/a/920aacd72d7e6cb7d9ebd5aef19f55d0983b3ead_c6e16096d36e33e4b70089492c7dfb79.JPG", "openstreetmap_id": "relation/1690885"}, "geometry": {"type": "Point", "coordinates": ["8.849327321858754", "47.6639403"]}}, {"type": "Feature", "properties": {"identifier": "4fa0ef3b-2acf-43db-86b6-6e9f3c4824cc", "name": "Badi Neunkirch", "description": "<p>Ausstattung und Angebot der Badi Neukirch</p><ul><li>25-m-Schwimmbecken</li><li>Nichtschwimmerbecken</li><li>1- und 3-m-Sprunganlage</li><li>Planschbecken</li><li>Rutschbahn</li><li>Grillstelle\n\t\nSport &amp; Spiel</li><li>Spielwiese</li><li>Spielplatz</li><li>Tischtennis-Tische</li></ul>", "url": "http://www.badi-info.ch/a/neunkirch.html", "image": "https://ostpimtsoch.sos-ch-dk-2.exoscale-cdn.com/catalog/6/c/4/c/6c4c90500e4b0fa2c0d62a11a6a77191d466165a_434f8e363894bfec702800d40bffa36b.jpg", "openstreetmap_id": "way/188087912"}, "geometry": {"type": "Point", "coordinates": ["8.507866941720426", "47.69250275"]}}, {"type": "Feature", "properties": {"identifier": "503aad9a-929c-43bd-a8e5-7a554889c350", "name": "Day Spa im Einstein St.Gallen", "description": "<p data-v-360ed6ae=\"\" class=\"rich-text-paragraph\" piano-view-event=\"false\" style=\"margin-bottom: 1rem;\"><span class=\"text-space-pre-line rich-text-text\" data-abstract-init=\"body text\" style=\"\">Geniessen Sie Fitness und Wellness mit einem Aufenthalt im well come FIT Einstein (Behandlungen separat buchbar) und st\u00e4rken Sie sich danach oder zuvor im Bistro St.Gallen. Wir servieren Ihnen gerne unser Fr\u00fchst\u00fcck bis 10.30 Uhr oder ein 2-Gang Men\u00fc zum Mittag- oder Abendessen.</span></p><p data-v-360ed6ae=\"\" class=\"rich-text-paragraph\" piano-view-event=\"false\" style=\"margin-bottom: 1rem;\"><span class=\"text-space-pre-line rich-text-text\" data-abstract-init=\"body text\" style=\"\">Das Ticket ist nur einmalig und an einem Tag g\u00fcltig.</span></p>", "url": "https://www.bistro-sg.ch", "image": "https://ostpimtsoch.sos-ch-dk-2.exoscale-cdn.com/catalog/a/3/4/a/a34a75fd61e1efb69df50a1af71ebadf713e37d9_b0da5bf59e2469e37137349179ab298a.jpg", "openstreetmap_id": "way/145470788"}, "geometry": {"type": "Point", "coordinates": ["9.3754457", "47.4214519"]}}, {"type": "Feature", "properties": {"identifier": "550632d9-628f-473a-9f36-117292c7f129", "name": "Ballonsport-Club Stein am Rhein", "description": "Seit seiner Kindheit ist Pascal von den, damals noch seltenen, Ballonen begeistert. Bereits mit 19 Jahren konnte er selber als Pilot den Passagieren die Sch\u00f6nheit der Natur aus der Vogelperspektive zeigen. Inzwischen sind mehr als 27 Jahre vergangen. \u00dcber 1000h hat seither Pascal in der Luft verbracht. Ebenso auch bei vielen Wettk\u00e4mpfen teilgenommen, eine regelm\u00e4ssig Teilnahme an den Schweizermeisterschaften im Heissluft-Ballonfahren geh\u00f6rt ebenfalls dazu.\nTanja Witpr\u00e4chtiger und Margrit Lazzaretti betreuen die G\u00e4ste am Boden. Sie sind genauso begeistert vom Ballonsport. Mit dem Verfolgerfahrzeug begleiten sie uns bis zum Landeort. Sie kennen die Nord-Ostschweiz sehr genau und wissen immer den schnellsten Weg nach Hause. An Wettk\u00e4mpfen ist Tanja der ruhige Pol und versorgt Pascal mit wichtigen Informationen.\nUnsere Ballonflotte umfasst momentan 2 Heissluftballone. Einen kleineren  Ballon mit einem Volumen von 3\u2018700m3 und einen gr\u00f6sseren mit 4&#039;500 m3 Volumen heisser Luft. Gasballonfahrten f\u00fchren wir mit unserem eigenen Ballon durch, welcher noch von 2 weiteren Piloten gefahren wird.\n\nErleben Sie eine unvergessliche Ballonfahrt mit uns.", "url": "https://www.iwc-ballon.ch/", "image": "https://ostpimtsoch.sos-ch-dk-2.exoscale-cdn.com/catalog/7/e/e/7/7ee700bf2d5e0cf917dc495206635823bed4ed1c_b47f8a6b14e6b2c6f6c5a712d613aa8f.JPG", "openstreetmap_id": "way/285978171"}, "geometry": {"type": "Point", "coordinates": ["8.70463363898595", "47.66260655"]}}, {"type": "Feature", "properties": {"identifier": "550df831-f6b1-421f-bee5-90bf78433741", "name": "COLORS - Restaurant und Bar", "description": "Das COLORS Restaurant ist ein modernes Selbstbedienungsrestaurant mit 146 Innen- und 140 Terrassen-Pl\u00e4tzen. Die K\u00fcche bietet ein Angebot f\u00fcr jeden Geschmack. Erfrischend und abwechslungsreich werden neben regionalen Gerichten auch internationale Speisen gekocht.\nDie bediente COLORS Bar verf\u00fcgt \u00fcber 56 Innenpl\u00e4tze. Neben einem kunterbunten Getr\u00e4nkeangebot, werden am Morgen Fr\u00fchst\u00fcck und am Nachmittag trendige Snacks angeboten.", "image": "https://ostpimtsoch.sos-ch-dk-2.exoscale-cdn.com/catalog/9/8/c/9/98c9bf00a31b7e10ed48ff7aad765d56695fabe2_24625a21bd497ea9370d5a07da256132.JPG", "openstreetmap_id": "node/244067701"}, "geometry": {"type": "Point", "coordinates": ["9.2807483", "47.0919796"]}}, {"type": "Feature", "properties": {"identifier": "561cff28-0536-4203-a406-e3cdb93257d2", "name": "Erlebnisrundfahrt mit Witzwanderweg", "description": "<p class=\"MsoNormal\"><span style=\"font-size:11.0pt;line-height:107%;\nfont-family:&quot;Aptos&quot;,sans-serif;mso-ascii-theme-font:minor-latin;mso-fareast-font-family:\nAptos;mso-fareast-theme-font:minor-latin;mso-hansi-theme-font:minor-latin;\nmso-bidi-font-family:Arial;mso-bidi-theme-font:minor-bidi;mso-ansi-language:\nDE-CH;mso-fareast-language:EN-US;mso-bidi-language:AR-SA\">Die Reise startet in\nRorschach mit der Zahnradbahn und f\u00fchrt hoch hinauf nach Heiden (794m.\u00fc.M.). In\nHeiden angekommen solltest du unbedingt die Witzkiste besuchen, dort erf\u00e4hrst du von \u00abWitzli\u00bb und seinem Freund mehr \u00fcber die Geschichte des Appenzeller\nWitzes.&nbsp;</span><span style=\"font-family: Aptos, sans-serif; font-size: 11pt;\">Anschliessend startet\ndie rund dreist\u00fcndige Wanderung auf dem Witzweg mit herrlichem Panorama auf den\nBodensee. Die typischen Appenzeller Witze kannst du neu auch mittels\nSmartphone an diversen H\u00f6rstationen entlang des Witzweges geniessen.</span><span style=\"font-family: Aptos, sans-serif; font-size: 11pt;\">&nbsp;&nbsp;</span><span style=\"font-family: Aptos, sans-serif; font-size: 11pt;\">In Walzenhausen\nreist du mit der nostalgischen Zahnradbahn bequem nach Rheineck. Die letzte\nEtappe der Erlebnisrundfahrt bildet die Schifffahrt durchs Naturschutzgebiet\nentlang dem Alten Rhein bis zum Ausgangspunkt Rorschach.</span><br></p><span style=\"font-size:11.0pt;line-height:107%;\nfont-family:&quot;Aptos&quot;,sans-serif;mso-ascii-theme-font:minor-latin;mso-fareast-font-family:\nAptos;mso-fareast-theme-font:minor-latin;mso-hansi-theme-font:minor-latin;\nmso-bidi-font-family:Arial;mso-bidi-theme-font:minor-bidi;mso-ansi-language:\nDE-CH;mso-fareast-language:EN-US;mso-bidi-language:AR-SA\">\n<!--[if !supportLineBreakNewLine]--><span style=\"font-size: 11pt; line-height: 107%;\">Die Schiff-Saison ist\nt\u00e4glich von Mitte Mai bis Anfang Oktober.</span><br>\n<!--[endif]--></span><p><br></p>", "url": "http://www.st.gallen-bodensee.ch/de/", "image": "https://ostpimtsoch.sos-ch-dk-2.exoscale-cdn.com/catalog/3/6/a/9/36a919af005651f2b990e1da391ec0c2e4c6aa7e_c911e4efab3f1184c7f6d68d624b3ab9.jpg", "openstreetmap_id": "way/179748654"}, "geometry": {"type": "Point", "coordinates": ["9.493550062179567", "47.47881214265565"]}}, {"type": "Feature", "properties": {"identifier": "5902dd27-6dce-4047-bf1d-038637724780", "name": "Fitness Island", "description": "<p class=\"font-claude-response-body break-words whitespace-normal leading-[1.7]\"><strong>Eine ganzheitliche Insel f&uuml;r K&ouml;rper, Geist und Bewegung</strong></p><p class=\"font-claude-response-body break-words whitespace-normal leading-[1.7]\">Das Fitness Island in Bronschhofen bei Wil vereint unter einem Dach, was andernorts selten zusammenfindet: ein vollst&auml;ndiges Wellness-Spa-Universum, ein professionelles Fitnesscenter und ein vielseitiges Therapieangebot. Zentral im Dreieck zwischen Bodensee, Thurgau und Z&uuml;rich gelegen, steht die Anlage t&auml;glich von 6 bis 23 Uhr offen &ndash; und das mit einer ungew&ouml;hnlichen Garantie: Wer innerhalb der ersten halben Stunde nicht zufrieden ist, erh&auml;lt sein Geld zur&uuml;ck.</p><p class=\"font-claude-response-body break-words whitespace-normal leading-[1.7]\">Das Herzst&uuml;ck bildet die einzigartige <a href=\"https://www.thermalbad-ch.ch/\" target=\"_blank\" rel=\"noopener\">Therme</a> Totes Meer mit originalem Schlamm aus Jordanien, erg&auml;nzt durch ein Sport-Relaxbad und eine vielf&auml;ltige Saunawelt. Die heisse Feuersauna, die sanfte Biosauna, das tropische Dampfbad sowie der heilsame Salzraum bieten f&uuml;r jeden Geschmack das passende Klima. Regelm&auml;ssige Sauna-Zeremonien verw&ouml;hnen die G&auml;ste mit besonderen Ritualen und Pflegeroutinen. Abk&uuml;hlung findet sich im Kneippweg und im Abk&uuml;hlbecken, Tiefenentspannung in der Alpha-Sphere. Dachterrasse, Ruheraum und ein grossz&uuml;giger Wellness-Garten laden zum Verweilen ein.</p>", "url": "https://www.fitness-island.ch/", "image": "https://ostpimtsoch.sos-ch-dk-2.exoscale-cdn.com/catalog/6/e/4/7/6e475a559b449dac0144a28ebe3e47492099278c_ca89322c09727bb890c581c7fceae764.jpg", "openstreetmap_id": "way/311386934"}, "geometry": {"type": "Point", "coordinates": ["9.0307174", "47.4682456"]}}, {"type": "Feature", "properties": {"identifier": "5c779a59-ab38-4a30-b901-b926aab511e1", "name": "Gonzen Sport & Mode", "description": "Herzlich willkommen bei Gonzen Sport & Mode im Tiefriet in Sargans.\nWir sind ein spezialisiertes Outdoor Sportfachgesch\u00e4ft mit erfahrenen, kompetenten und enthusiastischen Mitarbeiter/innen. \n\nWenn der Schuh dr\u00fcckt, ob Bergschuh, Ski- oder Tourenschuh sind Sie bei uns an der richtigen Adresse. Druckstellen an Ihren F\u00fcssen haben bei unserem erfahrenen Schuhfitting -Team keine Chance. Zus\u00e4tzlich stellen wir Ihnen 100% fussangepasste Einlagesohlen her, welche Ihnen einen hohen Tragekomfort und mehr Leistung garantieren.\nUnser fachkundiges Personal ber\u00e4t Sie gerne individuell und ohne Zeitdruck. Einen Gratisparkplatz ist Ihnen bei uns auch garantiert. \n\nUnsere Leidenschaften im Sommer:\nHochtouren-, Trekking-, Wander- und Klettersport, Running- und Bikesport sowie Campingartikel, sowie trendiges und modisches Textil. \n\nUnsere Leidenschaften im Winter: \nSkitouren- Alpin- Schneeschuhsport, Trailrunning. Hochfunktionelles und modisches Textil von Kopf bis Fuss f\u00fcr alle Schneesportarten.\n\nWir leben Outdoor und garantieren Ihnen, dass Sie bei uns all Ihr passendes Equipment finden.\nZus\u00e4tzlich k\u00f6nnen Sie von unserem Service- und Dienstleistungsangebot profitieren.\nWir vermieten Ski- und Snowboardausr\u00fcstungen und geben Ihrem Ski und/oder Snowboard wieder den n\u00f6tigen Kantenschliff f\u00fcr unvergessliche Schneetage.", "url": "http://www.gonzensport.ch", "image": "https://ostpimtsoch.sos-ch-dk-2.exoscale-cdn.com/catalog/c/6/0/3/c603f9a6f5a82e404c1036c99f4b1172b8677a13_65b3a7a9a724b9a7aa9a723c8cc762b7.jpg", "openstreetmap_id": "node/5170978138"}, "geometry": {"type": "Point", "coordinates": ["9.4490804", "47.0487657"]}}, {"type": "Feature", "properties": {"identifier": "5ca5d52f-ce15-4e7d-b050-20b1d00cff99", "name": "Saunafass", "description": "<p data-start=\"762\" data-end=\"1081\">Unser Saunafass ist ein St&uuml;ck nordische Lebenskunst. Das massive Echtholzfass bietet einen gem&uuml;tlichen Kokon aus W&auml;rme und Wohlbefinden &ndash; mit traumhaftem Panoramablick auf die umliegende Bergwelt. Saunieren bedeutet pure Erholung: Man tut sich selbst etwas Gutes, f&ouml;rdert die Gesundheit und findet Abstand vom Alltag.</p>\n<p data-start=\"1089\" data-end=\"1342\">In unserem Saunafass finden 2 Personen (liegend) bis zu 6 Personen (sitzend) Platz. Die Nutzung ist t&auml;glich auf Voranmeldung m&ouml;glich. Bitte melden Sie sich mindestens eine Stunde vorher an der R&eacute;ception, damit wir die Sauna f&uuml;r Sie vorbereiten k&ouml;nnen.</p>", "url": "https://www.schiffahrt-mols.ch/", "image": "https://ostpimtsoch.sos-ch-dk-2.exoscale-cdn.com/catalog/1/c/5/2/1c527fa3fa2ed4c947c5f64b799ad7dbc526614f_4593256de7f5d70539bccef8ba70d4e9.jpg", "openstreetmap_id": "node/1417590626"}, "geometry": {"type": "Point", "coordinates": ["9.278622", "47.1124527"]}}, {"type": "Feature", "properties": {"identifier": "5d440067-e2f7-47ee-a786-a0b9604666f0", "name": "Flussbad Langwiesen", "description": "F\u00fcr Spass und Spiel bieten wir ein neues Kinderplantschbecken, Spielplatz, Tischtennis und Beachvolleyballfeld. \n\nAber Vorsicht, der Rhein eignet sich nur f\u00fcr gute Schwimmer. Lassen Sie ihre Kinder nie unbeaufsichtigt in Ufer- und Wassern\u00e4he.\n\nAUSSTATTUNG FLUSSBAD\n- Schattige Parkpl\u00e4tze gegen Geb\u00fchr\n- Restaurant \"RheinGenuss\" mit Sonnenterrasse und gedecktem Sitzplatz\n- Take-Away\n- grosse Grillstelle mit gratis Holz\n- Beachvolleyballfeld\n- Tischtennis\n- Tischfussball\n- Kinderplantschbecken\n- Spielplatz mit Spielger\u00e4ten\n- Sandkasten\n- grosse Liegewiese mit vielen B\u00e4umen und Schattenpl\u00e4tzen\n- Liegestuhl Depot\n- WLAN\n- Bootsanlegestelle\n- Hunde sind nur auf der Terrasse beim Restaurant erlaubt. Auf der Wiese des Strandbades und auf der \u00fcbrigen Anlage sind Hunde nicht erlaubt. Danke f\u00fcr Ihr Verst\u00e4ndnis!", "url": "https://www.camping-schaffhausen.ch/", "image": "https://ostpimtsoch.sos-ch-dk-2.exoscale-cdn.com/catalog/3/d/4/1/3d41d1c3a1483ba338f76f8f347afc6dddcf5304_9e4cfe690b9d4c332c034337abbb85a9.jpg", "openstreetmap_id": "way/130666833"}, "geometry": {"type": "Point", "coordinates": ["8.657969392604775", "47.686775"]}}, {"type": "Feature", "properties": {"identifier": "5f12c2e9-71ad-42ea-acfc-b9e10c99c010", "name": "Landquart Fashion Outlet", "description": "<p>Inmitten der malerischen Kulisse der B&uuml;ndner Berge erwartet Sie das Landquart Fashion Outlet. Nur 60 min von Z&uuml;rich und 50 min von St. Gallen entfernt. Mehr als 170 Marken in &uuml;ber 100 Stores zu luxuri&ouml;s g&uuml;nstigen Preisen: Mode, Accessoires, Home- und Lifestyle-Produkte sowie eine faszinierende Auswahl an Outdoor- und Sportartikeln. Bummeln Sie durch das Shopping-Village im Chalet-Style, geniessen Sie die bezaubernde Atmosph&auml;re und lassen Sie sich in unseren vielf&auml;ltigen Restaurants, Caf&egrave;s und Bistros verw&ouml;hnen.</p><p>Auch sonntags ge&ouml;ffnet.</p><p>Attraktionen:</p><p>- Werden Sie Mitglied im Landquart Fashion Club. Laden Sie die Fashion Club App noch heute herunter (iOS und Android) und sparen Sie nochmals.</p><p>- Geniessen Sie Snacks an unseren Foodst&auml;nden oder feine Speisen und Drinks in unseren Restaurants, Caf&eacute;s und Bistros.</p><p>- Verbinden Sie Ihren Shopping-Ausflug mit einer Tour zu den Winzern der B&uuml;ndner Herrschaft und / oder einer Degustation (Informationen erhalten Sie telefonisch 081-300 02 22).</p><p><span style=\"mso-ascii-font-family: Aptos; mso-hansi-font-family: Aptos;\">- Die Guest Services beim Nord- und S&uuml;deingang bietet Ihnen praktische Dienstleistungen an, darunter sofortige Steuerer&uuml;ckerstattung f&uuml;r ausl&auml;ndische Besucher und Besucherinnen.&nbsp;</span></p><p><!-- [if !supportLists]--><span style=\"mso-ascii-font-family: Aptos; mso-hansi-font-family: Aptos;\">- Mit der j&uuml;ngsten Erweiterung pr&auml;sentiert sich das Village als noch attraktivere Shopping- und Lifestyle-Destination mit spannenden neuen Marken und Erlebnissen.</span></p>", "url": "http://www.landquartfashionoutlet.ch", "image": "https://ostpimtsoch.sos-ch-dk-2.exoscale-cdn.com/catalog/8/9/0/b/890b41456c131efa73b5077d3508ab5c41f4f1cd_6cc48f1d96b08fbd8a38c772b6b4e69c.jpg", "openstreetmap_id": "way/993453892"}, "geometry": {"type": "Point", "coordinates": ["9.552645672518366", "46.96516814879244"]}}, {"type": "Feature", "properties": {"identifier": "5f301d1d-2e2f-4d36-900a-2c7e18d5fe13", "name": "Freibad Speck", "description": "Eine grosse Wiese mit diversen Spielm\u00f6glichkeiten sowie viel Platz zum Ausspannen und Geniessen laden zum Baden ein. Das Schwimmbad bietet ein grosses Nichtschwimmerbecken und auch die Kleinsten k\u00f6nnen sich im Planschbecken mit Wasserpumpe vergn\u00fcgen. Ein Spielplatz sowie ein Volleyballfeld runden das Angebot ab. \n\nEin Kiosk und ein kleines Restaurant sind Bestandteil der Badi Speck. Die Bushaltestelle Staad SG, Speck befindet sich nur wenige Meter von der Seebadi entfernt.\n", "url": "https://www.badi-info.ch/sg/staad.html", "image": "https://ostpimtsoch.sos-ch-dk-2.exoscale-cdn.com/catalog/8/5/8/8/8588e04008509bc10febf51610675353274bee86_0598506584d5f213cc4a09594d76696c.jpg", "openstreetmap_id": "node/1735041253"}, "geometry": {"type": "Point", "coordinates": ["9.540895131644676", "47.48350050780087"]}}, {"type": "Feature", "properties": {"identifier": "5f53692e-d66b-4c02-9b04-6ce4e1e1a190", "name": "Tennispl\u00e4tze Zizers", "description": "Die Pl\u00e4tze und das Clubhaus des Tennisclubs Zizers liegen an einem der sch\u00f6nsten Flecken im Churer Rheintal: Das \u00abSt\u00f6ckli\u00bb liegt am oberen Dorfrand von Zizers. Ein Besuch lohnt sich, selbst wenn man nicht Tennis spielen will. Einfach da sitzen, f\u00fcr einen kurzen Augenblick innehalten, die Ruhe und die sch\u00f6ne Aussicht geniessen, das tut gut. So oder so!", "url": "http://www.tczizers.ch", "image": "https://ostpimtsoch.sos-ch-dk-2.exoscale-cdn.com/catalog/9/e/9/8/9e984dd503d43c85eebb035612c732191c5ab337_bacd20285733be403d709837e68efa98.jpeg", "openstreetmap_id": "way/372632804"}, "geometry": {"type": "Point", "coordinates": ["9.569778442382814", "46.93203706901796"]}}, {"type": "Feature", "properties": {"identifier": "6136c2c5-5338-4eba-bbbe-e328f51fee45", "name": "Hofladen Schloss Herdern", "description": "<p>Schloss Herdern ist eine Wohn-, Arbeits- und Besch\u00e4ftigungsst\u00e4tte. Im Zentrum steht dabei das Wohl und die F\u00f6rderung jedes Einzelnen und die Schaffung eines Umfelds, in dem sich die Klienten geborgen und unterst\u00fctzt f\u00fchlen.<br><br>In der hauseigenen Genussk\u00fcche werden regionale Produkte der Eigenmarke \u00abGenuss Handwerk\u00bb hergestellt. Die Klienten leisten einen wertvollen Beitrag, angefangen beim R\u00fcsten \u00fcber das Abf\u00fcllen bis hin zum Anbringen von Etiketten. Im Kreativatelier werden in entspannter Arbeitsatmosph\u00e4re Gegenst\u00e4nde unter der Eigenmarke \u00abDesign Handwerk\u00bb hergestellt. Diese und weitere Produkte werden im Schlossladen wundersch\u00f6n pr\u00e4sentiert, auf M\u00e4rkten verkauft oder \u00fcber den Web-Shop vertrieben.<br><br>Verschiedene Anl\u00e4sse auf Schloss Herdern locken immer wieder zahlreiche Besucher an wie der j\u00e4hrliche Tag des offenen Weinkellers, der Tag der offenen T\u00fcr, der Herbst- oder Weihnachtsmarkt.<br></p>", "url": "https://www.schlossherdern.ch/", "image": "https://ostpimtsoch.sos-ch-dk-2.exoscale-cdn.com/catalog/1/e/4/8/1e48ba67a86c4bed13c8efe24c76ec1540807eb8_64a127bbff7c333695d53c0b15bf327b.JPG", "openstreetmap_id": "node/5300918721"}, "geometry": {"type": "Point", "coordinates": ["8.9100273", "47.6041186"]}}, {"type": "Feature", "properties": {"identifier": "61f722a0-cea8-4ad0-8499-88e57353751c", "name": "Conny Land AG", "description": "Fun f\u00fcr die ganze Familie.\nDie Cobra Gr\u00f6sste Linear Achterbahn von Europa, der Crazy Professor, indoor Free fall Tower f\u00fcr Adrenalin Fans und Mammut Baum, der  preisgekr\u00f6nte Family Ride.", "url": "https://www.connyland.ch/", "image": "https://ostpimtsoch.sos-ch-dk-2.exoscale-cdn.com/catalog/4/0/d/a/40da530ae107366c5daae63c7482007150c6461c_b119d4a8a11323f2f55176a2340bede5.jpg", "openstreetmap_id": "way/47007046"}, "geometry": {"type": "Point", "coordinates": ["9.056918614008158", "47.614582208073024"]}}, {"type": "Feature", "properties": {"identifier": "624ba23d-3707-4423-bd57-5d973fbb17e3", "name": "SUP4YOU", "description": "<p>SUP4YOU betreibt in der Badi Steckborn am Untersee eine moderne Selbstbedienungs-Mietstation f&uuml;r Stand-up-Paddleboards (SUP). Das Angebot erweitert das Freizeit- und Wassersportangebot im Kanton Thurgau und erm&ouml;glicht einen unkomplizierten Zugang zum Stand-up-Paddling direkt am See. Dank der digitalen Mietstation k&ouml;nnen SUP-Boards spontan und bequem in rund einer Minute mit dem Smartphone gemietet werden: QR-Code an der Mietstation scannen, Board aus dem Fach entnehmen und direkt aufs Wasser starten. Die Lage in der Badi Steckborn bietet ideale Voraussetzungen f&uuml;r entspannte Touren mit Blick auf den Untersee und die gegen&uuml;berliegende Uferlandschaft. Die automatisierte L&ouml;sung verbindet moderne Technologie mit einem unkomplizierten Naturerlebnis und schafft maximale Flexibilit&auml;t f&uuml;r Einheimische und Ferieng&auml;ste.</p>", "url": "https://sup4you.ch/de/strandbad-steckborn/", "image": "https://ostpimtsoch.sos-ch-dk-2.exoscale-cdn.com/catalog/c/3/4/9/c349a6747c76458dbcc95989785d213a0dc599f7_e987c1e67f00a2d2216a29c286e6c784.jpeg", "openstreetmap_id": "way/97385114"}, "geometry": {"type": "Point", "coordinates": ["8.9694971", "47.6587281"]}}, {"type": "Feature", "properties": {"identifier": "64561cc7-303b-4558-a203-dea3da578712", "name": "Private Spa im Boardinghouse St.Gallen", "description": "Hier im Herzen des urbanen Lachenquartiers l\u00e4sst es sich wunderbar in die neuen Private Spas eintauchen. Das moderne und nat\u00fcrliche Ambiente begeistert und die G\u00e4ste k\u00f6nnen hier so richtig ausspannen. \n\nPrivate Spa Deluxe: Dampfbad / Sauna, Finarium / Erlebnisdusche / Whirlwanne / Liegestuhl / Lounge / Snacks / Getr\u00e4nke / Ausblick \u00fcber die Stadt\n\nPrivate Spa Superior: Dampfbad / Sauna, Finarium / Erlebnisdusche / Liegestuhl mit grosser Terrasse / Lounge / Snacks / Getr\u00e4nke / Ausblick \u00fcber die Stadt\n\nAuch f\u00fcr das leibliche Wohl wird gesorgt: Bei der Hausb\u00e4ckerei Handmade F\u00fcger k\u00f6nnen s\u00fcsse oder herzhafte H\u00e4ppchen bestellt werden.", "url": "https://boardinghouse.ch/", "image": "https://ostpimtsoch.sos-ch-dk-2.exoscale-cdn.com/catalog/1/4/1/7/1417243601e0fed90e70c99fd83e0b541b25b072_e9c9fe6bd245e5f5d274f83198853783.png", "openstreetmap_id": "node/1346888802"}, "geometry": {"type": "Point", "coordinates": ["9.354960322380068", "47.42007005807"]}}, {"type": "Feature", "properties": {"identifier": "6481ce97-e3e9-4368-b50b-459c74592707", "name": "Langlauf Panorama-Loipe Scherb/Bendel (Hemberg - Ebnat-Kappel)", "description": "Beim Langlauf nicht nur etwas f\u00fcr die Fitness tun, sondern gleichzeitig Aussichten geniessen und spannende Hintergrundinformationen erhalten? Das ist auf der rund f\u00fcnf Kilometer langen Panorama-Loipe im Scherb/Bendel zwischen Hemberg und Ebnat-Kappel m\u00f6glich. Auf acht Tafeln werden die einmaligen Ausblicke auf die Churfirsten, den Alpstein, das Neckertal, die Chr\u00fczegg, den Stockberg, den Speer und Richtung Z\u00fcrichsee mit geschichtlichen, geografischen und weiteren Informationen n\u00e4her erkl\u00e4rt. Zus\u00e4tzlich sind alle Tafeln mit einem Kinderm\u00e4rchen erg\u00e4nzt. Das M\u00e4rchen vom Heinzelm\u00e4nnchen Speerli ist fortlaufend \u00fcber alle acht Tafeln geschrieben.", "url": "https://www.loipen-scspeer.ch/panoramaloipe/", "image": "https://ostpimtsoch.sos-ch-dk-2.exoscale-cdn.com/catalog/8/9/8/0/898011f42e9daf02af3c76b76fd8f3bd892a8bfa_bd53d37dff192363936c63e3ef2ad3fa.jpg", "openstreetmap_id": "node/1854816357"}, "geometry": {"type": "Point", "coordinates": ["9.163026809692385", "47.27713230427341"]}}, {"type": "Feature", "properties": {"identifier": "6775e80e-7ff2-43ae-8623-89656e71b786", "name": "Ein T\u00f6ffli-Tag mit Mofun", "description": "<p>Bei Mofun in Schaffhausen lassen sich T\u00f6ffli f\u00fcr eine Rundfahrt mit Freunden, einen Vereinsausflug, Poltertag oder Firmenevent mieten. Das Schwelgen in Erinnerungen ist garantiert \u2013 wer denkt nicht gerne an seine Jugend zur\u00fcck, als das T\u00f6ffli das erste St\u00fcck Freiheit bedeutet? Heute f\u00e4hrt man mit den Mopeds von Mofun auf einen erlebnisreichen Ausflug durch die Region Schaffhausen, entlang von Rhein und Rebhang. Unterwegs ist man auf den legend\u00e4ren Pony Mofas, die seit 1961 in Feuerthalen hergestellt werden. Die T\u00f6ffli haben nur einen Sprung \u00fcber den Rhein zu Mofun gemacht und sind weiterhin in ihrem Heimatgebiet unterwegs. Mofun unterst\u00fctzt bei der Routenwahl, Organisation eines Rahmenprogramms oder F\u00fchrungen. Die komplette Ausr\u00fcstung wie Helm, Handyhalter, Routenplaner, Kindersitz und Notfallset wird bereitgestellt. Sollte ein Problem auftreten, geh\u00f6rt auch ein Pikett-Dienst zum Angebot.</p>", "url": "https://www.mofun.ch", "image": "https://ostpimtsoch.sos-ch-dk-2.exoscale-cdn.com/catalog/7/4/a/7/74a7b4e43ed15bb89e63e3e002bf92aa9e62bfd2_bb30b015fb44e498fefbf3606fe4d243.jpg", "openstreetmap_id": "way/279142034"}, "geometry": {"type": "Point", "coordinates": ["8.5017088", "47.7019479"]}}, {"type": "Feature", "properties": {"identifier": "693c4db0-e530-400e-b299-51b569251b80", "name": "Meier Schreinerei", "description": "<p>Die Meier Schreinerei in Weinfelden ist ein traditionsreicher Handwerks-Familienbetrieb in vierter Generation. Hier trifft modernste CNC-Technologie auf klassisches Handwerk &ndash; vom digitalen Pr&auml;zisionsschnitt bis zum Arbeiten mit dem traditionellen Handhobel.</p>\n<p>In den Workshops kommen beide Techniken zum Einsatz. Die Teilnehmenden arbeiten mit Schreinermaschinen und traditionellen Werkzeugen und erhalten wertvolle Tipps von versierten Handwerkern. Unter fachkundiger Anleitung entstehen einzigartige Massivholzst&uuml;cke &ndash; vom klassischen Schneidebrett &uuml;ber eine stilvolle Sommerliege bis hin zu einem modernen Weihnachtsbaum.</p>\n<p>Mehr als nur ein Kurs: Dieser Workshop schafft Raum f&uuml;r Kreativit&auml;t und f&ouml;rdert den Teamgeist. Ob als Teamevent, Polterabend oder Firmenausflug &ndash; diese Erfahrung bleibt unvergessen. Vorkenntnisse sind nicht erforderlich.</p>", "url": "https://legno-vivo.meier-schreinerei.ch/home.html", "image": "https://ostpimtsoch.sos-ch-dk-2.exoscale-cdn.com/catalog/a/e/4/2/ae42b32940603db53a239686961a6355865d6af1_b4989b5453d7f16f52bf4ed63004f9c7.jpg", "openstreetmap_id": "way/219952765"}, "geometry": {"type": "Point", "coordinates": ["9.123382731334871", "47.560791800000004"]}}, {"type": "Feature", "properties": {"identifier": "6ae75ef8-3fb9-4950-9e5e-ec879b9039ae", "name": "Skillspark", "description": "Die Fahrtechnik kann auf Abschnitten unterschiedlicher Schwierigkeit ge\u00fcbt und verbessert werden. Insgesamt stehen rund 3km gekenntzeichnete \u00dcbungsabschnitte (blau, rot, schwarz) zur Verf\u00fcgung. Die Bike Academy Toggenburg bietet Fahrtechnikkurse an, in welchen die sichere Herangehensweise erkl\u00e4rt und ge\u00fcbt wird.", "url": "https://bikeacademy-toggenburg.ch/skillspark", "image": "https://ostpimtsoch.sos-ch-dk-2.exoscale-cdn.com/catalog/a/9/4/f/a94f7ee7597c4ba00ad1236cd81863cb4ed4fd0a_6bf4709c7ad69f4ae5ad935618d1c575.png", "openstreetmap_id": "node/6074659261"}, "geometry": {"type": "Point", "coordinates": ["9.342820644378664", "47.200203329948586"]}}, {"type": "Feature", "properties": {"identifier": "6e3d9576-d52e-480b-bf31-84628f5c907c", "name": "E-Bike Station Bad Ragaz", "description": "<p>Betrieben vom Zweiradfachgesch\u00e4ft Suso Bike aus Walenstadt bietet die Station eine topmoderne Mietflotte an Trek E-Bikes und E-Scooter. Wer Tipps f\u00fcr Touren mit dem E-Bike in der Region Heidiland braucht, einen Guide oder einen Fahrtechnikkurs buchen m\u00f6chte, ist bei der E-Bike Station Bad Ragaz an der richtigen Adresse. - Trek E-Mountainbikes, Diamant City-E-Bikes und E-Scooter - Tipps, Infos und Kontakte zum Radfahren in der Region Heidiland - Buchung von Kulinarik-Touren und weitere Angebote der E-Bike Station Bad Ragaz - Gef\u00fchrte Touren mit Guide und Fahrtechnikkurse Gruppen haben die M\u00f6glichkeit, die E-Bikes an einen bestimmten Ausgangspunkt liefern zu lassen oder sie dort abzuholen. Preis auf Anfrage. Betrieb: Mai - Oktober</p>", "url": "https://www.ebikestation.ch/", "image": "https://ostpimtsoch.sos-ch-dk-2.exoscale-cdn.com/catalog/e/d/e/9/ede9e27dfa562c55355eac2e44599fe62a18c88d_be8d7f4d8f328d9ea70169b801944ab1.jpg", "openstreetmap_id": "way/465434211"}, "geometry": {"type": "Point", "coordinates": ["9.505157", "46.9997676"]}}, {"type": "Feature", "properties": {"identifier": "6f11c76b-f6dd-4b94-9c11-812189705d9d", "name": "Schwimmbad Ebnat-Kappel", "description": "Nutzen Sie im Sommerhalbjahr das 50m-Becken, die Rutschbahn und das 1 und 3 Meter Sprungbrett f\u00fcr einen sch\u00f6nen Badetag. In unser sch\u00f6nen Planschbecken mit Rutschbahn und Attraktionen f\u00fchlen sich die Kleinsten sehr wohl. \nUnser Badi-Restaurant verw\u00f6hnt die G\u00e4ste mit Fitnesstellern,  mit feinen Hamburger mit knackigen Pommes, feinen Eis aus der Region, einem guten Kaffee und viel mehr. \nUmkleidekabnen und Schliessf\u00e4cher stehen gratis zur Verf\u00fcgung, wie die warmen Duschen. F\u00fcr Gross und Klein stehen auch Tischkickertische und Tischtennis zur Verf\u00fcgung. \nZugang m\u00f6glich f\u00fcr RollstuhlfahrerInnen; eine Behinderten-Toilette und Behinderten-Umkleidekabinen! Einstiegshilfe vorhanden.", "url": "http://www.ebnat-kappel.ch/de/lebensraum/freizeitmain/schwimmbad/", "image": "https://ostpimtsoch.sos-ch-dk-2.exoscale-cdn.com/catalog/f/7/7/d/f77d3957512b8fbd6e3e4c97312fade748171efe_db33dcff7b3476401b0cdb05ef4937a5.jpg", "openstreetmap_id": "59126799"}, "geometry": {"type": "Point", "coordinates": ["9.1229262", "47.2659037"]}}, {"type": "Feature", "properties": {"identifier": "6fa15ff9-ea7b-4733-9dd9-6d79c6f55cd0", "name": "E-Tandem-Miete f\u00fcr alle", "description": "- Erleben Sie unvergessliche Abenteuer auf unserem Moustache E-Tandem!\n- Perfekt f\u00fcr Freunde, Paare und Familien, egal ob mit oder ohne Beeintr\u00e4chtigung!\n- losfahren, Spa\u00df haben und geniessen!\n- elektrische Unterst\u00fctzung f\u00fcr m\u00fcheloses Fahren auch am Berg!\n- Geniessen Sie die Heidiland Region und erkunden Sie neue Orte!\n- sehr attraktive Mietbedingungen f\u00fcr Menschen mit Handycap an unserem Standort in Landquart bei der Sportshop 41 AG!\n- Buchen Sie jetzt und entdecken Sie die Freude am E-Tandemfahren!\n\nWorauf warten Sie noch? Lernen Sie diese sch\u00f6ne Region auf eine einzigartige und barrierefreie Art und Weise kennen!\nPlanen Sie noch heute Ihr Tandem-Abenteuer. Wir freuen uns darauf, Ihnen ein unvergessliches Erlebnis zu bieten!\n\nSchweizerischer Blinden- und Sehbehindertenverband, Sektion Graub\u00fcnden", "url": "https://www.anderssehen.ch/landquart", "image": "https://ostpimtsoch.sos-ch-dk-2.exoscale-cdn.com/catalog/a/1/b/6/a1b6cfb88fd8731775c9978b039251e68c85b2cd_ce85a5ed21a0cc29acd7ee21a65e1c6f.jpg", "openstreetmap_id": "node/6867847254"}, "geometry": {"type": "Point", "coordinates": ["9.5571107", "46.9675999"]}}, {"type": "Feature", "properties": {"identifier": "736d74dd-b29e-43d9-a41a-0e865e3672ef", "name": "Suso Bike GmbH, Walenstadt", "description": "<p>Wir sind Ihr erster Ansprechpartner rund um ihre Radmomente. Es ist uns wichtig das passende f&uuml;r ihre Bed&uuml;rfnisse zu finden, wir beraten sie kompetent, sind zuverl&auml;ssig und geben unser best M&ouml;gliches ihre W&uuml;nsche zu erf&uuml;llen.</p><p>Wir bieten ihnen beste Qualit&auml;t und Leistungen f&uuml;r Ihr Fahrrad vom Verkauf bis zur Reparatur in unserer professionellen Werkstatt mit ausgebildeten Fachkr&auml;ften, bei uns ist ihr Zweirad in den richtigen H&auml;nden, auch nach dem Kauf sind wir f&uuml;r sie da.</p><p>Zudem f&uuml;hren wir Bike Bekleidung vieler Marken, von der Socke bis zum Helm! Auch f&uuml;r alles rund herum sind wir ausgestattet von der Bikekarte, &uuml;ber den Einkaufskorb f&uuml;r ihr Velo bis hin zur Beleuchtung!</p>", "url": "http://www.susobike.ch", "image": "https://ostpimtsoch.sos-ch-dk-2.exoscale-cdn.com/catalog/2/a/a/b/2aab7450c80890f3adf6931f235204a6932726d9_328b2daa6c20e64241b4bfab5a22a213.jpg", "openstreetmap_id": "way/70295605"}, "geometry": {"type": "Point", "coordinates": ["9.314852618499426", "47.12321125"]}}, {"type": "Feature", "properties": {"identifier": "7441b9ad-515d-4d1e-af39-fa8ae5370649", "name": "Metzgerei Kalberer", "description": "<p data-start=\"152\" data-end=\"472\">Die Metzgerei Kalberer AG in Wangs steht seit mehr als acht Jahrzehnten f&uuml;r erstklassige Fleisch- und Wurstspezialit&auml;ten. In Familienbesitz gearbeitet, legt das Unternehmen grossen Wert auf Regionalit&auml;t: die Tiere stammen von einheimischen Lieferanten, und die Herstellung erfolgt m&ouml;glichst ohne unn&ouml;tige Zusatzstoffe.</p><p data-start=\"474\" data-end=\"861\">Neben dem Verkaufsladen in Wangs betreibt Kalberer eine Produktionshalle in Vilters. Wer auch ausserhalb der Ladenzeiten hochwertiges Fleisch w&uuml;nscht, profitiert vom Fleischautomaten neben dem Laden &ndash; rund um die Uhr mit Barzahlung nutzbar. Mit etwa 15 Mitarbeitenden bietet die Metzgerei pers&ouml;nlichen Service, Frische und Verl&auml;sslichkeit f&uuml;r alle, die Wert auf echte Metzgerkunst legen.</p>", "url": "https://www.metzgerei-kalberer.ch/", "image": "https://ostpimtsoch.sos-ch-dk-2.exoscale-cdn.com/catalog/e/9/0/8/e9086439926f584f8d621632bfb9b16433ac7cd4_de28a7fdd58a6d67219fce27c482d1ef.jpg", "openstreetmap_id": "node/4425707489"}, "geometry": {"type": "Point", "coordinates": ["9.431564", "47.0322727"]}}, {"type": "Feature", "properties": {"identifier": "74a4f83b-28b2-4846-a580-43d93845bdad", "name": "Schweizer Skischule Bad Ragaz-Wangs-Pizol", "description": "<p>Privat- sowie Gruppenunterricht</p><p>Bester Lernerfolg! Ihr Schneesportlehrer richtet den Unterricht auf Ihre Bed\u00fcrfnisse und W\u00fcnsche aus. F\u00fcr Kinder und Erwachsene, f\u00fcr Skifahrer und Snowboarder aller K\u00f6nnerstufen.</p>", "image": "https://ostpimtsoch.sos-ch-dk-2.exoscale-cdn.com/catalog/1/1/7/0/11709d937bbff4de4db5a7567c015aaa705a2363_8dd83565389caa2ad37c9dafaf9e9e4a.jpg", "openstreetmap_id": "node/4301387458"}, "geometry": {"type": "Point", "coordinates": ["9.4641886", "46.9894085"]}}, {"type": "Feature", "properties": {"identifier": "76381e05-743d-49f1-8335-97be6557af91", "name": "Kletterturm CLiiMBER", "description": "Kletterturm CLiiMBER \u2013 das heisst f\u00fcr dich abwechslungsreicher Kletterspass mit \u00fcber 100 Kletterstationen kompakt eingebettet auf 3 Etagen im kristallf\u00f6rmigen Turm auf der Hochebene Prodalp.\n\nJede Etage bietet 30 verschiedene, originell ausgearbeitete Kletterstationen mit unterschiedlichem Design und Schwierigkeitsgrad.\n\nDurch die flexible Parcoursreihenfolge entscheidest du selber, welche Route du nimmst und erh\u00f6hst deinen Schwierigkeitsgrad hinauf zur 3. Etage auf luftige 15 Meter H\u00f6he nach eigenem Ermessen.\n\nminiCLiiMBER\nDer exklusive MiniCLiiMBER erm\u00f6glicht gar Kids ab 4 Jahren oder bis 1.40 m erste Kraxeltouren.\n\nflyingCLiiMBER\nLass dich ab den oberen Etagen vom Kletterturm in die Weite tragen und schwebe mit dem flyingCLiiMBER auf 6 verschiedenen Linien, auf \u00fcber 15 Meter H\u00f6he und 700 m L\u00e4nge. Sp\u00fcre den Wind und geniesse die herrliche Aussicht. Dieses Erlebnis ist nur f\u00fcr Personen die gr\u00f6sser als 1.40 m sind erlaubt. \n\nCLiiMBERwall\nDeine Geschicklichkeit ist gefragt. Klettere auf 5 Kletterrouten auf eine H\u00f6he von 6 Metern. Versuche dich in dieser faszinierenden Sportart und trainiere deine Kraft in H\u00e4nden und Armen. Kinder ab 4 Jahren d\u00fcrfen die CLiiMBERwall ben\u00fctzen. Das Selbstsicherungssytem bringt alle Kletternden sicher wieder auf den Boden.", "url": "https://www.flumserberg.ch/kletterberg", "image": "https://ostpimtsoch.sos-ch-dk-2.exoscale-cdn.com/catalog/d/7/2/9/d729b83dbe3d6e9027f6ed1a5fc427b17b6175f6_1495f36507a49c22473c033589c34939.jpg", "openstreetmap_id": "node/3431838772"}, "geometry": {"type": "Point", "coordinates": ["9.288795590400698", "47.080727680903"]}}, {"type": "Feature", "properties": {"identifier": "791f3b4e-6af1-43c3-ace2-1f1598aefc5f", "name": "Boulderei GmbH", "description": "Wir bieten mit unserer Boulderhalle mit 220 m2 eine Vielzahl an Routen in allen m\u00f6glichen Schwierigkeitsgraden an. Bei uns findet der Anf\u00e4nger sowie der Profi eine geeignete Route, die seinen Anspr\u00fcchen gerecht wird.\n\nNeben unserer Boulderwand bieten wir eine Lounge f\u00fcr die Erholung und betreiben eine kleine Bar, an der man den Durst l\u00f6schen kann. \n\nAuch Kinder sind bei uns herzlich willkommen. F\u00fcr unsere kleinen Besucher haben wir eine spezielle Kinderecke gebaut, in der sich die Begleiter von Mama und Papa ideal zur\u00fcckziehen k\u00f6nnen.\n\nF\u00fcr Firmen, Schulen, Kindergeburtstage und gr\u00f6ssere Gruppen ab 8 Personen besteht die M\u00f6glichkeit, die Boulderhalle auch ausserhalb der \u00d6ffnungszeiten zu mieten.", "url": "http://www.boulderei.ch/", "image": "https://ostpimtsoch.sos-ch-dk-2.exoscale-cdn.com/catalog/d/4/e/d/d4ed46e65a712bee5818aa920d974919fbfd20dc_83f5ba73b71b6759dc7e47e4a5146803.jpg", "openstreetmap_id": "relation/1683880"}, "geometry": {"type": "Point", "coordinates": ["9.341082572937013", "47.087936510281935"]}}, {"type": "Feature", "properties": {"identifier": "7a0eba2d-e7f9-42a1-8545-505e95e9b997", "name": "Foto Fetzer", "description": "Kreativit\u00e4t, Zuverl\u00e4ssigkeit und Qualit\u00e4t sind Werte, die uns auszeichnen. Mit unserem spezialisierten und motivierten Team, das sich laufend weiterbildet, stehen wir Ihnen mit unserem Fachwissen jederzeit gerne zur Verf\u00fcgung. Unsere Aufnahmen umschreiben wir als nat\u00fcrlich, lebendig und gef\u00fchlvoll.", "url": "https://fetzer.ch/", "image": "https://ostpimtsoch.sos-ch-dk-2.exoscale-cdn.com/catalog/b/3/2/6/b326a1eacc80101b8f9892cfa34e16a39bd8f87c_a5d66d1b61de6692063f2f79334a2248.jpg", "openstreetmap_id": "way/1091255308"}, "geometry": {"type": "Point", "coordinates": ["9.500808119773867", "47.00266071223961"]}}, {"type": "Feature", "properties": {"identifier": "7b96fe53-944c-4fb2-a879-b3fc1f441800", "name": "Toggenburger Kr\u00e4uterfrauen", "description": "Tauchen Sie in die Welt der Kr\u00e4uterfrauen ein und erfahren Sie auf einem Erlebnis-Rundgang selbst die Arbeit mit den farbintensiven und duftenden Kr\u00e4utern. Nach Lust und Laune d\u00fcrfen Sie Kr\u00e4uter von unserem Acker ernten und mit unseren Tipps eine eigene Teemischung zusammenstellen, die wir anschliessend f\u00fcr Sie trocknen. Auf unserer Website finden Sie noch weitere Angebote f\u00fcr Ihren Ausflug zu uns.", "url": "https://kraeuterfrauen.com", "image": "https://ostpimtsoch.sos-ch-dk-2.exoscale-cdn.com/catalog/b/7/2/8/b7289d949f41c442625ffaaaf89fbfdcc2e32311_0ae9330fa9936f017530df7f90a27194.jpg", "openstreetmap_id": "way/281748559"}, "geometry": {"type": "Point", "coordinates": ["9.16558835", "47.25783525"]}}, {"type": "Feature", "properties": {"identifier": "7bcf4ffc-eb85-4b0b-bbdc-b0c65c08e451", "name": "Kronberg Luftseilbahn / Bobbahn / Zipline-Park / M\u00e4rliwelt", "description": "<p>Der Kronberg begeistert mit kr\u00f6nenden Erlebnissen im Takt der Natur auf dem Berg und im Tal: Auf dem Berg l\u00e4dt das Berggasthaus mit Sonnenterrasse zum \u00abh\u00f6ckle ond gn\u00fcsse\u00bb ein \u2013 mit dem atemberaubenden 360-Grad-Panorama vom Alpsteinmassiv bis zum Bodensee. Im Sommer gibt es diverse Wege f\u00fcr abwechslungsreiche Wanderungen, und im Winter lockt der l\u00e4ngste Schlittelweg der Ostschweiz. Auch im Tal bieten wir mit der Bobbahn, der M\u00e4rliwelt und dem Zipline-Park ein unvergessliches Erlebnis. Auf der Bobbahn heisst es freie Fahrt f\u00fcr rasanten Spass! In der M\u00e4rliwelt begleiten Arnika und Jacobi durch ihre Welt voller m\u00e4rchenhafter Abenteuer mit Wasser und Sand bis hin zu luftigen Kletterh\u00f6hen. Staunende Kinderaugen sind hier garantiert! Und wer noch etwas mehr Action will, dem raten wir zu Nervenkitzel auf dem Zipline-Park. Neben dem integrierten Seilpark sorgen 25 Ziplines mit insgesamt 1210 Metern L\u00e4nge f\u00fcr Abwechslung und rasanten Spass. Planst du einen Ausflug mit einer Gruppe? Suchst du dabei etwas Spezielles? Auf die Preise der Luftseilbahn, der Bobbahn, des Zipline-Parks und der M\u00e4rliwelt gew\u00e4hren wir Gruppen ab 10 Personen 20% Rabatt auf alle Einzel-Eintrittspreise.</p>", "url": "https://www.kronberg.ch", "image": "https://ostpimtsoch.sos-ch-dk-2.exoscale-cdn.com/catalog/d/7/b/d/d7bd737517589dbb293181ab0c3c851d8aa65e75_57c64b978584f645a8334ed82ae808e8.jpg", "openstreetmap_id": "node/41154842"}, "geometry": {"type": "Point", "coordinates": ["9.32832", "47.3198528"]}}, {"type": "Feature", "properties": {"identifier": "7e759b10-9f0b-4d17-92eb-d05d9398a49c", "name": "Start Snowboarding - Snowboardschule", "description": "Snowboarden zu lernen ist keine Hexerei. W\u00e4hrend den 4 Privatlektionen, aufgeteilt auf den Morgen und Nachmittag, lernst du endlich Snowboarden! In diesem privaten Snowboardkurs in Flumserberg f\u00fcr Beginner, gehen wir locker s\u00e4mtliche Schritte bis zu den ersten Basic-Turns durch. Das heisst du wirst bereits die ersten Kurven lernen. Der Kurs richtet sich speziell an Anf\u00e4nger, welche zum ersten Mal auf dem Snowboard stehen werden. Dank dem Privatlehrer steht dir bei jedem Schritt jemand zur Seite, welche auf deine Bed\u00fcrfnisse und Fortschritte eingehen kann und dir in jeder Situation zur Seite steht. Falls du den Kurs mit einer Kollegin oder einem Kollegen besuchen willst, darf dieser Gratis teilnehmen.", "url": "https://www.startsnowboarding.ch", "image": "https://ostpimtsoch.sos-ch-dk-2.exoscale-cdn.com/catalog/2/d/1/d/2d1dc433880cac0a8e0d19c92a1451d1472825de_a4c3f4a95f274352d46088940716f0b4.jpg", "openstreetmap_id": "way/754266155"}, "geometry": {"type": "Point", "coordinates": ["9.278898239135744", "47.090753870005436"]}}, {"type": "Feature", "properties": {"identifier": "7eb523ec-6c24-442d-a5b5-1c17370e5b1e", "name": "Rheinschlauchboot.ch", "description": "Das Rheinb\u00f6\u00f6tle oder Rhyb\u00f6\u00f6tle im lokalen Dialekt ist eine Tradition, die du nicht verpassen solltest! Seit Generationen geniessen die Einheimischen die Fahrt auf dem majest\u00e4tischen Rhein - eine ganz besondere Art, einen Sommertag zu verbringen. Rheinschlauchboot.ch bietet professionelle Schlauchboote und Kajaks f\u00fcr 1-6 Personen zum Mieten an. Boote, Paddel, Schwimmwesten und eine umfassende Sicherheitseinweisung sind inbegriffen und sorgen f\u00fcr einen unvergesslichen Tag auf dem Fluss. Lass dich treiben, schwimme, entspanne dich und hab einfach viel Spass auf einem der sch\u00f6nsten Flussabschnitte Europas.\n\nAuf dem Weg nach unten gibt es eine Reihe von Restaurants, Picknickpl\u00e4tzen und Grillstellen, an denen du auf jeden Fall einen Platz finden wirst, um deine F\u00fcsse wieder an Land zu bringen und den anderen Flussbenutzern bei ihrer Fahrt zuschauen kannst. Es ist ein toller Tag f\u00fcr Jung und Alt, den man jedes Jahr wiederholen sollte.", "url": "https://www.rheinschlauchboot.ch", "image": "https://ostpimtsoch.sos-ch-dk-2.exoscale-cdn.com/catalog/b/4/8/4/b484f11f77a31a34df95c6ee4934137fe1925291_30d5187550901b4b557235d573643f36.png", "openstreetmap_id": "way/305915614"}, "geometry": {"type": "Point", "coordinates": ["8.854014276668611", "47.6626539"]}}, {"type": "Feature", "properties": {"identifier": "7f101480-6382-4a08-8952-2a8ecef23dbf", "name": "Sesselbahn Krummenau \u2013 Wolzenalp", "description": "Von Krummenau aus k\u00f6nnen Sie sich mit der Sesselbahn Krummenau-Wolzenalp zum Rietbach hinauf fahren lassen und dabei das Tal der Thur aus luftiger H\u00f6he betrachten.\nNach einer sch\u00f6nen Wanderung, einer Rast bei einer Feuerstelle oder auf der Sonnnenterrasse des Restaurant Wolzenalp, haben Sie sicher wieder Energie getankt f\u00fcr den Abstieg ins Tal.\nKeine Behinderten-Toilette; nur bedingt geeignet f\u00fcr RollstuhlfahrerInnen.", "url": "https://wolzenalp.ch", "image": "https://ostpimtsoch.sos-ch-dk-2.exoscale-cdn.com/catalog/c/2/1/7/c2175a46f60abe1e5f7d8189ff2f6b3425cca2be_5e702fe1266e14f8f4a236d2d8b0ae99.jpg", "openstreetmap_id": "node/628112148"}, "geometry": {"type": "Point", "coordinates": ["9.168820381164553", "47.24394410701422"]}}, {"type": "Feature", "properties": {"identifier": "7f3b889f-6fbe-498d-a36e-5167bcb5e2cd", "name": "INTERSPORT Network Flumserberg Testcenter Prodalp", "description": "Auf Prodalp finden Sie das Testcenter des INTERSPORT Network Flumserberg. Es steht Ihnen eine grosse Auswahl an Schneesportausr\u00fcstung direkt vor Ort zum Testen wie zum Kaufen zur Verf\u00fcgung. Des Weiteren haben Sie die M\u00f6glichkeit Ihren Skiern oder dem Snowboard den letzten Wachs- bzw. Kantenschlief zu verpassen.\n\nTest & Buy\nSie m\u00f6chten sich gerne ein neues Paar Ski oder ein neues Snowboard kaufen, sind sich aber noch nicht sicher welche Marke beziehungsweise welches Modell es sein soll? Im Testcenter Prodalp haben Sie die M\u00f6glichkeit Snowboards und Skier direkt vor Ort zu testen. Bei der Bezahlung des Testtarifes haben Sie die M\u00f6glichkeit eines uneingeschr\u00e4nkten Materialwechsels w\u00e4hrend der Mietdauer. Und zudem werden beim Kauf bis zu zwei Testtage an den Preis angerechnet.", "url": "https://www.intersport-network.ch/filialen/testcenter-prodalp/", "image": "https://ostpimtsoch.sos-ch-dk-2.exoscale-cdn.com/catalog/8/2/c/4/82c41eba10a95bac71ca4ad095b1e02e627908c4_7c4374a04933339461cb84130ca4a510.jpg", "openstreetmap_id": "way/1280900963"}, "geometry": {"type": "Point", "coordinates": ["9.288613724365861", "47.08039230899453"]}}, {"type": "Feature", "properties": {"identifier": "81af0ace-bb54-4f54-8c5d-f5f21f062d35", "name": "Buchladen Bad Ragaz", "description": "B\u00fccherliebhaber.   Bei unserer kleinen, aber feinen Auswahl an B\u00fcchern wird jeder f\u00fcndig. Alle Titel sind pers\u00f6nlich ausgew\u00e4hlt und die Auswahl immer aktuell.  Eine pers\u00f6nliche Beratung vor Ort ist f\u00fcr uns selbstverst\u00e4ndlich", "url": "https://buchbadragaz.ch/", "image": "https://ostpimtsoch.sos-ch-dk-2.exoscale-cdn.com/catalog/3/f/a/a/3faa93d76def84ba92ff03dabdd4a8ec4d9ba3dd_60c11cc611bdbf196bbe9fa596a839a5.png", "openstreetmap_id": "relation/1683862"}, "geometry": {"type": "Point", "coordinates": ["9.501081705093384", "47.00311805552805"]}}, {"type": "Feature", "properties": {"identifier": "82ae06fb-bf9c-4634-b23a-275d0806d7b6", "name": "Bergrestaurant Prodalp", "description": "Das Bergrestaurant Prodalp ist ein klassisches Selbstbedienungsrestaurant, mit bis zu 400 Sitzpl\u00e4tzen. Die verschiedenen R\u00e4ume sind mit mobilem Mobiliar ausgestattet, was einen flexiblen Einsatz erm\u00f6glicht. Die grossz\u00fcgige Terrasse bietet weitere 250 Sitzpl\u00e4tze, wovon sich ein Teil im \u00fcberdachten Sektor mit Windschutzverglasung befindet. Das Bergrestaurant Prodalp bietet idealen Raum f\u00fcr individuelle Anl\u00e4sse von Firmen, Vereinen oder Gruppen sowie beste Voraussetzungen f\u00fcr Meetings, Seminare und gr\u00f6ssere Veranstaltungen.\n\nDas Prodissimo ist der ideale Ort f\u00fcr einen Zwischenhalt bei Ihrem Wintersporttag am Flumserberg. Wir bieten Ihnen neben einer grossen Auswahl an Getr\u00e4nken, leckere Snacks sowie Geb\u00e4ck. Des Weiteren verkaufen wir bei uns die attraktiven Artikel aus dem Flumserberg FanShop. Das Prodissimo befindet sich direkt neben der CLiiMBER Ausgabestelle bei der Talstation der 8er-Sesselbahn Prodkamm.\n\nDie moderne FahrBar besitzt eine abwechslungsreiche Getr\u00e4nkekarte mit warmen und kalten Drinks f\u00fcr jeden Geschmack. Die FahrBar ist der perfekte Ort f\u00fcr einen Zwischenstopp - sei es bei einem erlebnisreichen Wintersporttag oder einer atemberaubenden Winterwanderung am Flumserberg.", "url": "http://www.prodalp.ch", "image": "https://ostpimtsoch.sos-ch-dk-2.exoscale-cdn.com/catalog/7/9/0/8/79087d5d1a389df03a9c31f980adcd1ec4607e15_21febea2c89630c75d074daad1c4c315.jpg", "openstreetmap_id": "way/194824439"}, "geometry": {"type": "Point", "coordinates": ["9.289385010844985", "47.08064675"]}}, {"type": "Feature", "properties": {"identifier": "82d07b7c-3b6e-4364-b57f-bd60cdc0c42a", "name": "THOMIS Schoggikreationen Manufaktur", "description": "Alle Schoggi Spezialit\u00e4ten sind Eigenkreationen mit Liebe zum Detail handgemachte Pralines &amp; Truff\u00e9s und Schaffhauser Spezialit\u00e4t die Schaffhuuser Spatzen mit dem Original Munot Spatzen.\n\nJedes St\u00fcck ist ein Unikat.\n\nBei mir werden keine k\u00fcnstlichen Konservierungsstoffe und zus\u00e4tzlichen Butter und Zucker dazugegeben. Ausser es enthalten bereits in den Rohstoffen enthaltene Stoffe. Das Rohmaterial wird immer frisch nach M\u00f6glichkeit aus der Region oder aus der Schweiz verwendet. Die Schokolade ist aus bester Edler Schweizer Grand Cru Couverture wie auch die Lik\u00f6re &amp; Spirituosen sind ausschliesslich mit edlen Marken aus der Schweiz &amp; aus Regionalen Eigenbr\u00e4nden von der Distillerie Zimmerli Hans Zimmerli, 8215 Hallau hergestellt. \nDamit die Frische aller Produkte garantiert ist werden immer nur kleinere Mengen hergestellt. Alle Schoggi Kreationen sind Naturbelassene Produkte und haben somit eine begrenzte Haltbarkeit.\n\nIch habe keinen Verkaufsladen. Meine Schoggi-Spezialit\u00e4ten k\u00f6nnen Sie bei meinen Gesch\u00e4ftspartnern in Ihren Verkaufsl\u00e4den kaufen. (Sehen Sie auf der R\u00fcckseite vom Flyer unter Gesch\u00e4ftspartner & Empfehlungen.)\n\nDie Produkte werden auch direkt von mir an den Kunden ausgeliefert oder auf Wunsch bei k\u00fchleren Tagen (bis 15\u00b0-18\u00b0C) per Post versenden.\nAuf Wunsch und Voranmeldung k\u00f6nnen die Kreationen bei mir in der Produktion auch abgeholt werden.\n\nMeine Gesch\u00e4ftspartner und ich, THOMIS Schoggikreationen Manufaktur freuen sich auf Ihren Besuch und Einkauf.\n\nBis Bald\nIhre THOMIS Schoggikreationen Manufaktur aus Schaffhausen mit dem gewissen Etwas...\n\nNEU auch auf Instagram: @thomisschoggikreationen", "url": "https://www.schoggitraumkreationen.ch", "image": "https://ostpimtsoch.sos-ch-dk-2.exoscale-cdn.com/catalog/9/4/9/6/9496d60d00bce5588b8b750a20ae20e110143016_2ac79aa1b3af8688327ed7faf5984cd9.jpeg", "openstreetmap_id": "way/316078382"}, "geometry": {"type": "Point", "coordinates": ["8.645208632060285", "47.71543615"]}}, {"type": "Feature", "properties": {"identifier": "831134dd-4b85-4a3c-b444-cd46e79178ed", "name": "Rodelbahn FLOOMZER", "description": "Flitze auf der sicheren Rodelbahn 2 km und 250 Tiefenmeter durch Tunnel, \u00fcber Br\u00fccken, Kurven, Wellen und Kreisel durch die atemberaubende Landschaft vom Chr\u00fcz bis nach Tannenboden. Mit dem attraktiven Early Bird-Angebot profitierst du t\u00e4glich von unlimitierten Rodelfahrten von 10.00 bis 12.00 Uhr. Dank der wetterfesten Rodel-Fahrzeuge, kann der FLOOMZER-Spass bei jeder Witterung stattfinden. Die Rodelbahn FLOOMZER ist ein beliebtes Ausflugsziel f\u00fcr Familien, Gruppen, Vereine und Firmen.", "url": "https://www.flumserberg.ch/rodelberg", "image": "https://ostpimtsoch.sos-ch-dk-2.exoscale-cdn.com/catalog/d/7/d/1/d7d18c7b6b830d0c73bb74454c73c61eec9c981b_3ab2c2d291cba1c7d591a83256c013ff.jpg", "openstreetmap_id": "node/244067701"}, "geometry": {"type": "Point", "coordinates": ["9.2807483", "47.0919796"]}}, {"type": "Feature", "properties": {"identifier": "838c65b3-d7a8-4e03-a783-4009445ffe18", "name": "Kino S\u00e4ntis Lodge", "description": "Das Kino S\u00e4ntis Lodge bietet zweimal t\u00e4glich verschiedene Filmvorf\u00fchrungen an. Die Vorstellungen finden jeweils um 16:30 Uhr und um 20 Uhr* statt und sind kostenlos. \nDas Kino kann ausserdem ebenfalls f\u00fcr individuelle Anl\u00e4sse, wie zum Beispiel Geburtstagspartys mit einem Wunschfilm und Pizzaplausch, benutzt werden. Familienfreundlich und gem\u00fctlich in Filme eintauchen geht nirgends besser als hier. \n\nWir freuen uns auf Ihren Besuch!\n\n*Bitte beachten Sie, dass der Zugang zum Film ab 20 Uhr nur auf Voranmeldung m\u00f6glich ist.<", "url": "https://bergundbett.ch/kinoprogramm/", "image": "https://ostpimtsoch.sos-ch-dk-2.exoscale-cdn.com/catalog/4/9/7/c/497c01cb475a8df5258f3cfa914a4d81a351ea5d_c298166948a25758a4808265769985f0.jpg", "openstreetmap_id": "way/222237524"}, "geometry": {"type": "Point", "coordinates": ["9.3133166", "47.1963286"]}}, {"type": "Feature", "properties": {"identifier": "85e021f6-840c-4cae-aceb-a9547f83e498", "name": "Schwimmbad Hallau", "description": "L\u00e4ngen schwimmen, plantschen, rutschen oder einfach auf der Liegewiese den Tag geniessen \u2013 so kannst du deine Freizeit in unserer Badi verbringen. Eingebettet in die Natur und mit herrlicher Aussicht auf die wundersch\u00f6nen Rebberge bietet das Schwimmbad Hallau f\u00fcr alle Generationen das passende Angebot. Lass dir die warme Jahreszeit bei uns vers\u00fcssen und besuche uns im Schwimmbad.\n- 50 m Becken\n- 3 m und 1 m Sprungbrett\n- verschiedene Rutschen\n- Kinderbecken und Kleinkinderbecken\n- Spielplatz mit Sandkasten und Schaukeln\n- Tischtennisplatten\n- grosse Liegewiese mit schattenspendenden B\u00e4umen\n- Grillstelle, Feuerholz ist vorhanden\nUnser Kiosk l\u00e4dt mit seinem Angebot an Ess- und Trinkwaren zum Verweilen auf der Terrasse ein.\n\nDie Badi Hallau hat ab Mitte Mai bis Mitte September ge\u00f6ffnet.", "url": "https://schwimmbad-hallau.ch/", "image": "https://ostpimtsoch.sos-ch-dk-2.exoscale-cdn.com/catalog/6/0/7/f/607fbf9ffcdbbade7e5891966a4dc3b17b1327f3_f408c248e3154c701706faebb3c7fa31.jpg", "openstreetmap_id": "way/833351623"}, "geometry": {"type": "Point", "coordinates": ["8.454208062530224", "47.699391"]}}, {"type": "Feature", "properties": {"identifier": "86a7bf84-2678-4b74-be1b-6c61cd3e613e", "name": "Schwimmbad Flaach", "description": "Auf dem gleichen Gel\u00e4nde wie das Naturzentrum Thurauen bietet die Badi Flaach ein 25 Meter langes Schwimmbecken mit Sprungturm, ein Kinderplanschbecken mit Wasserrutsche und Sonnensegel sowie grossz\u00fcgige Liegewiesen direkt am Rhein.\nDas Schwimmbad liegt direkt neben dem Campingplatz Flaach.\nRollstuhlg\u00e4ngige Badezufahrt mit Pool-Lift, gestiftet durch die Schweizerische Stiftung f\u00fcr das cerebral gel\u00e4hmte Kind.", "url": "https://www.flaach.ch/sport/3534", "image": "https://ostpimtsoch.sos-ch-dk-2.exoscale-cdn.com/catalog/1/5/f/4/15f493b356e9e894ae1095836a07622411e5a250_6d1afbb81e7d01d1023b6fa860b394e7.jpg", "openstreetmap_id": "way/11545898"}, "geometry": {"type": "Point", "coordinates": ["8.582048930628215", "47.57834185"]}}, {"type": "Feature", "properties": {"identifier": "86c6040a-ab68-43a6-8618-248384eb6d06", "name": "M\u00fcller Fleisch GmbH", "description": "<p class=\"MsoNormal\">Von der Pferdemetzgerei zum vielseitigen Fleischfachbetrieb: Wir bieten hochwertiges Pferde-, Schweine-, Rinder-, Kalb-, Poulet- und Lammfleisch aus eigener Herstellung&nbsp;&ndash; regional, frisch und qualitativ hochwertig.</p><p class=\"MsoNormal\">Erh&auml;ltlich bei uns in Schleitheim und auch bei Wiederverk&auml;ufern. Sowie, in der Gastronomie und an regionalen Anl&auml;ssen sind wir vertreten.<br>Entdecken Sie mehr auf unserer Website (Online Shop) und folgen Sie uns auf Social Media f&uuml;r aktuelle Neuigkeiten.</p>", "url": "https://www.muellerfleisch.ch/", "image": "https://ostpimtsoch.sos-ch-dk-2.exoscale-cdn.com/catalog/c/1/2/0/c120839678a8b09c592d49aac1b907ebf6fb9eed_07e2b7cf93d12e009b5727202044e260.jpg", "openstreetmap_id": "node/3205134673"}, "geometry": {"type": "Point", "coordinates": ["8.4776524", "47.7447091"]}}, {"type": "Feature", "properties": {"identifier": "86cdf6c2-b02f-42f4-8972-fe35889ef0d3", "name": "Alprestaurant Pan\u00fc\u00f6l", "description": "St\u00e4rken Sie sich f\u00fcr Ihren Tag auf den Ski bei einem Aufenthalt im Alprestaurant Pan\u00fc\u00f6l. Die Inneneinrichtung aus viel Holz verspricht eine heimelige Atmosph\u00e4re und auch die gem\u00fctliche Sonnenterrasse l\u00e4dt zum Verweilen ein. Der Blick auf die rundumliegende Bergwelt ist \u00fcberw\u00e4ltigend.\n\nDas Alprestaurant Pan\u00fc\u00f6l ist auch zu Fuss erreichbar. Erleben Sie die Ruhe am Flumserberg bei einer gem\u00fctlichen Winterwanderung ab Prodalp oder besuchen Sie das Alprestaurant mit dem Pan\u00fc\u00f6l-Sessel via Maschgenkamm.\n\nSowohl im Alprestaurant Pan\u00fc\u00f6l wie auch in der Alph\u00fctte Pan\u00fc\u00f6l werden \u00dcbernachtungsm\u00f6glichkeiten angeboten.", "url": "http://www.alprestaurant-panuol.ch", "image": "https://ostpimtsoch.sos-ch-dk-2.exoscale-cdn.com/catalog/3/2/f/1/32f190eb8d62ceaf91d27ab37108a12fa7bf8048_18da76d32bec5a473672fc07fa7fab58.jpg", "openstreetmap_id": "node/254726096"}, "geometry": {"type": "Point", "coordinates": ["9.2581777", "47.0630157"]}}, {"type": "Feature", "properties": {"identifier": "8c0dd27a-d35a-466a-b43d-8fe2548a10f7", "name": "Aranea+ Kletter- und Badmintonzentrum", "description": "<p>Klettern, Bouldern, Badminton, Pickleball, Bistro + Caf&eacute; unter einem Dach: Das einzigartige Sportzentrum bietet mehr als 200 Kletterrouten drinnen und draussen von einfach bis sehr schwer, 5 <a href=\"https://www.aranea.ch/badminton/online-reservation/\" target=\"_blank\" rel=\"noopener\">Badminton</a>- und Pickleballpl&auml;tze und eine top-moderne Boulderhalle plus Boulderraum mit insgesamt rund 200 Bouldern.&nbsp;Ein Ausflug ins Aranea+ verspricht Abenteuer und Spass f&uuml;r alle und Genuss danach oder davor in unserem Bistro oder auf der sonnigen Bistroterrasse . Und an der Aussenkletterwand kann oft bereits im Fr&uuml;hling im T-Shirt an der Sonne geklettert werden, im Hochsommer ist an der Aussenwand bis am Mittag Schatten. Wer alleine kommt, kann aus mehr als 30 Selbstsicherungsrouten ausw&auml;hlen und bei uns ohne Voranmeldung auch eine Kurzinstruktion bekommen, wenn er neu ist.</p><p>&nbsp;</p><p><strong>Angebot f&uuml;r Einsteiger und Familien, Climbing Challenge:</strong></p><p>Dank den installierten Sicherungshilfen und Selbstsicherungsger&auml;ten ist es m&ouml;glich, ohne Vorkenntnisse und ohne Voranmeldung im Aranea+ zu klettern. Eine kurze Einf&uuml;hrung durch das Personal in die speziellen Sicherungssysteme bef&auml;higt auch Kletterneulinge, gewisse Bereiche in dieser Kletterhalle selbst&auml;ndig zu nutzen. Einmalig ist die Aranea+ Climbing Challenge: Mit einem Badge am Handgelenk sammelt man m&ouml;glichst viele Punkte. Jede erreichte Kontrollstation, die an den W&auml;nden verteilt sind, erh&ouml;ht den Punktestand. Zum Schluss gibt&lsquo;s das pers&ouml;nliche Diplom mit der erkletterten Punktezahl.</p><p>Und beim Bouldern kann ohnehin nach einer kurzen Videoeinweisung losgelegt werden.</p><p>&nbsp;</p><p>Verschenke Kletter- und Badminton-Spass. Hier kannst du online einen <a href=\"https://www.aranea.ch/shop/gutschein-bestellen/\" target=\"_blank\" rel=\"noopener\">Gutschein</a> bestellen.</p>", "url": "http://www.aranea.ch/", "image": "https://ostpimtsoch.sos-ch-dk-2.exoscale-cdn.com/catalog/8/7/1/1/8711eba3e2174eabb6ed6c622ca1227cf21ada7d_70c096ff46f2225ccb89c575e1dd0954.jpg", "openstreetmap_id": "way/240515124"}, "geometry": {"type": "Point", "coordinates": ["8.642419857840157", "47.70678465"]}}, {"type": "Feature", "properties": {"identifier": "8d36c474-3c64-4288-b054-813a3c5fb1b5", "name": "Abenteuer-Zeitreisen TOPAZ GmbH", "description": "Abenteuer Zeitreisen TOPAZ ist der Spezialist f\u00fcr die Organisation von Team-Events, Mitarbeiteressen, Vereinsausfl\u00fcgen oder Rahmenprogrammen. Das Team von TOPAZ \u00fcbernimmt die gesamte Organisation, so dass einem einzigartigen Erlebnis nichts mehr im Weg steht.", "url": "https://zeitreisen.ch/de/", "image": "https://ostpimtsoch.sos-ch-dk-2.exoscale-cdn.com/catalog/3/9/1/3/3913200b608840a962bd7942fa38d848dae3fa35_6d5d3f7f4c0ceaef1524ee66fff69025.jpg", "openstreetmap_id": "node/456718166"}, "geometry": {"type": "Point", "coordinates": ["9.373439", "47.389632"]}}, {"type": "Feature", "properties": {"identifier": "917ebc5d-1429-4ce7-a5bb-77e0492b2555", "name": "Klangsein: Wohltuende und regenerierende Entspannung durch Klang.", "description": "<p>Die Klangschalenmassage zeichnet sich durch obertonreiche Kl&auml;nge und feine Vibrationen aus, welche unser Nervensystem beruhigen. Die Klangschalen werden sowohl auf, als auch um den bekleideten K&ouml;rper positioniert und mit einem Filzschl&auml;gel sanft zum Klingen gebracht. Die harmonischen, obertonreichen Kl&auml;nge der verschiedenen Schalen erm&ouml;glichen Tiefenentspannung. Die feinen Vibrationen der Schalen bringen die Fl&uuml;ssigkeit im K&ouml;rper zum Schwingen und breiten sich im K&ouml;rper aus, vergleichbar mit den konzentrischen Wellen, die entstehen, wenn ein Stein ins Wasser f&auml;llt. Muskul&auml;re Verspannungen werden sanft gel&ouml;st, Faszien gelockert sowie Durchblutung und Lymphfluss angeregt. Die tiefe Entspannung beeinflusst Atmung, Herzkreislaufsystem, Stoffwechsel und Verdauungssystem positiv. Die Regenerationsf&auml;higkeit des K&ouml;rpers wird so gef&ouml;rdert. Das urspr&uuml;ngliche Vertrauen sowie die K&ouml;rper- und Selbstwahrnehmung werden gest&auml;rkt. Ein Gef&uuml;hl von Entspannung und Leichtigkeit wird erfahrbar &ndash; Wellness f&uuml;r K&ouml;rper, Seele und Geist.</p>", "url": "https://klangsein.ch", "image": "https://ostpimtsoch.sos-ch-dk-2.exoscale-cdn.com/catalog/5/e/b/6/5eb677d434d9c0edbfd25e912a27c4e3ab259846_501e6aabdee48872e943ff1da7bce77d.JPG", "openstreetmap_id": "node/2046854445"}, "geometry": {"type": "Point", "coordinates": ["9.30894", "47.20253"]}}, {"type": "Feature", "properties": {"identifier": "95f57711-919e-435d-ae5b-4494533ed9aa", "name": "Pumptrack Fridau", "description": "<p>Die Anlage besteht aus einem Rundkurs mit Wellen, Steilkurven und Spr\u00fcngen.</p>", "url": "https://www.chlingebike.ch/pumptrack/", "image": "https://ostpimtsoch.sos-ch-dk-2.exoscale-cdn.com/catalog/1/e/8/2/1e82184d455d332c66c700c928435202c596bca1_11e06d1fad091a3c46aa90f4125db636.jpg", "openstreetmap_id": "way/1381990631"}, "geometry": {"type": "Point", "coordinates": ["8.8566187", "47.6620765"]}}, {"type": "Feature", "properties": {"identifier": "960528d2-4179-4685-a723-e9768b35c482", "name": "Schwanen Kino & Theater", "description": "<p>Das Kino kann auch f&uuml;r private Veranstaltungen gemietet werden.</p><p>Bis 1600 hiess das Geb&auml;ude Kreuz oder Weisses Kreuz und wurde als Wohn-, Gast- und Wirtshaus genutzt. Im Laufe der Zeit entwickelte es sich zum f&uuml;hrenden Gasthaus am Platz. 1927 wurde das Gasthaus zum Kinobetrieb umfunktioniert und geh&ouml;rt seither zu den &auml;ltesten Kinos der Schweiz.</p>", "url": "https://www.cinema-schwanen.ch/", "image": "https://ostpimtsoch.sos-ch-dk-2.exoscale-cdn.com/catalog/d/a/0/a/da0a927756cda4cd00b5135d10f3b51bf2e28a1f_3170eb8baf6b465cfa0852579bbf0931.jpeg", "openstreetmap_id": "node/247696793"}, "geometry": {"type": "Point", "coordinates": ["8.858442", "47.6573735"]}}, {"type": "Feature", "properties": {"identifier": "98d7c75b-07dd-426d-b061-72924b108a07", "name": "Bike Academy Toggenburg", "description": "Du willst (e-) mountainbiken, bist aber unerfahren auf steilen Anstiegen und Abfahrten? Du bist es nicht gewohnt, auf unterschiedlichem Terrain zu biken?\nDann komm' zu uns - so werden deine Mountainbike-Erlebnisse Spass machen ... mit Sicherheit! Kids lernen bei uns spielend biken: der Spass ist garantiert.\nDie Bike Academy Toggenburg ist bis Oktober t\u00e4glich ge\u00f6ffnet - sende uns jetzt deine Reservationsanfrage.", "url": "http://www.bikeacademytoggenburg.ch/", "image": "https://ostpimtsoch.sos-ch-dk-2.exoscale-cdn.com/catalog/5/0/2/2/5022bff0babf3bea8ae8939a3fdbd72a4cc7bc96_3705351d2cb728526dba6fe4dc4559df.png", "openstreetmap_id": "node/10011460406"}, "geometry": {"type": "Point", "coordinates": ["9.343051314353945", "47.200574813648"]}}, {"type": "Feature", "properties": {"identifier": "9c03003f-a7e5-4c7d-92b2-c82cdd4025e0", "name": "Tennishalle in der alten Spinnerei", "description": "In der alten Spinnerei schlagen Sie Ihre B\u00e4lle auf einem 630m\u00b2 grossen, topmodernen Indoor-Spielfeld. Der Rebound-Ace-Platz (Australian Open, Olympics in Sidney) steht der \u00d6ffentlichkeit t\u00e4glich von 8:00 bis 22:00 Uhr zur Verf\u00fcgung und kann f\u00fcr eine oder zwei Stunden gebucht werden.", "url": "https://lofthotel.ch/tennis-fitness-e-bike/", "image": "https://ostpimtsoch.sos-ch-dk-2.exoscale-cdn.com/catalog/6/6/f/6/66f617b86f23506d446ddbcc49af24631f6f6714_8601b68f751b8003ee70651d3217c376.jpg", "openstreetmap_id": "node/418190191"}, "geometry": {"type": "Point", "coordinates": ["9.2170854", "47.1124346"]}}, {"type": "Feature", "properties": {"identifier": "9dca36e5-0d2d-4f48-874e-a26015221a92", "name": "Igiser Hofl\u00e4dali", "description": "Hofladen und Bio-Bauernhof", "image": "https://ostpimtsoch.sos-ch-dk-2.exoscale-cdn.com/catalog/6/1/8/a/618a29223f7e6a4c9792f3d3f5d08e49ffdb421e_c278f7f6914d897c66a269757e59885c.jpg", "openstreetmap_id": "way/93572539"}, "geometry": {"type": "Point", "coordinates": ["9.579541683197023", "46.953721229174754"]}}, {"type": "Feature", "properties": {"identifier": "9deab758-e1a5-4e1e-b692-4161a9fecf9f", "name": "Bibliothek und Ludothek Nesslau", "description": "<p><strong>Entdecken Sie in der Bibliothek alles, was das Leserherz begehrt!</strong><br>Vom Krimi bis zum Liebesroman, vom Pappbilderbuch bis zum Sachbuch &ndash; hier finden Sie das passende Buch f&uuml;r die ganze Familie!</p>\n<p><strong>Nach einem Besuch in der Ludothek hat Langeweile bei Regenwetter keine Chance!</strong><br>Bei uns finden Sie ein grosses Sortiment an Gesellschaftsspielen, verschiedenen Spielsachen, H&ouml;rb&uuml;chern inkl. Tonies, Outdoorspielen und vielem mehr...</p>\n<p><strong>Fehlt etwas in der Ferienwohnung, z.\u202fB. ein Pizzaofen?</strong><br>Vielleicht finden Sie es in unserer Bibliothek der Dinge. Wir bieten die M&ouml;glichkeit von Einzelausleihen ohne Abo.</p>\n<p><strong>Parkplatz, Treppenlift und Behindertentoilette sind vorhanden.</strong></p>", "url": "https://www.bibliothek-nesslau.ch/", "image": "https://ostpimtsoch.sos-ch-dk-2.exoscale-cdn.com/catalog/5/2/0/b/520bd53611e32acc101154290cd73f5e3dbccf78_dacf53c567c662c9cd465a88d6667da4.jpg", "openstreetmap_id": "node/11306760191"}, "geometry": {"type": "Point", "coordinates": ["9.199032783508303", "47.228938230627655"]}}, {"type": "Feature", "properties": {"identifier": "9e891f5b-aab4-4443-891b-e3fe8e73c131", "name": "KINOTHEATER Madlen", "description": "1949 wurde das Ton-Film-Theater Madlen in Heerbrugg mit dem Film \u00abWeisses Gold\u00bb durch den Betreiber J. Eggimann feierlich er\u00f6ffnet. Sch\u00f6pfer der Pl\u00e4ne und Leiter des Kinobaus war Fred Carnier, der mit diesem stattlichen Geb\u00e4ude grosses architektonisches Geschick an den Tag legte. Der geschmackvolle Saal wurde mit einer kompletten B\u00fchne, einer Kinoleinwand, Polstersesseln und Ledersitzen ausgestattet. Beidseitig zieren pittoreske Gebirgslandschaften vom Kunstmaler Hugentobler aus Appenzell die W\u00e4nde. Das altehrw\u00fcrdige Kinotheater Madlen wurde Ende 2016 durch einen neuen Erweiterungsbau mit einem zweiten Event- und Kinosaal erweitert. Der Unterhaltungsteil wird seither durch eine regionale Gastronomie perfekt erg\u00e4nzt.\n\nDie pers\u00f6nliche Atmosph\u00e4re im KINOTHEATER Madlen erlaubt dem Besucher fr\u00f6hliche Stunden der Erholung.", "url": "http://www.kinomadlen.ch/", "image": "https://ostpimtsoch.sos-ch-dk-2.exoscale-cdn.com/catalog/d/5/e/d/d5ed708e10a975e691200e0ce782424124ba33ff_d8423d0588658d7718f126791e701302.jpg", "openstreetmap_id": "node/600072321"}, "geometry": {"type": "Point", "coordinates": ["9.6301033", "47.4132732"]}}, {"type": "Feature", "properties": {"identifier": "a126ba9b-d533-4878-9b22-0836b97b3cff", "name": "Landgasthof Linde", "description": "In der Mitte von Berschis gelegen, strahlt das 300-j\u00e4hrige Haus jede Menge Tradition und Heimatverbundenheit aus. Treten Sie ein und lassen Sie sich von den gem\u00fctlichen R\u00e4umen \u00fcberraschen. Das Restaurant und das St\u00fcbli werden mit viel Liebe zum Detail geschm\u00fcckt und gepflegt.\n\nGeniessen Sie im rauchfreien St\u00fcbli einen oder mehrere G\u00e4nge des w\u00f6chentlich wechselndes Feinschmeckermen\u00fcs. Im heimeligen Dorfbeizli werden die preiswerten Gerichte mit ebenso viel Liebe zubereitet.", "url": "http://www.lindeberschis.ch", "image": "https://ostpimtsoch.sos-ch-dk-2.exoscale-cdn.com/catalog/a/3/3/c/a33cab811bd60744ddfb385ce8c21fbd3a481332_2b1b034bad22cfc87cd2a211cbcb8270.jpg", "openstreetmap_id": "node/5493974978"}, "geometry": {"type": "Point", "coordinates": ["9.3461533", "47.1063672"]}}, {"type": "Feature", "properties": {"identifier": "a1547f08-b9b4-4838-bd0d-59c54adc9b8f", "name": "Vebikus Kunsthalle Schaffhausen", "description": "Zu den Ausstellungen finden Begleitveranstaltungen statt: \u00f6ffentliche F\u00fchrungen, K\u00fcnstlergespr\u00e4che, Lesungen, Performances sowie Kunstvermittlung f\u00fcr Schulklassen, Kinder und Jugendliche.\n\nDie Schaffhauser Kunstk\u00e4sten bieten Kunstschaffenden einen Raum f\u00fcr ihre Arbeiten. Zehn Schaupl\u00e4tze lassen Kunst in der Schaffhauser Altstadt erwecken. Mehr zum Rundgang und den Ausstellungen erfahren Sie hier: http://www.kunstkaesten-schaffhausen.ch/", "url": "http://www.vebikus.ch/", "image": "https://ostpimtsoch.sos-ch-dk-2.exoscale-cdn.com/catalog/1/3/b/6/13b6aba855765b670484e95b64cb925db067c04c_f3eb251768c58ed2e946959f7475e6c0.jpeg", "openstreetmap_id": "node/3941896863"}, "geometry": {"type": "Point", "coordinates": ["8.6364235", "47.6944915"]}}, {"type": "Feature", "properties": {"identifier": "a1731ea7-5b28-4444-ac52-275773695962", "name": "Villiger Delikatessen & Catering", "description": "<p>Fachgesch&auml;ft f&uuml;r Fleisch, Wurst, K&auml;se und andere Delikatessen.</p><p><strong>Catering<br></strong>Vielf&auml;ltige kalte Platten, ganze Buffets, warme und kalte Men&uuml;s vom Ap&egrave;ro bis zum Dessert.</p><p><strong>Take Away<br></strong>T&auml;glich frische Mittagsmenues.</p><p><strong><a href=\"https://chlosterschuer.ch/\" target=\"_blank\" rel=\"noopener\">Villiger's Chlostersch&uuml;&uuml;r</a><br></strong>F&uuml;r Events und mehr. In den 600-j&auml;hrigen Gem&auml;uern der ehemaligen Zehntenscheune des Klosters. St. Georgen in Stein am Rhein entsteht ein einzigartiges Eventlokal &ndash; die Chlostersch&uuml;&uuml;r. Ob f&uuml;r eine Familienfeier, einen Firmen- oder Vereinsanlass, die Chlostersch&uuml;&uuml;r ist der optimale Veranstaltungsraum im Herzen von Stein am Rhein.</p>", "url": "https://www.villiger-delikatessen.ch/", "image": "https://ostpimtsoch.sos-ch-dk-2.exoscale-cdn.com/catalog/c/3/8/5/c385802eb4650c687649bfdb521b2f68caa05623_a875583a814806a1f933da3783bcb1d8.jpg", "openstreetmap_id": "node/1564395203"}, "geometry": {"type": "Point", "coordinates": ["8.8588599", "47.6597596"]}}, {"type": "Feature", "properties": {"identifier": "a2e7f4e1-4e7f-4e64-bd10-593343538a3a", "name": "Haus am Rain Ski- und Ferienhaus", "description": "<div><p>Willkommen in unserem charmanten Gruppenhaus mit sieben einladenden Zimmern. Jedes Zimmer bietet Platz f&uuml;r bis zu vier Personen und verf&uuml;gt &uuml;ber ein eigenes Badezimmer.</p><p>Das Haus bietet grossz&uuml;gige Aufenthaltsr&auml;ume, die zum geselligen Beisammensein einladen, sowie eine voll ausgestattete Gastrok&uuml;che, die kulinarische Erlebnisse f&uuml;r gr&ouml;ssere Gruppen erm&ouml;glicht. F&uuml;r kleinere Gruppen steht zudem eine separate, gem&uuml;tliche K&uuml;che zur Verf&uuml;gung.</p><p>Die weitl&auml;ufige Terrasse mit Grill l&auml;dt zu unvergesslichen Grillabenden unter freiem Himmel ein &ndash; begleitet von einer atemberaubenden Aussicht auf die majest&auml;tischen Berge S&auml;ntis und Schafberg.</p><p>Dank der ruhigen und dennoch zentralen Lage, nur f&uuml;nf Minuten von den &ouml;ffentlichen Verkehrsmitteln und den Bergbahnen entfernt, ist das Haus der ideale Ausgangspunkt f&uuml;r Skifahrer, Wanderer und Biker.</p><p>Hier finden Sie den perfekten Ort, um zur Ruhe zu kommen, die Natur zu geniessen und neue Abenteuer zu erleben.</p></div>", "url": "https://hausamrain.ch", "image": "https://ostpimtsoch.sos-ch-dk-2.exoscale-cdn.com/catalog/e/9/b/2/e9b262d71a724e472a4582a7d56d766b875fb07b_5a89d869d324eb9aa99a905d909211ed.jpg", "openstreetmap_id": "way/222237321"}, "geometry": {"type": "Point", "coordinates": ["9.282629550000003", "47.190927599999995"]}}, {"type": "Feature", "properties": {"identifier": "a42682c1-d870-4246-bf87-e104e278a743", "name": "Smartescape | Escape Room Schaffhausen", "description": "Der Tempel der Zeit ist ein einzigartiges Erlebnis mit neuen kniffligen Herausforderungen und einer Geschichte, die Euch zu Helden macht. \nSeit der Mayakalender 2012 abgelaufen ist, liegt die Welt in Schutt und Asche. Nach einer Legende kann dies nur durch eine Zeitreise im verborgenen Tempel der Zeit r\u00fcckg\u00e4ngig gemacht werden. Stelle Dich den t\u00fcckischen R\u00e4tseln des Mayatempels und finde den Mayakalender, bevor es zu sp\u00e4t ist. Die Uhr tickt\u2026\nVergesst die Realit\u00e4t und taucht f\u00fcr eine Stunde in die Welt der antiken Mayas ein. In diesem Moment ist die Mission alles was z\u00e4hlt. \nEine eigens entwickelte Infrastruktur erm\u00f6glicht es, die Spiele bis aufs Detail zu analysieren und die Leistungen Deines Teams zu visualisieren und zu vergleichen.\n", "url": "https://smart-escape.ch/", "image": "https://ostpimtsoch.sos-ch-dk-2.exoscale-cdn.com/catalog/d/8/a/0/d8a0e32e71c4d61e19f1de7bde76f92eec624cb2_dbc42b044079917c596467a014a5fd79.jpg", "openstreetmap_id": "node/2949424254"}, "geometry": {"type": "Point", "coordinates": ["8.6393815", "47.6953486"]}}, {"type": "Feature", "properties": {"identifier": "a4ebe6ef-10cc-4e32-8a71-15dd73ac0777", "name": "La Canoa ", "description": "Es gibt kaum einen sch\u00f6neren Weg den Bodensee mit seiner einzigartigen Natur- und Kulturlandschaft zu entdecken als paddelnd vom Wasser aus. La Canoa, das Kanuzentrum in Konstanz, r\u00fcstet Wasserbegeisterte aus mit Paddel-Equipment und bietet ein vielf\u00e4ltiges Kursangebot und Routenvorschl\u00e4ge. Wie w\u00e4re es zum Beispiel beim Aufenthalt am Bodensee bis zur Unterkunft mit dem Kanu zu paddeln? Oder den Bodensee-Kanuweg unter die Ruder zu nehmen? 25 Abgabestationen rund um den Bodensee machen diese etwas andere Art des Reisens m\u00f6glich. Auf Schweizer Bodenseeseite finden sich SUP- und Kanustationen in Romanshorn, Kreuzlingen, Gottlieben, Steckborn, Stein a.R., Schaffhausen. Hier k\u00f6nnen Boote und SUP's gemietet und abgegeben werden. F\u00fcr Gruppen-, Schulklassen-, Firmen- und Teambuildingausfl\u00fcge bietet La Canoa gef\u00fchrte Kanutouren an. Das gemeinsame Fortbewegen auf dem Wasser st\u00e4rkt den Zusammenhalt, denn nur mit vereinten Kr\u00e4ften gelangt man ans Ziel. Ein spritziger und erlebnisreicher Tag ist garantiert.", "url": "http://www.lacanoa.com/", "image": "https://ostpimtsoch.sos-ch-dk-2.exoscale-cdn.com/catalog/7/7/5/4/775430e4330174a48e96af9be3aa382ced0946a1_25975aa43b913aca161dd4945df5a181.JPG", "openstreetmap_id": "way/194904580"}, "geometry": {"type": "Point", "coordinates": ["9.148033261299135", "47.6755384976673"]}}, {"type": "Feature", "properties": {"identifier": "a7c02bf1-0e4d-4d47-aa78-cc197eea4ec4", "name": "Yoga in der Trefferei in Unterwasser", "description": "<p>Yoga bietet dir eine wertvolle Auszeit, in der wohltuende Bewegungen deinen K&ouml;rper und Geist st&auml;rken. Es f&ouml;rdert deine Kraft, Flexibilit&auml;t und verbindet Atmung mit Bewegung f&uuml;r ein harmonisches Wohlbefinden.</p>\n<p>&nbsp;</p>\n<p><a href=\"https://www.eversports.ch/scl/gesundheitszeit-gmbh\" target=\"_blank\" rel=\"noopener\">Buche hier dein Yoga-Erlebnis</a></p>", "url": "https://www.gesundheitszeit.com", "image": "https://ostpimtsoch.sos-ch-dk-2.exoscale-cdn.com/catalog/3/7/1/3/37139372da3092952014a8e5c1a24b8587fb9f1d_f63e6c9d88161d134e779b0c90f77496.jpg", "openstreetmap_id": "way/222237609"}, "geometry": {"type": "Point", "coordinates": ["9.307404756407534", "47.19817667222202"]}}, {"type": "Feature", "properties": {"identifier": "abe52916-cfb2-4264-9e1e-57eb7a584b04", "name": "Hasenb\u00fcel - Ferien auf dem Bauernhof", "description": "Oberhalb des Dorfes Dicken im Neckertal liegt unser Hof mit herrlicher Aussicht in die Bergwelt. Wir betreiben Milchwirtschaft und Schweinezucht. Nebenbei haben wir noch einen Hofladen mit Konfit\u00fcren, Sirup, Eingemachtes und Geschenksartikel. \n\nUm sich vom Alltag zu erholen, geniessen Sie die Ruhe bei uns. Idealer Ausgangspunkt f\u00fcr Ausfl\u00fcge ins Toggenburg und ins Appenzellerland. \n\nUnsere 5-Zimmer-Wohnung befindet sich im 3. Stock mit eigenem Eingang; K\u00fcche mit Esszimmer, Wohnzimmer, 2 Doppelzimmer, Dusche/WC. Eine Etage h\u00f6her: ein Doppelzimmer. Raumh\u00f6he 1,85 m. \n\nHerzlich willkommen - bei uns im Hasenb\u00fcel.", "url": "https://www.hasenbuel.ch", "image": "https://ostpimtsoch.sos-ch-dk-2.exoscale-cdn.com/catalog/2/c/7/4/2c74422d9c8f3b5fba8aded2200570851286eaa2_f7c44d78a05824a9fa6acc55f9e9ac69.jpg", "openstreetmap_id": "way/177911518"}, "geometry": {"type": "Point", "coordinates": ["9.187876661075947", "47.33900375"]}}, {"type": "Feature", "properties": {"identifier": "ad7b4ad2-6777-4792-a4eb-a7653beeca50", "name": "SEA Life Konstanz", "description": "Willkommen in einer Welt voller schillernder Schuppen, beeindruckender Tentakeln und rasiermesserscharfer Z\u00e4hne, einer Welt des Schwimmens, Schnappens und Zwickens!\n\nBestaune atemberaubende Meeresbewohner in der faszinierenden Unterwasserwelt des SEA LIFE Konstanz. Erlebe die drolligen Eselspinguine, ber\u00fchre die Lebewesen im Erlebnisbecken und stehe Flosse an Flosse mit Haien, falls du dich traust. Lerne auf interaktive und unterhaltsame Weise viele interessante Fakten \u00fcber die Tiere und ihre unterschiedlichen Lebensr\u00e4ume.\nIn vielen naturgetreu gestalteten Becken tummeln sich Tiere verschiedenster Arten, die es zu entdecken gilt! Bei deiner Reise durch das SEA LIFE Konstanz siehst du die heimischen Fische des Bodensees und der Umgebung, folgst dem Verlauf des Rheins durch den Rotterdamer Hafen in die Nordsee und begleitest die Str\u00f6mungen der Meere durch das Rote Meer, vorbei am Amazonas und den Regenw\u00e4ldern bis in die klirrendkalten Gew\u00e4sser der Antarktis. Unterwegs gibt es f\u00fcr Gro\u00df und Klein viel zu erleben. Sind es die vermeintlich furchteinfl\u00f6\u00dfenden Piranhas des Regenwaldes, die Gr\u00fcnen Meeresschildkr\u00f6ten, die majest\u00e4tischen Haie oder doch die zehn quirligen Eselspinguine, die du unbedingt sehen m\u00f6chtest?\nEin Besuch im SEA LIFE Konstanz ist f\u00fcr die ganze Familie, Schulklassen und Gruppen, Naturinteressierte und Neugierige - kurz: f\u00fcr Gro\u00df und Klein, Jung und Alt ein erlebnisreiches, informatives und wetterunabh\u00e4ngiges Ausflugsziel.", "url": "http://www.sealife.de/konstanz", "image": "https://ostpimtsoch.sos-ch-dk-2.exoscale-cdn.com/catalog/d/3/3/f/d33f9f86d43210ae3a36362bb81c105ae991d13f_ff67827b8e2b3a9a3beeba83a66f1752.jpg", "openstreetmap_id": "node/9772338448"}, "geometry": {"type": "Point", "coordinates": ["9.18018", "47.65706"]}}, {"type": "Feature", "properties": {"identifier": "ae0b0604-7b19-4a73-9129-72a026929dc0", "name": "Kantonsbibliothek Thurgau", "description": "Ein Aufenthaltshort zum Lesen, Lernen und Verweilen...\nEin grosser Lesesaal, WLAN, PC- und diverse Einzelarbeitspl\u00e4tze stehen f\u00fcr Katalog- und Internetrecherchen zur Verf\u00fcgung und erm\u00f6glichen vertieftes Arbeiten. Ausserdem bietet die Kantonsbibliothek Zugang zu zahlreichen digitalen Angeboten, darunter ein Presseportal mit \u00fcber 300 vorwiegend deutschsprachigen Tages- und Wochenzeitungen, Sprachkurse, Film- und Musikstreaming und mehrere Plattformen mit E-Books, E-Paper und E-Magazines.\n\nDie gr\u00f6sste kantonale Bibliothek ist auch die zentrale Sammel- und Vermittlungsstelle f\u00fcr thurgauisches Schriftentum. Sie beherbergt einen bemerkenswerten historischen Buchbestand; alte, kostbare, ja einmalige Werke (Handschriften, Inkunabeln und alte Drucke), von denen nicht wenige aus aufgehobenen Thurgauer Kl\u00f6stern stammen.", "url": "https://kantonsbibliothek.tg.ch/", "image": "https://ostpimtsoch.sos-ch-dk-2.exoscale-cdn.com/catalog/e/1/8/9/e189e268b0711203d91b679386b351e3819e9b3d_956010e70d156fd4d236c7b40d9382b8.jpg", "openstreetmap_id": "way/220908319"}, "geometry": {"type": "Point", "coordinates": ["8.899457323304771", "47.55621805"]}}, {"type": "Feature", "properties": {"identifier": "ae0b3c2d-c8dc-4ff4-b37e-7af3f086a690", "name": "Ferien auf dem Bauernhof Halden", "description": "In der Wohnung gibt es Platz f\u00fcr 7 Personen. Nebst der K\u00fcche, Wohnzimmer und Badezimmer sind 2 Doppelzimmer sowie ein Schlafzimmer mit zwei Einzelbetten vorhanden.", "url": "https://115817000000.holidaybooking.ch/ferienwohnung/446033/halden-598-unterwasser-toggenburg-ostschweiz-schweiz/#bewertung", "image": "https://ostpimtsoch.sos-ch-dk-2.exoscale-cdn.com/catalog/a/5/4/b/a54b8d42571a18b6f8db218fa7a32823249f3948_73b5b8e1cc8afea377d672345baf88d4.jpg", "openstreetmap_id": "way/626248835"}, "geometry": {"type": "Point", "coordinates": ["9.29376", "47.2022"]}}, {"type": "Feature", "properties": {"identifier": "af0729a1-1964-4532-b59b-b664c34728c4", "name": "Weiere Sauna", "description": "<p>Das Naherholungsgebiet Drei Weihern z&auml;hlt zu den sch&ouml;nsten Naturschwimmb&auml;dern der Schweiz. Im alten Badehaus haben St.Galler Architekten mit viel Feingef&uuml;hl eine Sauna gebaut. Die &auml;sthetische Ausstattung ist aufs Wesentliche reduziert: Garderoben mit Duschen, zwei Saunar&auml;ume mit unterschiedlichen Temperaturen sowie ein Ruheraum mit Aussicht in den Wald. Zum Abk&uuml;hlen l&auml;dt der romantische Schwimmweiher. Grossz&uuml;gige, teilweise gedeckte Liege- und Sitzgelegenheiten laden zum Verweilen ein. Ein Bistro mit ausgew&auml;hlten Getr&auml;nken und einem Angebot f&uuml;r den kleinen Hunger rundet das Angebot ab. Eine winterliche Oase der Ruhe, Erholung und Gesundheit.</p>", "url": "http://www.weieresauna.ch", "image": "https://ostpimtsoch.sos-ch-dk-2.exoscale-cdn.com/catalog/6/9/a/c/69aca947b0cad979eed8b8b38fdf128e7ff80cca_e2d75ffcb82cf54e38c8f94b2e7f5901.jpg", "openstreetmap_id": "way/125682190"}, "geometry": {"type": "Point", "coordinates": ["9.39152700294117", "47.42258195"]}}, {"type": "Feature", "properties": {"identifier": "b37ab7c4-a418-4a3c-8c09-39bdcae9f9d3", "name": "Pavillon im Park", "description": "Feiern, Tagen und Begegnen. Die Eventlocation mit einem flexiblen Raumkonzept mit 4 S\u00e4len, B\u00fchne, Foyer, Terrasse und grossem Garten bietet das ideale Ambiente f\u00fcr Veranstaltungen aller Art und Gr\u00f6ssen. 30 bis 350 Personen finden auf \u00fcber 600 m2 Raumfl\u00e4che Platz. F\u00fcr die Generalversammlung, das Business-Meeting, die Kunstausstellung, die Diplomfeier oder die Hochzeitsfeier. Dank der umfassenden Renovierung trifft hier historischer Charme auf moderne Event-Infrastruktur. Neueste Technik, Klimaanlage und zeitgem\u00e4sses Mobiliar. Zu jedem Anlass wird das passende kulinarische Angebot unterbreitet, von kleinen H\u00e4ppchen bis hin zum mehrg\u00e4ngigen Gala-Dinner. \n\nDer charmante Stadtkeller im Nebengeb\u00e4ude eignet sich f\u00fcr feierliche Anl\u00e4sse f\u00fcr bis zu 24 Personen.", "url": "https://www.pavillonimpark.ch", "image": "https://ostpimtsoch.sos-ch-dk-2.exoscale-cdn.com/catalog/5/7/0/f/570faef5837592cb1d420c7569c002391ec5ed1f_9355aecf168910644a9f05afc9c2bd1d.jpg", "openstreetmap_id": "way/218003749"}, "geometry": {"type": "Point", "coordinates": ["8.6299532", "47.6960168"]}}, {"type": "Feature", "properties": {"identifier": "b3f1f490-a274-4762-90b5-a2dd38da2ff4", "name": "Ticiland Freizeitpark", "description": "<p>Das Ticiland ist ein einzigartiger Familien-Freizeitpark in Stein am Rhein. Durch den grossen Indoor-Bereich ist er ein Ausflugsziel f&uuml;r das ganze Jahr, bei jedem Wetter. Aber auch der Outdoor-Bereich bietet Spass f&uuml;r die ganze Familie.</p><p>Achterbahn fahren wenn draussen der Schnee liegt oder im Sommer die Wasserschlacht auf dem Wasserkarussell im Aussenbereich, das Ticiland bietet ganzj&auml;hrig etwas f&uuml;r jedes Alter.</p><p>Feiere deinen Geburtstag bei uns im Ticiland und erlebe die einmalige Atmosph&auml;re mit deinen Freunden und geniesse deinen ganz speziellen Tag an einem ganz speziellen Ort.</p><p>Willst du direkt beim &laquo;Ticiland&raquo; Freizeitpark &uuml;bernachten? Urlaub im Wohnmobil werden immer beliebter, direkt beim &laquo;Ticiland&raquo; Freizeitpark bieten wir eine &Uuml;bernachtungsm&ouml;glichkeit mit Stellplatz an.</p>", "url": "https://www.ticiland.ch/", "image": "https://ostpimtsoch.sos-ch-dk-2.exoscale-cdn.com/catalog/4/6/f/f/46ff7ae56aecad9209c97b044919df4200db8a45_1ffca02081a58d296265d263d0697db4.jpeg", "openstreetmap_id": "way/849428505"}, "geometry": {"type": "Point", "coordinates": ["8.855242750324514", "47.6532743"]}}, {"type": "Feature", "properties": {"identifier": "b59bf984-7073-4a92-bb1a-bd7ba2df5533", "name": "Privat Spa im Hotel Schloss Wartegg", "description": "<p>Das historische \"T&uuml;rkise Bad\" ist ein 5,5 m grosses Bade-Oval aus dem Jahr 1928. Hier l&auml;sst es sich nach einem Saunagang vollkommen erholen. Auch die Liegeterrasse mit Blick auf die Baumkronen des Schlossparks l&auml;dt zur Entspannung ein.</p>\n<p>Das buchbare Angebot <a href=\"https://wartegg.ch/offer/2015/05/historisch-baden-und-genuesslich-tafeln/\" target=\"_blank\" rel=\"noopener\">Historisch baden und gen&uuml;sslich tafeln</a> verbindet f&uuml;rstlichen Badegenuss mit k&ouml;niglichem Gaumenschmaus in den historischen Gem&auml;uern vom Schloss Wartegg.&nbsp;</p>", "url": "https://wartegg.ch/spa/", "image": "https://ostpimtsoch.sos-ch-dk-2.exoscale-cdn.com/catalog/e/0/b/d/e0bdaac6f51e49b93c31e62fcc976c1ce9149c2b_3e75b94f1760fd45e6b427320ef083ca.jpg", "openstreetmap_id": "way/186554885"}, "geometry": {"type": "Point", "coordinates": ["9.530157315389758", "47.478370103315854"]}}, {"type": "Feature", "properties": {"identifier": "b8cb451f-6ed9-446e-9515-1c682194c5c3", "name": "Wolzenalp", "description": "<p>Die Wolzenalp begeistert das ganze Jahr &uuml;ber als vielseitiges Ausflugsziel f&uuml;r Familien, Naturfreunde und Geniesser. Ob verschneite Winterlandschaft oder sonnige Bergtage &ndash; hier warten unvergessliche Erlebnisse in jeder Jahreszeit. Im Winter verwandelt sich die Wolzenalp in ein besonders familienfreundliches Schneesportgebiet. Das &uuml;berschaubare Skigebiet mit liebevoll gestaltetem Kinderland bietet ideale Bedingungen f&uuml;r die ersten Schw&uuml;nge im Schnee. In der Schneesportschule lernen Kinder und Erwachsene spielerisch Ski- und Snowboardfahren. Erg&auml;nzt wird das Winterangebot durch abwechslungsreiche Schlittelpisten, stimmungsvolle Schneeschuhtouren und sorgf&auml;ltig pr&auml;parierte Winterwanderwege, die die verschneite Bergwelt auf ruhige Weise erlebbar machen. Im Sommer zeigt sich die Wolzenalp von ihrer naturverbundenen Seite. Familien geniessen den grossz&uuml;gigen Kinderspielplatz, gem&uuml;tliche Grillstellen und spannende Themenwege wie den Klimaerlebnisweg und den Moorerlebnisweg, die Naturwissen mit Bewegung verbinden. F&uuml;r Aktive bieten sich vielseitige Bike-Strecken sowie zahlreiche Wanderwege mit herrlichem Panorama &uuml;ber das Toggenburg an. Ein besonderes Highlight ist das Bergrestaurant mit sonniger Terrasse, das nicht nur mit einer traumhaften Aussicht &uuml;berzeugt, sondern auch mit frischen, regionalen Spezialit&auml;ten aus der Umgebung. Die Verbindung aus authentischer Berggastronomie, herzlicher Atmosph&auml;re und naturnahem Freizeitangebot macht die Wolzenalp zu einem einzigartigen Ausflugsziel f&uuml;r jede Jahreszeit. Ihre Vorteile auf einen Blick: Ganzjahres-Erlebnis f&uuml;r die ganze Familie, besonders kinderfreundliches Freizeitangebot. Naturerlebnisse im Sommer und Winter, regionale K&uuml;che mit Panoramaterrasse. Erholung und Aktivit&auml;t an einem Ort vereint.<br><br>Auskunft zur Zug&auml;nglichkeit: <a href=\"https://www.ginto.guide/entries/BFB0F82C-C09A-4943-B79D-E0A5B5611EA7?lnk_src=business\">ginto</a></p>", "url": "https://www.wolzenalp.ch", "image": "https://ostpimtsoch.sos-ch-dk-2.exoscale-cdn.com/catalog/3/a/8/6/3a86cbf1f9fb69220b325e0203b40add3ea428be_c1d822e782165d95cf6c5f8006cc9c8a.jpg", "openstreetmap_id": "647467721"}, "geometry": {"type": "Point", "coordinates": ["9.168841838836672", "47.243952753251826"]}}, {"type": "Feature", "properties": {"identifier": "ba0e7fbf-24f4-4281-822e-8540095ec642", "name": "Goba Mineralquelle und Manufaktur - Laden Gontenbad", "description": "Hier hat in den 1930er Jahren alles begonnen. Hier fliesst unsere Quelle, hier schl\u00e4gt unser Herz.\nBesuchen Sie den Laden und entdecken Sie unsere vielf\u00e4ltigen K\u00f6stlichkeiten. Lassen Sie sich mit unseren Produkten verw\u00f6hnen. Das Goba-Team freut sich auf Sie!", "url": "https://goba-welt.ch/standorte-anfragen/gontenbad", "image": "https://ostpimtsoch.sos-ch-dk-2.exoscale-cdn.com/catalog/5/d/5/4/5d54fda018c315b6feeec98f27f575bf41fe4869_0ed862e403972174bf05ba63103a9b8e.jpg", "openstreetmap_id": "243310938"}, "geometry": {"type": "Point", "coordinates": ["9.372748732566835", "47.332030970659"]}}, {"type": "Feature", "properties": {"identifier": "bba644fb-dd6e-4cce-9865-1be9bcf533fc", "name": "INTERSPORT Network Flumserberg Filiale Unterterzen", "description": "\u00dcber den Winter bleibt die Filiale Unterterzen geschlossen. Wir freuen uns dich sobald die Temperaturen w\u00e4rmer werden wieder zu begr\u00fcssen.\n\nDie INTERSPORT Network Flumserberg Filiale in Unterterzen befindet sich direkt am Seeufer des Walensees. Gerne \u00fcberzeugen wir Sie von unserem topaktuellen Sortiment, kundenorientierten Dienstleitungen und fachkompetenter Beratung und sind mit Freude f\u00fcr Sie da. Im Sommer haben Sie die M\u00f6glichkeit, Stand-up-Paddles, Kajaks und Pedalos zu mieten. W\u00e4hrend des ganzen Jahres pr\u00e4sentiert die Filiale eine grosse und der Saison angepasste Textilabteilung.\n\nWie w\u00e4re es mit einer E-Bike-Tour entlang des Walensees? Den fahrbaren Untersatz daf\u00fcr mieten Sie ganz einfach in der INTERSPORT Filiale Unterterzen.\n\nJetzt Fahrrad online mieten unter www.intersport-network.ch", "url": "https://www.intersport-network.ch/filialen/unterterzen/", "image": "https://ostpimtsoch.sos-ch-dk-2.exoscale-cdn.com/catalog/0/7/4/9/07499aeb3a2cfad07f77f3612b6ba31c238777ef_38e991e1529c94a4cf7d7edc69dc3cb4.jpg", "openstreetmap_id": "node/690890277"}, "geometry": {"type": "Point", "coordinates": ["9.2559119", "47.1151965"]}}, {"type": "Feature", "properties": {"identifier": "bc55a94c-7306-411f-abf8-272cf9b01886", "name": "KSS Sport- und Freizeitpark Schaffhausen", "description": "Raus aus dem Alltag und rein ins Vergn\u00fcgen! Ohne Jetlag und ohne Stau. Die KSS ist Ihr sommerliches Ferienparadies f\u00fcr sch\u00f6ne Stunden und Ihre Erholungs- und Sportoase im Winter.\n\nPlanschen Sie - ob im Sommer oder im Winter - in einem der vielen Becken: Warmwasser-Aussenbecken, Nichtschwimmer- und Schwimmerbecken, Wildwasserrutschbahn, Grillstellen und vieles andere bieten Erlebnis und Erholung f\u00fcr Sportler und Vergn\u00fcgungssuchende.\n\nEntspannen Sie in der Wellnessoase in einer der verschiedenen Saunen oder im Dampfbad und geniessen Sie die Stille im Ruheraum oder auf der Liegeterrasse.\n\nBesuchen Sie  im Winter den Eispark und erfreuen Sie sich am Schlittschuhlaufen, Eisstockschiessen, Curlen oder Eishockeyspielen. Um den Hunger oder Durst zu stillen lohnt sich auf jeden Fall ein Besuch in der KSS Gastronomie.", "url": "http://www.kss.ch/", "image": "https://ostpimtsoch.sos-ch-dk-2.exoscale-cdn.com/catalog/4/0/a/7/40a77526f85b566f4b5966f0568671d8c084fcb5_a9f5f29472374c3fa8af4446cf199446.jpg", "openstreetmap_id": "way/232339023"}, "geometry": {"type": "Point", "coordinates": ["8.62225866280024", "47.7040448"]}}, {"type": "Feature", "properties": {"identifier": "bcb401c1-b64e-45b0-a930-69fc60b99f08", "name": "Minigolf mit Kiosk im Kurpark Bad Ragaz", "description": "Wer gerne im romantischen Dorf bleibt, wagt vielleicht einen Abstecher in den Kurpark. Hier, mitten im Herzen von Bad Ragaz, l\u00e4dt unser resorteigener Minigolfplatz mit 18 Bahnen zum heissen Match ein.", "url": "http://www.resortragaz.ch", "image": "https://ostpimtsoch.sos-ch-dk-2.exoscale-cdn.com/catalog/0/9/b/b/09bb867bc5a9a5603c8586aeabeb61bdd574051f_bf91ff98522d1f558573247bda8743c3.jpg", "openstreetmap_id": "way/166536391"}, "geometry": {"type": "Point", "coordinates": ["9.502320144456753", "47.001469650000004"]}}, {"type": "Feature", "properties": {"identifier": "c10724ce-9cc5-4893-9bf6-8cb1beb7f8bc", "name": "INTERSPORT Flumserberg THE ORIGINAL", "description": "Gr\u00fc\u00e4zi bei INTERSPORT FLUMSERBERG - das Feine, einheimische Sportgesch\u00e4ft am Flumserberg, Tannenboden Dorf. Bei uns findest du alles rund um den Wintersport. Ski, Snowboard und Langlauf mieten; einfach, schnell, preiswert und beste Qualit\u00e4t. Wir sind echte Schneesportprofis und die Sport Dienstleister der Region. Unser Mietmaterial und die Infrastruktur sind topmodern und wir k\u00f6nnen euch schon heute eine hervorragende Betreuung durch unser junges, langj\u00e4hriges & einheimisches Personal garantieren. Direkt beim Skischulsammelplatz Tannenboden Dorf gelegen. Mit den \u00dcbungsliften Schwammkopf und Madils gelangst du einfach und direkt ins Skigebiet. Offizieller St\u00f6ckli H\u00e4ndler. Speziallist Skischuh Verkauf.\nOnline Reservation: https://www.intersportflumserberg.ch/rent#rent", "url": "https://www.intersportflumserberg.ch/", "image": "https://ostpimtsoch.sos-ch-dk-2.exoscale-cdn.com/catalog/3/a/5/9/3a59322ceae9f301063de19f82f363fcfe1ccb9b_e410216403989578297244df06105b27.jpeg", "openstreetmap_id": "node/4727739995"}, "geometry": {"type": "Point", "coordinates": ["9.284648895263674", "47.09361788664114"]}}, {"type": "Feature", "properties": {"identifier": "c19d016b-0e7a-48c2-a93a-e2baebae10d5", "name": "Stiftung Eisenbibliothek", "description": "Die Eisenbibliothek - Stiftung der Georg Fischer AG Schaffhausen - ist eine weltbekannte Spezialbibliothek und internationale Begegnungsst\u00e4tte zur technikgeschichtlichen Forschung.\nDiese besondere Sammlung beherbergt einige der \u00e4ltesten und seltensten B\u00fccher der Welt \u00fcber die Geschichte der Eisenmetallurgie, der Wissenschaft und der Technik. Sie ist im wundersch\u00f6nen alten Paradieskloster untergebracht, dessen Gel\u00e4nde direkt am Oberrhein liegt.\nDer Bestand umfasst \u00fcber 47 000 Druckwerke aus 750 Jahren, viele davon aus der Zeit der Renaissance und der Aufkl\u00e4rung. \nAuf Besucher warten Monographien \u00fcber Eisengewinnung und -verarbeitung, Alchemie, Arch\u00e4ologie, Technik- und Verkehrsgeschichte, Architektur, Kunstgeschichte und Kunstschmiedearbeiten, Wirtschafts- und Sozialgeschichte, Maschinen- und Br\u00fcckenbau, Militaria, Hoch- und Tiefbau, Schiffsbau, Geowissenschaften, Mathematik, Physik, Chemie, Bergbau und Bergrecht, Naturgeschichte, Mineralogie und Metallurgie, Metallkunde und Werkstoffpr\u00fcfung. Dazu geh\u00f6ren mittelalterliche Manuskripte mit Schriften von Aristoteles, eine Kopie von Isaac Newtons Principia (1687) und Baupl\u00e4ne f\u00fcr den Eiffelturm.", "url": "http://www.eisenbibliothek.ch/", "image": "https://ostpimtsoch.sos-ch-dk-2.exoscale-cdn.com/catalog/d/9/c/a/d9ca43b9547f6bbffdec198587eaa01797fdb258_8c6cba5117466cd3d146c5e63d7797e2.JPG", "openstreetmap_id": "way/80138342"}, "geometry": {"type": "Point", "coordinates": ["8.675723075866701", "47.68436589634669"]}}, {"type": "Feature", "properties": {"identifier": "c310b85b-23e9-4b33-b283-3a197a899a1c", "name": "Restaurant Chutnee", "description": "Freuen Sie sich auf eine aufregende Mischung aus indischer K\u00fcche, Tandoori-Spezialit\u00e4ten (Freitag- und Samstagabend) und beliebten europ\u00e4ischen Gerichten.", "url": "https://www.hotelschlossragaz.ch/de/chutnee-im-schloss/", "image": "https://ostpimtsoch.sos-ch-dk-2.exoscale-cdn.com/catalog/5/f/3/a/5f3a0c57f6529d489b7339ef82cdecb883d70171_c582ddb54c1161b192a1abb21b1b3b37.jpg", "openstreetmap_id": "way/832298013"}, "geometry": {"type": "Point", "coordinates": ["9.508478450305667", "46.99743255"]}}, {"type": "Feature", "properties": {"identifier": "c9380b25-0191-418b-a1ca-51db20bc61ac", "name": "Klettergarten Stoss", "description": "Der Klettergarten \u00abStoss\u00bb ist ab den geb\u00fchrenpflichtigen Parkplatz \u00abLaui\u00bb in ca. 1.5h Zustieg zu erreichen und bietet  bis zum Grad 6b aussichtsreiche Kletterrouten f\u00fcr die ganze Familie. \nFolgende Routen sind am Klettergarten \u00abStoss\u00bb anzutreffen: \n(Die Nummern in Klammern sind am Einstieg angeschrieben. Angaben ohne Gew\u00e4hr)\n\nRouten: \n- 0 / \u00abOlaf\u00bb / 4c / 15m\n- 1 / \u00abMicki\u00bb / 4b / 15m\n- 2 / \u00abGofi\u00bb / 3b / 15m\n- 3 / \u00abFred\u00bb / 4b / 15m\n- 4 / \u00abObelix\u00bb / 4c / 20m\n- 5 / \u00abAmore mio\u00bb / 4b / 40m\n- 6 / \u00abD\u00e4 Ahorn\u00bb / 5a / 40m \n- 7 (6a) / \u00ablauf zue\u00bb / 4b / 40m\n- 8 / \u00abSiloetta\u00bb / 5a / 40m\n- 9 (7) / \u00abBl\u00fcemli\u00bb / 5a / 40m\n- 10 (8) / \u00abSchlitzohr\u00bb / 4a / 40m\n- 11 (9) / \u00abLet`s Go\u00bb / 5a / 40m\n- 12 / \u00abMargeritha\u00bb / 5b / 40m\n- 13 (10) / \u00ab\u00e4s bitzeli gr\u00fcen\u00bb / 5c / 40m\n- 14 (11) / \u00abR-W\u00e4g\u00bb / 5c / 40m\n- 15 (12) / \u00abDi Ruch\u00bb / 4c / 40m\n- 16 / \u00abMamma mia\u00bb / 5c+ / 40m\n- 17 (13) / \u00abC\u00e4t\u00bb / 6a+ / 45m\n- 18 / (14) / \u00abTropf\u00bb / 5c+ / 45m \n- 19 / \u00abBilly\u00bb / 5c+ / 45m\n-20 (15) / \u00abIrrw\u00e4g\u00bb / 5c+\n- 21 (16) / \u00abBijou\u00bb / 5c / 45m\n- 22 / \u00abnamelos\u00bb / 5c+ / 20m\n- 23 (18) / \u00abTr\u00e4umli\u00bb / 6a+ / 20m\n- 23a (19) / \u00abSal\u00fc Koni\u00bb / 5c / 47m\n- 24 (20) / \u00abVia Andi\u00bb / 5c+ / 47m\n- 25 (21) / \u00abHeinz\u00bb / 5b+ / 47m\n- 26 (22) / \u00abSieba Dezi\u00bb / 6a+ / 47m\n- 27 (23) / \u00abNicoletta\u00bb / 5c+ / 47m\n- 28 (25) / \u00abCapretta/Top\u00bb / 5c / 47m\n- 29 (26) / \u00abWespi Riss\u00bb / 5b / 45m\n- 30 (27) / \u00abDe Sunnew\u00e4g\u00bb / 5c / 45m\n- 31 (28) / \u00abGang go luege\u00bb / 5b / 35m\n- 32 / \u00abProbiere muesch\u00bb / 5c+ / 35m\n- 33 / \u00abjetz oder nie\u00bb / 5a / 35m\n- 34 / \u00abAmeisew\u00e4g\u00bb / 6a / 35m\n- 35 / \u00abExtra liecht\u00bb / 4c / 35m\n- 36 / \u00abNo n\u00f6d schare\u00bb / 5b / 35m\n- 36a / \u00abPower isch gfragt\u00bb / 6b / 20m\n- 37 / \u00abErbetta\u00bb / 4b / 35m\n- 38 / \u00abMoretta\u00bb / 4a / 35m\n- 39 / \u00abBambi\u00bb / 3a / 15m\n- 40 / \u00abAngela\u00bb / 3a / 20m\n- 41 / \u00abNegretta\u00bb / 3b / 20m  \n\nWeitere Informationen zu den Routen finden Sie im \u00abSAC Kletterf\u00fchrer Alpstein\u00bb und in der Tourist Information Wildhaus.", "url": "https://toggenburg.swiss/de/berge-erleben.html", "image": "https://ostpimtsoch.sos-ch-dk-2.exoscale-cdn.com/catalog/b/3/0/7/b307b81d62e9c2ccbbb9cfdbaee045f67f1d380c_e05f9df90df31306c9d3da01a94db354.jpg", "openstreetmap_id": "way/518287859"}, "geometry": {"type": "Point", "coordinates": ["9.314378499984743", "47.22880286400825"]}}, {"type": "Feature", "properties": {"identifier": "ce850ce6-ddd8-4dfe-b6d7-4aac7e23fd0d", "name": "Goba Flauderei", "description": "Die Flauderei ist Ausstellungsraum, Schatzkammer, Erlebnisort und Einkaufsladen in einem. Hier haben die Kr\u00e4uterspezialit\u00e4ten aus der Goba Manufaktur ihren grossen Auftritt: All die feinen Kr\u00e4uterteemischungen, Konfis, Lik\u00f6re und Bitter, die schillernden Flauder Gold Produkte und weitere K\u00f6stlichkeiten in edler Verpackung. Dazu kleine Kunstwerke, handverlesene Mitbringsel und andere Sache-S\u00e4cheli, die das Leben sch\u00f6n machen. Es gibt immer Neues zu entdecken. Man kann probieren und degustieren, einen Tee oder Flauder Cocktail geniessen - es sich und seiner Seele einfach gut gehen lassen. Und die Kleinen vergn\u00fcgen sich unterdessen in der Kinderecke.\n\nMan muss es erlebt haben. Also nichts wie hin!", "url": "https://goba-welt.ch/unternehmen/ueber-uns/flauderei", "image": "https://ostpimtsoch.sos-ch-dk-2.exoscale-cdn.com/catalog/8/f/d/6/8fd611803a32b7a911b5fe35e85616184a6009ec_13a80b9aeeb1f71a9ddeef5b8c38eb15.jpg", "openstreetmap_id": "6767819185"}, "geometry": {"type": "Point", "coordinates": ["9.409264020520084", "47.330865219048"]}}, {"type": "Feature", "properties": {"identifier": "d0d5a764-a3f8-48e5-8fd5-92aaab7be114", "name": "Kegelbahn Hotel Restaurant Sternen Nesslau", "description": "Kegeln ist ein Spass f\u00fcr Kolleginnen und Kollegen, Freundinnen und Freunde oder f\u00fcr die ganze Familie. Bitte beachten Sie, dass eine Kegelpartie unbedingt vorreserviert werden soll, da der Keller gut besucht ist.", "url": "https://sternen-nesslau.ch", "image": "https://ostpimtsoch.sos-ch-dk-2.exoscale-cdn.com/catalog/3/b/6/4/3b6444e0545064624f683f3d24fc3e21f12631df_07a871f01573b718aa260c2dbb0ab377.jpg", "openstreetmap_id": "node/9036296295"}, "geometry": {"type": "Point", "coordinates": ["9.19909179210663", "47.22382022634832"]}}, {"type": "Feature", "properties": {"identifier": "d0ecc36c-b0aa-4705-8cd1-078880e469e5", "name": "Luftseilbahn Iltios \u2013 Ch\u00e4serrugg", "description": "<p>Die Luftseilbahn Iltios \u2013 Ch\u00e4serrugg bringt ganzj\u00e4hrig die G\u00e4ste bequem auf den \u00f6stlichen Gipfel der sieben Churfirsten und zur\u00fcck auf den Iltios. W\u00e4hrend der Fahrt mit der Luftseilbahn schweift der Blick \u00fcber die Landschaft des Toggenburgs, den Alpstein und bietet eine spannende Perspektive auf die Nordseite des Gipfelgeb\u00e4udes. Des Weiteren k\u00f6nnen w\u00e4hrend der Fahrt oftmals G\u00e4mse in den vorbeiziehenden Felsb\u00e4ndern beobachtet werden, und die verschiedenen Gesteinsschichten treten eindrucksvoll zutage. Auf dem Ch\u00e4serrugg befindet sich das Gipfelrestaurant Ch\u00e4serrugg, wo Kulinarik und Architektur von Herzog & de Meuron eine harmonische Verbindung eingehen. Direkt am Gipfel schliesst die Hochebene Rosenboden mit dem Panoramarundweg an, der im Sommer wie auch im Winter begangen werden kann. Dabei bietet sich eine Aussicht auf \u00fcber 500 Berggipfel in sechs L\u00e4ndern, den Walensee und die umliegende Bergwelt. Im Winter bietet der Ch\u00e4serrugg die l\u00e4ngste Abfahrt im Obertoggenburg. Im Juni 2023 erhielt die Bahn zwei neue Kabinen, die in Zusammenarbeit mit den Architekten Herzog & de Meuron sowie Studio Noun entworfen wurden, um das G\u00e4steerlebnis zu unterstreichen.</p><p>\u00a0</p><p>Auskunft zur Zug\u00e4nglichkeit:\u00a0<a href=\"https://www.ginto.guide/entries/109623b1-b6e4-44db-87b2-865cf60efc9d?lnk_src=business\" target=\"_blank\" rel=\"noopener\">ginto</a></p>", "url": "https://www.chaeserrugg.ch/de", "image": "https://ostpimtsoch.sos-ch-dk-2.exoscale-cdn.com/catalog/4/a/9/0/4a900e2eb4b0604973c95953fba6f8b59dc24ab2_76f6b17b92eb4c0c9a95febc9e7f537a.jpg", "openstreetmap_id": "node/197929400"}, "geometry": {"type": "Point", "coordinates": ["9.311814", "47.185046"]}}, {"type": "Feature", "properties": {"identifier": "d1622e3f-5f4e-4cbc-9a33-6be5d71bd9c1", "name": "Curling Schaffhausen", "description": "Curling Schaffhausen bietet ein breites Angebot. Ob Einf\u00fchrungskurs f\u00fcr Anf\u00e4nger oder Plauschanl\u00e4sse f\u00fcr Ihren n\u00e4chsten Firmen-/Vereinsausflug. Lernen Sie den Curlingsport noch besser kennen und erleben Sie einen unvergesslichen Teamevent.", "url": "https://curling-sh.ch/", "image": "https://ostpimtsoch.sos-ch-dk-2.exoscale-cdn.com/catalog/a/4/8/0/a48006b163f36505e8073a1f81fa50fba0e34aa6_823a73fb3617489b7dd596aacf2e805e.jpg", "openstreetmap_id": "way/25787338"}, "geometry": {"type": "Point", "coordinates": ["8.621399899454769", "47.70434815"]}}, {"type": "Feature", "properties": {"identifier": "d2174ac5-ae95-43a6-8fe8-13140b5923b5", "name": "Bergrestaurant Chr\u00fcz", "description": "Das gem\u00fctliche Bergrestaurant mitten am Erlebnisberg Flumserberg l\u00e4dt Sie zum Verweilen ein. St\u00e4rken Sie sich vor der rasanten Skiabfahrt im Winter oder einer atemberaubenden Wanderung im Sommer mit einem abwechslungsreichen Angebot an Speis und Trank. Im Bergrestaurant Chr\u00fcz wird grossen Wert auf Qualit\u00e4t und Pers\u00f6nlichkeit gelegt und eine gastfreundliche Bedienung gew\u00e4hrleistet.\nDas bediente Restaurant bietet Platz f\u00fcr bis zu 200 Personen und auf der sonnenreichen Terrasse finden ebenfalls gut 180 Personen Platz. \n\nIm Winter bei sch\u00f6ner Witterung erwarten Sie an der Chr\u00fczBar coole Drinks und feine Snacks. Lassen Sie bei einem Besuch Ihre Seele baumeln und geniessen Sie die herrliche Wintersonne und die tolle Atmosph\u00e4re.", "url": "https://www.chruez-flumserberg.ch", "image": "https://ostpimtsoch.sos-ch-dk-2.exoscale-cdn.com/catalog/5/6/f/d/56fdadee1bcad2125dbdf67915aba6c3dce1badb_ca7faa52e883cb2b659aa9d9138247bb.JPG", "openstreetmap_id": "node/330413576"}, "geometry": {"type": "Point", "coordinates": ["9.270036220550539", "47.08297409902807"]}}, {"type": "Feature", "properties": {"identifier": "d29a3491-9163-4dc2-8d56-dd3b8559dbf1", "name": "Massagetherapie Underm\u00fcli in Alt St. Johann", "description": "Schmerzen werden gelindert oder die Behandlung kann einfach eine Wohltat sein. \nIch habe eine \u00fcber 20-j\u00e4hrige Berufspraxis und bin \u00fcber die Zusatzversicherungen bei den meisten Krankenkassen anerkannt, spreche Deutsch, Franz\u00f6sisch und Englisch. Parkpl\u00e4tze vor dem Haus, auch mit \u00d6V gut erreichbar.\nInkludierte Leistungen: Med. Klassische Massage, Fussreflexzonenmassage\n \nTermin nach Vereinbarung\nDetails / Infos: www.wellmed.ch\nBuchbar unter: www.wellmed.ch oder 079 678 65 67", "url": "http://www.wellmed.ch", "image": "https://ostpimtsoch.sos-ch-dk-2.exoscale-cdn.com/catalog/a/f/8/c/af8c15af14d877f6a077e4a009b978bc5df775d0_8dc7a59d472b47ee66fa533f78afb4ab.jpg", "openstreetmap_id": "node/2312187116"}, "geometry": {"type": "Point", "coordinates": ["9.280362725257875", "47.19370442653"]}}, {"type": "Feature", "properties": {"identifier": "d64cd5cc-7555-4225-92da-70dbcda9c2b0", "name": "\u00d6pfelfarm", "description": "G\u00e4ste erleben in der \u00d6pfelfarm in Steinebrunn die Verarbeitung und Veredelung von \u00c4pfeln und vielen anderen Fr\u00fcchten und Beeren zu den verschiedensten Gaumenfreuden. Die Familie Kauderer hat sich diesem Genusshandwerk verschrieben und \u00f6ffnet in ihrem Hofladen die T\u00fcren zu einer Welt voller K\u00f6stlichkeiten. Nebst Trockenfr\u00fcchten, Backwaren und vielen anderen regionalen Spezialit\u00e4ten, sind im Hofladen und im dazugeh\u00f6rigen Onlineshop auch viele individuell zusammengestellte Geschenksideen zu finden. Gruppen haben zudem die M\u00f6glichkeit, die Produktion der Trockenfr\u00fcchte zu besichtigen und einen Einblick in die Welt der Familie Kauderer zu erlangen.", "url": "http://www.oepfelfarm.ch/", "image": "https://ostpimtsoch.sos-ch-dk-2.exoscale-cdn.com/catalog/3/7/7/d/377da420ee636a8c795893ec25d74f3517084cdc_43540025f7be76359c99d197a8a36246.jpg", "openstreetmap_id": "3015821507.0"}, "geometry": {"type": "Point", "coordinates": ["9.3484775", "47.5297754"]}}, {"type": "Feature", "properties": {"identifier": "d679320a-cf05-4dbe-9331-64a7acad4bf9", "name": "Strandbad Rorschach", "description": "<div class=\"elementor-element elementor-element-43b8135f elementor-widget elementor-widget-dyncontel-acf\" data-id=\"43b8135f\" data-element_type=\"widget\" data-e-type=\"widget\" data-settings=\"{&quot;acf_field_list&quot;:&quot;kurzfassung&quot;,&quot;acf_type&quot;:&quot;text&quot;}\" data-widget_type=\"dyncontel-acf.default\"><div class=\"elementor-widget-container\"><div class=\"dynamic-content-for-elementor-acf \"><p>Das Strandbad Rorschach bietet zwei Schwimmbecken, ein Planschbecken, eine 65-Meter-Rutschbahn sowie Spiel- und Sportfl&auml;chen. Ein Restaurant mit Herberge und ein Kiosk erg&auml;nzen das Angebot. Die Badesaison dauert Mitte Mai bis Mitte September. Die &Ouml;ffnungszeiten variieren je nach Saisonphase.</p></div></div></div><div class=\"elementor-element elementor-element-36baf29 sfag-dynamic-widget-has-table-inside elementor-widget elementor-widget-dyncontel-acf\" data-id=\"36baf29\" data-element_type=\"widget\" data-e-type=\"widget\" data-settings=\"{&quot;acf_field_list&quot;:&quot;beschreibungstext&quot;,&quot;acf_type&quot;:&quot;text&quot;}\" data-widget_type=\"dyncontel-acf.default\"><div class=\"elementor-widget-container\"><div class=\"dynamic-content-for-elementor-acf \"><p><strong>Das bietet das Strandbad</strong></p><ul><li>Anlagen: 2 Schwimmbecken, Planschbecken, 65 m Rutschbahn, Sprungturm 1, 3 und 5 Meter, Beachvolleyfeld, Kinderspielplatz, Fussballplatz.</li><li>Gastronomie: Restaurant mit Gartenwirtschaft und angegliederter Herberge; Kiosk mit Snacks, Glac&eacute;s und Getr&auml;nken.</li></ul></div></div></div>", "url": "https://www.rorschach.ch/strandbad", "image": "https://ostpimtsoch.sos-ch-dk-2.exoscale-cdn.com/catalog/3/e/f/b/3efb15b0ba82c9c3e9abb8910855751853ae6f13_9037c1ed4a7193e33743e518c6edede0.jpg", "openstreetmap_id": "way/161823133"}, "geometry": {"type": "Point", "coordinates": ["9.510384599999952", "47.4791612"]}}, {"type": "Feature", "properties": {"identifier": "d8a51c3c-3bc4-4023-9f59-367fd615f1ac", "name": "Reiatbadi", "description": "Das kleine aber feine Freibad ist der perfekte Ort f\u00fcr eine idyllische Abk\u00fchlung an heissen Sommertagen. Im BadiBeizli gibt es feine Leckereien und der Spielbach l\u00e4dt Klein & Gross zum Stauen und Planschen ein. Regelm\u00e4ssig finden tolle Konzerte und Events statt. Das aktuelle Saisonprogramm finden Sie jeweils auf: www.reiatbadi.ch", "url": "http://reiatbadi.ch/", "image": "https://ostpimtsoch.sos-ch-dk-2.exoscale-cdn.com/catalog/5/f/b/9/5fb90f68bfaad4ae4bec1da94ae82766dc963f9f_dcb304774b737c1d35e89bab124d4c0f.jpeg", "openstreetmap_id": "way/801055658"}, "geometry": {"type": "Point", "coordinates": ["8.669917437443347", "47.778628100000006"]}}, {"type": "Feature", "properties": {"identifier": "d8c6b80b-e605-4ea5-a6ec-1ddcf07614d4", "name": "Kiwi Kino Castels Sargans", "description": "Das Kiwi Castels mit seinen zwei komfortabel eingerichteten S\u00e4len ist ein Erlebnisort, eingebettet im schweizweit bekannten Heidiland. Ob Familienfilme, Hollywood-Blockbuster oder auch intellektuelles Kino in der Originalfassung. Das traditionelle Kino in Sargans bietet pures Filmvergn\u00fcgen in sympathisch lokaler Atmosph\u00e4re. Dabei l\u00e4dt der Kinokiosk mit integrierter Bar vor oder nach dem Film zum C\u00fcpli unter Freunden.", "url": "https://www.kiwikinos.ch/sargans/kino_castels/", "image": "https://ostpimtsoch.sos-ch-dk-2.exoscale-cdn.com/catalog/d/0/e/5/d0e5602b66192ce1341ff57e970dfe6665835ff2_5d892628b1d1bf255797d334a8b15664.jpg", "openstreetmap_id": "relation/1683931"}, "geometry": {"type": "Point", "coordinates": ["9.441976547241211", "47.04525370201702"]}}, {"type": "Feature", "properties": {"identifier": "da2b428b-2578-4680-a59e-d27fca283aec", "name": "Daniele Gaumenschmaus", "description": "Bei Daniele am Fronwagplatz 7 in Schaffhausen l\u00e4uft einem das Wasser im Munde zusammen: Hier gibt es Italienische Spezialit\u00e4ten, so weit das Auge reicht! Das Sortiment setzt sich aus Aceto, Pasta und vielen Leckereien zusammen. Alles mit viel Liebe hausgemacht, versteht sich! Eine freundliche Bedienung ist f\u00fcr uns selbstverst\u00e4ndlich. Sch\u00f6n, dass wir Sie hier haben d\u00fcrfen.", "url": "https://schaffhauserland.ch/de/index/map/detail/daniele-gaumenschmaus-da2b428b-2578-4680-a59e-d27fca283aec.html", "image": "https://ostpimtsoch.sos-ch-dk-2.exoscale-cdn.com/catalog/1/e/d/3/1ed35dbc8ef0f98f2a7e5c2ed5d31a4a62655a27_d8d2e99e9d25b7866331142e7b0a76da.jpg", "openstreetmap_id": "node/3172483993"}, "geometry": {"type": "Point", "coordinates": ["8.6332981", "47.6967698"]}}, {"type": "Feature", "properties": {"identifier": "dae7c8f0-8b19-43bf-8b00-c00c173bcb33", "name": "Berber Semmelink - Ski Academy", "description": "Die BSSKI Academy bietet privaten Ski- und Snowboardunterricht mit erfahrenen Lehrern sowie Gruppenunterricht f\u00fcr diejenigen, die lieber mit anderen zusammen lernen m\u00f6chten. Egal ob du Anf\u00e4nger oder Fortgeschrittener bist, die BSSKI Academy kann dir helfen, deine Ziele auf und abseits der Piste zu erreichen.", "image": "https://ostpimtsoch.sos-ch-dk-2.exoscale-cdn.com/catalog/c/5/5/6/c55604ccba08af9546f13e69bea42b3893210464_bc0fac03ba01d33df0de07d4bb4288a6.jpg", "openstreetmap_id": "way/754266155"}, "geometry": {"type": "Point", "coordinates": ["9.27947759628296", "47.091572393806004"]}}, {"type": "Feature", "properties": {"identifier": "db9ef566-6a20-476e-9909-d77d5b0cc757", "name": "BIGPOINT", "description": "Mit Padel, Tennis, Pickleball und Badminton bleiben Sie auch in Ihren Ferien in Form. Das Sportcenter in Bad Ragaz bietet folgende Sportpl\u00e4tze:\n\nIndoor\n- 4 Padel Courts\n- 1 Padel Single Court\n- 1 Kids Padel Court\n- 1 Padel Ping Pong Court\n- 1 Pickleball Court\n- 1 Badminton Court\n\nOutdoor\n- 5 Padel Courts\n- 2 Padel Single Courts\n- 1 Tennis Court\n\nZudem bieten wir Unterricht f\u00fcr alle Altersklassen und Spielst\u00e4rken.\n\nSchl\u00e4ger f\u00fcr alle Sportarten k\u00f6nnen bei uns gemietet werden (Twint), B\u00e4lle und Shuttles bei der Rezeption gekauft werden (Twint).\n\nJetzt auf Playtomic registrieren, den gew\u00fcnschten Platz direkt online buchen und Spass haben!\n\nWeitere Infos finden Sie auf unserer Website: https://bigpointtennis.ch/bad-ragaz/", "url": "https://www.bigpointtennis.ch", "image": "https://ostpimtsoch.sos-ch-dk-2.exoscale-cdn.com/catalog/0/d/a/f/0daf4a79a46359c5613e50dec495a5d212843974_1ee196656de36c08e3d3008343325594.JPG", "openstreetmap_id": "way/44116449"}, "geometry": {"type": "Point", "coordinates": ["9.493603706359865", "47.015295500475"]}}, {"type": "Feature", "properties": {"identifier": "de690b47-2e21-4bca-8d0b-a918316cec04", "name": "Ski- und Snowboardschule Flumserberg", "description": "Das Team der Ski- und Snowboardschule Flumserberg hilft dabei, wintersportliche Ziele zu verwirklichen \u2013 angefangen beim klassischen Skifahren und Snowboarden bis hin zu vielen weiteren Aktivit\u00e4ten im Schnee. Kreativ, fokussiert, verst\u00e4ndnisvoll und topausgebildet wissen unsere Lehrer genau, was sie tun. Freuen Sie sich auf einheimische Wintersportprofis, die das Herz am rechten Fleck haben.", "url": "https://www.flumserberg.ch/de/Winter-erleben/Skischule-Flumserberg", "image": "https://ostpimtsoch.sos-ch-dk-2.exoscale-cdn.com/catalog/b/e/8/8/be884627f00de0a63f7510700f2b10df0eb2429b_4514c97ba899992e8c9a109bc5ddcd55.jpg", "openstreetmap_id": "way/754266155"}, "geometry": {"type": "Point", "coordinates": ["9.284396767616274", "47.093737630212"]}}, {"type": "Feature", "properties": {"identifier": "de803acd-6eb8-45d5-a062-a18ebbc5c635", "name": "Gretener Blumen Schaffhausen", "description": "Blumen k\u00f6nnen vieles. Wir auch.\nLassen Sie sich inspirieren von unseren Ideen, Vorschl\u00e4gen und innovativen Projekten.", "url": "http://www.gretener.ch", "image": "https://ostpimtsoch.sos-ch-dk-2.exoscale-cdn.com/catalog/9/a/8/0/9a80d101483ac10a4a19371789fe925cb724301d_9a61c2e49da6400c27f812dea3afd63b.jpg", "openstreetmap_id": "node/7078383877"}, "geometry": {"type": "Point", "coordinates": ["8.6333535", "47.6964113"]}}, {"type": "Feature", "properties": {"identifier": "e1c42d32-262b-48a8-b3f1-598509398417", "name": "Tourist Information St.Gallen ", "description": "<p class=\"MsoNormal\">Ob du die besten Sehensw&uuml;rdigkeiten entdecken m&ouml;chtest, Insidertipps suchst oder dich einfach &uuml;ber die Region informieren willst &ndash; bei uns bist du richtig.</p><p class=\"MsoNormal\">Entdecke einzigartige Souvenirs und st&ouml;bere in unserem Shop mit hochwertigen regionalen Produkten, die ein St&uuml;ck St.Gallen mit nach Hause bringen. Die Tourist Information ist zudem der perfekte Startpunkt f&uuml;r spannende Stadtf&uuml;hrungen, bei denen du in die Geschichte und Kultur unserer charmanten Altstadt eintauchen kannst.</p><p class=\"MsoNormal\">Zudem findest du bei uns eine F&uuml;lle an Informationsbrosch&uuml;ren, die dir helfen, deinen Aufenthalt in St.Gallen und am Bodensee optimal zu gestalten.&nbsp;</p><p class=\"MsoNormal\">Du m&ouml;chtest wissen, wie du zu uns kommst? Hier findest du <a href=\"https://st.gallen-bodensee.ch/files/_OpenFrontend/websites/st.gallen-bodensee.ch/assets/diverses/20250716_anreise-st-gallen-bodensee-tourismus-komprimiert.pdf\" target=\"_blank\" rel=\"noopener\">detaillierte Informationen (f&uuml;r Menschen mit Mobilit&auml;tseinschr&auml;nkungen)</a>, die beschreiben, wie du vom Bahnhof St.Gallen zu uns gelangst.</p>", "url": "https://st.gallen-bodensee.ch/", "image": "https://ostpimtsoch.sos-ch-dk-2.exoscale-cdn.com/catalog/b/b/3/a/bb3ac2b68e6026a79a9900d6bd368423e1c67ac5_e955d443007d11937cfcfa63c08e0f55.jpg", "openstreetmap_id": "node/4092474692"}, "geometry": {"type": "Point", "coordinates": ["9.3756155", "47.4232737"]}}, {"type": "Feature", "properties": {"identifier": "e3895d72-f859-4640-8c80-670dc2c382d4", "name": "Lido Strandbad B\u00fcsingen", "description": "Das Lido-Team verw\u00f6hnt auf gedeckter Rheinterrasse mit Service am Tisch und bietet neben klassischen Badi-Speisen wechselnde, frisch zubereitete Tagesmen\u00fcs an. Nur einen Schritt vom Rheinufer entfernt sorgt der Sprung in&#039;s k\u00fchle Nass f\u00fcr Badevergn\u00fcgen pur. Die grosse Liegewiese l\u00e4dt zum Entspannen ein, das gegen\u00fcberliegende Naturschutzgebiet schafft eine paradiesische Atmosph\u00e4re.\n\nAusserdem vorhanden: Aussenduschen, Schliessf\u00e4cher, Umkleiden, Spielplatz, Tischtennis, Volleyballfeld, E-Bike-Ladestation, rollstuhlg\u00e4ngige Toilette, Wickeltisch.\n\nAnfahrt: Geb\u00fchrenpflichtige Parkpl\u00e4tze vorhanden, unkomplizierte Anreise mit dem Bus (Haltestelle in 100m Gehdistanz).", "url": "https://www.lido-buesingen.ch/", "image": "https://ostpimtsoch.sos-ch-dk-2.exoscale-cdn.com/catalog/9/d/e/9/9de9c2c7192091fb8656aa2dcdac973c7baaa10e_636cee44b8cb4dc0a612acda5e27b596.jpg", "openstreetmap_id": "way/34079712"}, "geometry": {"type": "Point", "coordinates": ["8.69676719994459", "47.694539705611"]}}, {"type": "Feature", "properties": {"identifier": "e4561f03-e07c-4513-ba91-ce5a3160318c", "name": "Tamina Therme Bad Ragaz", "description": "Das \u00f6ffentliche Thermalheilbad Tamina Therme ist als Wellness-Oase, ein Ort der Entspannung und Erholung f\u00fcr K\u00f6rper, Geist und Seele: Das Thermalwasser in seiner reinsten Form, zelebrierte Saunakultur und das Massage-  und Beauty-Angebot in dem stimmungsvollen und licht-durchfluteten Ambiente der Therme schaffen ein intensives Wohlf\u00fchlerlebnis f\u00fcr alle Sinne!\n\nHier erleben Sie das heilende Thermalwasser in seiner reinsten Form und regenerieren K\u00f6rper, Geist und Seele. Auf rund 7\u2019300 Quadratmetern bieten sich verschiedene Attraktionen zur Entspannung nach einem anstrengenden Arbeitstag, nach intensivem Sport oder einfach, weil Ihnen das Thermalwasser gut tut.", "url": "https://www.grandresort.ch/spa-therme/tamina-therme", "image": "https://ostpimtsoch.sos-ch-dk-2.exoscale-cdn.com/catalog/a/6/f/a/a6fab06f44839bda4dc3e7553e64ac7917dcaba3_3d4e58d094513a1f77611c98516f6d95.jpg", "openstreetmap_id": "way/332307791"}, "geometry": {"type": "Point", "coordinates": ["9.50416022930948", "46.99929655"]}}, {"type": "Feature", "properties": {"identifier": "e61b4825-a461-451e-ad8c-33f3da2a2b99", "name": "Le Soir Le Jour", "description": "Le Soir Le Jour ist ein Concept Store in St.Gallen. Er ist das Resultat einer grossen Leidenschaft f\u00fcr Mode und Freude am \u00c4sthetischen. Die sorgf\u00e4ltige Auswahl an etablierten sowie jungen Designern, l\u00e4sst die Herzen aller Modeaffinen h\u00f6her schlagen. Le Soir Le Jour vereint Stilvolles von der Nonchalance des franz\u00f6sischen Chic \u00fcber die trendy Attitude Londons bis hin Naturkosmetik aus Vorarlberg. Hier finden Fashion Connaisseurs und Individualisten das, was sie suchen \u2013 herausragende Brands, die einmalig in der Ostschweiz gef\u00fchrt werden. Das modische Angebot wird begleitet von Taschen, Schuhen und Schmuck.", "url": "http://www.lesoirlejour.ch/", "image": "https://ostpimtsoch.sos-ch-dk-2.exoscale-cdn.com/catalog/6/2/9/a/629a44bc633c0fc5a2e7552ee376f935d646ea56_0a7e309e9a2fef9530381bbd6b46534f.jpg", "openstreetmap_id": "node/3153824531"}, "geometry": {"type": "Point", "coordinates": ["9.3740289", "47.4230928"]}}, {"type": "Feature", "properties": {"identifier": "e6301bdb-98b5-4f36-abd9-e061b3e264b5", "name": "Ch\u00e4s-Marili", "description": "<p>Selbstverst&auml;ndlich alles im optimalen Reifestadium: ob w&uuml;rziger Gruy&egrave;re, mildes Mutschli oder kr&auml;ftiger Bergk&auml;se - hier werden Sie immer f&uuml;ndig. Italienische Spezialit&auml;ten wie Gorgonzola, franz&ouml;sische Weichk&auml;se und andere Spezialit&auml;ten runden das Angebot ab. Das Fachgesch&auml;ft bereitet auch gerne Mischungen f&uuml;r Fondues zu und stellt K&auml;seplatten f&uuml;r jede Gelegenheit zusammen, sch&ouml;n garniert mit saisonalen Fr&uuml;chten/Gem&uuml;sen - das Auge isst ja bekanntlich mit! Im Sommer ist f&uuml;r Erfrischung all'italiana gesorgt mit den Glaces der Gelateria Antico del Corso.</p>", "url": "http://www.chaes-marili.ch/", "image": "https://ostpimtsoch.sos-ch-dk-2.exoscale-cdn.com/catalog/d/c/9/e/dc9e802f02717fccbea5d66e7bec6b944c0f4f17_87922cc9e21ee8119955ca6bde14dcf4.jpg", "openstreetmap_id": "node/3172483994"}, "geometry": {"type": "Point", "coordinates": ["8.6333104", "47.6968336"]}}, {"type": "Feature", "properties": {"identifier": "e6806cdb-53e2-4125-89fd-0e20b3e0308d", "name": "Kunstsch\u00fcr \u00abGalerie & Bistro\u00bb Vorderbrugg", "description": "<p>Die unter Denkmalschutz stehende Scheune befindet sich im alten und romantischen Stadtteil &bdquo;Vorderbrugg&ldquo;, wo fr&uuml;her die Schiffer und Fischer gelebt haben. In der Scheune befindet sich auch das Atelier von Willi Hofmann, welcher sich seit 1987 der Konkreten Kunst verschrieben hat. - Kultur (permanente Ausstellung von Willi Hofmann, Frauenfeld / Kontrete Kunst), Veranstaltungen - Lokalit&auml;t auch geeignet f&uuml;r Feiern, Ap&eacute;ros, Tagungen, Workshops, Sitzungen bis max. 40 Personen - Verpflegung/Mittagessen nach Absprache - verschiedene kulinarische hausgemachte K&ouml;stlichkeiten, diverse kalte und warme Getr&auml;nke, diverse Weine.</p><p>Die Kunstsch&uuml;r ist ge&ouml;ffnet nach Voranmeldung und in Absprache!</p>", "url": "http://www.kunstschuer.ch/", "image": "https://ostpimtsoch.sos-ch-dk-2.exoscale-cdn.com/catalog/5/a/b/6/5ab62c9640459ee9911a151a06b5eb138b627798_1d74276dd3bc09f09a1d8adf05b05afc.jpg", "openstreetmap_id": "way/60272167"}, "geometry": {"type": "Point", "coordinates": ["8.857844984609272", "47.65772065"]}}, {"type": "Feature", "properties": {"identifier": "e69957c1-623e-4ede-b0d6-5c4e952a82ca", "name": "Conny's Couture", "description": "Im Atelier Conny's Couture werden textile Tr\u00e4ume wahr und die Schneiderkunst wird auf h\u00f6chstem Niveau ausgelebt!\n\nDie Stoffe und Materialien f\u00fcr die massgefertigten Kleider werden vorwiegend aus der Textilstadt St.Gallen und der n\u00e4heren Umgebung bezogen. Das auf Nachhaltigkeit bedachte Atelier achtet sowohl bei der Materialauswahl wie auch bei der Produktion stets auf den Schutz der  Umwelt. \n\nVom gemeinsamen Stoffeinkaufserlebnis mit Conny (Personal Fabric Shopping) geht es im Anschluss gleich \u00fcber zur individuellen Modellbesprechung und dem Massnehmen f\u00fcr das gew\u00fcnschte Traumkleidungsst\u00fcck.\n\nDanach plant und konzipiert Conny das individuelle Design und Schnittmuster f\u00fcr die gew\u00fcnschte Einzelanfertigung. Die Kundin kommt noch 1-2 mal zur Anprobe im Atelier vorbei,  bevor sie ihr pers\u00f6nliches Unikat in Empfang nehmen und ausf\u00fchren darf. \n\nAlle Kleidungsst\u00fccke von Conny's Couture werden im Schneideratelier in M\u00f6rschwil mit viel Liebe zum Details hergestellt.", "image": "https://ostpimtsoch.sos-ch-dk-2.exoscale-cdn.com/catalog/1/5/0/7/1507d2b0ea79818e791035171e46d98ca1d35df6_238e0796a3b59935cfb35dc82a29ba0f.jpg", "openstreetmap_id": "way/1136247416"}, "geometry": {"type": "Point", "coordinates": ["9.437277317047121", "47.464028567370164"]}}, {"type": "Feature", "properties": {"identifier": "e6d8cb3d-44bf-4001-b1e6-53cea5ae119e", "name": "Appenzeller Schauk\u00e4serei - Shop", "description": "Im Spezialit\u00e4tengesch\u00e4ft der Appenzeller Schauk\u00e4serei finden Sie \u00fcber 80 verschiedene K\u00e4sesorten an der offenen Theke. Lassen Sie sich von der Vielfalt inspirieren und entdecken Sie Ihren pers\u00f6nlichen Favoriten aus dem ganzen Appenzeller\u00ae Sortiment. Auch die perfekten Geschenke f\u00fcr Ihre Liebsten oder Ihre Gesch\u00e4ftspartner finden Sie in diesem Shop!", "url": "http://www.schaukaeserei.ch/", "image": "https://ostpimtsoch.sos-ch-dk-2.exoscale-cdn.com/catalog/b/0/3/e/b03ea7549b0076c0bbb3bf52d24451cdc4345e12_e97f9510b2b0c2ecab3026b5e8a76d22.jpg", "openstreetmap_id": "node/1436691275"}, "geometry": {"type": "Point", "coordinates": ["9.3447696", "47.373519"]}}, {"type": "Feature", "properties": {"identifier": "e8e50e2d-de28-4968-8dbe-3fa5719e04f8", "name": "Wundernas", "description": "<p><span data-teams=\"true\"><strong>Dingsbums</strong><br>Sch&ouml;nes Schenken. Im oberen Ladengeschoss finden Sie grosse allerlei Dingsbums. Sch&ouml;n Verspieltes zum Schenken oder selber Brauchen aus den Bereichen Papeterie, K&uuml;che und Haushalt, Denksport, Puzzle und Spiele.<br><br><strong>Wundernas</strong><br>Spielsachen &ndash; die Sinn machen. &Uuml;ber eine Rutschbahn (oder die Treppe) geht es in die Spielwarenabteilung im unteren Teil des Ladens. Vom Babygeschenk bis zum Experimentierkasten ist alles da.<br><br><strong>LehrREICH</strong><br>Im LehrReich finden Fachpersonen aus Schule, Kindergarten, Heilp&auml;dagogik oder Betreuung Ideen und Materialien f&uuml;r Unterricht, Therapie und Home Schooling.<br><br>Wir freuen uns auf Sie!</span></p>", "url": "https://wundernas.ch/", "image": "https://ostpimtsoch.sos-ch-dk-2.exoscale-cdn.com/catalog/e/e/7/8/ee78663c29b7ffb2aad1cedb553ccd9aebee482a_ee5b48b9085b8d5462e36ab4f8a14e7f.jpg", "openstreetmap_id": "way/145219209"}, "geometry": {"type": "Point", "coordinates": ["8.859196235582571", "47.65994805"]}}, {"type": "Feature", "properties": {"identifier": "eb602550-73e8-42cc-851d-a8b8145e09ba", "name": "Golf Club Heidiland", "description": "Der 9-Loch Executive Course des Golf Club Heidiland ist in die wundersch\u00f6ne Bergkulisse des B\u00fcndner Rheintals eingebettet. Der Golfplatz grenzt an den 18-Loch Championship Course des Golf Club Bad Ragaz. Die hervorragend gepflegte Anlage bietet mit einem eigenen \u00dcbungscenter und Golf Academy beste Voraussetzungen f\u00fcr ein erfolgreiches Spiel. Zum Golf Club Heidiland geh\u00f6rt das Golf Bistro dazu, welches sowohl Golfspieler als auch externe G\u00e4ste mit leckeren Speisen verw\u00f6hnt. Der Golfparcours steht auch Mitgliedern anderer Golf Clubs offen (mindestens Handicap 54).\n\nDer Golfplatz grenzt an den bestehenden Golf Club Bad Ragaz und ist ebenfalls dem Grand Resort Bad Ragaz angegliedert. Gerne k\u00f6nnen auch G\u00e4ste den Parcours geniessen, die mindestens Handicap 54 besitzen und Mitglied in einem Golf Club sind. Die \u00dcbungsanlage ist f\u00fcr jedermann Rangfee frei zug\u00e4nglich. Auf Anfrage werden Golfschl\u00e4ger zur Verf\u00fcgung gestellt.", "url": "http://www.gcheidiland.ch", "image": "https://ostpimtsoch.sos-ch-dk-2.exoscale-cdn.com/catalog/3/7/7/d/377dcb4bddab33cecf05af7a983d8038621e07dd_ec16d1885c3e727747a2fc867d38dfe9.jpg", "openstreetmap_id": "relation/3297611"}, "geometry": {"type": "Point", "coordinates": ["9.516695028802676", "46.9975241"]}}, {"type": "Feature", "properties": {"identifier": "ebd0c2a5-6fdc-4670-a857-fce28504d1a0", "name": "Schererei", "description": "Angebote Haus Schererei\n\nLaden:\nSie finden auf rund 140m2 Verkaufsfl\u00e4che nebst einmaligen Originalbildern ein grosses Sortiment von Scherenschnitt-, Geschenks- und Gebrauchsartikel. \n\nF\u00fchrungen:\nPlanen Sie einen Vereinsausflug, Gruppenevent, Firmenanlass oder eine Familienfeier mit einem besonderen Erlebnis?\nEine F\u00fchrung durch die \"Schererei\" mit Pr\u00e4sentation des Kunsthandwerks ist immer interessant und eine Reise nach Mosnang wert.\n\nKurse: \nIn der Schererei finden immer wieder Kurse nach Vorlagen oder mit eigener Zeichnung statt. \n\nSilhouetten schneiden:\nDie Kunst von Silhouetten schneiden eignet sich bestens zur Auflockerung Ihres Events. Jolanda Br\u00e4ndle schneiden an Ihrem Anlass in wenigen Minuten Profile Ihrer G\u00e4ste detailgetreu aus schwarzem Papier - dank langj\u00e4hriger Erfahrung, ohne vorzuzeichnen.\n\nVermietung Saal und Parkanlage\nDer Schererei-Saal im 1. Obergeschoss kann gemietet werden und eignet sich ausgezeichnet f\u00fcr Kurse, Partys und andere Anl\u00e4sse. Es stehen 70m2 Saal und zus\u00e4tzlich 32m2 B\u00fchne zur Verf\u00fcgung. \nDer einladende, h\u00fcbsche Park vor der Schererei eignet sich hervorragend f\u00fcr Ap\u00e9ros oder kleinere Veranstaltungen.", "url": "https://www.schererei.ch/", "image": "https://ostpimtsoch.sos-ch-dk-2.exoscale-cdn.com/catalog/d/a/4/5/da4523837a8e4d6d9475c7a121baf46c3a3e8882_c3e27f61ee7e9d7ead88a19dee8b0a6c.jpg", "openstreetmap_id": "way/301487940"}, "geometry": {"type": "Point", "coordinates": ["9.039115072098214", "47.3627171"]}}, {"type": "Feature", "properties": {"identifier": "ecc389c6-d7bf-4efe-b736-1ad1b485c4b3", "name": "Wieland Beeren und Glac\u00e9", "description": "Der Pilgerhof wird von Familie Wieland in zweiter Generation bewirtschaftet und liegt mitten im Thurgau.  Der Anbau von geschmacksintensiven Erdbeeren, Himbeeren, Heidelbeeren sowie Brombeeren geh\u00f6ren zu ihren St\u00e4rken. \n\nIn der hofeigenen Glac\u00e9manufaktur entstehen die \u00abThurgauer Glac\u00e9 Perlen\u00bb. Fr\u00fcchte vom Hof und weitere regionale Zutaten sowie viel Liebe und Leidenschaft f\u00fcr feine Produkte lassen Glac\u00e9-Tr\u00e4ume wahr werden.\n\nIm Hofladen werden tagesfrische Beeren, Glac\u00e9 und weitere Spezialit\u00e4ten werden angeboten.\n\nEin kleiner Rastplatz im Gr\u00fcnen l\u00e4dt zudem Wanderer und Velofahrer ein, eine Pause zu machen und aufzutanken. Familien mit Kindern geniessen die ruhige Umgebung sowie den nahen Kontakt zu den H\u00fchnern, Kaninchen und Zwergziegen.", "url": "https://www.wieland-beeren.ch/", "image": "https://ostpimtsoch.sos-ch-dk-2.exoscale-cdn.com/catalog/6/7/8/b/678b7a661a729fffd9b1869166c9365a399a9945_268598d266b0ccf9b77583acbad7305a.png", "openstreetmap_id": "node/8363961502"}, "geometry": {"type": "Point", "coordinates": ["9.071643", "47.5844232"]}}, {"type": "Feature", "properties": {"identifier": "ecdfa0eb-c8de-4e05-92ec-b10eb7307227", "name": "Mostgut B\u00e4renmost", "description": "<p>Seit 1910 bewirtschaftet die Familie B&auml;r ihren Biohof im Herzen von Mostindien. Mit Leidenschaft wird hier Apfelsaft angebaut, gepresst, vermarktet und genossen. Das Mostgut steht f&uuml;r famili&auml;re Produktion &ndash; von der Scholle bis ins Glas. Purer Geschmack, eleganter Genuss, stilvolles Ambiente und echte Thurgauer Gastfreundschaft machen diesen Ort besonders. Der B&auml;renmost entsteht aus voll ausgereiften, saftigen Bio&auml;pfeln, die direkt auf dem Hof mit einem innovativen Verfahren gepresst werden &ndash; naturrein und ohne Zus&auml;tze. Das Mostgut ist ein kleines, feines Familienunternehmen mit kreativen Ideen. Mit viel Herzblut werden hier authentische Erlebnisse rund um den Apfel geschaffen &ndash; mitten im Thurgau.</p>", "url": "https://baerenmost.ch/", "image": "https://ostpimtsoch.sos-ch-dk-2.exoscale-cdn.com/catalog/a/d/8/3/ad83ae96f3ba1c1b87775049c6620552d319b6d1_15cbb11ba72e1d1d138859934db330ed.jpg", "openstreetmap_id": "node/8548146457"}, "geometry": {"type": "Point", "coordinates": ["9.173830747604372", "47.561324341945365"]}}, {"type": "Feature", "properties": {"identifier": "eedc5390-7ccc-4576-9b86-ee17c3a12046", "name": "Kaffiegg\u00e4 Caf\u00e9 & R\u00f6sterei", "description": "Der Treffpunkt f\u00fcr Kaffeeliebhaber in der Region Ein liebevoll eingerichtetes Caf\u00e9, das durch erlesene Kaffee-Spezialit\u00e4ten begeistert. \nEs bietet mehr als nur Kaffee \u2013 mit einer abwechslungsreichen Snack- und Ap\u00e9ro-Karte locken Bier, Wein und erfrischende Ap\u00e9rogetr\u00e4nke f\u00fcr Geniesser. Eltern k\u00f6nnen entspannte Kaffeemomente geniessen, w\u00e4hrend sich ihre Kinder in einer separaten Spielecke vergn\u00fcgen. \nF\u00fcr Kaffeegenieser, die Qualit\u00e4t sch\u00e4tzen, gibt es einen Showroom mit professionellen Siebtr\u00e4ger-Kaffeemaschinen und hochwertigem Zubeh\u00f6r zum Direktkauf. \n\nFrisch ger\u00f6stete Kaffeesorten in grosser Auswahl laden ein, diese direkt vor Ort zu geniessen oder bequem mitzunehmen. \nZudem begeistern spannende Barista-Kurse, ideal f\u00fcr Teamevents, Treffen mit Freunden oder f\u00fcr Liebhaber des guten Kaffees, die ihre F\u00e4higkeiten vertiefen m\u00f6chten. \n\nDurch pers\u00f6nliche Beratung erh\u00e4ltst du Antworten auf all deine Fragen rund um die Welt des Kaffees. Und egal, ob direkt im Caf\u00e9, \u00fcber die Webseite oder telefonisch \u2013 das Bestellen und Anfragen ist unkompliziert und flexibel. Ein Ort, der Genuss, Qualit\u00e4t und Erlebnis in einzigartiger Weise vereint.", "url": "https://www.kaffieggae.ch/", "image": "https://ostpimtsoch.sos-ch-dk-2.exoscale-cdn.com/catalog/3/e/8/0/3e802817b4259f901843ffe2a0282ed54210d93a_643182c77b0326e71a67e8abf0e4420f.jpg", "openstreetmap_id": "way/1040017086"}, "geometry": {"type": "Point", "coordinates": ["9.500432996070614", "47.00296605"]}}, {"type": "Feature", "properties": {"identifier": "ef148113-71b5-44b3-b0b3-9f462c9ca59d", "name": "Gruebh\u00fctte", "description": "Die gem\u00fctliche Gruebh\u00fctte befindet sich direkt unter dem m\u00e4chtigen S\u00e4chsmoor. Das gut gelegene, bediente Feinschmecker-Beizli l\u00e4dt direkt neben der Skipiste zum Verweilen ein.\n\nDas Restaurant mit 55 Innenpl\u00e4tzen und sch\u00f6ner Sonnenterrasse ist bekannt f\u00fcr die beliebten Gerichte, welche mit frischen Produkten aus der Region gekocht werden. Gerne werden Ihnen feine K\u00f6stlichkeiten aus der K\u00fcche und dem Weinkeller auf \u00fcber 1800 m serviert. Runden Sie Ihren Skitag mit einem Besuch in der Grueb ab und geniessen Sie Ihren Aufenthalt.\n\nEs ist kein Zufall, wenn es Ihnen in der Gruebh\u00fctte gef\u00e4llt, es ist das Ziel!", "url": "https://www.gruebhuette.ch", "image": "https://ostpimtsoch.sos-ch-dk-2.exoscale-cdn.com/catalog/a/1/4/9/a14930c464a35b6cf11459724d04bcdf15b20224_1fa5ccb8b3066c88f05b30ad52e7f37e.jpg", "openstreetmap_id": "node/244067701"}, "geometry": {"type": "Point", "coordinates": ["9.242366552352907", "47.07217513093822"]}}, {"type": "Feature", "properties": {"identifier": "f1751f2b-e3fb-411d-8a45-57b4c0007360", "name": "DRIFT Bike Shop GmbH", "description": "Abholung und R\u00fcckgabe der Miet- und Testbikes ist nur w\u00e4hrend den \u00d6ffnungszeiten des jeweiligen Shops m\u00f6glich.", "url": "https://www.driftbikeshop.ch/", "image": "https://ostpimtsoch.sos-ch-dk-2.exoscale-cdn.com/catalog/1/4/4/7/14471508bacc156c6033b343d523321e9b4d826e_757b6abbb15d716b729dd5d67cb73130.jpg", "openstreetmap_id": "way/410664343"}, "geometry": {"type": "Point", "coordinates": ["9.4220398", "47.0481131"]}}, {"type": "Feature", "properties": {"identifier": "f2646495-d752-4300-8a6f-4fec60f82ef8", "name": "Swiss Casino St.Gallen", "description": "<p>Integriert ins Hotel Radisson k&ouml;nnen G&auml;ste an zahlreichen Spieltischen (American Roulette, Black Jack, Ultimate Texas Hold'em Poker) und unz&auml;hligen Spielautomaten in lockerer Atmosph&auml;re ihr Gl&uuml;ck versuchen. Stimmungsvolle Entspannung mit feinen Drinks wird an der Bar geboten. Das Swiss Casino St.Gallen zeichnet sich durch Modernit&auml;t und Grossz&uuml;gigkeit aus und bereichert die Bodensee-Region um ein Spielerlebnis in einem ungew&ouml;hnlichen und charmanten Ambiente.</p>", "url": "https://www.swisscasinos.ch/stgallen", "image": "https://ostpimtsoch.sos-ch-dk-2.exoscale-cdn.com/catalog/d/e/a/b/deab47908c72d73632642362429447a4362ea8f6_8020557e8096b2e827328bd1b027037b.jpg", "openstreetmap_id": "way/224013847"}, "geometry": {"type": "Point", "coordinates": ["9.38081", "47.43127"]}}, {"type": "Feature", "properties": {"identifier": "f5d3af54-a294-4e2c-b353-62a3c55b55bd", "name": "Kino Passerelle", "description": "Die Gru\u0308ndung der Genossenschaft Kino Passerelle ist dabei auf eine mutige Initiative aus den Reihen des ehemaligen Cine\u0301-Clubs zuru\u0308ckzufu\u0308hren. Nach der Schliessung des bisherigen &quot;Kino Speer&quot; 1987 konnte so mit der breiten Unterstu\u0308tzung der Bevo\u0308lkerung wieder ein Kino im Toggenburg seine Tu\u0308ren o\u0308ffnen.\n\nIm November 2002 konnten ein zweiter Saal und eine Kinobar ero\u0308ffnet werden. Da sich die Kinobranche in den letzten Jahren in einer starken Umbruchsphase befindet, sind auch im Kino Passerelle diverse Schritte unternommen worden, um die Zukunft zu sichern. Die Beschaffung der herko\u0308mmlichen 35mm-Filme gestaltete sich zunehmend als schwierig, weshalb 2012 die bisherigen Projektoren durch moderne Digitalprojektoren ersetzt wurden. \n\nAm 3. September 2016 konnte das Kino Passerelle schlussendlich auch eine komplett neue Saalbestuhlung der O\u0308ffentlichkeit pra\u0308sentieren. In Anwesenheit des Regisseurs Xavier Koller wurde \u201eDie Reise der Hoffnung\u201c gezeigt \u2013 der gleiche Film, der am 17. November 1990 als erster Film im Kino Passerelle vorgefu\u0308hrt worden war.\n\nDie Auswahl der Filme gestalten wir sehr bewusst und sehr vielfa\u0308ltig. Uns liegen kulturelle Studio- und Arthouse-Filme ebenso am Herzen wie anspruchsvolle Dokumentarfilme, regionales und schweizerisches Filmschaffen und Familienfilme. Durch verschiedene Spezialanla\u0308sse, auch in Zusammenarbeit mit anderen regionalen Institutionen, mo\u0308chten wir unserem Publikum ausserdem bestimmte Themen bewusst und auf attraktive Weise na\u0308herbringen.\n\nDurch eine lokale Verankerung, ein u\u0308berlegtes Filmprogramm und eine perso\u0308nliche Na\u0308he zu unseren Ga\u0308sten und Genossenschafter:innen mo\u0308chten wir so unserem Publikum das Tor zur weiten Welt des Films offenhalten.\n\nHinweis: Grosser Saal ist rollstuhlg\u00e4ngig; rollstuhlgerechte Toilette ist vorhanden.", "url": "http://kinopasserelle.ch", "image": "https://ostpimtsoch.sos-ch-dk-2.exoscale-cdn.com/catalog/7/b/5/d/7b5d5d174fc7ea6d14f59432ffe2b322a2bd686f_27d38bc238aa35eb25d5951f0daa858e.png", "openstreetmap_id": "node/82951557"}, "geometry": {"type": "Point", "coordinates": ["9.08898", "47.29702"]}}, {"type": "Feature", "properties": {"identifier": "f6dd71ca-4bc4-4e5b-99e4-581483f51fc4", "name": "WAMU", "description": "<p>WAMU aus dem Thurgau denkt Standup Paddling neu. Das Unternehmen kombiniert klassische SUP-Technologie mit einem innovativen Ansatz. Boards lassen sich magnetisch miteinander verbinden.<br>Die WAMU SUP Boards sind so konzipiert, dass sie einzeln gefahren werden k&ouml;nnen und sich bei Bedarf nahtlos zusammenschliessen lassen. Durch ein integriertes Magnetsystem verbinden sich mehrere Boards stabil miteinander &ndash; schnell, sicher und ohne komplizierte Handgriffe. So entstehen aus einzelnen Elementen gr&ouml;ssere Fl&auml;chen, die vielseitig genutzt werden k&ouml;nnen. Diese Funktion verwandelt den See in einen modularen Erlebnisraum.<br>Doch WAMU geht noch weiter. Die verbundenen Boards schaffen auch Raum f&uuml;r Bewegung und Spiel. Aus der Plattform wird ein Spielfeld f&uuml;r Aktivit&auml;ten wie Volleyball oder andere Gruppenspiele. Die Innovation aus dem Thurgau verbindet Natur, Bewegung und Gemeinschaft zu einem vielseitigen Erlebnis.<br>Die WAMU SUP Boards k&ouml;nnen direkt beim Wakepark Romanshorn gemietet werden.&nbsp;</p><p>&nbsp;</p>", "url": "https://wamu.ch/", "image": "https://ostpimtsoch.sos-ch-dk-2.exoscale-cdn.com/catalog/f/4/2/a/f42a79c72c38754665522fb9fced8f3b1de4b70f_ac03396a8e7aba7cace295d8c79e77de.jpg", "openstreetmap_id": "node/7072212427"}, "geometry": {"type": "Point", "coordinates": ["9.3594235", "47.5744142"]}}, {"type": "Feature", "properties": {"identifier": "f7862546-f1ae-4283-9fd9-2825d167ec3f", "name": "Fussballgolf Thurgau", "description": "Fussballgolf ist eine noch recht junge, aufstrebende Trendsportart, welche die beiden Sportarten Fussball und Golf kombiniert. Dieses Outdoor-Erlebnis ist f\u00fcr Gross und Klein, f\u00fcr Familien, Vereine und Firmen ein Freizeitspass \u2013 sowohl f\u00fcr Fussballer als auch f\u00fcr Nichtfussballer. Gespielt wird in Gruppen und Ziel ist es, einen Fussball durch oder \u00fcber Hindernisse zu spielen und in ein Loch zu versenken. Es gewinnt, wer am wenigsten Sch\u00fcsse ben\u00f6tigt. Ein Durchgang f\u00fcr vier Personen dauert rund zwei Stunden. Die Anlage mit den 18 Bahnen auf einer Spielfl\u00e4che von 35'000 Quadratmetern ist naturnah gestaltet. Zwischen den Bahnen vermitteln Informations-Tafeln Wissenswertes zum Thema Biodiversit\u00e4t.\n\nIm rollstuhl- und kinderwagenfreundlichen Bistro k\u00f6nnen sich Besucherinnen und Besucher mit warmen und kalten Speisen und Getr\u00e4nken verpflegen. Von der Terrasse aus geniessen die G\u00e4ste den Blick \u00fcber das gesamte Spielfeld. Die Kinder k\u00f6nnen sich in der Spielzone mit Sandkasten und Torschusswand vergn\u00fcgen.", "url": "https://fussballgolf.ch", "image": "https://ostpimtsoch.sos-ch-dk-2.exoscale-cdn.com/catalog/9/7/0/6/9706aac4ba4db5ae20661559d878057339270faa_856dd0a521b2d1b57d7a52c9e52e2162.jpg", "openstreetmap_id": "way/34638393"}, "geometry": {"type": "Point", "coordinates": ["9.006557464599611", "47.58863665571785"]}}, {"type": "Feature", "properties": {"identifier": "f81fe524-ae73-484f-a70c-5ce7ccbbaca5", "name": "Forster Rohner AG", "description": "Als Conrad Forster-Willi 1904 sein Unternehmen mit dem Namen Forster Willi &amp; Co. gr\u00fcndete, war Stickerei das wichtigste Exportprodukt der Schweiz. Seither hat sich dieser Zweig gewandelt. Geblieben sind aber die Faszination, die von diesem ausserordentlich wandlungsf\u00e4higen Produkt ausgeht und das unsch\u00e4tzbare Know-How, welches viele Mitarbeiter mit langj\u00e4hriger Erfahrung von Generation zu Generation weitertragen. Heute wird die Forster Group von der vierten Generation geleitet.\n\nAn ausgew\u00e4hlten Daten ist der Forster Group Outlet ge\u00f6ffnet. Angeboten werden Stickereien f\u00fcr Haute-Couture, Pr\u00eat-\u00e0-Porter und W\u00e4sche sowie Unistoffe zu attraktiven Preisen.", "url": "http://www.forsterrohner.com/", "image": "https://ostpimtsoch.sos-ch-dk-2.exoscale-cdn.com/catalog/f/4/2/2/f42232afbbc5b0a2161a3d57617c69bdb7081c4c_a99b1fd1d94b0e7ef3fa6c4483ddb139.jpg", "openstreetmap_id": "way/224528735"}, "geometry": {"type": "Point", "coordinates": ["9.403273", "47.4311726"]}}, {"type": "Feature", "properties": {"identifier": "f8816b51-dd9c-46b7-ab35-fec2727d9492", "name": "Goldschmiede Benovici", "description": "Goldschmiedeatelier f\u00fcr Schmuckanfertigung, Reparatur und Uhrenverkauf\nWir fertigen individuellen Schmuck nach Mass, reparieren Ihre Lieblingsst\u00fccke fachgerecht und verwandeln alten Schmuck in neue Unikate. In unserem Atelier in Bad Ragaz finden Sie handgefertigten Schmuck, verschiedene Uhren und eine pers\u00f6nliche Beratung. Mit viel Herz zum Detail bringen wir Ihre Ideen in Form. Ob Verlobungsring, Erbst\u00fcck oder ein Geschenk - bei uns finden Sie f\u00fcr jedes Budget etwas.", "url": "https://www.goldschmiede-benovici.ch", "image": "https://ostpimtsoch.sos-ch-dk-2.exoscale-cdn.com/catalog/f/f/7/d/ff7dfeba213bca36b43fb21a9fd65394598b04cc_bf3030da59aa5dde0e259f674bf95ec0.jpg", "openstreetmap_id": "node/10788228196"}, "geometry": {"type": "Point", "coordinates": ["9.5015801", "47.0029988"]}}, {"type": "Feature", "properties": {"identifier": "f9773b06-a769-4505-9f3e-d02e6a3cbb71", "name": "Buchhandlung W\u00f6rterSpiel", "description": "<p>Die Buchhandlung wurde 2019 mit dem Ziel gegr&uuml;ndet, das Lesen, Schreiben und gemeinsame Spielen zu f&ouml;rdern. Das Team verf&uuml;gt &uuml;ber langj&auml;hrige Erfahrung im Buchhandel und bietet eine kompetente Beratung sowie einen offenen Ort der Begegnung.</p><p>Zum Sortiment geh&ouml;ren B&uuml;cher f&uuml;r die ganze Familie, Gesellschaftsspiele, Papeterie- und B&uuml;roartikel sowie ausgew&auml;hlte Geschenkideen.</p><p>Das Angebot wird durch Lesungen, regelm&auml;ssige Vorlesestunden f&uuml;r Kinder oder geschlossene Gesellschaften sowie durch weitere Veranstaltungen abgerundet.</p><p>Herzlich willkommen in der Buchhandlung in Rorschach am Bodensee.&nbsp;</p>", "url": "https://www.woerterspiel.ch", "image": "https://ostpimtsoch.sos-ch-dk-2.exoscale-cdn.com/catalog/c/f/4/2/cf422e3dfd4ad77b9d13d8b4358770e95bd3c307_89ad7fcb1288fa939ba0ecf10a8edc19.jpg", "openstreetmap_id": "node/9691333479"}, "geometry": {"type": "Point", "coordinates": ["9.4923262", "47.478161"]}}, {"type": "Feature", "properties": {"identifier": "f9ef10a4-3ce2-4276-9df3-385e8ce58630", "name": "Adventure Golf-Anlage", "description": "Gleich beim Bergrestaurant Prodalp befindet sich die abwechslungsreiche Adventure Golf-Anlage. Hier gleicht keine Bahn der anderen. So spielen sich bei der 12-Loch-Anlage Grosseltern, Eltern und Kinder gleichermassen durch den verwinkelten \u201eMungg\u00e4-Bau\u201c, folgen dem faszinierenden \u201eRohan Rothirsch Erlebnisweg\u201c, erklimmen den \u201eSpitzmeilen\u201c und schiessen den Minigolfball den legend\u00e4ren \u201eFLOOMZER\u201c hinunter.", "url": "https://www.flumserberg.ch/de/informationen/Aktivitaeten/fuer-Abenteuer-Golfer-innen_activity_853", "image": "https://ostpimtsoch.sos-ch-dk-2.exoscale-cdn.com/catalog/a/4/7/3/a4730c24b02b4d5d0b40ddc5d0e9d683965b85fb_f4e229a00e0681bdfdde07604a330c05.jpg", "openstreetmap_id": "node/3431838772"}, "geometry": {"type": "Point", "coordinates": ["9.289412498474123", "47.0803694858407"]}}, {"type": "Feature", "properties": {"identifier": "fa11ee44-c008-4174-b5a7-2367d2ba3f82", "name": "ArboPark Action & Fun Center", "description": "<p>\u00dcber 25 High-End-Attraktionen sorgen f\u00fcr Abwechslung und den richtigen Adrenalinkick \u2013 darunter Gokart, DriftPark, Mixed Reality Playground, AR-Darts, die virtuelle Musikshow \u00abThe Voice\u00bb, interaktives Minigolf und einzigartige CUBE Challenges. Wer eine Pause braucht, st\u00e4rkt sich im hauseigenen Bistro. Ob mit der Familie, in der Gruppe oder im Team \u2013 im ArboPark sind Geschick, Teamgeist und K\u00f6pfchen gefragt. Dank \u00fcberdachter Halle und Abend\u00f6ffnung ist der Besuch bei jedem Wetter m\u00f6glich \u2013 ideal f\u00fcr spontane Tagesausfl\u00fcge und abwechslungsreiche Abende.&lt;/p&gt;&lt;p&gt;Der ArboPark liegt nur 10 Minuten vom Bahnhof Arbon entfernt und bietet \u00fcber 400 Parkpl\u00e4tze direkt vor Ort. Das n\u00e4chste Abenteuer ist also ganz nah.</p>", "url": "https://www.arbopark.ch/", "image": "https://ostpimtsoch.sos-ch-dk-2.exoscale-cdn.com/catalog/4/c/f/c/4cfc13f7429f6c82036c770f62e8bffad05802b3_cf18465481f1e530370cde0edbd84c0f.png", "openstreetmap_id": "node/10578653436"}, "geometry": {"type": "Point", "coordinates": ["9.4295678", "47.5069449"]}}, {"type": "Feature", "properties": {"identifier": "fb02190e-90b1-4f4d-95e5-e627dcb71821", "name": "BikerBerg Flumserberg", "description": "Der BikerBerg Flumserberg bereichert den Sommer im s\u00fcdlichen St. Gallen. So steht im abwechslungsreichen Sommersportgebiet zwischen Z\u00fcrich und Chur ein vielf\u00e4ltiges Bike-Angebot auf dem attraktiven Freizeitprogramm. 13 Kilometer einfache und mittelschwere Trails mit herrlichem Bergpanorama laden zu flowigen Abfahrten ein. Drei SchweizMobil Routen machen MTB-Fans gl\u00fccklich. Der umfangreiche Service von gef\u00fchrten BikerTouren, \u00fcber den BikerCamping bis hin zum Bike-Verleih rundet das einzigartige Erlebnis auf zwei R\u00e4dern ab.\n\nEine Vielfalt, die K\u00f6nner:innen, Einsteiger:innen und Familien gleichermassen zu sch\u00e4tzen wissen.", "url": "https://www.flumserberg.ch/bikerberg", "image": "https://ostpimtsoch.sos-ch-dk-2.exoscale-cdn.com/catalog/5/d/1/f/5d1f53403eb9ca8a2e47bf69073fcfdd4ac8c3b4_258d629438acc6d73ea6822cbe188372.jpg", "openstreetmap_id": "node/3431838772"}, "geometry": {"type": "Point", "coordinates": ["9.2895983", "47.0803081"]}}, {"type": "Feature", "properties": {"identifier": "fb68865a-3eb1-4a66-9a4d-471d60f1840d", "name": "Goldschmiedewerkstatt Sara Iseli", "description": "Seit 1999 schmiedet Sara Iseli Schmuckst\u00fccke in ihrer eigenen Werkstatt in St.Gallen. 2014 er\u00f6ffnete sie ihr Wunschlokal an der Schmiedgasse 20. Sara Iseli entwirft, fertigt Unikate nach Mass und verwendet dabei verschiedene Materialien: ausgesuchte Edelsteine, kostbares Gold, Silber oder Platin, Carbon oder Hightech Keramik. Die Kunden k\u00f6nnen von Anfang an dabei sein, wenn das neue Schmuckst\u00fcck geschmiedet wird. \n  \nAuch alte Sch\u00e4tze aus vergangenen Tagen haben einen unbezahlbaren Wert. Es w\u00e4re schade, diese Schmuckst\u00fccke in der Schublade verstauben zu lassen. Deshalb geh\u00f6ren neben der Kreation auch Schmuckaktualisierungen und -reparaturen zum Angebot.", "url": "http://www.goldschmiedewerkstatt.ch/", "image": "https://ostpimtsoch.sos-ch-dk-2.exoscale-cdn.com/catalog/4/7/6/5/4765ce1a9571e7693f427d2784cb1cc61b57141b_21c71e886ec64ae75630bfb20969436a.jpg", "openstreetmap_id": "node/4092527007"}, "geometry": {"type": "Point", "coordinates": ["9.37570489999996", "47.4240265"]}}]}