id;name;disambiguatingDescription;description;longitude;latitude;streetAddress;postalCode;addressLocality;telephone;email;url;image;dateModified0081c642-714e-4353-9be1-070c133e01f5;Villa Mon Repos Bed & Breakfast;Charmante Villa mit Park und nostalgischem Ambiente in Aadorf. Ideal zum Entspannen oder Erkunden der nahegelegenen Sehenswürdigkeiten. Familienfreundlich und aussergewöhnlich.;<p>Der Charme der denkmalgesch&uuml;tzten Villa &uuml;berzeugt: Nostalgische M&ouml;bel, Jugendstillavabos und antike Fliesen sorgen f&uuml;r das entsprechende Ambiente. Die Unterkunft in Aadorf ist f&uuml;r bis zu vier Personen ausgelegt, Babybett und Kinderbett sind zus&auml;tzlich vorhanden. Ein Park zum Ausruhen oder Entdecken (Kinderfreundlich), eine Bibliothek sowie ein Flipperkasten runden das Angebot ab. Mit hausgemachten Br&ouml;tchen aus dem Holzofen startet man gut in den Tag. Die Region kann zu Fuss oder mit dem Velo entdeckt werden. Ein Besuch der umliegende St&auml;dte und Museen im Dreieck Winterthur-Frauenfeld-Wil lohnt sich ebenfalls. Auch der Rheinfall, der Bodensee oder das Toggenburg sind nur 30 Autominuten entfernt, 2 kostenlose Parkpl&auml;tze sind vorhanden. Der Bahnhof ist nur 3 Gehminuten entfernt, mit guten &Ouml;V-Verbindungen Richtung Z&uuml;rich oder St. Gallen.</p>;8.906535208225252;47.487468255181916;Bohlstrasse 10, Villa Mon Repos;8355;Aadorf;+41798589436;info@villamonrepos.ch;https://www.villamonrepos.ch;[{'@type': 'ImageObject', 'contentUrl': 'https://ostpimtsoch.sos-ch-dk-2.exoscale-cdn.com/catalog/7/b/5/f/7b5fdd4bf6eb4e7f9588cc7a8192f2f6d89d054f_502298fc89a6dbb958aa3390694abb95.JPEG'}];2026-04-17T23:38:07+02:00
0189d86c-8472-4c3f-a273-f6901c88ee53;See Camping Bürer;See Camping Bürer liegt direkt am Ostufer des Walensees, etwa 1 km von Walenstadt entfernt. Der Campingplatz bietet Stellplätze für Zelte, Wohnwagen und Wohnmobile sowie zahlreiche Annehmlichkeiten wie einen Spielplatz, Grillstellen und eine Camperstation.;Ferienplatz für Zelte, Wohnwagen und Wohnmobile. Direkt am Ostufer des sauberen Walensees, ca. 1 km vom Garnisonsstädtchen Walenstadt entfernt. Ausgangspunkt für schöne Ausflüge mit Auto, Velo oder zu Fuss. 

Total ca. 20&#039;000 m2, 200 m flacher Badestrand, gepflegter ebener Rasen, mehrere Bäume, Spielplatz und Liegewiese, mehrere Feuer- und Grillstellen, Rezeption, Kiosk, Aufenthalts- und Trockenraum. Genügend Toiletten und Duschen, Waschmaschine und Trockner, Kochgelegenheit, Camperstation. 

Ca. 100 Residenz-, 70 Passanten- und 6 Saisonstellplätze.;9.300436530699649;47.1180223;Walenseestrasse 50;8880;Walenstadt;+41 81 735 12 12;max.buerer@see-camping.ch;http://www.see-camping.ch;[{'@type': 'ImageObject', 'contentUrl': 'https://ostpimtsoch.sos-ch-dk-2.exoscale-cdn.com/catalog/4/8/9/8/4898de75fc8c78c9c8e5481119be704c3f9d83e7_423a3da070e46d852094e626bed01e56.jpg'}];2025-08-29T20:16:40+02:00
01901eb6-f087-46e9-a14b-1350f987a251;Murg Camping;Murg Camping am Walensee bietet 20 Wohnwagenplätze direkt am Seeufer. Umgeben von Gärten, bietet es eine beeindruckende Aussicht auf die Churfirsten. Wassersportmöglichkeiten und umfassende Versorgung im Dorf sind vorhanden.;Der Camping am Walensee ist von Gärten umsäumt und bietet eine tolle Sicht auf die imposanten Churfirsten. Im Dorf gibt es komplette Versorgung vom Supermarkt bis zur Bank und von der Forstwirtschaft bis zu einer vielfältigen Gastronomie, Hotels und Ferienwohnungen.

Wassersport bietet der Walensee in allen Sparten vom Badevergnügen über Segelkurse, Surfkurse bis zur Schifffahrt. Die Windsurfingschule vermietet Surfbretter und Kajaks. Die Segelschule vermietet Segelboote, Jollen und Kielboote. Die prächtige Aussicht auf die Churfirstenkette mitten im Heidiland runden das Angebot ab.

Der Campingplatz verfügt über 20 Wohnwagenplätze direkt am Seeufer.;9.214526558266668;47.115038600000005;Strandbodenstrasse 16;8877;Murg;+41 81 738 15 30;info@quarten-tourismus.ch;https://www.murg-camping.ch;[{'@type': 'ImageObject', 'contentUrl': 'https://ostpimtsoch.sos-ch-dk-2.exoscale-cdn.com/catalog/7/8/2/9/7829c726dc7720eca0522f4ac69550f34a72b8b7_954c579218b9e1c4d6ea5abae045cc1b.JPG'}];2026-04-13T21:08:05+02:00
02a8cc26-2113-4996-9cfa-f056b46c1893;B&B Niederer;Heimelige Unterkunft im Herzen des Appenzellerlandes.;<p>Das heimelige Dorf B&uuml;hler im Appenzeller Mittelland ist idealer Ausgangspunkt f&uuml;r Wanderungen in den sanften H&uuml;geln oder im Alpstein mit S&auml;ntis, Hohem Kasten, Ebenalp und Kronberg. In der N&auml;he liegen das malerische Dorf Appenzell, das Rheintal oder St.Gallen. Im heimeligen Weberhaus mit viel Charme kann der Gastgeberin beim Handweben &uuml;ber die Schultern geschaut werden.</p>;9.4261223;47.3737219;Oberdorf 9;9055;Bühler;+41 77 431 92 19;h.niederer@bluewin.ch;https://bnb.ch/de/bnb/1662;[{'@type': 'ImageObject', 'contentUrl': 'https://ostpimtsoch.sos-ch-dk-2.exoscale-cdn.com/catalog/7/b/b/3/7bb395244015c84dee50bfa34d18da17a1eaaa85_c0548f80eb2a6507c4e01d800adf421d.jpg'}];2026-06-16T20:10:27+02:00
02c8b54b-1226-456a-9e26-10905147d18c;Panorama View (CharmingStay);Die moderne 3,5-Maisonette-Wohnung im Zentrum von Flumserberg Tannenboden bietet eine grosse Terrasse mit Blick auf die Churfirsten. In der Nähe befinden sich Dorfladen, Restaurants und die Bergbahn Tannenboden.;Die moderne 3.5-Maisonette-Wohnung befindet sich im Zentrum von Flumserberg Tannenboden. In nur wenigen Gehminuten entfernt befinden sich der Dorfladen, Restaurants sowie die Bergbahn Tannenboden. Die Wohnung verfügt über eine grosse Terrasse mit einer fantastischen Aussicht auf die Churfirsten. Es stehen zwei Garagenparkplätze sowie Besucherparkplätze zur Verfügung.  ;9.28523182510765;47.093405000000004;Flumserbergstrasse 188;8898;Flumserberg Tannenboden;+41 79 504 90 45;contact@charmingstay.ch;https://www.charmingstay.ch;[{'@type': 'ImageObject', 'contentUrl': 'https://ostpimtsoch.sos-ch-dk-2.exoscale-cdn.com/catalog/4/7/0/0/4700fe7469759b91541d667e2dd0bf6c4afee04a_250c257aa4936107f978ce161c23e1e3.JPG'}];2026-01-19T22:34:29+01:00
035d1c45-c0ce-4873-a959-2c45b292925a;Säntis Lodge;Im Herzen von Churfirsten, Säntis und Klangwelt. ;Die Säntis Lodge liegt inmitten vom Toggenburg, genauer gesagt in Unterwasser. Als Ferienort zeichnet sich Unterwasser besonders durch die charakteristische Berglandschaft aus. Neben der wunderschönen Landschaft bietet Unterwasser alles, was Gäste für gelungene Ferien brauchen. In der Säntis Lodge, dem Kernstück von Berg & Bett, werden Ferien zu dem, wofür sie gemacht sind.

Werden die Gäste gefragt, was ein Aufenthalt im Berg & Bett im Toggenburg einzigartig macht, so sind die Antworten unterschiedlich. Für die einen ist es die grosszügige und zugleich kuschelige Atmosphäre. Für die anderen ist es die Toggenburger Bergwelt. Wieder andere haben sich in das breitgefächerte und familienfreundliche Aktivitäten-Angebot der Region und der Säntis Lodge verliebt. Aber trotz der unterschiedlichen Rückmeldungen ist es vor allem eines, weswegen die Gäste gerne wiederkommen: das Team von Berg & Bett.

Zum Angebot der Säntis Lodge gehören: 
- Zwei Kinovorstellungen pro Tag um 16.00 Uhr (Kinderfilm) und 20.00 Uhr
- Entertainment (Ping-Pong, Billard, Tischfussball)
- Indoor-Lounge/Co-Workspace mit Highspeed-WIFI (Erwachsene)
- Kinderspielzimmer mit Bällebad
- Outdoor-Lounge (Sommer)
- Kinderspielplatz aussen (Sommer)
- Gästekarte für Ihr exklusives Erlebnis
- 1 Eintritt ins Hallenbad für das Reka Feriendorf
;9.313316573154678;47.1963286;Hauptstrasse 16;9657;Unterwasser;+41 71 999 27 27;info@bergundbett.ch;https://bergundbett.ch/;[{'@type': 'ImageObject', 'contentUrl': 'https://ostpimtsoch.sos-ch-dk-2.exoscale-cdn.com/catalog/e/d/b/6/edb6bb9d53c16586d1e5abfef16783fb4c1e529d_e09c1559b5f0bbc5a5f61d8cd2b696cb.jpg'}];2026-06-16T20:17:36+02:00
03d54cc2-4085-46fa-b683-f6f2652b3c53;Pension Alpenheim;Eine renovierte und wunderschöne Pension mit prächtigem Garten und blühenden Blumen in Teufen.;Im Herzen von Teufen, 5 Gehminuten zum Bahnhof, steht das stilecht renovierte Holzhaus mit grossem Garten. Geniessen Sie die herrliche Aussicht auf die Berge. Nebst preiswerten Zimmern bieten wir unseren Gästen auch Zimmer mit Duschen/WC an. 

Die 1½-Zimmer Gartenwohnung sowie das Appartement im 3. Stock mit 2½-Zimmern sind Bijous für Geniesser. 
Herzlich willkommen!;9.3880767;47.3920145;Gremmstrasse 14;9053;Teufen;+41 79 669 25 40;kontakt@pension-alpenheim.ch;http://www.pension-alpenheim.ch/;[{'@type': 'ImageObject', 'contentUrl': 'https://ostpimtsoch.sos-ch-dk-2.exoscale-cdn.com/catalog/f/5/4/9/f54970e61d2f4db2e216104a9efa8a06a65279f7_e4f9c5f114c7ea8c9d5a0755d971cc5f.jpg'}];2025-04-22T18:14:46+02:00
044fc296-c57b-488b-9808-3fc6e3f7955d;Ferienwohnung Allegra im Appenzellerland;Kleine, edle Ferienwohnung mitten in Schwellbrunn.;Gehobene, komplett renovierte Ferienwohnung im 300-jährigen Appenzellerland, mitten im schönsten Dorf der Schweiz. Ideal für Wanderungen, relaxen, geniessen. 

Die Wohnung verfügt über einen separaten Eingang. Das Schlafzimmer ist mit einem topmodernen Boxspring Bett ausgestattet und im Wohnzimmer steht ein Auszugssofa. Die Wohnung bietet Platz für maximal 4 Personen (Doppelbett plus Bettsofa).

Im Preis inbegriffen: Miete, NK, Tiefgaragenplatz, Kurtaxen, Bett-, Frottee- und Küchenwäsche, Kaffeekapseln, Benutzung Waschmaschine/Tumbler (in der Wohnung). Eigener Gartenbereich mit Kohlegrill.
Wir bieten die Oskar-Gästekarte an.

Mindestaufenthalt: ab 3 Nächte;9.249168;47.351193;Egg 99;9103;Schwellbrunn;+41 79 675 30 35;info@ferienschwellbrunn.ch;https://ferienschwellbrunn.com/;[{'@type': 'ImageObject', 'contentUrl': 'https://ostpimtsoch.sos-ch-dk-2.exoscale-cdn.com/catalog/0/0/5/d/005d511ea166e901fe24fe6c1e45a166cbf62437_4a781d20626b5b0722274af71e70b5c0.jpg'}];2025-04-22T18:14:46+02:00
04f3e90b-821c-476c-bfbe-70c67a67ec62;Hotel Swiss Views;Entspannen Sie sich und geniessen Sie die atemberaubende Aussicht auf die Berge von Ihrem Aufenthaltsort aus. Swiss Views ist nicht nur der Name, es ist wirklich ein Naturerlebnis in Ruhe, das Sie während Ihres Aufenthalts bei uns erleben können.;Die neu definierte Gastfreundschaft, Spass und Abenteuer und die Spezialitätenküche kombiniert mit Getränken sind die besten Schweizer Aussichten, die Sie nirgendwo anders erleben können.

Swiss Views bietet eine unübertroffene Komfortzone mit allen erforderlichen Annehmlichkeiten, um Ihren Aufenthalt angenehm und unvergesslich zu machen.

In unserem Hotel finden Sie einen elegant eingerichteten Speisesaal, der bis zu 70 Gästen Platz bietet und mit einem beruhigenden Ambiente und einem malerischen Blick nach draussen besticht. Unsere Auswahl an exotischen indischen und europäischen Gerichten lässt Ihren Gaumen eine ganz neue Geschmackswelt erleben. Für ausgewählte Anlässe steht auch ein Essbereich im Garten zur Verfügung.

Bei uns finden Sie verschiedene Übernachtungsmöglichkeiten. Über eine Wohnung, ein Deluxe-Doppelzimmer, Doppelzimmer und Einzelzimmer. Mit eigener Dusche oder einem Gemeinschaftsbad.

In unserem Seminarraum Säntis können Sie Ihren Geburtstag, Ihr Firmenmeeting oder Ihr Seminar abhalten. 

Wir freuen uns über Ihren Besuch. ;9.17594425957066;47.30147445;Dreiegglistrasse 10/12;9633 ;Hemberg;+41 71 377 10 87;info@swiss-views.ch;https://www.swiss-views.ch;[{'@type': 'ImageObject', 'contentUrl': 'https://ostpimtsoch.sos-ch-dk-2.exoscale-cdn.com/catalog/2/9/0/7/2907b43408129207c43b22b8c91796264d9151b8_d4d6f73f6e15c3e5a64e60f51ed0f232.jpg', 'caption': {'de': 'Aussenansicht'}}];2025-10-28T16:15:24+01:00
04fa6ff4-560f-41d4-bfdc-c4711f6a3090;Ferienwohnung Wartheim;Maisonette-Ferienwohnung mit Panorama – ruhig gelegen über dem Bodensee;Diese stilvoll eingerichtete Maisonette-Wohnung am Dorfrand von Heiden (700 m ü.M.) bietet Platz für bis zu 6 Personen – ideal für Familien oder kleine Gruppen, die Erholung in naturnaher Umgebung suchen.

Highlights: Ruhige Lage mit Weitblick über das Rheindelta, bis nach Bregenz, Lindau und den Pfänder Private Dachterrasse – perfekt zum Entspannen oder für Abendessen im Freien 3 gemütliche Schlafzimmer mit Verdunklungsmöglichkeit Voll ausgestattete Küche inkl. Fondue- und Raclette-Set Bad mit Badewanne, Dusche und Closomat Gratis Garage & Aussenparkplatz.

Lage & Umgebung: Wanderwege starten direkt vor der Tür, der Bodensee ist nur 5 km entfernt. In Heiden gibt es ein Freibad mit Sommerkino, das Appenzeller Heilbad liegt gleich in der Nähe. Coop, Migros und ein Volg mit langen Öffnungszeiten sorgen für gute Einkaufsmöglichkeiten.

Ausflugsziele: Perfekter Ausgangspunkt für Touren nach Appenzell, St.Gallen, Rorschach, Arbon, oder per Fähre nach Friedrichshafen. Der Aussichtspunkt „Fünfländerblick“ ist zu Fuss erreichbar. 

Wer höher hinaus will: Rundflüge ab dem Flugplatz Altenrhein sind möglich – Kontakte stellen wir gerne her.

Mindestaufenthalt: 2 Nächte;9.538214206695558;47.45410156826259;Thalerstrasse 49c;9410;Heiden;+41 78 600 00 38;thomas.streit@conseq.ch;[{'@type': 'ImageObject', 'contentUrl': 'https://ostpimtsoch.sos-ch-dk-2.exoscale-cdn.com/catalog/5/8/e/9/58e9533942c44f1cc7477d1dfdd716f58d986ef3_f77086975828f298fd6570e5714d6843.JPG', 'caption': {'de': 'Aussenansicht'}}];2025-07-16T18:27:29+02:00
06281908-85f4-4dba-83f3-3a474cb1282d;Hof Just - Schlafen im Stroh;Hof Just in Maienfeld bietet ein einzigartiges Erlebnis: Übernachten im Stroh oder auf Matratzen. Der Bauernhof liegt in der Nähe des Heidimuseums und heisst Radfahrende, Autofahrende, Motorradfahrende und Fussgänger willkommen.;Unser Bauernhof liegt oberhalb Maienfeld ganz in der Nähe des Heidimuseums (8 Gehminuten). Wir sind ein Familienbetrieb. Bei uns sind Velo-, Auto-, Motorradfahrer und auch Fussgänger jederzeit herzlich willkommen. Haben Sie schon einmal auf einem Bauernhof im Stroh oder auf Matratzen übernachtet...?;9.5377692;47.0130648;Bovelgasse 26;7304;Maienfeld;+41 79 800 50 13;hofjust@hotmail.com;https://www.hofjust.ch;[{'@type': 'ImageObject', 'contentUrl': 'https://ostpimtsoch.sos-ch-dk-2.exoscale-cdn.com/catalog/e/2/d/2/e2d22634d282a0333cf8b63cba77edf0a0bcc856_b43db6844a754e0b618854a192835680.jpg'}];2025-07-23T20:15:35+02:00
06808cd3-ce4a-4132-91b1-a68925709892;Bauernhaus Cafrida;Das Bauernhaus Cafrida in Flumserberg Tannenheim bietet eine renovierte Wohnung direkt an der Bikestrecke und Skipiste. In der Nähe befinden sich ein Hallenbad und mehrere Restaurants, die zu Fuss erreichbar sind.;Unsere Wohnung befindet sich in einem ehemaligen Bauernhaus, welches vollständig renoviert wurde. Die Wohnung liegt direkt an der Bikestrecke und an der Skipiste. Sowohl mit dem Bike als auch mit den Skiern kann man vor der Haustüre ins Abenteuer starten! Die Gondel ist zu Fuss in 10 Min. erreichbar. Das neu renovierte Hallenbad mit Sauna und Dampfbad liegt 5 Gehminuten von unserem Haus entfernt. Auch sind im Umkreis von 5 bis 20 Gehminuten einige Restaurants erreichbar.;9.300095280845616;47.08866795;Cafridastrasse 10;8897;Flumserberg Tannenheim;+41 81 733 34 19;beatrix.loop@bluewin.ch;[{'@type': 'ImageObject', 'contentUrl': 'https://ostpimtsoch.sos-ch-dk-2.exoscale-cdn.com/catalog/1/1/2/7/11277a0de13f3c225c392077ed5ac6274cc746a1_3548ce3185fa499794b732dd561bb00a.jpg'}];2026-01-19T22:29:02+01:00
06fb92aa-392e-4235-86e6-98c4e0b7ce25;Bellahof;Die 4-Zimmerwohnung im Bellahof bietet eine ruhige Lage in einem Bauernhaus mit Hof und Tieren, etwa 1,3 km vom Weiler Bergheim entfernt. Sie verfügt über eine Veranda, rustikale Einrichtung und einen kostenlosen Parkplatz.;Die 4-Zimmerwohnung befindet sich an ruhiger Lage im Hausteil eines Bauernhauses mit Hof und vielen Tieren, ca. 1.3 km vom Weiler Bergheim entfernt. Für die kleinen Gäste stehen verschiedene Spielmöglichkeiten zur Verfügung. Zur Wohnung gehört ein kostenloser Parkplatz.

Die Ferienwohnung im ersten Stock ist gemütlich und sehr rustikal eingerichtet. An den Wänden und Decken sind Holzbalken sichtbar. Zur Wohnung gehört eine Veranda.;9.30273875000001;47.103448400000005;Fäschstrasse 7;8896;Flumserberg Bergheim;+41 81 733 36 86;bellahof@bluewin.ch;http://www.bellahof.ch;[{'@type': 'ImageObject', 'contentUrl': 'https://ostpimtsoch.sos-ch-dk-2.exoscale-cdn.com/catalog/9/d/c/4/9dc43eefabdbed380c44e5e0997c66bd69007985_71ab8baf9e27a2b1e57b46b29ad915d2.JPG'}];2026-06-12T21:32:31+02:00
073cba69-a2db-4c2a-8ce0-3517ebc2ea9b;Ferienwohnung Tobelbach (CharmingStay);Die Ferienwohnung Tobelbach liegt im Flumserberg Tannenheim, ideal für Ski- und Wanderfreunde. Die Prodalp-Express Gondelbahn, Einkaufsmöglichkeiten und Restaurants sind in wenigen Gehminuten erreichbar.;Die 3.5-Zimmerwohnung befindet sich im Ski- und Wandergebiet Flumserberg Tannenheim. Die Gondelbahn Prodalp-Express, Einkaufsmöglichkeiten und Restaurants sind nur in wenigen Gehminuten entfernt.;9.298215508461;47.09129090458793;Tobelbachstrasse 16;8897;Flumserberg Tannenheim;+41 79 504 90 45;contact@charmingstay.ch;https://www.charmingstay.ch;[{'@type': 'ImageObject', 'contentUrl': 'https://ostpimtsoch.sos-ch-dk-2.exoscale-cdn.com/catalog/7/a/6/9/7a6927e95282b90b287848153e81cc29543e4612_745e8043eb34a0c700ce689ae163e0df.jpg'}];2026-01-19T22:34:29+01:00
0884b9f5-817e-4a4e-93ba-9690fae24023;BNB Weinberg;Ferienwohnung in Stein am Rhein;<p>Willkommen im BNB Weinberg – Ihr Rückzugsort im Herzen von Stein am Rhein.</p><p>Die 70m²-grosse Wohnung befindet sich im ersten Stock des 500-jährigen Gemäuer vom Weinberg. Sie beleben die ehemalige Wirtenwohnung mit Blick auf den Rhein. Wir haben sie für unsere Gäste umgebaut und neu eingerichtet. Alles für einen angenehmen Aufenthalt ist vorhanden. Gebucht kann die Wohnung in diesem Jahr nur über die im Link angegebene Plattform. Wir freuen uns auf Ihre Anfrage dort!</p>;8.8582224;47.6574572;Espiweg 1;8260;Stein am Rhein;+41 79 731 82 21;christa@garten-huter.ch;https://airbnb.ch/h/bnb-weinberg;[{'@type': 'ImageObject', 'contentUrl': 'https://ostpimtsoch.sos-ch-dk-2.exoscale-cdn.com/catalog/6/e/b/d/6ebd6c4731b8db4682d152d1fddef691571a671a_24cc58c06c8500ec5e8a1587bfb563c9.jpg'}];2025-05-19T18:45:38+02:00
0a975f26-5d2b-4e65-8140-15f6063dbb29;Sunehus - Ferienwohnung und Hot Pot;Hier im Sunehus in der Lustmühle dürfen sich die Gäste wohlfühlen, geniessen und Energie tanken.;Das luftige Studio im ikonischen Bio-Holz-Designhaus ist für zwei Personen buchbar. Per Bahn oder Bus dauert es weniger als zehn Minuten ins Zentrum von St.Gallen und etwas über eine Stunde nach Zürich. Der Wohnort ist eindrücklich mit toller Aussicht in die Berge. 

Das Studio ist frisch und komfortabel umgebaut. Es besteht aus:
- zwei Einzelbetten, die als Doppelbett hergerichtet werden können
- Dusche und kleines WC 
- kleine eingerichtete Küche 
- Essbereich 
- Wohnbereich mit schöner Aussicht 
- Arbeitsplatz 
- eigener Eingang durch Garage (Autoabstellplatz verfügbar wenn gewünscht). 
- Garten mit traumhafter Aussicht zur Mitbenützung 

Die Vermieter wohnen im oberen Stock. Zwei Elektrofahrräder stehen Ihnen kostenlos zur Verfügung, um die Umgebung zu erkunden.

Wer ausspannen und sich etwas Gutes tun möchte, verbringt wohlige Stunden im Hot Pot und geniesst dabei die freie Sicht auf den Alpstein. Das Sprudelvergnügen lässt sich perfekt mit einer Übernachtung im Studio Sunehus kombinieren. Und für Sprudel ist nicht nur im Bad gesorgt, eine Flasche Prosecco verwöhnt auch noch prickelnd den Gaumen.;9.355609416961672;47.396521235591536;Lindenstrasse 9;9062;Lustmühle;+41 76 523 26 61;stephen@zeitreisen.ch;https://sunehus.ch;[{'@type': 'ImageObject', 'contentUrl': 'https://ostpimtsoch.sos-ch-dk-2.exoscale-cdn.com/catalog/1/5/0/e/150ea017125c11c37e31b3a99f409da7182bba35_a6e032154a97ae716bca25b1a5e635dd.jpg'}];2026-06-16T20:17:36+02:00
0d5e490c-afb2-4559-9531-cb4fbd63d942;Ferienhaus BERGflow;Das Ferienhaus BERGflow liegt zentral im Flumserberg-Tannenheim, einem Paradies für Ski, Bike und Wandern. Die Bergbahn Prodalp-Express ist 300 m entfernt, das Hallenbad mit Sauna 800 m. Separate Eingänge und gratis Parkplätze sind vorhanden.;Das Ferienhaus BERGflow befindet sich sehr zentral gelegen im Ski-, Bike- und Wanderparadies Flumserberg-Tannenheim. In nur 300 m zu Fuss erreichen Sie die Bergbahn Prodalp-Express Tannenheim. Das Hallenbad mit Sauna ist in 800 m erreichbar. Die Busstation Plattenwiese ist 200 m von der Unterkunft entfernt.

Die Ferienwohnungen und das Clubhaus verfügen über separate Eingänge und gratis Parkplätze. Sie können nach Bedarf einzeln oder auch zusammen gemietet werden. Auch eine Saison- oder Jahresmiete der Wohnungen ist möglich.;9.305118771278615;47.0908321;Flumserbergstrasse 116/118;8897;Flumserberg Tannenheim;+41 78 764 54 51;reservation@bergflow.ch;https://bergflow.ch;[{'@type': 'ImageObject', 'contentUrl': 'https://ostpimtsoch.sos-ch-dk-2.exoscale-cdn.com/catalog/9/5/f/6/95f62149ab8190fa111d628abd4f0e4e9e071a71_d843199194f9dbf16ebedb0099391fd0.jpg'}];2026-04-09T21:25:33+02:00
0eb7c87f-373f-470a-906e-e758959751f5;Hotel Restaurant Krone Urnäsch;Das elegante und sympathische Hotel Restaurant Krone liegt mitten in Urnäsch in unmittelbarer Nähe zum Bahnhof der Appenzeller Bahnen.;<p>Die Pizzeria des Hotels Krone in Urn&auml;sch l&auml;dt zu italienischen Spezialit&auml;ten in einzigartiger Atmosph&auml;re ein. Dank des grossz&uuml;gigen Wintergartens geniessen G&auml;ste das Gef&uuml;hl von Offenheit und Licht &ndash; bei jedem Wetter. T&auml;glich von 11:30 bis 14:00 Uhr sowie von 17:30 bis 21:00 Uhr verkehrt der charmante Pizza-Zug durch das Restaurant und serviert die frisch zubereiteten Gerichte direkt an den Tisch. Ein besonderes Highlight, das nicht nur die j&uuml;ngsten G&auml;ste begeistert.</p><p>Bei sch&ouml;nem Wetter bietet zus&auml;tzlich die sonnige Terrasse Platz zum Verweilen im Freien &ndash; mit herrlichem Blick und entspannter Stimmung. Das Speiserestaurant im ersten Obergeschoss wird f&uuml;r das Fr&uuml;hst&uuml;ck der Hotelg&auml;ste genutzt und steht Gruppen f&uuml;r Anl&auml;sse zur Verf&uuml;gung.</p>;9.283836205004587;47.317241800000005;Appenzellerstrasse 2;9107;Urnäsch;+41 71 365 64 00;info@krone-urnaesch.ch;http://www.krone-urnaesch.ch/;[{'@type': 'ImageObject', 'contentUrl': 'https://ostpimtsoch.sos-ch-dk-2.exoscale-cdn.com/catalog/8/2/d/2/82d2a1feb917574c98e7749a81b91081e66d8444_753ff6d40361ea53f3e7d9601e35370b.jpg'}];2025-11-13T18:21:06+01:00
1008ed9f-e2c7-4d49-ba1e-cf755f8a7e0c;Purehomes;Hochwertige, vollausgestattete Service-Wohnung an ruhiger Lage, Nähe See.;<p>Willkommen in unserer charmanten 45 m&sup2; Wohnung in St. Gallen Sankt Georgen &ndash; der perfekte R&uuml;ckzugsort f&uuml;r Ihren Aufenthalt! Diese liebevoll eingerichtete Unterkunft bietet Ihnen alles, was Sie f&uuml;r einen komfortablen Aufenthalt ben&ouml;tigen. Die voll ausgestattete K&uuml;che l&auml;dt dazu ein, Ihre Lieblingsgerichte zuzubereiten, w&auml;hrend das moderne Badezimmer mit frischen Handt&uuml;chern, Seife und Shampoo ausgestattet ist. Im gem&uuml;tlichen Schlafzimmer finden Sie erholsame N&auml;chte, und die ausziehbare Couch im Wohnbereich bietet zus&auml;tzlichen Platz f&uuml;r bis zu zwei G&auml;ste. Genie&szlig;en Sie Ihre Morgenkaffee oder entspannen Sie nach einem ereignisreichen Tag auf dem Balkon mit Blick auf die Umgebung. Der Parkplatz direkt vor der T&uuml;r macht das Ankommen und Abfahren besonders bequem. In der N&auml;he erwartet Sie ein wundersch&ouml;ner See, ideal f&uuml;r entspannte Spazierg&auml;nge oder sportliche Aktivit&auml;ten. Zudem profitieren Sie von Highspeed-Internet und einem Netflix-Zugang, sodass Sie auch w&auml;hrend Ihres Aufenthalts unterhalten werden. F&uuml;r zus&auml;tzlichen Komfort bieten wir optionale Reinigungsdienste an. Bei uns finden Sie alles, was Sie f&uuml;r einen unvergesslichen Aufenthalt ben&ouml;tigen &ndash; wir freuen uns auf Ihren Besuch!</p>;9.3979202;47.4147397;St. Georgenstrasse 211;9011;St.Gallen;+41 765130541;info@purehomes.ch;https://www.airbnb.ch/rooms/1506305295211640543?guests=1&adults=1&s=67&unique_share_id=81599b66-d425-4744-b8e2-9d38ab7ffa07;[{'@type': 'ImageObject', 'contentUrl': 'https://ostpimtsoch.sos-ch-dk-2.exoscale-cdn.com/catalog/f/0/4/1/f0412bc96cf7b66402fa3af689ad5dc9aadfaab8_a86c506a569797070bbbcb39cf577f8a.jpg'}];2026-06-16T20:17:36+02:00
103605cb-0b4a-4dbf-9d1d-381aa98c5b8f;Mini-Hotel SIG Areal am Rheinfall;EINZIGARTIG, STILVOLL, ZENTRAL, KOMFORTABEL;Das Self Check-in Mini-Hotel auf dem SIG Areal am Rheinfall bietet mit den drei komfortablen Zimmern und modernem Flair eine aussergewöhnliche Übernachtungsmöglichkeit direkt oberhalb des Rheinfalls. Besonderes Highlight: Wer hier übernachtet, hat direkten Zugang zu einer gemütlichen Lounge und zur riesigen Dachterrasse im fünften Stock. Im Erdgeschoss des Mini-Hotels befindet sich das Restaurant Grünerbaum mit einer grosszügigen Aussen-Terrasse. Das Co-Work und ein Gym befinden sich in nur kurzer Gehdistanz entfernt.

Mit den öffentlichen Verkehrsmitteln ist das SIG Areal am Rheinfall bequem zu erreichen. Besucherparkplätze befinden sich ebenfalls in unmittelbarer Nähe des Mini-Hotels. Das SIG Areal am Rheinfall bietet ein einmaliger Begegnungsort mit einzigartigem Standort direkt oberhalb des Rheinfalls. 

Der Zugang zum Mini-Hotel erfolgt über Self-Check-In mit einem Zugangs-PIN, den Ihnen automatisch nach der Buchung zugestellt wird. Buchen Sie das Gästezimmer ganz bequem über die SIG Areal-App und freuen Sie sich über eine erholsame Übernachtung auf dem SIG Areal am Rheinfall.;8.618935346603395;47.67932343377057;Heinrich Moser-Platz 1;8212;Neuhausen am Rheinfall;+41 76 674 96 00;booking@sigareal.ch;https://www.sigareal.ch/;[{'@type': 'ImageObject', 'contentUrl': 'https://ostpimtsoch.sos-ch-dk-2.exoscale-cdn.com/catalog/2/c/2/4/2c241fb84b4dad9000cafadcc935065bd361cee0_3b8d46055a163b2514501ccf6db19319.jpg'}];2025-02-17T12:51:24+01:00
10507f59-4a24-45ec-b0d1-1b364921b1e2;Hotel Kurhaus Sennis;Das traditionelle Hotel Kurhaus Sennis auf der Sennis-Alp (1'400 m ü. M.) bietet einen stilvollen Speisesaal, schöne Gästezimmer und eine grosse Gartenwirtschaft. Es ist ein idealer Ort für Erholungssuchende, um Ruhe und neue Lebenskraft zu finden.;<div><p>Das traditionsreiche <strong>Hotel Kurhaus Sennis</strong> auf der idyllischen Sennis-Alp (1400 m &uuml;. M.) ist ein einzigartiger R&uuml;ckzugsort inmitten der Alvierkette. Das Haus bietet einen stilvollen, hellen Speisesaal, ein gem&uuml;tliches J&auml;gerst&uuml;bli, eine vertr&auml;umte Veranda und eine grossz&uuml;gige Gartenwirtschaft. F&uuml;r &Uuml;bernachtungen stehen nostalgische G&auml;stezimmer, zweckm&auml;ssige Familienzimmer sowie weitere Kategorien mit und ohne Balkon zur Verf&uuml;gung &ndash; insgesamt 25 Zimmer mit rund 60 Betten.</p><p>Geniesse die <strong>traditionelle K&uuml;che</strong> mit sorgf&auml;ltig zubereiteten Spezialit&auml;ten &ndash; von der &Auml;lplerspeise bis zum exklusiven Men&uuml; f&uuml;r besondere Anl&auml;sse. F&uuml;r Halbpension bieten wir den klassischen Table d&rsquo;h&ocirc;te Service (Vier-Gang-Men&uuml;) an.</p><p>Die Sennis-Alp ist ein Ort f&uuml;r Ruhe, Erholung und neue Lebenskraft. Entdecke die blumigen Alpweiden des Naturschutzgebietes, den knorrigen Bergwald mit w&uuml;rzigem Harzduft und die Tierwelt im nahen Wildasyl. Der Blick reicht &uuml;ber das Heidiland, den Walensee und die imposante Alvierkette &ndash; die &bdquo;Dolomiten der Ostschweiz&ldquo;.</p><p><strong>Infrastruktur &amp; Extras:</strong></p><ul><li>Restaurant mit 80&ndash;100 Sitzpl&auml;tzen</li><li>Gartenwirtschaft</li><li>25 Zimmer (Nostalgie-, Einzel-, Doppel-, Familien- und Mehrbettzimmer)</li><li>Parkpl&auml;tze (gegen Geb&uuml;hr)</li><li>Transfer-Service ab Rotherdplangg auf Anfrage</li><li>Hunde willkommen (mit Ausstattung)</li><li>WLAN nicht verf&uuml;gbar &ndash; Natur pur</li></ul></div>;9.3715405;47.1190555;Sennis-Alp;8892;Berschis;+41 81 733 12 29;sennis-alp@bluewin.ch;https://www.hotelkurhaussennis.com/;[{'@type': 'ImageObject', 'contentUrl': 'https://ostpimtsoch.sos-ch-dk-2.exoscale-cdn.com/catalog/f/f/5/e/ff5ea23f31fd6dc1eb932a80db7e02b643671978_85dc52532b2fd7b4514edf9bc3daed91.jpg', 'caption': {'de': 'Hotel Kurhaus Sennis'}}];2026-05-29T16:30:19+02:00
12f581d5-9df7-4b4b-9f50-97e11ed0f9a3;Sardonahütte SAC;Die Sardonahütte SAC im Calfeisental bietet Platz für 44 Personen. Sie ist von Mitte Juni bis Mitte Oktober geöffnet und bietet Halbpension sowie eine kleine Speisekarte für Tagesgäste. Die Hütte ist modern renoviert und gemütlich eingerichtet.;Die Hütte ist modern renoviert und heimelig eingerichtet. 
Die Hütte ist offen von Mitte Juni bis Mitte Oktober. Wir bieten den Gästen Halbpension, Getränke und eine kleine Speisekarte für Tagesgäste an. Der Winterraum hat 14 Plätze. Es ist ein Kochherd, Holz und Geschirr vorhanden. Alle Schlafräume sind mit Duvets ausgestattet.
Es hat Waschräume, aber keine Duschen. Das Stübli ist, auch wenn es draussen kühl ist, gemütlich eingerichtet.;9.275419190833333;46.91547395;SAC-Hütte;7315;Vättis;+41 81 306 13 88;jaeger.beat@bluewin.ch;http://www.sardonahuette.ch;[{'@type': 'ImageObject', 'contentUrl': 'https://ostpimtsoch.sos-ch-dk-2.exoscale-cdn.com/catalog/2/c/5/4/2c544b567dc6f6097c8414af531e871774de20b6_fee07c0786078402bd693ff2ed37105d.JPG'}];2026-08-11T20:38:58+02:00
130a2eed-c701-4e31-89da-0f09dcb9e746;Bed and Breakfast Winzenberg;Nach einem liebevoll gestalteten Umbau, bei dem das Traditionelle mit dem Modernen verbunden wurde, ist vor sechs Jahren dieses Gästehaus mit 3 Panoramazimmern und Gemeinschaftsraum entstanden.
;Das Haus ist für Familien mit Kindern genauso geeignet wie für jemanden, der etwas Ruhe und ein spezielles Ambiente sucht.

Schnell ist man auf dem Winzenberg (von Zürich ca. 45 Min, von St. Gallen ca. 30 Min) und doch fühlt man sich hier in einer anderen Welt…
In authentischer landwirtschaftlicher Umgebung, nahe der wilden Flusslandschaften der Necker und der Thur, in denen man wunderbar baden kann, finden Sie hier viel Weitsicht. Ganz gleich, ob Sie zu Fuss oder mit dem Velo unterwegs sind (das Haus liegt an der E-Bike Herzroute und an einer sehr beliebten Velo- und Töff-Panoramaroute).

Die Wege und Pfade in der Umgebung sind noch nicht ganz so ausgetreten und die nahen Flüsse und Wasserfälle wildromantisch und schön. Die unzähligen Wanderwege führen Sie an viele verträumte Orte, zu alten Ruinen und kleinen Beizen und sind auch im Winter, mit oder ohne Schneeschuhe, immer eine Reise wert!

Im Winter lockt eine verträumte unverdorbene Schneelandschaft, oft mit Sicht auf das Nebelmeer. Schlittelwege (Köbelisberg, Hemberg) und viele einfache Skilifte (Gähwil, Mosnang, Oberhelfentschwil) finden Sie in der Nähe.;9.1178562;47.3949482;Winzenberg 2;9604;Lütisburg;+41 71 931 35 66;bamejodi@bluewin.ch;https://bnbwinzenberg.ch/;[{'@type': 'ImageObject', 'contentUrl': 'https://ostpimtsoch.sos-ch-dk-2.exoscale-cdn.com/catalog/f/9/e/e/f9ee04f36576ade6e8705c6a30623adabe70505a_671629d6c13fbc7fac6fc4add67c5302.jpg'}];2025-10-28T16:12:59+01:00
13743f73-60cd-49d7-91e5-03932f8f53c3;Ferienwohnung Edelweiss;Ferienwohnung Edelweiss mit Blick auf den Bodensee im schönen Appenzellerland;<p>“Willkommen in der zauberhaften “Edelweiss”-Ferienwohnung in Wolfhalden. Diese frisch renovierte Unterkunft für 2-4 Personen verspricht nicht nur einen erholsamen Aufenthalt, sondern auch ein unvergleichliches Erlebnis. Die Wohnung bietet einen atemberaubenden Panoramablick auf den Bodensee, der Sie jeden Morgen und Abend mit seiner Schönheit verzaubern wird. Neben der bezaubernden Seesicht verfügen wir über gratis WLAN und Swisscom TV, damit Sie stets in Verbindung bleiben können. Der eigene Garten ist der ideale Ort, um sich zu entspannen und die frische Luft zu genießen. Das angrenzende Partyhaus lädt zu unterhaltsamen Abenden ein und der Grillbereich sowie das Cheminée ermöglichen es Ihnen, kulinarische Köstlichkeiten zuzubereiten und den Abend in gemütlicher Atmosphäre ausklingen zu lassen. Für Ihren Komfort stehen ausreichend Parkplätze zur Verfügung. Um die Region zu erkunden, bieten sich Busverbindungen an, die Sie zu den zahlreichen Attraktionen und regionalen Hofläden führen. Dort können Sie lokale Produkte probieren und ein Stück Appenzeller Gastfreundschaft erleben. Die “Edelweiss”-Ferienwohnung verspricht nicht nur ein Zuhause auf Zeit, sondern auch unvergessliche Momente in einer malerischen Umgebung. Willkommen zu einem Urlaub voller Entspannung, Abenteuer und einer herrlichen Panorama-Seesicht, die Ihre Sinne verzaubern wird.</p><p>Mindestaufenthalt: 3 Nächte</p>;9.5494744;47.4553123;Alte Landstrasse 240;9427;Wolfhalden;+41 79 884 08 44;info@frickart.ch;[{'@type': 'ImageObject', 'contentUrl': 'https://ostpimtsoch.sos-ch-dk-2.exoscale-cdn.com/catalog/4/0/6/2/4062b1ea556c6eb8157f9570582a1a1a5ff89b94_5c26666a3f6b33650bfa7b73f8708042.jpeg'}];2025-04-24T18:17:51+02:00
1386323c-8233-458d-a452-ec746ecbc26f;Mätz Appartement;Das Mätz Appartement liegt zentral in Flumserberg Tannenheim, nur 5 Minuten zu Fuss von der Talstation Prodalp-Express entfernt. Es bietet eine schöne Aussicht auf die Berge des Sarganserlandes und beherbergt das Restaurant mätz dine.;Das Appartement Mätz liegt mitten im Zentrum Flumserberg Tannenheim, 5 Gehminuten von der Haustüre bis zur Talstation Prodalp-Express und bietet eine schöne Aussicht auf die Berge des Sarganserlandes. Im gleichen Gebäude finden Sie das einzigartige Restaurant mätz dine. Einkaufsmöglichkeiten sind 5 Minuten zu Fuss entfernt.;9.304427504539492;47.09051299112454;Flumserbergstrasse 41;8897;Flumserberg Tannenheim;+41 79 795 10 32;maetz@rsnweb.ch;https://www.maetz-appartement.ch/;[{'@type': 'ImageObject', 'contentUrl': 'https://ostpimtsoch.sos-ch-dk-2.exoscale-cdn.com/catalog/1/f/f/5/1ff5c2d27d2ee303ed7a051af56dc34c2e16b433_74f9fd213dd4bca07bccd1a00a69d8fb.jpeg'}];2026-01-27T21:57:10+01:00
14837aff-3b6c-4bf7-83b1-f7985e72c61a;Apartment Dufour;Das 3-Zimmer-Apartment im Hotel Hecht;Wo sich die Hügel des Appenzellerlandes, die Rheintalebene und die Bodenseelandschaft begegnen, liegt das historische Städtchen Rheineck. Und hier, zwischen dem ältesten Siedlungsteil, dem Fahr und den dichtgefügten Gassen der früheren Stadtmauern, begrüsst das Hotel Hecht seine Gäste. 

Im Hotel Hecht steht ein hübsches 3-Zimmer-Apartment (klimatisiert) zur Verfügung, welches für einen kürzeren oder längeren Urlaub in der Gegend vermietet wird. Zum Hotel Hecht mit 14 Zimmern (klimatisiert) gehören im Erdgeschoss ein Restaurant mit 60 Plätzen und eine Sonnenterrasse für 60 Personen. Das Restaurant mit Terrasse und die Smokers-Lounge sind öffentlich. 

Die Unterkunft: Das 3-Zimmer-Apartment befindet sich im 1. Stock des Hotel Hecht und hat zwei Schlafzimmer, ein kleines Wohnzimmer, eine kleine Küche und ein Bad mit WC. Alle drei Zimmer sind klimatisiert und mit grossem TV ausgestattet. Zudem haben die Gäste alle Annehmlichkeiten eines Hotels und Restaurants im Haus. 

Zugang für Gäste: Die Gäste benützen den Hoteleingang. Das Apartment im 1. Stock (kein Lift) ist privat. Am Sonntag und Montag ist das Restaurant geschlossen. Die Rezeption ist täglich besetzt. 

Weitere wichtige Hinweise: Bei Aufenthalten ab 4 Tagen gibt es wöchentlich einen Wäschewechsel und für Fr. 12.00 (anstatt Fr. 18.00) darf im Hotel gefrühstückt werden.;9.5918208;47.4647847;Hauptstrasse 51;9424;Rheineck;+41 71 888 29 25;info@hotelhecht-rheineck.ch;https://hotelhecht-rheineck.ch/;[{'@type': 'ImageObject', 'contentUrl': 'https://ostpimtsoch.sos-ch-dk-2.exoscale-cdn.com/catalog/1/6/6/1/1661ca7e7fc076f4564b8c19b0d80e3b4506c0a0_fd543ad675b605e442e44aa795f835a9.jpg'}];2026-06-16T20:17:36+02:00
14c71dd5-60b0-4821-8e63-a20f039b382b;Hotel Balga;Das Natur- und Bikehotel im St.Galler Rheintal;Das Natur- und Bikehotel Balga, ein kleines aber schickes Plätzchen, mitten im Dorfkern von Balgach. Abseits urbaner Hektik. Hier, auf dem Land, ist die Natur unser Lebenselixier. Die Weinberge sind unser Zuhause. Unsere Passion fürs Biken echt. Deshalb sind wir auch ein zertifiziertes 3-Sterne Bikehotel und setzen alles daran, dass ihr euch bei uns wohlfühlt. Ganz nah an der Natur – und zwar das ganze Jahr hindurch.

Unsere Zimmer sind modern und gemütlich zugleich. Zeitlos und schlicht – mit dem höchsten Schlafkomfort für unsere Gäste. Eine umfangreiche Bike-Infrastruktur mit Fahrrad-Waschanlage, E-Bikeladestation, Ersatzteile-Shop, Waschmaschine und Tumbler sowie ein 24-Stunden-Check-in und kostenlose Parkplätze machen den Aufenthalt bei uns im
Balga bequem und einfach. Und dank verschiedenster Zimmerkategorien seid ihr als Paar, Familie, allein oder mit Freunden bestens versorgt.

Im hoteleigenen Restaurant Hedwig servieren wir zum Frühstück ein Buffet aus regionalen Leckereien, mittags gibt es hausgemachte Menü's und abends naturnahe Gerichte zum Teilen – passend zur Saison und zum gemeinsamen Geniessen.;9.607920000000036;47.40694;Rietstrasse 2;9436;Balgach;+41 71 722 18 61;hallo@hotel-balga.ch;https://hotel-balga.ch/;[{'@type': 'ImageObject', 'contentUrl': 'https://ostpimtsoch.sos-ch-dk-2.exoscale-cdn.com/catalog/3/d/7/2/3d72a59f6d4e64e9c0643d01830ef64e096d3e8b_7ab6211d8f8a0d83b7091ceffafb1e1d.jpg'}];2026-06-16T20:17:36+02:00
150f674a-314d-451f-b312-5b509127e009;Schloss Wartensee;Das Schloss der vielen Möglichkeiten, hoch über dem Bodensee.;Das historische Schloss Wartensee, welches um das Jahr 1243 erbaut wurde, liegt in Rorschacherberg, ist von einer Gartenterrasse umgeben, verfügt über eine historische Kapelle sowie einen gotischen Saal und bietet einen atemberaubenden Panoramablick über den Bodensee. Ein gelungener Mix aus Tradition und Moderne ziert das Schloss und macht es zu einem einzigartigen Ort.

Trotz der guten Anbindung zur Autobahn und eigener ÖV-Haltestelle lädt die ruhige Lage sowohl Geschäftsreisende als auch Urlaubsgäste zum Verweilen ein. Ob Seminare, Hochzeiten, Paarreisen oder Familienausflüge – das Schloss Wartensee ist der richtige Ort, um seine Seele baumeln zu lassen. Ein regionales Küchenkonzept lässt die Gäste beim Schlemmen in die idyllische Bodenseeregion eintauchen. 

Die Zimmer im Hotel verfügen über ein eigenes Bad mit einer Dusche und einem Haartrockner sowie einen Flachbild-TV. WLAN nutzen die Gäste in den öffentlichen Bereichen kostenfrei. Es stehen kostenfreie Parkplätze neben der Unterkunft zur Verfügung und auch Haustiere sind herzlich willkommen.

Unter dem Motto: «Einfach, echt, ehrlich, erleben» definiert das Schloss Wartensee folgendes:
Einfach Gast sein, wir kümmern uns um den Rest.
Echt, wir bieten jedem Anlass ein zu Hause.
Ehrlich, bei uns sehen Sie den See immer.
Erleben Sie echte Schlossatmosphäre.

Gerne ist das Hotel Team bei Ihren Anliegen behilflich und freut sich auf eine Kontaktaufnahme. 

Die Schlossgeister vom Schloss Wartensee;9.530794057225679;47.471660650000004;Wartensee 1;9404;Rorschacherberg;+41 71 858 73 73;schloss@wartensee.ch;http://www.wartensee.ch/;[{'@type': 'ImageObject', 'contentUrl': 'https://ostpimtsoch.sos-ch-dk-2.exoscale-cdn.com/catalog/3/c/d/1/3cd128422c8d95aa543c3deabbfe4cdc52dbfe9a_f63e7242bec19dbbdf4b754413d5d28d.JPG'}];2026-06-16T20:17:36+02:00
1658b22f-8d25-4244-86cf-b1a95f80f9cf;Bed & Breakfast Dorf-Schmiede;Das charmante Bed & Breakfast Dorf-Schmiede befindet sich in der historischen Schmiede im Zentrum von Müllheim. Das über 200-jährige Riegelhaus ist direkt am Dorfbach gelegen. ;<p>Das Bed &amp; Breakfast liegt zentral im malerischen Thurtal und ist sowohl mit dem Auto als auch mit öffentlichen Verkehrsmitteln gut erreichbar. Familiäre Gastfreundschaft und individuelle Betreuung schaffen eine angenehme und persönliche Atmosphäre.<br><br>Mehrere moderne Zimmer stehen zur Verfügung, die sich ein Gemeinschaftsbad und eine separate Toilette teilen. Ein gemütlicher Aufenthaltsraum lädt zum Verweilen ein, zudem gibt es einen überdachten Parkplatz sowie eine Einstellhalle für Zweiräder mit Ladestation.<br><br>Am Morgen wird ein kontinentales Frühstück mit regionalen Produkten und hausgemachten Spezialitäten serviert. Einkaufsmöglichkeiten und Restaurants befinden sich in unmittelbarer Nähe und sind bequem zu Fuss erreichbar.<br><br>Die Umgebung bietet zahlreiche Freizeitmöglichkeiten, wie den Freizeitpark Conny-Land, den Bodensee mit der Blumeninsel Mainau, das historische Stein am Rhein und den Rheinfall in Schaffhausen.</p><;9.0040023536926;47.6025585;Bachstrasse 1;8555;Müllheim Dorf;+41 77 429 74 71;info@dorf-schmiede.ch;https://www.dorf-schmiede.ch/;[{'@type': 'ImageObject', 'contentUrl': 'https://ostpimtsoch.sos-ch-dk-2.exoscale-cdn.com/catalog/b/d/c/9/bdc99f3eb771dbbb64be4ae51fc042a4b931dc15_2e752a8d82748eaecfeb8b1be3a8c115.jpg'}];2025-02-17T13:17:13+01:00
17024d36-d351-4148-81ff-7afc58630f6f;Bad Horn Hotel & Spa;Das Bad Horn Hotel & Spa liegt direkt am Bodensee. Die eigene Seeterrasse, die Motoryacht im Hotelhafen und ein hervorragendes Wellness- und Speiseangebot sowie die maritime Atmosphäre des 4-Sterne-Superior-Hauses beglücken anspruchsvolle Gäste.;<p>Bereits 1827 entspannten sich Kurgäste in den verschiedenen Bädern des traditionsreichen Bad Horn Hotel &amp; Spa und schätzten die aussergewöhnliche Lage direkt am Schweizer Bodenseeufer. Dies ist auch heute noch so. Die Seeterrasse lädt zum Apéro und Dinieren unmittelbar am Wasser. Die vielfältige Wellnesslandschaft umfasst heute auf 1’500 Quadratmetern Saunen, Dampfbäder, eine Salztherme, ein Hamam und bietet exklusive Behandlungen. Der direkte Bodenseezugang verschafft Abkühlung nach dem Saunagang.<br><br>Das nautische Ambiente zieht sich durch das gesamte Hotel und wird mit Mahagoni und Messing unterstrichen. Ein Highlight im Bad Horn ist das Restaurant «Wave» mit 15 GaultMillau-Punkten. Hier werden regionale Zutaten mit Liebe zum Detail neu interpretiert. Aber auch Klassiker wie etwa Flambées, direkt am Tisch zubereitet, gehören zu den Spezialitäten der Crew. Edle Weine von lokalen Winzern und aus aller Welt runden das kulinarische Angebot ab.</p>;9.468346088498386;47.4946723;Seestrasse 36;9326;Horn;+41 71 844 51 51;info@badhorn.ch;http://www.badhorn.ch/;[{'@type': 'ImageObject', 'contentUrl': 'https://ostpimtsoch.sos-ch-dk-2.exoscale-cdn.com/catalog/e/a/d/d/eadddfb6853707f1ff43f4d8028c733b6901a348_93ca78ca9166d983edd74a3de16e5eb2.jpg'}];2026-06-16T22:14:20+02:00
17b4955f-a254-4c2f-9ac7-222c9009290c;Denkmalgeschütztes Appenzellerhaus;Grosszügiges, heimeliges Appenzellerhaus in der Landwirtschaftszone von Stein AR.;<p>G&ouml;nnen Sie sich einen 5*-Urlaub in einem &uuml;ber 200-j&auml;hrigen, vollst&auml;ndig renovierten Appenzellerhaus. Treten Sie ein in die einzigartige Atmosph&auml;re dieser denkmal-gesch&uuml;tzten Liegenschaft, welche f&uuml;r 7 Erwachsene und 4 Kinder Platz bietet. Es verf&uuml;gt &uuml;ber eine Wohnstube, zwei Nebenstuben, eine grosse neue Wohnk&uuml;che, f&uuml;nf Schlafzimmer, ein grosses Kinderzimmer sowie zwei Nasszellen mit Bad/Dusche/WC resp. Dusche/WC. Die Liegenschaft befindet sich unterhalb des Dorfkerns von Stein, ist ruhig und sonnig gelegen und bietet einen traumhaften Ausblick ins Appenzellerland mit der Gebirgskette des Hohen Kastens im Hintergrund. Gerne empfangen wir Sie in unseren heimeligen R&auml;umen f&uuml;r unvergessliche und abwechslungsreiche Ferientage.<br>Mindestaufenthalt: 4 N&auml;chte</p>;9.352842800000001;47.3733259;Niderstein 113;9063;Stein;079 419 50 04;kontakt@ferienhaus-appenzell.com;http://www.ferienhaus-appenzell.com;[{'@type': 'ImageObject', 'contentUrl': 'https://ostpimtsoch.sos-ch-dk-2.exoscale-cdn.com/catalog/6/7/1/e/671e6107c5a249119b377a62db5acb58675a23cc_ee5e74199f3390aaac1a2bf9713959c1.jpg'}];2025-10-28T15:32:44+01:00
17c5124a-4ddf-453a-9af5-9ade5d6d49fb;BnB Haus Weibel;Das BnB Haus Weibel in Landquart bietet Panoramablick auf die Berge, kostenfreies WLAN und Parkplätze. Es liegt 500 m vom Bahnhof und der Autobahn A13 entfernt. Alle Zimmer sind mit Flachbild-TV und Nespresso-Maschine ausgestattet.;Das BnB Haus Weibel liegt nur 500 m vom Bahnhof Landquart und der Autobahn A13 entfernt. Es bietet einen Panoramablick auf die Berge, kostenfreies WLAN im Zimmer und kostenfreie Parkplätze.

Alle Zimmer verfügen über einen Flachbild-Kabel-TV und eine Nespresso-Kaffeemaschine. Bei der Ankunft steht 1 Flasche Mineralwasser pro Person kostenfrei bereit.

Morgens wird ab 08:00 Uhr im Frühstücksraum, auf der Terrasse oder auf Anfrage auch auf Ihrem Zimmer ein kontinentales Frühstück serviert.;9.5622841185405;46.968601500000005;Bahnhofstrasse 57;7302;Landquart;+41 76 480 91 34;info@hausweibel.ch;http://www.hausweibel.ch;[{'@type': 'ImageObject', 'contentUrl': 'https://ostpimtsoch.sos-ch-dk-2.exoscale-cdn.com/catalog/0/6/1/c/061c9e83d3be25996fafd0c5871b1c87acd483bb_706457e90a88a8feb70116c44ffe4041.JPG'}];2026-01-19T22:24:23+01:00
17ea1a71-cefd-4ab1-a4e4-366e64988e02;Hirschen Wald - Gasthaus und Bäckerei;«Ä chli vo allem», das ist der Leitgedanke der Familie Mettler, die seit 1899 das charakterstarke und geschichtsträchtige Gasthaus mit Bäckerei führt.;Der Hirschen Wald verfügt über sechs frisch renovierte geräumige und komfortable Zimmer, die neues und altes verbinden; eine kleine Bäckerei mit einem mehr als hundertjährigen Backofen, aus dem es nach Brot, Zopf und zahlreichen Spezialitäten duftet; zwei heimelige Stuben mit einem 270-jährigen Wandbuffet, in denen eine gutbürgerliche und regionale Küche gepflegt wird; und einen Saal für bis zu 60 Personen mit Blick auf den Alpstein und die Hügel des Appenzellerlands.

Der Familienbetrieb liegt ausserhalb des Dorfes Wald, umgeben von Wiesen und Wäldern auf 1050 m ü. M. Wer Ruhe und Entschleunigung sucht, ist hier richtig aufgehoben. In familiärem Ambiente kann man hier das Appenzellerland auf authentische und unprätentiöse Art erleben und geniessen.;9.5046876;47.4190749;Büel 123;9044;Wald;+41 71 877 11 46;info@hirschenwald.ch;http://www.hirschenwald.ch/;[{'@type': 'ImageObject', 'contentUrl': 'https://ostpimtsoch.sos-ch-dk-2.exoscale-cdn.com/catalog/d/e/7/4/de74a99d0370aef9c80cb574a20c45c84e1c3ba5_3ceed02c53db6af3df0bca4918605c39.jpg'}];2025-04-22T18:12:51+02:00
19281858-3712-4f9e-bb46-41bda6ccba39;Hotel Wolfensberg;Das Hotel Wolfensberg ist ein idealer Ausgangspunkt für gemütliche Spaziergänge durch Wiesen und Wälder und die unverseherte Natur.;Der Wolfensberg, auf 900 Metern gelegen, bietet die fantastische Kulisse für das Hotel, das von einer eigenen Parkanlage mit Biotop umgeben ist und rundum eine grossartige Aussicht in die voralpine Landschaft bietet. Es ist der idyllische Ausgangspunkt für lauschige Spaziergänge in den umliegenden Wäldern, Wanderungen und Ausflüge. Beispielsweise ins nahe gelegene St.Gallen, dessen Klosterviertel unter UNESCO-Schutz steht, oder ins Appenzellerland mit seinem einzigartigen Alpsteinmassiv.

Infrastruktur für Zweiräder
- Abschliessbare Garage
- Stromanschluss direkt in der Garage
- Werkinstrumente;9.18335795402527;47.37211901527186;Wolfensberg 34;9113;Degersheim;+41 71 370 02 02;info@wolfensberg.ch;http://www.wolfensberg.ch/;[{'@type': 'ImageObject', 'contentUrl': 'https://ostpimtsoch.sos-ch-dk-2.exoscale-cdn.com/catalog/7/1/2/7/71275b7c63ba0cf44e53cf24d723c528c0ff94db_7736ec3ac7f8c4ff4c4561add993ac00.jpg'}];2026-06-17T19:28:30+02:00
1969ddcd-262f-4495-8f04-efcc646833e6;Bed & Breakfast Säntisblick;Das BnB Säntisblick in Salmsach ist ein mit viel Liebe und Sorgfalt eingerichtetes BnB auf einem Landwirtschaftsbetrieb inmitten von Gemüsekulturen, Ackerbau und Obstplantagen.;Das BnB-Zimmer mit WC und Dusche bietet Platz für maximal 4 Personen und bietet allen Komfort eines guten Hauses. Das modern-rustikale Ambiente verspricht Erholung und Entspannung.;9.3483985;47.54895;Fehlwies 4;8599;Salmsach;+41 79 264 69 93;danielabuergler@icloud.com;https://bnb-saentisblick.jimdosite.com;[{'@type': 'ImageObject', 'contentUrl': 'https://ostpimtsoch.sos-ch-dk-2.exoscale-cdn.com/catalog/0/b/a/a/0baa303d651a578e5840f8431c10d8867077bb45_9e3aac13c3744131ad0fba444b9fa99a.jpeg'}];2026-04-01T22:21:34+02:00
1a2c9bed-b01a-46c4-b23f-03c6a9647495;Kartause Ittingen;Eingebettet in die ehemalige Klosteranlage laden stilvoll-moderne Hotelzimmer ein, sich von der Hektik des Alltags auszuruhen und neue Kraft zu schöpfen. Ein einzigartiges Hotel für Kurzferien, Seminare, Feste, Hochzeiten, Kurse und Ausflüge.;Die Kartause Ittingen zählt heute zu den führenden Seminar- und Kulturzentren der Schweiz. Das ehemalige Kartäuserkloster ist authentisch erhalten und restauriert. Den Gästen stehen ein Hotel mit 68 Zimmern (3 Sterne Superior), ein Restaurant, eine Bar im ehemaligen Ochsenstall, diverse Eventlocations mit rund 1’000 Plätzen und 22 Seminarräume mit bis zu 450 Plätzen zur Verfügung. In einzigartiger historischer Umgebung bietet die Kartause Ittingen einen unvergleichlichen Rahmen für vielfältige gesellschaftliche und kulturelle Anlässe. Neben dem Gastwirtschaftsbetrieb führt die Kartause Ittingen einen Gutsbetrieb mit Weinbau, eine Metzgerei, Fischzucht, Gärtnerei und Käserei sowie ein Heim und Werkbetrieb für betreute Mitarbeitende. Sie beherbergt zudem zwei Museen und die Bildungsstätte «tecum».

Dank der Einbettung in die wundervolle Thurgauer Naturkulisse, umgeben von Rebbergen, Obstbäumen und der intakten Thurlandschaft, wirkt dieser Ort entschleunigend und doch kraftvoll.;8.86646725724886;47.58337645;Gastwirtschaftsbetrieb;8532;Warth;+41 52 748 44 11;info@kartause.ch;https://www.kartause.ch/de;[{'@type': 'ImageObject', 'contentUrl': 'https://ostpimtsoch.sos-ch-dk-2.exoscale-cdn.com/catalog/6/a/7/2/6a7234ace5264a7c0e6cc356f6ccd35d1fe336c4_ab4606923772fdf328ff5c0bb0840a35.jpg'}];2026-07-12T21:39:02+02:00
1a5afb5b-7b54-4805-9d99-15861dba4ee3;Stellplatz «Parkplatz Risi»;Herzlich Willkommen in Schwellbrunn - ein traumhafter Aufenthalt ist in einem der «schönsten Dörfer der Schweiz» garantiert!;<p>Der einfache Stellplatz inmitten der Appenzeller Hügellandschaft mit Blick auf den Alpstein befindet sich auf dem Parkplatz Risi. Es stehen 2 Stellplätze für maximal 2 Nächte zur Verfügung. Erkunden Sie direkt vom Stellplatz aus die herrlichen Appenzeller Wanderwege (z.B. Rätselweg), spannende Biketouren oder geniessen Sie einfach die traumhafte Aussicht. Eine Überblickt der Wanderwege, Feuerstellen, Einkaufsmöglichkeiten und Restaurants ist auf dem folgenden Situationsplan zu finden. <a href="https://www.schwellbrunn.ch/_docn/3091967/Situationsplan.pdf" rel="noopener noreferrer" target="_blank">Zum Lageplan</a></p><p></p><p>Es handelt sich um einen öffentlichen Parkplatz, eine Reservation ist daher nicht möglich. Die Übernachtung ist kostenlos.</p><p></p>;9.2360522;47.3462884;9103;Schwellbrunn;[{'@type': 'ImageObject', 'contentUrl': 'https://ostpimtsoch.sos-ch-dk-2.exoscale-cdn.com/catalog/e/9/c/1/e9c1562a95fa3a0eda9ec192bf9a7ed6faddbbf4_499ce60fa8554c812ffe07727cf32d79.jpg'}];2025-04-25T18:17:32+02:00
1a7c767a-3a69-4d66-a2a9-47505b6509d1;Gasthof Ziegelhütte;DER Gasthof am Stadtrand von Schaffhausen. Geniessen, Feiern, Tagen, Schlafen - Herzlich Willkommen!;<p>Der Gasthof Ziegelhütte versprüht pure Gemütlichkeit.  Moderne Einrichtung in heimeligem Flair. </p><p>Neben der Gaststube mit Cheminée befinden sich im Erdgeschoss das Längenbergstübli und das urchige Angusstübli. Im ersten Stock finden Sie den Saal (bis ca. 120 Personen) mit direktem Zugang zum Aperoplatz und der Festscheune. Ebenfalls im 1. Stock befindet sich der Seminar- und Sitzungsraum.</p><p>Im zweiten Stock liegen die heimeligen Zimmer und das Appartement.</p><p>Für unsere Weinliebhaber ist  sicher der Weinkeller das Highlight. Und im Sommer lädt natürlich die grosszügige Gartenwirtschaft und für die Kinder der Spielplatz zum Verweilen ein.</p><p>Alle Infos inkl. Öffnungszeiten finden Sie auf unserer Homepage. Wir freuen uns auf Ihren Besuch und Ihre Reservationen (bitte telefonisch an +41 52 533 10 20).

Ihr Gasthof Ziegelhütte - Team Schaffhausen</p>;8.6286781;47.7276123;Längenbergstrasse 2;8200;Schaffhausen;+41 52 533 10 20;info@gasthofziegelhuette.ch;http://www.gasthofziegelhuette.ch;[{'@type': 'ImageObject', 'contentUrl': 'https://ostpimtsoch.sos-ch-dk-2.exoscale-cdn.com/catalog/d/4/e/9/d4e97fddfd278ebd2b6c6905d5d332b0a90ca6d2_9cf8944a5f75d5fdf493d73040165cf1.JPG'}];2025-05-28T18:46:59+02:00
1b15b04f-6ecb-4b0e-8960-25f32d4b259b;Grand Resort Bad Ragaz;Das Grand Resort Bad Ragaz vereint Fünf-Sterne-Luxus mit erstklassiger medizinischer Expertise. Es bietet 233 luxuriöse Zimmer, sieben Restaurants mit Michelin-Sternen, zwei Golfplätze und ein Casino. Ein einzigartiges Health- und Wellnessangebot erwartet die Gäste.;Das Grand Resort Bad Ragaz ist eine einmalige Kombination aus Fünf-Sterne-Luxusresort und erstklassiger medizinischer Expertise in der Schweiz. Gäste finden hier einen Rückzugort der Erholung und tiefgreifenden Regeneration.

Es besteht aus den beiden Fünf-Sterne-Hotels Grand Hotel Quellenhof &amp; Spa Suites und Grand Hotel Hof Ragaz mit 233 luxuriösen Zimmern und Suiten. Das Resort integriert eines der besten Gesundheitszentren Europas und bietet ein einzigartiges Health- und Wellnessangebot an. Für kulinarische Gaumentänze stehen sieben Restaurants mit insgesamt 6 Michelin-Sternen und 76 Gault-Millau-Punkten, ein Sushi-Take-Away, ein Bistro sowie ein Café zur Auswahl. Zwei Golfplätze, ein Meetings &amp; Events Center, das öffentliche Thermalbad Tamina Therme und ein eigenes Casino machen jeden Aufenthalt zu einem wahren Erlebnis.;9.50390330143708;47.0004384;Bernhard-Simonstrasse;7310;Bad Ragaz;+41 81 303 30 30;reservation@resortragaz.ch;http://www.resortragaz.ch;[{'@type': 'ImageObject', 'contentUrl': 'https://ostpimtsoch.sos-ch-dk-2.exoscale-cdn.com/catalog/1/7/9/1/1791219499e715bd1e5456104b2347b4a2c2681a_ad8e1e81ceff3911653e65fe8901fcfc.jpg'}];2026-06-22T20:45:52+02:00
1b95a540-fa27-4257-bf34-4040d34532a5;Restaurant - Hotel de Charme Römerhof;Charmantes Boutiquehotel* mit historischem Flair und ausgezeichneter Küche im Herzen von Arbon;Das Boutiquehotel Römerhof in Arbon verbindet historischen Charme mit modernem Komfort. Elf individuell eingerichtete Zimmer, ein von Gault Millau ausgezeichnetes Gourmetrestaurant und zwei historische Bankettsäle schaffen den idealen Rahmen für besondere Anlässe, Tagungen und genussvolle Aufenthalte.

Die sonnige Terrasse über den alten Stadtmauern sowie die exklusive Davidoff Cigar Lounge bieten Raum für Entspannung. Dank der zentralen Lage im historischen Dorfkern von Arbon und der unmittelbaren Nähe zum Bodensee ist der Römerhof sowohl für private Aufenthalte als auch für geschäftliche Anlässe bestens geeignet.

Der Römerhof steht für Geschichte, Eleganz, kulinarische Höhepunkte und herzliche Gastfreundschaft.;9.43359;47.51638;Freiheitsgasse 3;9320;Arbon;+41 71 447 30 30;info@roemerhof-arbon.ch;https://www.roemerhof-arbon.ch/;[{'@type': 'ImageObject', 'contentUrl': 'https://ostpimtsoch.sos-ch-dk-2.exoscale-cdn.com/catalog/2/2/0/f/220f3becff33287399d430d12a1e358810853870_a3691b0f2e4b206a10e22b6b8429b8e4.jpg'}];2026-06-16T20:28:37+02:00
1c71b0cf-1fde-4cf7-864b-8aff5d87b1be;Jugendherberge Kreuzlingen;Die Jugendherberge Kreuzlingen liegt im grünen Seeburgpark keine 200 Meter vom Bodensee entfernt. Es erfreuen Gäste die historischen Räumlichkeiten der ehemaligen Villa Hörnliberg, Blick auf See und ins Grüne, eine Vielfalt an Ausflugsmöglichkeiten und Kanus zum Ausleihen. ;Eingebettet in den grössten Erholungs- und Erlebnispark am Bodensee, den Seeburgpark, liegt die Jugendherberge Kreuzlingen. Untergebracht ist sie in der herrschaftlichen Villa Hörnliberg mit Balkonen zum Bodensee. Kleine Gäste freuen sich auf den nahen Spielplatz im Park, den Tierpark oder das Sea Life Konstanz. Der Bodensee lädt zum erfrischenden Bad, einer Schiff- oder einer Kanufahrt. Die Kanus dazu können in der Jugi ausgeliehen werden. Zum Haus gehört ein Sportplatz mit Tischtennis. Eine Selbstkocherküche ist nicht vorhanden. Vollpension kann aber auf Anfrage gebucht werden. Kreuzlingen ist der ideale Ausgangspunkt für viele Tagesausflüge. Die schöne Altstadt von Kreuzlingen oder Konstanz, die Häfen und Bahnhöfe beider Städte, Velomiete, das Seemuseum und viele lauschige Restaurants oder Plätzchen am Bodenseeufer sind nur wenige Gehminuten entfernt.;9.1874778;47.6480851;Promenadenstrasse 7;8280;Kreuzlingen;+41 71 688 26 63;kreuzlingen@youthhostel.ch;http://www.youthhostel.ch/kreuzlingen;[{'@type': 'ImageObject', 'contentUrl': 'https://ostpimtsoch.sos-ch-dk-2.exoscale-cdn.com/catalog/5/9/f/8/59f8422c1cb3c5fb19055dd14d6643b1cd3cb590_1dee420e895e04050258e486b44c4fb2.jpg'}];2025-10-28T21:45:51+01:00
1e878d38-ea44-408c-a3de-662053342b58;Privatzimmer Hobi;Das Privatzimmer Hobi in Valens bietet ein komfortabel eingerichtetes 2-Bett-Zimmer im Parterre. Es liegt sonnig und ruhig, nur drei Gehminuten vom Thermalbad entfernt, und verfügt über kostenfreies WLAN und einen Parkplatz.;Das 2 Bett-Zimmer im Parterre befindet sich an sonniger und ruhiger Lage in Valens, nur ca. 3 Gehminuten vom Thermalbad entfernt. Zum Zimmmer gehört ein kostenfreier Parkplatz.

Komfortabel eingerichtetes Zimmer im Parterre mit Doppelbett, TV und WLAN.;9.479686215137889;46.9688684;Gässli 10;7317;Valens;+41 81 302 48 50;vrenahobi@bluewin.ch;[{'@type': 'ImageObject', 'contentUrl': 'https://ostpimtsoch.sos-ch-dk-2.exoscale-cdn.com/catalog/1/2/a/3/12a319c4da1063487c13fa686141d6ef5309fc67_c11f3e47e8aa9ecc2694eec3fe6022b8.jpg'}];2026-02-09T22:39:01+01:00
2035deba-3e79-41f1-b6f0-b7cd84575bc5;Vienna House by Wyndham Zur Bleiche Schaffhausen;Das zeitgeistige Hotel in Schaffhausen überzeugt mit innovativer Architektur; liegt zentral zum Hauptbahnhof und der idyllischen Altstadt.;<p>Das 4 Sterne Hotel liegt zentral zum Hauptbahnhof und der idyllischen Altstadt. Das architektonisch interessante Areal spielt mit der Geschichte der Bleiche, einem Platz, der historisch der Allgemeinheit dient.</p><p>Es ist ein zeitgeistiges Hotel f&uuml;r viele M&ouml;glichkeiten. St&auml;dtetouristen erobern die traumhaften Sehensw&uuml;rdigkeiten, Gesch&auml;ftsreisende lieben die perfekte Anbindung und Tagungsg&auml;ste haben ein Rund-Um-Paket auf h&ouml;chstem Niveau. Das ist die Schweiz von heute.</p><ul><li>130 klimatisierte Zimmer und Apartments</li><li>24 h Rezeption</li><li>Kostenfreies Highspeed WLAN &amp; mobiler Concierge</li><li>Restaurant mit Terrasse</li><li>Bar &amp; Lounge</li><li>7 flexible Meeting- &amp; Konferenzr&auml;ume, klimatisiert</li><li>500 m&sup2; Eventfl&auml;che mit variablem 300 m&sup2; Eventsaal, Foyer und kleinen Boardrooms</li><li>modernste Eventtechnik mit professioneller Betreuung</li><li>483 Tiefgaragenpl&auml;tze im &ouml;ffentlichen Parkhaus &laquo;Bahnhof&raquo; mit 2 E-Tankstellen</li></ul>;8.6321377;47.6991974;Bleicheplatz 1;8201;Schaffhausen;+41 52 631 00 00;info.zurbleiche-schaffhausen@hrg-hotels.com;https://www.wyndhamhotels.com/de-de/vienna-house/schaffhausen-switzerland/vienna-house-zur-bleiche-schaffhausen/overview;[{'@type': 'ImageObject', 'contentUrl': 'https://ostpimtsoch.sos-ch-dk-2.exoscale-cdn.com/catalog/7/d/1/b/7d1b10f16c5ec89a72b03b9767435026fff4fadd_06335f88e68a9d4de2f382684a3a6814.jpg'}];2025-10-28T19:01:13+01:00
20ccbfc8-a262-498e-b19f-df3c4aad5d62;Wohnmobil-Stellplatz Iddaburg Gähwil;Grosszügiger, neu erstellter Wohnmobilstellplatz in ländlicher Umgebung direkt neben dem Skilift Gähwil. 10 Stellplätze für Wohnmobile bis 10 m Länge, Höhe unbegrenzt. Befestigter Kiesplatz mit eingezeichneten Parzellen 10x5m.;Der ideale Ausgangspunkt für Wanderungen und Biketouren. Der Wallfahrtsort St. Iddaburg ist in einer wunderschönen Wanderung durch idyllische Wege in ca. einer Stunde erreichbar. Ebenso sind viele schöne Wanderungen in sanfter Hügellandschaft direkt ab Platz möglich. Das weitherum bekannte Kloster Fischingen ist in gut einer Stunde zu Fuss erreichbar. Die Umgebung von Gähwil eignet sich auch hervorragend für Biketouren oder zum Entspannen. Für weitere Ausflüge, z.B zur Altstadt Wil oder in die Kantonshauptstadt St.Gallen, befindet sich eine Bushaltestelle direkt beim Platz.
Platz sehr geeignet für grosse Wohnmobile.
Genügend Platz für Vereinstreffen oder Familientreffen.
Restaurand Rössli mit schöner Gartenwirtschaft für ein feines Essen oder zum gemütlichen zusammen sein.  300m 
Tennisplatz Miet pro Std CHF. 20 inkl. Dusche
Reservationen sind möglich per E-Mail oder Whatsapp;9.00166;47.39552;Sportstrasse;9534;Gähwil;+41 79 252 03 78;wm.saentisblick@gmx.ch;https://wohnmobil-stellplatz.ch/;[{'@type': 'ImageObject', 'contentUrl': 'https://ostpimtsoch.sos-ch-dk-2.exoscale-cdn.com/catalog/7/4/2/b/742b91edb38326bcc03fe1c5e48cda1c9c760470_8c7c815801281813af6f7d8606c0bf91.jpg'}];2025-10-28T16:12:59+01:00
2195c246-9561-480f-8bb6-eb20d302bddf;Gasthaus Traube Buchs;Das traditionsreiche Gasthaus Traube in Buchs freut sich auf herzliche und spannende Begegnungen aller Coleur.;Hier dreht sich alles um die Gäste. Um ihn, es, sie, euch, dich. Die Gäste werden mit Genuss auf dem Teller und aus dem Weinglas verwöhnt, mit Einfachem und Schönem, mit herzlichen Begegnungen und allerhand Köstlichem, serviert in den denkmalgeschützten Räumlichkeiten. . Im angrenzenden neuen Boutique-Hotel trifft ein vergnügtes Spiel mit Materialien auf Schlichtheit und Design. Hier sitzt jedes Detail. Der Garten als verbindendes Element mit mehreren kleinen, lauschigen Plätzen ist ein Ort zum Entdecken mitten in der Stadt. Hier verschmelzen die Tradition des Gasthauses mit dem modernen Hotel zu einer Oase der entspannten Begegnung und des ungetrübten Genusses für alle Sinne.;9.4694649;47.1654743;St. Gallerstrasse 7;9470;Buchs;+41 81 750 55 22;markom@gasthaus-traube.ch;https://gasthaus-traube.ch/de/;[{'@type': 'ImageObject', 'contentUrl': 'https://ostpimtsoch.sos-ch-dk-2.exoscale-cdn.com/catalog/b/7/5/6/b756a9ce1422221f2df6c541b855ff989f2126bd_bbeb251a77ce7dc11f1c94a5c353e499.jpg'}];2026-06-16T20:28:37+02:00
223f16a8-8169-4370-b773-5d61d063dc50;Sorell Hotel Tamina - Garni;Das Sorell Hotel Tamina in Bad Ragaz bietet geräumige Zimmer mit Panoramablick auf die Alpen, nur fünf Gehminuten von der Tamina Therme entfernt. Ein modernes Restaurant serviert ein europäisches Frühstück.;Das Sorell Hotel Tamina liegt nur 5 Gehminuten von der Tamina Therme entfernt.

Alle Zimmer sind sehr geräumig und begeistern mit einem herrlichen Panoramablick auf die Alpen. Zur Ausstattung gehören eine Minibar und eine Kaffeemaschine.

Im modernen Restaurant können Gäste ein europäisches Frühstück geniessen.;9.500772872301976;47.00200675;Am Platz 3;7310;Bad Ragaz;+41 81 303 71 71;tamina@sorellhotels.com;http://www.hoteltamina.ch;[{'@type': 'ImageObject', 'contentUrl': 'https://ostpimtsoch.sos-ch-dk-2.exoscale-cdn.com/catalog/1/c/9/4/1c949dc50549d616ff231c188071c66e84c7ce22_269068651545a2fdec5dabefdc0bb6e0.jpg'}];2026-02-16T16:30:24+01:00
2326cce9-21c8-4608-a167-b649ad3fa3c3;Berghotel Seebenalp;Das Berghotel Seebenalp liegt auf 1650 m ü.M. im Flumserberg, einem Ski- und Wanderparadies. Es bietet gutbürgerliche Küche und verschiedene Zimmerkategorien. Im Sommer ist der Seebensee in der Nähe, im Winter ist das Hotel über den Winterwanderweg erreichbar.;Einmalige Lage, mitten im Ski- und Wanderparadies Flumserberg. Auf 1650 m Seehöhe, ganz idyllisch gelegen mitten in der Natur - fernab vom Strassenlärm und nur zu Fuss erreichbar. 

Gut bürgerliche Küche. Div. Kategorien von Zimmern. Wir freuen uns auf Ihren Besuch!

Im Sommer
Der Seebensee liegt direkt vor unserer Haustüre. Ca. 1 Stunde Fussmarsch vom Maschgenkamm und ca. 1.5 Stunden vom Tannenboden. 

Im Winter
Sind wir zu Fuss über den Winterwanderweg vom Tannenboden oder mit Skis oder Snowboard zu erreichen.;9.248347277089128;47.0804291;Seebenalp;8884;Oberterzen;+41 81 738 12 23;berghotel@seebenalp.ch;http://www.seebenalp.ch;[{'@type': 'ImageObject', 'contentUrl': 'https://ostpimtsoch.sos-ch-dk-2.exoscale-cdn.com/catalog/6/a/9/d/6a9df9cd6cd70fb6d45f3e5853c5e671b8418590_99c5b3d6dff641f51c85d9873344050a.jpg'}];2026-07-10T20:43:04+02:00
234184b5-1fac-4997-bdbc-94f030a9a86d;Anni's B&B;Anni's B&B verfügt über drei Doppelzimmer und ein Einzelzimmer.;Das heimelige Wohnzimmer mit TV sowie Radio und das lauschige Plätzchen im Garten laden zum Verweilen ein.

Gemütliche Zimmer wie zu Grossmutters Zeiten erwarten Sie. Schöne Bettwäsche von damals, Spitzenleintücher und Federdecke laden zur Erholung und Entspannung ein.

Nachhaltigkeit ist unsere Devise.

Vorhandenes lassen wir wieder aufleben.

Radfahrer, Pilger und Wanderer sind sehr willkommen.
Die Veloroute um den Bodensee führt nahe am Haus vorbei.
Vom Bahnhof Stein am Rhein, ostwärts, circa 800 Meter links abbiegen, über Gleise und Strasse gelangen Sie zum Höflerweg 1.;8.868393404571107;47.6498069;Höflerweg 1;8264;Eschenz;+41 79 736 77 55;info@annisbnb.ch;http://www.annisbnb.ch/;[{'@type': 'ImageObject', 'contentUrl': 'https://ostpimtsoch.sos-ch-dk-2.exoscale-cdn.com/catalog/3/3/2/4/33240fb21c994559a3cef3ef7921c20ee3b53990_56e6df6693147b5f642fd82dbb808ae7.jpg'}];2025-02-17T12:46:31+01:00
238aec76-22c6-4c60-b36e-e7a8efd723af;Hotel Flawil;Ein Haus voll Gastlichkeit – Gross genug, um den vielfältigen Wünschen der Kundschaft zu dienen. Klein genug, um die Gemütlichkeit und Vertrautheit von Zuhause auszustrahlen.;<p>12 Zimmer mit total 22 Betten und eine Suite bieten den Gesch&auml;fts- und Privatreisenden 3 Sterne Komfort auf h&ouml;chstem Niveau. Die Zimmer sind gem&uuml;tlich-funktional eingerichtet und erf&uuml;llen die W&uuml;nsche von Gesch&auml;ftsreisenden von heute. Daneben verf&uuml;gen das Hotel &uuml;ber sieben Appartements / Studios zur Langzeitvermietung. Eine Offerte kann hier angefragt werden.&nbsp;</p>;9.187135;47.4139972;Rösslistrasse 7;9230;Flawil;+41 71 393 41 41;info@hotelflawil.ch;http://www.hotelflawil.ch/;[{'@type': 'ImageObject', 'contentUrl': 'https://ostpimtsoch.sos-ch-dk-2.exoscale-cdn.com/catalog/7/1/6/4/7164f306ad1c0eb256ad1e5b4a0e3801a924028f_07bc89b1fc780ae8c8ccc71dcbea6caf.jpg'}];2026-06-16T20:28:37+02:00
23d5aa4b-d45a-43aa-8326-c8c119cf85d4;Hotel Schäfli;Design und Komfort zu erschwinglichen Preisen. ;Ob Geschäftsreise, Urlaub oder Wochenendtrip – die Gäste geniessen hier alle Annehmlichkeiten für einen gelungenen Aufenthalt zu einem hervorragenden Preis-Leistungs-Verhältnis.

Die geschmackvollen, modern designten Zimmer bieten eine warme, freundliche Atmosphäre und stilvolle Behaglichkeit. Ganz im Sinne eines zukunftsweisenden Hotelkonzepts wurde zugunsten tieferer Preise bewusst auf Rezeption und Restaurant verzichtet. So verläuft der Check-in-Prozess unkompliziert über einen Automaten, und für eine kleine Stärkung zwischendurch stehen Snacks sowie warme und kalte Getränke in der gemütlichen Lounge bereit. Auch spontane Gäste sind jederzeit ohne Reservation herzlich willkommen.;9.136344194412233;47.44038851073989;Bahnhofstrasse 107;9240;Uzwil;+41 71 955 70 70;info@schaefli-uzwil.ch;https://www.schaefli-uzwil.ch/;[{'@type': 'ImageObject', 'contentUrl': 'https://ostpimtsoch.sos-ch-dk-2.exoscale-cdn.com/catalog/5/a/8/9/5a897b7bbc76e5a99c4c0690aac21b2491eeffa5_3c5dbfd87af7d3dc6b08d1d1e3054e43.jpg'}];2026-06-16T20:28:37+02:00
24283f41-f13d-4d58-ab05-cfa1bd1958ca;Hotel Café Mozart;Schmuckes Stadthotel mit einzigartigem Café inklusive Innenhof.;<p data-start="0" data-end="231">Das Hotel Caf&eacute; Mozart liegt direkt am Bodensee.&nbsp;</p><p data-start="233" data-end="629">Neben feinen Kaffeespezialit&auml;ten und hausgemachten Kuchen erwartet die G&auml;ste eine erlesene Auswahl an Weinen im Offenausschank sowie kleine, salzige Alternativen f&uuml;r den genussvollen Ap&eacute;ro. Ob f&uuml;r den entspannten Nachmittagskaffee, ein Gesch&auml;ftstreffen oder einen stilvollen Sonntagsbrunch &ndash; das Caf&eacute; im Hotel Mozart bietet den passenden Rahmen mit pers&ouml;nlichem Service und hoher Qualit&auml;t.</p>;9.4910594;47.479093;Hauptstrasse 82;9400;Rorschach;+41718584747;info@mozart-rorschach.ch;https://mozart-rorschach.ch;[{'@type': 'ImageObject', 'contentUrl': 'https://ostpimtsoch.sos-ch-dk-2.exoscale-cdn.com/catalog/a/2/4/4/a244ee4a99c80196e29c8574b031fcf31e89de61_5526923e09c92f663e4ae455ad2abed3.jpg'}];2026-06-16T20:28:37+02:00
245192c3-ec22-43fe-8a5c-a634507e05c3;Bauernhof Bohl;Wir vermieten in unserem Bauernhaus in Stein (Toggenburg) eine charmante 2½‑Zimmer-Ferienwohnung – ideal für Familien bis zu 4 Personen. Die Wohnung ist mit viel Liebe zum Detail eingerichtet und bietet euch alles, was ihr braucht. Inkl. Gästekarte.;<div><p><strong>Ausstattung</strong></p><ul><li>Schlafzimmer mit Doppelbett</li><li>Schlafzimmer mit zwei Einzelbetten (f&uuml;r Erwachsene und Kinder geeignet)</li><li>Badezimmer mit Dusche</li><li>K&uuml;che mit Wohn- &amp; Essbereich und TV</li><li>Spiele f&uuml;r Kinder</li><li>Raclette- und Fonduegeschirr</li><li>Ruhige Lage mit sch&ouml;ner Aussicht</li></ul><p><strong>Aussenbereich</strong></p><ul><li>Gartensitzplatz mit Chemin&eacute;e</li><li>Kleiner Spielplatz</li><li>Spielsachen zur Mitbenutzung</li></ul><p><strong>Bauernhof</strong></p><ul><li>Besonders bei Kindern sehr beliebt</li><li>Milchk&uuml;he, K&auml;lblein, Katzen, Hasen</li><li>Gerne d&uuml;rft ihr bei uns im Stall vorbeischauen</li></ul><p><strong>Lage &amp; Umgebung</strong></p><ul><li>Gratis Aussenparkplatz direkt beim Haus</li><li>Dorf Stein in 2 Minuten zu Fuss erreichbar mit B&auml;ckerei und kleinem 24h-Shop</li><li>Katzensprung zum Fluss Thur (Thurweg und im Sommer wundersch&ouml;n zum Baden)</li><li>Einkaufsm&ouml;glichkeiten (Migros, Coop, Drogerie) in 5 Autominuten</li><li>Wander- und Skigebiet Ch&auml;serrugg mit dem &Ouml;V oder in 7 Autominuten erreichbar</li><li>Wander- und Skigebiet Wildhaus mit dem &Ouml;V oder in 12 Autominuten erreichbar</li><li>Wander- und Skigebiet Wolzenalp mit dem &Ouml;V oder in 10 Autominuten erreichbar</li><li>S&auml;ntis oder Schw&auml;galp in 15 Autominuten</li><li>Verschiedene Wanderungen vor der Haust&uuml;re, z. B. Thurweg, Stockberg, Goggeien, Speer (Europas h&ouml;chster Nagelfluh-Berg) und vieles mehr</li></ul><p><strong>Nahe gelegene St&auml;dte</strong></p><ul><li>St. Gallen: 49 min</li><li>Z&uuml;rich: 1 h 07 min</li><li>Luzern: 1 h 35 min</li><li>Chur: 54 min</li></ul><p><strong>Preis</strong><br>CHF 125.&ndash; pro Nacht, plus CHF 100.&ndash; f&uuml;r die Endreinigung.</p></div>;9.22616215143497;47.19726707848858;Wis 312;9655;Stein SG;+41 71 994 24 82;sitho.bohl@bluewin.ch;[{'@type': 'ImageObject', 'contentUrl': 'https://ostpimtsoch.sos-ch-dk-2.exoscale-cdn.com/catalog/5/c/0/4/5c0477deb34c59ae617dcd27b3a4f936b48b245e_fe4291c9d6753d452896341462a92479.JPG'}];2026-02-25T19:43:51+01:00
24a09d62-fd9c-4149-a4da-597f161495f4;Baderhaus - Ferien im Baudenkmal;Das historische Baderhaus ist ein bedeutendes Zeugnis der Geschichte Neunkirchs und  lädt zu einer Reise durch die Jahrhunderte ein.;Die Geschichte des Baderhauses zieht sich durch die Jahrhunderte, in denen das Haus erweitert und umgebaut wurde, die heutigen verschachtelten Raum- und Besitzverhältnisse zeugen von diesem steten Wandel. Im Jahr 2018 konnte der damals leerstehende Teil des Hauses vom heutigen Eigentümer, einem in der Stadt lebenden Architekten, erworben werden. Er hat das Baderhaus vor dem Verfall gerettet und mit viel Engagement in eine nachhaltige Zukunft geführt. Dank der Vermietung des Baderhauses durch die Stiftung Ferien im Baudenkmal wird das Haus für die Öffentlichkeit erlebbar gemacht und seine Geschichte weitererzählt.

Trotz der dichten Bebauung der Altstadt bietet das Baderhaus einen einladenden Aussenraum, von dem aus man das Treiben in der Hintergasse und am Unteren Brunnen beobachten kann.

Das mittelalterliche Gebäude bietet in zwei geräumigen Zimmern Platz für bis zu vier Personen und ein Kleinkind. 

Neunkirch ist ein historisches Landstädtchen mit mittelalterlichem Charme und zählt zu den regional bedeutsamen Ortsbildern. Es liegt zudem im Regionalen Naturpark Schaffhausen, der sich über die landschaftlich charakteristischen Gebiete Randen, Südranden, Hochrhein, Klettgau und Reiat erstreckt und viele naturnahe Ausflugsziele bietet, die zu Fuss oder mit dem Fahrrad erreicht werden können.;8.4977918;47.689933;Sidehof 2;8213;Neunkirch;+41 44 252 28 72;info@fib.ch;https://ferienimbaudenkmal.ch/;[{'@type': 'ImageObject', 'contentUrl': 'https://ostpimtsoch.sos-ch-dk-2.exoscale-cdn.com/catalog/8/a/a/6/8aa60eb17fee11cb3cbaf95552f028f0322b1777_d2c1615ad45bb925011510489d05166d.jpg'}];2025-08-14T18:48:28+02:00
24e4c812-a0ea-4c51-abe8-feb34325a4d5;Bergnest Wildhaus;Bed & Breakfast mit Einzel und Doppelzimmer sowie zwei Ferienwohnungen und "Neststube Bistro im Bergnest";<p><strong>Eure Auszeit in der Wildhauser Bergwelt</strong><br>Unsere rauchfreien 6 Doppelzimmer und 3 Einzelzimmer mit alpinem Charme verfügen über WC, Dusche, Lavabo, TV, WLAN und teilweise über einen Balkon (Strassenseite).<br>Hier geniesst ihr eine entspannte Atmosphäre, atemberaubende Bergpanoramen und ein reichhaltiges regionales Frühstück, das euch perfekt in den Tag starten lässt.<br>Die hervorragende Lage eignet sich bestens für Wanderungen, Skiausflüge und Naturerlebnisse. Die Postauto- und Skibushaltestelle ist 200 m entfernt.<br>Neben den Zimmern bieten wir auch zwei einfache, komplett eingerichtete 3.5- und 5.5-Zimmer-Ferienwohnungen an.</p>;9.3411086;47.2018356;Hauptstrasse 99;9658;Wildhaus;+41766209658;info@bergnest-wildhaus.ch;https://www.bergnest-wildhaus.ch;[{'@type': 'ImageObject', 'contentUrl': 'https://ostpimtsoch.sos-ch-dk-2.exoscale-cdn.com/catalog/d/4/8/1/d48160267ab0967c1f6e5eea1e5b4cfe48dcabdd_a27391dbd4c0e4596ba0cdb8b32c7feb.jpg'}];2026-06-02T19:33:35+02:00
2543c195-ed5f-44d9-847b-843fd3389500;Schwendihöckli (CharmingStay);Das Schwendihöckli (CharmingStay) ist ein charmantes 4,5-Zimmer Holzchalet mit beeindruckender Aussicht auf die Churfirsten und den Walensee. Es liegt etwa 1 km vom Zentrum Tannenboden entfernt und bietet Annehmlichkeiten wie kostenloses WLAN und Parkplätze.;Charmantes 4.5-Zimmer Chalet aus Holz mit atemberaubender Aussicht auf die schönen Churfirsten und den blauen Walensee. Etwa 1 km vom Zentrum Tannenboden entfernt.;9.284846050000004;47.096666850000005;Schwendistr. 48;8898;Flumserberg Tannenboden;+41 79 504 90 45;contact@charmingstay.ch;https://www.charmingstay.ch;[{'@type': 'ImageObject', 'contentUrl': 'https://ostpimtsoch.sos-ch-dk-2.exoscale-cdn.com/catalog/8/c/7/e/8c7e555ae1cab5cb2f6208418479f19045b99f57_f4ea2af260b90101e25b1c0ebb914890.JPG'}];2026-02-09T22:39:01+01:00
26693d55-c3dc-4b1a-8c56-0c94d26b1585;Ferienhaus Schlössli Herrenhof;In Langrickenbach, ob dem Bodensee, steht ein wahres Bijou für stilvolle Ferien und extravagante Feste: Schlössli Herrenhof. Ein riesiger Garten, historischer Keller zum Feiern, ein Spielraum, gepflegte Doppelzimmer und viel, viel Platz laden Gäste ein, es sich gut gehen zu lassen.;Das Schlössli Herrenhof in Langrickenbach wurde im 18. Jahrhundert als Sitz einer einflussreichen Familie erbaut, verfiel aber nach einigen Besitzerwechsel zunehmend. Eine Kreuzlinger Unternehmerfamilie erwarb und päppelte es wieder auf. Heute steht Schloss Herrenhof als Veranstaltungsort und prachtvolle Unterkunft Gästen zur Verfügung. Im Haupthaus gibt es fünf Doppelzimmer, eines davon im Dachgeschoss mit Blick auf den Bodensee. Der historische Kartoffelkeller eignet sich für Feste wie Hochzeiten oder Geburtstagspartys mit besonderem Ambiente. Ein riesiger Kamin (es darf gegrillt werden) und historische Einrichtung mit viel Holz erzeugen eine gemütlich rustikale Atmosphäre. Gaming-Raum mit Tischtennis, Billard und weiteren Spielen sowie ein riesiger Garten mit Gasgrill und viel Privatsphäre vervollständigen den Freizeitspass. Für zehn zusätzliche Gäste im Massenschlag bietet das Nebengebäude Platz. Im Erdgeschoss wohnen die Gastgebenden. Dennoch bleiben 600 Quadratmeter im Schlössli zur alleinigen Nutzung der Gäste. ;9.2443197;47.59655;Schlössli 5;8585;Herrenhof;+41 76 535 71 49;schloessli.herrenhof@gmail.com;https://www.schloessli-herrenhof.com/;[{'@type': 'ImageObject', 'contentUrl': 'https://ostpimtsoch.sos-ch-dk-2.exoscale-cdn.com/catalog/c/f/4/e/cf4e5328bfbcac7a51c36d3b1d652b9f96211dd3_dd9774ac8181434a345e20c6a8e605d2.jpg'}];2025-03-31T21:21:33+02:00
26b69b60-26ce-4c5a-8eae-b1a74198bb09;Heidi Holiday - Grand Maisonette-Attica;Die 5,5-Zimmerwohnung in Jenins bietet eine ruhige Lage nahe einem Weingut. Vom Balkon aus geniesst man die Aussicht auf die Bündner Herrschaft. Ein kostenloser Aussenparkplatz ist vorhanden.;Die 5.5-Zimmerwohnung befindet sich in der Nähe eines Weinguts und ist sehr ländlich gelegen. Vom Balkon aus können Sie die tolle Aussicht auf die Bündner Herrschaft geniessen. Ein Aussenparkplatz steht kostenlos zur Verfügung.;9.560760855674745;46.998054710470875;Pramalinis 10;7307;Jenins;+41 79 417 51 02;a.v.koenig@mailbox.org;[{'@type': 'ImageObject', 'contentUrl': 'https://ostpimtsoch.sos-ch-dk-2.exoscale-cdn.com/catalog/0/0/9/6/0096da16632cbc962e461d53a6d1abf859b3bc67_4b07c275533fc940fa0c1855e19f5ee0.jpg'}];2026-01-19T22:34:29+01:00
28aed697-f6ef-4eb0-a8d9-98753284d04b;Ferienwohnung Studio Sunehus;Luftiges Studio in ikonischem Bio-Holz-Haus;<p>Verbringen Sie Zeit in unserem Studio in einem modernen ikonischem Holzhaus in ruhiger Umgebung. Per Bahn oder Bus dauert es weniger als eine Stunde ins Zentrum von St. Gallen und etwas &uuml;ber eine Stunde nach Z&uuml;rich. Eindr&uuml;cklicher Wohnort mit toller Aussicht in die Berge. Frisch umgebaut inklusive kleiner Kochnische und komfortablem Interieur, um sich erholen zu k&ouml;nnen.</p><p>Mindestaufenthalt: 3 N&auml;chte</p>;9.35565233230591;47.39662806281125;Lindenstrasse 9;9062;Lustmühle;+41 76 523 26 61;stephen@zeitreisen.ch;http://www.sunehus.ch;[{'@type': 'ImageObject', 'contentUrl': 'https://ostpimtsoch.sos-ch-dk-2.exoscale-cdn.com/catalog/6/9/3/c/693c888891f7727fe0dac337be8e39c8b6257bb4_cd87a53ac2fdaec4cf7ede606dd4142b.webp'}];2025-10-28T15:32:44+01:00
29d73c12-db5a-48d5-a3e4-9714fc47e4dd;Ferienwohnung Mätz (Whg. Tautscher);Die Ferienwohnung Mätz, erbaut 2022, liegt zentral in Flumserberg Tannenheim, nur 5 Gehminuten von der Talstation Prodalp-Express entfernt. Sie bietet eine schöne Aussicht auf die Berge und beherbergt das Restaurant mätz dine.;Die im Jahr 2022 erbaute und neue Ferienwohnung Mätz liegt mitten im Zentrum Flumserberg Tannenheim, 5 Gehminuten von der Haustüre bis zur Talstation Prodalp-Express und bietet eine schöne Aussicht auf die Berge. Im gleichen Gebäude finden Sie das einzigartige Restaurant mätz dine. Einkaufsmöglichkeiten sind 5 Minuten zu Fuss entfernt.;9.30443825;47.09053425;Flumserbergstrasse 41;8897;Flumserberg Tannenheim;+41 79 643 94 90;sabi.tautscher@bluemail.ch;[{'@type': 'ImageObject', 'contentUrl': 'https://ostpimtsoch.sos-ch-dk-2.exoscale-cdn.com/catalog/4/d/1/7/4d1786139579e26ce3ab0093984bec61f215f20a_edc54e424a08a63817380aa9c6cb9a3a.jpeg'}];2026-01-27T21:57:10+01:00
29fe4bb6-2356-4e6e-880c-bad803766ca1;BnB Undergass;Das BnB Undergass in Heiligkreuz (Mels) bietet eine Sauna, einen privaten Garten und einen Fitnessraum. Es ist ideal für Paare und Familien mit kleinen Kindern und liegt nur 10 Minuten von den Pizolbahnen entfernt.;Unser stilvolles Bijou eignet sich für Paare oder Familien mit kleinen Kindern.
Sauna, privater Garten und Fitnessraum, Waschmaschine und Tumbler auf Anfrage nutzbar.

Für Actionliebhaber bietet unsere Region zahlreiche Möglichkeiten von Skifahren über Biken und Wandern bis zu rasanten Rodelfahrten.
Sie sind 3 min von der Bushaltestelle und 5 min vom Banhof Mels entfernt. Die Flumserberge lassen sich mit dem Auto oder Skibus in 20 min erreichen.;9.416962265968325;47.056375163360684;Untergasse;8888;Heiligkreuz (Mels);+41794600980;Claudia.gassner@bluewin.ch;[{'@type': 'ImageObject', 'contentUrl': 'https://ostpimtsoch.sos-ch-dk-2.exoscale-cdn.com/catalog/3/3/8/e/338ec15d111cb9674e800164ab99083d22243ec1_d915fd8d4481c2af46c1209573c27e4c.jpeg'}];2026-01-27T21:47:18+01:00
2a1ade73-10fc-47ff-8428-d229634b0750;B&B This Bett;This Bett - das stilvolle Bed and Breakfast im Grünen in Gehdistanz zur Altstadt Schaffhausen;<p>Das Bed and Breakfast "This Bett " liegt in kurzer Gehdistanz zur Altstadt, dem Rhein und dem Naherholungsgebiet Randen.</p><p>In der Villa mit Geschichte, umgeben vom wildromantischen Garten erwarten die Gäste grosszügige Räume und ein lauschiger Gartensitzplatz um sich zu erholen und ihre Ferien zu geniessen. Darüber hinaus gibt es einen separaten Arbeitsplatz mit WLAN und die Möglichkeit im Wohnbereich ein zweites Bett zu nutzen.</p><p>Stadt und Land können von hier aus unkompliziert zu Fuss, mit dem Velo, ÖV  oder dem Auto erkundet werden. Kulturell Interessierte, Wandervögel , Velofahrer, Geschäftsleute - wir sind offen für Begegnungen mit Menschen allen Alters.</p><p>Gerne verwöhnen wir unsere Gäste optional auch mit einem Frühstück, diversen kulinarischen Angeboten oder einer Fussreflexzonenmassage.</p>;8.625958700475486;47.6981605;Stokarbergstrasse 24;8200;Schaffhausen;+41 79 429 59 28;info@thisbett.ch;https://www.thisbett.ch;[{'@type': 'ImageObject', 'contentUrl': 'https://ostpimtsoch.sos-ch-dk-2.exoscale-cdn.com/catalog/e/8/7/0/e8700a062ca5bd62a102087451ae77627a82232e_e505320ec250c50d2253316bb6ac567f.jpeg'}];2025-02-17T12:46:31+01:00
2acbce4d-2e75-4da4-bfae-4521076c8761;Gastwirtschaft zum Dornhof;Die Gastwirtschaft Dornhof mit Geschenkladen und Bed & Breakfast liegt im romantischen Unterdorf von Steinebrunn mit Blick auf Romanshorn und den Bodensee.;Die Gastwirtschaft Dornhof liegt in Steinebrunn mit Blick auf Romanshorn und den Bodensee. In der gemütlich eingerichteten Gaststube oder im Garten geniessen Gäste ein kleines aber feines Angebot aus der saisonalen Küche oder ein feines Dessert. Eine Getränkekarte mit vielen Spezialitäten rundet das Angebot ab. Ob nach einem Spaziergang, einer ausgiebigen Velotour oder einfach so, in der Gastwirtschaft Dornhof lässt es sich herrlich geniessen. 

Ein in die Gaststube integrierter Geschenkladen sorgt für eine ständig wechselnde saisonale Atmosphäre und Dekoration im Lokal. Viele Blumen sowie Tiere rund ums Haus und ein kleiner Spielplatz erfreuen Gross und Klein.

Die zwei gemütlich eingerichteten Gästezimmer mit Gemeinschaftsbad runden das Angebot ab. Gäste geniessen hier die Ruhe im Unterdorf von Steinebrunn und die familiäre Gastfreundschaft. Ideal für einen Kurzurlaub oder für Besucher auf der Durchreise.;9.3426773;47.5359263;Unterdorf 18;9314;Egnach;+41797916644;info@dornhof-tg.ch;http://www.dornhof-tg.ch/;[{'@type': 'ImageObject', 'contentUrl': 'https://ostpimtsoch.sos-ch-dk-2.exoscale-cdn.com/catalog/a/8/8/3/a88355f983ee13264d0eb55a0271f3416b8bd2e6_70887d0703cf5eb8a4c662acbd9f914b.JPG'}];2026-03-19T22:08:45+01:00
2c9f48c1-51b0-4a9c-bd69-d7457546b2d7;Bed and Breakfast Sirnach;Das Bed an Breakfast Sirnach lässt keine modernen Annehmlichkeiten vermissen. Massagedusche, Grossbildfernseher, Whirlpool, Homeoffice-Equipment und mehr machen das Studio zum guten Arbeitsplatz oder zum Örtchen zum Entspannen.;Dieses modern eingerichtete Studio liegt im südlichen Thurgau, in der Region Wil bei St. Gallen. Es erfreut mit komfortabler Ausstattung. Ein eigener Eingang, Sitzplatz und Grossbildfernseher stehen zur Verfügung. Verspannte Rücken werden von einem Whirlpool, Box-Spring-Bett, Massagesessel und Massagedusche verwöhnt. Auch für die Arbeit im Homeoffice ist das Studio ausgerüstet und verfügt über das elektronische Equipment auf neustem Stand. Im Sommer macht man es sich auf der sonnigen Terrasse gemütlich. Auch hier ist Arbeiten möglich. Ein geheizter Pool lädt zum Schwimmen ein. Kaffeemaschine, Teekocher und ein Kühlschrank stehen zur Verfügung. Verschiedene Snacks oder Getränke können gegen Gebühr bezogen werden, wobei nicht alkoholische aufs Haus gehen. Neben dem Frühstück wird auf Wunsch auch Mittag- oder Abendessen angeboten. Grill und Esstisch können mitbenutzt werden. Trotz der ruhigen Lage am Rande von Sirnach ist der Weg zum öffentlichen Verkehr kurz. Mit dem Auto erreicht man innerhalb von 10 bis 30 Minuten Wil, St. Gallen oder den Flughafen Zürich.;8.983275890350344;47.46221851778669;Im Brüel 13;8370;Sirnach;0765729401;ruedi.wehrle@bluewin.ch;https://www.bnbsirnach.ch/;[{'@type': 'ImageObject', 'contentUrl': 'https://ostpimtsoch.sos-ch-dk-2.exoscale-cdn.com/catalog/1/c/1/0/1c102395d383ced3fd800d28132d398e286aeaea_e91dd9386eeede79d86123bb57e7992c.JPG'}];2026-04-01T22:21:34+02:00
2e5d1a4e-7bc2-4eeb-be0b-679833412f2c;Hirschen Wald - Gasthaus & Bäckerei;Gasthaus & Bäckerei seit 1899 im Appenzellerland;Etwas mehr als tausend Meter über Meer, umgeben von Wiesen und Wäldern, hier steht der Hirschen Wald. Ein stattliches Gasthaus im freundlichen Appenzellerland.

Eine selbstverständliche fröhliche Gastlichkeit, eine gepflegte Küche, um die sich die Besitzer selber kümmern. Das alles gehört im Hirschen Wald zur Tradition. Die zwei gemütlichen Gaststuben, das 250 Jahre alte Wandbuffet, der alte Holzbackofen, sie wissen davon zu berichten. Hier lassen sich die Feste feiern, wie sie fallen.

Die Hotelzimmer im Hirschen, geschmackvoll eingerichtet, sind hell und komfortabel. Jedes hat Dusche/WC, TV und Wifi. In jedem ist es ländlich still. Und aus den Fenstern sieht jeder Gast sein eigenes Stückchen Appenzell. 

Im alten Backofen wird auch heute noch fast täglich gebacken. Seit drei Generationen duftet es im Hirschen nach frischem Brot und nach den kleinen, weit herum bekannten Gebäcken. Sie werden nach sorgsam gehüteten Familienrezepten hergestellt.

Buchstäblich an der Haustüre des Hirschen ziehen Wanderwege vorbei. Sie führen über Hügel, durch Wälder, querfeldein. Und mehr als das, sie führen unmerklich aus der Hetze, dem Stress heraus, an einem schattigen Baum, an einem abgelegenen Gehöft vorbei, immer weiter in die Stille. Es ist nicht weit zum Bodensee, zum Städtchen Appenzell, oder hinauf in den Alpstein. Auch St. Gallen, mit seinen Museen, seinen Kinos, seinem Theater, ist leicht zu erreichen.

Die Familie Mettler freut sich, die Gäste in ihrem Haus zu begrüssen.;9.504600763320925;47.41903548921606;Büel 123;9044;Wald AR;+41 71 877 11 46;info@hirschenwald.ch;https://www.hirschenwald.ch;[{'@type': 'ImageObject', 'contentUrl': 'https://ostpimtsoch.sos-ch-dk-2.exoscale-cdn.com/catalog/2/7/9/0/27907fd470077439c1615c2d83a644be2585f84a_26b36cf4e80576357d6758bb66b4fd70.jpg'}];2026-06-16T20:28:37+02:00
2f36417e-6a42-43b9-bdea-13c9f018bfcc;Hotel NewStar;Ein Businesshotel perfekt auf die Bedürfnisse seiner Zielgruppe zugeschnitten. Drei-Sterne-Komfort der Extraklasse.;Das Hotel NewStar verbindet Qualität und professionellen Service mit einem attraktiven Preis. Die 57 Zimmer bieten mit angemessenen Wohn- und Arbeitsbereichen eine stilvolle Atmosphäre für Gäste auf Geschäftsreise.

Mit modernen Sitzungs- und Konferenzräumen ist das Hotel Newstar auch für Business-Meetings, Tagungen oder Workshops für bis zu 80 Personen geeignet. Die Gäste profitieren von einem idealen Standort mit optimaler Verkehrsanbindung und Parkmöglichkeiten direkt vor dem Haus.;9.311135899999954;47.4077003;Breitfeldstrasse 9;9015;St. Gallen;+41 71 230 20 20;info@newstar-hotel.ch;http://newstar.ch;[{'@type': 'ImageObject', 'contentUrl': 'https://ostpimtsoch.sos-ch-dk-2.exoscale-cdn.com/catalog/3/8/a/6/38a6fad9fdc69e6a4a80b4ede38ed05ffffb261f_b318df9c25217fabf5ccdaa08144a1a9.jpg'}];2026-06-16T20:28:37+02:00
2f71932d-5846-4799-acb4-8267f8c931cd;Haus Steinbock;Das Haus Steinbock liegt zentral am Tannenboden auf dem Flumserberg, nur 150 Meter von Skipisten und Liften entfernt. Es bietet komfortable Zimmer und ist ideal für Ruhesuchende, Aktive und Geniesser.;Das Haus Steinbock befindet sich eingebettet im Zentrum vom Tannenboden am Flumserberg. Nur 150 Meter von den nächsten Skipisten und Skiliften entfernt. Ebenfalls liegen Wanderwege, Bikerstrecken und Einkaufsmöglichkeiten in unmittelbarer Nähe. So ist das Haus Steinbock für Ruhesuchende, Aktive und Geniesser der ideale Ausgangsort für ein paar Tage Urlaub. Im Steinbock finden Sie komfortable Zimmer mit Bad oder Dusche/WC, Haarfön, Fernseher und Radio. Das Haus ist mit einem Lift ausgestattet. Diverse Zimmer sind zudem mit ausziehbarer Couch eingerichtet, welche als Zusatzbett für 1-2 Personen verwendet werden kann.

BIKEHOTEL HEIDILAND: Das Haus Steinbock ist mit dem Gütesiegel «Bikehotel Heidiland» ausgezeichnet. Radfahrer profitieren hier von einem abschliessbaren Abstellraum, einer zweckmässig eingerichteten Werkstatt, einem Waschplatz, einem Wäscheservice und weiteren Dienstleistungen.;9.287109895179386;47.092780399999995;Flumserbergstrasse 182;8898;Flumserberg Tannenboden;+41 81 733 11 22;info@tannenboden.ch;https://tannenboden.ch/;[{'@type': 'ImageObject', 'contentUrl': 'https://ostpimtsoch.sos-ch-dk-2.exoscale-cdn.com/catalog/c/c/9/f/cc9f93b2ccdebedd491ffdf1315226192db26e94_735c783200d9fe6bb6fdb9eddad918e9.jpg'}];2026-01-19T22:34:29+01:00
30b48340-99e7-4e47-85e4-afb593c19a90;Berg & Bett Säntis Lodge;Die Säntis Lodge ist Hotel, Kino, Lounge, Restaurant und Service-Hub für die Ferienhäuser. Sie ist ein vielseitiger Ort, an dem Komfort, Genuss und Erholung auf einzigartige Weise zusammenkommen.;Die teilrenovierte Berg & Bett Säntis Lodge ist Hotel und gleichzeitig auch Angebots- und Service-Hub für die Ferienhäuser mit gemeinsamer Rezeption, Kino, Lounge, grossem Garten sowie einem familienfreundlichen Restaurant. 

Ob Sie sich lieber im gemütlichen Doppel- oder Familienzimmer in die weiche Decke kuscheln oder die Bewegungsfreiheit im eigenen Appartement geniessen, in der Berg & Bett Säntis Lodge finden Sie alles unter einem Dach.;9.313292281436155;47.196329839515;Hauptstrasse 16;9657;Unterwasser;+41 71 999 27 27;info@bergundbett.ch;https://bergundbett.ch/saentis-lodge/;[{'@type': 'ImageObject', 'contentUrl': 'https://ostpimtsoch.sos-ch-dk-2.exoscale-cdn.com/catalog/3/d/3/0/3d30126f00e51dfa77be10eea3b998dc6b3588b4_08bdc6a7bb250f6275f856e0a75a6085.jpg'}];2026-05-06T19:39:16+02:00
318dea22-ad7b-470b-9626-4de8df1d724c;Ferienwohnung GLORIOS;Kleine gemütliche 2 Zimmer Ferienwohnung an ruhiger sonniger und zentraler Lage. ;<p>Im Zentrum in lieblicher H&uuml;gellandschaft gelegenem Biedermeier Haus begr&uuml;ssen wir Sie im Kurort Heiden oberhalb des Bodensees. Die stilistisch neu renovierte heimelige Wohnung l&auml;dt zur Erholung und zum gem&uuml;tlichen Verweilen ein. 5 Minuten Fussweg zu den Postautoverbindungen und 10 Minuten Fussweg zum Bahnhof Heiden sind attraktive alternativen zum Auto und tragen somit zu einem umweltbewussten Umgang bei.<br>Vermietung: wochenweise</p>;9.53499549881651;47.44340475;Schmittenbühl 12;9410;Heiden;+41 71 891 53 86;fam.majamaier@outlook.com;[{'@type': 'ImageObject', 'contentUrl': 'https://ostpimtsoch.sos-ch-dk-2.exoscale-cdn.com/catalog/9/6/4/9/96496ed3cb102a96b6cad6a89171fcea9d786ef4_8243b5256b68bcb628454d34973b8941.jpg', 'caption': {'de': 'Aussenansicht Ferienwohnung Glorios'}}];2025-07-03T18:11:59+02:00
3206eca3-86c7-43b6-8c07-77b1854fddeb;Haus Erika, Hausteil;"Haus Erika" wurde als Doppeleinfamilienhaus 1914 gebaut, ist seit 1923 im Familienbesitz und befindet sich in Gais, Appenzellerstrasse. Die 5.5 Zimmer-Ferienwohnung bietet Platz für 8 Personen, wurde 2024 innen renoviert, die Zimmer sind auf 3 Stockwerke verteilt.;<p>Da es ein Patrizierhaus ist, sind die Decken im Vergleich zu den typischen Appenzellerhäusern hoch (2,20 m), für große Personen angenehmer. Das Hausteil zeigt Richtung Säntis. Die Küche ist geräumig mit einem Esstisch und voll ausgestattet mit Koch- und Backutensilien. Hochsitz für Kleinkinder vorhanden sowie verschiedene Kaffeemaschinen. Die Schlafzimmer sind auf dem 1. und 2. Stock verteilt und sehr sonnig, Baby-/Kleinkinderbett bei Bedarf vorhanden. Die Dusche im Badezimmer ist groß (1,20m x 1,20m). Ein zusätzliches separates WC vorhanden. Im Keller befindet sich die Waschmaschine und der Tumbler. Man kann auch nur EG und 1. Stock buchen.</p><p></p><p>Aus organisatorischen Gründen Vermietung ausschliesslich über airbnb. </p><p></p><p>Mindestaufenthalt: 2 Nächte</p>;9.443322068472336;47.357401510988154;Appenzellerstrasse 8;9056 Gais;079 222 75 23;katherine.timmel@gmail.com;[{'@type': 'ImageObject', 'contentUrl': 'https://ostpimtsoch.sos-ch-dk-2.exoscale-cdn.com/catalog/7/2/2/c/722ce6e37682b903c00681b7b5f3a653aceb2341_a1cfc2fe293ee9d75e4afd97f6bffe06.jpg'}];2025-05-31T18:13:22+02:00
3255b724-1d67-436b-aae6-d3e9c0d0989b;B&B chez Lise;Das B&B chez Lise glänzt mit seiner einmaligen Lage, dem schönen Garten und der Pergola. Jedes der drei Zimmer hat seinen eigenen Charme.;<p>Die Inhaberin, Lise Frischknecht, zaubert f&uuml;r ihre G&auml;ste k&ouml;stliche Gerichte und macht den Aufenthalt zu einem echt authentischen Erlebnis. Auf Anfrage erhaspeln Sie sogar einen Einblick in den beachtlichen Weinkeller Die unmittelbare Lage zum Zentrums erm&ouml;glicht Ausflugstipps diverser Art wie Wandern, Museumsbesuche, Langlaufen, Schneeschuhwandern, Schwimmen im Freibad und viele mehr. Erleben Sie nachhaltigen Komfort im BnB Chez Lise, wo Solaranlage, Luftw&auml;rmepumpe und konsequente Abfalltrennung f&uuml;r eine umweltfreundliche Auszeit sorgen. Auf Anfrage k&ouml;nnen Kochkurse und Weindegustationen gebucht werden.</p>;9.2813184;47.3140021;Hinteregg 1474;9107;Urnäsch;+41 77 411 00 54;lise.frischknecht@gmail.com;http://chezlise.ch/;[{'@type': 'ImageObject', 'contentUrl': 'https://ostpimtsoch.sos-ch-dk-2.exoscale-cdn.com/catalog/b/3/d/0/b3d0b06f435a19c96a11b3f79a3507e5097da05e_11200a191f20e1e185019709d83385e8.jpeg'}];2025-07-01T18:11:43+02:00
32a2d570-784c-42cd-9a6b-d7616e3bd1e5;Schloss Wartegg;Im Bio-Schlosshotel – dem ersten Swiss Historic Hotel der Ostschweiz – können sich Ruhesuchende inmitten schönster Natur und nahe dem Bodensee erholen. Auch für kulinarischen Hochgenuss ist im Bio-Restaurant gesorgt. Sinnlich-kulturelle Anregungen werden ebenfalls angeboten.;Ein Ort, in dem Sorgfalt gross geschrieben wird: im Umgang mit den Gästen, in der architektonischen Gestaltung, im Hotelbetrieb, in der Auswahl und der Zubereitung der Speisen, Sorgfalt auch im Umgang mit der Natur. Im Zusammenwirken mit einer langen und bewegten Geschichte entsteht so eine ganz besondere Atmosphäre - sowohl für konzentrierte Arbeit als auch für genussvolle Erholung. Ein Ort, wo Weite und Geborgenheit zusammenfinden. Alle Produkte sind «Bio». Im Schloss-Restaurant mit grünem Michelin-Stern und 13 GaultMillau-Punkten wählen die Gäste mittags und abends aus gartenfrischen, kreativen Gerichten. Ein Highlight des Bio-Restaurants ist die einladende Gartenterrasse mit stimmungsvollem Blick auf den Englischen Park und den Bodensee. Das Schloss Wartegg besitzt Elektroauto-Ladestationen.;9.529985511471557;47.47846955;von Blarer-Weg 1;9404;Rorschacherberg;+41 71 858 62 62;schloss@wartegg.ch;https://wartegg.ch/;[{'@type': 'ImageObject', 'contentUrl': 'https://ostpimtsoch.sos-ch-dk-2.exoscale-cdn.com/catalog/7/f/2/4/7f24ff87d8c339ec2833f550881e6a205b2ead59_f7adf2d7554ab8a7ac2c0087bcedb220.jpg'}];2026-06-16T22:14:20+02:00
32bb0094-bcfe-40b5-9f8a-6c990670c33b;Hotel Waldegg;Das Hotel Waldegg in Flumserberg Tannenboden bietet eine ruhige Lage mit schöner Aussicht. Es ist familienfreundlich und verfügt über eine grosse Sonnenterrasse, Spielplatz und Spielraum. Im Winter kann direkt zum Hotel hinuntergefahren werden.;Ruhige Lage mit schöner Aussicht. Familienfreundliches Hotel mit schönen Zimmern. Im Sommer mit einer grossen Sonnenterrasse und Grill. Liegewiese, Spielplatz sowie ein Spielraum stehen zur Verfügung. Mit den Skiern kann direkt zum Hotel hinuntergefahren werden. Schulungs- und Konferenzraum, Freies WLAN.;9.283258593496619;47.0960986;Schwendistrasse 39;8898;Flumserberg Tannenboden;+41 81 733 18 85;info@hotelwaldegg.ch;http://www.hotelwaldegg.ch;[{'@type': 'ImageObject', 'contentUrl': 'https://ostpimtsoch.sos-ch-dk-2.exoscale-cdn.com/catalog/9/8/e/e/98ee7144c47019664bc8c564e2946fa9c88f441f_5b480c26fba1f819315ba56c666010c7.jpg'}];2026-01-27T21:57:10+01:00
32fd5998-781a-461a-96f4-732931c63de1;Ferienwohnung und B&B Rätia;Willkommen in der Ferienwohnung Rätia und im Bed & Breakfast Rätia mit der traumhaften Sicht auf den Bodensee.;Wie wäre es mit ein paar Tagen auf dem Land und trotzdem in Stadtnähe? Wolfhalden liegt im wunderschönen Appenzellerland fernab vom Stress und doch ist alles ganz schnell erreichbar. Sie wollen das Land geniessen? Kein Problem! Wander-, Fahrrad- und Bike-Möglichkeiten warten vor der Haustüre. Wer es gemütlicher mag, sonnt sich in einem der Freibäder oder am Bodensee oder lässt sich im Heilbad verwöhnen. Und wer sich dann doch einmal nach der Stadt sehnt, ist in 45min mit dem Postauto oder in 20min mit dem Auto in der Kulturstadt St. Gallen, wo Shopping, Restaurants, Bars und Clubs warten.

Die totalsanierte Ferienwohnung Rätia befindet sich in einer ehemaligen Pension über dem Bodensee. Sie ist vollständig ausgestattet mit Küchenutensilien, Gewürzen, Geschirr, Badetücher, Bettwäsche etc.. Die Zimmer sind liebevoll eingerichtet mit reichlich Ablageflächen und Stauraum. Ein kleiner Balkon lädt zum Frühstück mit Blick auf den Sonnenaufgang über dem Pfänder ein. Im Wohnzimmer finden Sie einen Fernseher und verschiedene Spiele für Gross und Klein. Internetzugang mit Wireless und Parkplätze sind ebenfalls vorhanden. Im Eingangsbereich laden Prospekte und Lektüren zu Aktivitäten im und ums Appenzellerland zum Schmökern ein. Die Familie Keller freut sich auf Ihren Aufenthalt.

Das Haus Rätia bietet aber auch Zimmer mit Frühstück. Die zwei hellen Zimmer sind liebevoll eingerichtet und abschliessbar. Das Badezimmer und das separate WC wird von den maximal vier Gästen gemeinsam genutzt. Der 1. Stock besitzt eine sehr grosse Terrasse mit einer phänomenalen Aussicht auf den Bodensee. Im Frühstücksraum befindet sich ein Kühlschrank, eine Kaffeemaschine und ein Wasserkocher. Das Frühstück wird jeden Morgen frisch bereitgestellt und ist zur Selbstbedienung vorbereitet.

Ferienwohnung:
Preis: pro Nacht für 2 Personen CHF 130.00, jede weitere Person CHF 30.00
Wochenrabatt: 10% ab 7 Nächten
Endreinigung: CHF 100.00
Kaution: CHF 100.00;9.5539319;47.4543323;Vorderdorf 60;9427;Wolfhalden;+41 71 891 13 48;info@raetiawolfhalden.ch;http://www.raetiawolfhalden.ch;[{'@type': 'ImageObject', 'contentUrl': 'https://ostpimtsoch.sos-ch-dk-2.exoscale-cdn.com/catalog/c/2/c/7/c2c7af5077080ffc2fc298889a85c2d85ebd4c03_f4656fe19c0c0de25b9a910cf2adc449.jpeg'}];2025-04-22T18:14:47+02:00
33741721-55e5-4770-9722-b3565e2eb019;Landgasthaus Bären Grub;Traditioneller Landgasthof mit gepflegter regionaler Küche und erlesenem Weinkeller;Fein, klein und persönlich, unter diesem Motto werden die Gäste im Landgasthaus Bären empfangen und verwöhnt. Sei es mit erlesenen Gerichten aus der mit Hauben und von Michelin gelobten Küche, ein feines Gläschen Wein aus dem mit über 160 Sorten bestücktem Weinkeller, oder als Hotelgast in einem der konventionell eingerichteten Hotelzimmer. Gut gelegen an der Hauptstrasse St.Gallen - Heiden und mit Aussicht auf den Bodensee ist das Landgasthaus Bären mit dem Postauto und KFZ gut erreichbar. Sönd Willkomm im Bären Grub AR!;9.4973513;47.442959;Halten 112;9035;Grub AR;+41718911355;info@baeren-grub.ch;http://www.baeren-grub.ch;[{'@type': 'ImageObject', 'contentUrl': 'https://ostpimtsoch.sos-ch-dk-2.exoscale-cdn.com/catalog/f/7/7/e/f77e209163ed70bcccc17b0e30602f2654837b5e_357ed36842288f11fd73dab48de434af.jpg'}];2026-06-16T20:28:37+02:00
337c9aca-1396-4e7c-a2ba-e50a9e6921b0;Hotel Dom;Wer ins Hotel Dom kommt, geniesst eine spezielle Zeit an einem speziellen Ort – und mit speziellen Menschen.;Rund 55 Menschen mit einer Beeinträchtigung finden im Hotel Dom einen Ausbildungs- oder Arbeitsplatz und sind in allen Bereichen tätig. Das in der Region einzigartige Konzept geniesst hohe Beachtung von Gästen und Einheimischen gleichermassen. Das Hotel ist aussen eher nüchtern gestaltet, besticht aber mit seinem farbigen Innern. Es liegt mitten in der Altstadt, unmittelbar beim Stiftsbezirk St.Gallen. 

Das Hotel Dom verfügt über helle Einzel-, Doppel- und Dreibettzimmer und bietet auch einen Tagungsraum sowie ein Besprechungszimmer. Zudem bieten das Hotel fünf frisch renovierte Studios an. Diese befinden sich in unmittelbarer Nähe des Hauptbahnhofs St.Gallen. Die Studios sind ausgestattet mit Kochnische, Klimaanlage und  Bad mit Dusche/WC. 

Für Langzeit-Aufenthalte werden Wochen- und Monatspreise angeboten.;9.3751;47.42282;Webergasse 22;9000;St. Gallen;+41 71 227 71 71;info@hoteldom.ch;http://www.hoteldom.ch/;[{'@type': 'ImageObject', 'contentUrl': 'https://ostpimtsoch.sos-ch-dk-2.exoscale-cdn.com/catalog/9/0/5/b/905bf4750cf73d9ece9ac3818c08faa846e34a0a_8f0053fe2380eb18876a1b8368e58b46.jpg'}];2026-06-16T20:28:37+02:00
33aae776-d09f-4254-866a-51f698044ab2;Hotel Restaurant Schiffahrt;Das Hotel Restaurant Schiffahrt in Mols bietet komfortable Zimmer und ein gepflegtes Restaurant. Es liegt nur zwei Minuten vom Walensee entfernt und bietet im Sommer eine Gartenterrasse. Spezielle Gruppenpauschalen sind verfügbar.;Unser Hotel liegt mitten im idyllischen Heidiland, einer der schönsten Urlaubsdestinationen der Schweiz. Nicht ohne Grund ist der Name der beliebten Tourismusregion an Johanna Spyri‘s weltberühmte Heidi-Geschichte angelehnt, denn die sagenumwobene Naturidylle ist fast zu schön, um wahr zu sein.
Hier treffen majestätische Berge auf malerische Dörfer, tiefblaue Seen auf sonnenverwöhnte Rebhänge. Die fantastische Kulisse erstreckt sich vom Walensee und den imposanten Churfirsten über die Sommer- und Wintersportgebiete Flumserberg und Pizol bis hin zur Weinregion der Bündner Herrschaft.
Das Freizeit-Paradies im Osten der Schweiz ist das ganze Jahr über ein lohnenswertes Ziel für eine erholsame Kurzreise.

Die Zimmer sind alle im urchigen Landhausstil eingerichtet mit Massivholzbetten, und einem Kräuterschlafkissen-Menu. Alle Zimmer haben ein eigenes Bad mit Dusche/WC und Haartrockner, einen Schreibtisch, Balkon oder Terrasse, TV und WLAN. Einige bieten eine herrliche Aussicht auf den Walensee und die imposante Bergkette Churfirsten, andere sind mit Blick auf die umliegenden Berge.;9.278622;47.1124527;Schulhausstrasse 1;8885;Mols;+41 81 738 12 25;info@schiffahrt-mols.ch;http://www.schiffahrt-mols.ch;[{'@type': 'ImageObject', 'contentUrl': 'https://ostpimtsoch.sos-ch-dk-2.exoscale-cdn.com/catalog/2/4/9/b/249bb12cb16c0e9d0e19ba5b1de5cec3c1f7d69a_aaf1e13cdc3c51259d8303651f4f5c8d.jpg'}];2026-04-13T21:17:59+02:00
33e43646-f9ae-4d9e-aa86-e9e2bdf98f94;Knobelboden Hotel und Restaurant;Das Knobelboden Hotel und Restaurant in Oberterzen bietet saisonale Gerichte im Landhausstil und eine Terrasse. Im Sommer laden Liegewiese und Pool ein, im Winter die Sauna. Die Seilbahnstation Flumserberg ist in der Nähe.;<p>Im reizvollen Dorf Oberterzen hoch &uuml;ber dem Walensee begr&uuml;sst Sie das seit 3 Generationen familiengef&uuml;hrte Knobelboden Hotel und Restaurant. Geniessen Sie K&ouml;stlichkeiten (saisonale Gerichte) in unserem Restaurant im Landhausstil oder bei gutem Wetter auch auf unserer Terrasse. Freuen Sie sich im Sommer auf eine Liegewiese, einen Aussenpool und einen Whirlpool. Im Winter l&auml;dt die Sauna zum Entspannen ein. Von der nahegelegenen Seilbahnstation aus erreichen Sie bequem das Ski- und Wandergebiet Flumserberg oder den See.</p>;9.260249562895584;47.103670949999994;Chnobelbodenstrasse 1;8884;Oberterzen;+41 81 738 12 29;info@knobelboden.ch;http://www.knobelboden.ch;[{'@type': 'ImageObject', 'contentUrl': 'https://ostpimtsoch.sos-ch-dk-2.exoscale-cdn.com/catalog/f/a/b/e/fabe82321e5c9315f05d9a52b5a7c47e043fc7e8_8b73551077caf8292f965a95efd4cf5e.jpg'}];2026-07-10T20:43:04+02:00
34168062-f20f-47d3-b1f9-cada8dd6dae0;Gastwirtschaft zum Dornhof;Im romantischen Unterdorf von Steinebrunn umgeben von Häusern aus dem Mittelalter lädt die Gastwirtschaft zum Verweilen ein.;<p>Seit vielen Jahren geh&ouml;rt die Gastwirtschaft Dornhof als beliebter Treffpunkt f&uuml;r Einheimische und G&auml;ste aus nah und fern zu einem festen Bestandteil von Steinebrunn. Die G&auml;ste geniessen hier ein kleines aber feines Angebot aus der saisonalen K&uuml;che mit frischen Produkten aus der Region - mit Blick auf Romanshorn und den Bodensee. In der gem&uuml;tlich eingerichteten Gaststube und bei sch&ouml;nem Wetter im Garten l&auml;sst es sich herrlich entspannen. Ein in die Gaststube integrierter Geschenkladen sorgt immer f&uuml;r eine gem&uuml;tliche Atmosph&auml;re und f&uuml;r die passende saisonale Dekoration. Auch die kleinen G&auml;ste kommen nicht zu kurz: Die Kinder k&ouml;nnen im Segelboot-Sandkasten spielen oder sich an den Tieren erfreuen! F&uuml;r Durchreisende oder f&uuml;r einen Kurzurlaub am nahen Bodensee bietet der Dornhof zwei gem&uuml;tliche G&auml;stezimmer im famili&auml;ren Rahmen an.</p>;9.342720997314753;47.53592705;Unterdorf 18;9314;Steinebrunn;+41797916644;info@dornhof-tg.ch;https://www.dornhof-tg.ch/;[{'@type': 'ImageObject', 'contentUrl': 'https://ostpimtsoch.sos-ch-dk-2.exoscale-cdn.com/catalog/b/a/a/5/baa5cf736b3c5a4cb7e4089aa19a4bef980a8437_0f1ebe5b1215640512ceaba085c916f0.JPG'}];2026-06-16T20:28:37+02:00
34e7e8e5-4266-4597-9e99-f17135521c31;juhui Flumserberg;Das juhui Flumserberg liegt 300 m von der Talstation Flumserberg entfernt in Flumserberg - Tannenbodenalp. Es bietet geräumige Zimmer, eine hauseigene Bar, Spielzimmer und kostenfreie Parkplätze. Skifahren, Radfahren und Wandern sind in der Umgebung möglich.;Das juhui Flumserberg ist 300 m von der Talstation Flumserberg entfernt und liegt an wunderschöner Lager in Flumserberg - Tannenbodenalp. Der Ausblick über die Berge ist beeindruckend. Das Ferienhaus bietet Zimmer in unterschiedlichen Komfortkategorien. 
Das Haus ist sehr geräumig eingerichtet, mit Spielzimmer, einer hauseigene Bar und Aufenthaltsräumen sowie 2 Speisesälen.
 Die Privatparkplätze vor der Unterkunft stehen Ihnen kostenfrei zur Verfügung. Die Garage (kostenpflichtig) bietet Platz für 12 Autos. 

In der Umgebung erholen Sie sich bei zahlreichen Aktivitäten, wie Skifahren, Fahrradfahren und Wandern. Vom juhui Flumserberg erreichen Sie nach jeweils 500 m die Talstation Maschgenkamm oder Chrüz. Vom nächstgelegenen Flughafen Zürich trennen Sie im juhui Flumserberg 67 km.;9.338378906250002;46.694509175082324;Schwendistrasse 11;8898;Flumserberg Tannenbodenalp;079 204 6552;juhui@unterkunft.ch;https://unterkunft.ch/haeuser/flumserberg;[{'@type': 'ImageObject', 'contentUrl': 'https://ostpimtsoch.sos-ch-dk-2.exoscale-cdn.com/catalog/4/3/0/3/4303f2e68147db5dc2d60912d777b68c0fb66673_3788594afc8eaace881b12efee309385.jpg'}];2026-01-19T22:34:29+01:00
34fdc8a4-cc4c-48d0-b726-f9d18ada58dd;Linde Heiden;Ein Kaffee in einer der Gaststuben? Ein Schöppchen draussen auf der Terrasse? Oder etwas Herzhaftes auf den Teller?;In der Heidler «Linde» finden Sie alles, wonach Ihnen der Sinn stehen könnte. Nebst der Auswahl auf der Karte werden auch sehr preiswerte Tagesmenüs auf Fleisch- oder Vegibasis angeboten. Wer in der «Linde» einkehrt, sollte unbedingt einen Blick in den wunderbaren Saal werfen, eine Räumlichkeit, die so schnell nicht ihresgleichen hat.;9.535390099999999;47.444038799999994;Poststrasse 11;9410;Heiden;+41 71 898 34 00;info@lindeheiden.ch;http://www.lindeheiden.ch/;[{'@type': 'ImageObject', 'contentUrl': 'https://ostpimtsoch.sos-ch-dk-2.exoscale-cdn.com/catalog/9/f/0/1/9f010524f98a537115b187a1578e5e76f4472257_f9d88c231d5731dd893bc9a5d3653ac2.jpeg'}];2025-02-17T09:50:55+01:00
36570240-0880-4f12-bbc9-6a42fbaf97f2;B&B Pusteblume;Das B&B Pusteblume in Bischofszell wurde 2023 neu erstellt und mit viel Liebe zum Detail eingerichtet. Es bietet Platz für max. 2 Personen und ist ideal für Wanderer und Velofahrerinnen und für alle Personen, die das Einmalige suchen. 
;<div>Den Gästen steht ein eigenes Bad mit Dusche/WC sowie ein eigenes Gartensitzplätzli zum Verweilen zur Verfügung. Im Haus in ländlicher Umgebung wohnen nebst den Gastgebern auch zwei Katzen. Das B&amp;B Pusteblume eignet sich wunderbar als Ausgangspunkt, um die Rosenstadt Bischofszell kennenzulernen. Die Region Bischofszell / Thurgau bietet zudem viele Möglichkeiten die Freizeit zu gestalten, wie zum Beispiel Velofahren (u.a. Thur-Route 95), Wandern, Ausflüge an den Bodensee oder ins Appenzellerland und vieles mehr.

Das zeichnet das B&amp;B Pusteplume aus:
Zimmer mit einer Fläche von &gt; 25 m2
2 Schlafplätze (ohne Extrabett)
reichhaltiges Frühstück (auf Wunsch) 
Mindestaufenthalt: 1 Nacht
WLAN
Die Gastgeber legen Wert auf Nachhaltigkeit. Die Lebensmittel stammen aus der Region.<br></div>;9.2488598;47.4931749;Friedenstrasse 19;9220;Bischofszell;+41763271167;yvonne67@sunrise.ch;https://bnb.ch/pusteblume-3265;[{'@type': 'ImageObject', 'contentUrl': 'https://ostpimtsoch.sos-ch-dk-2.exoscale-cdn.com/catalog/9/4/9/5/9495d35360f7ea9a9237c7a5ee0b2fc3a708577e_fc92f572aae33d0bf9b3c6884fa38099.JPG'}];2026-04-01T22:21:34+02:00
36aa68c9-ebe3-42e5-aa07-3059f5ba9261;Park-Hotel Inseli am Bodensee;Eingebettet in eine blumige Parkanlage direkt am Bodensee liegt das Park-Hotel Inseli in Romanshorn. Hier übernachten, feiern oder tagen Gäste mit Blick auf den See oder lassen sich im Panoramarestaurant auf der Seeterrasse oder in der Porto-Bar verwöhnen.;<p>Mit ihren Erd- und Blaut&ouml;nen erinnern die hellen, geschmackvoll eingerichteten Zimmer des Park-Hotels Inseli an See und Strand. Das passt. Das Hotel liegt direkt am Bodensee, eingebettet in einen weitl&auml;ufigen malerischen Park. Erholen k&ouml;nnen sich G&auml;ste hier nicht nur dank der Ruhe und Weite des Wassers, sondern auch im Kosmetik- &amp; Massagestudio oder in der kleinen aber feinen &laquo;Wellness-Oase&raquo; mit Sauna, Whirlpool und Fitness Raum. Kulinarisch verw&ouml;hnen das Panoramarestaurant und die idyllische Seeterrasse, aber auch die Porto-Bar. Das Angebot an regionalen Spezialit&auml;ten umfasst st&auml;ndig fangfrischen Bodenseefisch, vegetarische und vegane Gerichte sowie t&auml;glich wechselnde Men&uuml;s. F&uuml;r Anl&auml;sse wie Seminare, Bankette, Hochzeiten, Familien- und Vereinsfeiern erfreuen helle R&auml;umlichkeiten mit Seeblick oder die M&ouml;glichkeit, bei sch&ouml;nem Wetter draussen, direkt am Wasser zu feiern. Am Bodenseeufer und im Park lassen sich Spazierg&auml;nge, Badefreuden, Touren auf zwei R&auml;dern und Skaten geniessen.</p>;9.3813604;47.570359;Inselistrasse 6;8590;Romanshorn;+41 71 466 88 88;info@hotelinseli.ch;http://hotelinseli.ch/;[{'@type': 'ImageObject', 'contentUrl': 'https://ostpimtsoch.sos-ch-dk-2.exoscale-cdn.com/catalog/d/c/6/8/dc685a9b9b85b853a981768b40e4f87470cdcbe3_0662f930265713e4e01894c762fb9903.jpg'}];2026-06-16T22:14:20+02:00
376e74cf-13e9-484c-83b0-0b33f6d61faa;Ferienwohnung im Dorf Urnäsch;Geniessen Sie die neu renovierten Ferienwohnung und die vielfältigen Möglichkeiten des schönen Appenzellerlands. ;<p>Es erwartet Sie ein stilvolles Erlebnis in der zentral gelegenen 2 &frac12;-Zimmerwohnung in Urn&auml;sch im sch&ouml;nen Appenzellerland. Die moderne Wohnung hat ein Schlafzimmer, ein Badezimmer, eine komplett ausgestattete K&uuml;che und ein helles Wohnzimmer. Zudem verf&uuml;gt die Wohnung &uuml;ber einen Sitzplatz im Garten. &Ouml;ffentliche Gratisparkpl&auml;tze befinden sich direkt gegen&uuml;ber vom Haus.</p><p>Mindestaufenthalt: 3 N&auml;chte</p>;9.28374767303467;47.31774136491166;Herisauerstrasse 3;9107;Urnäsch;+41 79 245 62 94;gaetzi.e@bluewin.ch;https://www.ferienwohnungimdorfurnaesch.ch/;[{'@type': 'ImageObject', 'contentUrl': 'https://ostpimtsoch.sos-ch-dk-2.exoscale-cdn.com/catalog/1/a/c/c/1accf87e118937e78184d053c9ddc9d1d4991363_1f5a1a3f2d8e33c45eba7fe538af074d.jpg'}];2025-10-28T15:32:44+01:00
37d17cdf-dc9b-40d3-9311-e880ed4a9c74;Bett am Weiher;Das Bett am Weiher ist ein typisches Stadthaus mitten in der Altstadt von Wil mit Sicht auf den Stadtweiher.;Bei der Renovierung des Hauses wurde grossen Wert darauf gelegt, die typischen Merkmale wieder freizulegen. Gleichzeitig wurde dem heutigen Komfortbedürfnis Rechnung getragen.

Alte Balken, Treppen, Böden und Türen ergeben mit modernen Bädern, Lampen und der Küche wundervolle Kombinationen. Das B&B verfügt über fünf stilvolle und grosse Doppelzimmer, jedes mit Dusche und Toilette ausgestattet. Die Zimmer können auch einzeln belegt werden.
Im Frühstücksraum wird täglich ein vollwertiges Buffet bereitgestellt.

Das "Bett am Weiher" wird wie ein Minihotel ohne Reception geführt.  Unsere Gäste erhalten nach der Reservierung einen Schlüsselcode. Mittels diesem Code kann man den Schlüssel an der Digibox beim Eingang beziehen.

Der gemütliche Essraum und der Aufenthaltsraum laden zum Verweilen ein. Dort kann man sich ungestört unterhalten oder ein Buch lesen. Zudem stehen verschiedene Gesellschaftsspiele zur Verfügung. Der gemütliche Gartensitzplatz bietet eine wunderschöne Aussicht auf den Stadtweiher.;9.04915;47.46719;Marktgasse 64;9500;Wil;0041 79 531 68 00;info@bettamweiher.ch;http://www.bettamweiher.ch;[{'@type': 'ImageObject', 'contentUrl': 'https://ostpimtsoch.sos-ch-dk-2.exoscale-cdn.com/catalog/2/1/5/3/21530a9f6b72dc144f574d67db7638a131720ab7_eaad6d9a65149c403a468082a2a50699.jpg'}];2026-06-16T20:10:27+02:00
37d62a43-7b2d-41e6-b8d5-281ee71f0d5a;Ferienwohnung Resort Walensee  Nr. 73;Die Ferienwohnung Resort Walensee Nr. 73 bietet eine 3,5-Zimmerwohnung mit 130 m2 und Terrasse direkt am Walensee. In der Nähe befinden sich das Restaurant Marina Walensee, eine Strandbar und Einkaufsmöglichkeiten.;Die 3.5-Zimmerwohnung beim Resort Walensee mit 130m2 inkl. Terrasse befindet sich am schönen Walensee in der Ferienregion Heidiland. In nur 2 Minuten zu Fuss erreichen Sie das Restaurant Marina Walensee, sowie die Strandbar. Zum Schiffssteg sind es 3 Minuten zu Fuss, geniessen Sie eine Schifffahrt auf dem fjordähnlichen Walensee unterhalb der Churfirstenkette. Einkaufsmöglichkeiten sind 5 Minuten zu Fuss entfernt.;9.258455250456695;47.115617650000004;Gostenstr. 33;8882;Unterterzen;+41 79 296 87 49;mueller.nicole.n@bluewin.ch;[{'@type': 'ImageObject', 'contentUrl': 'https://ostpimtsoch.sos-ch-dk-2.exoscale-cdn.com/catalog/5/4/e/5/54e53ff5fdd9fcaeb46bc5a0e7dfeea949b702ec_536d07383249758b7cc91f0d5b6649f9.jpg'}];2026-01-27T21:57:10+01:00
38f98cfd-d7a1-4f55-b663-d35c72d325a3;Alpenresidenz (CharmingStay);Die Alpenresidenz (CharmingStay) bietet eine moderne 4,5-Zimmer Dachwohnung im Zentrum von Flumserberg Tannenboden. In wenigen Minuten erreichst Du den Dorfladen, die Skischule, Restaurants und die Bergbahn. Ein Garagen- und ein Aussenparkplatz sind vorhanden.;Die moderne und helle 4.5-Zimmer Dachwohnung befindet sich im Zentrum von Flumserberg Tannenboden. Innerhalb von wenigen Gehminuten erreichen Sie den Dorfladen, die Skischule, verschiedene Restaurants und die Bergbahn. Zur Wohnung gehört ein Garagenparkplatz sowie ein Aussenparkplatz. ;9.287738984771416;47.09317115;Tannenbodenwiesenstrasse 3;8898;Flumserberg Tannenboden;+41 79 504 90 45;contact@charmingstay.ch;https://www.charmingstay.ch;[{'@type': 'ImageObject', 'contentUrl': 'https://ostpimtsoch.sos-ch-dk-2.exoscale-cdn.com/catalog/2/6/8/0/2680e0672f08982c551a6f0119ae4b475ed6328d_ef5c539e5e55013273bb68e993ba3ecd.JPG'}];2026-01-19T22:34:29+01:00
3a0d3c0f-f1a6-4cd9-a2d7-17ec214bdf15;Ferienwohnung Pferde- und Eselhof Grünegg;Der Pferde- und Eselhof Grünegg in Eschenz bietet Familien ein authentisches Bauernhoferlebnis mit Pferden, Eseln, Schafen und Schweinen. Die grosszügige 3.5-Zimmerwohnung und die Möglichkeit, bei der Hofarbeit mitzuhelfen, machen den Aufenthalt unvergesslich.;<p>Pferde, Esel, Walliser Schwarznasenschafe, Kune-Kune-Schweine und Katzen machen den Hof zu einem lebendigen Ort, an dem Landwirtschaft hautnah erlebbar wird. Kinder k&ouml;nnen Esel striegeln, mit ihnen Spazierg&auml;nge durch den Wald unternehmen oder beim Versorgen der Tiere mithelfen. Die wolligen Schafe lassen sich gerne kraulen, w&auml;hrend die Schweine f&uuml;r heitere Momente sorgen. Ein besonderes Erlebnis ist eine Kutschenfahrt mit den imposanten Kaltblutpferden, die eindrucksvolle Ausblicke er&ouml;ffnet.</p><p>Die Ferienwohnung misst 78 m&sup2; und umfasst zwei Schlafzimmer mit insgesamt sechs Betten und einem Kinderbett, eine gut ausgestattete K&uuml;che mit Kaffeevollautomat, Fondueset und Raclette-Ofen, ein Esszimmer mit Kaminofen, eine Sofaecke mit TV/Radio/WLAN sowie ein Badezimmer mit Dusche/WC. Ein Aussensitzplatz mit Grill l&auml;dt zum Verweilen ein. In der Umgebung locken Stein am Rhein mit seiner historischen Altstadt, idyllische Badeseen sowie vielf&auml;ltige Ausflugsm&ouml;glichkeiten rund um den Bodensee.</p>;8.870048299999997;47.6248708;Grünegg 1;8264;Eschenz;+41 79 271 01 61;hf.niederhauser@sunrise.ch;http://www.ferienwohnung-gruenegg.ch;[{'@type': 'ImageObject', 'contentUrl': 'https://ostpimtsoch.sos-ch-dk-2.exoscale-cdn.com/catalog/8/3/8/2/83825d284b08366a04f865887ed81408446df02c_2d77edea278f6bb58bd77ed196fab52a.jpg'}];2026-04-01T22:32:43+02:00
3bd6501a-8ae8-4345-bddd-ccb1ba29278a;Ferienhaus Brütsch;Freistehendes Einfamilienhaus mit 5 Schlafzimmern, riesigem Garten mit Feuerstelle (Grill) und Gartenmöbeln, grosszügige Parkmöglichkeiten, 50m vom Rhein entfernt. In unmittelbarer Nähe des Strandbades und des Naturschutzgebietes «z'Hose». Wenige Gehminuten vom Zentrum entfernt.;Sehr gut eingerichtetes Haus. 5 Schlafzimmer. Es wird Ihnen an nichts fehlen in der Küche- und wenn doch, sind die Gastgeber bemüht, Ihre Wünsche zu erfüllen. Fahrräder, Spielsachen (Indoor und Outdoor), Wassersportgeräte u.v.m. stehen teils frei zur Verfügung. Rheinsicht. Familienfreundlich. Kinderfreundlich. Viele Restaurants in wenigen Gehminuten erreichbar.;8.848349051313296;47.6649167;Hemishoferstrasse 81;8260;Stein am Rhein;+4179 567 30 83;bruetsch.bnb@mail.ch;https://bruetschbnb.myweb.smoobu.com/;[{'@type': 'ImageObject', 'contentUrl': 'https://ostpimtsoch.sos-ch-dk-2.exoscale-cdn.com/catalog/f/e/0/2/fe02970d5b53df895777f7e46ed7430d56f6b39c_d4dbe0a4a8f7a7ffdce4990948dd576d.png'}];2025-11-24T20:03:27+01:00
3ef311ff-c78e-461c-a77b-acc152cdfb8d;Gasthaus Hoher Hirschberg;Das Ausflugsziel im Appenzellerland auf 1167 m ü. M. an aussichtsreicher Lage;<p>Das Berggasthaus Hoher Hirschberg ist für Wanderer, Biker oder mit dem Auto sehr gut erreichbar. Auf der Hügelspitze werden Sie mit einer herrlichen Aussicht auf den Alpstein und das St.Galler Rheintal belohnt. Das Ausflugsrestaurant ist bekannt für die hausgemachten Desserts und die saisonalen Speisen. Auf dem Hohen Hirschberg übernachten ist ein einmaliges Erlebnis. Haben Sie etwas zu feiern? Dann sind Sie bei uns genau richtig.</p><p>Eine Auszeit mitten in der Natur? Das Berggasthaus Hoher Hirschberg bietet auch Übernachtungsmöglichkeiten. Von einer Übernachtung&nbsp; im Matratzenlager bis zum Arvenzimmer mit wunderschönem Blick in den Alpstein, da kommt jeder auf seine Kosten. Reservationsanfragen sind telefonisch oder online möglich.&nbsp;</p><p> </p>;9.469854384160104;47.3429752;Hohe Hirschbergstrasse 58;9050;Appenzell;+41 71 787 14 67;info@hoherhirschberg.ch;https://www.hoherhirschberg.ch;[{'@type': 'ImageObject', 'contentUrl': 'https://ostpimtsoch.sos-ch-dk-2.exoscale-cdn.com/catalog/9/8/0/a/980ad6a6e8f77750c23f119ca44c8159d38c47fe_d692fa0aa77d6b8ebcf97710af4bda22.jpg'}];2025-04-24T18:17:51+02:00
403958b7-4a63-41ed-8c11-3416d6f7ddbe;Hotel Cristal Flumserberg;Das Hotel Cristal Flumserberg liegt zentral in Tannenboden, nahe der Seilbahn Maschgenkamm. Es bietet 29 Zimmer, drei Restaurants und einen Wellnessbereich mit Dampfbad und Sauna. Die Skipiste befindet sich direkt neben dem Hotel.;Das umfangreich und aufwändig renovierte Hotel Cristal liegt zentral in Tannenboden auf dem Flumserberg, nur wenige Gehminuten von der Seilbahn Maschgenkamm und der Luftseilbahn LUFAG entfernt. Die Skipiste und der erste Lift liegen direkt neben dem Hotel. 

Das Hotel verfügt über 29 Zimmer, die Restaurants Churfirstenstube, Chäs-Stübli und Arvenstübli mit Kamin-Lounge sowie einen Wellnessbereich mit Dampfbad und Sauna. Die geschmackvolle Einrichtung und die gemütliche Atmosphäre im ganzen Hotel laden zum Geniessen und Entspannen ein.;9.282386599999999;47.0931453;Tannenbodenalpstr.3;8898;Flumserberg Tannenboden;+41 81 720 16 16;info@cristal-flumserberg.ch;https://cristal-flumserberg.ch/de/;[{'@type': 'ImageObject', 'contentUrl': 'https://ostpimtsoch.sos-ch-dk-2.exoscale-cdn.com/catalog/f/6/3/5/f63597e41090f6873ee41567db373545f4a653c1_d1602b9d02cee0343b5d287403cc72e6.jpg'}];2026-06-30T20:46:37+02:00
40936cb2-b150-4d28-a2c4-e9e469701726;Lake Lodge Romanshorn;Die Lake Lodge Romanshorn ist ein Erholungsort mit einem familiären Ambiente und fantastischer Seesicht. Täglich wird ein gesundes, abwechslungsreiches und leckeres Frühstück serviert. Die Unterkunft ist optimal gelegen und somit idealer Ausgangspunkt für Ausflüge nach St.Gallen, Konstanz, Zürich und die nahen Berge wie der Säntis.;Das Bed & Breakfast liegt am Bodensee und ist der ideale Ausgangspunkt für Radtouren um den See und durch den schönen Thurgau. Der nahe Alpstein lädt zu ausgedehnten Wanderungen ein und am Abend erfrischt der Bodensee mit einem kühlen Bad. Auf der schönen Terrasse in der Sonne baden oder im Schatten ein kleines Schläfchen geniessen. Die Ruhe in der Lake Lodge ist dem Gast sicher. Die geräumigen und geschmackvoll eingerichteten Zimmer bieten Platz für 2  oder 4 Personen. Die Gemeinschaftsräume wie Küche, Wohn- und Esszimmer sind geräumig und im Herbst und Winter brennt ein gemütliches Kaminfeuer. Die Gastfreundschaft steht in der Lake Lodge im Mittelpunkt und Gespräche mit den Gastgebern sind stets willkommen. In Gehdistanz rund im das Hafenbecken hat es verschiedene Restaurants, die die Gäste mit internationalen Gerichten verwöhnen.;9.3809316;47.5702438;Inselistrasse 4;8590;Romanshorn;+41793065556;liebr@gmx.ch;http://lakelodge-romanshorn.ch;[{'@type': 'ImageObject', 'contentUrl': 'https://ostpimtsoch.sos-ch-dk-2.exoscale-cdn.com/catalog/d/e/d/6/ded6410ccca05102b438c20ebf1ee43b42f4b765_90a6570f1a788da15e62df53dad05055.JPG'}];2025-04-16T21:17:27+02:00
41b32024-8801-4f31-9b48-13238a644ac7;Hotel Alpenhof;Das Hotel Alpenhof in Weisstannen ist ein charmantes, historisches Berghotel mit antik möblierten, einfachen Zimmern. Es bietet eine sonnige Gartenterrasse und ist der ideale Ausgangspunkt für Wanderungen in die UNESCO-Weltnaturerbe Tektonikarena Sardona.;Das Hotel Alpenhof im Weisstannental ist seit 1874 ein historisches Hotel im Dörfchen Weisstannen mit stilvollem Ambiente. Geniessen Sie die Gastfreundschaft in nostalgischen Zimmern, einer gemütlichen Gaststube und einem Biedermeierstübli mit Lesezimmer. Während der Sommersaison bietet der Speisesaal ein festliches Ambiente auch für Feiern, Seminare und Kulturanlässe. Bei sonnigem Wetter geniesst der Gast die angenehme Frische auf der Gartenterrasse mit Schatten spendenden Bäumen. Die Biedermeierzimmer sind antik möbliert und die Belle-Epoque Zimmer sind mit historischen Möbeln aus dem Hotelbestand ausgestattet. Für Hotelgäste bereiten wir dem Gast ein feines 3-Gang-Menü aus meist regionalen Produkten zu. Das Hotel Alpenhof ist der ideale Ausgangspunkt für Wanderungen zur Wasserfallarena Batöni und Etappenort entlang der Via Alpina und des Sardona Welterbeweg ins UNESCO-Weltnaturerbe Tektonikarena Sardona. Bei guten Schnee-Verhältnissen lassen sich im Winter auch einige Skitouren und Schneeschuhwanderungen erleben.;9.344299927902512;46.98883385;Oberdörflistrasse 16;7326;Weisstannen;+41 81 723 17 63;alpenhof.weisstannen@gmail.com;http://www.alpenhof-weisstannen.ch;[{'@type': 'ImageObject', 'contentUrl': 'https://ostpimtsoch.sos-ch-dk-2.exoscale-cdn.com/catalog/6/8/b/d/68bde57f0189c911428e1d3ca97de8b43aa8d582_0cc4d1ffbc0646c12e73625fe18cffe2.JPG'}];2026-05-15T21:24:26+02:00
42378a51-b72b-4202-a82e-eb20456c8c1a;Haus Alpenblick A5 (CharmingStay);Haus Alpenblick A5 bietet eine moderne 2,5-Zimmerwohnung am Flumserberg. Zentral gelegen, nur zwei Gehminuten vom Hallenbad und der Skipiste entfernt, mit Einkaufsmöglichkeiten in direkter Nähe.;Die moderne 2.5 Zimmerwohnung liegt sehr zentral am Flumserberg. Zwei Gehminuten zum Hallenbad sowie zur Skipiste. Einkaufsmöglichkeiten gibt es in direkter Nähe.;9.297766606774918;47.0907134;Tobelbachstr. 8;8897;Flumserberg Tannenheim;+41 79 504 90 45;contact@charmingstay.ch;https://www.charmingstay.ch;[{'@type': 'ImageObject', 'contentUrl': 'https://ostpimtsoch.sos-ch-dk-2.exoscale-cdn.com/catalog/c/c/3/2/cc3207953afd38cc0a9c8395fa51cd143cfed0a5_ed22f5ecbcedb4791474490938229f04.jpg'}];2026-01-19T22:34:29+01:00
42ebf9a2-5fdc-4285-963f-9d98b736d25d;Hotel Post;Das Hotel Post in Sargans bietet schallisolierte Zimmer mit TV und kostenfreiem WLAN. Ein Restaurant serviert Schweizer Küche und eine grosse Auswahl an Weinen. Die Seilbahn ins Skigebiet Wangs-Pizol ist in drei Minuten erreichbar.;Das familiengeführte Hotel Post begrüsst Sie in Sargans und liegt nur 5 Gehminuten vom Bahnhof entfernt. Eine 3-minütige Fahrt bringt Sie zur Seilbahn ins Skigebiet Wangs-Pizol.

Alle Zimmer sind schallisoliert und verfügen über einen TV sowie über ein Bad mit einer Dusche oder Badewanne. Freuen Sie sich auf kostenfreies WLAN.

Gemütliches Restaurant mit heimeliger Atmosphäre sowie Schweizer Küche mit Spezialitäten für Feinschmecker und einer grossen Auswahl an Weinen. Ideale Räumlichkeiten für Ihre diversen persönlichen und geschäftlichen Anlässe, wie Familienfeiern, Firmenessen, Vereine, Busse und Bankette.;9.4408779;47.0479524;Bahnhofstrasse 1;7320;Sargans;+41 81 720 47 47;info@hotelpost-sargans.ch;http://www.hotelpost-sargans.ch;[{'@type': 'ImageObject', 'contentUrl': 'https://ostpimtsoch.sos-ch-dk-2.exoscale-cdn.com/catalog/0/d/8/2/0d82f2c83dfee790687e26a88c92eb9819569a15_d7a97bfd7c01d844005858065c559e18.jpg'}];2025-09-08T20:28:00+02:00
4361b38d-ae0a-4d49-880d-6be5926445a3;Gästewohnung «Wilder Wein»;Die Gästewohnung «Wilder Wein» in Romanshorn befindet sich in einem von wildem Wein umrankten Gebäude.;In Romanshorn erwartet Sie in einem ruhigen Quartier, in einem von wildem Wein umrankten Nebengebäude, eine 2-Zimmer Gästewohnung. Bahnhof, Hafen, Supermarkt so wie die Seepromenade sind in ca. 5 Gehminuten zu erreichen.;9.373571491543684;47.561088549999994;Alte Schulstrasse 14;8590;Romanshorn;+41 78 657 75 36;djoke_strikwerda@hotmail.com;https://www.wilder-wein.ch/;[{'@type': 'ImageObject', 'contentUrl': 'https://ostpimtsoch.sos-ch-dk-2.exoscale-cdn.com/catalog/e/7/c/d/e7cd3b8b60a562fd96ca5e41da8e82dab34cca71_c5abb483f1eb21ad80647000169356ff.jpg'}];2026-03-17T22:42:05+01:00
43a9715b-ad9c-4927-a3b7-d070d79b3ab0;Aparthotel Restaurant Edy Bruggmann;Das Aparthotel Edy Bruggmann am Flumserberg bietet haustierfreundliche Unterkünfte mit kostenfreien Privatparkplätzen. Geniesse lokale Spezialitäten im rustikalen Speiserestaurant oder im Panoramarestaurant. Der Prodalp-Express ist nur 100 m entfernt.;Das Aparthotel Edy Bruggmann begrüsst Sie mit einer wunderschönen Sonnenterrasse und bietet Ihnen haustierfreundliche Unterkünfte am Flumserberg. Die Privatparkplätze an der Unterkunft stehen Ihnen kostenlos zur Verfügung. Ein TV sorgt für Unterhaltung und die Gemeinschaftslounge der Unterkunft lädt zum Verweilen ein.

In unserem rustikalen Speiserestaurant *Pfnille" und Panoramarestaurant geniesst man einheimische Spezialitäten. Neben den beiden Restaurants kann man im Fonduestübli "Gadä" ein feines Käse- oder Fondue Chinoise geniessen. 

Den Skilift Schwammkopf erreichen Sie vom Aparthotel Edy Bruggmann nach 1,5 km und den Prodalp-Express nach 100 m.;9.303433011508352;47.0895725;Flumserbergstrasse 151;8897;Flumserberg Tannenheim;+41 81 733 24 24;info@hotelbruggmann.ch;http://www.hotelbruggmann.ch;[{'@type': 'ImageObject', 'contentUrl': 'https://ostpimtsoch.sos-ch-dk-2.exoscale-cdn.com/catalog/3/e/9/b/3e9b70a795af164bacbd69f86a0680fd9d75ccc7_8c881e17b667f8ceda08d22c1a2a1717.JPG'}];2026-06-29T20:45:31+02:00
45f52d52-c717-43d3-843b-a1989061f910;Ferienhaus Scheibe 594;Drei Generationen Ferienerholungs-Paradies!;Das gemütliche mit viel Liebe zum Detail eingerichtete Ferienhaus (Hausteil mit Stallanbau) befindet sich an schönster, ruhiger Lage, nahe dem Dorfzentrum Teufen.
Die wunderbare Panoramasicht mit Blick auf den gesamten Alpstein ist Tag für Tag eine grosse Augenweide. Das Haus ist freistehend in der Landwirtschaftszone umgeben von grünen Wiesen an sehr ruhiger, verkehrsfreier Lage.
Im Sommer und Winter ist die Anfahrt bis vor die Haustüre möglich. Für Kinder, für Erwachsene und Naturfreunde eine Oase für Erholung und Wohlbefinden. Die wunderschöne Gegend ist mit dem Bike, zu Fuss, auch mit Kinderwagen in jeder Jahreszeit angenehm zu erkunden.
Teufen liegt sehr zentral, Nähe St. Gallen, Nähe Appenzell, Nähe Alpstein, ein Ausgangspunkt für Wanderungen, Radtouren, Bahnfahrten oder per Auto.

Mindestaufenthalt: 3 Nächte;9.401823898332477;47.39274589091908;Scheibe 594;9053;Teufen;+41 79 690 83 65;fewo-scheibe594@outlook.com;[{'@type': 'ImageObject', 'contentUrl': 'https://ostpimtsoch.sos-ch-dk-2.exoscale-cdn.com/catalog/2/f/b/a/2fba3c7bc39dce7da781e1ad913c40f04641204d_a26c7b28cea7995599721127447143ee.jpeg'}];2025-10-28T15:32:44+01:00
46bb0cb4-9a5d-423a-9ba6-bdecd280324d;Macardo Swiss Distillery;In der Macardo-Destillerie findet man nicht nur die nachhaltigste Brennerei der Schweiz, sondern auch das innovativste Fasslager der Welt, ein Premium Bed & Breakfast, eine Eventlocation, Bar mit Cigar Lounge und vor allem: Viele exzellente gebrannte Destillate!;<p>Was 2007 klein in einer ehemaligen Käserei in Strohwilen begann, ist heute ganz gross geworden: Das neue Macardo-Hauptquartier. Hier taucht der Gast in die Welt des Edelbrandes ein. Mit Leidenschaft wird gemaischt, vergärt, gebrannt und ausgebaut – nach überlieferten Geheimrezepten, zeitintensiven Brennverfahren und mit höchsten Qualitätsansprüchen an die meist regionalen Zutaten. Die modernsten Standards entsprechende Infrastruktur kann bei Führungen entdeckt, die Spirituosen bei Tastings probiert werden.</p>;9.012916300000027;47.5506618;Frauenfelderstrasse 21;8514;Amlikon-Bissegg;+41 71 652 60 00;info@macardo.ch;http://www.macardo.ch/;[{'@type': 'ImageObject', 'contentUrl': 'https://ostpimtsoch.sos-ch-dk-2.exoscale-cdn.com/catalog/b/2/6/d/b26db93fba3942851c9e3c132ae716ab09ba1f0c_3fbd9f9c0e9a358ae2c8eea56b72b7c9.jpeg'}];2026-03-17T22:31:49+01:00
46c63c48-32e0-498b-ae77-50b8c0c80859;Stellplatz «im Bad»;Stellplatz im Zentrum von Heiden.;<p>In maximal 700 Meter Gehdistanz entdecken Sie einige Einkaufsmöglichkeiten und Restaurants sowie den Bahnhof, Postautohaltestellen, Schwimmbad, Kino, Spielplatz und eine Abfalltrennstation. Der Platz ist ausreichend für zwei Camper mit Klappstuhlverhalten. Übernachten in Fahrzeugen ist nur mit eigenem WC erlaubt

Maximale Aufenthaltsdauer: 3 Nächte
Öffentliche Toiletten: Post/Friedhof geöffnet von 06.00 – 22.00 Uhr
Preis: CHF 12.20 pro Nacht inkl. 1 Person, Bezahlung via Parkn Sleep (QR-Code vor Ort scannen oder Internetseite besuchen)</p>;9.53121913454496;47.445602254416734;im Bad 2;9410;Heiden;+41 71 898 33 01;stellplatz@kurvereinheiden.ch;https://www.kurvereinheiden.ch/stellpl%C3%A4tze-f%C3%BCr-camper;[{'@type': 'ImageObject', 'contentUrl': 'https://ostpimtsoch.sos-ch-dk-2.exoscale-cdn.com/catalog/5/3/5/8/535808dabde9679d1d78aaab90e1ae8058577838_f0db6a946e3dd38082cb01c0bb5b01d7.jpg'}];2025-03-06T18:13:59+01:00
46e21fd0-3bd2-4c4a-92e1-5c5fba0343dd;Hotel Münchwilen;Das Businesshotel in der Ostschweiz zwischen Wil und Frauenfeld
;Das Angebot des 4-Sterne-Garni Hotels Münchwilen im Hinterthurgau (bei Wil SG) richtet sich vor allem an Geschäftsreisende, Gäste auf der Durchreise sowie Radfahrer, die das Tannzapfenland, das Zürcher Oberland oder die Region Wil - Frauenfeld erkunden wollen und dafür eine gepflegte Unterkunft suchen.

Zentral gelegen mit unter 45 km zu den Flughäfen Zürich (ZRH) und St.Gallen - Altenrhein (ACH) verfügt Münchwilen über eine Anbindung zur A1 (20min ab Winterthur und St.Gallen) und ist durch die Frauenfeld-Wil Bahn an das ÖV-Netz angeschlossen.

Das Hotel verfügt über 53 Zimmer und 2 Juniorsuiten mit 112 Betten. Reisende schätzen vor allem den herzlichen und persönlichen Empfang und das köstliche Frühstücksbuffet. Dies überrascht und übersteigt die Erwartungshaltung der Businessreisenden. Das gemütliche und helle Hotel ist dank des freundlichen Personals auch bei Paaren, Familien, Sportlern und allein reisenden Frauen beliebt.

Das Hotel-Münchwilen Team freut sich auf Ihre Reservation.;8.998994894621362;47.477991849999995;Schmiedstrasse 5;9542;Münchwilen;+41 71 969 3131;info@hotel-muenchwilen.ch;https://www.hotel-muenchwilen.ch;[{'@type': 'ImageObject', 'contentUrl': 'https://ostpimtsoch.sos-ch-dk-2.exoscale-cdn.com/catalog/4/6/a/1/46a1e5b2960952ab8ea70a92c457e1ff5931a97e_7d77fce5daedace94e1dc2f78d8193e8.jpg'}];2026-06-16T20:28:37+02:00
473f8492-2a35-40fe-bcb9-a36b737c92cf;Glamping Hotel Schloss Ragaz;Das Glamping Hotel Schloss Ragaz bietet ein Naturerlebnis mit Komfort im Schlosspark von Bad Ragaz. Die gemütlichen Glampinglodges bieten Zugang zum Hotelangebot und einige verfügen über einen eigenen Whirlpool.;<p>Naturerlebnis mit Komfort - Geniessen Sie ein einzigartiges Glamping-Erlebnis im Schlosspark! In den gemütlichen Glampinglodges mit Zugang zum Hotelangebot kommt ein unkompliziertes und individuelles Wohngefühl auf. Einige Lodges verfügen über einen eigenen Whirlpool.</p>;9.5084785;46.9974325;Schloss-Strasse 1;7310;Bad Ragaz;+41 81 303 77 77;info@hotelschlossragaz.ch;https://www.hotelschlossragaz.ch/de/;[{'@type': 'ImageObject', 'contentUrl': 'https://ostpimtsoch.sos-ch-dk-2.exoscale-cdn.com/catalog/e/e/1/e/ee1e0fb3c51c3fbeccd749ce54e2db3181ba6f53_35ba345e4a1e286ff8c57ea647582b67.jpg'}];2026-01-19T22:24:23+01:00
474afc7b-bb93-49fb-9d3e-316b64399819;Ruhiges Paradiesli mit Rheintal- und Alpsteinblick;Natur pur. Direkt neben dem Bauernhof.
Geniessen Sie Ihren Aufenthalt mit einer atemberaubenden Aussicht über das Rheintal und den Alpstein. ;<p>Die herrliche ruhige und sonnige Lage mitten im Gr&uuml;nen, l&auml;dt zum Verweilen und geniessen ein. Wundersch&ouml;ne Wanderungen und Velotouren k&ouml;nnen Sie direkt von der Haust&uuml;re aus starten. Den Abend ausklingen lassen bei einem Glas Wein oder Tee, mit wunderbarer Aussicht auf das Lichtermeer des Rheintals. Im Winter befindet sich eine Langlaufloipe sowie das Skigebiet der Ebenalp in unmittelbarer N&auml;he. Die wunderbare 2 1/2 Zimmerwohnung bietet einen gem&uuml;tlichen Wohn- / Essraum mit einer K&uuml;che, welche mit einem Geschirrsp&uuml;ler, K&uuml;hlschrank, Oel, Essig, Pfeffer und Salz ausgestattet ist. Das Doppelbett im Schlafzimmer und das separate Bettsofa in der Galerie bietet Platz f&uuml;r 2-3 Personen in der neu renovierten Wohnung. Bett-, K&uuml;chen- und Frotteew&auml;sche sind vorhanden. <br>Mindestmietdauer 2 Tage</p>;9.492223;47.3649;Stein Rietli 744;9056;Gais;0794546834;ursi.gisler@gmx.ch;[{'@type': 'ImageObject', 'contentUrl': 'https://ostpimtsoch.sos-ch-dk-2.exoscale-cdn.com/catalog/1/2/1/c/121cfc9d9b7b5c7d08724f0049b43a9bf02f649c_1f2791ae51499be4027dc46990fefc4f.jpg'}];2025-06-28T18:13:37+02:00
485acae9-1a89-4ee7-a902-9b6904befdba;Lueg ins Land;Das Studio Lueg ins Land in Mels bietet eine tolle Aussicht auf die Berglandschaft und verfügt über einen Gartensitzplatz mit Grillmöglichkeit. Ein Parkplatz und ein zusätzlicher Abstellraum sind ebenfalls vorhanden.;Das komplett möblierte Studio im Parterre von Lueg ins Land befindet sich oberhalb vom schönen Mels in der Ferienregion Heidiland. Tolle Aussicht auf die umliegende Berglandschaft. Zur Wohnung gehört ein Gartensitzplatz mit Grillmöglichkeit sowie ein zusätzlicher Abstellraum und ein Parkplatz ist vorhanden.;9.415213465690615;47.038135565140756;Butzerstrasse 130;8887;Mels;+41 77 424 65 53;ignazhobi@bluewin.ch;[{'@type': 'ImageObject', 'contentUrl': 'https://ostpimtsoch.sos-ch-dk-2.exoscale-cdn.com/catalog/c/7/a/a/c7aac1499c23dc470c602e1846f142bcdeffe5fd_4199d84d5d55cea0f121435e30f127f8.JPG'}];2026-04-01T21:28:00+02:00
48884e5a-ff62-4d48-8f87-f3185e240408;Gasthaus zum Trauben;Die gelungene Mischung aus Tradition und Moderne ist vom Restaurant über die Veranstaltungsräume bis in die Hotelzimmer durchgezogen und beschwingt. Das Speiseangebot aus Thurgauer Qualitätsprodukten bringt die Gäste zum Schwärmen.;1798 wurde hier die Freiheit des Kantons ausgerufen. Das 500 Jahre alte Gebäude ist eines der wertvollsten Kulturgüter von Weinfelden. Frisch umgebaut und renoviert. Entstanden ist eine charakterstarke Mischung aus dem Charme des Altbewährten und der Eleganz der Moderne – nicht nur architektonisch, sondern auch kulinarisch. Das Credo des regionalen Speiseangebots: Den Geschmack und die Qualität von Thurgauer Produkten auf den Teller bringen, überraschend und modern interpretiert!

Im Gasthaus zum Trauben wohnen die Gäste zentral in 14 hellen und frisch renovierten Hotelzimmern, welche den Blick auf das Rathaus oder die Kirche von Weinfelden frei geben. Restaurant, Weinkeller und Terrasse verwöhnen die Gäste. Auch feiern und tagen lässt es sich hier hervorragend. Das Gasthaus zum Trauben bietet Räume mit geschichtsträchtiger Atmosphäre in unterschiedlichen Grössen, Formen und Stilen – vom gemütlichen Stübli, über die barocke Weinfelderstube bis zum modernen Festsaal mit multifunktionaler Bühne.;9.1099919000001;47.5683718;Rathausstrasse 1;8570;Weinfelden;+41 71 622 44 44;info@trauben-weinfelden.ch;https://www.trauben-weinfelden.ch/;[{'@type': 'ImageObject', 'contentUrl': 'https://ostpimtsoch.sos-ch-dk-2.exoscale-cdn.com/catalog/b/3/3/9/b33996693fb464346add5bdced6e84ee9ad72887_be5f5f22aa981a9d58be016bbb55dce4.jpg'}];2026-08-31T16:30:22+02:00
48c1d90b-c7fe-42a0-8003-369fe9fd10b8;Ferienwohnung "Haus zur Rose";Die 4-Zimmer-Ferienwohnung im historischen "Haus zur Rose" liegt zwischen Bodensee, St.Gallen und Appenzell. Mit schönem Ausblick auf das Dorf Speicher und das weitläufige Appenzellerland bietet die Ferienwohnung viel Platz für bis zu 5 Personen.;<p>Das 1811 erbaute "Haus zur Rose" wurde 2015/16 komplett saniert und vermietet eine Ferienwohnung (95 m2) mit einer voll ausgestatteten K&uuml;che in modernem Design (mit Induktionskochfeld, Dampfabzug, Backofen, Geschirrsp&uuml;lmaschine, K&uuml;hlschrank, Tiefk&uuml;hler und einer Waschmaschine mit integriertem Tumbler), 3 Schlafzimmer (1 Doppelbett, zwei Einzelbetten und einem bequemen Schlafsofa), 1 Badezimmer mit Dusche/WC, 1 Wohnzimmer (mit Sofa, grossem Esstisch und TV), 1 Lese-/Arbeitszimmer (mit einem wundersch&ouml;nen antiken Sekret&auml;r sowie Spielen f&uuml;r unsere kleinen G&auml;ste).</p><p>Der Gartensitzplatz (zur Mitbenutzung) ist ausgestattet mit einer Outdoork&uuml;che sowie Sitz- und Liegem&ouml;beln, Brunnen, Trampolin und Schaukel - ein Ort zum Verweilen und Sonne tanken!</p><p>Die Umgebung l&auml;dt zu Spazierg&auml;ngen und Wanderungen ein. Kulturelle Highlights sind bequem erreichbar und auch kulinarische H&ouml;henfl&uuml;ge gibt es ganz in der N&auml;he zu entdecken.</p><p>Das Tram (Appenzeller Bahn) f&auml;hrt alle 15/30 Minuten nach St.Gallen. Zum Bahnhof St.Gallen dauert die Fahrt knapp 20 Minuten. Mit dem Auto sind sie in 10 Minuten im Zentrum von St.Gallen oder auf der Autobahn.</p><p>Die Ferienwohnung verf&uuml;gt &uuml;ber einen kostenlosen Privatparkplatz.</p>;9.4404281;47.4117892;Haupstrasse 37;9042;Speicher;+41 79 775 83 53;welcome@haus-zur-rose.ch;https://haus-zur-rose.ch;[{'@type': 'ImageObject', 'contentUrl': 'https://ostpimtsoch.sos-ch-dk-2.exoscale-cdn.com/catalog/e/1/5/f/e15f0ad4c471ea0bda7f29c7f4177951a357459d_261d01f80b17bbcbdda8941d4f891adc.JPG'}];2026-06-16T20:17:36+02:00
49a12ad1-99a7-483e-b2b6-1dc01d83e799;Restaurant & Hotel Weiss Kreuz;Das Restaurant & Hotel Weiss Kreuz in Malans bietet eine vielfältige Küche mit französischen, italienischen und regionalen Spezialitäten. Gäste können in einem familienfreundlichen Ambiente mit Garten-Terrasse und rollstuhlgerechtem Zugang entspannen.;Das Restaurant & Hotel Weiss Kreuz in Malans zählt wohl berechtigterweise zu einem der schönsten Betriebe in der Bündner Herrschaft. Doch schön sein allein reicht ja bekanntlich noch nicht. Wir können Sie beruhigen, in unserem Restaurant, mit seinem vielfältigen Raumangebot ist es nicht «nur» wahnsinnig schön. Zusammen mit unserem sympathisch-herzlichen Service sorgen wir auch für das perfekte kulinarische Wohl unserer Gäste.

Geniessen Sie einen Abend mit einem ausgewählten Viergänger, eine feines Plättli nach einem tollen Wandertag, oder lassen Sie sich ganz einfach von unserer Karte inspirieren. Sie haben die Wahl. Gerne servieren wir Ihnen auch ein Glas Wein aus der Region – als Begleitung zum Essen, oder auch einfach so. Dazu wartet in unseren eigenen Weinkellern ein vielfältiges Weinangebot auf Sie. Und noch etwas: In unserem Restaurant verwöhnen wir Sie bereits am Mittag mit leckeren Speisen aus unserer Küche.;9.576131725657891;46.982555950000005;Dorfplatz 1;7208;Malans GR;+41 81 735 25 00;info@weisskreuzmalans.ch;http://www.weisskreuzmalans.ch;[{'@type': 'ImageObject', 'contentUrl': 'https://ostpimtsoch.sos-ch-dk-2.exoscale-cdn.com/catalog/2/3/6/f/236fc8246c6e0ce8cd2033f6bff2cd9a26868241_3d964da6c9a4c9c50bc9e26d74546dbe.jpg'}];2025-10-28T20:18:21+01:00
49c29246-bb8c-4679-9579-b410ef0d41f7;Gauencenter EG (CharmingStay);Die 2,5-Zimmerwohnung im Gauencenter liegt zentral in Flumserberg Tannenheim. Die Gondelbahn Prodalp-Express ist in der Nähe und führt direkt ins Wander- und Skigebiet Flumserberg. Restaurants, Dorfladen und Hallenbad sind in wenigen Gehminuten erreichbar.;Die 2.5-Zimmerwohnung im Gauencenter befindet sich direkt im Zentrum vom Flumserberg Tannenheim. Die Gondelbahn Prodalp-Express ist in unmittelbarer Nähe und führt direkt in das Wander- und Skigebiet Flumserberg. Nur in wenigen Gehminuten befinden sich Restaurants, der Dorfladen und das Hallenbad Flumserberg.;9.298958655716081;47.0901013;Flumserbergstrasse 152;8897;Flumserberg-Tannenheim;+41 79 504 90 45;contact@charmingstay.ch;https://www.charmingstay.ch;[{'@type': 'ImageObject', 'contentUrl': 'https://ostpimtsoch.sos-ch-dk-2.exoscale-cdn.com/catalog/c/8/f/e/c8fe1d7e64fd5c452769f3602cf6dfdad0f1600a_86f531e68ef5a3e0555d856d874c91b2.jpg'}];2026-01-19T22:34:29+01:00
4a235589-a961-4e9d-8038-f2783c981927;Camping Ruderbaum;Der Campingplatz mit Gruppenunterkunft und Ferienwohnung liegt direkt am Bodensee, in unmittelbarer Nähe des Thurgauer Rundwanderweges, des Bodensee-Radweges, des Bahnhofs Altnau und der Bodensee-Kursschiff-Anlegestelle.;Der Platz ist ideal für Wassersportler, Biker, Inline-Skater und Wanderer. Der grosse Spielplatz bietet vielfältige Möglichkeiten für sportliche Betätigung von Jung und Alt. Es hat moderne, sehr gepflegte sanitäre Anlagen. Nebst der grossen Spielwiese hat es einen Spielplatz, einen Badestrand, eine Grillstation, einen Waschautomaten, Trockner, Internet, eine Camping-Bibliothek, eine Fahrradvermietung und eine Schiffanlegestelle. Der Campingplatz ist ausgezeichnet mit vier Sternen durch Swisscamp.;9.263524132842166;47.6231883;Ruderbaum 3;8595;Altnau;+41 71 695 29 65;camping@ruderbaum.ch;http://www.ruderbaum.ch/;[{'@type': 'ImageObject', 'contentUrl': 'https://ostpimtsoch.sos-ch-dk-2.exoscale-cdn.com/catalog/c/e/0/9/ce09ccb6625d9e084bae5a2ece84b776ccd8a0c1_c9a3ede1111b16353ace224057ba8d45.jpg'}];2025-02-17T13:17:13+01:00
4ced3130-f829-4a0f-80e6-38aedec88f05;Haus Panorama B (Whg. Weibel);Das 1,5-Zimmer-Studio im Haus Panorama B in Flumserberg Tannenheim bietet moderne Einrichtung und eine Gartenterrasse mit Cheminée. In der Nähe befinden sich Skipisten, Biketrails und die Gondelbahn Prodalp-Express.;Das gemütliche 1.5-Zimmer-Studio befindet sich im Haus Panorama B in Flumserberg Tannenheim und ist zweckmässig - modern eingerichtet. Es liegt in unmittelbarer Nähe zu Skipiste, Biketrails und Wandergebiet. Die zur UNESCO-Welterbe Tektonikarena Sardona führende Gondelbahn &quot;Prodalp-Express&quot; sowie Bushaltestelle und Restaurants sind in Gehdistanz. Zur Wohnung gehört eine Gartenterrasse inkl. Cheminée mit Morgen- &amp; Abendsonne und herrlicher Aussicht auf die Churfirsten-Bergkette und das restliche Ostschweizer Bergpanorama des Sarganserlandes. In der Region befinden sich der fjordähnliche Walensee mit dem malerischen, autofreien Ausflugsort Quinten, sowie der mondäne Kurort Bad Ragaz.;9.304023100000002;47.0898412;Panoramastrasse 14;8897;Flumserberg Tannenheim;+41 71 720 02 17;daniel.weibel1@gmail.com;[{'@type': 'ImageObject', 'contentUrl': 'https://ostpimtsoch.sos-ch-dk-2.exoscale-cdn.com/catalog/9/9/0/9/99091d9954989a26697f5d95a51800506e312bec_26ff1051ffaee79b7740fe7a68a7dcfe.jpeg'}];2026-01-19T22:34:29+01:00
4d3b3fad-9695-47a7-8154-8a035d453638;Mittleres Waldwiesli;Das Mittleres Waldwiesli liegt in ruhiger Lage am Flumserberg, nur zehn Minuten zu Fuss von der Bergbahn Prodalp-Express entfernt. Einkaufsmöglichkeiten, Sportgeschäfte und Restaurants sind ebenfalls in der Nähe. Im Sommer steht ein kostenloser Parkplatz zur Verfügung, im Winter ist die Zufahrt eingeschränkt.;In der Nähe (ca. 10 Minuten Gehdistanz) befinden sich die Bergbahn (Prodalp-Express), Einkaufsmöglichkeiten, Sportgeschäfte und diverse Restaurants. Kostenloser Parkplatz im Sommer in der Nähe der Ferienwohnung vorhanden, im Winter ist die Zufahrt sowie das Parkieren eingeschränkt.;9.30191795;47.09263715;Waldwieslistrasse 2;8897;Flumserberg Tannenheim;+41 79 323 81 58;info@waldwiesli.ch;http://www.waldwiesli.ch;[{'@type': 'ImageObject', 'contentUrl': 'https://ostpimtsoch.sos-ch-dk-2.exoscale-cdn.com/catalog/e/e/3/5/ee3565a5c46a9942cf40c7dbd36f5e4f298cfceb_8d1c9a1955f41e3d1cfe6ff55624fffa.jpg'}];2026-01-19T22:34:29+01:00
4d5a3b88-a660-441d-ab31-25927a3018fa;Hotel Hirschen Maienfeld;Das zentral gelegene Hotel Hirschen Maienfeld bietet renovierte Zimmer mit Bergblick, eine Sonnenterrasse und kostenfreies WLAN. Gäste können Übernachtung mit Frühstück geniessen, während das Restaurant geschlossen bleibt.;In der wunderschönen Bündner Herrschaft, mitten in &quot;Heidis&quot; Dörfchen befindet sich das zentral gelegene B&amp;B Hirschen.
Mit einer schönen Sonnenterasse, gratis Wireless Netz sowie renovierten hellen und gemütlichen Zimmern und auch einem grossen Appartement würden wir Sie herzlich willkommen heissen.

Die Zimmer und Apartments im Hotel Hirschen bieten Bergblick, Holzböden und einen Flachbild-Sat-TV. Die Badezimmer sind privat oder Gemeinschaftsbäder.

Wir bieten unseren Gästen Übernachtung und Frühstück an, ansonsten bleibt das Restaurant geschlossen.;9.5290319;47.0045654;Bahnhofstrasse 16;7304;Maienfeld;+41 81 302 19 00;info.magastro@gmail.com;https://www.hirschen7304.ch/;[{'@type': 'ImageObject', 'contentUrl': 'https://ostpimtsoch.sos-ch-dk-2.exoscale-cdn.com/catalog/5/5/f/3/55f3b2433decb9caca475a56aedc1fbe91af219b_0434fc4751cae27de41a6fc860fc2603.jpg'}];2026-01-27T21:57:10+01:00
4e71388e-b091-4829-8a0c-7e1ec0096dcb;Garni Hotel Schweizerhof;Das Garni Hotel Schweizerhof in Mels bietet Zimmer im alpenländischen Stil mit kostenfreiem WLAN, Bar und Kabel-TV. Es liegt ideal zwischen den Ski- und Wandergebieten Pizol und Flumserberge.;Im Dorf Mels in der Region Heidiland Sarganserland, inmitten der Ski- und Wandergebiete Pizol und Flumserberge, heißt Sie das Hotel Schweizerhof willkommen. Freuen Sie sich auf eine Bar und kostenfreies WLAN.

Die Zimmer in elegantem alpenländischen Stil sind mit Holzmöbeln und -böden ausgestattet. Sie verfügen über Kabel-TV, eine Minibar und ein Badezimmer. Haartrockner erhalten Sie auf Anfrage.;9.420163123443903;47.04707234999999;Kirchgasse 4;8887;Mels;+41 81 723 12 44;info@schweizerhof-mels.ch;http://www.schweizerhof-mels.ch;[{'@type': 'ImageObject', 'contentUrl': 'https://ostpimtsoch.sos-ch-dk-2.exoscale-cdn.com/catalog/2/c/0/a/2c0ad5fce14d723e98471e5ddc694bed675ffbf4_1cd18e9caa933015f58ff9aa807830b8.jpg'}];2026-01-19T22:34:29+01:00
4ea1f9d6-4676-458b-bc1e-4b433780bc97;Hotel one66;Das Hotel im Westen von St.Gallen mit perfektem Anschluss.;Das Hotel one66 ist die perfekte Adresse für Geschäftsleute, Messebesucher, Sportvereine und Reisende, die St.Gallen und Umgebung entdecken möchten.
Es liegt in unmittelbarer Nähe des Autobahnanschlusses A1 St.Gallen-Winkeln. In direkter Umgebung befinden sich das Fussballstadion kybunpark, die Shopping Arena oder die Sportanlage Gründenmoos. Das Stadtzentrum von St.Gallen ist – sowohl mit Auto als auch mit öV – ebenfalls sehr gut erreichbar. 

Das Hotel bietet 83 hochwertig ausgestattete Zimmer mit 166 Komfortbetten und modernster Infrastruktur, ein 24 Stunden Self Check-In für Nachtschwärmer, eine Bar, die zum Verweilen einlädt und ein Frühstücksbuffet, das keine Wünsche offen lässt.;9.30877899999996;47.40802499999999;Alte Bildstrasse 6;9015;St. Gallen;+41 71 314 71 71;info@one66.ch;http://www.hotel-one66.ch/;[{'@type': 'ImageObject', 'contentUrl': 'https://ostpimtsoch.sos-ch-dk-2.exoscale-cdn.com/catalog/9/a/1/e/9a1edbb8f5e71dbadc77e40c6bc310c271f0bf32_a1b43bf436cff4665e3128be9ee6de86.jpg'}];2026-06-16T20:28:37+02:00
4fa42c79-b2aa-4d2c-8237-b12ce0e442e9;Hotel Profis - Business Hotel + Bar;Das ideale Hotel für Wochenaufenthalter oder Durchreisende.;Das renovierte Businesshotel, mit moderner komfortabler Ausstattung, bietet jedes Wohnmodell: gemütliche Zimmer für einen kurzen Aufenthalt und wohnliche Studios für längere Aufenthalte. 

Nach einem anstrengenden Arbeitstag, lädt die ebenfalls renovierte Profis Bar für einen entspannten Ausklang ein. Das Hotel liegt nahe am  einzigartigen Naturschutzgebiet «Alter Rhein» und auch an der Autobahn sowie der österreichischen Grenze. ;9.6528448;47.3862623;Moosackerstrasse 17;9444;Diepoldsau;+41 71 737 70 01;info@hotelprofis.ch;http://www.hotelprofis.ch/;[{'@type': 'ImageObject', 'contentUrl': 'https://ostpimtsoch.sos-ch-dk-2.exoscale-cdn.com/catalog/3/4/a/9/34a9e2134a27cdff3556d015b067f174dc4554c8_7d44139f2c4de2ab5f7a2ebd7e27722b.jpg'}];2026-06-16T20:28:37+02:00
4fd5993b-a6b1-497d-9751-ff9cb647c755;Gasthaus Metzgerei Dorfplatz;Wo Gastfreundschaft, hohes Qualitätsbewusstsein und gelebte Traditionen im Zentrum stehen;Mit viel Herzblut und Leidenschaft führen die Gastgeber Franziska und Peter Signer-Frick gemeinsam mit dem Küchenchef Philipp Michel das Gasthaus Dorfplatz in Urnäsch. Hier hat das Wohl des Gastes höchste Priorität. Diesem Grundsatz sowie dem hohen Qualitätsbewusstsein verpflichtet, gibt das Team täglich alles, um Ausflugs- und Hotelgästen ein nachhaltiges Erlebnis zu bieten. Die gemütlichen Gästezimmer im Gasthaus Dorfplatz versprühen einen Hauch Romantik – perfekt für den idyllischen Kurzurlaub. 
Der Metzgereiladen im Parterre des Gasthauses bietet ein reichhaltiges Angebot an Fleischwaren.

Das Dorfleben in Urnäsch ist geprägt von Tradition und Brauchtum. Beispiele dafür sind der neue und Alte Silvester, das «Öberefahre» (Alpfahrt), der Striichmusigtag oder der Brauchtumsmarkt. Im Gasthaus Dorfplatz sind Sie mittendrin. Sie können einen Gang herunterschalten, den Alltag vergessen und einfach nur geniessen.

Urnäsch liegt im Appenzeller Hinterland, unweit des Säntis, dem höchsten Berg der Ostschweiz. Das Dorf ist mit der Appenzeller Bahn oder mit dem Auto bestens erreichbar.;9.2829638;47.3172206;Dorfplatz 2;9107;Urnäsch;+41 71 364 11 60;info@signer-gastro.ch;https://www.signer-gastro.ch/;[{'@type': 'ImageObject', 'contentUrl': 'https://ostpimtsoch.sos-ch-dk-2.exoscale-cdn.com/catalog/d/9/1/3/d913c2a01f89c655902874c62cc2be12e2f1b773_eb30c91672edc365576213d915a3ecff.jpg'}];2025-05-21T18:13:55+02:00
4fe8b52d-18c2-4a18-a5de-4472e41f2623;Hotel-Restaurant-Ferienhaus ALTE SEKTION;Das Hotel-Restaurant-Ferienhaus ALTE SEKTION bietet 98 Betten in Massenlagern und 40 Betten in rustikalen Zimmern. Es liegt auf 1270 m ü. M. direkt an der Skipiste und bietet einfache, lokale Küche.;Die Unterkunft bietet 98 Betten in verschiedenen Massenlagern mit Etagenduschen/WC und 40 Betten in einfachen, rustikalen 2er - 6er-Zimmer mit WC/Dusche an. Ebenfalls verfügt die Unterkunft über eine 2.5-Zimmerwohnung, welche zusätzlich gemietet werden kann.

Wir verwöhnen Sie gerne mit unserer einfachen, aber währschaften Küche.
Kommen Sie vorbei und lassen Sie sich inspirieren.;9.298367942684013;47.08959025;Flumserbergstrasse 161/158;8897;Flumserberg Tannenheim;+41 79 912 50 05;info@altesektion.ch;http://www.altesektion.ch;[{'@type': 'ImageObject', 'contentUrl': 'https://ostpimtsoch.sos-ch-dk-2.exoscale-cdn.com/catalog/2/f/9/f/2f9f5ac49b313be21f9d339d9ee25a68fd9652ba_b5d6552a299866330ed0b54c7f0d7146.jpg'}];2025-12-04T22:21:21+01:00
5111256c-5035-4972-8dcb-54e48ba1b205;Ferienhaus Usziit;Ferienhaus Usziit - Zeit die Seele baumeln zu lassen;<p>Idyllisches und gem&uuml;tliches 6.5-Zimmerhaus an ruhiger Lage. Das Ferienhaus liegt etwas abgelegen von Degersheim (ca. 2km ins Zentrum). Die direkte Zufahrt zum Haus ist m&ouml;glich, es stehen Parkpl&auml;tze direkt beim Haus zur Verf&uuml;gung. Das Grundst&uuml;ck ist 850 m2 gross. Das Haus umfasst 120 m2 Wohnfl&auml;che mit drei Schlafzimmern, einem Babyzimmer, zwei Nasszellen, K&uuml;che mit Eckbank, Wohnzimmer mit Ecksofa und Wohnstube mit grossem Tisch und Eckbank. Es gibt einen Abstellraum f&uuml;r Velo, Bikes, Skis, Schlitten, Kinderwagen etc. Ausserdem steht eine Waschmaschine zur Verf&uuml;gung. Ein grosser Garten (eingez&auml;unt) l&auml;dt zum gem&uuml;tlichen Verweilen ein. Das Haus bietet Platz f&uuml;r bis zu sechs Personen.<br>Vermietung: wochenweise</p>;9.217794835567476;47.385196640215;Tal 656;9113;Degersheim;+41796011054;benj.ramel@eventhelp.ch;https://www.e-domizil.ch/rental/01cb55e3c7a7aa79bc0d8455742c558f;[{'@type': 'ImageObject', 'contentUrl': 'https://ostpimtsoch.sos-ch-dk-2.exoscale-cdn.com/catalog/8/7/a/c/87ac1b4a006417977372b309ede5fbfbacecd108_22e1ac92795071680d6c9f2800cf46a9.jpg'}];2025-06-28T18:13:37+02:00
51e8ac04-7c9a-4a21-a588-7b4f5291eb45;Hotel Restaurant Heidihof;Das Hotel Restaurant Heidihof in Maienfeld bietet Zimmer mit TV und Internet, moderne Seminarräume und einen Bankettsaal. Im À-la-carte-Restaurant werden regionale Spezialitäten serviert. Eine grosse Terrasse bietet Aussicht auf die Bündner Herrschaft.;Unser Hotel liegt in bester Lage mit traumhaftem Blick auf die Berge. Wir verfügen über 15 komfortable Zimmer mit Bad/Dusche, WC. TV, Radio und WLAN, die bis zu 27 Gästen Platz bieten. 
Unsere Küche vereint internationale Spezialitäten, Schweizer Klassiker und regionale Gerichte, die Sie auch auf unserer grossen Sonnenterrasse oder in Restaurant geniessen können. 
Für Feiern, Bankette oder Seminare steht Ihnen ein Eventsaal für bis zu 100 Personen oder ein kleineres Seminarraum mit moderner Technik zur Verfügung. 
Es würde uns sehr freuen, Sie bei uns willkommen heißen und verwöhnen zu dürfen.;9.54429770467971;47.017297;Bovelweg 16;7304;Maienfeld;+41 81 300 47 47;info@heidihof.ch;http://www.heidihof.ch;[{'@type': 'ImageObject', 'contentUrl': 'https://ostpimtsoch.sos-ch-dk-2.exoscale-cdn.com/catalog/f/8/d/c/f8dc77210f4cb8f6b3c05153206bd0d58f7f62e2_985f31b7d721d48f4f5d263aa740e095.JPG'}];2026-04-01T21:28:00+02:00
53535d42-6ec2-4a46-aa69-ed7301e1a566;Riverside;Seminar- & Eventhotel mitten im Grünen;<p>In unserem Seminar- und Eventhotel Riverside, der ehemaligen Garnspinnerei Letten, k&ouml;nnen Sie die besten Ideen spinnen. In unserem Hotel trifft Nostalgie auf Moderne und bietet eine einzigartige Atmosph&auml;re f&uuml;r Seminare, Bankette und Events. Alles umgeben von Gr&uuml;n, Wald, Fluss und Wiese.</p>
<p><strong>Hotel<br></strong>Unsere 96 Zimmer verzaubern mit einem Blick in die Natur. Das Hauptgeb&auml;ude verf&uuml;gt &uuml;ber 44 Zimmer. Das harmonische Zusammenspiel von Kunst und Farbkompositionen unterstreicht die stilvolle Ausstrahlung. Die 52 Lodgezimmer verf&uuml;gen &uuml;ber einen eigenen Balkon und liegen direkt an der Glatt. Der alpine Chic mit nat&uuml;rlichen und warmen Holzelementen schafft ein gem&uuml;tliches Ambiente.</p>
<p><strong>Seminare &amp; Veranstaltungen</strong><br>Die 26 Seminarr&auml;ume mit unterschiedlichen Kapazit&auml;ten sind mit modernster Pr&auml;sentationstechnik ausgestattet und mit Tageslicht durchflutet. Sie bieten den perfekten Rahmen f&uuml;r ein informatives Seminar, eine erfolgreiche Tagung oder eine spannende Pr&auml;sentation. Unsere beiden eleganten Fests&auml;le lassen Tr&auml;ume wahr werden und sind der perfekte Ort f&uuml;r gesch&auml;ftliche und private Feiern. Sie bieten Platz f&uuml;r bis zu 450 Personen. Gerne organisieren wir Ihr Bankett auch im Restaurant Thaigarden, in der Riveralp, in der Kegelbahn oder im Autoatelier.</p>
<p><strong>Kulinarische K&ouml;stlichkeiten</strong><br>Zwei Restaurants, ein Pop-up-Chalet und zwei Bars zelebrieren die Trink- und Esskultur im Riverside. Ob thail&auml;ndisches Essen, saisonale Schweizer K&uuml;che oder K&auml;sespezialit&auml;ten, hier ist f&uuml;r jeden Geschmack etwas dabei.</p>
<p><strong>Freizeit &amp; Rahmenprogramm</strong><br>Mit dem Autostudio und dem Bowlingcenter bietet das Hotel eine Vielzahl von M&ouml;glichkeiten, den Aufenthalt mit einem unvergesslichen Rahmenprogramm zu bereichern. Das modernste Bowlingcenter im Z&uuml;rcher Unterland ist f&uuml;r die &Ouml;ffentlichkeit zug&auml;nglich. Es gibt viele M&ouml;glichkeiten, Ihren Anlass zu organisieren und das Beste ist, dass wir Ihnen alles unter einem Dach bieten.</p>
<p>Das Riverside zeichnet sich durch seine ideale Lage aus, in der N&auml;he der Stadt und des Flughafens Z&uuml;rich, umgeben von viel Gr&uuml;n: Flughafen Z&uuml;rich 20km 15min. Schaffhausen 24km 30min. Stadt Z&uuml;rich 29km 25min.</p>;8.480145;47.569445;Spinnerei-Lettenstrasse 2;8192;Zweidlen-Glattfelden;+41 43 500 92 92;hotel@riverside.ch;https://www.riverside.ch/de/;[{'@type': 'ImageObject', 'contentUrl': 'https://ostpimtsoch.sos-ch-dk-2.exoscale-cdn.com/catalog/0/5/9/1/0591e72d4433b331ed9c5a565a970fa4dc7d516e_6735348bf0fbcdfa457bc6da93b33a78.jpg'}];2025-10-28T19:01:13+01:00
54271edc-f9eb-4db2-877c-6f994ca95767;Quadernpark (9 Wohnungen);Die Quadernpark Apartments im Zentrum von Valens bieten eine ruhige Lage mit Blick auf eine grosszügige Parkumgebung. Einkaufsmöglichkeiten und Postautohaltestellen sind direkt vor der Tür. Ideal für Ausflüge in die umliegende Bergwelt.;Die Quadernpark Apartments befinden sich im Dorfzentrum von Valens, in unmittelbarer Nähe zur Reha-Klinik. Von den ruhig gelegenen Mehrfamilienhäusern haben sie Blick in eine grosszügige Umgebung mit Park. Die Ferienwohnungen befinden sich in drei Gebäuden mit Eigentumswohnungen integriert. In einem der Häuser befindet sich ein Einkaufsladen mit regionalen Produkten sowie Postautohaltestellen direkt vor der Türe.

Durch die hervorragende Erreichbarkeit ab Bad Ragaz über die grösste Bogenbrücke der Schweiz ist Valens zu jeder Jahreszeit attraktiv. Umgeben von beeindruckender Bergwelt erholen Sie sich am Ausgangspunkt für Ausflüge zum Wandern, Biken, Schwimmen und vielem mehr.;9.4824363;46.9696093;Quadernstrasse 2/4/6;7317;Valens;+41 81 911 30 34;info@i-s-p.ch;https://www.quadernpark.ch;[{'@type': 'ImageObject', 'contentUrl': 'https://ostpimtsoch.sos-ch-dk-2.exoscale-cdn.com/catalog/b/a/e/1/bae1e47bbc6afd88253336486b7e2c08c7eb49ab_3d96d95091dc06dc0bdce6cdd827679a.jpg'}];2026-02-26T21:50:25+01:00
555b474e-e921-4834-b464-e6e67cf8f9d5;Ferienhaus Falknis;Das Ferienhaus Falknis in Bad Ragaz bietet eine moderne und gemütliche Unterkunft mit sonnigem Gartensitzplatz. Einkaufsmöglichkeiten, Bahnhof und Thermalbad sind in wenigen Gehminuten erreichbar. Ideal für Paare, Familien und Singles.;Das charmante 2 ½ Zimmer Maisonette-Eckhaus liegt an ruhiger Lage im Dorfzentrum. Einkaufsmöglichkeiten befinden sich in unmittelbarer Nähe (ca. 2 Gehminuten). Bis zum Bahnhof und zum Thermalbad sind es ca. 5 - 10 Gehminuten. Zur Wohnung gehört ein sonniger Gartensitzplatz sowie ein Keller mit Waschmaschine und Tumbler.

Das Ferienhaus ist modern und gemütlich eingerichtet. Der Wohn-/Essbereich verfügt über einen Plattenboden, die Schlafzimmer über einen Parkettboden. Im Erdgeschoss befindet sich eine Wendeltreppe ins Obergeschoss (nicht geeignet für kleine Kinder).;9.502379894256594;47.00362290931616;Pestalozziweg 3;7310;Bad Ragaz;+41 76 388 34 57;tobilang@gmx.ch;[{'@type': 'ImageObject', 'contentUrl': 'https://ostpimtsoch.sos-ch-dk-2.exoscale-cdn.com/catalog/6/6/8/3/66839e5a0257e9aecc222d674dfcafd9c9768310_aab6b4bc5b70c1ede4509f7b1e018e31.jpg'}];2026-09-10T20:48:39+02:00
55b7b8d4-ba9a-4eb2-aed8-b8c314af4b47;Hotel Le Lion - Self Check-in;In einem beeindruckenden Gebäude mit einer herrschaftlichen Fassade befindet sich das Exklusivhotel in der Innenstadt von Bischofszell. Der Bahnhof Stadt Bischofszell ist nur 2 Gehminuten davon entfernt.;<p>Das Hotel Le Lion Self Check-in mit 22 liebe- und stillvoll eingerichteten Zimmern bietet ein Zuhause auf Zeit. Ob Geschäftsreisende oder Touristen, in den Zimmern finden die Gäste alles, was für einen hohen Wohnkomfort für kurze oder längere Zeit notwendig ist. Dank dem Check-in Automaten ist das Check-in flexibel und unabhängig zu jeder Tages- und Nachtzeit möglich. Jedes Zimmer verfügt über eine voll ausgestattete Küche inkl. Nespresso-Kaffeemaschine und Wasserkocher.</p>;9.2414744;47.4935493;Grubplatz 2;9220;9220;071 424 60 00;info@hotel-lelion.ch;https://www.hotel-lelion.ch;[{'@type': 'ImageObject', 'contentUrl': 'https://ostpimtsoch.sos-ch-dk-2.exoscale-cdn.com/catalog/8/8/0/3/880372b47bcae7eec10667dc705808db0d12fd8d_d4d7bd8039253b68c0424d3d98a6d33b.jpg'}];2025-02-17T13:21:04+01:00
55cc4c34-f88c-485b-af98-bb714a725ee8;Chalet Tännli (CharmingStay);Das Chalet Tännli bietet zwei 3,5-Zimmerwohnungen am Flumserberg Tannenboden. Die Bergstation, Einkaufsmöglichkeiten und Restaurants sind in wenigen Gehminuten erreichbar. Pro Wohnung steht ein Parkplatz zur Verfügung.;Das Chalet Tännli verfügt über zwei 3.5-Zimmerwohnungen direkt am Flumserberg Tannenboden.  Die Bergstation Tannenboden, Einkaufsmöglichkeiten und Restaurants befinden sich nur wenige Gehminuten von der Unterkunft entfernt. Vor dem Haus stehen pro Wohnung je ein Parkplatz zur Verfügung. ;9.285302000000001;47.09648525;Schwendistrasse 44;8898;Flumserberg Tannenboden;+41 79 504 90 45;contact@charmingstay.ch;https://www.charmingstay.ch;[{'@type': 'ImageObject', 'contentUrl': 'https://ostpimtsoch.sos-ch-dk-2.exoscale-cdn.com/catalog/6/4/7/f/647f07d96d2cea5b05731ae6a545a42f84fa00b1_a93fdbe000964daa9f4ab5ef83ecb758.jpg'}];2026-01-19T22:34:29+01:00
560f4a01-b3e8-4ced-9574-f97fe4825fea;Haus Zanaiblick;Haus Zanaiblick in Valens bietet zwei helle 2-Bett-Studios im Parterre. Die Studios sind gemütlich eingerichtet und verfügen über einen offenen Wohn-/Schlafraum mit Kochecke. Ein kostenfreier Parkplatz ist vorhanden.;Das Ferienhaus verfügt über zwei 2-Bett-Studios und liegt im schönen Valens. Ein kostenfreier Parkplatz gehört zu den Studios.

Details der einzelnen Ferienwohnungen
- 2x 2-Bett-Studio im Parterre

Die beiden hellen und gemütlich eingerichteten Studios verfügen beide über einen offenen Wohn-/Schlafraum mit zwei Betten, Sofa und Essbereich. In der kleinen Kochecke findet man alles was man braucht.;9.478308357082327;46.968177334268745;Duonigstrasse 17;7317;Valens;+41 81 302 41 58;kurt.wyrsch@bluewin.ch;[{'@type': 'ImageObject', 'contentUrl': 'https://ostpimtsoch.sos-ch-dk-2.exoscale-cdn.com/catalog/9/3/7/0/93708711e0d2a3c273dd525ad8a7d26ff29aea7f_79c046561f2a0e5ac2e99b297eac8afe.jpg'}];2026-02-09T22:39:01+01:00
5624ca77-f03a-4159-b394-b309a87724ba;Ferienwohnung Steinröschen;Die Ferienwohnung Steinröschen liegt zentral in Flumserberg Tannenbodenalp, nahe Skilift und Einkaufsmöglichkeiten. Sie bietet kostenfreien Parkplatz, gemütliche Einrichtung und Zugang zu einem Wintergarten.;Die 3.5-Zimmerwohnung befindet sich mitten im Zentrum von Flumserberg Tannenbodenalp, gleich bei der Postautohaltestelle und in der Nähe des Skilifts und Einkaufsmöglichkeiten. Zur Wohnung gehört ein kostenfreier Parkplatz.

Die helle Wohnung ist gemütlich und komfortabel eingerichtet. Der Wohnraum sowie ein Schlafzimmer verfügen über einen Holzboden. Vom Wohnzimmer aus hat man Zugang zum möblierten Wintergarten.;9.284847590473282;47.0935765;Flumserbergstrasse 190;8898;Flumserberg Tannenbodenalp;+41 78 779 55 78;els.steinemann@gmail.com;https://steinroeschen.ch/;[{'@type': 'ImageObject', 'contentUrl': 'https://ostpimtsoch.sos-ch-dk-2.exoscale-cdn.com/catalog/e/6/f/e/e6fe25f27e0fa04267ec4a6d90278d8801953946_7c29fcc1b671cc29c9916bd0d3344d6c.jpg'}];2026-03-11T21:45:08+01:00
56fb0462-3fba-44da-b407-31d3b29ce9c7;Erlebnisbauernhof Steigmatt;Erlebnisbauernhof mitten in der Rheinebene.;Die Steigmatt liegt an sehr ruhiger Lage mitten in der Rheinebene. Der Hof bietet Kindern viele Freiheiten und Erwachsenen einen gemütlichen Aufenthalt. Auf dem Hof leben zahlreiche Tiere wie Kühe, Rinder, Kälber, Katzen, Pfauen, der anhängliche Familienhund Svenno und die lustigen Esel Melik, Suleica, Balu, Killimancharo, Aladin, und natürlich Amadeus, das Känguru mit Kollegen. 

Beim Erlebnisbauernhof gibt es die Übernachtungsmöglichkeit im Stroh mit Frühstück (Nachtessen auf Bestellung) plus eine gemütliche Fahrt auf dem Rheintaler Binnenkanal. Ebenfalls können zwei Doppelzimmer, ein Vierbett-Zimmer und ein Achtbett-Zimmer gebucht werden. Für Camper stehen fünf Stellplätze zur Verfügung.&nbsp;;9.5821614;47.3530297;Steigmatt;9462;Montlingen;+41 71 755 22 01;steigmatt@bluewin.ch;http://www.steigmatt.ch/;[{'@type': 'ImageObject', 'contentUrl': 'https://ostpimtsoch.sos-ch-dk-2.exoscale-cdn.com/catalog/f/9/3/0/f930ca6e90a235c596ab99265db1bbcf941ddf07_439977a1fc8f6fd4645142de00c7d9db.jpg'}];2026-06-16T20:17:36+02:00
5732e5a5-3e88-4e89-b6c6-ea76d3e512bf;Stellplatz Mapraggsee;Der Stellplatz Mapraggsee liegt am Waldrand und bietet 6-7 Stellplätze für Wohnmobile, Vans oder Zelte. Er verfügt über ein WC, eine Grillstelle und ist ideal für Wanderungen in der Umgebung.;Der Platz liegt am Waldrand und am Läuibach. Er verfügt über 6-7 Stellplätze für Wohnmobile, Wohnwagen, Vans oder Zelte. Er ist mit Schotter befestigt, verfügt über ein WC und eine Grillstelle mit Sitzmöglichkeiten. Vom Stellplatz aus führen Wanderwege am See entlang, Richtung Valens/Vasön und auf den Vättnerberg. Der Dorfladen in Vasön ist nur 1 km entfernt und zu Fuss in ca. 10 Minuten und mit dem Auto in 2 Minuten erreichbar.

Wir empfehlen den Stellplatz erst vor Ort zu bezahlen, da wir auch Barzahlung und Twint akzeptieren. Es kann vorab keine Garantie für die Verfügbarkeit der Plätze gegeben werden, da diese nicht einzeln markiert sind. Wir bitten um Verständnis.;9.479066133499147;46.946666040688434;Mapraggstausee;7317;Vasön;0791045567;valens.tourismus@gmail.com;https://valens-tourismus.ch/camping;[{'@type': 'ImageObject', 'contentUrl': 'https://ostpimtsoch.sos-ch-dk-2.exoscale-cdn.com/catalog/c/9/1/b/c91b6baa0cae9a3620e248901e943d4637a1dccb_e49561f4a6214404aa68e06b9c318944.jpg'}];2026-08-06T20:54:54+02:00
577bb9fe-b254-4c00-8b83-9e4f26be9574;Visimo Apartments - Deluxe Studio;Ein Wohlfühlort im Westen der Stadt St.Gallen;Das schicke 30 Quadratmeter-Studio-Appartment im Westen von St.Gallen ist ein Wohlfühlort für bis zu zwei Personen, das einen unvergesslichen Aufenthalt bietet. Dank der guten Verkehrsanbindung an das Bus- und Bahnnetz der Region in unmittelbarer Fussnähe sind die Gäste auch ohne Auto in wenigen Minuten in St.Gallen.

EINRICHTUNG
In der hellen und mondän eingerichteten Wohnung schlafen die Gäste komfortabel in einem Kingsize-Boxspringbett (180x200cm). Auf dem Balkon lassen sich schöne Sonnenstunden mit Blick auf das voralpine Panorama geniessen. 

SPEISEN UND KOCHEN
Eine kleine, aber feine Kochecke, ausgestattet mit Herd, Geschirrspüler, Gefrierfach, Mikrowelle, Kaffeemaschine, Wasserkocher, Tellern, Gläsern und Besteck, lädt dazu ein, Speisen zu kochen, die auf dem kleinen Esstisch, im hellen und gemütlichem Ambiente, genossen werden können.

WEITERE EINRICHTUNGEN
Eine Garderobe und Schrank bieten viel Platz für Kleider und Gepäck. Für die Unterhaltung an ruhigeren Tagen steht nicht nur kostenloses WLAN, sondern auch ein neuer Smart-TV samt Netflix-Konto und ein SunriseTV-Abo zur Verfügung.

Eine Waschmaschine und ein Trockner stehen im Keller zur Mitbenutzung bereit. 

Das freundliche und aparte Badezimmer ist mit Handseife, Shampoo sowie frischen Handtüchern ausgestattet. 

Auch die vierbeinigen Gäste sind gerne willkommen.;9.333691674080267;47.4067184;Lehnstrasse 11;9014;St. Gallen;+41 76 385 00 77;info@visimo-apartments.ch;https://www.visimo-apartments.ch/apartments-st-gallen/;[{'@type': 'ImageObject', 'contentUrl': 'https://ostpimtsoch.sos-ch-dk-2.exoscale-cdn.com/catalog/e/5/1/6/e51619d9b0a5cb9f0e6609160ea7797f12896af1_f327d31f2e7a2569298a419f91119a10.jpg'}];2026-06-16T20:17:36+02:00
57883285-3525-402d-a6a2-5c2842db061d;Chalet Good ;Das Chalet Good in Flumserberg Tannenheim bietet zwei Ferienwohnungen, nur fünf Gehminuten von Postautohaltestelle, Einkaufsmöglichkeiten und Seilbahn entfernt. Im Winter direkt an der Skipiste, im Sommer an Wanderwegen gelegen. Kostenloser Parkplatz inklusive.;Das Chalet mit zwei Wohnungen befindet sich in Flumserberg Tannheim nur ca. 5 Gehminuten von der Postautohaltestelle, Einkaufsmöglichkeiten, Seilbahn, Minigolf und Tennisplatz entfernt. Im Winter direkt an der Skipiste und im Sommer an den Wanderwegen. Ein kostenloser Parkplatz gehört zum Chalet dazu.

Details der einzelnen Ferienwohnungen
- 1x 3.5-Zimmerwohnung im ersten Stock
- 1x 2.5-Zimmerwohnung im Parterre

Die Wohnungen verfügen beide über eine Wohnküche mit grossem Esstisch, Eckbank und Stühlen. Die Küche ist ausgestattet mit Kochherd, Backofen, Kühlschrank, Kaffeemaschine, Toaster und Racletteofen. Badezimmer mit Dusche/WC.;9.30025019013009;47.08918175;Cafridastrasse 4;8897;Flumserberg Tannenheim;+41 81 733 44 04;hotelalpenblick@bluewin.ch;[{'@type': 'ImageObject', 'contentUrl': 'https://ostpimtsoch.sos-ch-dk-2.exoscale-cdn.com/catalog/0/c/4/f/0c4f94d5f05aed32a182d344ad13069222466112_0db199239d6e829a7205efbb21b3062b.jpg'}];2026-03-11T21:45:08+01:00
58d2abf4-ab13-4c17-93cf-91c462476920;Ferienwohnung Resort Walensee Nr. 99;Die 3,5-Zimmerwohnung im Resort Walensee bietet 99 m2 Wohnfläche direkt am Walensee in der Ferienregion Heidiland. In wenigen Minuten zu Fuss erreichbar sind das Restaurant Marina Walensee, die Strandbar und der Schiffssteg.;Die 3.5-Zimmerwohnung beim Resort Walensee mit 99m2 befindet sich am schönen Walensee in der Ferienregion Heidiland. In nur 2 Minuten zu Fuss erreichen Sie das Restaurant Marina Walensee, sowie die Strandbar. Zum Schiffssteg sind es 3 Minuten zu Fuss, geniessen Sie eine Schifffahrt auf dem fjordähnlichen Walensee unterhalb der Churfirstenkette. Einkaufsmöglichkeiten sind 5 Minuten zu Fuss entfernt.;9.256038013380152;47.11484435;Gostenstrasse 26;8882;Unterterzen;+41 79 376 83 66;maja.spiess@gmx.ch;[{'@type': 'ImageObject', 'contentUrl': 'https://ostpimtsoch.sos-ch-dk-2.exoscale-cdn.com/catalog/b/e/e/7/bee730715b9df2d6f32ea2ba4ca7963fea0dcc76_8cd8845fe22b6becbb367ad055f01e9a.jpg'}];2026-01-19T22:34:29+01:00
5a51b0aa-4289-4144-bb64-69c269f28551;Club Siesta Ferienwohnung/Studio;Club Siesta bietet neu sanierte Ferienwohnungen und Studios in Flumserberg Tannenheim. Die Unterkünfte sind modern eingerichtet und liegen in der Nähe der Prodalpbahn. Parkplätze und eine Spielwiese mit Grill sind vorhanden.;Zwei neu sanierte und möbilierte 3-Zimmer-Wohnung mit 5 Betten (2+3), und ein ebenso neu saniertes Studio mit 2 Betten.

Eigene Parkplätze mit ganzjähriger Zufahrt für PWs und Kleinbusse vor dem Haus. Spiel- und Liegewiese mit Aussengrill (Sommer). In Schrittnähe zur Prodalpbahn (Gondel), den Dorfläden.;9.305129390625002;47.08853685;Mätzwiesenstrasse 25;8897;Flumserberg Tannenheim;+41 44 382 44 44;info@siesta.swiss;https://siesta.ch/;[{'@type': 'ImageObject', 'contentUrl': 'https://ostpimtsoch.sos-ch-dk-2.exoscale-cdn.com/catalog/a/1/d/7/a1d78e119a5bebf3b239ffeb90e1ef042aef7e11_0b33491e4ae7535100b68345a8d6fb08.JPG'}];2026-01-19T22:34:29+01:00
5a9bd235-d926-43bd-a071-44b3db94bfc2;Camping Hüttenberg;Der familienfreundliche Camping Hüttenberg liegt leicht erhöht über Eschenz und bietet eine ruhige und sehr schöne Lage am Waldrand mit wundervoller Aussicht auf den Untersee und Rhein.;Zum Ortszentrum von Eschenz sind es 2 km und 3 km nach Stein am Rhein. Das Gelände ist teilweise terrassiert und teils flach mit gepflegtem Rasen. Die Anlagen und Einrichtungen sind modern, sehr gepflegt und eignen sich auch für Menschen mit Behinderung.

Ausgezeichnet vom VCS/TCS mit 5 Sternen. Vermietung von Wohnwagen, Zelt und Bungalow.;8.859862;47.644559;Hüttenberg;8264;Eschenz;+41 52 741 23 37;info@huettenberg.ch;https://www.camping-huettenberg.ch/;[{'@type': 'ImageObject', 'contentUrl': 'https://ostpimtsoch.sos-ch-dk-2.exoscale-cdn.com/catalog/8/3/8/9/83892ed20b7cf59becd3e0386f656bb7e2c27ad5_56e2a4eca1a4f535d8a14112cd717c66.jpg'}];2025-07-24T21:15:52+02:00
5b5066e9-2473-4bda-b586-f07ed6455cf6;Vereinszentrum Bleiche;Das Vereinszentrum Bleiche ist eine Unterkunft für Lager und Kurse. Es ist das ganze Jahr geöffnet und liegt am Ortsrand von Bischofszell, direkt an der Sitter.;Die 7 Schlafräume à 8 Betten sind alle mit WC und Dusche ausgestattet. Im 2022 wurden alle Zimmer renoviert. Zum Vereinszentrum gehören eine modern eingerichtete Hotelküche, 2 Gruppenräume, ein Sport- und Spielplatz und eine Grillstelle. 

Das Vereinszentrum Bleiche ist ideal für Jugendlager, Kurse, Klassenlager, Probewochenende und Feste. Das Musikprobelokal kann dazu gemietet werden. Der Aufenthaltsraum und die Küche können separat gemietet werden. 

Die Altstadt von Bischofszell ist in wenigen Minuten erreichbar. Einkaufsmöglichkeiten, ÖV und das Freibad befinden sich ebenfalls in unmittelbarer Nähe.;9.238117933273317;47.496893748572376;Bleicherweg 6a;9220;Bischofszell;+41 71 422 11 33;info@vereinszentrum-bleiche.ch;http://www.vereinszentrum-bleiche.ch/;[{'@type': 'ImageObject', 'contentUrl': 'https://ostpimtsoch.sos-ch-dk-2.exoscale-cdn.com/catalog/3/6/9/0/3690e73b37ed8bc7b0a9dda1578618003b5ab9de_61d79d7b485b51e9779a6c8d20dab658.JPG'}];2026-04-01T22:32:43+02:00
5b5bf294-02f4-41c9-9788-6a5e533f4a21;Campingplatz Buchhorn;Der familienfreundliche Campingplatz Buchhorn in Arbon liegt direkt am Bodensee und bietet eine idyllische Atmosphäre. Direkt nebenan liegt das Strandbad Arbon. Für Gäste des Campingplatzes ist der Besuch kostenlos.;Der Campingplatz bietet ein grosses Angebot: Kiosk, Gas-Service, Badegelegenheit mit grosser Liegewiese im Strandbad Arbon, öffentliche Feuerstelle und ein Kinderspielplatz. Eine Reservation ist nur für Wohnwagenplätze möglich. Auf dem ganzen Platz herrscht Hundeverbot. Im Strandbad hat es zudem ein Restaurant und es können SUP-Boards oder Kajaks gemietet werden. Der Campingplatz Buchhorn liegt direkt am Seeradweg und bietet eine schöne Aussicht über den Bodensee, egal ob ein POD-House, ein Zelt- oder Stellplatz gemietet wird.;9.42128987527657;47.523934100000005;Philosophenweg 17;9320;Arbon;+41 71 446 65 45;info@camping-arbon.ch;http://www.camping-arbon.ch/;[{'@type': 'ImageObject', 'contentUrl': 'https://ostpimtsoch.sos-ch-dk-2.exoscale-cdn.com/catalog/2/7/6/8/27682266ff99cc96739353461aa0bff89a53085a_4d823ac0275bde4fbdf4367b1fdec86f.jpg'}];2025-07-24T21:15:52+02:00
5c379534-d455-4a10-9176-a3cc67b887dc;22 – Zimmer & Zmorge;Im «22 – Zimmer & Zmorge» erwarten Gäste zwei Doppelzimmer in einem Einfamilienhaus in Seenähe mit Garten, Tischtennistisch, Grill, Hängematte und einem herzhaften Frühstück. Ein klassisches Bed & Breakfast in Kreuzlingen mit persönlicher Note – willkommen am Bodensee.;In Kreuzlingen beherbergt ein gemütliches Einfamilienhaus das B & B 22 – Zimmer & Zmorge. Im Obergeschoss bieten zwei Doppelzimmer Platz für bis zu vier Personen. Auf der exklusiv für Gäste reservierten Etage befindet sich neben einem Badezimmer eine kleine Sitzecke, wo ein reichhaltiges Frühstück serviert wird. Brot, Joghurt, Konfi und teils andere Produkte sind hausgemacht, frisch und lecker. Wo immer möglich wird zudem auf Regionalität und Saisonalität geachtet. Die Zimmer können auch als Einzelzimmer oder ohne Frühstück gebucht werden. Familien mit Kindern sind willkommen. Der Garten mit zwei Sitzplätzen, Grill, Hängematte und Tischtennistisch darf gerne mitbenutzt werden. 

In Gehdistanz liegen der Bahnhof Kurzrickenbach-Seepark, Bushaltestelle und Einkaufsmöglichkeiten. Auch der Bodensee, das Schwimmbad Hörnli und der wunderbare Seeburgpark mit riesigem Spielplatz, Restaurants, Tierpark oder Minigolf sind zu Fuss erreichbar.;9.191905262586445;47.6430728;Dammstrasse 22;8280;Kreuzlingen;+41 79 549 24 16;hello@22zz.ch;https://www.22zz.ch;[{'@type': 'ImageObject', 'contentUrl': 'https://ostpimtsoch.sos-ch-dk-2.exoscale-cdn.com/catalog/c/c/6/c/cc6c97335b224e28579f6e589fa981a41347796d_2931727574f283288c1413f22179c4fe.JPG'}];2025-02-17T13:17:13+01:00
5c4274d3-729b-485b-bd38-ad975924e408;Ferienwohnung Chriesilöser;Die Ferienwohnung Chriesilöser in Bad Ragaz bietet eine stilvolle 3,5-Zimmerwohnung an sonniger Lage. Geschäfte, Restaurants, Thermalbad und Freibad sind in wenigen Gehminuten erreichbar.;Die gemütliche und stilvoll eingerichtete 3.5-Zimmerwohnung liegt an sonniger Lage im historischen Kurort Bad Ragaz. Das Ortszentrum mit Geschäften und Restaurants sowie das Thermalbad, der Giessenpark und das Freibad sind in wenigen Gehminuten erreichbar.;9.502314413377373;47.0124255;Chriesilöserstr. 13;7310;Bad Ragaz;brigit.danuser@gmail.com;[{'@type': 'ImageObject', 'contentUrl': 'https://ostpimtsoch.sos-ch-dk-2.exoscale-cdn.com/catalog/4/f/7/2/4f722058813042ff8f7c57fbed2db9b2a4e197d5_89b9bf4200b25eb7124da9ee63a789bf.jpeg'}];2026-08-11T20:44:24+02:00
5caadce0-a834-47f2-bab4-2ceb1759d843;Camping Seehorn;Der Camping Seehorn in Egnach bietet Platz für Kurzurlauber und Dauermieterinnen. Er liegt an besonderer Lage am Bodensee und ist umgeben von Obstbäumen. St. Gallen und das Appenzellerland mit seinem Hausberg, dem Säntis, sind in Kürze erreichbar.;Neben dem Campinggelände liegt das Seebad Wiedehorn. Grosszügige Stellplätze sowie moderne sanitäre Anlagen überzeugen die Campinggäste. Dem Gast stehen ein vielfältiges Gastronomieangebot und der Camping-Shop mit Brotservice zur Verfügung. Ob mit Zelt, Wohnmobil oder in einem der Mietobjekte, auf dem Camping Seehorn fühlt man sich rundum wohl. Ausserdem ist der Campingplatz sehr gut gelegen, um die umliegenden Highlights zu entdecken.

Der Camping Seehorn besitzt zwei Elektroauto-Ladestationen. Diese befinden sich beim öffentlichen Parkplatz der Gemeinde Egnach an der Hauptstrasse in Wiedehorn.;9.397559165954592;47.53649303619903;Wiedehorn 9;9322;Egnach;0714771006;info@seehorn.ch;http://www.seehorn.ch;[{'@type': 'ImageObject', 'contentUrl': 'https://ostpimtsoch.sos-ch-dk-2.exoscale-cdn.com/catalog/b/4/5/5/b4552680686edc7a86b5408022b8e0821cf859b0_629e30da670c88ba47ee1a16c37a134d.jpg'}];2025-10-31T16:30:32+01:00
5ce9da53-87f8-403c-ab34-5248f21f257c;Naturfreundehaus Kaien;Das Naturfreundehaus Kaien liegt zwischen Heiden und Rehetobel auf 1100 Meter ü/M.;Mit seinem grossen Aufenthaltsraum für bis zu 60 Personen ist das Haus ideal geeignet für Firmen, Schulen, Seminare oder Feiern in grösserer Runde. An Wochenenden ist das Haus bewartet und ein beliebtes Ausflugsziel.
Das Haus kann insgesamt 38 Personen beherbergen. Es verfügt über 5 Zimmer mit 4 Betten, 2 Zimmer mit 6 Betten, 1 Zimmer mit 5 Betten, Waschräume, Etagenduschen und WCs. Wolldecken und Duvets sind in den Schlafräumen vorhanden, Bettwäsche ist nur in den 4 Zimmern gegen Aufpreis erhältlich. Die grosse und modern eingerichtete Küche kann unter der Woche benützt werden. An Samstagen und Sonntagen müssen die Speisen vom Hüttenwart bezogen werden.
Es hat einige Freizeit- und Spielmöglichkeiten im und ums Haus: ein Spielzimmer, ein grosser Geländespielplatz, Tischtennis-Tisch und Fussballkasten. Im Aussenbereich hat es zudem ein Grillhaus mit Holzkohlegrill und Feuerstellen. 
In 20 Gehminuten von der Postauto-Haltestelle erreicht man die Gruppenunterkunft. Zufahrt bis zum Parkplatz unterhalb des Haus möglich (Parkgebühr von CHF 2.00). Kostenlose Parkplätze sind in Rehetobel vorhanden. Das Appenzellerland und bietet als tolles Gebiet diverse Möglichkeiten für Gruppen an. Das Skigebiet ist 3 Kilometer vom Haus entfernt und kann in 10 Autominuten erreicht werden.;9.506645;47.434428;Gigeren;9038;Rehetobel;071 877 11 98;reservation@kaienhaus.ch;https://www.kaienhaus.ch/index.php;[{'@type': 'ImageObject', 'contentUrl': 'https://ostpimtsoch.sos-ch-dk-2.exoscale-cdn.com/catalog/2/5/8/a/258aea08167f96de11504c8d86485efa1bd1940e_d5b4679b6befd0045a15e9ef793b00e3.jpg'}];2025-04-24T18:17:51+02:00
5d24d900-6d53-4191-b392-4d3adff63e6b;Haus Linaria (CharmingStay);Haus Linaria in Flumserberg-Mittenwald bietet eine gepflegte 3,5-Zimmerwohnung mit grossem Gartensitzplatz. Die Wohnung wurde 1974 gebaut und kürzlich renoviert. Sie liegt in unmittelbarer Nähe zur Talstation Mittenwald.;Gepflegte 3.5 Zimmerwohnung in Flumserberg-Mittenwald mit sehr grossem Gartensitzplatz. Gebaut wurde die Wohnung im Jahre 1974, wurde aber kürzlich renoviert und hat 55m2. In unmittelbarer Nähe zur Talstation Mittenwald. Virtueller 3D-Rundgang https://my.matterport.com/show/?m=3h4DvrLkh97  ;9.295494319019138;47.0903293;Sonnmattstr. 4;8898;Flumserberg Tannenboden;+41 79 504 90 45;contact@charmingstay.ch;https://www.charmingstay.ch;[{'@type': 'ImageObject', 'contentUrl': 'https://ostpimtsoch.sos-ch-dk-2.exoscale-cdn.com/catalog/f/0/e/c/f0eca6e9a4bb7817695ea9563afe6879a44d3c9c_f2f061a382a7a8a6def7d3b520702e8d.jpg'}];2026-02-09T22:39:01+01:00
5d373c54-9fe8-4ba0-a284-2d37565e5356;Hotel Hecht;Zentral gelegen im historischen Städtchen Rheineck.;Wo sich die Hügel des Appenzellerlandes, die Rheintalebene und die Bodenseelandschaft begegnen, liegt das historische Städtchen Rheineck. Und hier, zwischen dem ältesten Siedlungsteil, dem Fahr und den dichtgefügten Gassen der früheren Stadtmauern, begrüsst das Hotel Hecht seine Gäste.

Zwei Sterne hat der Hecht, was bestens in die ländliche Region passt. Zum Hotel mit 14 klimatisierten Zimmern gehören im Erdgeschoss ein Restaurant mit 60 Plätzen, eine Sonnenterrasse für 60 und ein Seminarraum (klimatisiert) für 40 Gäste, sowie im 1. Stock ein Saal (klimatisiert) für bis zu 220 Bankettteilnehmende oder 350 Konzertbesucher mit grosser Terrasse für den Apero.;9.5918208;47.4647847;Hauptstrasse 51;9424;Rheineck;+41 71 888 29 25;info@hotelhecht-rheineck.ch;http://www.hotelhecht-rheineck.ch/;[{'@type': 'ImageObject', 'contentUrl': 'https://ostpimtsoch.sos-ch-dk-2.exoscale-cdn.com/catalog/8/9/5/5/89552e846519cf1db54e7e73055adebc3ecc8845_4148b0535f5c7e9cb6be02720d809fa4.gif'}];2026-06-16T20:28:37+02:00
5de0b4d3-35ea-4795-bc65-bd80404c553d;Ferienwohnung Dorf 5 - Alpsteinpanorama;Übernachten mit Blick über die Hügel des Appenzellerlands bis zum Säntis. Ein wunderbarer Ort für die Einkehr.;Hier übernachten, mit einzigartigem Blick übers Appenzellerland bis zum Säntis, ist zu allen Jahreszeiten ein Erlebnis.
Im stilvoll renovierten, denkmalgeschützten Haus am historischen Dorfplatz von Rehetobel wird alte Bausubstanz mit Modernität verbunden. 

Das fünfstöckige, stattliche Haus hat in seinen 230 Jahren mehreren Zwecken gedient. Wo jetzt ein hübsches Beizli, das «Gasthaus Dorf5» mit wunderschönem Garten zum Verweilen einlädt, war früher das Postbüro. In den oberen Stockwerken, die als Telegrafenamt und Geschäftsräume dienten, befinden sich heute drei exklusive Wohnungen mit hohem Ausbaustandard. 
Die Wohnung "Alpsteinpanorama" hält was der Name verspricht: Die Aussicht aus der Vogelperspektive ist einzigartig. Hier gibt es auf zwei Stockwerken mit 150 m2 Wohnfläche viele schöne Orte zum Verweilen. Der sonnige Westbalkon auf dem Zwischengeschoss öffnet den Blick auf zwei Seiten.
Das 45 m² grosse Wohnzimmer mit zentralem Cheminée ist mit der modernen, gut ausgestatteten Küche mit Kochinsel und Bar durch Schiebetüren verbunden.
Im oberen Stockwerk gibt es zwei reizvolle Schlafzimmer, wobei das kleinere auch als gemütliches Fernsehzimmer mit toller Aussicht genutzt werden kann.
Weitere Schlafmöglichkeit liegen direkt unter dem Dachgiebel und in den
beiden Dachnischen (siehe Fotos).
Die gut isolierte aber natürliche Bausubstanz und die grosszügige Ausstattung sind technisch und ästhetisch auf hohem Niveau. Moderne Kommunikation und ein eingebauter Projektionsbeamer im Wohnzimmer gehören zur perfekten Ausstattung. Daher wird dieser besondere Ort auch für die Durchführung von kleineren Seminaren und Retraiten gerne genutzt.
Von der zentralen Lage im Appenzeller Vorderland aus lassen sich das Alpsteingebiet, die nahegelegene Bodenseeregion und die äusserst sehenswerte Stadt St. Gallen ideal erkunden.

Die Wohnung bietet für zwei bis sechs (acht) Personen viel Platz - und sollten Sie einmal keine Lust zum Kochen haben, lassen Sie sich im gemütlichen Beizli "Dorf5" verwöhnen.

Mindestaufenthalt: 1 Nacht (ab CHF 211)
Preis für 1 Woche: ab CHF 1'500;9.4834302;47.4262522;Dorf 5;9038;Rehetobel;+41 79 475 91 83;https://www.dorf5.ch/;[{'@type': 'ImageObject', 'contentUrl': 'https://ostpimtsoch.sos-ch-dk-2.exoscale-cdn.com/catalog/f/b/2/f/fb2f2880a54974d0ed4d2232b2d69a13a0b4697d_81270fcc92cfb9115b99fa43fe0d5382.jpg'}];2025-04-22T18:14:47+02:00
5eb28e94-814d-4277-acf5-7f121ab33345;Gasthof zum Falken;Der Gasthof zum Falken liegt mitten in Frauenfeld nahe der historischen Altstadt. Das familiär geführte Hotel mit Bar und bodenständigem Restaurant überzeugt mit regionalen Spezialitäten, gutbürgerlicher Küche, vielfältigen Bieren und Whisky's sowie gemütlichen Zimmern.;Der 125-jährigen Tradition als Gasthaus wird im Falken auch heute noch Ehre erwiesen. Und zwar mit Hausspezialitäten wie etwa dem Hot Stone oder dem legendären Jumbo-Falken-Burger. Aber auch regelmässig wechselnde kulinarische Themenwochen sowie Rock- und Blueskonzerte gehören ins Programm. Bekannt ist der Falken für sein Angebot an klassischen und eigenkreierten Cocktails sowie für die rund 30 verschiedenen Biersorten und grosse Auswahl an Whisky und Grappa. Hier spielen Gäste Darts und Tischfussball oder geniessen bei kleineren Festen die lockere Atmosphäre. Das Falkenteam verwöhnt mit seiner familiären und unkomplizierten Art im preiswerten Hotel und erfreut mit seiner guten Lage. Zum Bahnhof Frauenfeld sind’s nur fünf, in die Altstadt nur zwei Minuten zu Fuss.;8.8980429;47.554894;St. Gallerstrasse 6;8500;Frauenfeld;+41 52 721 27 24;info@gasthofzumfalken.ch;http://www.gasthofzumfalken.ch/;[{'@type': 'ImageObject', 'contentUrl': 'https://ostpimtsoch.sos-ch-dk-2.exoscale-cdn.com/catalog/e/3/8/d/e38d9b0023b75bb17e65095fc00a18d23abed8fc_c1743c91baa871e0d1be91662a70a194.jpg'}];2026-04-01T22:32:43+02:00
609e52b4-7b4e-4985-926f-b44f44a08a24;Hotel Restaurant Hohberg;Direkt neben der BBC Arena;Das Hotel Restaurant Hohberg liegt direkt neben der BBC Arena und ist auch mit den öffentlichen Verkehrsmitteln sehr gut zu erreichen und für alle die mit dem PKW kommen sind gratis Parkplätze vorhanden.
Unsere Küche ist vielfältig, von Pinsa über Cordon Bleu und Burger bis hin zu unseren wöchentlich wechselnden Mittagsmenüs.
Im Sommer können Sie auf unserer gemütlichen Terrasse den Abend bei einem Glas Wein regionaler Winzer ausklingen lassen.;8.646931216307046;47.7208995;Schweizersbildstrasse 20;8207;Schaffhausen;+41 52 643 42 49;welcome@hotel-hohberg.ch;http://www.hotel-hohberg.ch/;[{'@type': 'ImageObject', 'contentUrl': 'https://ostpimtsoch.sos-ch-dk-2.exoscale-cdn.com/catalog/6/b/b/4/6bb42d6c1e2e05562dd56ca3e6d7bf83f386a1fb_e9344c863291819c98fb3d7a292df8a9.jpg'}];2025-05-28T18:49:43+02:00
60a01455-78cf-402c-bdb7-a52751db4f44;Wellnesshotel Seemöwe;Das Wellnesshotel Seemöwe im Thurgau am Bodensee verbindet kulinarischen Genuss, Erholung und Aktivität in einer der schönsten Regionen.;<div class="flex flex-col text-sm pb-25"><section class="text-token-text-primary w-full focus:outline-none [--shadow-height:45px] has-data-writing-block:pointer-events-none has-data-writing-block:-mt-(--shadow-height) has-data-writing-block:pt-(--shadow-height) [&amp;:has([data-writing-block])&gt;*]:pointer-events-auto scroll-mt-[calc(var(--header-height)+min(200px,max(70px,20svh)))]" dir="auto" data-turn-id="request-WEB:199aaafb-b75a-40b8-8610-fb9fb2c6874d-19" data-testid="conversation-turn-28" data-scroll-anchor="true" data-turn="assistant"><div class="text-base my-auto mx-auto pb-10 [--thread-content-margin:var(--thread-content-margin-xs,calc(var(--spacing)*4))] @w-sm/main:[--thread-content-margin:var(--thread-content-margin-sm,calc(var(--spacing)*6))] @w-lg/main:[--thread-content-margin:var(--thread-content-margin-lg,calc(var(--spacing)*16))] px-(--thread-content-margin)"><div class="[--thread-content-max-width:40rem] @w-lg/main:[--thread-content-max-width:48rem] mx-auto max-w-(--thread-content-max-width) flex-1 group/turn-messages focus-visible:outline-hidden relative flex w-full min-w-0 flex-col agent-turn"><div class="flex max-w-full flex-col gap-4 grow"><div class="min-h-8 text-message relative flex w-full flex-col items-end gap-2 text-start break-words whitespace-normal outline-none keyboard-focused:focus-ring [.text-message+&amp;]:mt-1" dir="auto" tabindex="0" data-message-author-role="assistant" data-message-id="9ba70e33-536b-481b-a897-7607a65db22b" data-message-model-slug="gpt-5-3" data-turn-start-message="true"><div class="flex w-full flex-col gap-1 empty:hidden"><div class="markdown prose dark:prose-invert w-full wrap-break-word light markdown-new-styling"><p data-start="420" data-end="601" data-is-last-node="" data-is-only-node="">In G&uuml;ttingen am Bodensee positioniert sich das Wellnesshotel Seem&ouml;we als Ort f&uuml;r kulinarischen Genuss, Entspannung und vielseitige Freizeitm&ouml;glichkeiten. Als Teil der Gilde Restaurants steht das Haus f&uuml;r eine ehrliche, hochwertige K&uuml;che mit Fokus auf saisonale und regionale Zutaten. Das Restaurant deckt verschiedene Genussmomente ab und wird mit viel Sorgfalt gef&uuml;hrt. Der M&ouml;wensaal mit Platz f&uuml;r bis zu 100 Personen bietet einen stilvollen Rahmen f&uuml;r Feiern, Seminare und Veranstaltungen und &uuml;berzeugt durch moderne Ausstattung sowie eine besondere Atmosph&auml;re.</p></div></div></div></div><div class="mt-3 w-full empty:hidden">&nbsp;</div></div></div></section></div><p data-start="699" data-end="1146" data-is-last-node="" data-is-only-node="">Der grossz&uuml;gige Wellnessbereich umfasst Sauna, Rotlichtsauna, Whirlpool und Ruheraum sowie Angebote f&uuml;r Massage und Kosmetik. Erg&auml;nzt wird das Angebot durch Fitnessm&ouml;glichkeiten sowie Ern&auml;hrungsberatungen und Bodychecks. Die Lage im Thurgau am Bodensee erm&ouml;glicht vielf&auml;ltige Aktivit&auml;ten in einer beliebten Region, zahlreiche Velorouten starten direkt beim Hotel. E-Ladestationen f&uuml;r Autos und E-Bikes unterstreichen die zeitgem&auml;sse Infrastruktur.</p>;9.2838953;47.6063459;Hauptstrasse 54;8594;Güttingen;+41 71 695 10 10;info@seemoewe.ch;http://www.seemoewe.ch/;[{'@type': 'ImageObject', 'contentUrl': 'https://ostpimtsoch.sos-ch-dk-2.exoscale-cdn.com/catalog/6/3/4/0/634049d4208f4bd2a3a366dbe86eb1c52f6b7661_b734b748d3583795b8022bff04e56bb5.png'}];2026-06-16T22:26:55+02:00
61fc66c9-2cbc-4974-a7f2-1eec1521d5fe;Hotel Friedegg Gasthaus B&B;Unser über 100-jähriges kleines, feines Gasthaus mitten in Wildhaus an zentraler Lage, bietet stilvollen Charme, authentisch und persönlich.;Treten Sie ein in unser einmaliges Gasthaus, entschleunigen Sie, geniessen und erleben Sie persönlich unsere Leidenschaft für das Authentische und Aufrichtige. Dank der sanften Renovation vermischt sich in der Friedegg heute Altehrwürdiges mit Modernem. Ein feines Frühstück erwartet Sie täglich. Parkplätze, Velo- und Skiraum, schnelles WLAN und zusätzliche Aufenthaltsräume stehen zur Verfügung. Die kleine feine, hauseigene Bibliothek lädt zum Verweilen. Von jedem Zimmer aus haben Sie Aussicht auf die faszinierende Bergwelt des Churfirsten- und Alpsteingebietes. Die Atmosphäre im Hotel ist ungezwungen, stilvoll und persönlich.;9.3399175;47.2007763;Munzenrietstrasse 2;9658;Wildhaus;+41 71 999 13 13;info@gasthaus-friedegg.ch;https://www.gasthaus-friedegg.ch;[{'@type': 'ImageObject', 'contentUrl': 'https://ostpimtsoch.sos-ch-dk-2.exoscale-cdn.com/catalog/f/d/0/1/fd01b8416feb2eb62a3658c92ac823a10ba874fa_64b95501bf9b8907f69130394b1d4cc9.jpg'}];2025-10-28T16:18:03+01:00
6283eeb7-6bad-480e-888d-1dce28d1e05c;Haus DOMO;Haus DOMO bietet unvergessliche Bergferien am Flumserberg. Die zentral gelegene Ferienwohnung ist ideal für Skifahren, Biken und Wandern. Sie bietet eine sonnige Lage, Panoramablick und ist nur 3 Gehminuten von Seilbahnstationen entfernt.;<p><strong><span class="Apple-style-span">DOMO - Ihre Wohlf&uuml;hloase in den Alpen, direkt am Flumserberg</span></strong></p>
<p>Erleben Sie unvergessliche Bergferien - ob verschneite Wintertage oder sonnige Sommerwochen - in der charmanten Ferienwohnung DOMO, direkt am Flumserberg. Hier trifft alpiner Lifestyle auf gem&uuml;tliches Ambiente und atemberaubende Natur.</p>
<p><strong><span class="Apple-style-span">Aktivurlaub oder pure Entspannung? Bei uns geht beides.</span></strong><br>Skifahren, Snowboarden, Biken, E-Biken, Wandern oder einfach die Seele baumeln lassen - all das beginnt praktisch vor der Haust&uuml;r. Die Seilbahnstationen sind nur ca. 3 Gehminuten entfernt und bringen Sie entweder auf &uuml;ber 2.000 Meter H&ouml;he oder hinunter zum malerischen Walensee, flankiert von den imposanten sieben Churfirsten.</p>
<p><span class="Apple-style-span">Details zu den einzelnen Ferienwohnungen</span></p>
<ul>
<li>1x 3.5-Zimmerwohnung im Erdgeschoss mit Dusche/Terrasse, 4 Personen, 82m2</li>
<li>1x 4.5-Zimmerwohnung im Obergeschoss mit Dusche/Balkon, 4 ( bis 6) Personen, 60m2</li>
</ul>
<p><strong><span class="Apple-style-span">Wohnen mit Stil und Aussicht</span></strong><br>Die beiden Wohnungen des Hauses DOMO &uuml;berzeugen mit hellen R&auml;umen, stilvollen Vintage-M&ouml;beln und warmem Holzambiente. Geniessen Sie den einzigartigen Panoramablick auf die umliegenden Berge - ob vom gem&uuml;tlichen Wohnzimmer oder von der sonnigen Terrasse oder dem Balkon.</p>
<p>Die Wohnungen bieten Raum f&uuml;r bis zu 4 (6) Personen und sind ideal f&uuml;r Paare, Familien oder Freunde, die gemeinsam Natur, Sport und Erholung geniessen m&ouml;chten.</p>
<p>F&uuml;r Biker steht ein grosser, &uuml;berdachter Stellplatz zur Verf&uuml;gung und f&uuml;r E-Bike-Enthusiasten zudem gen&uuml;gend leicht zug&auml;ngliche Ansteckm&ouml;glichkeiten.<br>Die Wintersportbegeisterten wiederum haben einen abschliessbaren Skiraum und einen leistungsstarken Skischuhtrockner zur freien Verf&uuml;gung.</p>
<p><strong><span class="Apple-style-span">Technische Einrichtung</span></strong><br>TV und WLAN stehen in beiden Wohnungen kostenlos zur Verf&uuml;gung.</p>;9.282718592111657;47.093954749999995;Tannenbodenalpstrasse 10;8898;Flumserberg Tannenbodenalp;+41 79 730 50 01;HausDOMO@bluewin.ch;[{'@type': 'ImageObject', 'contentUrl': 'https://ostpimtsoch.sos-ch-dk-2.exoscale-cdn.com/catalog/d/e/1/1/de114566c01dfb17b5f0da7fa9f85e396e8d9c10_ad8c17692da244488e5bd4dfeed5aec0.jpg', 'caption': {'de': 'Haus DOMO (Obergeschoss)', 'en': 'House DOMO (upper floor)'}}];2026-08-07T20:44:40+02:00
628e88ea-85d1-482b-8de7-9a9a4e775cf6;Restaurant & Hotel Rheingerbe;Herzlich willkommen bei unserem malerischen Hotel, Restaurant Rheingerbe.;<p>Von unseren Zimmern k&ouml;nnen Sie den fantastischen Blick auf das Wasser geniessen, dort wo der Bodensee in den Rhein m&uuml;ndet. Von dem mittelalterlichen St&auml;dtchen mit den weltber&uuml;hmten Fassaden sind es 2 Minuten zu Fuss bis zu unserem Hotel. Das Kursschiff, welches sie auf die Reise zu den imposanten Rheinf&auml;llen mitnimmt, legt 50 Meter vom Hotel ab.<br>In gem&uuml;tlichen Zimmern, zum Teil frisch renoviert, erholen Sie sich nach einem erlebnisreichen Tag. Die unmittelbare Umgebung des Hotels, l&auml;sst vielf&auml;ltige sportliche Aktivit&auml;ten zu.</p><p>Bei einem exzellenten Glas Wein und einer Paella oder einem guten Fischknusperli k&ouml;nnen Sie die Erlebnisse der kulturellen Sehensw&uuml;rdigkeiten, wie die Burg Hohenklingen und die Inseln Mainau und Reichenau Revue passieren lassen. Geschichtsinteressierte Besucher kommen bei uns besonders auf Ihre Kosten, denn unser romantisches Geb&auml;ude aus dem 15. Jahrhundert besitzt viel Charme.</p>;8.8575451;47.6596633;Schiffländi 5;8260;Stein am Rhein;+41 52 741 29 91;info@rheingerbe.ch;http://www.rheingerbe.ch/;[{'@type': 'ImageObject', 'contentUrl': 'https://ostpimtsoch.sos-ch-dk-2.exoscale-cdn.com/catalog/d/b/0/f/db0f4da71b2e3e8fe6d189308078589746ffe64a_d351a6d79fd0b5569d48851ee4d6348a.jpg'}];2026-02-13T16:30:23+01:00
62c690a9-677d-49b5-a742-a78a77ddf199;Hotel Münchwilen;Das Hotel Münchwilen ist ein familiär geführtes 4-Sterne Garnihotel im Hinterthurgau bei Wil. Es überzeugt mit einer modernen und hellen Einrichtung, einem reichhaltigen regionalen Frühstücksbuffet und mit seiner zentralen Lage für Entdeckungen in der Ostschweiz.;<p>Es stehen 55 moderne und ger&auml;umige Zimmer in unterschiedlichen Kategorien bereit. Nach umfangreichen Renovationen pr&auml;sentiert sich das Hotel in einem gem&uuml;tlichen und zeitgem&auml;ssen Ambiente. Ein reichhaltiges Fr&uuml;hst&uuml;cksbuffet wird t&auml;glich angeboten. Die Lage zwischen Winterthur und St. Gallen erm&ouml;glicht eine schnelle Anbindung an die A1 und an den &ouml;ffentlichen Verkehr. &nbsp;Es stehen gen&uuml;gend kostenlose Aussen- wie auch Tiefgaragenpl&auml;tze zur Verf&uuml;gung. Die ruhige Umgebung eignet sich f&uuml;r Gesch&auml;ftsreisende und Individualg&auml;ste wie Velofahrende, Wandernde, Kulturinteressierte und Openair-Besuchende. Die Restaurants &laquo;Salta in Bocca&raquo; und &laquo;Dolce vita&raquo; sowie Einkaufsm&ouml;glichkeiten, Post und Bankomat befinden sich in Gehdistanz. Velofahrende profitieren vom abschliessbaren Veloraum, der E-Bike-Ladestation, dem Reparaturset und den Tourenvorschl&auml;gen. Die Lage bietet ideale Voraussetzungen f&uuml;r Ausfl&uuml;ge in den Thurgau sowie f&uuml;r Abstecher ins Toggenburg, ins Appenzellerland und in die Bodenseeregion.</p>;8.998994894621362;47.47799185;Schmiedstrasse 5;9542;Münchwilen (TG);+41 71 969 31 31;info@hotel-muenchwilen.ch;http://www.hotel-muenchwilen.ch/;[{'@type': 'ImageObject', 'contentUrl': 'https://ostpimtsoch.sos-ch-dk-2.exoscale-cdn.com/catalog/1/2/1/3/1213d0fa9b8ebb78041185a2ba29c0789f163995_11f1b207c1e76ea8f381d83321880ff0.jpg'}];2025-12-20T23:35:21+01:00
638e1245-980d-4efe-96b6-a6f6ec824a6d;Waldcamping Landquart AG;Waldcamping Landquart AG bietet idyllisches Camping im Föhrenwald mit Stellplätzen und Mietunterkünften. Ein Bistro, ein Kinderspielplatz und ein Restaurant in der Nähe sorgen für einen entspannten Aufenthalt. Ideal für Fahrrad- und Biketouren.;Idyllisches Camping in einem Föhrenwald, mit Stellplätzen sowie Mietunterkünften ausgestattet. Es erwartet Sie ein gemütliches Bistro, ein heimeliger TV/Aufenthaltsraum, ein cooler Kinderspielplatz mit Wasserspiel, Tischtennis, Trampolin, Gartenschach, ein kleiner Shop direkt neben dem Platz und ein gutes Restaurant "Sandplatz" in unmittelbarer Nähe. Alles, was Sie für einen entspannenden Aufenthalt benötigen.

Nützliche Gästehinweise
In der Nähe befindet sich das Heididorf oberhalb von Maienfeld, die Ortschaft Bad Ragaz mit Tamina Therme, zwei erstklassige Golfplätze, das Wander- und Schneesportgebiet Pizol oder die Taminaschlucht. Der Platz ist zudem ein idealer Ausgangspunkt für schöne Fahrrad- und Biketouren. Die Gegend gilt als Gleitschirmparadies und ist ideal zum Inlineskaten, Klettern und Wandern. Als Hauptort der Rhätischen Bahn ist der Waldcamping Landquart bei Eisenbahnfans ein wichtiger Ausgangspunkt.;9.59385395050049;46.970691710268156;Ganda 21;7302;Landquart;+41 79 482 65 95;info@waldcamping.ch;http://www.waldcamping.ch/;[{'@type': 'ImageObject', 'contentUrl': 'https://ostpimtsoch.sos-ch-dk-2.exoscale-cdn.com/catalog/6/1/6/d/616dfc0e8bc622c469659030a9e31df4fd9dfd15_166e49d87f135dadab421dd5c11ec29f.jpg'}];2026-04-01T21:16:37+02:00
63959f90-5175-4d4a-ab85-73a0baea3297;Chalet Iris;Das Chalet Iris in Flumserberg Tannenheim bietet eine 4-Zimmerwohnung mit Blick auf die Churfirsten. Die Talstation Tannenheim ist 700 m entfernt. Zwei kostenlose Parkplätze und eine grosse Terrasse sind vorhanden.;Die 4-Zimmerwohnung befindet sich an sonniger Lage in Flumserberg Tannenheim im Quartier Anggetlin, mit herrlicher Aussicht auf die Churfirsten. Die Talstation Tannenheim ist nur 700 m entfernt. Vor dem Haus stehen zwei kostenlose Parkplätze zur Verfügung.

Die Ferienwohnung ist gemütlich eingerichtet und auf zwei Etagen eingeteilt. Die Wände in der ganzen Wohnung sind getäfelt. Zur Wohnung gehört eine grosse Terrasse mit Liegestuhl.;9.3075603;47.0835366;Unteres Anggetlin 15;8897;Flumserberg Tannenheim;+41 44 840 22 85;petra@oeschdruck.ch;[{'@type': 'ImageObject', 'contentUrl': 'https://ostpimtsoch.sos-ch-dk-2.exoscale-cdn.com/catalog/b/4/e/1/b4e1769ee8f30db68f1dbe0e45c6c6b7606529e0_ac89493504304e021f8603c173fae71c.JPG'}];2026-03-11T21:45:08+01:00
63b350b4-e38f-4b0a-92ba-67be9f47b5c9;Ferienwohnung Tobelbachstr. 11;Die Ferienwohnung Tobelbachstr. 11 in Flumserberg Tannenheim bietet eine ruhige Lage mit Bergblick, nahe Skilift und Hallenbad. Sie wurde 2021 renoviert und bietet modernen Komfort mit kostenlosem Parkplatz.;Die moderne, heimelige 4.5-Zimmerwohnung in Flumserberg Tannenheim, wurde 2021 umfangreich saniert und neu eingerichtet. Die Wohnung befindet sich in unmittelbarer Nähe zu Skilift und Hallenbad (3 Gehminuten) an ruhiger Lage mit einmaliger Aussicht auf die Berge. Ein kostenloser Parkplatz steht zur Verfügung.;9.2978742;47.09113455;Tobelbachstrasse 11;8897;Flumserberg Tannenheim;+41 79 444 41 93;daniel.zehnder@ibg.ch;[{'@type': 'ImageObject', 'contentUrl': 'https://ostpimtsoch.sos-ch-dk-2.exoscale-cdn.com/catalog/1/5/e/b/15ebc870eef4d12eada33d822c4ae814759aaa40_d412c8c6fcb4ed9ce92bb2cc5ecebf65.jpg'}];2026-01-19T22:34:29+01:00
640c2715-7005-4119-8431-662afeba67a3;Haus zur Tanne (CharmingStay);Die 2,5-Zimmerwohnung im Haus zur Tanne liegt zentral in Tannenboden, ideal für Skifahren, Biken und Wandern. In weniger als fünf Minuten erreicht man den Skilift. Ein grosser Gartensitzplatz bietet im Sommer eine schöne Aussicht auf die Berge.;Die schöne 2.5-Zimmerwohnung im Haus zur Tanne befindet sich im Zentrum von Tannenboden an einer top Lage und als Ausgangsstandort für Skifahren, Biken und Wandern. In nur weniger als 5 Gehminuten zum Skilift und Sammelplatz der Skischule. Die Ferienwohnung hat einen eigenen grossen Gartensitzplatz mit Mobiliar im Sommer und bietet eine wunderschöne Aussicht auf die Bergketten. ;9.287063300000003;47.091816300000005;Obere Abendweidstrasse 3;8898;Flumserberg Tannenboden;+41 79 504 90 45;contact@charmingstay.ch;https://www.charmingstay.ch;[{'@type': 'ImageObject', 'contentUrl': 'https://ostpimtsoch.sos-ch-dk-2.exoscale-cdn.com/catalog/7/2/8/0/7280ae1660d13947eec2caf0c7be5ad1759e43f9_247e6fd5a1f47d721fd8dd3a1ea41957.jpg'}];2026-01-19T22:34:29+01:00
64c77d21-4d61-4597-b69e-5c00248b2b99;Terrassenwohnung im Städeli;Die 3 1/2-Zimmer-Terrassenwohnung in Valens bietet eine ruhige Lage mit Panoramablick auf das Taminatal. Sie ist modern eingerichtet und verfügt über eine grosse Sonnenterrasse, eine voll ausgestattete Küche und kostenfreies WLAN.;<p>Modern, sonnig und naturnah – diese 3½-Zimmer-Ferienwohnung (68 m²) mit grosser Südterrasse (24 m²) bietet alles, was das Herz von Erholungssuchenden und Naturliebhabern begehrt.</p><p>Die ruhige Lage mit traumhafter unverbaubarer Aussicht auf das Taminatal und den Calanda, der Komfort einer modernen Ausstattung und die Nähe zum Ski- und Wandergebiet Pizol machen diese Wohnung zur perfekten Ferienadresse – nur 75 Autominuten von Zürich entfernt!</p>

<p>Highlights auf einen Blick: 
* Helles Wohnzimmer mit Panoramafenstern
* Essbereich mit ausziehbarem Glastisch für 4 Personen 
* Voll ausgestattete Küche
* 2 Schlafzimmer (1x offen)
* Modernes Bad mit Dusche 
* Sonnenterrasse mit Gartenmöbeln 
* Gratis WLAN
* Gratis Tiefgaragenplatz, Skiraum, Lift ab Garage 
* Waschküche im Haus (gegen Gebühr) 
* 1-2 Hunde (je nach Grösse) willkommen (bitte Hunderegeln beachten)</p>

<p>Lage & Umgebung: Die Wohnung liegt in Valens, einem idyllischen Kurort oberhalb von Bad Ragaz. Nur wenige Minuten entfernt befindet sich die renommierte Rehaklinik Valens – ideal für Begleitpersonen oder Kuraufenthalte. Das Skigebiet Pizol ist in nur 15 Minuten erreichbar.</p>

<p>Nahegelegene Skigebiete: 
* Pizol: 15 Minuten * Flumserberg: 34 Minuten * Lenzerheide: 45 Minuten * Laax/Flims: 50 Minuten Folgende Winteraktivitäten warten auf Euch: -Skifahren und Snowboarden -Airborden -Schlitteln -Eislaufen -Eisstockschiessen -Langlaufen -Schneeschuhlaufen -Fitness und verschiedene Kursangebote und vieles mehr. <p>Im Sommer lädt die Region zum Wandern, Biken, Golfen, Schwimmen oder einfach Geniessen ein. Die Ferienregion Heidiland bietet das ganze Jahr hindurch ein breites Freizeitangebot wie: -Wandern -Mountainbiking -Inlineskating am Rhein -Boccia -Minigolf -Golf -Schwimmen -Tennis und vieles mehr.</p>

<p>Besonderheiten: 
Die Nichtraucherwohnung (Rauchen auf der Terrasse erlaubt) bietet ein entspanntes Umfeld für Paare, Familien sowie Begleitpersonen von Kurgästen. Check-in ist ab 15:00 Uhr, Check-out bis 10:00 Uhr; in Valens gibt es keinen Lebensmittelladen, daher wird der Einkauf in Bad Ragaz empfohlen.</p>

<p>Ob für aktive Bergferien, entspannte Wellness-Tage oder als ruhiger Rückzugsort – diese stilvolle Ferienwohnung in Valens bietet Ihnen Bergfeeling pur.</p>

<p>📅 Jetzt buchen & unvergessliche Tage in den Schweizer Alpen erleben!</p>;9.475316405296327;46.965958647877;Städelistrasse 5;7317;Valens;+41 79 391 20 32;info@gbimmobilien.ch;[{'@type': 'ImageObject', 'contentUrl': 'https://ostpimtsoch.sos-ch-dk-2.exoscale-cdn.com/catalog/8/f/b/d/8fbdc77ba775b0ac103e3aa19100a280a46715ab_27f939b63a478c4d252a835f82b618c6.jpeg'}];2026-02-02T22:45:56+01:00
658cdd14-a690-49c9-af3b-fb7de9e01d40;1001 Sterne Hotel;Suchst Du nach Perlen, die Du auf Deine Lebenskette auffädeln kannst? Dann erlebe eine Nacht unter freiem Sternenhimmel auf einem abgelegenen Hügel inmitten der Natur bei uns auf dem TierErlebnisHof!;Du suchst nach einem Bett für eine Nacht unter freiem Sternenhimmel? Wolltest Du schon immer mal 1001 Sterne vor dem Einschlafen zählen? Frühstück mit Blick auf den Säntis geniessen? Oder etwas Exklusives erleben? Dann bist Du in unserem 1001 Sterne-Hotel genau richtig!

Wir haben dem Aebi (Einachser) unseres Urgrossvaters eine neue Aufgabe gegeben. In den letzten Monaten haben wir auf seine Ladebrücke ein Doppelbett, Stühle und eine Kommode gebaut. So können wir Dein Hotelzimmer an den von Dir gewünschten Ort fahren. Das grosse Doppelbett und die kuschlige Decke sorgen für den nötigen Komfort, falls Du zwischen dem Bestaunen des Nachthimmels und des Alpen-Panoramas trotzdem noch ein Auge zutun möchtest. Am Morgen servieren wir Dir/Euch gerne ein leckeres Frühstück (mit hofgemachten Zutaten) ans Bett.

Ob für eine Mädelsnacht, eine romantische Nacht mit Deinem Schatz oder aus Faszination am Nachthimmel – eine unvergessliche 1001 Sterne-Nacht ist so gut wie garantiert!;9.277664422988893;47.33567424589583;Windegg 930;9107;Urnäsch;+41 78 827 44 33;monikaegli@gmx.ch;https://tiererlebnishof.ch;[{'@type': 'ImageObject', 'contentUrl': 'https://ostpimtsoch.sos-ch-dk-2.exoscale-cdn.com/catalog/a/1/9/2/a1926362cb20b73ee491dfbdaf087b03e998b75a_6b6cf0344c018e4aaf02b48fa8de0b8c.jpg'}];2025-05-01T18:10:14+02:00
65b3464d-7ea0-4a1a-a8a4-27f5bc7bd105;Haus Meierhüsli - Ferienwohnung;Das Haus Meierhüsli in Malans bietet ein modernes Studio mit eigenem Eingang und Sitzplatz. Ein abschliessbarer Raum für Sportgeräte steht zur Verfügung. Die zentrale Lage ermöglicht eine ruhige Umgebung.;Das moderne Studio befindet sich mitten im Dorfkern von Malans an ruhiger Lage. Zum Studio steht ein abschliessbarer Raum für Velos, Skis oder andere Sportgeräte zur Verfügung.

Das kleine, feine Studio (Baujahr 2012) ist liebevoll und sehr modern eingerichtet. Es verfügt über einen eigenen Eingang sowie einen Sitzplatz mit Gartenstühlen und einen Tisch. und einem abschliessbarem Raum für Sportgeräte;9.576165530670995;46.981429399999996;Löwengasse 6;7208;Malans GR;+41 79 857 58 83;zimmer@bnb-meierhuesli.ch;http://www.bnb-meierhuesli.ch;[{'@type': 'ImageObject', 'contentUrl': 'https://ostpimtsoch.sos-ch-dk-2.exoscale-cdn.com/catalog/b/1/6/c/b16cbe228f11aeedb686c8f276434cb463fa940e_7663a2e02c3c4736181449085f0c18cf.jpg'}];2026-02-09T22:39:01+01:00
65ba0ad1-6b34-4c5c-86cd-4fa8ae8e0b5d;Camping Fischerhaus;Direkte Seelage, eine moderne, barrierefreie und familienfreundliche Anlage, Thurgauer Natur pur und die nahe Kulturstadt Kreuzlingen erwarten Besuchende auf dem grosszügigen Campingplatz Fischerhaus. Und natürlich die farbenfrohen Fischerhäuschen für alle ohne Zelt oder Camper.;Der Campingplatz Fischerhaus in Kreuzlingen liegt direkt am Bodensee. Grosszügige neue Sanitäranlagen, ein Grillpavillon oder der mitten durchs Gelände fliessende renaturierte Bach erfreuen das Campingherz. Für Gäste ohne Zelt oder Camper stehen günstige Zimmer und fünf farbige «Fischerhäuser» bereit. Letztere überzeugen durch stilvolle pragmatische Einrichtung für bis zu vier Personen. Ein zentraler Spielplatz sowie die Nähe zu Bodensee und Freibad Hörnli – Eintritt inklusive – machen Ferien auf dem Camping Fischerhaus auch zu einem tollen Familienerlebnis. Das ebene Gelände ist barrierefrei und für Kinderwagen oder Besuchende mit Beeinträchtigung gut zugänglich. Kreuzlingen erreicht man innert zwanzig Minuten zu Fuss durch einen malerischen Uferpark. Hier gibt’s Ausgangsmöglichkeiten für Kulturfreunde und Nachtschwärmer.;9.19794773026868;47.64614065;Promenadenstrasse 52;8280;Kreuzlingen;+41716884903;info@camping-fischerhaus.ch;http://camping-fischerhaus.ch/;[{'@type': 'ImageObject', 'contentUrl': 'https://ostpimtsoch.sos-ch-dk-2.exoscale-cdn.com/catalog/7/3/d/4/73d44af7aea96821c6680002f2f26199d2c352e2_3cc7dda08dfbd3266c0cea66a8c2a53f.jpg'}];2026-02-25T23:10:19+01:00
667a5c49-4d51-40ad-960d-dadad43cd1eb;Wellnesshotel Golf Panorama;Das Design- und Lifestyle-Hotel ist direkt am Golfplatz in Lipperswil gelegen. Ruhe, Natur, Ausblick und höchster Komfort garantieren entspannten Genuss. Es wird Wellness, Fitness und ein Aktiv & Relax Programm auf über 2000 m² angeboten.;Ein Platz der absoluten Ruhe und Erholung im Einklang mit der herrlichen Natur aussen und dem schlichten Design in allen Räumlichkeiten.
Die Zimmer in verschiedenen Kategorien sind modern und komfortabel eingerichtet und bieten alle Annehmlichkeiten. Zudem erwarten die Gäste in allen Zimmern eine fantastische Panorama-Aussicht. 
Im grosszügigen Spa-Bereich kann man die Seele wohlig baumeln lassen, bei reichhaltigen Anwendungen entspannen und in der energiereichen Atmosphäre neue Kraft tanken. 
Die Küche überzeugt raffiniert verwöhnte Gaumen mit lokalen Gerichten.;9.058694;47.621908;Golfpanorama 6;8564;Lipperswil;+41 52 208 08 08;info@golfpanorama.ch;https://www.golfpanorama.ch/;[{'@type': 'ImageObject', 'contentUrl': 'https://ostpimtsoch.sos-ch-dk-2.exoscale-cdn.com/catalog/c/6/5/3/c65393bc1456635094cbf6489572d4fa89a0c633_85bcf329fa029081617f33592c848dea.jpg'}];2026-05-07T22:44:40+02:00
66ea4a83-3d8b-44dd-b753-934ff3c956e6;Chalet Tobeleck (CharmingStay);Das Chalet Tobeleck in Flumserberg Tannenheim bietet eine schöne Aussicht auf die Churfirsten und die Alvierkette. Es ist als 3,5-Zimmerwohnung oder 4,5-Zimmer-Maisonette-Wohnung mietbar und verfügt über eine Sauna.;Das Chalet befindet sich in Flumserberg Tannenheim mit schöner Aussicht auf die Churfirsten und die Alvierkette. Es ist als 3.5-Zimmerwohnung oder 4.5-Zimmer-Maisonette-Wohnung (ganzes Chalet) mietbar. Unterhalb des Chalets stehen zwei Parkplätze kostenlos zur Verfügung.

Details der einzelnen Ferienwohnungen
- 1x 3.5-Zimmerwohnung im Obergeschoss
- 1x 4.5-Zimmer-Maisonette-Wohnung (ganzes Chalet)

Beide Ferienwohnungen sind komfortabel und zeitgemäss eingerichtet und verfügen über ein gemütliches, offenes Wohnzimmer mit zwei Sofas, Lesesessel und Flachbild-TV sowie einen Essbereich mit Esstisch, Eckbank und Stühlen. Eine moderne Küche mit Kochherd, Backofen, Kühlschrank, Geschirrspüler, Kaffee-/Wasserkocher, Toaster. Badezimmer mit Dusche/WC.;9.303805232048036;47.083887260394604;Obere Anggetlinstrasse 14;8897;Flumserberg Tannenheim;+41 79 504 90 45;contact@charmingstay.ch;https://www.charmingstay.ch;[{'@type': 'ImageObject', 'contentUrl': 'https://ostpimtsoch.sos-ch-dk-2.exoscale-cdn.com/catalog/e/9/9/2/e9925e7d702de2d182d46f529a16309fda51cb40_a3c866bef96eec9d83f057b5befa5627.jpeg'}];2026-01-19T22:34:29+01:00
678802ba-14f0-48d0-83d6-ab84ba894d99;Gästezimmer Cantunada;Das Gästezimmer Cantunada in Maienfeld bietet ein romantisches Zimmer mit Doppelbett in einem 300-jährigen Herrschaftshaus. Das Badezimmer zur alleinigen Nutzung befindet sich ausserhalb des Zimmers.;Das Heidi Romantik-Zimmer im Weingut Cantunada, ausgestattet mit einem herrlichen Doppelbett, finden Sie in einem 300-jährigen Herrschaftshaus inmitten des Städtchens Maienfeld. Das Gewölbe verleiht dem Zimmer viel Charme und speziellen Charakter. Das Badezimmer mit Dusche/WC befindet sich ausserhalb des Zimmers, ist aber zur alleinigen Nutzung.;9.531193904743692;47.0084622;Eckgasse 2;7304;Maienfeld;+41 78 638 22 66;heidi.steiner@cantunada.ch;[{'@type': 'ImageObject', 'contentUrl': 'https://ostpimtsoch.sos-ch-dk-2.exoscale-cdn.com/catalog/0/5/7/e/057e783e67b3f18e2a0345695c8056c22bf47413_34e533c0f5c49abb7d22c101e5f15872.jpg'}];2026-01-19T22:34:29+01:00
67add0f3-4920-4af2-b38f-305be5d4c571;B&B Altnau CasaRita;Das B&B Altnau CasaRita befindet sich im Oberdorf von Altnau in einem ruhigen Quartier, angrenzend an eine Landwirtschaftszone. Hier trifft Ruhe auf Freundlichkeit.;Vier moderne, grosse Doppelzimmer sind mit King-Size-Betten (alle 180 cm Breite), Schrank, einer kleinen Sitzgruppe und TV ausgestattet. Alle Räume haben Insektenschutzgitter und Verdunkelungsrollladen. WLAN steht gratis zur Verfügung. Die zwei Badezimmer, 1x mit Regendusche/WC und 1x mit Badewanne/Regendusche/WC, werden gemeinsam benützt. 

Alle Räume umgeben die offene Galerie (28qm), die als Frühstücks- und Gemeinschaftsraum ausgelegt ist. Von hier aus kommt man auch auf den sehr grossen Balkon, beschattet mit einer Markise über die ganze Länge von 6,25 m. Die Unterkunft ist auch ideal für Kleingruppen, da alle Zimmer auf einer Etage liegen. 

Kaffee und Tee sind gratis. Optional ist ein Frühstück buchbar, mit selbstgebackenem Brot, Marmelade vom Obst aus dem eigenen Garten, Bio-Eiern und vielem mehr. Für Selbstversorger gibt es in der Nähe einen Laden und eine Bäckerei. Es stehen eine Mikrowelle und ein Kühlschrank zur Verfügung, es gibt aber keine Kochmöglichkeit.;9.2554523;47.6098774;Oberer Geissbüchel 4;8595;Altnau;+41 76 27 17 333;casarita@bluewin.ch;https://www.casarita.ch/;[{'@type': 'ImageObject', 'contentUrl': 'https://ostpimtsoch.sos-ch-dk-2.exoscale-cdn.com/catalog/4/6/e/7/46e7c058480f040e1042581e39cf03e0c030551b_cf5068076f86b3a23fb37a86b54ae428.jpg'}];2025-02-17T13:17:13+01:00
67aeb3c9-22d6-40df-bc16-ae355bd2329b;GöttiFritz House&Breakfast;Dieses 200jährige Appenzellerhaus thront hoch über Herisau und bietet einen gigantischen Rundumblick von Bodensee bis in den Alpstein.;<p>Das Ferienhaus "G&ouml;ttiFritz" wird seit 2022 von der InteriorDesignerin Karin Sieber gekonnt und mit viel Liebe zum Detail umgestaltet. Jede einzelne der drei grossen Suiten "Fritzli, Grittli &amp; R&ouml;&ouml;sli" haben ihren ganz eigenen Flair-Charakter, Historie und ihre eigene Stimmung. Ausgestattet mit einem Doppelbett, Arbeitsbereich, zus&auml;tzlicher Schlafcouch und eigenen B&auml;dern. Im Erdgeschoss befindet sich das dritte Schlafzimmer mit Bad (barrierefrei), die K&uuml;che, Wohn- und Essbereich, Garderobe sowie eine zus&auml;tzliche G&auml;stetoilette. Es sind die vielen, liebevoll durchdachten Kleinigkeiten, die aus einem Aufenthalt im &bdquo;G&ouml;ttiFritz&ldquo; Guesthouse&amp;HomeStyling im Appenzellerland ein echtes Erholungserlebnis machen. - pers&ouml;nliche Begr&uuml;ssung und Schl&uuml;ssel&uuml;bergabe - inkl. Fr&uuml;hst&uuml;ck zur Selbstbedienung - im Sommer edle k&uuml;hlende Leinenbettw&auml;sche - im Winter kuscheligwarme Flanellbettw&auml;sche - Gartenbereich mit Bistrotisch/Outdoorlounge/H&auml;ngesessel/Grill - auf Wunsch Koch, Butler- und Shuttle Service - inkl. Kur- und Beherbergungstaxen.<br>Mindestaufenthalt: 1 Nacht&nbsp;</p>;9.28997039794922;47.38417163083634;Höhenweg 457;9100;Herisau;0765317994;karin@goettifritz.ch;https://göttifritz.ch;[{'@type': 'ImageObject', 'contentUrl': 'https://ostpimtsoch.sos-ch-dk-2.exoscale-cdn.com/catalog/0/6/f/3/06f33e18a4c933199fc37a097b4afb348846d727_784579e1c9de5293cda103cecf41fd56.jpg'}];2025-08-02T18:12:43+02:00
67c1c944-e504-4cfc-8e17-600ca7579ae4;Hotel Kloster Fischingen;Im Kloster Fischingen verschmelzen Vergangenheit und Gegenwart. Die barocken Räume sind stimmig für Feste und Events und Gäste übernachten  in ehemaligen Mönchklausen. Das Tannzapfenland ist ein grünes Paradies und darin eingebettet ist das Kloster Fischingen.;Das Kloster Fischingen ist ein historisches Hotel mit stimmigen barocken Räumen und somit der perfekte Austragungsort für jeden Event. Zugleich ist es ein touristischer Ort und beliebt bei Ausflüglern, die im Kloster ihre Ferien verbringen. Die kreativen Klosterköche verarbeiten mit Begeisterung, Zutaten aus dem Tannzapfenland. Für den ungezwungenen Aufenthalt steht den Gästen die Schenke zur Verfügung. Dort wartet eine Auswahl gekühlter PILGRIM-Klosterbiere auf Bierliebhaber*innen. Die 30 Gästezimmer sind ehemalige Mönchszellen. Die Zimmer begeistern mit ihrem klösterlichen Flair, das dezent gegenwärtig ist. Geburtstage, Jubiläen, Hochzeiten, Familienfeiern – die Klostergastronomie verfügt über vier verschiedene Räume, die individuell eingerichtet und je nach Feier geschmückt werden. Die klassischen Konzerte beschenken die Besucher mit kostbaren Glücksmomenten. Das Kloster Fischingen besitzt zwei Elektroautoladestationen und auch E-Bikes können auf dem Areal aufgeladen werden.;8.96833;47.4119;Kloster;8376;Fischingen;+41 71 978 72 20;info@klosterfischingen.ch;https://klosterfischingen.ch/;[{'@type': 'ImageObject', 'contentUrl': 'https://ostpimtsoch.sos-ch-dk-2.exoscale-cdn.com/catalog/1/8/4/c/184c6f42bcef1a5911a9feddfec1def5e3254e1d_8de9725bfc5413b8ce7c36193e8e5156.jpg'}];2026-06-16T22:26:55+02:00
68ecbd97-0664-4a57-b8de-0a8feb4db384;Ferienwohnung Andrea;Die Ferienwohnung Andrea liegt ruhig am Waldrand in Mels, nur 800 m vom Dorfzentrum entfernt. Sie bietet modernen Komfort mit kostenlosem Parkplatz und ist ideal für Wander- und Fahrradtouren.;Die 2 ½ Zimmerwohnung liegt ruhig am Waldrand, nur ca. 800 m vom Dorfzentrum Mels entfernt. Wander- und Fahrradwege liegen in unmittelbarer Nähe und bis zum Ski- und Wandergebiet Pizol sind es nur wenige Fahrminuten. Ein Parkplatz steht kostenfrei zur Verfügung.

Die Wohnung liegt im Parterre und ist modern und komfortabel eingerichtet. Das Wohnzimmer und das Schlafzimmer verfügen über einen Parkettboden.;9.41401166008065;47.052833199999995;Bachstrasse 77;8887;Mels;+41 81 723 61 78;p.walther@gmx.ch;[{'@type': 'ImageObject', 'contentUrl': 'https://ostpimtsoch.sos-ch-dk-2.exoscale-cdn.com/catalog/1/6/d/0/16d0ed068408c342d5b44d6b0590b48e3a08599f_47cbc3a591f801c4c89e76582bdfabff.jpg'}];2026-09-09T20:47:35+02:00
68ff6816-75cc-46b4-a6ae-142656ac56f6;Haus Margrithli, Furt;Das Chalet Margrithli in Wangs-Pizol bietet eine 3-Zimmer-Wohnung für bis zu fünf Personen. Es liegt direkt an der Seilbahnstation und bietet im Winter Zugang zu einem schneesicheren Skigebiet und im Sommer zu einem gut ausgebauten Wandergebiet mit Blick ins Rheintal und auf die Churfirsten.;Hausteil direkt bei Ski-/ Sessellift und Bahn-Bergstation. Sonnenterrasse mit Ausblick ins Rheintal, Churfirsten. Im Sommer Parkplatz. SAT-TV.
Komplette Küche mit grossem Kühlschrank, 3 Kochplatten, Backofen, Mikrowelle und genügend Schränken.;9.424209594726564;47.004831632997345;[{'@type': 'ImageObject', 'contentUrl': 'https://ostpimtsoch.sos-ch-dk-2.exoscale-cdn.com/catalog/7/d/4/c/7d4c5a981c7ae7c09380415bca6d715dcf414542_09e8ed2c71fef8a38992f97bdc22c456.jpg'}];2025-07-23T20:19:32+02:00
6966f1bf-01ba-47a8-a3c6-26f164903fc3;Velohotel Hirschen;Gerne begrüssen wir Sie in unserem Velohotel nahe des Bodensees, welches für Rad-, Wander- und Ausflugsurlauber sehr gut geeignet ist.;8.809897899627687;47.70852705209556;Fortenbach 239;8262;Ramsen;+41 52 743 11 41;info@hirschen.ch;http://www.hirschen.ch/;[{'@type': 'ImageObject', 'contentUrl': 'https://ostpimtsoch.sos-ch-dk-2.exoscale-cdn.com/catalog/a/1/a/d/a1ad68fe72c08ef989deb26d62a767a1da184c9a_69d5e69e7628f0e6809367f96fff0138.jpg'}];2026-01-26T19:11:39+01:00
697c04d5-cc19-4b57-ab49-585587d1c5ff;Tschudiboden (3 Wohnungen);Das Ferienhaus Tschudiboden in Flumserberg Tannenheim bietet drei gemütlich eingerichtete Wohnungen mit traumhafter Aussicht auf die Churfirsten und Alvierkette. Kostenlose Parkplätze sind vorhanden.;Das Ferienhaus befindet sich an ruhiger Lage in Flumserberg Tannenheim mit traumhafter Aussicht auf die Churfirsten und die Alvierkette. Kostenlose Parkplätze befinden sich vor dem Haus.

Details der einzelnen Ferienwohnungen
- 1x 2 Zimmerwohnung im Parterre
- 1x 3.5 Zimmerwohnung im Obergeschoss
- 1x 4 Zimmerwohnung im Mittelgeschoss

Alle drei Ferienwohnungen sind gemütlich eingerichtet und verfügen über ein Wohnzimmer mit Sofa, Schlafgelegenheit und Flachbild-TV, ein Essbereich mit Esstisch, Bank und Stühlen sowie eine kleine Küche mit allem was man braucht. Badezimmer mit WC, Badewanne oder Dusche.;9.297269618489583;47.09376955;Tschudiwiesenstrasse 37;8897;Flumserberg Tannenheim;+41 79 485 75 09;swildhaber@bluemail.ch;[{'@type': 'ImageObject', 'contentUrl': 'https://ostpimtsoch.sos-ch-dk-2.exoscale-cdn.com/catalog/e/2/8/0/e2808ece71cd8a482e7b997c9851ec088d0c8bd2_52b1c0b910204e3fe09dbb0d2d06a45c.jpg'}];2026-02-09T22:39:01+01:00
6b33a4cb-ea2c-4a43-b489-c0b121c15d44;Chalet Marlies Tannenboden;Das Chalet Marlies Tannenboden liegt in Flumserberg Tannenbodenalp und bietet eine schöne Aussicht auf die Berge. Die Busstation, Bergbahnen und Einkaufsmöglichkeiten sind zu Fuss erreichbar. Die Wohnung ist zweckmässig eingerichtet mit Wohnbereich, Kochgelegenheit und Bad.;Das Holzchalet befindet sich an sonniger Lage in Flumserberg Tannenbodenalp, mit schöner Aussicht auf die Berge. Die Busstation, Bergbahnen, Skilift und Einkaufsmöglichkeiten sind zu Fuss erreichbar. Zum Haus gehört ein Aussenparkplatz.

Die Wohnung ist zweckmässig eingerichtet und verfügt über einen Wohnbereich mit Sofa und eine Kochgelegenheit. Bad mit Dusche und WC.;9.295423296060036;47.0913222;Oberbergstrasse 4/6;8898;Flumserberg Tannenbodenalp;+41 56 664 18 76;info@hwt-treuhand.ch;[{'@type': 'ImageObject', 'contentUrl': 'https://ostpimtsoch.sos-ch-dk-2.exoscale-cdn.com/catalog/d/d/1/f/dd1f73fb139d2551f65e710cf2ac4864a2de6dcb_b4023759aa933f77be629623db7dfed3.jpg'}];2026-01-19T22:34:29+01:00
6c4e3c92-6046-4951-9890-9159a65bfe98;Restaurant-Hotel de charme Römerhof;Das Restaurant – Hotel de charme Römerhof ist ein zauberhaftes Boutiquehotel*** am Bodensee mit 11 gemütlichen Hotelzimmern, elegantem Gourmetrestaurant, historischen Bankettsälen, einer sonnigen Terrasse und exklusiven Davidoff Cigar Lounge im Herzen von Arbon.;Im Restaurant-Hotel de charme Römerhof verschmelzen die Geschichte von Arbon, kulinarische Meisterleistungen und herzliche Gastfreundschaft zu einem unvergleichlichen Erlebnis. Das Gebäude, bereits im Mittelalter auf römischen Grundmauern und als Teil der alten Stadtmauer erbaut, trägt diese faszinierende Vergangenheit noch heute sichtbar in sich.

Mit stolzen 12 Gault Millau Punkten und 2 roten Kochlöffeln im Guide Michelin ist der Römerhof eine wahre Institution. Hier verbindet sich auf geschickte Weise die klassisch französische Küche mit internationalen Einflüssen und regionalen Strömungen. 
Das Hotel selbst begeistert mit 11 geschmackvoll eingerichteten Zimmern. Besonders die geschichtsträchtige Römerstube und das Turmzimmer schaffen den idealen Rahmen für Tagungen, persönliche Events oder stilvolle Feiern. 

Die grosszügige Sonnenterrasse lädt zum Verweilen ein, während die exklusive Davidoff Cigar Lounge Zigarrenliebhaber in ein einzigartiges Ambiente entführt.;9.433599;47.516432;Freiheitsgasse 3;9320;Arbon;+41 71 447 30 30;info@roemerhof-arbon.ch;https://www.roemerhof-arbon.ch/;[{'@type': 'ImageObject', 'contentUrl': 'https://ostpimtsoch.sos-ch-dk-2.exoscale-cdn.com/catalog/8/9/a/c/89ace609974bd9cc498f7be74bcaadd2780abf1b_0126059497edb137a6e843d0eb975e2d.jpg'}];2025-04-07T21:20:22+02:00
6c64002c-6e0b-4240-a0c0-281fca5079c8;Hotel Heiden;Wellnesshotel hoch über dem Bodensee.;<p class="MsoNormal">Das Hotel Heiden im Appenzellerland begeistert mit einer atemberaubenden Aussicht auf den Bodensee. Mit einem harmonischen Mix aus Tradition und Moderne l&auml;dt das Haus zum Entspannen und Geniessen ein.<br><br>Die 58 Zimmer und Junior-Suiten, teilweise mit Balkon und Seesicht sind mit Boxspringbetten und barrierefreien Regenduschen ausgestattet.<br><br>Das Team des Hotel Heiden verw&ouml;hnt die G&auml;ste mit exquisiter Saisonk&uuml;che, aber auch mit klassischen Appenzeller Gerichten. Auf den Tisch kommen vorwiegend Zutaten aus der Region. Genossen werden kann die ausgezeichnete K&uuml;che im Restaurant Acht mit traumhafter Aussicht auf den Bodensee. &nbsp;An w&auml;rmeren Tagen werden leichte Gerichte auch im Gartenrestaurant mit moderner Gartenlounge serviert.&nbsp;Zum Entschleunigen l&auml;dt die 1000 m2 grosse Wellness-Landschaft mit Panorama-Schwimmbad, Aussen-Whirlpool sowie vielseitigem Sauna-Bereich. Massagen und Kosmetikanwendungen sorgen daf&uuml;r, K&ouml;rper und Geist wieder in Einklang zu bringen.<br><br>Das Hotel Heiden eignet sich auch bestens als Tagungsort. Lichtdurchflutete Seminarr&auml;ume, teilweise mit Seesicht, bieten das ideale Ambiente f&uuml;r erfolgreiche Seminare und Events.</p>;9.533705;47.445726;Seeallee 8;9410;Heiden;+41 71 898 15 15;info@hotelheiden.ch;http://www.hotelheiden.ch/;[{'@type': 'ImageObject', 'contentUrl': 'https://ostpimtsoch.sos-ch-dk-2.exoscale-cdn.com/catalog/e/f/b/7/efb7824e1e34b9f84f56d7837108ea5b46db638c_8f034805787e14375d96b64231f4021e.jpg'}];2026-06-16T20:28:37+02:00
6cb64b61-dbc6-4668-96cc-7b74e0435e81;Hirschen Stammheim;Der Hirschen in Oberstammheim ist ein historischer Gasthof;Der Hirschen ist: ein Ort der besonderen Gastfreundschaft. Er ist Heimat für treue Stammgäste und gleichzeitig eine beliebte Destination für kulinarische Entdeckerinnen und Geniesser. Vom einfachen Frühlingssalat für den kleinen Hunger über ein feines Viergangmenü mit Sonntagsbraten bis zum frischen Früchtekuchen als Stärkung auf einer Wanderung: wir haben für alle etwas. Der Weinkeller beherbergt die Klassiker der Region genauso wie die geheimen Favoriten unserer Winzer aus dem Stammertal. Zudem beweist die Auszeichnung «Historisches Hotel des Jahres 2014» von ICOMOS (Suisse), dass die anspruchsvolle Verbindung von Denkmalschutz und Gastronomie gelingen kann.;8.8012998;47.6320089;Steigstrasse 4;8477;Oberstammheim;+41 52 745 11 24;info@hirschenstammheim.ch;https://www.hirschenstammheim.ch/;[{'@type': 'ImageObject', 'contentUrl': 'https://ostpimtsoch.sos-ch-dk-2.exoscale-cdn.com/catalog/3/d/b/5/3db5fbeb594194436e76d65c43d0f4233f653a88_a5e2310365750d1c31d9120aea10f328.jpg'}];2025-12-08T19:22:53+01:00
6e59a02f-219c-4c37-9b6b-c8e5bf3c8757;Sternen Ennetbühl;Am Fusse des Säntis liegt das kleine Dorf Ennetbühl. Umgeben von einer malerischen Bergwelt bietet es den optimalen Ort, um dem Alltagsstress zu entkommen. Für Naturliebhaber und Wanderfreunde bietet der Ort im Obertoggenburg eine Vielfalt an Freizeitbeschäftigungen.;Der Sternen befindet sich von Nesslau aus direkt am Dorfanfang von Ennetbühl.

In 4 verschiedenen Doppelzimmern mit Dusche und WC, mit Blick vom Balkon aus in die Berge steht der Erholung nichts mehr im Wege. Ebenfalls gibt es ein Einzelzimmer mit Dusche und WC ausserhalb vom Zimmer. Wer möchte, kann sein Essen in einer einfachen Küche, auch selber kochen.

- Frühstück nach Absprache
- Hunde sind herzlich willkommen

Für eine saisonale und gut bürgerliche Küche empfehlen die Gastgeber das Gasthaus Krone in Ennetbühl. Dies befindet sich zwei Gehminuten von der Unterkunft entfernt.;9.20979;47.24041;Dorf 927;9651;Ennetbühl;071 994 10 14;schlafen@sternen-ennetbuehl.ch;https://sternen-ennetbuehl.ch/;[{'@type': 'ImageObject', 'contentUrl': 'https://ostpimtsoch.sos-ch-dk-2.exoscale-cdn.com/catalog/b/c/7/3/bc73e9bc539442f00e051f55a85993f7676c18ba_5d8c685e47d105b492ccc1e905c3c79f.JPG'}];2025-07-22T19:16:48+02:00
6ef76477-6711-46e3-a956-2761a056ec0b;Obern Stöbli;Lassen Sie sich verwöhnen in unserem Outdoor-Holzpool unter freiem Sternenhimmel.;Mit einem Willkommensgetränk können Sie sich im Pool zurücklehnen und im heissen Quellwasser Körper und Seele baumeln lassen.
Anschliessend besteht die Möglichkeit, sich in unserer Garderobe mit Dusche umzuziehen und frisch zu machen. Mit grossem Badehunger geht es weiter mit einem feinen Abendessen. In unsererm Obern Stöbli werden Sie verwöhnt mit einheimischem Gaumenschmaus und heimeliger Atmosphäre

Sie sind auf der Suche nach einer einfachen, warmherzigen und gastfreundlicher Unterkunft? Dann sind Sie genau richtig bei uns.;9.19431;47.25107;Obern 311;9651;Ennetbühl;+41 79 736 24 89;info@fondue-baden.ch;http://www.fondue-baden.ch;[{'@type': 'ImageObject', 'contentUrl': 'https://ostpimtsoch.sos-ch-dk-2.exoscale-cdn.com/catalog/9/3/2/e/932eae415f43db5301b1098cf22922a815630e4b_98cde0d8499e0d4144d5457902783608.jpg'}];2026-04-01T19:25:43+02:00
6fb7de46-dbbb-4881-91c4-a77383f4dc01;Haus Wiesengrün;Das Haus Wiesengrün liegt in ruhiger Lage mit Blick auf die Churfirsten, nur 10 Minuten von Bergbahnen und Geschäften entfernt. Es bietet moderne, familienfreundliche Ausstattung mit Garage und Abstellplatz.;Das Haus Wiesengrün liegt an sehr ruhiger Lage, mit traumhafter Aussicht auf die Churfirsten und nur 10 Gehminuten von den Bergbahnen, den Läden und der Pizzeria Tannenheim entfernt.
Das Haus Wiesengrün ist modern und familienfreundlich eingerichtet und verfügt über eine Garage, sowie einen Abstellplatz. Es ist ein Nichtraucher Ferienhaus. Im Winter empfehlt es sich Schneeketten dabei zu haben.

Im 2013 neu erstellten Obergeschoss hat es ein geräumiges Familienzimmer mit einem Doppelbett, einem Kajüttenbett und einem Einzelbett und zwei kleinere Zimmer mit je zwei Einzelbetten.
Im Erdgeschoss befindet sich ein weiteres Schlafzimmer mit einem Doppelbett. Es steht zudem ein Babybett zur Verfügung. Bettwäsche ist auf Wunsch vorhanden. Im Wohnzimmer gibt es einen Schwedenofen (Holz im Keller), ein Radio und ein Fernsehgerät. Die grosse Küche ist komplett ausgestattet (Fondue, Raclette, usw.) und verfügt über eine Geschirrspülmaschine, einen Kaffee-Vollautomaten und einen grossen Kühlschrank.;9.297662901888673;47.0935892;Tschudiwiesenstrasse 24;8897;Flumserberg Tannenheim;+41 44 780 15 18;info@wiesengruen.ch;http://www.wiesengruen.ch;[{'@type': 'ImageObject', 'contentUrl': 'https://ostpimtsoch.sos-ch-dk-2.exoscale-cdn.com/catalog/1/d/8/3/1d8304f62e4d079114d450727eda15e090dde89a_90f28a434c0f43564b8f5083c957d4f6.jpg'}];2026-04-01T21:28:00+02:00
6ff9664e-741a-4e74-aaa8-e807eb9899a0;Chalet am Tobelbach;Das Chalet am Tobelbach in Flumserberg Tannenheim bietet direkten Zugang zur Gondelbahn Tannenheim. Es verfügt über drei Schlafzimmer, eine voll ausgestattete Küche und einen grosszügigen Wohnbereich mit Blick auf die Alvierkette und Churfirsten.;Dank der genialen Lage des Hauses bleibt ihr Auto während des Aufenthaltes stehen. Mit den Skiern erreichen Sie die Talstation der Gondelbahn Tannenheim direkt vom Haus aus. Nach einem Skitag fahren Sie bequem wieder von der Piste zu Ihrem heimeligen Feriendomizil.  
Eine Strasse führt das ganze Jahr direkt zum Chalet, wo Ihnen drei bis max. 4 Parkplätze direkt beim Haus zur Verfügung stehen. Gemütlichkeit ist für Ihren Aufenthalt garantiert. 

Das Haus verfügt über 3 holzvertäfelte Schlafzimmer (zwei mit Doppelbett, eines mit Kajütenbetten), ein Badezimmer mit Dusche, Closomat und Doppellavabo sowie ein weiteres separates WC. In der geräumigen, voll eingerichtete Küche macht kochen sogar im Urlaub Spass und der grosse ausziehbare Esstisch mit gemütlicher Eckbank eignet sich bestens für gesellige Abende mit Familie und Freunden. Highlight ist der grosszügige und offene Wohnbereich mit herrlicher unverbauter Aussicht auf die Alivierkette, die Churfirsten und freiem Blick über das Sarganserland.;9.305036144322598;47.083694513636374;Obere Anggetlinstrasse 48;8897;Flumserberg Tannenheim;+41 78 849 00 81;sengetschwiler@bluewin.ch;[{'@type': 'ImageObject', 'contentUrl': 'https://ostpimtsoch.sos-ch-dk-2.exoscale-cdn.com/catalog/9/5/e/d/95edf4873955f8dfcd59873fc446dee76f38a87b_c0041db49dea2df484af31e4fa25cbb5.jpg'}];2026-02-09T22:43:24+01:00
72030e12-42cf-479b-ab74-ef8a8ed0a479;Ferienhaus Fisch;Das Ferienhaus Fisch in Bad Ragaz bietet eine ruhige Lage mit moderner Ausstattung, Kamin und Gartensitzplatz. Es liegt in Gehdistanz zum historischen Dorfzentrum und verfügt über einen eigenen Parkplatz.;Gemütliches 2.5-Zimmer-Ferienhaus im Kurort Bad Ragaz an sonniger und ruhiger Lage, mit Cheminée im Wohnzimmer. 

Die moderne Küche ist komplett ausgestattet und verfügt u.a. über einen Geschirrspüler. Das Badezimmer und ein separates WC mit Lavabo sind ebenfalls frisch renoviert. 

Das Ferienhaus befindet sich in Gehdistanz zum historischen Dorfzentrum und verfügt über einen Gartensitzplatz sowie einen eigenen Autoabstellplatz.;9.502379894256594;47.00372544437181;Pestalozziweg 3;7310;Bad Ragaz;+41 76 548 17 00;gay-lang@gmx.ch;[{'@type': 'ImageObject', 'contentUrl': 'https://ostpimtsoch.sos-ch-dk-2.exoscale-cdn.com/catalog/0/a/6/9/0a69287cf6e711fb15e6c3a7cf1ab15a8cb5b945_609cc9b7380399bd330b4dcabee2b6e9.JPG'}];2026-01-19T22:38:47+01:00
72e8a229-f01e-4507-a7fa-24e94502c58d;«Secret - Place» Ferienwohnung;1 1/2 Zimmer- Studio;<p>Die gemütliche, helle, ebenerdig zugängliche Einliegerwohnung befindet sich an ruhiger Lage mit eigenem romantischen Sitzplatz und verfügt über folgende Einrichtung:</p><ul><li>Küchenzeile: voll ausgerüstet mit 4 Platten-Herd, Backofen, Kühlschrank, Mikrowelle, Nespresso- Maschine und Esstisch mit 4 Stühlen</li><li>Badezimmer: mit Dusche, WC, Waschmaschine und Trockner, Föhn</li><li>Wohnraum: 2 Betten, Sofa, Sekretär, Schrank, kleines Kellerabteil</li><li>Sitzplatz mit 4 Stühlen, Sonnenschirm, 2 Liegestühle</li><li>Autoabstellplatz</li><li>Ladestation für Elektroauto (verfügbar  nach Absprache)</li><li>Abstellplatz für Fahrräder, Steckdose für Ladegerät</li><li>W-Lan</li><li>inklusive Küchen-, Bett- und Badezimmerwäsche</li></ul><p>Besonderes:</p><ul><li>keine Tiere</li><li>Nichtraucher Haus</li></ul><p>Die Wohnung befindet sich nur 3 Gehminuten von der Bushaltestelle und dem Dorfzentrum entfernt.</p>;8.467188699507782;47.6661288;Mettlenstrasse 15;8217;Wilchingen;079 317 50 71;tskk@bluewin.ch;[{'@type': 'ImageObject', 'contentUrl': 'https://ostpimtsoch.sos-ch-dk-2.exoscale-cdn.com/catalog/a/6/e/e/a6ee402aacc80dd39dcbc123816e044c237b0b3e_9a83747e7257fb7c0218c7576258096d.jpg'}];2025-10-28T19:01:12+01:00
73060356-35bf-47d4-a0ce-330aeedecd4a;Mama Home;Mama Home «Wohnen mit Service» 
Möblierte Wohnungen 1.5 – 3.5 Zimmer mit Parkplatz.;Wunderschön eingerichtete Wohnungen (wohnen wie Zuhause) mitten in der Stadt St.Gallen mit Blick auf Kathedrale und Kloster und 5 Minuten zu Fuss in die Innenstadt. Alle Wohnungen verfügen über eine Küche mit Backofen, Kühlschrank, Spülmaschine, Kaffeemaschine, Wasserkocher, Glaskeramikherd, Gefrierschrank, TV-Flachbildschirm, Wireless LAN, Bad, Wohnzimmer, Schlafzimmer, komplett ausgestattete Küche. Teilweise mit Parkplatz vor dem Haus. Der Housekeeper wohnt im Haus und kümmert sich um den Service für die Gäste.;9.380558;47.422904;Webergasse 23;9000;St. Gallen;+41 76 493 20 88;info@mama-home.ch;http://www.mama-home.ch;[{'@type': 'ImageObject', 'contentUrl': 'https://ostpimtsoch.sos-ch-dk-2.exoscale-cdn.com/catalog/3/8/1/e/381e2b7d0aa2dae1dd89e628e51982053c1a0025_d7e5b8eb0650cbb61778f8ae3c3a001e.jpg'}];2026-06-16T20:17:36+02:00
7451b93b-509b-40aa-af5e-4160286ce20b;Atzmännig Lodge;«Specht», «Hirsch», «Distel» oder «Löwenzahn» – purer Komfort mitten in der Natur.;<p>Die Zimmer in der Atzmännig Lodge bestechen durch ihren rustikalen, gemütlichen und alpin-schicken Stil. Sämtliche Zimmer sind mit Dusche, WC und vielen Annehmlichkeiten* ausgestattet. Ob für den Individualgast, einen Ausflug zu zweit, eine Hochzeit, Gruppen- oder Firmenausflüge, das Familienfest oder Familienurlaub mit Kindern, die Atzmännig Lodge bietet eine grosse Vielfalt an Übernachtungsmöglichkeiten.  

*Haartrockner, Frottewäsche, Minibar, Kleiderschrank mit Bügel, Shampoo + Seife, Wasserflasche, Wasserkocher, Teebeutel und Kaffeepulver.</p><p>Das Restaurant bietet einen grossen, gemütlich eingerichteter Selbstbedienungsbereich mit grosser Sonnenterrasse. Der renovierte Saal eignet sich für Teamanlässe, Meetings oder Versammlungen.&nbsp;</p>;8.996161222457888;47.284658637716994;Sportbahnen Atzmännig AG;8638;Goldingen;+41 55 284 64 34;info@atzmaennig.ch;https://www.atzmaennig.ch/;[{'@type': 'ImageObject', 'contentUrl': 'https://ostpimtsoch.sos-ch-dk-2.exoscale-cdn.com/catalog/e/7/5/8/e75805dfa8a4602e0c7468ae7dd0b7ea876f704d_ac8c6ffc05593a036793e8ea96d50c05.jpeg'}];2026-06-16T20:28:37+02:00
74956005-75d7-439a-9f47-3fd5132b1ca4;Hotel Eastside;Hier fühlt sich jeder Gast wie Zuhause.;Das 3 Sterne Hotel Eastside*** befindet sich im Osten der Stadt St.Gallen und doch in unmittelbarer Nähe regionaler Firmen, den Olma Messen und dem Stadtzentrum. 

Durch die ausgezeichnete Anbindung an die öffentlichen Verkehrsmittel und die Nähe zur Autobahn ist es insbesondere für Geschäftsreisende die optimale Unterkunft mit perfekten Bedingungen. Für Wochenend- oder Ausflugsreisende ist ein entspannter Aufenthalt ebenfalls gewährleistet, denn die wunderschöne Bodenseeregion und das Appenzellerland liegen in nächster Nähe. Immer einen Trip wert ist selbstverständlich auch die wunderschöne Altstadt.  

Die hellen, modernen Zimmer bieten jeglichen Komfort und sind für einen gemütlichen Aufenthalt optimal ausgestattet.;9.397652073339415;47.4488338;Langgasse 151;9008;St. Gallen;+41 71 511 31 21;info@hoteleastside.ch;http://www.hoteleastside.ch/;[{'@type': 'ImageObject', 'contentUrl': 'https://ostpimtsoch.sos-ch-dk-2.exoscale-cdn.com/catalog/0/8/2/c/082c5c932ebbc7a73e9b0da8802dd664d3935fb9_fe5844872f08e4119bf94f6e28397cbb.jpg'}];2026-06-16T20:28:37+02:00
75cf4e58-21d1-472c-8aa6-9e3aaf604dde;Haus Mezzaselva (CharmingStay);Haus Mezzaselva in Flumserberg Tannenheim bietet eine moderne 2-Zimmerwohnung mit Fussbodenheizung und Panoramaaussicht auf die Churfirsten. Einkaufsmöglichkeiten, Skilift und Wanderwege sind in unmittelbarer Nähe.;Die 2-Zimmerwohnung befindet sich in einem 2007 erbauten Mehrfamilienhaus an ruhiger aber zentraler Lage und fantastischer Aussicht auf die Churfirsten. Einkaufsmöglichkeiten, Skilift, Schlittenbahn, Hallenbad und Wanderwege befinden sich in direkter Umgebung. Zur Wohnung gehört ein kostenloser Tiefgaragenplatz.

Die Wohnung ist modern und komfortabel eingerichtet. Die ganze Wohnung ist mit einem Plattenboden ausgestattet. Die Fussbodenheizung sorgt für ein angenehmes Raumklima. Zur Wohnung gehört eine möblierte Terrasse mit herrlicher Panoramaaussicht.;9.297152550000007;47.089659749999996;Mittenwaldstrasse 3887;8897;Flumserberg Tannenheim;+41 79 504 90 45;contact@charmingstay.ch;https://www.charmingstay.ch;[{'@type': 'ImageObject', 'contentUrl': 'https://ostpimtsoch.sos-ch-dk-2.exoscale-cdn.com/catalog/b/4/d/6/b4d6b5725c80c5937fb741619cbe5918a3f58fff_a8ed40267ba33f46f548527f96309246.JPG'}];2026-04-09T21:35:57+02:00
765f21fc-739d-42e7-a514-92317ce958c8;Haus Edelweiss;Das Haus Edelweiss liegt im Ski- und Wandergebiet Pizol auf Pardiel, direkt neben der Bergstation der Gondelbahn Bad Ragaz. Es bietet moderne Ferienwohnungen und ist ein idealer Ausgangspunkt für Wanderungen und Erlebnisse.;Das Haus Edelweiss befindet sich im Ski- und Wandergebiet Pizol auf Pardiel. Direkt neben der Bergstation der Gondelbahn Bad Ragaz, mit direktem Zugang von der 8er Gondelbahn liegt das Haus auf 1&#039;630m ü. M. Im Sommer/Herbst ein herrlicher Ausgangspunkt zu vielen Wanderungen und Erlebnissen am Pizol. Im Winter direkt an 43 Pistenkilometern gelegen. Die drei Ferienwohnungen sind modern und gemütlich eingerichtet.;9.46451783180237;46.98960617968337;Pardiel;7310;Bad Ragaz;+41 81 300 48 30;info@pizol.com;http://www.pizol.com;[{'@type': 'ImageObject', 'contentUrl': 'https://ostpimtsoch.sos-ch-dk-2.exoscale-cdn.com/catalog/7/2/0/b/720b1147d8d093ee0b45ecfb670a6a2e7fa0bf4f_822b09c634d1ce4e51ddd23a3bf946b0.jpg'}];2026-07-21T20:47:43+02:00
7663e752-ce38-49ed-9597-6fc839771c7a;Ferienwohnung Casa Riposo;Die Ferienwohnung Casa Riposo liegt zentral und ruhig am Waldrand in Flumserberg Tannenheim. In fünf Minuten sind Talstation, Bushaltestelle, Einkaufsmöglichkeiten und Restaurants erreichbar. Die moderne Wohnung bietet Platz für bis zu zwölf Personen.;Die 6.5-Zimmerwohnung steht sehr zentral und doch ruhig am Waldrand in Flumserberg Tannenheim. Die Talstation Prodalp-Express, Bushaltestelle, Einkaufsmöglichkeiten und Restaurants sind in 5 Gehminuten erreichbar. Die Wohnung liegt im ersten Stock und ist über eine Aussentreppe erreichbar. Zur Wohnung gehören 2  Aussenparkplätze. Weitere Parkplätze befinden sich bei den Bergbahnen Tannenheim, welche kostenpflichtig sind.

Die Ferienwohnung ist sehr gemütlich, komfortabel und modern eingerichtet. Der Wohn- und Schlafbereich ist mit einem schönen Holzboden ausgestattet. Zur Wohnung gehört zudem ein Balkon.
Zur Wohnung gehören 2 Parkplätze die restlichen Autos können bei den Bergbahnen Parkiert werden auf kosten der Mieter,;9.300026492074048;47.0912043;Tschudiwiesenstrasse 11;8897;Flumserberg Tannenheim;+49793831621;c.rupf@gmx.ch;http://www.casa-riposo.ch/;[{'@type': 'ImageObject', 'contentUrl': 'https://ostpimtsoch.sos-ch-dk-2.exoscale-cdn.com/catalog/2/5/c/9/25c94f67561236379f5c728911e299a7ecb057a4_89503ff63b1ba2c76b73339d408956d9.jpg'}];2026-01-27T22:01:29+01:00
7665e537-a3c6-41ae-896e-3e07eaeaabc3;Jugendherberge Romanshorn;Die Jugendherberge Romanshorn liegt an zentraler Lage in der Nähe des Bahnhofs und in Gehdistanz vom Bodensee. Sie ist optimaler Ausgangspunkt für Velotouren um den See, ins Thurgauer Hinterland oder für Paddelreisen auf dem Wasser.;Die Jugendherberge Romanshorn bietet ihren Gäste verschiedene Übernachtungsmöglichkeiten: Vom Doppelzimmer mit eigenem Bad übers Familienzimmer bis hin zum Mehrbettzimmer steht alles zur Verfügung. Spielzimmer, Fernsehsaal mit DVD-Player, Kiosk, Tischfussball, kostenloses Internet sowie ein Sitz- und Spielplatz im Garten draussen lassen bei einem Aufenthalt keine Langeweile aufkommen und heissen auch Familien herzlich Willkommen. In der Romanshorner Jugendherberge werden einfache schmackhafte Abendessen und ein reichhaltiges Frühstück für die Gäste zubereitet. Die Jugi liegt nur zehn Minuten Fussmarsch vom Bodensee entfernt. Stand-Up-Paddles, Kajaks und Pedalos vom Kanuzentrum La Canao können in der Jugendherberge Romanshorn gemietet und an einer anderen Vermietstation entlang des Bodenseeufers zurückgegeben werden. Die Jugendherberge ist somit guter Startpunkt oder Zischenstopp für Ein- und Mehrtagestouren auf Bodensee und Rhein.;9.3739597;47.5672846;Gottfried-Keller-Strasse 6;8590;Romanshorn;+41 58 346 84 00;jugendherberge@romanshorn.ch;http://www.youthhostel.ch/romanshorn;[{'@type': 'ImageObject', 'contentUrl': 'https://ostpimtsoch.sos-ch-dk-2.exoscale-cdn.com/catalog/1/4/2/3/1423c75ce58b2dc6b26c2f5158ad124e73f7d90b_806bd09c1e4a83adab98de62d138e964.jpg'}];2025-10-28T21:45:51+01:00
76b57f7a-bfb4-48c1-b654-ade818c25452;Ferienwohnung Schwantlernegg;Gemütliche und charmante 3.5-Zimmer-Wohnung am malerischen Dorfrand von Gais.;<p>Zentral gelegen und nur etwa 5 Gehminuten vom Bahnhof entfernt. Ruhig und ohne Durchgangsverkehr, mit atemberaubendem Blick auf den Alpstein und den S&auml;ntis. Wir sind eine kleine Familie, die ihre eigene Einliegerwohnung f&uuml;r Ferieng&auml;ste vermietet. Gais, auf rund 950 m.&uuml;.M., ist ein Paradies f&uuml;r Wanderfreunde und sanften Tourismus. Egal ob zu Fuss oder mit dem Fahrrad, die Region bietet unz&auml;hlige M&ouml;glichkeiten, die wundersch&ouml;ne Natur zu entdecken. Die lokale Gastronomie verw&ouml;hnt Sie mit einer breiten Palette von gutb&uuml;rgerlicher K&uuml;che bis hin zu Gourmet-Restaurants. <br>Mindestaufenthalt: 3 N&auml;chte<br><br></p>;9.4592104;47.3663767;Schwantlernegg 26;9056;Gais;+41 79 628 16 85;fam.schefer@bluewin.ch;[{'@type': 'ImageObject', 'contentUrl': 'https://ostpimtsoch.sos-ch-dk-2.exoscale-cdn.com/catalog/7/0/d/1/70d1e2848bdeed35fb5d0f2110c0938f9ea2fdf3_0e2147fb8bda9bbb01eb96225a4e2801.jpeg'}];2025-06-28T18:13:37+02:00
76daeeca-59a0-46ec-8212-82859e4c33b6;Haus Gimpel;Haus Gimpel bietet eine 3,5-Zimmerwohnung in ruhiger Lage in Flumserberg Tannenheim. Die Wohnung ist mit viel Holz eingerichtet und verfügt über einen Schwedenofen. Ein kostenloser Parkplatz ist vorhanden, und die Prodalp-Gondelbahn ist etwa 900 m entfernt.;Die 3.5 Zimmerwohnung befindet sich an ruhiger Lage in Flumserberg Tannenheim mit herrlicher Aussicht. Bis zur Talstation der Prodalp-Gondelbahn, Restaurants und Einkaufsmöglichkeiten sind es ca. 900 m. Zur Wohnung gehört ein kostenloser Parkplatz. Vom Parkplatz führt eine längere Treppe abwärts zum Haus.

Die Wohnung ist heimelig mit viel Holz eingerichtet. Der Schwedenofen im Wohnbereich macht den Aufenthalt sehr gemütlich. Die ganze Wohnung verfügt über einen Teppichboden.;9.3083221;47.084048;Untere Anggetlinstrasse 25;8897;Flumserberg Tannenheim;+41 44 935 18 82;moscheuner@sunrise.ch;[{'@type': 'ImageObject', 'contentUrl': 'https://ostpimtsoch.sos-ch-dk-2.exoscale-cdn.com/catalog/3/2/2/b/322b4f9615ee5ddb535267f8f78b5ae7cb8aeeef_7342fb1e573dfb1c1730436ae0a7fc04.jpg'}];2026-02-09T22:43:24+01:00
78944b14-056f-4bcf-a8df-7cc72a3d9961;Haus Panorama Hak (CharmingStay);Die 4,5-Zimmerwohnung in Flumserberg Tannenheim bietet eine schöne Aussicht auf die Churfirsten und liegt nahe der Bergbahn Prodalp-Express. Sie verfügt über zwei Balkone und einen kostenlosen Garagenplatz.;Die 4.5-Zimmerwohnung befindet sich in Flumserberg Tannenheim, sehr nahe der Bergbahn Prodalp-Express und bietet eine schöne Aussicht auf die Churfirsten. Zur Wohnung gehört ein kostenloser Garagenplatz.  

Die grosszügige Wohnung im zweiten Stock ist zweckmässig eingerichtet. Schöne Landschaftsbilder zieren die Wände. Die Wohnung verfügt über zwei Balkone mit Morgen- und Abendsonne.;9.304051995277407;47.08981171315592;Panoramastrasse 14;8897;Flumserberg Tannenheim;+41 79 504 90 45;contact@charmingstay.ch;https://www.charmingstay.ch;[{'@type': 'ImageObject', 'contentUrl': 'https://ostpimtsoch.sos-ch-dk-2.exoscale-cdn.com/catalog/5/4/1/7/5417c58682b610685dac89e85767cae78d781dda_1b1ec4924ac945da43f85e57a303396c.jpg'}];2026-08-07T20:48:40+02:00
79271d08-f70a-4ebe-a6cd-7b85c758b910;BBC Arena;Die Event- & Sporthalle bietet einen perfekten Rahmen für Ihr Business-Event, Konzert, Trainingslager oder Seminar zu attraktiven Konditionen. Die Übernachtungsmöglichkeiten sind auf die Bedürfnisse von Sportmannschaften massgeschneidert.;<p>Die grossz&uuml;gige und moderne Ausstattung unserer 32 Zimmer bietet Unternehmen f&uuml;r ihre Schulungen und Tagungen Unterkunftsm&ouml;glichkeiten im heute gesch&auml;ftlich &uuml;blichen, komfortablen aber gleichzeitig g&uuml;nstigen Rahmen.&nbsp;Dank dem zus&auml;tzlichen Zimmerangebot des Waldhotel Hohberg stehen insgesamt rund 160 Betten und total 67 Zimmer zur Verf&uuml;gung.</p><p><strong>F&uuml;r Ihren Event:</strong><br>Die BBC ARENA hat durch die Auftritte der Kadetten Handballer in der Champions League bereits innert k&uuml;rzester Zeit einen hohen Bekanntheitsgrad erlangt. Nutzen auch Sie die einzigartige, moderne und emotionale Plattform - sei es f&uuml;r Sportveranstaltungen oder Firmenanl&auml;sse. Egal ob Generalversammlungen, Kongresse, Tagungen, Workshops oder eine besondere Weihnachtsfeier &ndash; die BBC ARENA bietet Ihnen ausgezeichnete M&ouml;glichkeiten dazu.</p><ul><li>Verschiedene Bestuhlungsvarianten f&uuml;r Versammlungen, Kongresse, Bankette, Sportveranstaltungen</li><li>&Uuml;ber 2'000 m2 Aktionsfl&auml;che auf Spielfeldebene</li><li>Flexibles Trib&uuml;nensystem mit 2'400 festen Sitzpl&auml;tzen; erweiterbar im Stehplatzbereich bis zu 4'000 Personen; zus&auml;tzliche Rollstuhlpl&auml;tze</li><li>Drei VIP-Lounges</li><li>Zwei separate Bars als Bewirtungstheken</li><li>Integrierbares "Hospitality Center" f&uuml;r Galadinners, Vortr&auml;ge, Versammlungen u.a.m.</li><li>30 Pressepl&auml;tze an einer bequemen Theke mit einem optimalen &Uuml;berblick aufs Geschehen und allen n&ouml;tigen technischen Einrichtungen (W-LAN)</li><li>Separater Raum f&uuml;r Pressekonferenzen</li><li>22 TV Bildschirme &ndash; synchronisiert in Arena und Lounges</li><li>Zentrale Techniksteuerung: 3 Kameras ab Steuerpult gef&uuml;hrt f&uuml;r Aufnahmen in Halle; leistungsf&auml;hige Audioanlage mit walk-around Mikrophon</li><li>Parkierungsanlagen &ouml;stlich und westlich der BBC Arena sowie bei Grossveranstaltungen ca. 200 m s&uuml;dlich im Schneckenacker</li></ul>;8.64715672047619;47.7202507;Schweizersbildstrasse 10;8207;Schaffhausen;+41 52 644 54 00;info@bbcarena.ch;http://www.bbcarena.ch/;[{'@type': 'ImageObject', 'contentUrl': 'https://ostpimtsoch.sos-ch-dk-2.exoscale-cdn.com/catalog/7/e/4/c/7e4c78b7c1a7a49709067744425c046702152b52_1285e94f55d42876515524dce4ff0eb6.jpg'}];2025-08-18T18:48:04+02:00
79bb1f5e-0286-4c41-9539-f3e0f3c2df0c;Casa Terza (CharmingStay);Casa Terza bietet eine gemütliche 4,5-Zimmerwohnung in Top-Lage bei der Tannenbodenalp. In wenigen Gehminuten erreichst du die Talstation, Skischule, Restaurants und den Seejet. Zwei Aussenparkplätze sind inklusive.;Die wunderschöne und gemütliche 4.5-Zimmerwohnung befindet sich an Top-Lage bei der Tannenbodenalp. Innerhalb von wenigen Gehminuten erreichen Sie die Talstation Tannenbodenalp, die Skischule, Restaurants, Sportgeschäfte sowie den Seejet. Zur Wohnung gehören zwei Aussenparkplätze (im Winter ein Aussenparkplatz). ;9.281828953094703;47.0936342;Tannenbodenalpstrasse 16;8898;Flumserberg Tannenbodenalp;+41 79 504 90 45;contact@charmingstay.ch;https://www.charmingstay.ch;[{'@type': 'ImageObject', 'contentUrl': 'https://ostpimtsoch.sos-ch-dk-2.exoscale-cdn.com/catalog/e/9/8/1/e981b0736660ddd9fb6c91a3e32447a98d54b1fc_0f15aecd315f51c0c7b2a1574bf903fb.JPG'}];2026-01-27T22:01:29+01:00
7a165f8c-5f4b-44d1-bf93-630a5393e54f;Ferienhaus Fromsenrüti;Sorgfältig renoviertes, typisches Appenzellerhaus, alleinstehend auf 927 Meter über Meer mit einer tollen Aussicht auf die Bucht von Bregenz und die Berge.;Zwei Schlafzimmer, Appenzeller Stube und Essküche sind liebevoll möbliert. Herzlich willkommen und geniessen Sie unbeschwerte Tage im Appenzeller Vorderland. 

Preis pro Woche:
CHF 1100.00, inklusive Wäsche und Endreinigung;9.579260000000001;47.4436726;9428;Walzenhausen;+41 33 823 35 61;maret.hess@bluewin.ch;http://xn--fromsenrti-heb.ch/;[{'@type': 'ImageObject', 'contentUrl': 'https://ostpimtsoch.sos-ch-dk-2.exoscale-cdn.com/catalog/9/d/3/e/9d3e206c1db4f350886717299e20788333432333_45a0dfbceb2249aaf754d5b162e827a0.JPG'}];2025-02-27T18:12:28+01:00
7ae30204-b35c-4cb2-b212-e5d27f57b440;Studio Brisblick (CharmingStay);Das Studio Brisblick in Tannenboden bietet eine ruhige Lage mit Blick auf die Churfirsten und Alvierkette. Es verfügt über eine Terrasse, kostenfreien Parkplatz und erlaubt Haustiere. Ideal für Paare und Singles.;Die 1.5-Zimmerwohnung liegt sehr ruhig in Tannenboden Dorf mit schöner Sicht auf die Churfirsten und die Alvierkette. Zur Wohnung gehört ein kostenfreier Parkplatz.

Das Studio im Parterre mit Terrasse ist einfach eingerichtet, mit allem, was man braucht.
Haustiere sind erlaubt.;9.287214050000003;47.092078900000004;Untere Abendweidstrasse 3;8898;Flumserberg Tannenbodenalp;+41 79 504 90 45;contact@charmingstay.ch;http://www.charmingstay.ch;[{'@type': 'ImageObject', 'contentUrl': 'https://ostpimtsoch.sos-ch-dk-2.exoscale-cdn.com/catalog/6/8/4/7/68479970cb078d20ebc05bc78451d324945eb593_55e964db57ea67370b8fc07fe0fb14b2.jpg'}];2026-01-19T22:38:47+01:00
7b638d76-fb3c-4b32-8b6a-a830fe9bde71;Lindli-Huus;Lust auf Ferien direkt am Rhein in Schaffhausen? Das Lindli-Huus vermietet ein barrierefreies Ferienstudio mit eigenem Bad und Balkon. Wahlweise können zusätzliche Assistenzleistungen gebucht werden.;<p>Das barrierefreie Ferienstudio ist nach Süden ausgerichtet. Der sonnige und geräumige Balkon mit Blick ins Grüne lädt zum Verweilen ein.</p><p>Das Studio ist mit einem Bett, Garderobe, Kommode, Kühlschrank, Esstisch und einer Sitzgruppe mit Clubtisch ausgestattet. Auf Wunsch kann ein weiteres Bett angefordert werden. Ein eigenes Badezimmer mit Dusche/WC rundet das Angebot ab.</p><p>Preise pro Nacht:

Barrierefreies Studio ohne Frühstück Fr. 80.-<br>Barrierefreies Studio mit Frühstück Fr. 95.-</p><p>Zuschlag für Assistenz Fr. 34.30/Stunde (bei Assistenz mit besonderer Qualifikation beträgt der Zuschlag Fr. 51.50/Stunde)</p>;8.644564745294115;47.69527705;Fischerhäuserstrasse 47;8200;Schaffhausen;052 632 01 10;info@lindli-huus.ch;https://lindli-huus.ch/;[{'@type': 'ImageObject', 'contentUrl': 'https://ostpimtsoch.sos-ch-dk-2.exoscale-cdn.com/catalog/f/9/8/7/f9875adb62edff3683c909a1ab479e2997a71ce3_96e1e2aba1ae93f030631d0a05fc2595.jpg'}];2025-03-31T18:47:47+02:00
7bdb2c63-7137-4596-81d8-649248f58650;Ferienwohnungen Resort Walensee 129 & 130;Die Ferienwohnungen Resort Walensee 129 & 130 in Unterterzen bieten eine beeindruckende Aussicht auf den Walensee und die Churfirsten. Sie sind ideal für Wanderungen und Outdoor-Aktivitäten und verfügen über moderne Ausstattung und Sauna.;Die Ferienwohnungen Nr. 129 & 130 vom Haus A3 im Walensee Resort in Unterterzen haben eine wunderschöne Aussicht auf den Walensee und die umliegenden Churfirsten. Die Ferienwohnungen sind ein idealer Ausgangspunkt für Wanderausflüge sowie See- und weitere Outdooraktivitäten. Die ruhig gelegenen Wohnungen sind nur wenige Meter vom Bahnhof, den Bergbahnen sowie den nächsten Einkaufsmöglichkeiten entfernt.

Details der einzelnen Ferienwohnungen
- 1x 4.5-Zimmerwohnung Penthouse im 3. Stock
- 1x 4.5-Zimmerwohnung im 2. Stock

Die Wohnungen verfügen beide über einen geräumigen und gemütlichen Wohnraum. Die gesamte Wohnung ist sehr modern und mit pflegeleichtem Parkett eingerichtet. Beide Wohnungen verfügen über 3 Schlafzimmer sowie 2 separate Badezimmer mit Bad, Dusche, WC sowie einer Sauna.;9.257302298223717;47.115411699999996;Gosten;8882;Unterterzen;+41 78 226 56 47;paimae.gongas@hotmail.com;[{'@type': 'ImageObject', 'contentUrl': 'https://ostpimtsoch.sos-ch-dk-2.exoscale-cdn.com/catalog/e/5/3/c/e53ca3a554c3bcba7c9f637d2188021d3995101f_f72e1d5bca305fc48cd5ac5f94f34a05.jpg'}];2026-01-19T22:38:47+01:00
7beba2ea-e0c2-4dcb-b5a9-81c21e7584d4;Hotel Hirschen Wildhaus;Das 4-Stern-Hotel Hirschen Wildhaus gibt es bereits seit 1871 und es liegt direkt am Dorfplatz. Nebst drei Restaurants verfügt es auch über 8 Seminarräume, einer Bar und einer schönen Wellness-Attika.;<p>Der Hirschen Wildhaus blickt auf eine lange Geschichte als Familienbetrieb zur&uuml;ck. Heute wird das Hotel von Gesch&auml;ftsf&uuml;hrer Patrick Alpiger gef&uuml;hrt.&nbsp;</p>
<p>Das Hotel bietet insgesamt 69 Zimmer: 49 davon im Haupthaus, 10 weitere im Guest-House-Village und 9 im neu er&ouml;ffneten Bellevue (seit 1. Juli 2025). Die Zimmer &uuml;berzeugen durch modernen Komfort und einen sch&ouml;nen Ausblick &ndash; entweder in die Toggenburger Bergwelt oder in den hoteleigenen Park. <br>Weiter umfasst das Raumangebot 9 grossz&uuml;gige und helle Seminar-, Tagungs- &amp; Bankettr&auml;ume f&uuml;r bis zu 120 Personen. Gruppenr&auml;ume sowie ein Platz im schattigen Hotelgarten stehen f&uuml;r Teamarbeit und Sitzungen ebenfalls zur Verf&uuml;gung.</p>
<p>Ob Ferien oder Businessaufenthalt: Der Hirschen ist f&uuml;r beides bestens geeignet.<br>Der Wellnessbereich sorgt f&uuml;r wohltuende Entspannung nach einem aktiven Tag, und das Fr&uuml;hst&uuml;ck bietet eine reichhaltige Auswahl f&uuml;r einen genussvollen Start in den Tag.<br>Kulinarisch l&auml;dt die Hirschen Stube zu regionaler K&uuml;che mit hochwertigen Zutaten und einer grossen Weinauswahl ein. Direkt daneben erg&auml;nzt das Event- &amp; Fondue-Chalet Max das gastronomische Angebot mit sieben verschiedenen Ch&auml;s-Fondues &ndash; ge&ouml;ffnet jeweils in der Wintersaison.<br>Die All Bourbon &amp; Blues Bar &laquo;Chr&uuml;ter &amp; Choller&raquo; &uuml;berzeugt mit einer grossen Auswahl an Chr&uuml;ter, Single Malt Whiskeys und anderen Drinks. Eine Kegelbahn, Dart, ein Billardtisch, eine Smoking Lounge und ein Fussballkasten machen die Bar zum lebendigen Treffpunkt.</p>
<p>Das Hotel ist bequem mit dem Auto oder dem &ouml;ffentlichen Verkehr erreichbar &ndash; die Postauto-Haltestelle liegt direkt vor dem Haus. Ausreichend Parkpl&auml;tze stehen zur Verf&uuml;gung.</p>;9.34974;47.203388;Dorf 1 A;9658;Wildhaus;+41 71 998 54 54;info@hirschen-wildhaus.ch;http://www.hirschen-wildhaus.ch/;[{'@type': 'ImageObject', 'contentUrl': 'https://ostpimtsoch.sos-ch-dk-2.exoscale-cdn.com/catalog/c/b/5/3/cb536317cea64b76089bcbf24dbcd1ddccdb3ebf_c4eb9414f3440de11de18f2476b49769.JPG'}];2025-12-19T20:31:17+01:00
7c25a025-3926-4ab3-a88c-487994e36a04;Ferienhaus Hörli;Schönes Ferienhaus für bis zu 8 Personen in ruhigster Natur hoch über dem Neckertal. Fantastische Sonnenuntergänge und Sauna inklusive.;Das "Hörli" ist bereits anno 1655 erbaut worden und wurde damals noch als bescheidener Ziegenstall genutzt. Seit dieser Zeit hat sich einiges getan und die Liegenschaft ist gewachsen und, bis auf die ortstypische Raumhöhe von teils weniger als 2 Metern, modern geworden. 

Nach einer kompletten Renovation im Jahr 2014 bietet das Haus alle Annehmlichkeiten, die den Urlaub abseits von Hektik und Alltagsstress zu einem einzigartigen Erlebnis machen.

Nach dem Winterspaziergang zum Hochhamm oder beim Skifahren mit den Kindern am Skilift Hörnli (welcher sich in Gehdistanz befindet) können Sie sich in der Sauna aufwärmen. Eine moderne Küche ermöglicht anschliessend einen gemütlichen Fondue-Abend in der warmen Stube, aber auch für anspruchsvollere Menüs ist die Ausstattung vorhanden.

Im Sommer lädt der Garten zum Sonnen ein. Autos und Fussgänger lassen sich während dem Tag an einer Hand abzählen. Auch aktive Tage auf dem Bike oder bei einer Wanderung im Appenzellerland können mit Grillieren an der Feuerschale und einem einmaligen Sonnenuntergang abgeschlossen werden.;9.210990071296694;47.30885959988185;Schwandstrasse 24;9633;Bächli (Hemberg);+41794341310;kevin.signer@hotmail.ch;https://www.hoerli.ch;[{'@type': 'ImageObject', 'contentUrl': 'https://ostpimtsoch.sos-ch-dk-2.exoscale-cdn.com/catalog/b/4/c/2/b4c25562f4fe7404f0406b844cc1094d18886d45_e84928738b72ada54df36987847f2e5a.jpg', 'caption': {'de': 'Ferienhaus Hörli'}}];2025-04-08T18:13:41+02:00
7ce44590-b8fd-401f-a037-2d0182032f96;B&B Kugelturm in der Markthalle Altenrhein - Hundertwasser Architektur;Hier träumt man farbiger als sonst!;In der Markthalle Altenrhein bietet sich die einzigartige Gelegenheit, in einem Haus des österreichischen Architekten Friedensreich Hundertwasser zu übernachten.

Die Markthalle liegt am beliebten Bodenseeradweg. Etwa 300 Meter vom See entfernt. In unmittelbarer Nähe befindet sich der Flughafen St. Gallen-Altenrhein und das FFA Flug- und Fahrzeugmuseum. Vom Fenster aus kannst du die Flugzeuge abheben sehen. In Richtung Wien oder sonst wo hin.

Das 2-stöckige Appartement bietet viel Platz für 1-2 Erwachsene (keine Kinder). Auch Hunde sind herzlich willkommen. Fahrräder können untergestellt und E-Bikes aufgeladen werden. Rund ums Haus sind gratis Parkplätze vorhanden.;9.547996106343284;47.4850552;Knotternstrasse 2;9422;Staad;+41 79 5064735;info@markthalle-altenrhein.ch;https://markthalle-altenrhein.ch/bed-breakfast/;[{'@type': 'ImageObject', 'contentUrl': 'https://ostpimtsoch.sos-ch-dk-2.exoscale-cdn.com/catalog/a/f/0/a/af0a676c9ab381c17e7d09f7d38ec8800bc5433d_f0be1357e41843ee960bc0f3bbf91ead.jpg'}];2026-06-16T20:10:27+02:00
7ce911ac-e81e-4073-a676-0f6f5d7f2984;Appartmenthaus Quadern (A302);Das Appartmenthaus Quadern liegt im Zentrum von Valens, nahe der Reha-Klinik. Es bietet eine ruhige Umgebung und ist ideal für Ausflüge zum Wandern, Biken und Schwimmen. Einkaufsmöglichkeiten und Postautohaltestellen sind in der Nähe.;Das Appartementhaus Quadern befindet sich im Dorfzentrum von Valens, in unmittelbarer Nähe zur Reha-Klinik. Das ruhig gelegene Mehrfamilienhaus verfügt über eine grosszügige Umgebung. Die Ferienwohnung ist im Gebäude mit 32- Eigentumswohnungen integriert. Wenige Schritte vom Haus entfernt befinden sich Einkaufsmöglichkeiten sowie Postautohaltestellen. Durch die hervorragende Erreichbarkeit ab Bad Ragaz über die grösste Bogenbrücke der Schweiz ist Valens zu jeder Jahreszeit attraktiv. Umgeben von beeindruckender Bergwelt erholen Sie sich am Ausgangspunkt für Ausflüge zum Wandern, Biken, Schwimmen und vielem mehr.;9.4823745;46.9704527;Quadernstrasse;7317;Valens;+41 76 440 43 19;radadimartino@gmail.com;[{'@type': 'ImageObject', 'contentUrl': 'https://ostpimtsoch.sos-ch-dk-2.exoscale-cdn.com/catalog/3/0/d/b/30db318235ad3267a526942e05ed6a506e8d25e1_165bb50924e7983a03c3efaa2d0207a2.jpg'}];2026-01-19T22:38:47+01:00
7d3ab75e-d910-4971-b191-7215ad432d3e;Ferienhaus Hof Alten;Der Hof Alten liegt 3 km östlich von Bischofszell, nahe der Sitter. Er beheimatet Milchkühe, 2 Shetlandponys, Katzen, Zwerghasen, Hühner und einen Hund. Im kleinen Ferienhäuschen geniessen Familien und Naturliebende Urlaub auf dem Bauernhof.;Das Ferienhäuschen steht etwas abseits der Hofgebäude mit Aussicht auf Weiden und Ufergehölze der Sitter. Neben schöner Sicht erfreut der Fluss auch mit Badestrand und Grillmöglichkeit in nur zehn Minuten Fussmarsch vom Ferienhaus. Die zweistöckige Unterkunft bietet Platz für sechs Personen (4 Erwachsene, 2 Kinder) mit Wohnküche, zwei Schlafzimmern und einem Wohnzimmer mit zwei Betten. Der Sitzplatz mit Cheminée, ein Balkon und ein Spielplatz bereiten viel Vergnügen draussen an der frischen Luft. Die Tiere des Bauernhofs freuen sich auf Besuch und streichelnde Hände. Verschiedene Wander- und Radwege verlaufen in der Nähe. Zu Entdeckungen in der Natur oder zum Badeplausch laden etwa das Hudelmoos, die Sitterfähre und die Hauptwiler Weiher ein. Aber auch der Bodensee, die Stadt St. Gallen oder das Wandergebiet des Alpsteingebirges sind nur 20 bis 30 Fahrminuten entfernt. Hunde sind willkommen.;9.28125858306885;47.50140223362543;Alten 1;9220;Bischofszell;+41 71 420 04 51;Bill2@gmx.ch;http://www.thurgau-bodensee.ch;[{'@type': 'ImageObject', 'contentUrl': 'https://ostpimtsoch.sos-ch-dk-2.exoscale-cdn.com/catalog/b/7/c/a/b7cafc3817851e41b8750b7a671e67daf5db223c_e2f9b85c7f8c03b67c527b9410467416.png'}];2026-04-01T22:45:52+02:00
7f8a4bfc-6693-4ae7-9b77-b34dd329634d;Ferienhaus Tannegg;Das Ferienhaus Tannegg in Flumserberg Tannenheim bietet eine ruhige Lage, nur fünf Gehminuten von der Prodkammbahn entfernt. Es verfügt über vier Zimmer, kostenfreien Parkplatz und Garage. Renoviert im Jahr 2016.;Das im Jahre 2016 renovierte Ferienhaus mit 4 Zimmern befindet sich an ruhiger Lage in Flumserberg Tannenheim, nur ca. 5 Gehminuten von der Prodkammbahn Tannenheim und vom Dorfladen entfernt. Zum Haus gehört ein kostenfreier Parkplatz und eine Garage.

Die Ferienwohnung wurde im Jahre 2016 renoviert und ist gemütlich und zeitgemäss eingerichtet. Die Wohn- und Schlafräume verfügen über einen Holzboden. Der Hausteil hat einen separaten Eingang.;9.301205304854964;47.09072995;Tschudiwiesenstrasse 5;8897;Flumserberg Tannenheim;peterbigger@bluewin.ch;[{'@type': 'ImageObject', 'contentUrl': 'https://ostpimtsoch.sos-ch-dk-2.exoscale-cdn.com/catalog/3/e/f/1/3ef154f8fd3c997f7e186eb6de9d5f303e2fbb1d_1c617b9df64e5f4100c7ded533dbf7f4.jpg'}];2026-04-09T21:35:57+02:00
7ff5e3db-50ee-45fe-a832-3d48f2cb8958;Magnolia-Home's in Arbon;Magnolia-Homes bietet stilvolle Ferien- und Business-Apartments an attraktiven Standorten im Thurgau. Modern eingerichtet, zentral gelegen und bestens ausgestattet – ideal für Feriengäste, Geschäftsreisende sowie Kurz- und Langzeitaufenthalte.;<p>Die stilvoll eingerichteten und vollst&auml;ndig ausgestatteten Apartments in Arbon verbinden hohen Wohnkomfort mit einer attraktiven Lage nahe dem Bodensee.&nbsp;<br>Die historische Altstadt, die Seepromenade, Restaurants, Einkaufsm&ouml;glichkeiten und der Bahnhof sind schnell erreichbar. Dank der zentralen Lage eignet sich Arbon ideal als Ausgangspunkt f&uuml;r Ausfl&uuml;ge rund um den Bodensee und in die vielseitige Region Thurgau. <br>Die Apartments bieten moderne Wohn- und Schlafbereiche, voll ausgestattete K&uuml;chen und einen unkomplizierten Self-Check-in. Sie eignen sich sowohl f&uuml;r Ferieng&auml;ste und Gesch&auml;ftsreisende als auch f&uuml;r l&auml;ngere Aufenthalte.</p>;9.4253266;47.5126604;Eichenstrasse 43;9320;Arbon;+41792605040;info@magnolia-homes.ch;https://www.magnolia-homes.ch;[{'@type': 'ImageObject', 'contentUrl': 'https://ostpimtsoch.sos-ch-dk-2.exoscale-cdn.com/catalog/e/1/d/0/e1d044cb0e9733b99b0e0e59e203745a935a6789_287f643b745ff12f745134d959112079.jpg'}];2026-09-10T21:50:57+02:00
80ad88f8-1b29-40c6-b9d2-706fc517d659;Haus Bernova;Haus Bernova bietet eine ruhig gelegene 2,5-Zimmerwohnung im Flumserberg Tannenbodenalp, nur zwei Gehminuten von der Skiliftanlage entfernt. Die funktional eingerichtete Ferienwohnung verfügt über kostenlose Parkplätze.;Die 2.5 Zimmerwohnung befindet sich im Parterre eines freistehenden Einfamilienhauses in Flumserberg Tannenbodenalp. Das Haus ist ruhig gelegen und nur ca. 2 Gehminuten von der Skiliftanlage entfernt. Parkplätze sind kostenlos vorhanden.

Die Ferienwohnung ist zweckmässig eingerichtet. Wohn- und Schlafräume verfügen über einen Plattenboden.;9.285433097139828;47.09269295;Abendweistrasse 11;8898;Flumserberg Tannenbodenalp;+41 55 210 15 13;bernova@bluewin.ch;http://homepage.bluewin.ch/bernova;[{'@type': 'ImageObject', 'contentUrl': 'https://ostpimtsoch.sos-ch-dk-2.exoscale-cdn.com/catalog/6/3/c/0/63c0fd549434561afb202e00c6d7b4177a523015_8cc89fba2698eb51e9b09421d7ed650c.jpg'}];2026-02-09T22:43:24+01:00
8106e8b0-c14b-4edb-8e85-ce4a43dc4aa7;Hagenhütte;Die Hagenhütte befindet sich nur wenige Meter neben dem Hagenturm, welcher mit 912 m ü.M. der höchste Punkt des Kantons Schaffhausen ist.;Die Hütte ist von Merishausen, Hemmental oder Beggingen aus erreichbar und wird ganzjährig vermietet. Sie bietet im Aufenthaltsraum Platz für 40 Personen und verfügt über zwei Schlafräume mit insgesamt 25 Schlafplätzen. Geheizt und gekocht wird mit Holz, das Wasser stammt aus der Zisterne, in welcher das Regenwasser gefasst wird. Die Beleuchtung erfolgt im Aufenthaltsraum mit Petrollampen und in den anderen Räumen mit Solarstrom.

Die Hagenhütte steht am Waldrand und grenzt an ein grosses Wiesenstück mit einer Feuerstelle, welche ebenfalls benutzt werden kann.;8.567877442856048;47.77622505;-;8232;Merishausen;+41 79 824 04 59;info@hagenhuette.ch;http://www.hagenhuette.ch;[{'@type': 'ImageObject', 'contentUrl': 'https://ostpimtsoch.sos-ch-dk-2.exoscale-cdn.com/catalog/f/8/2/a/f82a7136dbe91808d54df753371c430b06175251_ea25b69eaa535e0566c79ed4d9b4dce4.jpg'}];2025-03-31T18:53:19+02:00
8180f7a5-2035-44fa-bc28-90b967125816;Haus zur Föhre (Whg. Lendi);Die 3-Zimmerwohnung im Haus zur Föhre in Flumserberg Tannenboden bietet Platz für bis zu fünf Personen. Sie liegt nur zwei Minuten vom Skilift entfernt und verfügt über zwei Balkone sowie einen kostenlosen Garagenplatz.;Die 3-Zimmerwohnung befindet sich in einem 6-Familienhaus in Flumserberg Tannenboden. Bis zum Skilift sind es nur ca. 2 Minuten. Zur Wohnung gehört ein kostenloser Garagenplatz.

Die Wohnung ist gemütlich, mit viel Holz eingerichtet und hat Platz für bis zu 5 Personen. Zur Ferienwohnung gehören zwei Balkone.;9.286522401042062;47.0918244;Abendweidstrasse 4;8898;Flumserberg Tannenbodenalp;+4975441569;vrenilendi@web.de;[{'@type': 'ImageObject', 'contentUrl': 'https://ostpimtsoch.sos-ch-dk-2.exoscale-cdn.com/catalog/a/c/2/2/ac225b80bf369b25206e4721ba59895f3feda078_c985f7951a8453263c3b8f633c23fee3.jpg'}];2026-02-09T22:43:24+01:00
82c4992f-38ff-4a9b-bee8-8c5deef1c37f;Appenzeller Huus;Das Appenzeller Huus Resort umfasst das historische Huus Bären, das moderne Huus Löwen und das exklusive Huus Quell. Diese Hotels bieten eine einzigartige Kombination aus Tradition, Wellness, nachhaltiger Kulinarik und erstklassigem Service im Herzen des Appenzellerlands.;Das Appenzeller Huus Resort in Gonten umfasst drei exklusive Hotels: das historische Huus Bären, das moderne Huus Löwen und das 2025 eröffnete Huus Quell. Als 3 Sterne Superior Hotel bietet das Huus Bären mit seinen individuell gestalteten Zimmern und der Sauna-Oase modernen Komfort in einem traditionsreichen Ambiente. Das Huus Löwen verbindet alpinen Chic mit zeitgemässem Design und bietet luxuriöse Zimmer, Suiten sowie beeindruckende Ausblicke auf den Alpstein. Das Huus Quell wird als 5 Sterne Superior Wellness-Resort mit 2’200 Quadratmetern Wellnessbereich und gehobener Kulinarik ein exklusiver Rückzugsort für Regeneration und Entschleunigung. Alle drei Hotels vereinen Nachhaltigkeit, hochwertige Gastronomie und ein einzigartiges Wellnesserlebnis und bieten den idealen Rahmen für Hotelaufenthalte, Gruppenreisen, Geschäftsreisen und private Feiern im Appenzellerland.;9.34666089999996;47.3285937;Dorfstrasse 40;9108;Gonten;+41 71 795 40 10;info@appenzellerhuus.ch;https://appenzellerhuus.ch/;[{'@type': 'ImageObject', 'contentUrl': 'https://ostpimtsoch.sos-ch-dk-2.exoscale-cdn.com/catalog/4/4/8/b/448ba345fbe1e48d4690a00ecad1a5d9161a86fa_363afba04d985c99c574669e1a544169.jpg', 'caption': {'en': 'Appenzeller Huus: Huus Löwen', 'fr': 'Appenzeller Huus: Huus Löwen, vue extérieure'}}];2026-06-16T20:28:37+02:00
831ca326-78a8-4a5e-827a-8cdb5e5e6ee0;St. Gallerhof Apartment;Die Ferienwohnung liegt zentral in Bad Ragaz, nahe der Tamina Therme und Einkaufsmöglichkeiten. Sie bietet einen Balkon, ist rollstuhlgerecht und verfügt über Waschmaschine und Trockner. Parkmöglichkeiten sind im nahegelegenen Parkhaus vorhanden.;<p>Das St. Gallerhof Apartment befindet sich mitten im Dorf von Bad Ragaz, nahe der Tamina Therme (ca. 10 min Fussweg) sowie allen Einkaufsm&ouml;glichkeiten (ca. 2 min Fussweg). Die Wohnung befindet sich in einem mehrst&ouml;ckigen Geb&auml;ude und bietet Zugang zu einem Balkon. Parkm&ouml;glichkeiten befindet sich im nahegelegenen Parkhaus im Dorf (kostenpflichtig). Die gesamte Wohneinheit ist rollstuhlgerecht und ist mit einem Fahrstuhl erreichbar. Eine Waschmaschine, ein W&auml;schetrockner und ein B&uuml;geleisen sind verf&uuml;gbar. Es ist eine Nichtraucherwohnung.</p>;9.5007894;47.0017573;Kronenplatz 1;7310;Bad Ragaz;+41 61 382 33 22;info@basel-rooms.ch;https://www.basel-rooms.ch/bad-ragaz-ferienwohnung/;[{'@type': 'ImageObject', 'contentUrl': 'https://ostpimtsoch.sos-ch-dk-2.exoscale-cdn.com/catalog/9/8/8/7/98874f88ff438f453bf52c2d47b7dc8f1116abca_09cafee4b52ab436b2783a65ef8436c9.jpg'}];2026-01-19T22:38:47+01:00
83b8c2bc-7c30-48c1-8cda-b5f1610d5046;Ferienhaus Siesta;Das Ferienhaus Siesta liegt ruhig am Ende einer Quartierstrasse in Flumserberg Tannenbodenalp. Es bietet Platz für bis zu sieben Personen mit vier Zimmern, Terrasse, Cheminée und Liegewiese. Hunde sind auf Anfrage willkommen. Im Sommer wird das Haus nicht vermietet.;Ferienhaus an ruhiger Lage, am Ende einer Quartierstrasse, im Grünen gelegen, prächtige Aussicht. 4-Zimmer, max. 7 Personen, Terrasse, Cheminée, Liegewiese, Parkplatz. Hunde auf Anfrage. 

Im Sommer keine Vermietung.;9.280963;47.094247;Drachenweid 16;8898;Flumserberg Tannenbodenalp;+4179 4195171;schwalbenpark@bluewin.ch;[{'@type': 'ImageObject', 'contentUrl': 'https://ostpimtsoch.sos-ch-dk-2.exoscale-cdn.com/catalog/b/f/a/4/bfa47e52064f9c3d1f24715b86166f67ea76728f_4c158610e3f46fc5266254f9eccd1a51.jpg'}];2026-04-01T21:32:41+02:00
83d72254-5ead-488b-b7ce-ec2da96a7ab7;ibis Styles St Margrethen Bodensee;Design + Lifestyle + Service = Superior;Das Designhotel ibis Styles St Margrethen lädt mit einem offenen Raumkonzept zum Ankommen ein. Echtholzmöbel mit individueller Maserung bringen einzigartigen Charakter in das Interieur. Warme Farben unterstreichen den natürlichen Eindruck und sorgen für Wohlfühlatmosphäre. Egal ob Geschäftsreise, Erholungsurlaub oder Wanderabenteuer: Hier erleben die Gäste einen unvergesslichen Aufenthalt und entdecken den Charme der Ostschweiz zwischen Alpen und Bodensee hautnah.

Als zertifiziertes "Bikehotel" verfügt das Ibis Styles St Margrethen über einen abschliessbaren Fahrradkeller mit einigen Extras.;9.635871514244224;47.450590250123;Walzenhauserstrasse 1;9430;St. Margrethen;+41715446480;nicole.weber@accor.com;https://all.accor.com/hotel/B5W6/index.en.shtml;[{'@type': 'ImageObject', 'contentUrl': 'https://ostpimtsoch.sos-ch-dk-2.exoscale-cdn.com/catalog/b/f/8/0/bf80d950a71cda428ef7f2d1cfe4d98df453fc0e_9c2812947695a4abf0262e10c857d225.jpg'}];2026-06-16T20:28:37+02:00
842816d9-2d17-484c-94da-46b208854adc;Hotel Müllers, Self-Check-In;Im Hotel Müllers in Arbon erleben Gäste Komfort und skandinavische Leichtigkeit. Das moderne Design, die 24/7 Self-Check-In Option, Parkplätze und E-Bike Ladestationen bieten Annehmlichkeiten an einem idealen Standort am Bodensee - perfekt für Wanderer, Radfahrerinnen und Wassersportler. 




;Im Hotel Müllers in Arbon gibt es moderne und praktisch eingerichtete Zimmer, darunter Doppelzimmer, Einzelzimmer, Familienzimmer und Studios. Die Zimmer überzeugen durch eine minimalistische Ausstattung mit skandinavischer Leichtigkeit und natürlichen Elementen aus Holz. Der 24/7 Self-Check-In ermöglicht flexible Ankunft. Haustiere sind gegen Aufpreis willkommen. Das Hotel liegt direkt am Bodensee und ist ein idealer Ausgangspunkt für Wanderungen, Fahrradtouren und Wassersport. Parkplätze für Autos und Fahrräder sind verfügbar, ebenso wie Ladestationen für E-Bikes. Von hier aus können Gäste die zauberhafte Region Arbon und ihre vielfältigen Schönheiten erkunden. Die Schifflände Bar bietet leichte Snacks und in der Umgebung gibt es zahlreiche Restaurants. ;9.4369819;47.5146364;Hafenstrasse 6;9320;Arbon;+41 71 511 44 77;info@hotel-muellers.ch;https://hotel-muellers.ch/;[{'@type': 'ImageObject', 'contentUrl': 'https://ostpimtsoch.sos-ch-dk-2.exoscale-cdn.com/catalog/1/1/d/d/11dd3b1fc6814f8e89f194f6fc282a8ed4908704_68a20a9a3da0b1dc20b8b2878224aace.jpg'}];2025-02-17T13:24:37+01:00
843063b7-1f5e-498e-ba2e-54f34a0f5147;Boutique Hotel City Weissenstein;Das zu den Sorell Hotels gehörende Boutique Hotel City Weissenstein in St.Gallen ist nicht nur ideal für Städtereisende und Kurztrips, sondern bietet auch Raum und Platz für Langzeitgäste und Meetings.;Mit einer grosszügigen, wohnlich eingerichteten Lobby, 32 stilvollen und individuellen Zimmern und einem kreativen Workshopraum lädt das Hotel nicht nur zum Übernachten, sondern auch Verweilen und Tagen ein. Stoffe von Jakob Schlaepfer und Christian Fischbacher sind im ganzen Haus zu finden und verleihen den modernen Elementen eine gemütliche Note.
 
Das Hotel ist nur wenige Schritte vom Bahnhof entfernt. Auch Restaurants, Museen, Kinos und Theater sind bequem zu Fuss erreichbar.

Was auch immer die Gäste nach St.Gallen führt, im Boutique&nbsp;Hotel City Weissenstein finden Geschäftsreisende, Familien, Paare und Langzeitaufenthalter ihre vier Wände zum Ankommen und Wohlfühlen.

Der Seminarraum hat eine Grösse von 70qm.;9.3698661;47.4207437;Davidstrasse 21;9000;St. Gallen;+41 71 228 06 28;cityweissenstein@sorellhotels.com;http://sorellhotels.com/city-weissenstein;[{'@type': 'ImageObject', 'contentUrl': 'https://ostpimtsoch.sos-ch-dk-2.exoscale-cdn.com/catalog/3/f/9/e/3f9ee1b030baef1f8e8a73cc656406930c74b717_8da1d6e52b784068c948ea5eee8f7a90.jpg'}];2026-06-16T20:28:37+02:00
844f0c5a-f5e6-48eb-b718-1c5592e1872f;Casa Luna A (Whg. Riesen);Die 3,5-Zimmerwohnung Casa Luna A liegt zentral am Flumserberg Tannenboden, gegenüber dem Hotel Tannenboden. Sie bietet einen kostenlosen Tiefgaragenplatz sowie einen Skiraum und Veloraum, die von aussen zugänglich sind.;Die 3.5-Zimmerwohnung liegt zentral am Flumserberg Tannenboden gegenüber dem Hotel Tannenboden, unweit von der Bushaltestelle und einem kleinen Supermarkt entfernt. Zur Wohnung gehört ein kostenloser Tiefgaragenplatz. Zudem ist ein Skiraum und ein Veloraum von aussen zugänglich.;9.286226900000003;47.092718250000004;Flumserbergstrasse 187;8898;Flumserberg Tannenbodenalp;+41 79 634 24 81;casaluna.flumserberg@gmail.com;[{'@type': 'ImageObject', 'contentUrl': 'https://ostpimtsoch.sos-ch-dk-2.exoscale-cdn.com/catalog/5/5/4/4/55449ec5b1adee06fbe31b7bdca2311df4205b80_bbcb93ddb2909b6040039cf5e2b55c5d.jpg'}];2026-01-19T22:38:47+01:00
845159ec-05e5-48ae-8f4d-8627c1d23dfa;Ferienhaus "The View";Das Ferienhaus The View liegt zentral in Flumserberg-Tannenboden, nur 10 Gehminuten von der Talstation Tannenboden entfernt. Es bietet eine schöne Aussicht auf die Churfirsten und Einkaufsmöglichkeiten sind in wenigen Minuten zu Fuss erreichbar.;Das 6-Zimmer-Ferienhaus befindet sich direkt im Zentrum von Flumserberg-Tannenboden, 10 Gehminuten von der Haustüre bis zur Talstation Tannenboden und bietet eine schöne Aussicht auf die Churfirsten. Einkaufsmöglichkeiten sind in wenigen Minuten zu Fuss erreichbar. ;9.286983526553339;47.09334135;Arvenstrasse 4;8898;Flumserberg Tannenbodenalp;+41 78 847 21 25;am.schuepbach@bluewin.ch;[{'@type': 'ImageObject', 'contentUrl': 'https://ostpimtsoch.sos-ch-dk-2.exoscale-cdn.com/catalog/a/c/7/1/ac71870961ab5821370ff234724ca4b6deaacd05_ca1068658b9175394b5c29b97838e7cd.jpg'}];2026-01-19T22:38:47+01:00
84d386b3-5fd5-4c8f-ad6a-0958086fb50d;Swissyurt;Die liebevoll selbst gebaute Jurte «Swissyurt» ausserhalb von Bischofszell ist eine kleine runde Oase, um die Seele baumeln zu lassen. Für Entdeckerinnen und Naturliebhaber! ;Das von den Gastgebern selbst errichtete «Zelt», das seinen Ursprung bei den Nomaden in Zentralasien hat, beherbergt auf rund 20 Quadratmetern bis zu vier Personen. Eingerichtet ist die Swissyurt ähnlich einem kleinen Studio – nur mit einer Prise mehr Abenteuer. So kocht man etwa auf einem zweiflammigen Gasrechaud vor dem Eingang und heizt an kälteren Tagen mit einem Holzofen. 

Auf der Terrasse geniesst man einen herrlichen Blick auf die Flusslandschaft der Sitter und ist umgeben von Wiesen, Wald und Feldern. Ein kleiner Holzkohlengrill lädt zum sommerlichen Grillplausch, ein Spielplatz zum Schaukeln und Wippen. Ein eigenes WC und Dusche befinden sich im 30 Meter entfernten Wohnhaus. ;9.2613015;47.5017361;Eberswilerstrasse 15 A;9220;Bischofszell / Eberswil;+41 71 422 12 15;swissyurt@gmail.com;https://swissyurt.ch/;[{'@type': 'ImageObject', 'contentUrl': 'https://ostpimtsoch.sos-ch-dk-2.exoscale-cdn.com/catalog/c/6/8/4/c68409746a3d8a771cd80fb3dc3cbb672bd79651_c14b21675f52403e3c80b48c04a8575f.png'}];2026-09-10T21:50:57+02:00
8567a589-b026-4c2d-809d-6a0bd263d301;See & Park Hotel Feldbach;Das See & Park Hotel Feldbach in Steckborn ist ein besonderer Ort mit einer besonderen Geschichte zurück bis 1252: Wo einst Ordensfrauen lebten, erwarten die Gäste heute Hotelkomfort und kulinarisch Genüsse in traumhafter Umgebung am Ufer des Bodensees.;In einmaliger Lage in Steckborn direkt am Ufer des Untersees, befindet sich das ehemalige Kloster Feldbach aus dem 13. Jahrhundert. Heute geniessen die Gäste im See & Park Hotel Feldbach das unvergleichliche modern-historische Ambiente inmitten von Rosengarten, weitläufiger Parkanlage und Yachthafen. Gleich gegenüber liegt das moderne Hotelgebäude mit 36 komfortablen Zimmern. Unter dem Dach des historischen Klosters, befindet sich die Turmbar, historische Fest- und Seminarsäle, das stilvolle Restaurant und die traumhafte Seeterrasse.

Kulinarisch werden die Gäste mit gutbürgerlichen Gerichten mit der richtigen Priese an Raffinesse verwöhnt. Dazu werden edle Tropfen empfohlen.;8.974441;47.6647262;Im Feldbach 10;8266;Steckborn;+41 52 762 21 21;info@hotel-feldbach.ch;http://www.hotel-feldbach.ch/;[{'@type': 'ImageObject', 'contentUrl': 'https://ostpimtsoch.sos-ch-dk-2.exoscale-cdn.com/catalog/8/8/e/0/88e0159b33fc9972c72d61684dc613d24c0448c4_95cfd3821c3a668cdf02280505f1c7dc.jpg'}];2026-08-26T21:54:17+02:00
85962953-0ef2-4570-84da-c6b891e05bc8;Ferienwohnung Gäumann - Kiener;Die Ferienwohnung Gäumann - Kiener in Bad Ragaz bietet eine gemütliche 3 1/2 Zimmer Duplex-Wohnung mit sonniger Terrasse und kostenfreiem Parkplatz. Sie ist ideal gelegen in der Nähe des Bahnhofs und bietet Internet sowie Kabel-TV.;Es erwartet Sie eine gemütliche 3 1/2 Zimmer Duplex-Wohnung, die ideal in der Nähe des Bahnhofes liegt. Der Autobus, der Sie bequem in die Ortsmitte zu den Einkaufsmöglichkeiten und den Thermalbädern führt, ist nur wenige Minuten entfernt.

Die Wohnung, 75m2 gross, liegt im ersten Stock eines Vierfamilienhauses. 
Auf der Eingangsetage erwartet Sie ein gemütlicher Wohnraum mit moderner offener Küche mit Esstisch, vier Stühlen, Stehbar, Sofa (Canapélit), zwei Sesseln, Kabel TV.
Die vollausgestattete Küche verfügt über Keramikkochfeld, Backofen, grossen Kühlschrank, Geschirrspülmaschine, Kaffeemaschinen, Wasserkocher, Toaster, Fondue- Raclette Set.
Weiter gibt es ein Badezimmer mit Badewanne und WC.
Vom Wohn- Essraum aus gelangen Sie direkt auf die grosse sonnige Terrasse (2021 renoviert) mit einem traumhaften Blick auf die Bergwelt und die Tamina Brücke. Sitzgelegenheiten wie Gartenlounge, Tische, Stühle sind vorhanden.

Im oberen Stockwerk finden Sie die Schlafzimmer. Ein Schlafraum ist ausgestattet mit zwei Betten und einem antiken Holzschrank, der andere, ein Giebelzimmer, verfügt über zwei Betten und ein Lavabo. Zudem ist ein separates WC auf dem Stockwerk.

Die Wohnung verfügt über Parkettböden (2022 unteres Stockwerk neu versiegelt).
Auch steht Ihnen ein kostenfreier Parkplatz zur Verfügung.
Internet, Kabel TV vorhanden.;9.506962608812813;47.009789549999994;Fläscherstrasse 73;7310;Bad Ragaz;+41794274588;renate.gaeumann@gmail.com;[{'@type': 'ImageObject', 'contentUrl': 'https://ostpimtsoch.sos-ch-dk-2.exoscale-cdn.com/catalog/5/5/9/6/5596a393015d155a1edcfb1a084a9b5cc8b94a7e_6f7014921d0cba2c794665e625899df6.jpg'}];2026-04-01T21:32:41+02:00
85a94fa1-4cba-498e-a6f6-27c45f91af61;Hotel Rössli Tufertschwil;Beim Reisen entdeckt man die Welt - Im Rössli das Toggenburg. 
Bei uns vereint sich Aktuelles mit Verwurzeltem. 
Modern das Hotel und die Seminarräume, traditonsreich der Landgasthof.;Der malerische Weiler Tufertschwil liegt in der beschaulichen Welt des unteren Toggenburg. Helle, modern eingerichtete Räume bieten genügend Platz für Anlässe und Seminare. Das ganze Hotel ist barrierefrei zugänglich und die Parkplätze sind kostenfrei.
Von unserem Restaurant haben Sie einen wunderbaren Blick in die Toggenburger Bergwelt mit den Churfirsten und dem Säntis. In unserer idyllischen Gartenterrasse geniessen Sie einen erfrischenden Aperitif oder ein kühles St. Galler Bier, während Sie ihre Kinder, auf dem einzigartigen und grossen Spielplatz beobachten können. 
Die Erholung vom Alltag finden Sie in einem unserer absolut ruhigen Hotelzimmer mit Blick in die Natur.

Unsere traditionelle Schweizer Küche bietet für jeden Geschmackstyp das passende Menü. Regionale und marktfrische Produkte werden mit viel Leidenschaft von unserem eingespielten Küchenteam zubereitet.
Der Familienbetrieb setzt sich aus unkomplizierten und aufgestellten Menschen mit Begeisterung für ihren Beruf zusammen.
Wir servieren Lebensfreude und freuen uns auf Ihren Besuch!;9.0971459;47.3933526;Tufertschwil 20;9604;Lütisburg;+41 71 932 01 00;kontakt@roessli-tufertschwil.ch;http://www.roessli-tufertschwil.ch/;[{'@type': 'ImageObject', 'contentUrl': 'https://ostpimtsoch.sos-ch-dk-2.exoscale-cdn.com/catalog/1/3/7/3/1373303d1ecda5af3dc736f1a7d9659afc9fbc6c_47a1cece597b61fdd53c71635d5a9f5c.jpg'}];2025-12-16T20:30:18+01:00
85e847ff-0c59-44b1-b040-5c20f44b9bee;Ferienwohnung Allegra Appenzell;Kleine, edle Ferienwohnung in Trogen.;<p>Die frischrenovierte Ferienwohnung ist bereit, um Sie herzlich willkommen zu heissen.&nbsp; Trogen ist ein herrlicher, historischer Ort, welcher viele M&ouml;glichkeiten bietet: Bodensee in n&auml;chster N&auml;he, Alpsteingebiet in gleicher N&auml;he. Um Trogen gibt es herrliche Wanderungen mit traumhafter Aussicht &uuml;ber den ganzen Alpenraum: Hohe Buche, G&auml;bris.&nbsp; Die Wohnung ist ideal f&uuml;r 2 Personen, sie bietet aber auch Platz f&uuml;r maximal 4 Personen. Im Wohnzimmer stehen zwei Bettsofas f&uuml;r welche es separate Matratzen gibt.&nbsp;Im Wohnzimmer befindet sich ein Fernseher mit integriertem Radio ab Swisscom Box. Ebenso k&ouml;nnen Sie Netflix gratis benutzen. WLAN ist ebenfalls kostenlos vorhanden. In der abgeschlossenen Garage k&ouml;nnen Sie ihr Auto parkieren.&nbsp;Die Gastgeber freuen sich auf Sie.<br>Mindestaufenthalt: 5 N&auml;chte</p>;9.4650334;47.4080647;Hinterdorf 20;9043;Trogen;+41 79 237 63 63;maria.schmid-gadient@bluewin.ch;https://ferien-trogen.ch/;[{'@type': 'ImageObject', 'contentUrl': 'https://ostpimtsoch.sos-ch-dk-2.exoscale-cdn.com/catalog/1/a/a/7/1aa70ddd4d78935a8a11ed2d31ae0f6e8047988b_23d58cba0b3cf1499444f0a65c8806ff.jpg'}];2025-10-28T15:32:44+01:00
85fca628-9465-472a-8938-65009d583af3;Gauenpark (Whg. Zürcher);Das Gauenpark Apartment in Flumserberg Tannenheim bietet eine gemütliche 1 1/2 Zimmer Wohnung mit 2-4 Betten. Die Unterkunft ist familienfreundlich und bietet eine wunderschöne Aussicht auf die Churfirsten.;Küche mit Abwasch- und Nespresso- Kaffeemaschine, Mikrowelle, Toaster, Racletteöfeli, Fondue - Chinoise- Käse etc.
Wohnzimmer mit Fernseher, DVD, X-Box und Stereoanlage.
Wunderschöne Aussicht auf die Churfirsten.;9.298958655716081;47.0901013;Flumserbergstrasse 146;8897;Flumserberg Tannenheim;+41 71 891 54 25;heidi.zuercher61@bluewin.ch;[{'@type': 'ImageObject', 'contentUrl': 'https://ostpimtsoch.sos-ch-dk-2.exoscale-cdn.com/catalog/2/b/4/e/2b4e713273e4d96c30036f1a5e6a18492ea28519_f5df189d78da0c68f1f072daeabac89f.JPG'}];2025-07-23T20:21:11+02:00
86a9b067-50ce-4a13-8445-5a3bfa88459a;Ferienhaus Vogelherd;Attraktive Ferien in historischem Appenzellerhaus an idyllischer Lage mit herrlicher Sicht auf den Bodensee;Das Denkmalschutzobjekt (sog. Strickbau von 1750) liegt sehr ruhig unweit des Dorfes in der “Vogelherd”. Der grossartige Blick auf den Bodensee lädt ein zum Ausruhen (kleiner Garten neben dem Luchtenbächlein und sonniger Sitzplatz auf der Südseite mit Brunnen). Der Hausteil ist geeignet für 4-5 Personen (davon max. 4 Erwachsene, Kinder schulpflichtig).
Ehemalige Gaststube mit historischem Gusseisenofen und versenkbaren Fensterläden als Wohn-/Esszimmer, drei charmante Schlafzimmer, Küche, Badezimmer und separates WC. Kugelgrill, diverse Gartenstühle usw. sind zur freien Benutzung, Autoabstellplatz (nicht überdacht). 
Der Witzweg (sehr lustig!) führt fast am Haus vorbei. Auch die anderen Wanderrouten im hügeligen “Vorderland”, ins Biedermeierdorf Heiden oder zum Ausflugsort St.Anton sind attraktiv, ebenso die Ausflüge an den Bodensee – dies auch dank guten Verbindungen – und natürlich eine Fahrt mit den Appenzeller Zahnradbahnen (Heiden-Rorschach, Rheineck-Walzenhausen).;9.5462781;47.452769399999994;Vogelherd 66;9427;Wolfhalden;+41 44 923 45 56;rstengel@gmx.ch;[{'@type': 'ImageObject', 'contentUrl': 'https://ostpimtsoch.sos-ch-dk-2.exoscale-cdn.com/catalog/f/3/4/a/f34a602f5f99f97caf675e13b31b89b4c4e0dca9_f8e52519cf1cf58d1806cc9a0837be8c.PNG'}];2025-02-27T18:12:28+01:00
87a259be-d885-4e5d-ac7e-16ff535a6135;Eselhof Säge;Ein wundervoller Ort für entspannende Momente und spannende Augenblicke.;<p>Auf unserem kleinen Eselhof ermöglichen wir unseren Gästen in familiärem Ambiente ein Zusammensein mit unseren Eseln und Kleintieren und schaffen in vielerlei Hinsicht bereichernde Begegnungen.</p><p>In der liebevoll eingerichteten rustikalen Scheune direkt am Bach befindet sich das 4-Bett-Zimmer und die zwei Strohräume oberhalb des Eselstalles auf dem Heuboden. Das Zimmer ist beheizt und verfügt über gute Matrazen und einen Kleiderschrank.
Sie schlafen im Doppelbett oder in einem oder zwei Klappbetten.</p>;8.7841163;47.7179881;Unterdorfstrasse 4;8263;Buch;+41 52 740 10 67;eselhof-saege@gmx.ch;http://www.eselhof-saege.ch/;[{'@type': 'ImageObject', 'contentUrl': 'https://ostpimtsoch.sos-ch-dk-2.exoscale-cdn.com/catalog/a/6/2/8/a628a5fb6ae44d300f804029380f7f7a31a91fe7_3500f7fd57095df0251edad34868313f.jpg'}];2025-03-31T18:47:47+02:00
87dc73dc-5c2c-4325-b3de-6a84dda96e03;Chalet Gauschla (CharmingStay);Das Chalet Gauschla in Flumserberg Tannenheim bietet zwei gemütliche Ferienwohnungen mit moderner Ausstattung und Terrasse. Die ruhige Lage auf 1250 m ü. M. ermöglicht einen schnellen Zugang zum Dorfzentrum und zur Prodalp-Express-Bahn.;Das Chalet steht in Flumserberg Tannenheim im Quartier Angettlin, auf rund 1250 m ü. M. an ruhiger und sonniger Lage. Zum Dorfzentrum Tannenheim mit Restaurants, Einkaufsladen und Prodalp-Express-Bahn sind es nur ca. 7 Gehminuten. Zum Chalet gehört ein kostenloser Parkplatz. Es besteht eine ganzjährige Zufahrt.

Details der einzelnen Ferienwohnungen
- 1x 3.5 Maisonette-Zimmerwohnung im Parterre
- 1x 2.5-Zimmer-Wohnung im oberen Stock

Die Wohnungen verfügen beide über einen geräumigen und gemütlichen Wohnraum mit Sofa, TV, Radio und CD/DVD-Player sowie einem Essbereich mit grossem Holztisch, Eckbank und Stühlen. Bad mit Dusche/WC, Haarföhn und eine moderne Küche mit Induktionskochfeld, Backofen, Kühlschrank, Geschirrspüler, Kaffee-/Teekocher, Fondue- und Raclettegeschirr. Zu den Wohnungen gehört auch eine Terrasse mit grossartiger Aussicht.;9.3065867;47.0834836;Obere Angetlinstrasse 6;8897;Flumserberg Tannenheim;+41 79 504 90 45;contact@charmingstay.ch;https://www.charmingstay.ch;[{'@type': 'ImageObject', 'contentUrl': 'https://ostpimtsoch.sos-ch-dk-2.exoscale-cdn.com/catalog/e/a/a/2/eaa214d463ee2ed81864a206478301c0ce532c0a_232d5dca5583f6dfa417077da2546dc2.JPG'}];2026-01-19T22:38:47+01:00
8a5a2ec0-710a-497f-9923-acff7195b22b;Ferienhaus Fäsch;Das Ferienhaus Fäsch in Flumserberg Bergheim bietet eine ruhige Lage mit Blick auf die Churfirsten. Es verfügt über einen Spielplatz, Sitzplatz, Cheminée und Kinderspielzeug, ideal für Familien und Gruppen.;Das 5-Zimmer-Ferienhaus befindet sich an ruhiger und sonniger Lage in Flumserberg Bergheim mit herrlicher Aussicht auf die Churfirsten. Das Haus hat viel Umschwung mit Spielwiese, Sitzplatz, Cheminée und Kinderspielzeug.

Das heimelige Ferienhaus ist gemütlich und komfortabel, mit viel Holz eingerichtet. Die Wände im Wohn- und Schlafzimmer sind getäfelt.;9.296197410935912;47.1034368;Oberfäschstrasse 3;8896;Flumserberg Bergheim;+41 78 807 92 84;faescherstallstobe@bluewin.ch;[{'@type': 'ImageObject', 'contentUrl': 'https://ostpimtsoch.sos-ch-dk-2.exoscale-cdn.com/catalog/7/2/f/5/72f501b355fa910e27b6ce6a143f9d33dc0f48a7_5a03858118427a839df2897c447c1506.jpg'}];2026-04-09T21:25:33+02:00
8a6ff308-01eb-40b8-8ebb-a6d04f7cd8fe;Frauenfelderhaus;Das Frauenfelderhaus liegt 1160 müM. auf einer Geländekante oberhalb von Wildhaus SG gegenüber des Säntis.;Es bietet Platz für bis zu 45 Personen und weist einen hohen Ausbaustandard auf. Es eignet sich als Lagerhaus im Sommer wie im Winter für Schulklassen, Vereine und andere interessierte Gruppen.
;9.330574926155503;47.19243335;Oberdorfstrasse 2;9658;Wildhaus;+41 71 999 21 33;priska.wenk@gmx.ch;https://www.frauenfelderhaus.ch/;[{'@type': 'ImageObject', 'contentUrl': 'https://ostpimtsoch.sos-ch-dk-2.exoscale-cdn.com/catalog/e/d/e/d/ededc11ffe7ee4ea8f95ec341d9235e00ab0ce74_77a3fc78be98a94a6e68cdace7a6c91c.JPG'}];2025-10-28T16:15:24+01:00
8a76d9ab-aff4-4ef2-af67-d9401f655134;Gasthaus und Metzgerei Ochsen, Schwellbrunn;Bei uns dreht sich alles ums Essen und Geniessen. Kommen Sie vorbei und überzeugen Sie sich.;Wir sind ein Familienbetrieb mit 15 Mitarbeiterinnen und Mitarbeitern, unter der Leitung von Peter und Annelies Sturzenegger-Frick, in dritter Generation. Seit 80 Jahren betreibt unsere Familie das Metzger-Handwerk mit viel Freude. Unser Geschäft setzt sich zusammen aus drei Fleischfachgeschäften - Schwellbrunn, Waldstatt und Mörschwil - sowie unserem Gasthaus Ochsen in Schwellbrunn.
Unser Gasthaus mit Restaurant und angrenzendem Sääli bietet für ca. 65 Personen Platz. In unserem Restaurant pflegen wir eine neuzeitliche Frischmarktküche mit regionalen Qualitäts- und Markenprodukten. Dank der hauseigenen Metzgerei kennen wir die Herkunft unserer Fleischprodukte genau. Weit herum sind wir bekannt für unsere Spezialitäten. Lassen Sie sich überraschen von den kreativen Kochkünsten unserer Küchencrew.;9.248942999999999;47.3512031;Egg 59;9103;Schwellbrunn;+41 71 351 32 32;info@sturzenegger-metzgerei.ch;https://www.sturzenegger-metzgerei.ch/;[{'@type': 'ImageObject', 'contentUrl': 'https://ostpimtsoch.sos-ch-dk-2.exoscale-cdn.com/catalog/4/b/4/4/4b448ab7fd5cc750dad4f7f755cb90400f18b71d_4d2934c01f8c9fcfb7daf33c83fbd695.jpg'}];2025-02-27T18:12:28+01:00
8b0ab76f-5739-411b-bfe9-fdf537b9715b;Ferienwohnung "Haus zur Arve";Die 3,5-Zimmerwohnung im Haus zur Arve bietet eine ideale Lage für Skifahren, Biken und Wandern. In wenigen Minuten erreichst Du Restaurants, Einkaufsmöglichkeiten und die Skischule. Der Balkon bietet eine Aussicht auf die Bergkette.;Die schöne im Chalet-Stil eingerichtete 3.5-Zimmerwohnung im "Haus zur Arve" befindet sich an einer top Lage als Ausgangsstandort für Skifahren, Biken und Wandern. In wenigen Gehminuten befinden sich Restaurants, Einkaufsmöglichkeiten und die Skischule. Die Ferienwohnung verfügt über einen Balkon mit Sicht auf die umliegende Bergkette. ;9.285433097139828;47.09269295;Abendweidstrasse 11;8898;Flumserberg Tannenboden;+41 79 683 12 31;nicole@familiebrunner.net;[{'@type': 'ImageObject', 'contentUrl': 'https://ostpimtsoch.sos-ch-dk-2.exoscale-cdn.com/catalog/2/5/a/b/25ab03a2f4f001055236030c9884b38e67f864eb_b2016ef1a088a160592877d365dc6c42.jpeg'}];2026-01-19T22:38:47+01:00
8b4fc2de-c14c-4494-8dee-01e4a423e03e;Haus Heimetli (CharmingStay);Das Haus Heimetli (CharmingStay) ist ein modernes 4,5-Zimmer-Ferienhaus in ruhiger Lage nahe Tannenboden Dorf. Es bietet eine grosse Terrasse mit Kamin-Grill und ist ideal für Paare, Familien und Singles.;Das im Jahr 2016 neu gebaute 4.5-Zimmer-Haus befindet sich an sehr ruhiger Lage unweit von Tannenboden Dorf. Gondel- bzw. Sesselbahn für Wanderungen sind ca. 20 Gehminuten entfernt. Im Winter sind es zu den Skiliften rund 15 Gehminuten. Restaurants und Einkaufsmöglichkeiten sind in ca. 10 Minuten zu erreichen. Zum Ferienhaus gehört ein kostenloser Garagenplatz.

Die Wohnung ist sehr modern und komfortabel eingerichtet. Wohn- und Schlafräume verfügen über einen schönen Holzboden. Bilder und Schmuck verzieren Wände und Regale. Zum Haus gehört zudem eine grosse Terrasse, ca. 25m2 mit Kamin-Grill.;9.288912835240716;47.09376955865367;Ahorenstrasse 14;8898;Flumserberg Tannenbodenalp;+41 79 504 90 45;contact@charmingstay.ch;https://www.charmingstay.ch;[{'@type': 'ImageObject', 'contentUrl': 'https://ostpimtsoch.sos-ch-dk-2.exoscale-cdn.com/catalog/9/f/c/a/9fcae7f463fbf69af7916718840bfe8d14e1d526_776c01949324e541252106047a1bbc4c.jpg'}];2026-01-19T22:38:47+01:00
8b785014-c6d1-4cd8-b22a-a4a5de164bff;Hotel Krone Wolfhalden;Ein kulinarisches Juwel im Appenzeller Vorderland;<div>Das Restaurant Krone in Wolfhalden ist ein wahrer Geheimtipp für Feinschmecker und Liebhaber der traditionellen Schweizer Küche. Eingebettet in die malerische Landschaft des Appenzellerlands bietet dieses charmante Lokal nicht nur kulinarische Genüsse, sondern auch einen atemberaubenden Blick auf die umliegenden Berge, Täler und den Bodensee.</div><div><br></div><div>Die gemütliche Atmosphäre im Restaurant Krone lädt zum Verweilen und Geniessen ein. Der rustikale Charme der Einrichtung, kombiniert mit der herzlichen Gastfreundschaft des Personals, sorgt dafür, dass sich jeder Gast sofort wohlfühlt. An warmen Sommertagen bietet die Terrasse einen perfekten Ort, um die frische Luft und die herrliche Aussicht zu geniessen. Im Winter hingegen sorgt ein knisterndes Kaminfeuer für eine behagliche Stimmung im Inneren des Lokals.</div><div><br></div>;9.5517695;47.4531565;Kronenstrasse 63;9427 ;Wolfhalden;+41 71 544 07 53;info@hotelkronewolfhalden.ch;https://hotelkronewolfhalden.ch/;[{'@type': 'ImageObject', 'contentUrl': 'https://ostpimtsoch.sos-ch-dk-2.exoscale-cdn.com/catalog/2/e/4/1/2e41d26e5ee87c1690ead417896f0570f5fd5d13_70fc4665515ec522c1c44a56c1095b69.jpg'}];2025-04-22T18:14:47+02:00
8b8a3914-85a0-4311-81bd-91a0af51da6d;Haus zur Föhre (Whg. Selzam);Die 3,5-Zimmerwohnung im Haus zur Föhre bietet eine zentrale Lage in Flumserberg Tannenboden mit Blick auf die Churfirsten. Sie ist modern eingerichtet und verfügt über einen Gartensitzplatz und Balkon. Haustiere sind auf Anfrage erlaubt.;Die 3.5 Zimmerwohnung befindet sich in einem 6-Familienhaus an ruhiger Lage, zentral gelegen in Flumserberg Tannenboden mit sehr schöner Aussicht auf die Churfirsten. Die Lifte und der Sammelplatz der Ski- und Snowboardschule sind ca. 250m entfernt. Zur Wohnung gehört ein kostenloser Garagenplatz. Haustiere auf Anfrage.

Die helle, frisch renovierte Wohnung ist gemütlich und modern eingerichtet. Wohn- und Schlafräume sind mit Vinylböden ausgerüstet. Zur Wohnung gehören ein Gartensitzplatz und ein Balkon. Im Wohnzimmer befindet sich ein TV, WLAN ist nicht vorhanden.;9.286522401042062;47.0918244;Abendweidstrasse 4;8898;Flumserberg Tannenbodenalp;+41 52 335 18 16;r.selzam@bluewin.ch;[{'@type': 'ImageObject', 'contentUrl': 'https://ostpimtsoch.sos-ch-dk-2.exoscale-cdn.com/catalog/0/1/9/7/019768f7c40c0122c5d3a2432dd2c14bca5ba9b7_e795d7d0cff737d586faba230df6cf34.jpg'}];2026-05-08T21:31:51+02:00
8c6e297c-2759-41d2-ad80-1b5ba2fe642a;LILIENBERG – Hotel, Restaurant, Veranstaltungsort;Lilienberg in Ermatingen ist ein Hotel, Restaurant, und eine Seminarlocation am Bodensee, aber auch ein Ort der Begegnung, Musik und des Gesprächs. Es wird diskutiert, getagt, gefeiert, aber auch Ruhe und Weitsicht getankt.;Eingebettet in eine malerische Parklandschaft mit Blick auf den bezaubernden Bodensee, geniessen Gäste im Lielienberg in idyllischer Umgebung die vielfältigen touristische Angebote der Region.
Die grosszügigen Zimmer, liebevoll in verschiedenen Stilen gestaltet, bieten Raum für erholsame Aufenthalte. Im Restaurant und auf der einladenden Seeterrasse verwöhnen die Gastgebenden mit modernen Gerichten aus der regional inspirierten Küche.
Für Seminargäste ist der Ort eine Oase der Ruhe und sorgt mit einem professionellen Service dafür, dass sich jene auf ihre Inhalte konzentrieren können.
Der Lilienberg bildet den eleganten Rahmen für Feiern, sei es im familiären Kreis oder im geschäftlichen Kontext, stets begleitet von exquisiter Kulinarik.
Die Stiftung Lilienberg Unternehmerforum lädt zu Gesprächen über aktuelle Themen aus Wirtschaft, Politik und Gesellschaft und vielfältigen musikalische Anlässen mit jungen engagierten Musikern. Ein idealer Rahmen für Austausch und Inspiration!;9.0739546;47.6694977;Blauortstrasse 10;8272;Ermatingen;+41 71 663 21 00;info@lilienberg.ch;https://www.lilienberg.ch/;[{'@type': 'ImageObject', 'contentUrl': 'https://ostpimtsoch.sos-ch-dk-2.exoscale-cdn.com/catalog/8/2/b/c/82bc35990d899a16f7a1e157a9b6bf2cd8161b6b_353f1d467dfce305f1f1d218872cf55c.jpg'}];2026-03-13T23:43:39+01:00
8ce45a6e-b9e7-4ba2-8759-67dd68a5ec4a;Campingplatz St.Gallen - Wittenbach;Gemütlichkeit, Natur und St.Gallen mit seinen Sehenswürdigkeiten nicht weit;<p>Schmales, ebenes Wiesengel&auml;nde zwischen dem Fluss "Sitter" und einem bewaldetem Hang. Ruhiger, einfacher, famili&auml;rer und gepflegter Campingplatz. Die zentrumsnahe Lage, ca. 30 Minuten mit &Ouml;V in das Herzen der Stadt St. Gallen und der neuen guten &Ouml;V-Verbindungen, machen diesen Standort sehr attraktiv. Dieser Ort wird nicht nur von St&auml;dtetrip-Besuchern, Hundesportfreunde, Sport-, Kultur-, Naturbegeisterte, wie auch von Familien und Erholungssuchende gesch&auml;tzt. Gilt dieser Standort doch als idealer Ausgangspunkt f&uuml;r diverse Aktivit&auml;ten.</p><p>&nbsp;</p>;9.36612;47.45896;Lee 1286;9304;Waldkirch;+41 71 298 49 69;campingplatz.stgallen@ccc-stgallen.ch;https://www.ccc-stgallen.ch/willkommen;[{'@type': 'ImageObject', 'contentUrl': 'https://ostpimtsoch.sos-ch-dk-2.exoscale-cdn.com/catalog/8/b/5/a/8b5a939d8716116e2a0c23342f5786974a0dc26e_d0585137aca88ab368837135278a4908.jpg'}];2026-06-16T20:10:27+02:00
8cfa26a1-3265-4df1-8f9c-c9bd201d77f4;Hotel Sonne;Hotel mit geräumigen, heimeligen Zimmern und Ferienwohnungen. Das Restaurant mit 80 Plätzen, ist ausgezeichnet mit dem Culinarium-Gütesiegel. Kleiner Wellnessbereich mit Schwimmbecken.;Das Bijou-Hotel im Dorfzentrum von Wildhaus verfügt über 26 heimelig eingerichtete Zimmer mit jeglichem Komfort. Die Mahlzeiten werden im gut bürgerlichen Hotel Restaurant mit Sonnenterrasse serviert. Die gemütlichen Zimmer sind alle mit hellem Föhrenholz ausgekleidet und mit viel Liebe zum Detail eingerichtet. Die etwas kleineren Nordzimmer sind ruhig und zur Bergseite gelegen. Die Südzimmer mit Balkon bieten Ausblicke auf den Schafberg und die Churfirsten-Kette.;9.3513193;47.2036413;Dorf 9;9658;Wildhaus;+41 71 999 23 33;info@sonne-wildhaus.ch;https://www.sonne-wildhaus.ch/;[{'@type': 'ImageObject', 'contentUrl': 'https://ostpimtsoch.sos-ch-dk-2.exoscale-cdn.com/catalog/5/1/b/5/51b55d81cb87029de6095bf4243d29bdc69a1182_d5ba81313f818b11817b8d785fedd126.png'}];2025-12-19T20:31:17+01:00
8cfe382d-e351-4c8b-8820-5439856971c1;Landgasthof Seelust;Der Landgasthof Seelust in Egnach liegt zwischen Obstbäumen nur wenige Schritte vom Bodensee entfernt. Der Familienbetrieb verwöhnt seine Gäste mit herzlicher Gastfreundschaft, Gaumenfreuden aus der Region und hellen ruhigen Zimmern. ;Die Seelust vereint mit Ihrer Lage zwei der schönsten Seiten des Thurgaus: den Bodensee und den Apfel. In den grosszügigen Hotelzimmern hat man Blick aufs Wasser oder in den Obsthain. Auch Familien- und rollstuhlgängige Zimmer gehören zum Repertoire. Neben herzlicher Gastfreundlichkeit wird im Familienbetrieb auch Regionalität grossgeschrieben. Das Küchenteam der Seelust bringt ausschliesslich das Beste aus dem Thurgau auf den Tisch; Spargeln aus Altnau, Poulet aus dem Hinterthurgau oder Obst und Beeren der Umgebung werden ebenso zu originellen Gerichten verarbeitet wie die fangfrischen Fische aus dem Bodensee. Auch tagen und feiern kann man hier. Die Seelust bietet von Stuben über Obstgarten, Festsaal oder Weinkeller vielfältige Räume dafür. Trotz ruhiger und idyllischer Lage ist das Hotel gut erschlossen. Nur 100 Meter sind’s bis zum Autobahnanschluss oder 200 zum Bahnhof. ;9.398439545211279;47.53512055;Wiedehorn 10;9322;Egnach;+41 71 474 75 75;info@seelust.ch;http://www.seelust.ch/;[{'@type': 'ImageObject', 'contentUrl': 'https://ostpimtsoch.sos-ch-dk-2.exoscale-cdn.com/catalog/f/b/4/8/fb48b946e1b0263d4974f952a3e5b0243195cdf5_13ea899dcb45404ef9e546d0cb848db6.jpg'}];2026-06-16T22:26:55+02:00
8d138291-7a23-4b9b-b735-ee0a6b78d9b3;b_smart hotel Arbon;Das b_smart hotel Arbon ist ein modernes Self-Check-in-Hotel in direkter Nähe zum Bodensee und nur wenige Schritte vom Bahnhof entfernt. Stilvolle Zimmer, hohe Flexibilität und die unmittelbare Lage an der Seepromenade machen es zum idealen Ausgangspunkt für Geschäfts- und Freizeitreisen.;<p>Die 63 Zimmer und Suiten &uuml;berzeugen mit einem einladenden und smarten Design. Die Kategorien &laquo;Seesicht&raquo; befinden sich in den oberen Stockwerken mit Sicht auf den Bodensee. Der Fitness- &amp; Wellnessbereich ist bewusst im obersten Stockwerk mit direktem Ausblick auf den Bodensee eingerichtet - so kommen alle G&auml;ste in den Genuss dieses einzigartigen Ausblickes. Dank dem Self Check-in und Check-out by b_smart k&ouml;nnen G&auml;ste rund um die Uhr flexibel anreisen und in sekundenschnelle auschecken.&nbsp;</p>;9.4326541;47.5098001;Giessereistrasse 6;9320;Arbon;+41 71 511 25 47;arbon@b-smarts.net;https://www.b-smarts.net/arbon;[{'@type': 'ImageObject', 'contentUrl': 'https://ostpimtsoch.sos-ch-dk-2.exoscale-cdn.com/catalog/d/6/3/d/d63d226f7e0feec27728d4109f0a2d94bf9db929_a7843c6b1a3ac0dcf38a1edb596ae9af.jpg'}];2026-02-24T23:05:54+01:00
8d5d52e5-061c-4896-818a-3bfe66987fa9;Gästehaus "Landhaus an der Thur";Charmantes, komfortables Haus, mitten im Dorf, abseits vom Durchgangsverkehr, an der ruhig fliessenden Thur gelegen.;<div>Das schmucke Haus befindet sich mitten im Dorf Alt St. Johann, an ruhiger Lage an der Thur. Zwei Gehminuten von der Bushaltestelle, dem Supermarkt, zwei Restaurants und den Bergbahnen entfernt. Bis zur &laquo;Klangschmiede&raquo; sind es gerade einmal f&uuml;nf Gehminuten. Sieben gem&uuml;tliche Zimmer, alle mit Bad oder Dusche/WC/F&ouml;n, TV und WIFI, teilweise mit Balkon, bieten Gew&auml;hr f&uuml;r einen angenehmen Aufenthalt. Eine Kaffee-Ecke mit kostenlosem Kaffee und Tee sowie einem K&uuml;hlschrank f&uuml;r pers&ouml;nliche Frischprodukte befindet sich im ersten Stock. Es sind gen&uuml;gend kostenlose Parkpl&auml;tze vorhanden.</div>;9.284196063152864;47.19413284962057;Dörflistrasse 1;9656;Alt St. Johann;+41 71 999 10 50;info@landhausanerthur.ch;http://www.landhausanderthur.ch;[{'@type': 'ImageObject', 'contentUrl': 'https://ostpimtsoch.sos-ch-dk-2.exoscale-cdn.com/catalog/e/b/d/e/ebdee3c927111bd72d310584b604ee57f2070bce_aac84a78c83316c1ed7e3a6c0f2d5a65.JPG'}];2026-04-01T19:32:45+02:00
8e0bb50e-9748-497e-8caa-5dcfb515ed6e;Häxehüsli Frauenfeld;Das Frauenfelder «Häxenhüsli» ist das wohl älteste Tiny House des Thurgaus. Es stand zuvor im Stadtkern und wurde am Rande der Thurgauer Hauptstadt in einem lauschigen Kräutergarten wieder aufgebaut. Das perfekte Kleinod für eine Auszeit, um in Ruhe eine Arbeit zu schreiben.;<p>Das Häxehüsli verfügt über knapp 60 Quadratmeter Wohnfläche auf drei Geschossen und bietet Platz für zwei Personen. Das Haus ist komplett eingerichtet mit schönen Antiquitäten und wertigen neuen Möbeln. Im historischen Gewölbekeller mit viel Tageslicht und freiem Blick in den Garten befindet sich die kompakte Küche und ein Holzofen. In der Häxehüslistube können Gäste durch die 170-jährigen Fenster ihren Blick in die Ferne schweifen lassen. Im Winter sorgt der wunderschöne Kachelofen für wohlige Wärme. Im Mansardengeschoss ist unter dem sichtbaren Dachgebälk ein gemütlicher Schlafraum mit separater Arbeitsecke eingerichtet. Eine grosszügige Dusche und ein WC mit Lavabo stehen im Untergeschoss zur Verfügung.<br><br>Das freistehende Häxehüsli hat keine direkten Nachbarn. Sein Aussenbereich bezaubert Gäste mit einem naturnahen Garten, grossem Sitzplatz, antikem Mobiliar und einem Kräutergarten. Über dem offenen Feuer kann gegrillt werden und der junge Stadtbach plätschert in unmittelbarer Nähe vorbei.</p>;8.91186143773329;47.545316;Höhenweg 4a;8500;Frauenfeld;079 487 77 12;gm@weiter-bauen.ch;https://haexenhuesli.ch;[{'@type': 'ImageObject', 'contentUrl': 'https://ostpimtsoch.sos-ch-dk-2.exoscale-cdn.com/catalog/6/d/3/4/6d3481f1867435e9fecccb1bda28a92931fd0a37_a230c0af3f279cb5ea93ba5dad9ffe7e.jpg'}];2025-03-31T21:21:33+02:00
8e5cb257-acad-4639-896d-94e4057d5f6a;Ferienhaus Chalet Guggerli;Das Ferienhaus Chalet Guggerli in Flumserberg Tannenheim bietet eine ruhige Lage mit freiem Blick auf die Alvierkette und die Bündner Herrschaft. Die Talstation der Bergbahn ist nur 700 m entfernt. Ein kostenfreier Autoeinstellplatz ist vorhanden.;<p>Das alleinstehende nicht online buchbare 4.5-Zimmer-Chalet befindet sich an ruhiger Lage in Flumserberg Tannenheim mit unverbauter Rundumsicht auf Alvierkette, Sarganserland bis in die &ouml;sterreichischen Alpen und die B&uuml;ndner Herrschaft. Die Talstation der Bergbahn ist nur ca. 700m entfernt. Zum Chalet geh&ouml;rt ein kostenfreier Autoeinstellplatz. Die Wohnung ist sehr liebevoll und mit viel Holz eingerichtet. Das Wohnzimmer verf&uuml;gt &uuml;ber einen Schwedenofen, was den Aufenthalt sehr gem&uuml;tlich macht. Wohn- und Schlafzimmer verf&uuml;gen &uuml;ber einen Holzboden. Vom Wohnzimmer aus gelangt man auf den sonnigen Balkon.</p>;9.305726;47.0834726;Obere Anggetlinstrasse 5;8897;Flumserberg Tannenheim;+41 79 232 73 82;auo@bluewin.ch;http://www.chalet-flumserberg.ch;[{'@type': 'ImageObject', 'contentUrl': 'https://ostpimtsoch.sos-ch-dk-2.exoscale-cdn.com/catalog/f/f/8/a/ff8aa94d324cc7c4f909c69eef75b78615b767a4_6ee902425e635201475c86f966d95322.JPG'}];2026-07-21T20:47:43+02:00
8ea7b4ff-ff36-466a-b71e-36e0e289af7d;Trompeterschlössle Hotel & Résidence;Das Trompeterschlössle Hotel & Résidence liegt idyllisch im grünen Thurgau am Ufer des Seerheins. Im schottischen Landhausstil eingerichtet und mit grosser Whiskybar und ruhigem Garten ausgestattet, lädt es zum Verweilen ein. Aber auch zu Ausflügen ins nahe Stadtzentrum von Konstanz und in die Bodenseeregion.;<p>Das Trompeterschl&ouml;ssle blickt auf eine reiche Geschichte zur&uuml;ck. Die einem Schl&ouml;sschen &auml;hnelnde, im Jugendstil erbaute Villa, beherbergte einst ein Restaurant mit Caf&eacute; und Kolonialwarenladen.<span style="background-color: #ffffff; color: #67768a;"> Auch in der Geschichte des deutsch-schweizerischen Grenzgeb</span>ietes spielte das Anwesen im T&auml;germoos immer wieder eine wichtige Rolle. Heute bezaubert das Schl&ouml;ssle mit 20 gediegenen Zimmern und Apartments, einem grossz&uuml;gigen Garten, Restaurant und einer Whiskybar mit auserlesenen W&auml;sserchen seine G&auml;ste. Die Liebe zum Whisky sp&uuml;rt man hier &uuml;berall. Die Zimmer haben alle einen Bezug zu einer irischen oder schottischen Destillerie und sind ruhig zum See oder Park gelegen. Wer genug entspannt hat, entdeckt das in Gehdistanz liegende Deutsche Konstanz oder die wunderbare Thurgauer Region am Bodensee und Seerhein.</p>;9.159287785292097;47.664006799999996;Konstanzerstrasse 123;8274;Tägerwilen;+41 71 669 31 31;info@trompeterschloessle.com;https://trompeterschloessle.com/;[{'@type': 'ImageObject', 'contentUrl': 'https://ostpimtsoch.sos-ch-dk-2.exoscale-cdn.com/catalog/b/4/2/c/b42cf27723ecf2248fd780f550be850731f99a4f_1747fe6009e55c17b4ab0df7a72c8c97.JPEG'}];2025-08-25T21:22:42+02:00
8f1625cc-e51c-4c08-9ff8-7d7692449b52;Gruppenhaus Löchli Niederglatt;Umgeben von Natur und Ruhe bietet dieses Haus alles, was sich die Gäste wünschen.;Das Grundstück Löchli umfasst etwa 1.4 Hektaren Fläche und bietet Natur pur. Hauseigener Mischwald, Bach und Wiese laden zu genüsslichen Spaziergängen und abenteuerlichen Erkundungen ein. Die grosse, auf zwei Ebenen angelegte Hauswiese eignet sich hervorragend für Spiel und Spass oder auch zum Entspannen. Das grosse Haus ist sehr gemütlich eingerichtet. Die grosszügigen Einzel- und Doppelzimmer sind äusserst beliebt. 

Angebot:
- 10 Schlafzimmer mit insgesamt 19 Betten
- Matratzenlager mit 11 Matratzen;9.156378191507855;47.4386301;Löchli 688;9245;Oberbüren;+41 79 150 05 05;gruppenhaus@loechli.ch;http://www.loechli.ch/;[{'@type': 'ImageObject', 'contentUrl': 'https://ostpimtsoch.sos-ch-dk-2.exoscale-cdn.com/catalog/4/e/9/e/4e9eb0278f75410e4952e0cdeefea95a7c3bd62f_6a3bb1f6e823616526629f8c6c6b31ec.JPG'}];2026-06-16T20:17:36+02:00
9262161f-7184-4560-93d1-ff03cb8d400b;Hotel Walhalla;Ein Hotel mit Stil – im Herzen der Stadt St.Gallen, nur ein paar Schritte vom Bahnhof entfernt.;<p>Das Hotel Walhalla geh&ouml;rt seit dem 19. Jahrhundert zum St.Galler Stadtbild. Erstmals beherbergte der Bau Hotelg&auml;ste im Jahr 1887. Um den G&auml;sten weiterhin ein zeitgem&auml;sses Ambiente zu bieten, wurde das Hotel Walhalla im Mai 2018 f&uuml;r eine umfangreiche Renovierung geschlossen. Das Traditionshaus verf&uuml;gt &uuml;ber 100 Zimmer mit komfortabler Ausstattung, der Brasserie Walhalla mit Schweizer Spezialit&auml;ten und der Walhalla Bar, mit einer grossen Auswahl an lokalen und internationalen Getr&auml;nken und Snacks. Mit der zentralen Lage am Bahnhof St.Gallen und dem erweiterten Seminarbereich mit sechs R&auml;umen und modernster Seminartechnik bietet das Hotel optimale Voraussetzungen f&uuml;r Veranstaltungen.</p>;9.3711451;47.4238762;Poststrasse 27;9001;St. Gallen;+41 71 228 28 00;reservation.walhalla@candrian.com;http://www.hotelwalhalla.ch/;[{'@type': 'ImageObject', 'contentUrl': 'https://ostpimtsoch.sos-ch-dk-2.exoscale-cdn.com/catalog/8/4/4/2/84425c521251961568d09f1beb2506e51630aa25_58ed9d2b9b4ad609f85996b5a8284518.jpg'}];2026-06-16T20:28:37+02:00
92cc63f2-c3ef-493c-a582-44254bc18c05;Restaurant / Hotel Klein Rigi;Grandiose Aussicht auf Säntis und Thur, ein imposantes schlossähnliches Gebäude, Köstlichkeiten aus Küche und Weinkeller – all dies und mehr vereint das Restaurant und Seminarhaus Klein Rigi. Hier lässt es sich für einen Moment in die Welt des Genusses eintauchen.;Das «Klein Rigi» in Schönenberg an der Thur liegt auf einem wunderbaren Aussichtspunkt. Nebst einer grosszügigen Terrasse mit herrlichem Blick ins Thurtal und auf den Berg Säntis, bietet es so einiges: Ein Trauzimmer, Räumlichkeiten für die Hochzeitsparty danach oder auch für Familien- und Firmenanlässe. Ebenso finden Seminare von 10 bis 350 Personen in den vielfältigen und gediegenen Räumen Platz. Kulinarisch wird man hier vor allem mit feinstem Schweizer Fleisch vom Grill verwöhnt. Aber auch erlesene Weine und Whiskeys stehen auf der Karte und die Zigarrenlounge lädt zum Absacker vor dem Nachhause gehen ein. Wer lieber bleiben möchte, der kann. Es erwarten Gäste helle moderne Zimmer.;9.19783115386963;47.518447781242;Thurbruggstrasse 31;9215;Schönenberg an der Thur;+41716424949;info@kleinrigi.ch;https://kleinrigi.ch;[{'@type': 'ImageObject', 'contentUrl': 'https://ostpimtsoch.sos-ch-dk-2.exoscale-cdn.com/catalog/a/4/e/4/a4e4356576b34a263325c74ec3b94a7a1c5e3ac9_0318775669f8e86e9a9d1ff4ca9b476e.jpg'}];2025-10-28T21:41:56+01:00
9394f79b-7bad-4cb6-8f31-20c54fb4c9e6;Buchberghaus;Das Buchberghaus der Naturfreunde Schaffhausen ist eine ruhige Oase für Wanderer, Biker und alle die sich in der Natur wohlfühlen oder dem Alltagsstress entfliehen wollen. Es liegt inmitten eines herrlichen Wandergebietes auf dem Merishauser Randen. ;<p>An den Wochenenden ist das Buchberghaus w&auml;hrend des ganzen Jahres ge&ouml;ffnet und bietet f&uuml;r jedermann ideale Verpflegung- und &Uuml;bernachtungsm&ouml;glichkeiten. Das Buchberghaus ist ein beliebtes Ausflugsziel mitten im Schaffhauser Randengebiet und gew&auml;hrt eine Panoramasicht &uuml;ber Hegau, Bodensee und die Schweizer Bergwelt.</p><p><span style="font-weight: bold;">Verpflegung</span><br>Das Buchberghaus bietet Verpflegungs- und &Uuml;bernachtungsm&ouml;glichkeiten. Das Haus ist jedes Wochenende, an allen Feiertagen und teilweise in den Schulferien ge&ouml;ffnet. Die Gaststube bietet Platz f&uuml;r 40 Personen und vor dem Haus befindet sich eine grosse Gartenwirtschaft. Es ist familienfreundlich gestaltet, mit Spiel- und Grillpl&auml;tzen.</p><p><span style="font-weight: bold;">Gem&uuml;tliche &Uuml;bernachtungsm&ouml;glichkeiten</span><br>Im Buchberghaus hat es unterschiedliche Schlafm&ouml;glichkeiten und Platz f&uuml;r 40 &Uuml;bernachtungsg&auml;ste. Es stehen 2er, 3er, 4er und 5er Zimmer sowie zwei Massenlager zur Verf&uuml;gung. In den Zimmern schlafen Sie nordisch und in den Massenlagern im eigenen Schlafsack. Dusch- und Waschr&auml;ume geschlechtsgetrennt auf jeder Etage.</p><p>Das Buchberghaus kann unter der Woche auch gemietet werden. Der Gastraum kann dann in einen Schul- oder Kursraum unfunktioniert werden.&nbsp;</p><p><span style="font-weight: bold;">Rund um das Buchberghaus</span><br>Vor dem Buchberghaus gibt es zwei Grillpl&auml;tze. Kinder und Jugendliche k&ouml;nnen sich an verschiedenen Spielpl&auml;tzen vergn&uuml;gen. Rundlauf, Drehkletterturm, eine Slackline, ein Tischtennistisch, Basketballk&ouml;rbe und ein Volleyballfeld laden zu Spiel und Bewegung ein.&nbsp;</p><p><span style="font-weight: bold;">Biodiversit&auml;tsnetz</span><br>Das <a href="https://nfsh.ch/biodiversitaets-wegnetz/" target="_blank" rel="noopener">Wegnetz f&uuml;r die Biodiversit&auml;t</a> ist eine nachhaltige Einrichtung, welche die Bewegung, Erholung und das Naturverst&auml;ndnis unterst&uuml;tzt und f&ouml;rdert. Auf dem Wegnetz rund um das Buchberghaus der Naturfreunde Schaffhausen werden verschiedene Aspekte zur Biodiversit&auml;t beschrieben. Es soll Naturfreunde, Wanderer und ganz besonders Familien und Schulen sowie naturverwandte Berufsgruppen ansprechen.</p>;8.60194519338258;47.747307899999996;8232;Merishausen;+41 52 625 89 63;reservation.buchberghaus@nfh.ch;http://www.buchberghaus.ch/;[{'@type': 'ImageObject', 'contentUrl': 'https://ostpimtsoch.sos-ch-dk-2.exoscale-cdn.com/catalog/9/c/f/e/9cfec275202dd3cc4c98302065bf9ee42a197ab1_7c67286bc610ba2a678ad6f12ee5259f.png'}];2025-10-28T19:01:13+01:00
93b43142-a5c7-4cfc-85d9-03e08ca55ef6;Sonnenberg Health Hotel;Das ehemalige «Kurhaus» liegt im erhöhten Schwellbrunn, dem schönsten Dorf in der Schweiz (2017) und bietet einen atemberaubenden Blick über die Berge.;<p>Mit seiner hellgelben Fassade, den romantischen Balkonen steht das Sonnenberg Health Hotel erh&ouml;ht auf 972 m &uuml;. M., in Schwellbrunn. Dem Ort, der 2017 zum sch&ouml;nsten Dorf gek&uuml;rt wurde. Mit einem atemberaubenden Blick &uuml;ber die Berge bietet es Entspannungsbed&uuml;rftigen die M&ouml;glichkeit sich auf sich und die Erholung des K&ouml;rpers zu konzentrieren. In einem der 16 Zimmern, mit hohem Ausstattungsstandard und heimeliger Atmosph&auml;re k&ouml;nnen sich die G&auml;ste zur&uuml;ckziehen. Jedes Zimmer verf&uuml;gt &uuml;ber einen eigenen grossz&uuml;gigen Balkon und zeichnet sich durch seinen einzigartigen Ausblick aus. Mit dem Kr&auml;uterduft aus dem Restaurant und dem Weitblick fast bis zum Bodensee, kommt Ferien-Feeling auf. Dass Genuss und pflanzliche Ern&auml;hrung keinesfalls widerspr&uuml;chlich sind, erfahren die G&auml;ste mit den t&auml;glich wechselnden 4-Gang Men&uuml;s liebevoll kreiert von dem K&uuml;chenteam. F&uuml;r alle, die in einen energiereichen Tag starten wollen, &uuml;berrascht die K&uuml;che mit einem appetitlichen Fr&uuml;hst&uuml;cksbuffet und frischgepressten S&auml;ften aus dem Obst- und Gem&uuml;sekorb. Auch beim reichhaltigen Mittagsbuffet kommt die Gaumenfreude nicht zu kurz. Ganz nach dem Sonnenberg Ern&auml;hrungskonzept sind alle Speisen nicht nur vegan, sondern auch frei von Gluten und Zucker.</p><ul><li>Einzelimmer CHF 170.-</li><li>Eckzimmer CHF 190.-</li><li>Doppelzimmer CHF 250.-</li></ul>;9.249577;47.3529307;Sonnenberg 16;9103;Schwellbrunn;+41 71 353 36 00;reservation@sonnenberg-schwellbrunn.ch;https://sonnenberg-schwellbrunn.ch;[{'@type': 'ImageObject', 'contentUrl': 'https://ostpimtsoch.sos-ch-dk-2.exoscale-cdn.com/catalog/5/9/6/9/59699efd195d6841882f8965b16991b33441409c_ad496dbf9112c077f5790a9b8a3ce7d5.jpeg'}];2025-09-04T18:16:32+02:00
962497e4-503f-4272-8e19-dfbc26dae064;Gruppenhaus Hänis;Modernes Skihaus auf der Wolzenalp (33 Betten);Erleben Sie unvergessliche Tage in unserem modernen Skihaus auf der wunderschönen Wolzenalp im Toggenburg. Ob exklusiv für Ihre Gruppe oder bettenweise – unser Haus bietet den perfekten Rückzugsort für Skifahrer, Wanderer und Naturliebhaber. Weitere Informationen finden Sie auf unserer Homepage (Skiclub Schaffhausen). 

Unser Hüttenwart freut sich auf Ihre Anfrage.

Viele Grüsse, Skiclub Schaffhausen;9.156240820884706;47.22270154234824;Allmen 1990;9650;Krummenau;+41787121624;huettenwart@skiclubsh.ch;https://www.skiclubsh.ch/;[{'@type': 'ImageObject', 'contentUrl': 'https://ostpimtsoch.sos-ch-dk-2.exoscale-cdn.com/catalog/6/7/6/9/676925f21e18b52b6c2f1cfb693eac71e1c3cd59_23ef6d90b1306ccfbc49460cd9c6b2c9.jpeg'}];2025-10-28T16:15:24+01:00
9726999f-a7b7-4a6f-a5b7-b62efa1dc453;The R Apartment Cholfirst;2 Zimmer Altstadt Wohnung in Schaffhausen;<p>Willkommen in unserer exquisiten Altstadt-Wohnung! Diese luxuriöse Unterkunft bietet nicht nur einen atemberaubenden Blick auf den Rhein, sondern auch eine erstklassige Lage im Herzen der Altstadt. Die geschmackvoll eingerichtete Wohnung vereint historischen Charme mit modernem Komfort.</p><p>Geniessen Sie Ihren Aufenthalt in diesem einzigartigen Ambiente und erkunden Sie die Schönheit von Schaffhausen direkt vor Ihrer Haustür.<br>Buchen Sie jetzt und erleben Sie einen unvergesslichen Aufenthalt!</p><p>Die Wohnung ist modern gestaltet und strahlt eine ruhige Atmosphäre aus, in der sich sowohl Feriengäste wie auch Geschäftsreisende wohl fühlen.
Das gemütliche Schlafzimmer ist mit einem bequemen Doppelbett ausgestattet, während das Wohnzimmer mit einem schicken Schlafsofa versehen ist, auf dem man sich nach einem Tag voller Besprechungen oder Besichtigungen entspannen kann.
Die Gäste können außerdem von High-Speed-Internet und einem ruhigen Arbeitsbereich profitieren, der speziell auf die Bedürfnisse des modernen Geschäftsreisenden zugeschnitten ist.</p>;8.6323586;47.6938723;Neustadt 2;8200;Schaffhausen;+41 58 590 99 92;hello@elevater.ch;https://www.elevate-schweiz.ch;[{'@type': 'ImageObject', 'contentUrl': 'https://ostpimtsoch.sos-ch-dk-2.exoscale-cdn.com/catalog/2/c/9/d/2c9dddf427b1a10e67dbc79f29043a34f9a5313f_14a3a8fb232081ad74935af55f6aa922.jpg'}];2025-03-31T18:47:47+02:00
973c36ba-5db8-4271-854f-00ec2a4e5cb2;Alphaus Alp Böden;Die Voralp „Bödä“ bietet Platz für 8 Personen. Küche mit kaltem Wasser, Stube, 2 Schlafräume, WC, Solardusche, Erdkeller und Grillstelle. Heizen und Kochen mit Holz.;<p><span data-olk-copy-source="MessageBody">Die Hütte verfügt über eine Küche mit kaltem Wasser, eine gemütliche Stube, zwei Schlafräume, ein WC, eine Solardusche, einen Erdkeller sowie eine Grillstelle. Geheizt und gekocht wird mit Holz. Bei schneefreier Lage ist die Hütte bequem mit dem Auto erreichbar. Die Preise betragen 30 CHF pro Person und Nacht ab 18 Jahren sowie 15 CHF pro Kind und Nacht bis 18 Jahren, Kinder bis 6 Jahre sind gratis. Zusätzlich wird eine Depotgebühr von 50 CHF erhoben, welche für ein allfällig notwendiges Putzen verwendet wird.</span></p>;9.1376531124115;47.23572636918493;Alp Böden;9642;Ebnat-Kappel;+41 79 482 18 53;brunnerfrueh@gmail.com;[{'@type': 'ImageObject', 'contentUrl': 'https://ostpimtsoch.sos-ch-dk-2.exoscale-cdn.com/catalog/3/5/4/e/354e6abafce7d587b6d33b1c6c34ea91c346d848_9268814f1715ccd5938f7c7df5a86333.jpg'}];2026-08-03T19:46:08+02:00
98cd26f3-7669-4277-9408-d50648216d62;Hotel und Restaurant Sokrates;Das kleine, feine Hotel in Güttingen liegt inmitten eines Parks, an ruhiger Lage direkt am Ufer des Bodensees. Die grosszügigen, hellen Panoramazimmer mit Blick auf den See oder Parkgarten laden zum Verweilen ein.;<p>Ein Aufenthalt im direkt am Bodensee gelegenen Hotel und Restaurant ist Erholung für Körper, Geist und Seele. Das Restaurant bietet eine frische und gesunde Vollwertküche. Mittags kann zwischen drei leckeren Menus mit Suppe oder Salat gewählt werden. Eine Tasse Kaffee lässt sich am besten mit einem Stück hausgemachter Torte geniessen. Abends vereint eine kleine aber feine à-la-carte-Speisekarte regionale Köstlichkeiten mit dem Hauch des Besonderen. Dem Hotel und Restaurant angegliedert ist das Gesundheitszentrum Sokrates. Nebst kostenlosen Parkplätzen werden den Hotel-Gästen eine Saunaanlage, ein Fitnessraum, eine Bibliothek, eine Hauskapelle sowie eine Dachterrasse mit Strandkörben zur freien Verfügung angeboten. Eine Liegewiese, ein Badehäuschen, eine Parkanlage mit Wäldchen, der Bach mit Kneipp- und Barfussweg sowie der Homöopathie-Lehrpfad laden ebenfalls zum Verweilen ein.
Die Zimmer verfügen alle über ein eigenes Bad mit WC/Dusche, Telefon, Safe, Haartrockner, WLAN und Balkon.</p>;9.299127761496857;47.610343549999996;Im Park 5;8594;Güttingen;+41 71 694 55 05;reservation@hotel-sokrates.ch;https://www.hotel-sokrates.ch/;[{'@type': 'ImageObject', 'contentUrl': 'https://ostpimtsoch.sos-ch-dk-2.exoscale-cdn.com/catalog/b/1/d/9/b1d98a439124254d0ccea80d67ae982338d2750a_f36ebb9655f05c5c2b05bf3d4552cf0b.jpg'}];2025-07-24T21:22:01+02:00
98f13aaf-10f3-4c86-8de8-814bbf29f330;Chalet Gina;Das Chalet Gina liegt zentral in Flumserberg Tannenheim, nur 10 Gehminuten von der Talstation Prodalp-Express entfernt. Es bietet eine schöne Aussicht auf die Churfirsten und Einkaufsmöglichkeiten sind in 5 Minuten zu Fuss erreichbar.;Das gepflegte 3.5-Zimmer-Chalet liegt mitten im Zentrum Flumserberg Tannenheim, 10 Gehminuten von der Haustüre bis zur Talstation Prodalp-Express und bietet eine schöne Aussicht auf die Churfirsten. Einkaufsmöglichkeiten sind 5 Minuten zu Fuss entfernt.;9.3054735660553;47.08938828216;Mätzwiesenstrasse 11;8897;Flumserberg Tannenheim;+41 79 317 57 87;pbitter@bluewin.ch;[{'@type': 'ImageObject', 'contentUrl': 'https://ostpimtsoch.sos-ch-dk-2.exoscale-cdn.com/catalog/4/8/8/0/48800d900826b7b689b5a203c239e5ce8d505102_4e138e659dafbee27e1c693c33c24636.JPG'}];2026-01-27T22:01:29+01:00
99b1d7f9-e485-43ea-b5aa-255f73cb7e37;Haus Wogesa (CharmingStay);Haus Wogesa bietet geräumige Ferienwohnungen in Flumserberg Tannenbodenalp. Die Lage ist ideal, nahe der Prodalpbahn und den Pisten, und eignet sich für Paare, Familien und Singles.;Geräumige Ferienwohnungen im Haus Wogesa. Schön gelegen und in der Nähe von Prodalpbahn und Pisten.;9.29493613505944;47.090991;Oberbergstrasse 24;8898;Flumserberg Tannenbodenalp;+41 79 504 90 45;contact@charmingstay.ch;https://www.charmingstay.ch;[{'@type': 'ImageObject', 'contentUrl': 'https://ostpimtsoch.sos-ch-dk-2.exoscale-cdn.com/catalog/d/b/5/f/db5f4cb6855cb46027b6c30970d1d3f38037ad2c_36143fbb86e211a7c0fdac40cf163a4e.jpg'}];2026-01-19T22:38:47+01:00
99ec5c32-427f-4257-ad95-651ffb426d27;Flumser-Höckli - Casa Lilly (CharmingStay);Das 4,5-Zimmer-Haus Casa Lilly im Zentrum von Flumserberg Tannenheim bietet einen fantastischen Blick auf die Churfirsten. Die Talstation Prodalp-Express, Restaurants und Geschäfte sind in wenigen Gehminuten erreichbar. Ein Aussenparkplatz und eine Garage sind vorhanden.;Das 4.5-Zimmer-Haus Casa Lilly befindet sich im Zentrum von Flumserberg Tannenheim, verfügt über 3 Stockwerke und einen fantastischen Blick auf die Churfirsten. Die Talstation Prodalp-Express, Restaurants und Shops sind in wenigen Gehminuten erreichbar. Das Ferienhaus verfügt über einen Aussenparkplatz und eine Garage.;9.304341673851015;47.0892675241778;Panoramastrasse 2;8897;Flumserberg Tannenheim;+41 79 504 90 45;contact@charmingstay.ch;https://www.charmingstay.ch;[{'@type': 'ImageObject', 'contentUrl': 'https://ostpimtsoch.sos-ch-dk-2.exoscale-cdn.com/catalog/1/8/3/4/18345e0a9832b66362d865538c351cafcce4a0a8_523baa9bb9dd4e7c1e95455845434f5e.jpg'}];2026-01-19T22:38:47+01:00
9a56f170-06b8-40be-88a1-b5ae943630b1;Schloss Freudenfels;Einst mittelalterliche Wehranlage, heute Oase der Ruhe. Hoch über dem Bodensee, eingebettet zwischen Wiesen und Weinhängen, thront Schloss Freudenfels. Das Seminar- und Eventhotel ist mit allem ausgestattet, was eine Veranstaltung unvergesslich und ein Seminar erfolgreich macht. Das Team vom Schloss Freudenfels überzeugt durch technisches Fachwissen und setzt sich für alle Belange der Gäste mit viel Leidenschaft und Herz ein.;Fürstlich Feiern. Oder schön einfach.
Ob Heiraten im kleinen Kreis, oder im grossen Stil. Ob Taufe oder Geburtstagsparty. Ob schlichter Firmenanlass oder festliches Bankett. Schloss Freudenfels bietet helle, feierliche Räume in verschiedenen Konfigurationen sowie eine Schlosskapelle, eine Schlossterrasse und einen beeindruckenden Rosengarten mit Blick auf Schloss und Bodensee.

Auf Schloss Freudenfels lässt es sich nicht nur gut feiern, sondern auch hervorragend arbeiten.
Schloss Freudenfels ist ein veritables Seminar- und Tagungszentrum. Um konzentriert zu überzeugenden Ergebnissen zu gelangen, helfen die unterschiedlichsten hellen Räume, die technische Ausstattung und die Rundumversorgung der Teilnehmenden. Die ruhige Lage, samt grosszügiger Aussen-Areale, lädt zu inspirierenden Spaziergängen ein, bei denen oft zündende Gedanke entstehen.;8.889913;47.638762;Schlossweg / Postfach;8264;Eschenz;+41 52 742 72 11;info@schloss-freudenfels.ch;http://www.schloss-freudenfels.ch;[{'@type': 'ImageObject', 'contentUrl': 'https://ostpimtsoch.sos-ch-dk-2.exoscale-cdn.com/catalog/a/b/2/f/ab2f9f2f473e0b7151d3998246bd9bc6018d2bf4_065608f159cbfaea97bc779e0ae8edbe.jpg'}];2026-02-09T23:49:43+01:00
9ab7c4e0-5f9a-4a15-91a8-69a27a80364f;Chalet Schwendihus (CharmingStay);Das Chalet Schwendihus bietet eine ruhige Lage mit Blick auf die Churfirsten und den Walensee. Es liegt etwa 1 km vom Zentrum Tannenboden entfernt und ist ideal für Paare, Familien und Singles.;Charmantes 3.5-Zimmer-Chalet aus Holzinterieur mit atemberaubender Aussicht auf die schönen Churfirsten und den blauen Walensee. Etwa 1 km vom Zentrum Tannenboden entfernt.;9.285072684288027;47.09682008180068;Schwendistrasse 48;8898;Flumserberg Tannenbodenalp;+41 79 504 90 45;contact@charmingstay.ch;https://www.charmingstay.ch;[{'@type': 'ImageObject', 'contentUrl': 'https://ostpimtsoch.sos-ch-dk-2.exoscale-cdn.com/catalog/9/9/f/0/99f0b5e72a66d64500b70ba6f492107eef0c9433_fbb2b784424779c8035c51a412edcff5.jpeg'}];2026-01-19T22:38:47+01:00
9b17bfaf-3ec0-4053-b12a-8d5f0dacbbc7;Dachwohnung Tannenboden, Whg. Schmid;Die Dachwohnung Tannenboden, Whg. Schmid, bietet eine zentrale Lage am Flumserberg mit Blick auf die Churfirsten. In der Nähe befinden sich Skilifte, eine Skischule, ein Tourismusbüro und Einkaufsmöglichkeiten.;Die helle, moderne und kinderfreundliche 3.5-Zimmer Dachwohnung befindet sich im Hotel Tannenboden mit wunderschöner Aussicht auf das Bergpanorama Churfirsten. In kurzer Gehdistanz erreichen Sie die Skilifte, Ski- und Snowboardschule, Tourismusbüro, Einkaufsladen und diverse Restaurants. Es ist ein idealer Ausgangspunkt für sämtliche Aktivitäten und Attraktionen am Flumserberg. ;9.286634850000006;47.093023349999996;Flumserbergstr. 184;8898;Flumserberg Tannenboden;+41 79 641 39 14;martina.walliser@datazug.ch;[{'@type': 'ImageObject', 'contentUrl': 'https://ostpimtsoch.sos-ch-dk-2.exoscale-cdn.com/catalog/b/4/f/b/b4fbd2da18ea5426fccbd8520e347f2d4d63b393_c99bf2207b54b62060af6716b4f38828.jpg'}];2026-01-19T22:38:47+01:00
9b367a83-b529-45eb-a38a-92a572d4a6a9;Sportunterkunft Weinfelden;Auf der Sportanlage Güttingersreuti in Weinfelden stehen zwei Gruppenunterkünfte zur Verfügung. Zum einen die Sportunterkunft und zum anderen die Sportlagerunterkunft.;Die Sportunterkunft bietet Platz für maximal 50 Personen und verfügt über folgende Zimmer:

- 6 x 8er-Zimmer
- 1 x 4er-Zimmer
- 1 x 2er-Zimmer

Es gibt einen grossen Aufenthaltsraum, jedoch keine Kochmöglichkeit. Eine Verpflegung kann im Restaurant Sportsbar (Eishalle) eingenommen werden.

Die unterirdische Sportlagerunterkunft bietet total 50 Betten. Es gibt drei Schlafräume sowie ein Leiterzimmer. Sanitäre Anlagen sowie eine Kochmöglichkeit befinden sich ebenfalls in der Sportlagerunterkunft. Gruppen ab 15 Personen können die Unterkunft reservieren. 

Die Reservation für beide Unterkünfte muss mindestens zwei Wochen im Voraus getätigt werden.;9.126959158508246;47.560397550000005;Lauligstrasse 6;8570;Weinfelden;+41 71 626 70 40;sportsekretariat@weinfelden.ch;https://www.weinfelden-erleben.ch/sport/sportunterkuenfte;[{'@type': 'ImageObject', 'contentUrl': 'https://ostpimtsoch.sos-ch-dk-2.exoscale-cdn.com/catalog/9/c/e/c/9cec535c57375cd28fe3b8d34b16e4ae9d33c3ae_f87f7d34a9a60551753c559d353c7c48.JPG'}];2025-04-09T21:21:24+02:00
9c018856-3a23-413b-ac28-b787b6436ca1;Gampergalt (Whg. Baker);Die Ferienwohnung Gampergalt in Flumserberg Tannenheim bietet eine ruhige Lage in einem 8-Familien-Haus. Sie ist nur drei Gehminuten von der Skipiste entfernt und verfügt über einen grossen Balkon mit Fernsicht sowie einen kostenlosen Parkplatz.;Die Ferienwohnung befindet sich an ruhiger Lage in einem 8-Familien-Ferienhaus in Flumserberg Tannenheim. Die Skipiste ist nur 3 Gehminuten entfernt. Zur Wohnung gehört ein kostenloser Parkplatz.

Die Wohnung ist gemütlich und komfortabel eingerichtet. Die ganze Wohnung verfügt über einen Plattenboden. Zur Wohnung gehört ein grosser Balkon mit Fernsicht.;9.30598712383185;47.08270506053502;Obere Anggetlinstrasse 36;8897;Flumserberg Tannenheim;+41 91 606 30 59;corinabaker@gmx.ch;[{'@type': 'ImageObject', 'contentUrl': 'https://ostpimtsoch.sos-ch-dk-2.exoscale-cdn.com/catalog/d/b/b/e/dbbec93981f55d32bd7bc11275599d4da7a911f1_677459d3ecc7f5b51189ddba7fce198c.jpg'}];2026-07-09T20:50:56+02:00
9c35b1c0-5e3f-47c6-ace4-78262e14f513;Ferienheim Bodenweidli;Das heimelige Toggenburger Holzhaus verfügt über 56 Betten auf 18 Zimmer verteilt, teils mit Dusche/WC.;Ideal für Schulklassen, Geburtstagsfest, Hochzeit, Lehrlingslager etc. Nebst gratis Internetanschluss stehen Ihnen ebenfalls Beamer, Leinwand, Musikanlage, ein hauseigener Fussballplatz, Volleyballfeld, Ping-Pong Tisch, Töggelikasten und eine Feuerstelle zur Verfügung. An einer Privatstrasse sind Sie frei vom Verkehr, jedoch sind es nur 100 Meter bis zur Skibushaltestelle.
Neu können wir zudem einen top modern eingerichteteten Seminarraum anbieten.;9.358319100000015;47.2079208;Bodenweidli;9658;Wildhaus;+41 71 999 13 55;lagerhaus@bodenweidli.ch;https://www.bodenweidli.ch;[{'@type': 'ImageObject', 'contentUrl': 'https://ostpimtsoch.sos-ch-dk-2.exoscale-cdn.com/catalog/e/1/6/5/e165d275ed5d3063803a19a82b0fdecf6e0de692_91cde63417bc4b4afce1139f457b3ddd.JPG'}];2025-10-28T16:15:24+01:00
9c76fbc0-e12b-446a-ae38-21729e25b301;Haus «less is more» GästeZimmerBetten;Über dem rundbogigen Tor zu ebener Erde auf einer in die Mauer eingelassenen Sandsteinplatte sind die ein Mühlrad umgebenden Initialen «HS-EM» (Johann=Hans Seiler-Elisabeth Müller) samt Datum «1716» eingemeisselt (Nebenhaus Ökonomie).;GästeZimmerBetten für max. 6 Personen. 1 DZ und 1 EZ 1. OG und 3 Matratzen 2. OG Dach via Raumspartreppe in gemütlichem Haus (erbaut um 1900) mit kleinem Garten/Sitzplatz und Gewölbe Keller im alten und ruhigen Dorfkern.

Direkt am Velo (Fahrrad) Weg und dem Bach Biber mit Blick auf Skulptur die «Schöne von Bibern» umgeben von Profanbauten.
In unmittelbarer Nähe Bushaltestelle «Dorf», Kinderspielplatz, Land-Beiz, Hofladen (7/24), Schreibmaschinen Museum, Wiesen, Weiden, Tiere, Wanderweg, Nat(o)urpark «Reiatweg», Badi Unterer Reiat mit Beiz/Kiosk (Konzerte), Hofen, Holländerhaus, Hofen, Restaurant Reiatstube, Opfertshofen.

Kleines Frühstück (Selbstbedienung), Brunch (Samstag/Sonntag auf Wunsch). Bad/Dusche/WC, WC separat, Küche, eigener Essbereich, Waschmaschine (kein Tumbler), WLAN/TV/Radio, Gartensitzplatz, kleiner idyllischer Naturgarten mit Obstbäumen, Hofplatz vor Gewölbe, Parkplatz. 
Das Gewölbe liegt ebenerdig. Bis zum Hauseingang sind einige Treppen zu bewältigen und auch im Haus zu den oberen zwei Ebenen. 

Gastgeberin «Silvia» ist Mensch, Kinder, Tier freundlich, unkompliziert und lösungsorientiert. Im Haus leben Hunde Mops «Luna & Theo» und Maine Coon Kater «Bilbo». Soziale und freundliche Hunde sind willkommen.;8.676603814565421;47.7726996;Dorfstrasse 12;8242;Bibern;+41 79 405 62 82;silvia.sandtner@gmail.com;[{'@type': 'ImageObject', 'contentUrl': 'https://ostpimtsoch.sos-ch-dk-2.exoscale-cdn.com/catalog/4/5/b/9/45b9f16e0d5bafe514ed332284e750cc372aa503_822c3c54a9bc438c4d01994489b8f6d9.jpg'}];2025-10-28T19:03:31+01:00
9d1becc9-676c-4a43-b588-cbd5f1082d95;B&B Chez Lise;Das B&B chez Lise glänzt mit seiner einmaligen Lage, dem schönen Garten und der Pergola. Jedes der drei Zimmer hat seinen eigenen Charme.;Die Inhaberin, Lise Frischknecht, zaubert für ihre Gäste köstliche Gerichte und macht den Aufenthalt zu einem echt authentischen Erlebnis. Auf Anfrage erhaschen die Gäste sogar einen Einblick in den beachtlichen Weinkeller.

Die unmittelbare Lage zum Zentrums ermöglicht Ausflugstipps diverser Art wie Wandern, Museumsbesuche, Langlaufen, Schneeschuhwandern, Schwimmen im Freibad und viele mehr.   

Die Gäste erleben einen nachhaltigen Komfort im BnB Chez Lise, wo Solaranlage, Luftwärmepumpe und konsequente Abfalltrennung für eine umweltfreundliche Auszeit sorgen. 

Auf Anfrage können Kochkurse und Weindegustationen gebucht werden.;9.28126245;47.31393;Hinteregg 1474;9107;Urnäsch;+41 77 411 00 54;lise.frischknecht@gmail.com;https://chezlise.ch/;[{'@type': 'ImageObject', 'contentUrl': 'https://ostpimtsoch.sos-ch-dk-2.exoscale-cdn.com/catalog/2/1/5/a/215ab301f8b200faa569160c853dcccc0618f6a5_3011547736b2ab545904d6413dcea2dc.jpeg', 'caption': {'de': 'B&B Aussenansicht'}}];2026-06-16T20:10:27+02:00
9da4072e-3fd7-4a90-b49c-ca455637bea0;Hotel Bodensee-Arena;Die Sport- und Event-Location mit Hotel Bodensee-Arena in Kreuzlingen bietet Platz für verschiedene Sportveranstaltungen, Seminare, Firmenanlässe oder zum gemütlichen Beisammensein im Restaurant. Übernachtungsgäste erwarten Hotelzimmer mit direktem Aussenzugang und Blick aufs Wasser.;<p>Die Bodensee-Arena liegt rund 100 Meter vom Bodensee entfernt mitten in der Zweiländerregion Kreuzlingen-Konstanz. Die gute Lage am Wasser ermöglicht einen aktiven und abwechslungsreichen Aufenthalt. Diverse Sportarten können in der Arena selbst oder in nächster Nähe betrieben werden. Hier wird Tennis, Fussball oder Beachvolleyball gespielt und im Bodensee geschwommen. Im Winter kommen Eislaufen, Eisdiscos und Eisstockschiessen auf der gemütlichen Restaurantterrasse zum Angebot hinzu. Im Restaurant Bodensee-Arena geniessen Gäste täglich ein Frühstücksbuffet – am Wochenende wird gebruncht. Mittags und abends überzeugt das Restaurant mit gutbürgerlicher Küche, der Poulet-Flügeli-Manufaktur oder mit feinen Ciabatta-Sandwiches.</p><p>In wenigen Minuten sind zu Fuss die Kreuzlinger und Konstanzer Altstadt sowie die Häfen und Bahnhöfe beider Städte oder der Kreuzlinger Seeburgpark erreichbar. Parkplätze stehen kostenlos zur Verfügung. Für Fahrradgäste gibt’s einen abschliessbaren Veloraum.</p>;9.1800643;47.6547591;Seestrasse 11B;8280;Kreuzlingen;+41 71 677 15 40;reservation@bodensee-arena.com;http://www.bodensee-arena.com/;[{'@type': 'ImageObject', 'contentUrl': 'https://ostpimtsoch.sos-ch-dk-2.exoscale-cdn.com/catalog/0/5/b/a/05ba6049ddf55d698c9020de3731805330785149_fc81471791562e8737bdd55cc2d83c18.jpg'}];2025-03-13T21:22:58+01:00
9e56525d-097c-45be-8254-7d7aeaa4dff4;flueli holiday home, Urnäsch;Freistehendes Ferienhaus an sonniger und zentraler Lage, grosszügigem Gartensitzplatz  mit schönem Bick auf den Alpstein.;Lust, einmal dem City Alltag zu entgehen, oder das Gewohnte hinter sich zu lassen? Oder das Homeoffice mit traumhafter Sicht auf die Berge und sanftem Bachrauschen im Hintergrund, zu verlegen? Freude am Wandern, Golfen, Biken oder Langlaufen? Ein freundliches Appenzeller Haus im traditionsreichen und attraktiven Urnäscher Dorfkern freut sich auf Ihren Besuch.

Das Haus an Südhanglage ist freistehend, 2-stöckig, ca. 100 Jahre alt und wurde 2021/2022 leicht renoviert mit durchgehend neuen Bio Vinyl Böden, Parkett im Wohnzimmer und mehrheitlich neuen Fenstern und hell gestalteten Zimmern. Im Wohn- und Schlafbereich 1. OG ist die Zimmerhöhe 2 m, im Schlafbereich 2. OG 1.90 m. Zwei freistehende Parkplätze stehen zur alleinigen Benützung zur Verfügung.
Neben den vier Zimmern hat es eine Küche mit folgenden Geräten: drei Herdplatten und Backofen, Nespresso Kaffeemaschine, Wasserkocher, Haushaltmaschine, Toaster, Raclette Ofen, Käse- und Chinois Geräte, Kühlschrank, Geschirrspüler und übliche Küchenutensilien.
Das Bad beinhaltet Badewanne, separate Dusche, Lavabo, Handtuchwärmer, Fön und Frottéewäsche. Das WC ist separat.
Das Haus kann mit einem ölbefeuerten Kachelofen und individuellen Elektro-Heizkörpern beheizt werden.

OSKAR, die Ostschweizer Gästekarte für Mobilität, Sport und Attraktivitäten zu vergünstigten Konditionen wird  durch flueli angeboten.;9.281473175345198;47.317683117492;Oberdorf 12;9107;Urnäsch;+41 79 341 97 10;marlis.cortesi@bluewin.ch;https://www.flueli-urnaesch.ch;[{'@type': 'ImageObject', 'contentUrl': 'https://ostpimtsoch.sos-ch-dk-2.exoscale-cdn.com/catalog/8/0/5/4/805450cac60146db4dcfcf4446d179f9ae8d4355_f1276e0feb1fde502cd4d0a812ed176f.jpg'}];2025-05-22T18:12:50+02:00
9e63ed52-51b8-4189-9947-1a1db5014e5f;Ferienwohnung Bijouswiss "The Yellow House" mit SAUNA;Die Ferienwohnung Bijouswiss The Yellow House in Oberterzen bietet eine private Sauna, einen gemütlichen Wohnraum und eine moderne Küche. Sie liegt in der Nähe des Walensees und der Bergbahnen, ideal für Erholung und Aktivitäten.;Die Wohnung verfügt über einen gemütlichen Wohnraum mit Samsung Home Cinema Anlage mit SAT TV.
Ledersofa, 2 Relaxstühle und einen Esstisch. Das Leder-Sofa kann als Bett umfunktioniert werden, falls eine Raumtrennung der Schlafzimmer gewünscht wird. Schlafzimmer mit Doppelbett und separatem Etagenbett in Normalgrösse, auch für Erwachsene geeignet. 
Die Küche ist sehr modern und mit Eckbank und Esstisch, Nespresso Kaffeemschine, Mikrowelle/Backofen, Kühlschrank,  ausgestattet.  
Dusche, WC, Lavabo und eigene Finnische Sauna. 
Viele Spiele für Jung und Alt vorhanden.;9.259990636194363;47.09945155;Ringstrasse 8;8884;Oberterzen;+41 79 818 04 32;info@bijouswiss.ch;http://www.bijouswiss.ch;[{'@type': 'ImageObject', 'contentUrl': 'https://ostpimtsoch.sos-ch-dk-2.exoscale-cdn.com/catalog/b/2/8/f/b28f6cc8948cf8a5fd94523e58346d9865af1476_a15bf3c2758b8cf5d0c6e35b08aa10d2.jpg'}];2026-01-19T22:38:47+01:00
9e793cfa-0a4d-4bfd-ae0d-8b8e255e23a2;BikerCamping Flumserberg;BikerCamping Flumserberg bietet Übernachtungsmöglichkeiten direkt bei der Talstation der 12er-Gondelbahn Prodalp-Express in Tannenheim. Camper können die Infrastruktur des Aparthotels Edy Bruggmann nutzen und in der Nähe der BikerTrails übernachten.;Wer von den BikerTrails am Flumserberg gar nicht genug bekommen kann, hat die Möglichkeit, in unmittelbarer Nähe zu übernachten. Direkt bei der Talstation der 12er-Gondelbahn Prodalp-Express in Tannenheim, um genau zu sein. Zwischen der Talstation und der Après-Bike-Bar „sonderBar“ gibt es Abstellplätze für Busse und Vans. Zusätzlich können Wohnmobile bis zu einer Maximallänge von 7,50 m hinter dem Tennisplatz Flumserberg sowie in unmittelbarer Nähe zum BikerShop Flumserberg geparkt werden. Die Infrastruktur des Aparthotels Edy Bruggmann steht allen Campern zur Verfügung.

Erst auf den Trails abfahren, dann beim Après-Bike entspannen und schliesslich nur wenige Meter zum Schlafplatz gehen – das gibt es nur am BikerBerg Flumserberg.;9.303059577941896;47.089420135078456;Flumserbergstrasse 151;8897;Flumserberg Tannenheim;+41 79 893 35 12;sunneschy@hotelbruggmann.ch;http://www.hotelbruggmann.ch/index.php/booking;[{'@type': 'ImageObject', 'contentUrl': 'https://ostpimtsoch.sos-ch-dk-2.exoscale-cdn.com/catalog/b/e/8/5/be854ce3022605bdccd5f8414d29238b441ddd69_1242d2fefa21352d419e53e812a63b56.png'}];2025-12-15T22:15:04+01:00
9fb29a16-da84-4df9-9d90-24e5342fd547;Appadu.ch - das Appartement und Du!;Egal ob zum Arbeiten in St.Gallen, Wohnungs-Renovierer oder Neo-Single. Appadu bietet die Möglichkeit zum „Wohnen auf Zeit“ und ist somit ein Missing Link zwischen Hotel und Wohnung.;Ausserdem entscheidet der Gast selbst wie viel Hotel er will:
Zimmerreinigung täglich oder wöchentlich, Frühstück oder nicht, usw.
Der Gast hat die Wahl. 

Die Longstay Appartements beinhalten folgende Standard-Leistungen:

- Heimeliges Wohnungsflair ohne mühsames Einrichten
- Einzug sofort möglich
- 1 Schlaf- und 1 Wohnzimmer, 1 Bad und grosser sonniger Balkon
- Nichtraucher-Appartement
- Küchenzeile mit Küchenausstattung, Kühlschrank und Mikrowelle
- Frühstück flexibel zu buchbar;9.31070923805237;47.40794906154153;Breitfeldstrasse 9;9015;St.Gallen;+41712302020;info@appadu.ch;https://appadu.ch;[{'@type': 'ImageObject', 'contentUrl': 'https://ostpimtsoch.sos-ch-dk-2.exoscale-cdn.com/catalog/4/f/3/6/4f36df5a3f5aaeb2e6b6c780dd2341b49957afef_80577a5756150e886ec05b9d89dff4a5.jpg'}];2026-06-16T20:17:36+02:00
9ff3677e-a890-472d-b62c-cc9aeecae4ac;Gruppenhaus TV Schaffhausen;Das gemütlich ausgestattete Selbstversorger-Gruppenhaus in Unterwasser/Wildhaus bietet Platz für max. 58 Personen, liegt direkt an der Skipiste und im Wandergebiet. Es eignet sich ideal für Schullager, Vereine und grosse Familien.;Das Ski- und Ferienhaus des TV Schaffhausen (1’150 m.ü.M.) in Unterwasser ist ein gemütliches und schön gelegenes Lagerhaus und bietet sowohl Gruppen und Schulklassen als auch grossen Familien Unterkunft. Die maximale Kapazität liegt bei 58 Personen. Wir empfehlen auf Grund der Platzverhältnisse in den allgemeinen Räumen sowie den sanitäten Anlagen, das Haus mit nicht mehr als 40 Personen zu belegen.

Das Haus ist im Sommer und im Winter mit dem Auto von Unterwasser (steile Zufahrt) oder einfacher von Wildhaus her erreichbar. Kostenfreie Parkplätze befinden sich unmittelbar vor dem Haus. Mit dem Reisecar ist die Zufahrt über Wildhaus möglich. Im Winter führt die Ski-Piste direkt am Haus vorbei.

Im Sommer und im Herbst ist das Haus ein idealer Ausgangspunkt für Wanderungen zu den Churfirsten. 300 m vom Haus entfernt befindet sich der Schwendisee, der zum Baden einlädt. Zum Haus gehören zudem eine Grillstelle und eine grosszügige Spielwiese.

Das Haus ist ein Selbstversorgerhaus. In der nahen Umgebung finden Sie zudem zwei öffentliche Restaurants (Gade & Alpenrose).;9.32665495;47.19093905;Hintere Schwendistrasse 56;9657;Unterwasser;+41 71 999 27 27;info@bergundbett.ch;https://bergundbett.ch/gruppenhaeuser/;[{'@type': 'ImageObject', 'contentUrl': 'https://ostpimtsoch.sos-ch-dk-2.exoscale-cdn.com/catalog/a/8/a/6/a8a6cf6a878dd2332df69322601309c62099c6cd_a44428dd69f15ad0b74d47c7c4f0a40e.jpg'}];2026-05-06T19:32:50+02:00
a1a7902c-da65-4e94-a99c-f8459dd41b1e;Chalet Ruedi (CharmingStay);Das Chalet Ruedi (CharmingStay) bietet eine 3,5-Zimmerwohnung inmitten der Natur am Flumserberg. Direkt an der Skipiste und dem Winterwanderweg gelegen, ist es ideal für zwei bis vier Personen. Die Wohnung wurde mehrfach renoviert und bietet modernen Komfort.;Die charmante 3.5 Zimmerwohnung liegt mitten in der Natur. Direkt beim Winterwanderweg und neben der Skipiste, bzw. beim Sommerhöhenweg und dem Biker Trail. Die Wohnung ist ideal für 2-4 Personen. Die Wohnfläche beträgt 35m2. Gebaut wurde das Chalet im Jahre 1970, in den letzten Jahren wurde es aber mehrfach renoviert. Direkt neben dem Chalet liegt die Skipiste. Nur ca. 2 Minuten Abfahrt zum Prodalp-Express. Im Sommer erfolgt die Zufahrt direkt vor das Chalet und im Winter ist der Zugang via fussweg von 300m über die Obere Anggetlinstrasse und den Winterwanderweg sichergestellt.;9.303999489145204;47.08464215714109;Hintere Cafridastr. 30;8897;Flumserberg Tannenheim;+41 79 504 90 45;contact@charmingstay.ch;https://www.charmingstay.ch;[{'@type': 'ImageObject', 'contentUrl': 'https://ostpimtsoch.sos-ch-dk-2.exoscale-cdn.com/catalog/0/d/1/7/0d17023124f20f834723153d0f26950bc15dea18_c61bd826adfa60dd5ab0bb4f0beaa33a.jpg'}];2026-02-09T22:43:24+01:00
a211f9ed-bc68-462d-b382-4a3b0337db43;Brunner's Gamperdon;Die neue 3,5-Zimmerwohnung in Flumserberg Tannenboden bietet eine zentrale Lage mit Panoramablick auf die Churfirsten. Wanderwege, Bushaltestelle und Geschäfte sind zu Fuss erreichbar. Ein Garagenplatz ist im Preis inbegriffen.;Die neue 3.5-Zimmerwohnung liegt sehr zentral am Standort vom ehemaligen Hotel Gamperdon in Tannenboden Dorf. Wanderwege, Bushaltestelle, Restaurants, Lebensmittel- und Sportgeschäfte sind zu Fuss erreichbar. Ein Garagenplatz ist im Preis inbegriffen.

Die helle und komplett neue Ferienwohnung ist modern und komfortabel eingerichtet. Alle Zimmer verfügen über einen hellen Holzboden und haben eine wunderschöne Panoramasicht auf die Churfirsten.;9.28523182510765;47.093405000000004;Flumserbergstrasse 188;8898;Flumserberg Tannenbodenalp;+41 52 659 20 72;mail@markusbrunner.ch;[{'@type': 'ImageObject', 'contentUrl': 'https://ostpimtsoch.sos-ch-dk-2.exoscale-cdn.com/catalog/5/8/a/5/58a5e36a60e3938e47eb922f2dbc08e8f2e1e463_9fd05e5f3e7f5a9f24f709798e4a2e84.JPG'}];2026-03-11T21:50:30+01:00
a2e7f4e1-4e7f-4e64-bd10-593343538a3a;Haus am Rain Ski- und Ferienhaus;Gemütliches Gruppenhaus im Toggenburg in Alt St. Johann mit 28 Betten und Studios, Aufenthaltsräumen, Spielraum, Gastro­küche und Kleinküche. Nahe beim Dorf, bei Pisten, Seilbahn und Wanderwegen. Parkplätze direkt vor dem Haus.;<div><p>Willkommen in unserem charmanten Gruppenhaus mit sieben einladenden Zimmern. Jedes Zimmer bietet Platz f&uuml;r bis zu vier Personen und verf&uuml;gt &uuml;ber ein eigenes Badezimmer.</p><p>Das Haus bietet grossz&uuml;gige Aufenthaltsr&auml;ume, die zum geselligen Beisammensein einladen, sowie eine voll ausgestattete Gastrok&uuml;che, die kulinarische Erlebnisse f&uuml;r gr&ouml;ssere Gruppen erm&ouml;glicht. F&uuml;r kleinere Gruppen steht zudem eine separate, gem&uuml;tliche K&uuml;che zur Verf&uuml;gung.</p><p>Die weitl&auml;ufige Terrasse mit Grill l&auml;dt zu unvergesslichen Grillabenden unter freiem Himmel ein &ndash; begleitet von einer atemberaubenden Aussicht auf die majest&auml;tischen Berge S&auml;ntis und Schafberg.</p><p>Dank der ruhigen und dennoch zentralen Lage, nur f&uuml;nf Minuten von den &ouml;ffentlichen Verkehrsmitteln und den Bergbahnen entfernt, ist das Haus der ideale Ausgangspunkt f&uuml;r Skifahrer, Wanderer und Biker.</p><p>Hier finden Sie den perfekten Ort, um zur Ruhe zu kommen, die Natur zu geniessen und neue Abenteuer zu erleben.</p></div>;9.282629550000003;47.190927599999995;Tobelstrasse 16;9656;Alt St. Johann;+41787457930;kaethivetsch@bluewin.ch;https://hausamrain.ch;[{'@type': 'ImageObject', 'contentUrl': 'https://ostpimtsoch.sos-ch-dk-2.exoscale-cdn.com/catalog/e/9/b/2/e9b262d71a724e472a4582a7d56d766b875fb07b_5a89d869d324eb9aa99a905d909211ed.jpg'}];2026-06-03T19:39:43+02:00
a3673a1c-f492-48d7-931a-f89682b89cd8;Chalet Felsenberg (CharmingStay);Das Chalet Felsenberg in Flumserberg Tannenheim bietet eine gemütliche 2,5-Zimmer-Wohnung mit Blick auf die Churfirsten. Die Bergbahn Prodalp-Express ist in zwölf Gehminuten erreichbar.;Diese gemütliche 2.5-Zimmer-Wohnung im Erdgeschoss des Chalet Felsenberg bietet eine traumhafte Aussicht auf die Churfirsten. Vom Chalet sind es 12 Gehminuten bis zur Bergbahn Prodalp-Express.;9.305532574653627;47.08385414148862;Oberes Anggetlinstrasse 16;8897;Flumserberg Tannenheim;+41 79 504 90 45;contact@charmingstay.ch;https://www.charmingstay.ch;[{'@type': 'ImageObject', 'contentUrl': 'https://ostpimtsoch.sos-ch-dk-2.exoscale-cdn.com/catalog/b/a/9/9/ba99270b09e789801d01471921579c291f9d5f51_eea7aab999ef5252d4e31e84af24fa1a.jpeg'}];2026-01-27T22:01:29+01:00
a46c2024-d00b-44bf-858c-26802f9f3c6f;Stellplatz «Kirche»;Stellplatz im Zentrum von Heiden.;Der Kiesparkplatz bietet Platz für zwei Camper mit Parkverhalten. In kurzer Gehdistanz entdecken Sie einige Einkaufsmöglichkeiten und Restaurants sowie den Bahnhof, Postautohaltestellen, Schwimmbad, Kino, Spielplatz und eine Abfalltrennstation. Übernachten in Fahrzeugen ist nur mit eigenem WC erlaubt.

Der Stellplatz befindet sich auf dem Kiesplatz der Kirche. Es wird gebeten, auf Kirchengäste Rücksicht zu nehmen.

Maximale Aufenthaltsdauer: 3 Nächte
Öffentliche Toiletten: Post/Friedhof geöffnet von 06.00 – 22.00 Uhr
Preis: CHF 12.20 pro Nacht inkl. 1 Person, Bezahlung via Parkn Sleep (QR-Code vor Ort scannen oder Internetseite besuchen)&nbsp;;9.534995751998174;47.4450565;Kirchplatz 3;9410;Heiden;+41 71 898 33 01;stellplatz@kurvereinheiden.ch;https://www.kurvereinheiden.ch/stellpl%C3%A4tze-f%C3%BCr-camper;[{'@type': 'ImageObject', 'contentUrl': 'https://ostpimtsoch.sos-ch-dk-2.exoscale-cdn.com/catalog/4/0/6/2/406215d6acbe2fd425d2bd09000bf77f629dcce7_889ae7d01c6d7edcc6c220bce355812b.jpeg'}];2025-03-06T18:13:59+01:00
a537d44b-5b10-447c-8b6a-cec31532e9cd;Hotel zur Krone Gais;Das Hotel zur Krone liegt direkt am Dorfplatz und ist somit ein attraktiver Ausgangspunkt für verschiedene Wanderungen.;Mitten auf dem historischen Dorfplatz präsentiert sich das Hotel als idealer Ausgangspunkt für Wanderungen. 25 Doppelzimmer sind mit Dusche oder Bad ausgerüstet. Wir verfügen über ein kostenloses W-Lan. Im Weiteren bietet es drei Säle mit Kapazität bis zu 200 Personen an und ein wunderschönes, heimeliges Restaurant, wo Appenzellerspezialitäten sowie andere à la carte Gerichte serviert werden. Die Räumlichkeiten eignen sich für Seminare und andere Veranstaltungen.;9.453498085041957;47.36252725;Dorfplatz 6;9056;Gais;+41717900690;info@krone-gais.ch;http://www.krone-gais.ch/;[{'@type': 'ImageObject', 'contentUrl': 'https://ostpimtsoch.sos-ch-dk-2.exoscale-cdn.com/catalog/3/5/6/5/35651777113fa0a212e14c97a86ab14255f46065_64ee8630c42f09390ad565653b2a7507.JPG'}];2025-05-20T18:16:30+02:00
a68dc274-7cf4-4337-9f8c-ec6e266539c6;Chalet Hasehüsli;Das charmante Chalet Hasehüsli auf der Tannebodenalp bietet ruhige Lage und schöne Sicht auf die Churfirsten. 2.5- und 3.5-Zimmer-Wohnungen für 4–6 Personen, mit Küche, Bad, TV, Balkon oder Sitzplatz. Hunde nach Absprache willkommen.;<p class="MsoNormal"><span lang="DE-CH">Das Chalet Haseh&uuml;sli befindet sich auf der Tannebodenalp im Flumserberg in ruhiger Lage, nahe am Wald und mit herrlichem Blick auf die Churfirsten. Das Chalet umfasst eine 2,5-Zimmer-Wohnung mit bis zu vier Schlafpl&auml;tzen, darunter ein separates Schlafzimmer mit Doppelbett sowie ein Bettsofa im Wohnzimmer.</span></p><p class="MsoNormal"><span lang="DE-CH">Des Weiteren steht eine 3,5-Zimmer-Wohnung mit zwei Schlafzimmern und maximal sechs Schlafpl&auml;tzen zur Verf&uuml;gung. Ein Schlafzimmer ist mit einem Einzelbett ausgestattet, das zum Doppelbett umfunktioniert werden kann, sowie mit einem Etagenbett (geeignet f&uuml;r Erwachsene bis maximal 1,70 m K&ouml;rpergr&ouml;&szlig;e oder f&uuml;r Kinder). Das zweite Schlafzimmer verf&uuml;gt &uuml;ber ein Doppelbett.</span></p><p class="MsoNormal"><span lang="DE-CH">Beide Wohnungen bieten ein Badezimmer mit Dusche und WC sowie eine gut ausgestattete K&uuml;che inklusive Mikrowelle und Kaffeemaschine. Im Wohnzimmer befinden sich je ein Sofa und ein Fernseher. Internetzugang ist nicht verf&uuml;gbar.</span></p><p class="MsoNormal"><span lang="DE-CH">Hunde sind nach vorheriger Absprache grunds&auml;tzlich gestattet.</span></p><p class="MsoNormal"><span lang="DE-CH">Beide Wohneinheiten verf&uuml;gen &uuml;ber einen eigenen Sitzplatz oder Balkon mit Tisch und St&uuml;hlen. Zus&auml;tzlich steht im Garten ein &uuml;berdachter Sitzbereich mit Pavillon und Feuerstelle zur gemeinschaftlichen Nutzung bereit.</span></p>;9.286381;47.0944018;Schwendistrasse 18;8898;Flumserberg Tannenboden;+41 79 583 71 07;hasehuesli@gmail.com;[{'@type': 'ImageObject', 'contentUrl': 'https://ostpimtsoch.sos-ch-dk-2.exoscale-cdn.com/catalog/0/0/e/4/00e4266907b3b9fe4a2e00eb4afb8e9317da9415_bf9eeb2b4f58fd5d08171f0455a3b69f.jpg'}];2026-06-10T21:46:41+02:00
a75f7b42-e360-49a6-ba8d-3a802da03072;Gasthof Ochsen;Wir sind ein à la Carte Restaurant mit Hotelzimmern im Zentrum von Stein.
Wir verfügen ebenfalls über eine Gruppenunterkunft für bis 100 Personen und Säle für verschiedene Anlässe für bis zu 100 Personen.;Der perfekte Ausgangspunkt um das Obertoggenburg zu erkunden. 
Wir befinden uns genau im Zentrum zwischen Säntis, Churfirsten, Gamplüt, Wolzenalp und Speer. Egal wo Sie Ihre Wanderung oder Biketour hinführt, bei uns sind Sie am richtigen Ausgangspunkt.

Eine besondere Perle ist der Gasthof Ochsen für Fischer: Als Partner des FV-Obertoggenburg dürfen wir unseren Hotelgästen Patente für die Thur und ihre Nebenbäche für die Fischerei auf Bachforellen ausstellen.

In unserem Restaurant finden Sie ein vielfältiges und regionales Angebot, welches sich stets nach der aktuellen Saison richtet.;9.2267025;47.1986052;Dorf 306;9655;Stein;+41 71 994 19 62;info@stein-ochsen.ch;https://stein-ochsen.ch;[{'@type': 'ImageObject', 'contentUrl': 'https://ostpimtsoch.sos-ch-dk-2.exoscale-cdn.com/catalog/f/4/9/3/f4932a2541a87c7824de9d1e89425bcc93912c32_d5721390d6ca55df910e5b4e1a6094f4.jpeg'}];2026-04-07T19:30:36+02:00
a80bb401-1acf-4df4-ba9b-b44d5a895109;Haus Gauenwald (Whg. Tribelhorn);Haus Gauenwald bietet eine gemütliche 3-Zimmer-Wohnung mit bis zu sechs Schlafplätzen. Zentral gelegen, nur fünf Gehminuten von der Bergbahn Tannenheim entfernt, bietet es Ruhe abseits der Hauptstrasse.;Gemütlich eingerichtete 3-Zimmer Wohnung mit maximal 6 Schlafplätzen zu vermieten. Die Wohnung liegt zentral, 5 Gehminuten von der Bergbahn im Tannenheim entfernt und doch weg vom Lärm der Hauptstrasse.;9.3004584;47.09134255;Tschudiwiesenstrasse 10;8897;Flumserberg Tannenheim;+423 797 18 69;info@flumserberg.li;http://www.flumserberg.li;[{'@type': 'ImageObject', 'contentUrl': 'https://ostpimtsoch.sos-ch-dk-2.exoscale-cdn.com/catalog/9/3/b/4/93b4de7f423d7ca14db9b426d204a1d4b21f1522_608dd0ca0c4b2c5844628aca81880489.jpg'}];2026-03-11T21:50:30+01:00
a8ef4c38-544f-4c0c-88db-360fd5f5c576;Haus Ahorn;Das freistehende Ferienhaus Haus Ahorn liegt in ruhiger Lage nahe den Skipisten und Wanderwegen von Flumserberg. Es bietet Platz für vier Erwachsene und zwei Kinder und ist gemütlich mit viel Holz eingerichtet.;Das freistehende 4.5 Ferienhaus an ruhiger Lage ist in der Nähe der Skipisten und der Wanderwege. In kurzer Gehdistanz ist das Hallenbad Flumserberg zu erreichen. Maximal 4 Erwachsene und 2 Kinder bis zu 16 Jahren finden im Haus Ahorn Platz, für 6 Erwachsene ist das Haus leider zu klein.

Die Wohnung ist gemütlich und mit viel Holz eingerichtet. Teilweise sind die Wände und Decken getäfert. Das Cheminée macht die Atmosphäre im Wohn-/Esszimmer gemütlich.;9.29464946178027;47.08984275;Oberbergstrasse 17;8898;Flumserberg Tannenbodenalp;+41 55 460 12 01;ahorn-flumserberg@gmx.ch;http://www.zueger.cc/ahorn.htm;[{'@type': 'ImageObject', 'contentUrl': 'https://ostpimtsoch.sos-ch-dk-2.exoscale-cdn.com/catalog/5/0/4/d/504d6f90b579354c5f1b2c1cedbff85050c63e84_840aa76fb3c20fdad4cca840539ac35f.jpg'}];2026-02-09T22:43:24+01:00
a973ee01-50f6-456f-b8ab-1292c5206058;Chalet Taiabell;Das Chalet Taiabell liegt in Flumserberg Tannenboden und bietet einen Panoramablick nahe den Skipisten. Es verfügt über ein Wohnzimmer, eine gut ausgestattete Küche, drei Schlafzimmer und eine Spielwiese mit Grillmöglichkeit.;Das alleinstehende Chalet befindet sich an sehr sonniger Lage in Flumserberg Tannenboden, mit wunderschönem Panoramablick nahe an den Skipisten. Das heimelige Ferienhaus mit Balkon ist komfortabel eingerichtet. Dazu gehört eine grosse Spiel- und Liegewiese mit Grillmöglichkeit sowie eine Garage und einen Parkplatz. Die Inneneinrichtungen mit viel Holz schaffen eine gemütliche Wohn-Atmosphäre. Es sind vorhanden: ein grosszügiges Wohnzimmer, eine sehr gut ausgestattete Küche, drei Schlafzimmer mit je zwei Betten sowie ein Badezimmer mit Dusche/WC.;9.285373091697695;47.092598195373476;Alp  Tannenbodenstrasse 5;8898;Flumserberg Tannenbodenalp;+41 81 733 18 86;nadiggiger@rsnweb.ch;[{'@type': 'ImageObject', 'contentUrl': 'https://ostpimtsoch.sos-ch-dk-2.exoscale-cdn.com/catalog/5/7/8/6/5786cc0a2dbb2cc83e988183a87b84e120adec6a_a144d780709471477c31d183004eaee3.jpg'}];2026-03-11T21:50:30+01:00
a9dca2c3-729a-4e25-887c-b123cec0d364;AIR BNBAR;Das einzigartige AirBnBar im Herzen der malerischen Schaffhauser Altstadt.;Das AirBnB der Bar No13 liegt direkt über der renommierten Bar No13 in der Unterstadt mitten in der Schaffhauser Altstadt.

Es bietet Platz für insgesamt 5-6 Personen verteilt auf zwei Schlafzimmer und einem ausziehbaren Sofa im Wohnzimmer.
Das AirBnBar bietet zudem eine voll ausgestattete Küche, einen Essbereich sowie ein Badezimmer mit Toilette, grosszügiger Dusche sowie Waschmaschine & Tumbler.
;8.639945207215192;47.6959024;Unterstadt 10;8200;Schaffhausen;info@bar13.ch;https://airbnb.com/h/barno13;[{'@type': 'ImageObject', 'contentUrl': 'https://ostpimtsoch.sos-ch-dk-2.exoscale-cdn.com/catalog/9/c/4/2/9c425a9e1fd123559e5576e17bd39516859debd0_fe0e6d1ac43e3d3414492df33f80f34d.png'}];2025-03-31T18:47:47+02:00
a9f96fdc-b021-41a3-beab-235d49ac32bb;Gasthaus Rössli Trogen;Gästezimmer im authentisch erhaltenen Rössli-Appenzellerhaus im ruhigen Dorfkern von Trogen.;Das authentisch erhaltene dreihundertjährige Appenzeller Gasthaus in Trogen bietet fünf frisch renovierte Doppelzimmer und ein Einzelzimmer mit individuellem Charme, Duschen und Toiletten auf dem Gang und eine kleine Dachterasse. Der wunderschöne Rösslisaal kann für Tanz, Bewegung, Kurse und gesellschaftliche Anlässe gemietet werden.;9.463527939287612;47.40842815;Hinterdorf 5;9043;Trogen;+41772752216;gasthaus@roesslitrogen.ch;https://www.roesslisaal.com;[{'@type': 'ImageObject', 'contentUrl': 'https://ostpimtsoch.sos-ch-dk-2.exoscale-cdn.com/catalog/b/7/d/d/b7ddbb8e2d45b93c2b6e27b91b8bf7f9bdcdbe55_d3e3dec6427e5587f9aba7ac87e8cba0.jpg'}];2026-06-16T20:28:37+02:00
aa5aea44-df70-4d93-96ca-ffe2f100c68f;Berggasthaus Fuchsacker;Restaurant mit Aussicht für Wanderer, Festfreudige und Geniesser;<p>Im Gasthaus Fuchsacker lässt sich gut sein: sei es für eine Rast auf einer Wanderung, für gemütliche und genussvolle Stunden zu zweit oder in einer grösseren Gruppe, oder Sie übernachten im Gasthaus und geniessen die Ruhe inmitten der Natur. Das Gasthaus liegt am Rande des Appenzellerlands auf Schwellbrunner Gebiet, die Grenze zum st.gallischen Degersheim ist nah. Die Aussicht über die hügelige Landschaft ist herrlich, im Süden zeigt sich das Alpsteinmassiv mit dem Säntis. Wanderwege und Velorouten führen aus allen Richtungen auf den 969 Meter über Meer liegenden Punkt. Neben dem Gasthaus gibt es einen Kinderspielplatz. Für Wintersport locken ein Skilift und Langlaufloipen in der Nähe.</p><p></p>;9.206966757774355;47.361007584271675;Fuchsacker 654;9113 ;Degersheim;+41 76 297 21 66;fuchsacker@bluewin.ch;https://fuchsacker.ch/;[{'@type': 'ImageObject', 'contentUrl': 'https://ostpimtsoch.sos-ch-dk-2.exoscale-cdn.com/catalog/5/0/b/0/50b05fd6d370f99677539f8ce624ba9156f1fdde_27ac6f6068d5d0e7dae6b6d38296f75d.jpeg', 'caption': {'de': 'Das Gasthaus Fuchsacker liegt mitten in der Natur mit Wald und Wiesen'}}];2025-05-08T18:13:40+02:00
abd126c0-41bf-4ac3-966c-f8de365ad75d;Haus Panorama Reeling (CharmingStay);Die 3-Zimmerwohnung in Flumserberg Tannenheim bietet eine schöne Aussicht auf die Churfirsten und liegt nahe der Bergbahn Prodalp-Express. Sie verfügt über zwei Balkone und einen kostenlosen Garagenplatz.;Die 3-Zimmerwohnung befindet sich in Flumserberg Tannenheim, sehr nahe der Bergbahn Prodalp-Express und bietet eine schöne Aussicht auf die Churfirsten. Zur Wohnung gehört ein kostenloser Garagenplatz.

Die grosszügige Wohnung im obersten Stock ist zweckmässig eingerichtet. Schöne Landschaftsbilder zieren die Wände. Die Wohnung verfügt über zwei Balkone mit Morgen- und Abendsonne.;9.30404;47.08977;Panoramastrasse 14;8897;Flumserberg Tannenheim;+41 79 504 90 45;contact@charmingstay.ch;https://www.charmingstay.ch;[{'@type': 'ImageObject', 'contentUrl': 'https://ostpimtsoch.sos-ch-dk-2.exoscale-cdn.com/catalog/1/e/c/8/1ec81d7c88f970ab129e8b2a15e040762a18130a_8bc9ce237e769ffc471ecbb593575678.jpg'}];2026-01-19T22:38:47+01:00
abe52916-cfb2-4264-9e1e-57eb7a584b04;Hasenbüel - Ferien auf dem Bauernhof;Geniessen Sie wundervolle Ferien auf dem Bauernhof Hasenbüel im Dicken. Erleben Sie unseren Betrieb, unsere Tiere und eine unglaublich tolle Aussicht. ;Oberhalb des Dorfes Dicken im Neckertal liegt unser Hof mit herrlicher Aussicht in die Bergwelt. Wir betreiben Milchwirtschaft und Schweinezucht. Nebenbei haben wir noch einen Hofladen mit Konfitüren, Sirup, Eingemachtes und Geschenksartikel. 

Um sich vom Alltag zu erholen, geniessen Sie die Ruhe bei uns. Idealer Ausgangspunkt für Ausflüge ins Toggenburg und ins Appenzellerland. 

Unsere 5-Zimmer-Wohnung befindet sich im 3. Stock mit eigenem Eingang; Küche mit Esszimmer, Wohnzimmer, 2 Doppelzimmer, Dusche/WC. Eine Etage höher: ein Doppelzimmer. Raumhöhe 1,85 m. 

Herzlich willkommen - bei uns im Hasenbüel.;9.187876661075947;47.33900375;Hasenbüel 728;9115;Dicken;+41 71 377 13 25;tamara@hasenbuel.ch;https://www.hasenbuel.ch;[{'@type': 'ImageObject', 'contentUrl': 'https://ostpimtsoch.sos-ch-dk-2.exoscale-cdn.com/catalog/2/c/7/4/2c74422d9c8f3b5fba8aded2200570851286eaa2_f7c44d78a05824a9fa6acc55f9e9ac69.jpg', 'caption': {'de': 'Unser Hof'}}];2026-04-01T19:32:45+02:00
adc910c1-ecda-47ff-b7ed-8eb8b36f0641;Hotel Sternen;Inmitten der malerischen Landschaft des Toggenburgs ist unser traditionelles Hotel der zentrale Ausgangspunkt für Wander- und Erlebnisferien und bietet für jedes Bedürfnis das passende Programm.;<p>Willkommen im Hotel Sternen im idyllischen Toggenburg &ndash; zentral gelegen und doch mitten in der Natur. Nur einen Katzensprung von Z&uuml;rich und St. Gallen entfernt, erwartet Sie bei uns ein Ort zum Durchatmen und Geniessen. Mit 51 charmanten Zimmern, zwei Restaurants, einer grossz&uuml;gigen Lobby mit Bar sowie hellen Seminar- und Bankettr&auml;umen ist der Sternen der ideale R&uuml;ckzugsort f&uuml;r Sportler, Familien, Seminarteilnehmer und alle, die eine kleine Auszeit suchen. Unsere einladende Lobby ist Treffpunkt und Wohlf&uuml;hlort zugleich: Spielzimmer, Billard, Tischfussball, B&uuml;cher, Spiele und gem&uuml;tliche Sitzecken laden ein, gemeinsam Zeit zu verbringen oder den Tag entspannt ausklingen zu lassen. Direkt vor der Haust&uuml;r warten Bergbahnen, das beheizte Freibad sowie Tennis- und Squashpl&auml;tze &ndash; und nat&uuml;rlich die unverf&auml;lschte Natur des Toggenburgs.</p><p>&nbsp;</p><p><span data-teams="true">Auskunft zur Zug&auml;nglichkeit: <a href="https://www.ginto.guide/entries/42DCE771-99C3-4A2D-B7E6-1AAE765FFFF8?lnk_src=business">ginto</a></span></p>;9.311336874961855;47.197075839004675;Dorfstrasse 29;9657;Unterwasser;+41 71 998 62 62;info@sternen.biz;http://www.sternen.biz;[{'@type': 'ImageObject', 'contentUrl': 'https://ostpimtsoch.sos-ch-dk-2.exoscale-cdn.com/catalog/0/5/f/a/05fa4003476023769f291ba6db3d56e958a8c1f2_d4d95e3ce3b78ac7583a80103069d99e.jpg'}];2026-04-17T19:53:30+02:00
add0b885-13dc-47ac-86ad-12fefd13b1d0;Chalet Agathli;Das Chalet Agathli in Flumserberg Bergheim bietet eine ruhige Lage mit Blick auf die Churfirsten. Es liegt direkt im Ski- und Wandergebiet und verfügt über zwei kostenlose Parkplätze sowie einen grossen Gartensitzplatz mit Spielplatz und Wintergarten.;Das alleinstehende 4.5-Zimmerchalet befindet sich an ruhiger Lage in Flumserberg Bergheim und bietet eine schöne Aussicht auf die Churfirsten. Direkt im Ski- und Wandergebiet. Zwei kostenlose Parkplätze sind inklusive.

Das 2-stöckige Ferienhaus ist gemütlich und zweckmässig eingerichtet. Zudem gehört zum Chalet ein grosser Gartensitzplatz mit viel Umschwung, Spielplatz und ein Wintergarten.;9.306738455281621;47.098285950000005;Bargsstrasse 25;8896;Flumserberg Bergheim;+41 79 310 59 42;martina.faessler@pm3.ch;[{'@type': 'ImageObject', 'contentUrl': 'https://ostpimtsoch.sos-ch-dk-2.exoscale-cdn.com/catalog/6/2/6/f/626f0d3795803be11b53ca560447b11824f1359d_b618be5f207535abf1cb33a8953736a7.jpg'}];2026-01-19T22:38:47+01:00
adf80e02-9516-44b7-ad4b-5334a7a6da43;Chalet Pfaffenacher;Das Chalet Pfaffenacher in Flumserberg Bergheim bietet eine ruhige Lage mit herrlicher Aussicht. Es verfügt über 4,5 Zimmer, eine voll ausgestattete Küche, zwei Nasszellen und eine gedeckte Terrasse. Ideal für Familien bis zu fünf Personen.;Gepflegtes, alleinstehendes Chalet mit herrlicher Aussicht.  Das Chalet hat 4.5 Zimmer. Zwei Zimmer mit je zwei Einzelbetten und Schrank im Obergeschoss sowie ein grosses Zimmer mit Doppelbett, Schrank, Sitzgelegenheit und Schreibtisch im Erdgeschoss. Wohnraum mit Sitzgruppe, TV und Essecke. Zwei Nasszellen mit Duschen und eine vollständig ausgerüstete, offene Küche. Gedeckte Terrasse und Sitzplatz. Waschmaschine und Abstellraum im Erdgeschoss. Parkplätze direkt an der Bergstrasse. Das Haus steht 50 m oberhalb der Strasse. Ideal für Familien bis max. 5 Personen.;9.3082039;47.0948308;Flumserbergstrasse 76;8896;Flumserberg Bergheim;+41 79 461 00 35;juerg.gadient@bluewin.ch;[{'@type': 'ImageObject', 'contentUrl': 'https://ostpimtsoch.sos-ch-dk-2.exoscale-cdn.com/catalog/f/a/4/f/fa4f23a769aec3da3ee60beed035ddedae4f11a0_617d62904f5de22830f903f1f9e66714.JPG'}];2026-05-08T21:31:51+02:00
ae0b3c2d-c8dc-4ff4-b37e-7af3f086a690;Ferien auf dem Bauernhof Halden;Eine heimelige 3-Zimmerwohnung mit einer wunderschönen Aussicht in die Berge.;In der Wohnung gibt es Platz für 7 Personen. Nebst der Küche, Wohnzimmer und Badezimmer sind 2 Doppelzimmer sowie ein Schlafzimmer mit zwei Einzelbetten vorhanden.;9.29376;47.2022;Halden 598;9657;Unterwasser;+41 71 999 18 07;schwizera@gmail.com;https://115817000000.holidaybooking.ch/ferienwohnung/446033/halden-598-unterwasser-toggenburg-ostschweiz-schweiz/#bewertung;[{'@type': 'ImageObject', 'contentUrl': 'https://ostpimtsoch.sos-ch-dk-2.exoscale-cdn.com/catalog/a/5/4/b/a54b8d42571a18b6f8db218fa7a32823249f3948_73b5b8e1cc8afea377d672345baf88d4.jpg'}];2025-10-28T16:18:03+01:00
af1bfd7e-215d-45b8-988a-045dedb6dc9c;Ferienwohnung Bi dä Susi;Die Ferienwohnung Bi dä Susi liegt zentral in Flumserberg Tannenheim, nur 5 Gehminuten von der Talstation Prodalp-Express entfernt. Sie bietet eine moderne Einrichtung und eine schöne Aussicht auf die Berge des Sarganserlandes.;Die Ferienwohnung "Bi dä Susi" liegt mitten im Zentrum Flumserberg Tannenheim, 5 Gehminuten von der Haustüre bis zur Talstation Prodalp-Express und bietet eine schöne Aussicht auf die Berge des Sarganserlandes. 
Die 4.5-Zimmerwohnung ist modern und gemütlich eingerichtet. Im gleichen Gebäude finden Sie das einzigartige Restaurant mätz dine. ;9.30443825;47.09053425;Flumserbergstrasse 41;8897;Flumserberg Tannenheim;+41 76 494 66 35;susi@bi-dae-susi.ch;https://www.bi-dae-susi.ch;[{'@type': 'ImageObject', 'contentUrl': 'https://ostpimtsoch.sos-ch-dk-2.exoscale-cdn.com/catalog/a/0/4/5/a045716896bf317d7c959576ec9c93c74407856e_3d69c5cfd12afdd00f8471c2ab391436.jpg'}];2026-01-19T22:38:47+01:00
af3fc721-2443-4370-abf9-fc8225e140c0;Berg & Bett;Berg & Bett heisst Sie mit offenen Armen willkommen und lädt Sie ein, entspannte Tage in gemütlicher Atmosphäre sowie unvergessliche Erlebnisse inmitten wunderschöner Natur zu geniessen.;Wir stehen für exklusive Ferienobjekte und ein rundum begeisterndes Ferienerlebnis, gebündelt an zentraler Stelle in der Säntis Lodge, mitten in der malerischen Ferienregion Toggenburg. Was unsere Angebote versprechen, das halten sie auch. Damit Sie mehr kostbare Zeit für sich haben und für das, was wesentlich ist.

Seien Sie unser Gast. In der Säntis Lodge (ehemaliges Hotel Säntis) bündeln wir das gesamte Angebot an Gästebetreuung - von der Ankunft bis zur Ihrer Abreise und allen Höhepunkten, die Sie dazwischen erleben. Oder geniessen Sie Ihren Urlaub in einer Ferienwohnung oder in einem Ferienhaus. Ob es der Wohnkomfort ist, der sonnenverwöhnte Balkon mit Aussicht, der rustikale Charme oder das Plus an Wellness-Möglichkeit - wir bereiten Ihr zeitweiliges Daheim für Sie vor. Treten Sie ein in Ihr Wunschobjekt.;9.313160777091982;47.19638775140969;Hauptstrasse 16;9657;Unterwasser;+41 71 999 27 27;info@bergundbett.ch;https://bergundbett.ch/de/;[{'@type': 'ImageObject', 'contentUrl': 'https://ostpimtsoch.sos-ch-dk-2.exoscale-cdn.com/catalog/a/3/b/8/a3b8047eb5ff4ead1fd5a3e78b95349d46f643d5_61c5bf574cae894216d78d20bf9f3757.jpg'}];2026-05-06T19:39:16+02:00
b029e5fd-46f8-4690-bab9-474ca79ff185;Haus Casetta (CharmingStay);Haus Casetta im Zentrum von Flumserberg-Tannenheim bietet eine 4,5-Zimmerwohnung. In der Nähe befinden sich Einkaufsläden, Sportgeschäfte, Skischule und Restaurants. Die Wohnung verfügt über eine Garage, Skiraum und Waschmaschine. Haustiere sind erlaubt.;Die 4.5-Zimmerwohnung befindet sich im Zentrum von Flumserberg-Tannenheim. Nur ca. 8 Gehminuten von der Haustüre bis zur Talstation Prodalp-Express über einen Naturweg, auch im Winter. In unmittelbarer Nähe der Ferienwohnung hat es Einkaufsläden, Sportgeschäfte, Skischule und Restaurants. Zur Wohnung gehört eine Garage, Skiraum, sowie eine Waschmaschine. Haustiere sind erlaubt.;9.3051;47.09012;Mätzwiesenstrasse 4;8897;Flumserberg Tannenheim;+41 79 504 90 45;contact@charmingstay.ch;https://www.charmingstay.ch;[{'@type': 'ImageObject', 'contentUrl': 'https://ostpimtsoch.sos-ch-dk-2.exoscale-cdn.com/catalog/b/c/5/5/bc55571e09e7420b397a44d4d8396a00db0574d8_7d10ae4bb44293b451de4b58d5d43784.jpg'}];2026-01-19T22:38:47+01:00
b0680e5e-6a3e-4036-9834-67de880ecfe0;Pfadiheim «Im Bächli» Stein am Rhein;Das Pfadiheim «Im Bächli» ist ein Lagerhaus / eine Gruppenunterkunft für Pfadis, Schulen und andere Jugendorganisationen. Es eignet sich aber auch bestens für Vereinsanlässe, Familienfeiern oder zur Durchführung von Kursen, Workshops und Tagungen.;Das Pfadiheim liegt ausserhalb des malerischen Städtchens Stein am Rhein, in idyllischer Umgebung am Fusse des Klingenbergs. Es wurde 2022/2023 von Grund auf neu und hindernisfrei gebaut.
Die drei Schlafräume und ein Leiterzimmer bieten insgesamt 30 Schlafplätze, die Küche und der Aufenthaltsraum sind für bis zu 60 Personen ausgelegt.
Dank dem Warmluft-Cheminée und der Bodenheizung ist das Pfadiheim das ganze Jahr über bewohnbar. Es verfügt über eine moderne Küche, geschlechtergetrennte Nassräume sowie eine rollstuhlgängige Toilette mit Dusche. Ein Treppenlift führt in die Schlafräume im Obergeschoss. 
Die ca. 2800m2 grosse Spielwiese mit der integrierten Sandsteinarena mit Feuerstelle kann auch als Zeltplatz benützt werden.

Die detaillierten Infos zum Pfadiheim findest du unter www.pfadi-stein.ch/pfadiheim;8.870365354159393;47.6654858;Im Bächli 1;8260;Stein am Rhein;+41 52 740 37 90;pfadiheim@pfadi-stein.ch;http://www.pfadi-stein.ch/pfadiheim;[{'@type': 'ImageObject', 'contentUrl': 'https://ostpimtsoch.sos-ch-dk-2.exoscale-cdn.com/catalog/b/b/1/f/bb1fb83005fc3d8c435b5161f07998332fb85d32_80bcb9352fe3d2e34f609d21dc53bb11.jpg'}];2025-03-31T18:47:47+02:00
b0c6ec1c-266a-48ff-9d66-45802efb022c;b_smart motel Landquart;Das b_smart motel Landquart bietet 20 moderne Zimmer direkt neben dem Bahnhof Landquart. Es ist ideal für Shopping-Fans durch die Nähe zum Landquart Fashion Outlet.;Das b_smart motel Landquart lädt mit den 20 topmodernen Zimmern zum Entspannen und erholsamen Schlafen ein. Aufgrund der Lage direkt neben dem Bahnhof Landquart ist es perfekt erreichbar und durch die direkte Nachbarschaft zum Landquart Fashion Outlet kommen auch alle Shopping-Fans auf Ihre Kosten.;9.5553393;46.967034;Bahnhofplatz 3b;7302;Landquart;+423 230 47 47 ;landquart@b-smarts.net;https://www.b-smarts.net/landquart/;[{'@type': 'ImageObject', 'contentUrl': 'https://ostpimtsoch.sos-ch-dk-2.exoscale-cdn.com/catalog/3/6/7/d/367da4b56d0861e6ef0803397043126d1bbdd5b3_ea17e10c11bc82afae34c424bdd2daac.jpg'}];2026-01-19T22:38:47+01:00
b3003e02-0727-48d3-bbe5-7a338fe4766f;Gästehaus Butendiek im Kinderdorf Pestalozzi;Ihr Anlass an einem einzigartigen Ort

Im Herzen von Appenzell, nur 20 Minuten von St. Gallen entfernt, bietet das Kinderdorf Pestalozzi den idealen Rahmen für Ihren Event. Mit sechs Seminarräumen, vier Eventräumen und einzigartigen Übernachtungsmöglichkeiten passt sich unser Angebot an Ihre Bedürfnisse an. Geniessen Sie flexible Raumgestaltungen, attraktive Pauschalen sowie Cateringmöglichkeiten.;<p>W&auml;hlen Sie aus ger&auml;umigen Sitzungszimmern mit moderner technischer Ausstattung, dem Andachtshaus, Open-Air-Workspaces und dem Pavillon und finden Sie die R&auml;umlichkeiten, die am besten zu Ihren Bed&uuml;rfnissen passen. Mit unseren Seminarpauschalen erhalten Sie ein Rundum-Paket, das die Raummiete, Kaffee und Gipfeli, ein k&ouml;stliches 2-Gang-Mittagsmen&uuml; sowie den Eintritt in unsere interaktive Ausstellung umfasst. Zus&auml;tzlich bieten wir Ihnen &Uuml;bernachtungen in einem originalen Appenzeller Haus an. Im frisch sanierten Haus Butendiek, welches Platz f&uuml;r bis zu 22 Personen bietet, erwarten Sie moderne Einzel und Doppelzimmer mit hochwertigen SAMINA-Schlafsystemen, die f&uuml;r einen erholsamen Schlaf sorgen. Ob als Seminargast, f&uuml;r ein Vereinswochenende oder eine Familienfeier &ndash; hier starten Sie den Tag mit Weitblick und Wohlgef&uuml;hl.</p>
<p>10 Einzelzimmer ab CHF 80<br>6 Doppelzimmer ab CHF 120<br>*Preise inkl. Fr&uuml;hst&uuml;ck</p>;9.459517029862655;47.403535;Kinderdorfstrasse 20;9043;Trogen;+41 71 343 73 43;l.anrig@pestalozzi.ch;[{'@type': 'ImageObject', 'contentUrl': 'https://ostpimtsoch.sos-ch-dk-2.exoscale-cdn.com/catalog/c/f/a/d/cfad442b73ab70e042260cecdb521707c3340c6a_1bb1c3793673568ac5feef78cc3d9d7e.jpg'}];2025-06-28T18:15:25+02:00
b44e72e7-25c5-4b00-8887-8da9ed6f0b19;Ferienhaus Bütenhüsli;Das Ferienhaus Bütenhüsli ist ein 2-Zimmer Ferienhäuschen in Altnau im schönen Thurgau.;Das Ferienhäuschen liegt Abseits in absoluter Ruhe mit erholsamen Blick über den Bodensee. Es bietet Platz für zwei Personen und ist ein idealer Ort um zur Ruhe zu kommen und die Seele baumeln zu lassen. Eine Idylle zum Wohlfühlen und die Natur vor dem Haus geniessen.;9.2647446;47.6054034;Bütenstrasse 40;8595;Altnau;+41 78 744 59 90;daniela.ebinger@bluewin.ch;http://www.buetenhuesli.ch;[{'@type': 'ImageObject', 'contentUrl': 'https://ostpimtsoch.sos-ch-dk-2.exoscale-cdn.com/catalog/8/2/b/c/82bce054f4a75fd36cea2d9d009a7f01022b490e_e89dc44df60720763e081ab00e3fae77.jpg'}];2026-07-28T21:47:35+02:00
b5afc74e-6dda-4584-8d23-f860ae0d0d3f;Ferienwohnung Dorf 5 - Kronbergblick;Übernachten mit Blick über die Hügel des Appenzellerlands bis zum Säntis. Ein wunderbarer Ort für die Einkehr.;Hier Übernachten, mit einzigartigem Blick übers Appenzellerland bis hin zum Säntis, ist zu allen Jahreszeiten ein Erlebnis.
Im stilvoll renovierten, denkmalgeschützten Haus am historischen Dorfplatz von Rehetobel, wird alte Bausubstanz mit Modernität verbunden.

Das fünfstöckige, stattliche Haus hat in seinen 230 Jahren mehreren Zwecken gedient. Wo jetzt ein hübsches "Beizli", das "Gasthaus Dorf5", mit wunderbarem Garten zum Verweilen einlädt, war früher das Postbüro von Rehetobel.
In den oberen Stockwerken, die als Telegrafenamt und Geschäftsräumen dienten, befinden sich heute drei Wohnungen mit hohem Ausbaustandard.

Die grosszügige, lichtdurchflutete Wohnung bietet einen 180 Grad Fernblick, einen schönen Balkon und grosszügige Wohnräume mit Cheminée. Durch Schiebetüren lassen sich die Räume den Bedürfnissen entsprechend wandeln.
Die natürliche Bausubstanz mit viel Holz und die grosszügige Ausstattung sind technisch und ästhetisch auf hohem Niveau. 

Von der zentralen Lage im Appenzeller Vorderland aus lassen sich das Alpsteinbegiet, die nahegelegene Bodenseeregion und die äusserst sehenswerte Stadt St.Gallen ideal erkunden.

Die Wohnung im zweiten Stock bietet für zwei bis vier Personen viel Raum und Sie finden viele gemütliche Plätzchen zum Verweilen. Kochen in der modern eingerichteten Küche macht Freude - oder lassen Sie sich lieber im "Beizli" unten verwöhnen?

Für mehr als vier Personen empfehlen wir die Wohnung "Alpsteinpanorama" im gleichen Haus.

Mindestaufenthalt: 1 Nacht (ab CHF 174)
Preis für 1 Woche: ab CHF 1'500;9.4834302;47.4262522;Dorf 5;9038;Rehetobel;+41 79 475 91 83;https://www.dorf5.ch/;[{'@type': 'ImageObject', 'contentUrl': 'https://ostpimtsoch.sos-ch-dk-2.exoscale-cdn.com/catalog/2/a/9/4/2a946970f8cc6fe7698f7e9a6ea421edfcf4aa20_3a514726ff8552611de74353e28e03ef.jpg'}];2025-02-27T18:12:28+01:00
b613c74c-f5d0-41a5-a4d1-8680d33a8982;Brugger Ferienhaus Salomonstempel;Gruppenunterkunft mit herrlicher Aussicht ins Alpsteinmassiv;Das Brugger Ferienhaus Salomonstempel befindet sich in südwestlicher Richtung des Dorfes Hemberg auf einer idyllischen Anhöhe (1138 m ü. M.) mit einer prachtvollen Aussicht ins Alpsteinmassiv und ins Unterland. 

Das Haus ist ideal für Ferien- und Schullager, aber auch für Festanlässe, Firmen usw. Es ist mit total 55 Betten ausgestattet, 31 im neuen beheizbaren und 24 im alten Teil des Hauses. Es gibt Zweier-, Dreier- und Viererzimmer und sowie einen separaten Leitertrakt mit Dusche und WC. 

Im Weitern sind eine moderne Hotelküche mit Geschirrspülmaschine vorhanden, eine Dusch- und Waschanlage, ein geräumiger Esssaal, ein Spiel- und Aufenthaltsraum, drei Fussballkästen, Tischtennistische vor und im Hause, Tische und Stühle für die Bestuhlung der Terrasse, ein Gartengrill, eine Spielwiese und anderes mehr.;9.15462;47.28294;Salomonstempelstrasse 12;9633;Hemberg;+41 56 461 76 21;info@salomonstempel-hemberg.ch;http://www.salomonstempel-hemberg.ch;[{'@type': 'ImageObject', 'contentUrl': 'https://ostpimtsoch.sos-ch-dk-2.exoscale-cdn.com/catalog/6/a/1/a/6a1a482ee2ce65457e1481ec34cfef85f7b3accc_bd16264ed2d42cd7cd5485f6de0c3884.jpg'}];2026-06-16T20:17:36+02:00
b629fecf-05bc-48ee-948f-a74b563fc188;Einstein St.Gallen;Das elegante First-Class Stadthotel liegt ruhig und doch zentral direkt beim UNESCO-Welkulturerbe.;<p>Das zentral gelegene und stilvolle 4* Superior Hotel Einstein St.Gallen liegt ruhig und in kurzer Gehdistanz vom weltbekannten UNESCO Klosterviertel der Altstadt von St.Gallen. Es verfügt über 113 moderne und klimatisierte Zimmer und Suiten. An das Hotel angeschlossen befindet sich ein 3000m2 Fitnesspark mit Wellnessbereich. Kulinarische Abwechslung findet der Gast im 18 Punkte GaultMillau und 2 Sterne Michelin ausgezeichnetem „Einstein Gourmet“, dem international inspirierten „Bistro St.Gallen“ sowie in der „Einstein Bar“ mit englischer Clubatmosphäre und grosszügiger Davidoff Cigar Lounge. Die Weinstein Vinothek ist spezialisiert auf trinkreife Bordeaux und Schweizer Weine und bietet mehr als tausend Positionen an. Das Einstein Congress mit 14 modernen Tagungsräumlichkeiten und dem Einstein Saal für Anlässe bis zu 330 Personen ist in der Ostschweiz eines der führenden Kongresshäuser. Es wurde 2019 im Rahmen des Swiss Location Award zu einer der besten Kongresslocations der Schweiz gewählt. Das Einstein St.Gallen ist Mitglied von Swiss Hospitality Collection.</p>;9.37537;47.4214;Berneggstrasse 2;9000;St.Gallen;+41 71 227 55 55;info@einstein.ch;[{'@type': 'ImageObject', 'contentUrl': 'https://ostpimtsoch.sos-ch-dk-2.exoscale-cdn.com/catalog/f/6/c/a/f6ca8e7a6056222fafa527902998a02b1d62b301_b29f6d3afcb2f0cf7f13729cdca76853.jpg'}];2025-06-01T19:49:36+02:00
b66547e3-91a8-4a6b-8c50-b3a3d0639ddd;Hotel Krone Speicher;Das 4-Sterne-Hotel Krone Speicher in Appenzell Ausserrhoden bietet moderne Zimmer in einem historischen Gebäude. ;Das Hotel Krone Speicher befindet sich im Herzen von Speicher im Kanton Appenzell Ausserrhoden und bietet den Gästen Komfort und historischen Charme in einem vollständig renovierten Gebäude von 2015.

Moderne, geräumige Zimmer: Alle Zimmer verfügen über einen Sitzbereich, Flachbild-TV, kostenfreies WLAN und einen Safe. Im eigenen Bad finden Sie kostenfreie Pflegeprodukte und Hausschuhe.

Frühstück und Gastronomie: Jeden Morgen wird ein Frühstück im Gasthaus Krone serviert, begleitet von kostenlosen Zeitungen. Das À-la-carte-Restaurant bietet saisonale und regionale Schweizer Küche.

Bequeme Erreichbarkeit: Das Hotel ist leicht mit dem Auto oder den öffentlichen Verkehrsmitteln zu erreichen, bietet kostenfreie Parkplätze und liegt nur 100 m vom Bahnhof entfernt.

Zentrale Lage: Nur 7 km oder 10 Fahrminuten von St. Gallen entfernt und 66 km vom Flughafen Zürich.

Die Gäste erleben hier den perfekten Mix aus modernem Komfort und traditionellem Charme im Hotel Krone Speicher – der ideale Ort im Appenzellerland.;9.441123604774477;47.411913466244265;Hauptrasse 34;9042;Speicher;+41 71 343 67 00;info@krone-speicher.ch;https://www.krone-speicher.ch;[{'@type': 'ImageObject', 'contentUrl': 'https://ostpimtsoch.sos-ch-dk-2.exoscale-cdn.com/catalog/a/1/b/5/a1b5b9349ea6485927ccc801bf0a4d30c6086942_bc5b69cab5e977013852882bc2e5b08e.jpg'}];2026-06-16T20:28:37+02:00
b6afaa76-99ae-4076-b146-723edec5f245;Ferienwohnung Haggen;Ruhige auf dem Land gelegene Ferienwohnung auf der Sonnenterrasse im Appenzeller Vorderland.;<p>Geniessen Sie erholsame Tage im Gr&uuml;nen in der N&auml;he des bekannten Aussichtspunktes und beliebten Ausflugziel St. Anton in Oberegg. Am Tag oder auch abends kann eine herrliche Aussicht &uuml;ber das Rheintal bestaunt werden. Es gibt reichlich Wander- und Biketouren zu entdecken. Am Abend verbringen Sie gem&uuml;tliche Stunden vor dem Kachelofen. Auch kulinarisch ist man auf dem St.Anton und Umgebung gut versorgt. Zahlreiche Restaurant schm&uuml;cken den Berg und die Umgebung. Viele Bauern bieten Eigenproduktionen wie Fleisch, Eier oder Milch an, f&uuml;r die, die leidenschaftlich gerne Kochen. Der ca. 90 qm grosser Ferienhausteil ist per &Ouml;V und Auto erreichbar. F&uuml;r den Winter ist Allrad von Vorteil. Es stehen bis zu zwei Abstellpl&auml;tze zur Verf&uuml;gung und ein separater Raum f&uuml;r Ski, Bikes, etc. Die charmante zweist&ouml;ckige Wohnung hat unten einen gem&uuml;tlichen Wohn- Essbereich verbunden mit der K&uuml;che. Zudem ein Badezimmer. Im oberen Stock ein grosses Schlafzimmer mit einem Doppel- und einem Zusatzbett, sowie nebenan eine weitere Schlafm&ouml;glichkeit. Geheizt wird nur mit dem Kachelofen. Preise Winter CHF 100.00 pro Nacht inklusive Feuerholz Sommer CHF 100.00 pro Nacht exklusive Feuerholz Reinigungsgeb&uuml;hr CHF 100.00</p><p>Mindestaufenthalt: 2 N&auml;chte&nbsp;</p>;9.524130155498288;47.4052902;Haggenstrasse 5;9413;Oberegg;+41 79 534 64 58;melischnider@hotmail.com;[{'@type': 'ImageObject', 'contentUrl': 'https://ostpimtsoch.sos-ch-dk-2.exoscale-cdn.com/catalog/8/4/4/5/84451b1057079915f6767aea5e0cc277db48a0be_a6e4feec5845521bcda9fb2fa5f7b39a.jpg'}];2025-10-28T15:34:57+01:00
b71671b1-c609-46e5-959a-52b2fec823a0;Tailormade Hotel LEO St.Gallen;Modernes Wohlfühlen mit Komfort an zentraler Lage. 24/7 Self-Check-in und Zimmer mit Kitchenette sind ideal für Geschäftsreisende oder Gäste, die auch einen längeren Aufenthalt planen.;Das Tailormade Hotel LEO St.Gallen wurde vom renommierten Architekten Roger Boltshauser entworfen und liegt direkt am Bahnhof St.Gallen in unmittelbarer Nähe vom Autobahnanschluss. Zeitloses Design mit organischen Materialien wie Lehmziegel und Massivholz prägen das Bild des eleganten Baus direkt neben der Lokremise.

Das japanische Restaurant Izakaya Ekimae im Erdgeschoss bietet traditionelle und kreative Küche zum Teilen.

Auf dem Dach laden eine Dachterrasse sowie ein kleiner Wellnessbereich mit Sauna, Workout Raum und Hot Pot zum Verweilen ein.;9.365029335021974;47.421743137363855;Grünbergstrasse 6;9000;St.Gallen;+41 71 274 09 79;leo@tmh.swiss;https://www.tmh.swiss/leo;[{'@type': 'ImageObject', 'contentUrl': 'https://ostpimtsoch.sos-ch-dk-2.exoscale-cdn.com/catalog/2/1/9/6/21961f13bd5e3be98e36703a429db171d85f024c_57910d594f9e0722bf11f97fb8437d7e.jpg'}];2026-06-16T20:28:37+02:00
b7252647-4a70-4f27-ac86-f0030f540d32;Hotel Restaurant  Rössli;Der Traditionelle Familienbetrieb begrüsst Sie unmittelbar neben den Bahnanlagen von der Alt St. Johann - Alp Sellamatt Bahn. Das Hotel Rössli ist im Dorfkern zentral gelegen. Parkplätze sind ausreichend vorhanden und die Postautohaltestelle befindet sich in 100m Entfernung.;<p>Die Zimmer sind im modernen Stil eingerichtet und die Familien und Comfort-Zimmer verf&uuml;gen &uuml;ber eine Smart-Home-Steuerung. Sie verf&uuml;gen &uuml;ber qualitativ hochstehende und gepflegte Inneneinrichtung mit einem Sitzbereich. Die Zimmer sind alle mit IP-TV, eigenem Bad und Swiss Made Kosmetikartikel ausgestattet. Wir bieten kostenloses WLAN und der Personen Lift bringt Sie bequem in alle Etagen. Im eigenen Restaurant verw&ouml;hnen wir Sie mit ausgesuchten, regionalen und saisonalen Spezialit&auml;ten.</p><p>&nbsp;</p><p>Auskunft zur Zug&auml;nglichkeit:&nbsp;<a href="https://www.ginto.guide/entries/15620305-1440-4cc4-b086-e093ed212bbb?lnk_src=business" target="_blank" rel="noopener">ginto</a></p>;9.284566;47.193733;Dorfstrasse 6;9656;Alt St. Johann;+41 71 999 24 60;info@roessli-toggenburg.ch;http://www.roessli-toggenburg.ch/;[{'@type': 'ImageObject', 'contentUrl': 'https://ostpimtsoch.sos-ch-dk-2.exoscale-cdn.com/catalog/e/1/1/f/e11ff2782cd8f69a16143b9cdc8f3fc94e74037c_25e409228a3f7aa12af00fe5ffa63096.jpeg'}];2026-04-17T19:53:30+02:00
b7c3e28e-5f5d-4a62-84f2-53e75d88195a;Hotel Krone by b_smart;Die Krone by b_smart im Zentrum von Bad Ragaz ist ein Self Check-in Hotel ohne Rezeption. In der Nähe befinden sich die Tamina Therme, ein Naturpark und ein Golfplatz.;Das Hotel Krone by b_smart eingebettet im schönen Zentrum von Bad Ragaz ist ein Self-Check-in Hotel ohne Rezeption. Unmittelbar in der Nähe befindet sich das öffentliche Thermalbad Tamina Therme sowie einen traumhaften Naturpark und einen Golfplatz.;9.5008174;47.0012304;Kronenplatz 2;7310;Bad Ragaz;+423 230 47 47;info@krone-badragaz.net;http://www.krone-badragaz.net;[{'@type': 'ImageObject', 'contentUrl': 'https://ostpimtsoch.sos-ch-dk-2.exoscale-cdn.com/catalog/c/7/0/7/c707514a8cf71369e248592873d8a36fc8dfd891_5bc95eeb05c84626aedb555c2a62465b.jpg'}];2026-04-01T21:32:41+02:00
b863108b-864b-4719-88b3-4587b8b8e2ad;Stellplatz «Restaurant Station»;Der Stellplatz liegt zwischen Bodensee und Appenzeller Alpen. Es ist ideal gelegen für Wanderer, Biker sowie Familien auf einem Tagesausflug.;Der Stellplatz bietet ausreichend Platz für fünf Camper mit Klappstuhlverhalten und liegt nahe an der Bergbahn Rorschach-Heiden. Der ruhig gelegene Platz ist 3 km von Einkaufsmöglichkeiten und Restaurants sowie dem Bahnhof, Postautohaltestellen, Schwimmbad, Kino, Spielplatz und der Abfalltrennstation entfernt.

Preis: CHF 15.20 pro Nacht inkl. 1 Person, Bezahlung via Parkn Sleep (QR-Code vor Ort scannen oder Internetseite besuchen)

Während den Öffnungszeiten des Restaurants dürfen die Toiletten benutzt werden:
Montag, Donnerstag &amp; Freitag jeweils ab 14:00 Uhr
Dienstag + Mittwoch geschlossen
Samstag ab 10:00 Uhr
Sonntag ab 10:00 Uhr - 20:00 Uhr

Tipp: Buchungsbestätigung im Restaurant Station zeigen und von einmaligen CHF 5.00 Rabatt auf ein Hauptmenu profitieren.&nbsp;;9.530752580960634;47.4591834578196;Schwendistrasse 15;9410;Heiden;+41 71 898 33 01;stellplatz@kurvereinheiden.ch;https://www.kurvereinheiden.ch/stellpl%C3%A4tze-f%C3%BCr-camper;[{'@type': 'ImageObject', 'contentUrl': 'https://ostpimtsoch.sos-ch-dk-2.exoscale-cdn.com/catalog/9/6/3/1/96310ad876e0b33d83e1d5c930b894627d5a896f_08ded676607586884b88a94810ed3058.JPG'}];2025-03-06T18:13:59+01:00
b86fdf67-30f0-4fde-a8ec-f65b7bc3208d;Hotel Arenenberg;Entdecken, geniessen, feiern, tagen und übernachten.
3-Stern Gartenhotel, Bistro mit Küche nach der Philosophie von Slow Food, grosse Gartenterrasse mit Blick auf Schloss Arenenberg.;<p>Im historischen Ambiente des letzten Kaisers von Frankreich erstrahlen frisch renovierte Tagungsr&auml;ume und Hotelzimmer in neuem Glanz &ndash; mitten im Thurgau, nur wenige Schritte vom Bodensee entfernt. Die lichtdurchfluteten R&auml;ume bieten Platz f&uuml;r Gruppen von 10 bis 350 Personen. Als Rahmenprogramm anerbieten sich der Besuch des Napoleonmuseums, eine Weindegustation oder der genussvolle Teambuilding-Event &laquo;Gourmet-Workshop&raquo;. Schon zu Napoleons Zeiten wurden G&auml;ste f&uuml;rstlich verk&ouml;stigt und beherbergt sowie eigener Wein kultiviert. Heute geniessen Besucher im Bistro mit Garten regionale Gerichte. Im grossen Festsaal &laquo;Probus&raquo; lassen sich hervorragend Ap&eacute;ros und Feste feiern.</p>;9.059739516949243;47.67214905;Arenenberg 1;8268;Salenstein;+41 58 345 80 00;info@arenenberg.ch;https://arenenberg.ch/;[{'@type': 'ImageObject', 'contentUrl': 'https://ostpimtsoch.sos-ch-dk-2.exoscale-cdn.com/catalog/0/2/d/c/02dc760a5a16375ed03d89b4c27cdeabffe48ca1_1014ea8d326e8e16359dd11cb05f1b67.jpg'}];2026-06-16T22:26:55+02:00
b8ba301e-a365-4023-b126-5e6dd71f8e9d;Ferienwohnung Rothmund;Die Ferienwohnung Rothmund in Bad Ragaz bietet eine ruhige Lage nahe dem Giessenpark. Sie ist behindertengerecht, haustierfreundlich und verfügt über einen kostenfreien Parkplatz. Kuranlagen und das Ortszentrum sind in wenigen Gehminuten erreichbar.;Die 3.5-Zimmer-Wohnung befindet sich an ruhiger und sonniger Lage in Bad Ragaz, in unmittelbarer Nähe des Giessenparks. Kuranlagen, Zug, Post und Ortszentrum sind in 10 bis 15 Gehminuten erreichbar. Zur Wohnung gehört ein kostenfreier Parkplatz.

Die heimelige Wohnung ist behindertengerecht und rollstuhlgängig eingerichtet. Das helle Wohnzimmer ist Arve-getäfelt, was der Wohnung sehr viel Charme verleiht.;9.506600249463734;47.006619900000004;Föhrenwaldweg 1;7310;Bad Ragaz;+41 76 404 92 66;boutique-topolino@hotmail.com;https://www.ferienwohnung-rothmund.ch/;[{'@type': 'ImageObject', 'contentUrl': 'https://ostpimtsoch.sos-ch-dk-2.exoscale-cdn.com/catalog/a/a/e/d/aaedd5f4e3cc854492fc62145a42a88c0b311b29_c879b1af65c1d5962e46452e1553edbe.JPG'}];2026-04-09T21:35:57+02:00
bc73425a-929e-4a59-b712-142622de4d4c;Casa Fluretta;Casa Fluretta bietet eine neu renovierte Wohnung für zwei bis fünf Personen in Flumserberg Tannenheim. Die Unterkunft verfügt über eine erstklassige Küche, kostenloses WLAN und einen Sitzplatz mit herrlicher Aussicht. Ein Trampolin und eine Schaukel stehen auf der Spielwiese zur Verfügung. Die Bergbahnen sind etwa 300 m entfernt.;Die im Frühling 2021 neu renovierte, komfortable und liebevoll mit viel Holz eingerichtete Wohnung ist für 2-5 Personen geeignet. Das Wohnzimmer verfügt über eine grosszügige Eckbank mit Tisch und Stühlen, gemütlichem Sofa, Sessel, TV und gratis WLAN. Die erstklassige Küche ist aus hochwertigem Material und mit Geschirrspüler, grossem Kühlschrank, Backofen und alles was man braucht ausgerüstet. Die Dusche/WC ist praktisch, hell, mit Spiegelkasten, Föhn und Handtuchwärmer versehen. In der ersten Etage befindet sich das Zwei- und Dreibett-Schlafzimmer mit Kasten und Kommode. Der Sitzplatz, mit herrlicher Aussicht, ist ebenerdig vom Wohnzimmer. Es stehen ein Gartentisch mit Stühlen, Grill, eine Lounge, Liegestühle und Sonnenschirme zur Verfügung. Auf der grossen Spielwiese gibt es ein Trampolin und eine Schaukel für Freude der Kinder. Gratiseintritt ins Hallenbad. Gratis Parkplatz und Einstellraum für Bikes, Ski, Kinderwagen, etc. ist vorhanden. Die Sportbushaltestelle ist direkt vor dem Haus und zu den Bergbahnen sind es ca. 300 m.;9.30712408288207;47.08900465;Flumserbergstrasse 113;8897;Flumserberg Tannenheim;+41 81 733 17 73;jaeger.rudolf@bluemail.ch;http://www.casafluretta.ch;[{'@type': 'ImageObject', 'contentUrl': 'https://ostpimtsoch.sos-ch-dk-2.exoscale-cdn.com/catalog/6/1/c/5/61c57833707b3f31e4d53f47136636233943b648_7cd87482c942d2f8c9f4e5a7638e1223.JPEG'}];2026-01-27T22:01:29+01:00
bc838680-df37-4a66-bd0f-ebd408400120;Brunner's Studio;Brunner's Studio am Flumserberg bietet eine zentrale Lage mit Zugang zu Wanderwegen, Skiliften und Geschäften. Ein kostenloser Tiefgaragenplatz ist inklusive, ideal für Paare, Familien und Singles.;Das schöne 1.5-Zimmer Studio befindet sich an zentraler Lage am Flumserberg. Wanderwege, Bushaltestelle, Skilifte, Restaurants, Lebensmittel- und Sportgeschäfte sind in wenigen Gehminuten erreichbar. Zum Studio gehört ein kostenloser Tiefgaragenplatz dazu.;9.302172811439865;47.089559550000004;Flumserbergstrasse 132;8897;Flumserberg Tannenheim;+41 52 659 20 72;mail@markusbrunner.ch;[{'@type': 'ImageObject', 'contentUrl': 'https://ostpimtsoch.sos-ch-dk-2.exoscale-cdn.com/catalog/9/6/5/6/96561c6023968e1280eafee96ebc48ccd28d9e1c_6b44f20715ef7e37a1e24ef1973da45d.JPG'}];2026-01-19T22:38:47+01:00
bd051d7c-49a9-40b0-a204-42d6042bd850;Casa Malanca;Die Casa Malanca bietet eine 3-Zimmerwohnung am Flumserberg mit Blick auf die Churfirsten. Sie liegt direkt an der Skipiste Prodalp-Tannenheim und ist ideal für Wanderungen und Ausflüge in der Region Heidiland.;Die 3-Zimmerwohnung liegt auf dem Flumserberg an ruhiger und sonniger Lage mit fantastischer Aussicht auf die Churfirsten. Zur Wohnung gehört ein kostenloser Parkplatz. Das Casa Malanca liegt direkt an der Skipiste Prodalp-Tannenheim. Im Sommer ist es ein idealer Ausgangspunkt für Wanderungen in den Flumserbergen und Ausflüge in der Region Heidiland.

Details zur Ferienwohnung
- 3-Zimmerwohnung im ersten Stock

Die Ferienwohnung verfügt über zwei Schlafzimmer mit je zwei Betten, ein Wohn- und Esszimmer, eine offene und moderne Küche sowie ein Badezimmer mit Badewanne/Dusche und WC.;9.3019734;47.0878485;Cafridastrasse 7;8897;Flumserberg Tannenheim;+41 79 768 88 08;r.brupbacher@gmx.net;[{'@type': 'ImageObject', 'contentUrl': 'https://ostpimtsoch.sos-ch-dk-2.exoscale-cdn.com/catalog/a/1/4/d/a14d039d67797537ceec02bc36362f9e65c10488_973f314a8b3c1e6b977105a91b781541.jpg'}];2026-01-27T22:01:29+01:00
bd8530f1-b1a8-44a5-8e69-ee5bbda9ccba;Adonia-Gruppenhaus Schweizerhof;Im Dorfkern von Alt St. Johann steht das ehemalige Hotel Schweizerhof. Ab 2019 ist es ein Adonia-Gruppenhaus. Es ist ein idealer Ausgangspunkt für viele Aktivitäten im Toggenburg.;<div>Das Haus eignet sich f&uuml;r Jung und Alt, f&uuml;r Schulverlegungen, Wintersportwochen, f&uuml;r Kirchgemeinden sowie f&uuml;r Seminare, Retraiten, Freizeiten oder Wochenenden. Das Haus wird ab 2019 nach individuellen W&uuml;nschen vermietet, sei es f&uuml;r Selbstkochergruppen &ndash; HP/VP auf Anfrage &ndash; mit eigener Schlussreinigung oder mit Reinigung durch uns. Je nach Budget kann selbst entschieden werden, welche Dienstleistungen in Anspruch genommen werden m&ouml;chten.</div>;9.28346;47.19351;Dorf;9656;Alt St. Johann;+41 71 999 11 21;schweizerhof@adonia.ch;https://www.adonia.ch;[{'@type': 'ImageObject', 'contentUrl': 'https://ostpimtsoch.sos-ch-dk-2.exoscale-cdn.com/catalog/a/f/a/1/afa1c1323f5719fe969d5b0d262c31f7cae6c377_621ffe3a2a5beffec87fbc096c5c49cd.jpg'}];2026-06-16T19:28:12+02:00
bdb6deab-c2e4-4244-b5f5-4c2bb2744cb3;Hotel Restaurant Rheinfels;Das Hotel Restaurant Rheinfels in Stein am Rhein ist bekannt für seine Fischspezialitäten.;Unmittelbar am Rhein auf der Terrasse oder in den geschichtsträchtigen Räumlichkeiten lassen sich gemütlich die regionalen Gerichte und die französische Kochkunst, wie auch die wunderbare Landschaft geniessen. 40 Autominuten nördlich von Winterthur.

Art der Küche
marktfrische Küche, schweizerisch, internationale Küche

Spezielle Gerichte
Fisch

Infrastruktur
schöne Aussicht, zentrale Lage, Anbindung an den öffentlichen Verkehr, kinderfreundlich, Nichtrauchertische, Gartenterrasse, separater Saal, Fahrradraum mit Steckdosen.;8.8591668;47.6587355;Rhigass 8;8260;Stein am Rhein;+41 52 741 21 44;info@rheinfels.ch;http://www.rheinfels.ch/;[{'@type': 'ImageObject', 'contentUrl': 'https://ostpimtsoch.sos-ch-dk-2.exoscale-cdn.com/catalog/0/f/9/c/0f9ceaebb4e1e08a5219de759b4ff88a743172f9_33df841217425190dbdd43e37c5b0c10.jpg'}];2025-10-28T19:03:31+01:00
be1a1828-5429-4535-b48e-aa0c89323f19;Motel Q;Hier wird Komfort und modernes Design vereint, um Ihnen eine unvergessliche Erfahrung zu bieten. Ob Geschäftsreise oder Urlaub – das Hotel ist der ideale Ort für Ihren Aufenthalt.;<p>Mit der 24/7 Self-Check-In-Option und der digitalen Assistentin genie&szlig;en Sie maximale Unabh&auml;ngigkeit w&auml;hrend Ihres Aufenthalts.</p><ul><li>Doppelzimmer oder Suite</li><li>kostenlose Tiefgarage</li><li>&ouml;ffentliche K&uuml;che zum nutzen</li><li>High-Speed-Satelliten-Internet in allen Bereichen &ndash; zuverl&auml;ssig, stabil und kostenfrei.</li><li>Digitale G&auml;stemappe &amp; Assistenz: Rund-um-die-Uhr-Support per WhatsApp.</li><li>Energiesparende Haustechnik f&uuml;r einen verantwortungsbewussten Aufenthalt.</li><li>Smarte K&uuml;hlschr&auml;nke: Snacks &amp; Getr&auml;nke jederzeit verf&uuml;gbar.</li><li>Spezielle Tarife f&uuml;r Langzeitprojekte &ndash; perfekt f&uuml;r Teams und Monteure.</li><li>Barrierefreie Zimmer mit bodengleicher Dusche.</li><li>Allergikerfreundliche Bettw&auml;sche f&uuml;r erholsamen Schlaf.</li><li>Smart-TVs &amp; Streaming f&uuml;r deine Lieblingsinhalte.</li></ul>;8.576202392578127;47.653503740806016;Schaffhauser Strasse 35;79798;Jestetten;+49 7745 9270900;jestetten@motel-q.de;https://www.motel-q.de;[{'@type': 'ImageObject', 'contentUrl': 'https://ostpimtsoch.sos-ch-dk-2.exoscale-cdn.com/catalog/0/f/9/2/0f922a6feae8730bfe74e1726168de9965133592_a401adbd734d466429be21a51275ea75.jpg'}];2025-08-18T18:50:35+02:00
bf51fa23-704e-4014-a991-eb6981ec2e57;Berghütte Ski Club Neuhausen;Die traditionelle und doch gemütlich ausgestattete Berghütte des Ski Club Neuhausen liegt mit dem Auto gut erreichbar mitten in der Wander- und Skiregion des Toggenburg. Mit Plätzen für 27 Personen ist sie ideal für Freundesgruppen, Vereine und Grossfamilien.;Trotz des von aussen rustikalen Aussehens, erwartet Sie drinnen eine moderne Küche mit elektrischem Herd und Backofen sowie zwei Kühlschränken und Kaffeemaschinen (Kapseln &amp; Filter). Dabei büssen Sie jedoch nichts des Berghütten-Flairs ein, denn die Holzstruktur und der mit Holz befeuerte Kachelofen werden Sie warm und entspannt halten. Für kalte Nächte sind alle Schlafräume mit elektrischen Heizungen ausgestattet.

Für die Bewegungsfreudigen gibt es im Winter Ski- und Schlittelpisten in unmittelbarer Nähe. Für den Sommer haben Sie den Schwendisee sowie diverse Wanderungen in kurzer Distanz (350m) zu dieser Berghütte. 
Da Verpflegung nicht von den Jahreszeiten abhängig ist, finden Sie in der Nähe das Oberguet-Stübli, in welchem Sie frische Produkte des angrenzenden Hofs zubereiten dürfen. Richtige Restaurants gibt's natürlich auch, das Restaurant GADE und Stump's Alpenrose befinden sich in Spaziergangdistanz.&nbsp;;9.322403853263046;47.18863851251206;Oberguet 1024;9657;Alt St. Johann;+41 79 317 37 19;Scneuhausen@gmail.com;https://www.scneuhausen.ch;[{'@type': 'ImageObject', 'contentUrl': 'https://ostpimtsoch.sos-ch-dk-2.exoscale-cdn.com/catalog/c/0/6/b/c06ba48d1388619c9d1cc8e9c0d2e41faeab9091_5e9b635742a78d83f04508052e606d9d.jpg'}];2025-10-28T16:15:24+01:00
c04d6b55-75c8-4d6a-bcce-c878e3248fa6;Dorfhus Gupf;Das Dorfhus Gupf in Rehetobel überzeugt mit Schweizer Gastlichkeit, hochwertiger Kulinarik und dörflicher Identität.;Das Dorfhus Gupf ist das jüngste Projekt des Visionärs und Gastronoms Emil «Migg» Eberle. 2020 eröffnete er – trotz Pandemie – mit dem Hotel und Restaurant Dorfhus Gupf im gleichen Ort ein weiteres Juwel, welches er mit seiner Frau Sila Zinsli gemeinsam ins Leben rief. Die regional geprägte Innenausstattung orientiert sich optisch an der ikonischen Hagebutte. Das trendige Konzept richtet sich an Junge und Junggebliebene, die Freude an gutem Essen wie Grillspezialitäten, aussergewöhnlichen Weinen und einer edlen Ambiance haben. Im Dorfhus Gupf finden sich 16 schöne Zimmer und vier Suiten. Einmalig sind auch die Event-Stickerstube und die beiden Seminarräume, allesamt mit kunstvollen Decken ausgestattet. Das Restaurant wird ergänzt durch die Magnothek mit über 420 Weinen aus Magnumflaschen sowie der Bar/Fumoir «Miggs Ofastuba».;9.482466;47.426737;Kirchstrasse 2;9038;Rehetobel;+41 71 878 70 00;info@dorfhus-gupf.ch;https://dorfhus-gupf.ch/;[{'@type': 'ImageObject', 'contentUrl': 'https://ostpimtsoch.sos-ch-dk-2.exoscale-cdn.com/catalog/1/9/0/2/1902b0f27469adc2d639facc5d56054097bbe8d8_af6f631bde648ad1cf295597c4f137c6.jpg'}];2026-06-16T20:28:37+02:00
c0ed7e2e-d321-4ea6-9bde-c93c5af9c0c1;Haus Gonzenblick;Die grosszügige 6-Zimmer-Ferienwohnung Haus Gonzenblick bietet einen fantastischen Blick auf die Churfirsten und das Tal. In weniger als 10 Minuten zu Fuss erreichst Du Restaurants, Geschäfte und die Gondelbahn Prodalp-Express.;Die grosszügige 6-Zimmer-Ferienwohnung befindet sich an schöner und ruhiger Lage mit fantastischem Blick auf die Churfirsten sowie ins Tal. In weniger als 10 Minuten zu Fuss erreichen Sie diverse Restaurants, Einkaufsgeschäfte, Bars und die Gondelbahn Prodalp-Express, welche Sie ins Ski- und Wandergebiet bringt. Zur Ferienwohnung gehört ein Fahrradabstellraum und ein Garagenplatz. Für Haustiere sind wir nicht eingerichtet.;9.305021017393717;47.08993925;Mätzwiesenstrasse 6;8897;Flumserberg Tannenheim;+41 71 694 10 24;info@haus-gonzenblick.ch;[{'@type': 'ImageObject', 'contentUrl': 'https://ostpimtsoch.sos-ch-dk-2.exoscale-cdn.com/catalog/a/7/6/f/a76fb2b74acb52950c68715853a3391fe6923d65_123f079cad4563ec228c7b1e4eb8929c.jpg'}];2026-09-09T20:51:48+02:00
c2b565e1-05cc-42da-8727-6d7a7429f2f9;Ferienhaus Schils;Das Ferienhaus Schils in Flums bietet eine ruhige, familienfreundliche Lage mit kostenlosem Parkplatz. Es ist komfortabel eingerichtet und verfügt über fünf Zimmer mit Holzböden im oberen Stockwerk. Der Bahnhof ist in zehn Minuten zu Fuss erreichbar.;Das 5-Zimmer-Ferienhaus befindet sich an ruhiger und familienfreundlicher Lage in Flums. Der Bahnhof Flums ist nur 10 Minuten entfernt. Ein Parkplatz ist gratis vorhanden.

Das Ferienhaus ist komfortabel eingerichtet und sehr heimelig. Die Schlafräume im oberen Stock verfügen über einen schönen Holzboden.;9.339125944233382;47.09315185;Gräpplangstr. 18;8890;Flums;+41 62 293 27 08;pbrotzer@bluewin.ch;[{'@type': 'ImageObject', 'contentUrl': 'https://ostpimtsoch.sos-ch-dk-2.exoscale-cdn.com/catalog/2/e/c/4/2ec4e2d49818de87a8d704e9a56ecd8504f28b39_b4bd8ce13ef71d199152629d6a1c0f7f.jpg'}];2026-02-09T22:43:24+01:00
c2e5ab42-87b5-4933-a5b7-3e95744238c1;Ferienhaus Dreispitz;Das Ferienhaus Dreispitz in Flumserberg Tannenheim bietet eine ruhige Lage, nur sieben Gehminuten vom Zentrum, Bergbahnen und Einkaufsmöglichkeiten entfernt. Es verfügt über eine kostenlose Garage und zwei Wohnungen, die zusammen gemietet werden können.;Das traditionell und gemütlich eingerichtetes Schwedenhaus befindet sich an sehr ruhiger Lage in Flumserberg Tannenheim. Das Zentrum Tannenheim, die Bergbahnen, Restaurants, Einkaufsmöglichkeiten und die Bushaltestelle sind nur ca. 7 Gehminuten entfernt. Zum Ferienhaus gehört eine kostenlose Garage. Die beiden Wohnungen können bei grösseren Familien oder Gruppen auch zusammen gemietet werden.;9.307340383529665;47.08396733705863;Untere Anggetlinstr. 5;8897;Flumserberg Tannenheim;+41 76 419 48 86;fabian.boeni@gmail.com;[{'@type': 'ImageObject', 'contentUrl': 'https://ostpimtsoch.sos-ch-dk-2.exoscale-cdn.com/catalog/6/1/c/d/61cd2c294949ad3d80714dac358a6e42e4160a17_26f7225009e53791a2906e061691ef0d.jpg'}];2026-01-19T22:38:47+01:00
c33a2377-8af6-40ad-8c37-872edb168ac0;Chesa Clavazzin;Heimelige Gästezimmer mit Bergsicht in naturnaher und ruhiger Umgebung;Es erwarten Sie drei stilvoll eingerichtete Zimmer mit Säntisblick. Jedes Zimmer kann einzeln oder doppelt belegt werden. Ein gemeinsames Bad mit Dusche mit allem Komfort steht auf der gleichen Etage zur Verfügung, sowie ein Aufenthaltsraum. Frühstück ist inbegriffen.;9.1309857;47.3320539;Steigstrasse 16;9125;Brunnadern SG;+41796396807;info@giallegra.ch;https://giallegra.ch;[{'@type': 'ImageObject', 'contentUrl': 'https://ostpimtsoch.sos-ch-dk-2.exoscale-cdn.com/catalog/c/d/c/8/cdc84bf785f0b0f8056a408f1436cf735d702bcc_8ada9de10a3ec6ff398a337390cf27d3.jpg'}];2026-04-01T19:18:22+02:00
c359563e-d42e-434f-b510-b9f80850569a;Ferienwohnung Arvenstrasse 7 (CharmingStay);Die 3,5-Zimmer-Ferienwohnung Arvenstrasse 7 liegt zentral in Flumserberg-Tannenboden und bietet eine schöne Aussicht auf die Churfirsten. Sie ist hell, modern eingerichtet und verfügt über einen kostenlosen Garagenplatz.;Die 3.5-Zimmer-Ferienwohnung befindet sich direkt im Zentrum von Flumserberg-Tannenboden an ruhiger Lage und verfügt über eine schöne Aussicht auf die Churfirsten. Zur Wohnung gehört ein kostenloser Garagenplatz.

Die Ferienwohnung ist sehr hell, modern und komfortabel eingerichtet. Die Wohn- und Schlafräume verfügen über einen schönen Holzboden. Zur Wohnung gehören 2 Sitzplätze.;9.286467594793875;47.0934616;Arvenstrasse 7;8898;Flumserberg Tannenbodenalp;+41 79 504 90 45;contact@charmingstay.ch;https://www.charmingstay.ch;[{'@type': 'ImageObject', 'contentUrl': 'https://ostpimtsoch.sos-ch-dk-2.exoscale-cdn.com/catalog/6/6/7/4/6674a1f3fdb552a2ff706419429b44e087c76b13_e6829d1b968f3d09ba74a250298c2d2c.JPG'}];2026-01-19T22:38:47+01:00
c366bd22-a2d7-406e-9d9a-a30a6e2f36d6;Reka-Feriendorf Urnäsch;Im Reka-Feriendorf Urnäsch dreht sich alles um Tiere, die Natur und das Bauernleben. Der Kleintierstall und Streichelzoo lädt zu tierischen Begegnungen ein.;Im Reka-Feriendorf Urnäsch finden in den Minergiehäusern, die aus einheimischem Holz gebaut wurden, 50 Familien Platz (Wohnungen mit 2 1/2 bis 5 1/2 Zimmern mit Balkon oder Sitzplatz). In unserem Kleintierstall und Streichelzoo bekommen Kinder die Möglichkeit, mit den tierischen Bewohnern des Feriendorfs auf Tuchfühlung zu gehen. Die Kinder können mit verschiedenen Tieren in Berührung kommen, sie füttern, streicheln und näher kennenlernen. Hallenbad mit Kinderplantschbecken und Saunalandschaft, zahlreiche Gemeinschaftsräume sowie verschiedene Spiel- und Sportplätze im Freien, inkl. eines grossen Trampolins, bieten unendlich viele Vergnügungsmöglichkeiten.;9.2868187;47.3176293;Appenzellerstrasse 11;9107;Urnäsch;+41 71 365 60 30;urnaesch@reka.ch;https://reka.ch/de/rekaferien/reka-feriendorf-urnaesch;[{'@type': 'ImageObject', 'contentUrl': 'https://ostpimtsoch.sos-ch-dk-2.exoscale-cdn.com/catalog/6/6/2/5/6625c8b1abe06b47008891ea1165149ce5037855_754bcfa9b92c7fe42c70588f9ddf9a90.jpg'}];2025-10-28T15:34:57+01:00
c5876f5d-047c-4327-9ba3-6b65c019401c;Casa Viva;Das Casa Viva in Bad Ragaz bietet acht gemütliche Wohnungen im Dorfzentrum. Ein grosser Garten, nahe Thermalbäder und Einkaufsmöglichkeiten sowie kostenlose Parkplätze machen es ideal für Paare, Familien und Gruppen.;<p class="MsoNormal" style="margin-right: 0px; margin-bottom: 0px; margin-left: 0px; line-height: 1.5 !important;">Das Casa Viva mit seinen 8 Wohnungen befindet sich in der Fläscherstrasse 21B im Dorfzentrum von Bad Ragaz. Das ruhig gelegene Mehrfamilienhaus verfügt über einen wunderschönen Garten. Die Thermalbäder, diverse Einkaufsmöglichkeiten sowie der Bahnhof SBB sind nur wenige Gehminuten entfernt. Parkplätze stehen Gästen kostenlos zur Verfügung. Waschmaschine und Tumbler stehen Ihnen ebenfalls zur Verfügung. Haustiere sind auf Anfrage erlaubt.</p><p style="margin: 10px 0px 0px; line-height: 1.5 !important;"><span style="margin-top: 0px; line-height: 1.5 !important; font-weight: bold;">Details zu den einzelnen Wohnungen:</span></p><ul style="line-height: 1.5 !important;"><li style="line-height: 1.4;">6x Studios (ca. 40 m<span style="position: relative; vertical-align: baseline; top: -0.5em; margin-top: 0px; line-height: 1.5 !important;">2</span>)</li><li style="line-height: 1.4;">2x Apartments (ca. 60 m<span style="position: relative; vertical-align: baseline; top: -0.5em; margin-top: 0px; line-height: 1.5 !important;">2</span>)</li></ul>;9.503282203165657;47.00496605;Fläscherstrasse 21b;7310;Bad Ragaz;+41 81 511 50 67;reservation@casavivabadragaz.ch;https://www.casavivabadragaz.ch/;[{'@type': 'ImageObject', 'contentUrl': 'https://ostpimtsoch.sos-ch-dk-2.exoscale-cdn.com/catalog/9/5/5/2/95525d66eec6aaee0aa84d87e2184dc0e4d57e35_e09e34e5c6163bc5905ec15aabe7b063.JPG'}];2026-04-09T21:35:57+02:00
c5baec72-f372-4e6d-a39e-bc2811def905;Ferienwohnung Nadig;Die Ferienwohnung Nadig am Flumserberg bietet eine gemütliche 3,5-Zimmer-Wohnung mit traumhafter Aussicht auf die Churfirsten. Nur zwei Gehminuten von der Bergbahn Prodalp-Express entfernt, ideal für Ski- und Wanderferien.;Die gemütliche 3.5-Zimmer-Wohnung im Erdgeschoss bietet eine traumhafte Aussicht auf die Churfirsten. Von der Ferienwohnung sind es 2 Gehminuten bis zur Bergbahn Prodalp-Express.  ;9.30321514606476;47.08999421513073;Flumserbergstrasse 149;8897;Flumserberg Tannenheim;+41 81 733 23 23;info@nadigsport.ch;[{'@type': 'ImageObject', 'contentUrl': 'https://ostpimtsoch.sos-ch-dk-2.exoscale-cdn.com/catalog/5/1/7/b/517b8a599e6b77cf10a43e8d7329f4927caba4a2_e269b622379f9690ff6bcf3ec3c8af2f.jpeg'}];2026-01-19T22:38:47+01:00
c5f35d0d-81a4-448d-a570-257eccf23da0;Gästehaus Leimathof;Gemütlich übernachten nahe der Universität St.Gallen.;Das Gästehaus Leimathof ist zentral und sehr ruhig gelegen: Messegelände, Casino, Universität und Stadtzentrum sind zu Fuss in wenigen Minuten erreichbar. 

Nebst einer speziell eingerichteten Attika Wohnung bieten wir auch verschiedene Standard Wohnungen möbiliert zur Miete an. Eine davon tage- oder wochenweise, die anderen mind. für 3 Monate.

Standard Wohnung
Beinhaltend 3 Schlafzimmer, 1 Wohn-/Esszimmer, Badezimmer mit Dusche/WC, komplett ausgestattete Küche, WiFi, TV, Waschmaschinen- und Trockenraumbenützung.

Attika Wohnung
Beinhaltend 2 Schlazimmer, Wohnzimmer, komplett ausgestattete Küche mit separatem Esszimmer, WiFi, TV, Waschmaschinen- und Trockenraumbenützung.;9.38063;47.43324;Leimatstrasse 32;9000;St. Gallen;+41796007675;info@leimathof.ch;http://www.leimathof.ch/;[{'@type': 'ImageObject', 'contentUrl': 'https://ostpimtsoch.sos-ch-dk-2.exoscale-cdn.com/catalog/5/f/5/e/5f5e3f7bd7140c7eb48c39d18a10d42e93741563_76d40a9c38a0f25ac78c9c1ce495335a.jpg'}];2026-06-16T20:17:36+02:00
c6dabb98-9c5f-443e-82b4-f1ff7e90e773;Visimo Apartments - Deluxe Suite;Stilvolle 2.5-Zimmer Wohnungen im Zentrum von St.Gallen;In der stilvoll eingerichteten 55-Quadratmeter Ferienwohnung  im Zentrum von St.Gallen geniessen die Gäste einen einzigartigen Urlaub in der schönen Ostschweiz unweit des Bodensees. Die Wohnung bietet für maximal vier Personen Platz. Dank der hervorragenden Lage in der Nähe des Klosters ist die historische Altstadt in wenigen Gehminuten erreichbar.

INNENEINRICHTUNG
Im Inneren der Suite erwartet die Gäste ein eleganter Mix aus modernem Design und elegantem Holzmobiliar. Das geräumige Schlafzimmer mit dem Kingsize-Boxspringbett (180 x 200 cm) verspricht eine erholsame Nachtruhe. Im gemütlichen und ansprechend gestalteten Wohnzimmer sorgt die bequeme Sofalandschaft mit integriertem Schlafsofa mit Lattenrost (140 x 200 cm) für einen guten Schlaf für zwei weitere Personen. Das Wohn- und Schlafzimmer sind jeweils mit einem grossen Smart-TV mit kostenlosem Netflix und Sunrise TV-Abo ausgestattet. Die Wohnung verfügt über kostenloses WLAN. 
 
SPEISEBEREICH/BAD
Das exklusive Holzdesign der Suite setzt sich auch im Essbereich fort, in dem sich ein gemütlicher Esstisch befindet, der zu geselligen Abendessen mit Freunden anregt. In der komplett ausgestatteten Küche mit Herd, Geschirrspüler, Kühlschrank, Gefrierschrank, Kaffeemaschine, Tellern, Gläsern und Besteck dürfen die Gäste nach Belieben ihre kulinarischen Wünsche verwirklichen. Das helle und saubere Badezimmer verfügt über einen grossen Duschbereich, eine Waschmaschine sowie einen Trockner. Handseife, Duschgel, Shampoo und frische Handtücher stehen bereit. 

ZENTRALE LAGE
Die großartige Lage der Ferienwohnung bietet neben kurzen Wegen zu den Sehenswürdigkeiten, Geschäften und Restaurants auch eine direkte Anbindung an das Bus- und Bahnnetz der Region. So kommen die Gäste  auch ohne Auto immer sicher und bequem ans Ziel.

Auch die vierbeinigen Gäste sind gerne willkommen.;9.3703313;47.4187409;Felsenstrasse 99;9000;St. Gallen;+41 76 385 00 77;info@visimo-apartments.ch;https://www.visimo-apartments.ch/apartments-st-gallen/;[{'@type': 'ImageObject', 'contentUrl': 'https://ostpimtsoch.sos-ch-dk-2.exoscale-cdn.com/catalog/a/a/a/c/aaac969a014974a741d9a4b096448642d1fbae32_dfe3c87da1afee2ad45a0bfbbc894083.jpg'}];2026-06-16T20:17:36+02:00
c6dfa5b3-f606-47d9-a838-930796444a47;Hotel Taverne zur Linde;Das traditionelle Speiserestaurant im Städtchen Bischofszell verwöhnt seine Gäste mit schmackhaften Grillspezialitäten vom Holzkohlegrill sowie bodenständigen und gut bürgerlichen Gerichten.;Seit 40 Jahren ist die Linde bekannt für sein gemütliches Ambiente und das aussergewöhnliche Erlebnis vom grilliertem Fleisch auf Holzkohle. Ein saftiges Ribeye vom Grill mit einem schönen Glas Wein, in der Linde in Bischofszell sind besonders Fleischliebhaber bestens aufgehoben. Die liebevoll eingerichteten Speiseräumlichkeiten mit rustikalem Ambiente und die grosse Bar laden zu geselligem Verbleiben ein. Das charmante und gastfreundliche Servicepersonal kümmert sich engagiert um die Wünsche der Gäste. Das zentrale Altstadthaus mitten im alten Stadtkern bietet moderne, freundliche Zimmer mit Wifi TV und Bad.;9.241727432199442;47.493946449999996;Grubplatz 6;9220;Bischofszell;+41 71 422 16 10;info@hotel-zur-linde.ch;http://www.hotel-zur-linde.ch/;[{'@type': 'ImageObject', 'contentUrl': 'https://ostpimtsoch.sos-ch-dk-2.exoscale-cdn.com/catalog/9/6/6/1/96615dda6e41ac36188e259d65e2c9a4472a1caa_87282e05181b5ff4cebe351b5e425645.jpg'}];2025-02-17T13:24:37+01:00
c7e0f992-435a-4bf7-aeed-43a0101e7474;Boardinghouse St.Gallen;So einfach war wohnen noch nie! Für jeden Anspruch das perfekte Zuhause.;Hier fühlen sich die Gäste – für eine längere oder auch für kurze Zeit – im urbanen St.Gallen so richtig zuhause. 

Das Boardinghouse bietet für mehrere Monate, für eine ganze Woche oder auch nur für 1-2 Tage ein perfektes Zuhause in einem stilvollen Neubau an bester Lage. Die historische Altstadt, Naherholungsgebiete, kulturelle und sportliche Angebote - aber auch Einkaufsmöglichkeiten - sind in wenigen Minuten zu Fuss oder mit dem ÖV erreichbar. Café, Bäckerei, Take-Away und Private Spa befinden sich sogar direkt im Haus. 

Die Wohnoasen bieten : 

• persönlicher Empfang
• moderne, komfortabel möblierte und vollkommen ausgestattete
1 bis 2.5 Zimmer Studios und Wohnungen mit Kochnische und
Balkon / Lodge
• individuelle, variable Preise je nach Verweildauer (ab 1 Nacht möglich)
• sämtliche Nebenkosten & Dienstleistungen im Preis inbegriffen:
• WLAN / TV / Strom & Wasser
• Bett- und Frottierwäsche
• mindestens wöchentliche Reinigung / Endreinigung
• Tiefgaragenplatz mit Auflade-Station zusätzlich mietbar
• bei langer Verweildauer durchschnittlicher Wohnungspreis ab CHF 1280 pro Monat
(all inclusive)
• SPEZIELL: Absolut keine Kündigungsfrist;9.3551975;47.4200777;Metallstrasse 16;9000;St. Gallen;+41 71 260 20 20;info@boardinghouse.ch;https://www.boardinghouse.ch;[{'@type': 'ImageObject', 'contentUrl': 'https://ostpimtsoch.sos-ch-dk-2.exoscale-cdn.com/catalog/3/c/8/9/3c89d52e33bc5c20676ac5bcc4b1fded9e2eedd3_715a494259c4a628527b3098928c33fd.jpg'}];2026-06-16T20:17:36+02:00
c90c98cd-77c3-4b69-8b6b-71ea57aff928;Haus Flumser-Höckli (CharmingStay);Die 4,5-Zimmerwohnung im Zentrum von Flumserberg-Tannenheim liegt direkt bei der Talstation Prodalp-Express. Sie erstreckt sich über drei Stockwerke und bietet einen grossen Balkon im Erdgeschoss.;Die 4.5 Zimmerwohnung im Zentrum von Flumserberg-Tannenheim ist direkt bei der Talstation Prodalp-Express gelegen. Die Wohnung hat 3 Stockwerke mit einem grossen Balkon im EG. Die Wohnung befindet sich in einem terrassenmässig angelegten 3er-Reihneneinfamilienhaus.

Die Wohnung ist zeitgemäss eingerichtet und mit einem Parkettboden ausgestattet.;9.3043313;47.0892258;Panoramastrasse 4;8897;Flumserberg Tannenheim;+41 79 504 90 45;contact@charmingstay.ch;https://www.charmingstay.ch;[{'@type': 'ImageObject', 'contentUrl': 'https://ostpimtsoch.sos-ch-dk-2.exoscale-cdn.com/catalog/d/4/8/5/d485416684aa1e5e2533b8b672fbb6c5c50567f5_4863b792d01d651ea8655659db0f8828.JPG'}];2026-01-19T22:38:47+01:00
c98b60ee-2846-4ac2-b650-58951e2e2796;Haus Gaschür;Haus Gaschür in Bad Ragaz bietet eine grosszügig ausgestattete 3,5-Zimmerwohnung mit Galerie und kleiner Bibliothek. Die Wohnung liegt im Dorfkern, nahe der Tamina Therme, und bietet eine schöne Aussicht auf die Berge.;Die 3.5 Zimmerwohnung ist ideal im Dorfkern gelegen, nahe zu den Geschäften und der Tamina Therme. Zudem bietet sie eine schöne Aussicht in die Berge.

Die Ferienwohnung liegt im 2. OG unter dem Dach. Sie ist grosszügig ausgestattet und stilvoll und modern möbliert. Zur Wohnung gehört auch eine grosse Sonnenterrasse und ein Balkon. Ebenfalls gibt es eine Galerie mit einer kleiner Bibliothek.;9.501548493740152;47.002264749999995;Gaschürstrasse 5;7310;Bad Ragaz;+41 79 500 94 20;gaschuer5@bluewin.ch;http://www.hausgaschur.com;[{'@type': 'ImageObject', 'contentUrl': 'https://ostpimtsoch.sos-ch-dk-2.exoscale-cdn.com/catalog/f/3/1/8/f318ff454215115b4444f66e7675b2e3f1823b60_6ffc1941fa8e3208443b25c0d0aed512.jpg'}];2026-02-09T22:43:24+01:00
cb7b7869-0958-415b-9223-4843e1c04553;Ferienwohnungen Gauencenter (Orange und Rot);Das Gauencenter in Flumserberg bietet direkten Zugang zu Skipisten, kostenfreies WLAN und Privatparkplätze. Die Seilbahn Maschgenkamm ist 1,2 km entfernt. Ein Fitness- und Wellnesscenter sowie eine Disco sind ebenfalls vorhanden.;Das Gauencenter bietet direkten Zugang zu den Skipisten, kostenfreies WLAN und kostenfreie Privatparkplätze an der Unterkunft. Die Seilbahn Maschgenkamm ist 1,2 km von der Unterkunft entfernt und eine Skipiste befindet sich vor dem Gebäude.
In der modern eingerichteten Unterkunft steht Ihnen eine Waschmaschine, sowie Bettwäsche und Handtücher zur Verfügung.
Zu den Einrichtungen gehört auch ein kostenloses Fitness- und Wellnesscenter mit einer Sauna, einem Solarium und einem Whirlpool. (Im Winter)
Ebenfalls ist im Gauencenter eine Skiaufbewahrung vorhanden. Eine Disco, mit separatem Eingang, lädt jeden Samstag zum Tanzen ein.;9.298958655716081;47.0901013;Flumserbergstr. 152;8897;Flumserberg;+41 78 343 44 66;info@newgoggeien.ch;https://www.newgoggeien.ch/;[{'@type': 'ImageObject', 'contentUrl': 'https://ostpimtsoch.sos-ch-dk-2.exoscale-cdn.com/catalog/e/e/0/8/ee087c04ee85474250cbe812e5ebacabb4bf4612_75927802f942457d0a360928eaf8de5f.jpg'}];2026-04-09T21:35:58+02:00
cb8290cf-1bc9-4924-a6b1-74682657064f;Zunfthaus zum Löwen;Das Zunfthaus zum Löwen in Sargans bietet traditionelle Schweizer Küche, kreative Speisen und erlesene Weine. Im Winter gibt es jeden Freitag Live-Jazz im Jazzkeller. Ideal für kleine Feiern im Barbarastübli oder grössere Anlässe im Saal.;Das Restaurant ist im Gault Millau mit 14 Punkten ausgezeichnet und serviert Ihnen traditionelle Schweizer Küche, kreative Speisen und erlesene Weine. 

Im Winter werden Sie jeden Freitag mit Live-Jazz unterhalten, im Jazzkeller. Erleben Sie gelungene Stunden in einem ganz besonderen Ambiente. 

Das liebevoll eingerichtete Barbarastübli eignet sich besonders für kleine Familien- oder Firmenfeiern mit bis zu 25 Personen. Für grössere Anlässe steht unser Saal für Sie zur Verfügung.;9.4355606;47.0505308;Städtchenstrasse 60;7320;Sargans;+41 81 723 71 03;info@zunfthausloewen.ch;http://www.zunfthausloewen.ch;[{'@type': 'ImageObject', 'contentUrl': 'https://ostpimtsoch.sos-ch-dk-2.exoscale-cdn.com/catalog/1/8/d/9/18d930c1fc1b7abedba3925c2b69818e81cf80ac_ecc3a2c0e5e2b87e04d201d2aa0f1106.JPG'}];2025-07-23T20:21:11+02:00
cc083554-77ad-4efb-b96b-68b41507cea8;Hofgenuss;So haben Sie bestimmt noch nie geschlafen!;Unsere Podhouses sind heimelige Holziglus und bieten Platz für 2 bis 4 Personen. Sie haben Ihr Schlafzimmer mit bequemen Betten in der freien Natur, wo Sie morgens höchstens von Vogelgezwitscher geweckt werden. Auf Komfort müssen Sie nicht verzichten, wir bieten Ihnen auch einen gemütlichen Aufenthaltsraum mit Kiosk und Kochgelegenheit. Zudem verwöhnen wir Sie am Morgen mit einem reichhaltigen Frühstück mit vielen hofeigenen Bioprodukten.;9.08175;47.36332;Oetschwil 161;9608;Ganterschwil;+41 71 983 12 74;info@hofgenuss.ch;https://hofgenuss.ch/;[{'@type': 'ImageObject', 'contentUrl': 'https://ostpimtsoch.sos-ch-dk-2.exoscale-cdn.com/catalog/2/e/e/7/2ee75d333a1321d5857b9cd922acfb7f6c3a8108_b0526e84f55b7fe0e815d9156ca68c58.jpg'}];2025-10-28T16:12:59+01:00
cc3bfcb0-7014-4ea4-82c3-dab4aa64f626;Stellplatz Parkplatz Skilift Tristeli;Der Stellplatz beim Skilift Tristeli auf dem St. Margrethenberg bietet im Sommer fünf Plätze für Camper. Auf 1 200 Metern Höhe gelegen, ist er ein idealer Ausgangspunkt für Wanderungen, etwa zur Aussichtsplattform Pizalun.;Auf dem Parkplatz beim kleinen Skilift Tristeli auf dem St. Margrethenberg stehen im Sommer fünf Stellplätze für Camper zur Verfügung. Das beschauliche Dörfchen liegt auf 1'200 Metern über Meer und bietet eine ruhige, naturnahe Umgebung mit herrlicher Aussicht auf das umliegende Bergpanorama. Vom Stellplatz aus lassen sich zahlreiche Wanderungen unternehmen.

Besonders beliebt ist der Aufstieg zur Aussichtsplattform Pizalun, die einen weiten Blick über das Rheintal und die Bündner Herrschaft bietet.

Der Platz eignet sich ideal für Naturliebhaber, Ruhesuchende und aktive Gäste. Eine Reservation oder Buchung ist nicht möglich. Wir bitten um Verständnis.;9.507036209106447;46.98145666994276;Furggelsstrasse 20;7313;St. Margrethenberg;+41 79 297 96 90;meyerstephan@bluewin.ch;https://www.verkehrsverein-pfaefers.ch;[{'@type': 'ImageObject', 'contentUrl': 'https://ostpimtsoch.sos-ch-dk-2.exoscale-cdn.com/catalog/7/f/c/e/7fce35d46fa5bbe642047ce7d513ac1f8cdb991c_dde750f2e73bd0338ce469f1b183e880.jpeg'}];2026-06-30T20:58:21+02:00
cc3ce9f6-0086-40c2-b401-9f4199e52f87;Gasthaus Hörnli Hundwil;Familiär, bodenständig  und traditionell;Ein bisschen ausserhalb vom Dorf befindet sich unser Gasthaus an der Strasse Richtung Urnäsch, zu Fuss sind wir von der Posthaltestelle in etwa 15 min zu erreichen. In der gemütlichen Gastube hat es Platz für 60 Personen. Im oberen Stock hat es einen schönen Saal für 70 Personen und draussen finden auf unserer Terrasse nochmals 30 Personen Platz.
Aus unserer Küche kommen gutbürgerliche Gerichte und Fleisch vom eigenen Bauernhof. Bei uns werden Bräuche gelebt und Feste gefeiert.;9.315037634764266;47.35761495;Mitledi 125;9064;Hundwil;+41 71 367 15 30;hoernli.hundwil@bluewin.ch;https://hoernli-hundwil.ch;[{'@type': 'ImageObject', 'contentUrl': 'https://ostpimtsoch.sos-ch-dk-2.exoscale-cdn.com/catalog/f/a/c/b/facbb9fb5a8f6e8556401404f5c74243aaa749e8_5d5925f3ffd99625ae8b66a9c467cc70.JPG'}];2025-04-22T18:14:46+02:00
cc738346-2a9f-417b-978d-7aeaea965497;Gampergalt (Whg. Heubi);Die Ferienwohnung Gampergalt (Whg. Heubi) liegt ruhig im Anggetlin auf etwa 1400 m ü.M. und bietet eine unverbaute Aussicht auf die Churfirsten und die Bündner Berge. Die Talstation der Prodkammbahnen ist nur wenige Gehminuten entfernt.;Die Ferienwohnung befindet sich an ruhiger Lage im „Anggetlin“ auf ca. 1400 M.ü.M. Die Talstation der Prodkammbahnen ist nur wenige Gehminuten entfernt. Die Wohnung bietet eine wunderschöne, unverbaute Aussicht auf die Churfirsten, den Raum Sargans sowie die Bündner Berge. Die Postauto-Haltestelle und Einkaufsmöglichkeiten erreichen Sie nach ca. 10 Gehminuten. Zur Wohnung gehört ein kostenloser Parkplatz.

Die Wohnung im Parterre ist gemütlich eingerichtet, mit allem, was man braucht. Schlaf-, Wohn- und Essbereich ist ein Raum und bietet Platz für 2 Personen. Im Sommer steht ein Sitzplatz mit Cheminée zur Verfügung.;9.30598712383185;47.08270506053502;Obere Anggetlinstrasse 36;8897;Flumserberg Tannenheim;+41 56 667 19 23;r.heubi@bluewin.ch;[{'@type': 'ImageObject', 'contentUrl': 'https://ostpimtsoch.sos-ch-dk-2.exoscale-cdn.com/catalog/f/e/1/1/fe118541cdcf5559883ae31c57c3a4b23b512310_061d5a313f7ede3a216b865a1b36e0c7.jpg'}];2026-04-09T21:35:58+02:00
cc884af7-e1e6-4c35-b188-f9301a2d835a;Haus Mittenwald A;Haus Mittenwald A bietet eine 3,5-Zimmer-Ferienwohnung im Dachgeschoss mit Lift, Tiefgarage und Skiraum. Geeignet für vier Personen, ideal für Paare, Familien und Singles, die eine entspannte Auszeit suchen.;3.5 Zimmer Ferienwohnung im DG, Lift, Tiefgarage, Skiraum. Geeignet für 4 Personen.
Keine Haustiere erlaubt.;9.297387650000001;47.0899206;Flumserbergstrasse 165;8897;Flumserberg Tannenheim;+41 79 764 05 91;alexandra-zeller@bluewin.ch;[{'@type': 'ImageObject', 'contentUrl': 'https://ostpimtsoch.sos-ch-dk-2.exoscale-cdn.com/catalog/f/2/2/6/f22648292caa4b930941df2dbe1a414485673141_d87e0418c6f7b688cd95bb18abf31b93.jpg'}];2025-12-10T22:40:48+01:00
cca63a01-a52f-497f-927a-8398dbfe0104;Ferienwohnung Egglisboden;Die Ferienwohnung Egglisboden in Quarten bietet eine moderne 3-Zimmerwohnung mit Blick auf den Walensee und die Churfirsten. Sie ist nur 5 Minuten von der Mittelstation der Flumserberg-Luftseilbahn entfernt und verfügt über einen kostenlosen Parkplatz.;Neue und moderne 3-Zimmerwohnung an sehr ruhiger Lage in Quarten mit schönes Aussicht auf den Walensee und die Churfirsten. Bis zur Mittelstation der Luftseilbahn auf den Flumserberg sind es nur 5 Fahrminuten. Zur Wohnung gehört ein kostenloser Parkplatz.

Die neue Ferienwohnung im Parterre ist modern und komfortabel eingerichtet. Alle Räume sind sehr hell und Wohn- und Schlafräume verfügen über einen schönen Parkettboden.;9.238646204289786;47.1043765;Egglisbodenstrasse 28;8883;Quarten;+41 81 710 30 40;h.y.sidler@bluewin.ch;[{'@type': 'ImageObject', 'contentUrl': 'https://ostpimtsoch.sos-ch-dk-2.exoscale-cdn.com/catalog/8/6/7/6/86760f2de47227e8ac3c34b31764505b3a408a56_4b46e7066ce5b14ec1aa75170ade45a6.jpg'}];2026-03-11T21:50:30+01:00
cd042191-3ca4-4dcb-ab7e-ade3e9aafd44;Ferienwohnung Pramalinis;Die Ferienwohnung Pramalinis liegt auf einem Weingut in Jenins. Sie bietet eine ländliche Umgebung und einen Balkon mit toller Aussicht. Ein kostenloser Aussenparkplatz ist vorhanden.;Die 2.5-Zimmerwohnung befindet sich auf einem Weingut und ist sehr ländlich gelegen. Vom Balkon aus, können Sie die tolle Aussicht geniessen.
Ein Aussenparkplatz steht kostenlos zur Verfügung.;9.5616096;46.9985007;Im Pramalinis;7307;Jenins;+41 79 682 97 10;mail@johanni-wein.ch;[{'@type': 'ImageObject', 'contentUrl': 'https://ostpimtsoch.sos-ch-dk-2.exoscale-cdn.com/catalog/c/6/b/f/c6bf2e7956db59f03b2d74983716152cb11708cd_148177a4b06d1f360aff129ef4ecdc37.JPG'}];2026-02-09T22:47:36+01:00
ce4fe92d-ba83-4e53-92c4-147870d3d88a;Wohnmobilstellplatz Schwägalp;Der Parkplatz befindet sich direkt am Fusse des Säntis. Mitten im Naturerlebnispark Schwägalp und gleich neben dem "Säntis - das Hotel". ;Geniessen Sie während Ihres Aufenthalts eine schöne Sicht ins Grüne und auf das Säntismassiv. Vom Stellplatz aus sind Wanderwege, Bergbahn sowie Restaurants und Öv Haltestellen schnell zu erreichen.

Der Stellplatz bietet Platz für zwölf Camper. 
Dieser Stellplatz kostet CHF 20 / Nacht. Bezahlmöglichkeiten gibt es via der Park'n sleep App.;9.3201563115154;47.25700122126115;9107;Hundwil;https://www.parknsleep.eu/ps/parkplatz-santis-schwebebahn;[{'@type': 'ImageObject', 'contentUrl': 'https://ostpimtsoch.sos-ch-dk-2.exoscale-cdn.com/catalog/6/4/3/a/643a0ea927f7f4cc67a1970b1d48eaf2d551052a_b996098236ea0734bdc24caceb3c479f.jpg'}];2025-04-22T18:16:42+02:00
cf7dd61f-33b5-42d9-baa1-eaae43d9f98c;Cubilaris Motel Bad Ragaz;Das Cubilaris Motel in Bad Ragaz bietet moderne Raummodule aus Holz. Gäste können zwischen einem Modul (Cubi Classic) oder zwei Modulen (Cubi Suite) wählen. Das Motel ist mit dem Auto oder öffentlichen Verkehrsmitteln erreichbar.;Das Cubilaris ist ein neues innovatives Motel, bestehend aus 20 Raummodulen aus Holz. Sie haben die Wahl, in einem Cubi Classic (19 m2) oder im Cubi Studio (24 m2) zu übernachten. Alle Raummodule sind gemütlich und modern ausgestattet. Im Cubi Studio gibt es eine kleine Küche, einen Ess- und Loungebereich sowie ein grösseres Bad. Das Motel erreichen Sie mit Ihrem Fahrzeug oder dem öffentlichen Bus (direkt vor der Türe). Für Elektrofahrzeuge steht seit 2021 eine Ladestation zur Verfügung. Motorradfahrer und Velofahrer finden einen gedeckten Carport für ihre Zweiräder vor.;9.4938527;47.0129535;Buchenstrasse 2;7310;Bad Ragaz;+41 81 511 50 77;reservation@cubilaris.ch;http://www.cubilaris.ch;[{'@type': 'ImageObject', 'contentUrl': 'https://ostpimtsoch.sos-ch-dk-2.exoscale-cdn.com/catalog/4/0/f/a/40fa0c5b9f73c031362ee2d5b80d920d384a61c0_e69eb0478e17419b84596af47765dca2.jpg'}];2026-06-30T20:50:41+02:00
d075f8ec-0dd1-4086-8a27-21605493711c;Esmeraldas Altbauwohnung mitten in der Stadt mit Terrasse;Charmante Altbauwohnung mit viel Charakter im Herzen von St. Gallen. Helle Räume, gemütlicher Schlafbereich, offene Galerie und stilvolle Einrichtung. Mit Terrasse zur Mitbenutzung – perfekt für entspannte Tage in zentraler Lage.;Charmante Altbauwohnung an bester Lage mitten in der historischen Altstadt von St. Gallen. Nur wenige Schritte vom berühmten Textilmuseum («Palazzo Rosso») entfernt, umgeben von Cafés, Boutiquen und kulturellen Highlights. Die Drei Weieren – ein wunderschönes Naherholungsgebiet mit Aussicht über die Stadt – sind ebenfalls schnell erreichbar.

Die Wohnung überzeugt mit ihrem einzigartigen Charakter: warme Holzböden, offene Galerie und ein gemütliches, stilvolles Ambiente. Drei Schlafmöglichkeiten (1×180 cm, 2×160 cm) bieten Platz für Paare, Familien oder kleine Gruppen.

Ausgestattet mit WLAN, Küche mit Mikrowelle und Bialetti für den perfekten Kaffee. Die teils überdachte Terrasse zur Mitbenutzung lädt zum Verweilen ein – ein ruhiger Rückzugsort mitten im lebendigen Stadtzentrum.

Als besonderes Extra: Nur wenige Schritte entfernt befindet sich die MachBar – ein kreativer Ort für kleine künstlerische Tätigkeiten, Austausch und Inspiration.

Familienfreundlich: Babybett auf Anfrage sowie kleine Spielsachen und Hochstuhl vorhanden.;9.3750666;47.4269514;Metzgergasse 21;9000;St. Gallen;+41 76 522 8133;sarah.boeni@icloud.com;http://esmeralda.book.dibooq.com/;[{'@type': 'ImageObject', 'contentUrl': 'https://ostpimtsoch.sos-ch-dk-2.exoscale-cdn.com/catalog/7/7/d/2/77d2c94a306254bf83a7d8b323b8f42abedf6f99_c0791442d7fe32411aeab8b9dcbb25f6.jpeg'}];2026-06-16T20:17:36+02:00
d1fc8e71-dd34-4e24-9fb0-f0e546bbd4a5;Kronenhof Schaffhausen - Hotel, Gastronomie & Wellness;Mitten in der Schaffhauser Altstadt empfängt der Kronenhof seine Gäste in einem kleinen, feinen 3-Sterne-Hotel mit 42 Zimmern und Suiten, flexiblen Räumen für Anlässe und City-Wellness. Herzstück ist die lebendige, unkomplizierte Gastronomie.;<p data-start="114" data-end="388">Mitten in der Schaffhauser Altstadt gelegen, ist der Kronenhof der ideale Ausgangspunkt f&uuml;r alles, was Sie vorhaben. Ein Teil unserer Zimmer bietet einen herrlichen Blick auf den Kirchhofplatz und den Munot &ndash; das Wahrzeichen Schaffhausens und ein St&uuml;ck lebendige Geschichte.</p><p data-start="390" data-end="674">Die Kronenhof-Gastronomie steht seit jeher f&uuml;r Tradition, Geselligkeit und Begegnung. Unser Restaurant &uuml;berzeugt mit einer abwechslungsreichen, kreativen und marktfrischen K&uuml;che. Die Bar l&auml;dt mit feinen Snacks und sorgf&auml;ltig ausgew&auml;hlten Weinen zum entspannten Ausklang des Tages ein.</p><p data-start="676" data-end="878">F&uuml;r Erholung sorgt unser grossz&uuml;giger Wellnessbereich auf 200 m&sup2; mit finnischer Sauna, Sanarium, Aroma-Dampfbad, Kneipp-Anlage, Aussenbereich und Ruheraum. Hotelg&auml;ste geniessen kostenlosen Direktzugang.</p><p data-start="880" data-end="1171">Schaffhausen ist der lebendige Mittelpunkt der Region &ndash; und der Kronenhof ein Ort der Begegnung. Der Munot Saal eignet sich f&uuml;r Anl&auml;sse aller Art und l&auml;sst sich dank flexibler Raumgestaltung individuell auf verschiedene Gruppengr&ouml;ssen und Bed&uuml;rfnisse abstimmen &ndash; ob privat oder gesch&auml;ftlich.</p><p data-start="1173" data-end="1365">Wir verbinden Gastronomie und Hotellerie mit echter Leidenschaft und pers&ouml;nlichem Engagement &ndash; offen f&uuml;r jedermann und gepr&auml;gt von dem Anspruch, jeden Aufenthalt zu etwas Besonderem zu machen.</p>;8.63564;47.69668;Kirchhofplatz 7;8200;Schaffhausen;+41 52 635 75 75;info@kronenhof.ch;http://www.kronenhof.ch/;[{'@type': 'ImageObject', 'contentUrl': 'https://ostpimtsoch.sos-ch-dk-2.exoscale-cdn.com/catalog/b/1/1/b/b11b070b333c8328af3af0a130ede491d820c39d_10d04e04d01235f41df8a3dc83041e88.jpg'}];2026-01-15T19:45:37+01:00
d2233cdb-2fb8-446b-a43d-0d87d7199734;Gauenpark-Uehli;Die 1,5-Zimmerwohnung im 11. Stock des MFH Gauenpark in Flumserberg Tannenheim bietet eine beeindruckende Aussicht auf die Churfirsten und den Walensee. Die moderne und gemütliche Wohnung ist ruhig gelegen und bietet Platz für bis zu vier Personen.;Die 1.5 Zimmerwohnung befindet sich zuoberst im 11. Stock im MFH Gauenpark in Flumserberg Tannenheim mit herrlicher Aussicht auf die Churfirsten und den Walensee. Die Wohnung ist sehr ruhig gelegen. Ein Parkplatz ist kostenlos vorhanden.

Die helle Wohnung mit traumhafter Aussicht ist modern und gemütlich eingerichtet. Schlaf-, Wohn- und Essbereich ist ein Raum und bietet Platz für bis zu 4 Personen. Die ganze Wohnung ist mit einem Parkettboden ausgestattet.;9.298958655716081;47.0901013;Flumserbergstr. 146;8897;Flumserberg Tannenheim;+41794067725;uehli.albert@gmail.com;[{'@type': 'ImageObject', 'contentUrl': 'https://ostpimtsoch.sos-ch-dk-2.exoscale-cdn.com/catalog/d/f/8/3/df837027d38c68bee5e3571a4c5224be0382e526_1edb0e7f888c4e0e757879ab235a282e.JPG'}];2026-01-27T22:06:12+01:00
d281b1fd-c7a5-4f86-85e2-c29b6997c827;Ferienwohnung Vonlanthen/Jud;Die 2,5-Zimmer-Maisonette-Wohnung in Bad Ragaz bietet einen eigenen Hauseingang, einen Gartensitzplatz und einen Balkon. Sie liegt ruhig und zentral, nur 50 m von Migros und Coop entfernt, und ist ideal für Paare, Familien und Singles.;Die 2.5-Zimmer-Maisonette-Wohnung mit eigenem Hauseingang befindet sich an ruhiger und zentraler Lage in Bad Ragaz. Zur Wohnung gehört ein Gartensitzplatz und ein Balkon.

Das Apartment verfügt über 1 grosses Schlafzimmer mit Trennwand, 1 Bad mit WC, 1 WC, Bettwäsche, Handtücher, 1 Flachbild-TV, Wlan,Cheminée,  eine voll ausgestattete Küche,Balkon und einen grossen Sitzplatz.

50 m von Migros umd Coop, 10 min zu Fuss bis zum Bahnhof un Tamina Therme.;9.502739310264587;47.003400040829;Pestalozziweg 5c;7310;Bad Ragaz;+41798402988;criastrid@icloud.com;[{'@type': 'ImageObject', 'contentUrl': 'https://ostpimtsoch.sos-ch-dk-2.exoscale-cdn.com/catalog/0/e/9/a/0e9a039ed86c40762132c7cafb7a01c623a3e7db_1ea86538a589cbf7482ed52f8ec2d9fc.JPG'}];2026-07-21T20:47:43+02:00
d4531d2e-33dd-416b-b375-00ddb95d086c;Hotel Restaurant Seegarten;Das Hotel Seegarten in Arbon ist seit über dreissig Jahren ein beliebter Treffpunkt für Familie und Freunde von überall her. Eingebettet zwischen dem Naturschutzgebiet, dem internationalen Radweg und dem Bodensee erleben die Gäste Gastfreundschaft, die von Herzen kommt.;Das Hotel bietet verschiedene Zimmerkategorien an, vom normalen Doppelzimmer über das Grand-Lit-Zimmer bis zu Familienzimmer für bis zu vier Personen. Alle 42 modern ausgestattete Zimmer sind Richtung Süden und Westen ausgerichtet. Einige dieser Zimmer verfügen über einen eigenen Balkon oder sind mit einem kleinen privaten Sitzplatz im Parterre ausgestattet. Im Restaurant oder auf der sonnigen Terrasse geniessen die Gäste genussvolle Stunden. Das Küchenteam verarbeitet ausschliesslich regionale Produkte.;9.4215019000001;47.5214864;Seestrasse 66;9320;Arbon;+41 71 447 57 57;info@hotelseegarten.ch;http://www.hotelseegarten.ch/;[{'@type': 'ImageObject', 'contentUrl': 'https://ostpimtsoch.sos-ch-dk-2.exoscale-cdn.com/catalog/d/2/b/3/d2b38c08f1d58228c839e23ef155aa90c8f5889e_e7fa24ef9bd1d8a7007240563f5eb95e.jpg'}];2025-02-17T13:24:37+01:00
d46e2d2a-0851-4980-860b-86d332a07fd4;Stump's Alpenrose;Stump’s Alpenrose am Fusse des Chäserrugg erwartet Geniesser wie Kinder mit gelebter Toggenburger Gastfreundschaft. Wenige Gehminuten vom Klanghaus, am Schwendisee einem Ort, an dem das Sein für Geniesser und Familie zum Freizeitvergnügen und das Tagen zur Inspiration wird.;<p>Auf dem sonnenbeschienenen Hochplateau am Schwendisee heisst Sie die Gastgeberfamilie Stump in 5. Generation herzlich Willkommen. Der Klangweg f&uuml;hrt im Sommer zum Ch&auml;serrugg und weiter zu den Churfirsten, w&auml;hrend der Alpstein mit uneingeschr&auml;nkten Wanderungen an der Thur und bis zum S&auml;ntis lockt. Sonnenterrasse mit Kinderspielplatz und Trampolin laden zum Verweilen. Einzel-, Doppel- und Familienzimmer mit allem Komfort sind nach S&uuml;den ausgerichtet, Wellness mit Sauna, Dampfbad, Whirlpool und Fitnessraum sorgen f&uuml;r Entspannung wie Erholung. Stump&rsquo;s Frischk&uuml;che mit regionalen Culinarium-Produkten und Wild aus einheimischer Jagd sowie das Fr&uuml;hst&uuml;ck mit lokalen Broten und K&auml;se von den Alpen bietet viel Hausgemachtes. Im Winter f&uuml;hren die Skipisten direkt vom Hotel zu den Bergbahnen und zur Skischule. Ein Hotelbus macht die Anbindung ans Tal, zur Eisbahn, Curling-Center, Schwimmbad, Einkaufsm&ouml;glichkeiten sowie Kulturveranstaltungen. Herzlich Willkommen am Fuss des Ch&auml;serrugg bei Stump&rsquo;s in der Alpenrose.</p><p>&nbsp;</p><p><span data-teams="true">Auskunft zur Zug&auml;nglichkeit</span>:&nbsp;<a href="https://www.ginto.guide/entries/541e1873-6d3c-437d-8284-c160c980487e?lnk_src=business" target="_blank" rel="noopener">ginto</a></p>;9.3285822;47.190065;Vordere Schwendistrasse 62;9658;Wildhaus;+41 71 998 52 52;info@stumps-alpenrose.ch;http://www.stumps-alpenrose.ch;[{'@type': 'ImageObject', 'contentUrl': 'https://ostpimtsoch.sos-ch-dk-2.exoscale-cdn.com/catalog/6/b/8/3/6b8313d3a28f795e094505ffc165790382d0a5ba_6904ad13aa8ec2af56e7ef1ee737419d.jpg'}];2026-06-17T19:34:59+02:00
d563f7c7-5ddf-43df-bd02-aecd63e05c1c;Ferienhaus Arnika;Das Ferienhaus Arnika in Valens bietet zwei Schlafzimmer, Wohnraum und Küche. Es liegt nahe einem Bauernhof und verfügt über einen grossen Balkon sowie eine Terrasse mit Grillstelle. Ideal für kürzere oder längere Aufenthalte.;Das heimelige und helle Ferienhaus mit zwei Schlafzimmern, Wohnraum und Küche befindet sich bei Sergeuris in Valens in der Nähe eines Bauernhofes. Das Haus bietet sämtliche Einrichtungen und Ausstattungen, die ein kürzerer oder längerer Ferienaufenthalt erfordert. Ein grosser Balkon lädt zum Verweilen ein, ebenso ein Steinplatz vor dem Haus, mit Feuerstelle, mit Grill. Das Haus wird mit einem Specksteinofen (Holzheizung) geheizt. Bei Minustemperaturen muss der Ofen morgens und abends während ca. 3 Stunden ein gefeuert werden.;9.4840908;46.9936812;Sergeuris;7317;Valens;+41 79 413 49 19;urs.guldener@datazug.ch;http://www.ferienhaus-arnika.ch/;[{'@type': 'ImageObject', 'contentUrl': 'https://ostpimtsoch.sos-ch-dk-2.exoscale-cdn.com/catalog/3/d/4/7/3d47ff99f46d05d1fd695ff27b70fa7ce76a2bc1_98242083bf6cb18b45fb03517270076d.jpg'}];2026-08-07T20:48:40+02:00
d5efa582-2f5b-4f01-aa2c-1fbee9040d79;Stellplatz Pardätsch;Der Stellplatz Pardätsch liegt an der ruhigen Kunkelsstrasse in Vättis und bietet eine freie Sicht auf Alpweiden und die umliegende Berglandschaft. Eine Schweizer Feuerstelle und der Vättner „Bergstrand“ sind nur 100 m entfernt.;Der Stellplatz Pardätsch liegt rund 300 Meter südlich des Zeltplatzes Hüttenwiese auf der gegenüberliegenden Strassenseite. Er befindet sich idyllisch an der ruhigen Kunkelsstrasse und bietet eine freie Sicht auf Alpweiden, Wälder und die eindrucksvolle Berglandschaft der Umgebung.
In nur 100 Metern Entfernung lädt eine Schweizer Familienfeuerstelle zum Verweilen ein. Ebenfalls rund 100 Meter entfernt fliesst auf der anderen Strassenseite, rund 30 Meter tiefer, der Görbsbach durch einen Auenwald. Der Vättner „Bergstrand“ mit seinem breiten Kiesbett bietet einen besonderen Ort zur Entspannung und Erholung inmitten der Natur.;9.4415215;46.9098162;Kunkelsstrasse;7315;Vättis;079 437 65 78;zeltplatz@ortsgemeinde-vaettis.ch;https://www.ortsgemeinde-vaettis.ch/liege-zelt/zeltplaetze;[{'@type': 'ImageObject', 'contentUrl': 'https://ostpimtsoch.sos-ch-dk-2.exoscale-cdn.com/catalog/3/c/5/5/3c5572b36b65ed789e05ee4e5c434b7546de1761_48c7de47c254cd626826ee6e93bd8c43.jpg'}];2025-11-01T20:44:17+01:00
d75b3886-6fc0-4f21-8f18-4ba3dee9944e;Ferienhaus Maienfeld - Heidihuus;Das Ferienhaus Heidihuus in Maienfeld bietet einen Blick auf die Weinbaugebiete der Bündner Herrschaft und den Pizol. Die Wohnung ist familien- und haustierfreundlich und verfügt über eine gut ausgestattete Küche.;Das Ferienhaus Heidihuus oberhalb Maienfeld in Weiher Rofels liegt nahe am Heididorf mit dem Museum. Vom Sitzplatz aus hat man einen wunderschönen Blick in die Weinanbaugebiete der Bündner Herrschaft und in Richtung Pizol. Die Umgebung bietet allerlei Möglichkeiten, den Aufenthalt genussvoll sowie auch sportlich und aktiv zu gestalten.

Die Wohnung verfügt über ein gemütliches Wohnzimmer mit Lesestühlen und Sofas, einen Chemineeofen sowie einen sonnigen Gartensitzplatz. Die Küche bietet Backofen, Kühlschrank, Geschirrspüler, Fondue- und Raclette-Set, Kaffeemaschine, Toaster und Wasserkocher.;9.544346369651297;47.00955675;Rofelsergasse 16;7304;Maienfeld;+41 78 776 52 24;info@ferien-heidiland.ch;https://www.ferien-heidiland.ch;[{'@type': 'ImageObject', 'contentUrl': 'https://ostpimtsoch.sos-ch-dk-2.exoscale-cdn.com/catalog/e/9/7/1/e971fa6f132a12fc079f2d074d52f5b65d3c05b7_fefdbedf51fa5bf20a042368f78395b1.jpg'}];2026-03-11T21:55:24+01:00
d7882d5d-b40a-4058-9963-c35eef16dffc;Chalet Waldwiese (CharmingStay);Das Chalet Waldwiese in Flumserberg Tannenheim bietet eine 4,5-Zimmerwohnung mit Blick auf die Churfirsten. Bergbahnen, Restaurants und ein Dorfladen sind in etwa zehn Minuten zu Fuss erreichbar. Ein kostenfreier Parkplatz ist vorhanden.;Das Chalet mit 4.5 Zimmer befindet sich am Dorfrand von Flumserberg Tannenheim, mit wunderbarer Aussicht auf die Churfirstenkette. Bergbahnen, Restaurants und der Dorfladen sind nur ca. 10 Gehminuten entfernt. Zum Ferienhaus gehört ein kostenfreier Parkplatz. Dieser befindet sich unterhalb des Hauses und ist über eine Treppe erreichbar, ca. 50m.

Die Wohnung ist zweckmässig und mit viel Holz eingerichtet. Die Wände von Wohn- und Schlafräumen sind getäfert und verfügen über einen Holzboden. Zum Chalet gehört ein Sitzplatz mit schöner Aussicht.;9.30613935;47.09091225;Plattenwiese 23;8897;Flumserberg Tannenheim;+41 79 504 90 45;contact@charmingstay.ch;https://www.charmingstay.ch;[{'@type': 'ImageObject', 'contentUrl': 'https://ostpimtsoch.sos-ch-dk-2.exoscale-cdn.com/catalog/f/d/3/e/fd3e97c3e3a5cabe115f0557022769820c8343b9_8bc785a7a47d0fe198472487410de5bd.JPG'}];2026-01-19T22:42:57+01:00
d83886cb-8881-45b4-95ff-50c4bcb91032;Ferienbleibe Rosenweg – am Fusse des Alpsteins;Wo grüne Wiesen und Berggefühl – auf Altes und Neues trifft;In Urnäsch gibt es viel zu erleben. Direkt vor der Haustüre beginnen die schönsten Wanderrouten und Biketouren im Alpstein. Im Winter liegen der Dorfskilift und die Langlaufloipe 100 Schritte entfernt. Doch vor allem sind es die kleinen Dinge, die in Erinnerung bleiben. Sie sollen nicht nur ausserhalb der Ferienbleibe zum Staunen kommen. Deshalb haben sich die Gastgeber besonders viel Mühe gegeben und das Herzblut in die Einrichtung der Ferienbleibe gesteckt. Im ganzen Haus finden sich liebevolle Details, die von der Zeit erzählen als die Rose eine Bäckerei war. Die Vierzimmer-Wohnung verteilt sich über drei Stöcke. Insgesamt bieten zwei Schlafzimmer Platz für fünf Personen. Das Spiel- und Leseversteck sowie das geräumige Wohnzimmer sind Wohlfühlorte für Gross und Klein. Die Ferienbleibe liegt fünf Minuten vom Dorfzentrum entfernt. Entspannt zu Fuss einkaufen ist genauso unkompliziert, wie die Anreise mit dem öffentlichen Verkehr.;9.280174970626833;47.314617366913;Rosenweg 11;9107;Urnäsch;+41 79 468 24 56;info@rosenweg.ch;https://www.rosenweg.ch/die-ferienbleibe;[{'@type': 'ImageObject', 'contentUrl': 'https://ostpimtsoch.sos-ch-dk-2.exoscale-cdn.com/catalog/9/f/f/d/9ffd1705ce7892d5fe6b39ead2a9b5cac2ca02e9_6f376a85723679f65fc7c5625a13012d.jpg'}];2025-04-22T18:16:42+02:00
d84013ab-468d-4dc2-a437-b7b408d77846;Panoramawohnung am Pizol / Furt 1'525 m ü. M.;Die Panoramawohnung am Pizol bietet eine moderne Unterkunft direkt an der Bergstation Furt. Sie ist ideal für Aktivitäten wie Skifahren, Rodeln und Wandern und bietet Zugang zu Restaurants und einem Naturspielplatz.;Die helle, moderne und familienfreundliche 2.5-Zimmer Panoramawohnung befindet sich direkt bei der Bergstation Furt (8er Gondelbahn Wangs-Furt) mit wunderschöner Aussicht auf das Bergpanorama Churfirsten. Direkt an der Skipiste und am Ausgangspunkt der 3,5 km langen Schlittelbahn und dem Nachtskifahren. Umgeben von leckeren Restaurants und grossen Sonnenterrassen, Ski- und Snowboardschule in unmittelbarer Nähe. 
Es ist ein idealer Ausgangspunkt für sämtliche Aktivitäten und Attraktionen am Pizol.
Im Sommer direkt an der 5-Seen-Wanderroute und grossem Natur-Erlebnisspielplatz mit Wasserfall.;9.42151665687561;47.00237886732135;Furt 40;7323;Wangs;0041796387712;meinfarberlebnis@gmail.com;https://www.airbnb.com/h/berger-ferien-am-pizol;[{'@type': 'ImageObject', 'contentUrl': 'https://ostpimtsoch.sos-ch-dk-2.exoscale-cdn.com/catalog/d/c/c/5/dcc52eba9c5693f2916304796c9d6fd1bff9f3bc_2d0ee2a6f50eee5cf137ef6eccb8f0f3.jpg'}];2025-11-25T22:33:11+01:00
d8b68557-d4c1-4438-8893-ab1ae8f02d35;Gästewohnung Sustena;Die 5.5-Zimmer-Gästewohnung Sustena liegt ruhig und doch zentral in Bischofszell. Das Altstadthaus liegt ausserhalb des Stadtkerns mit tollem Ausblick auf den Zusammenfluss von Thur und Sitter.;<p>Den G&auml;sten, die das Besondere sch&auml;tzen, wird ein grossz&uuml;giger Wohnkomfort geboten: separater Eingang, Wohn-Terrasse, individuell m&ouml;blierte R&auml;ume, gut ausgestattete K&uuml;che. Die Wohnung befindet sich in einem markanten Altstadthaus und verf&uuml;gt &uuml;ber einen grossen Garten. Ob ein kurzer Aufenthalt f&uuml;r einen Besuch bei Freunden, die Teilnahme an einer Weiterbildung oder erholsame Ferien auf dem Land: Die Wohnung mit eigener Terrasse ist ein ruhiger R&uuml;ckzugsort zum Entspannen. Gleichzeitig eignet sie sich ideal, um die herrliche Umgebung mit ihren vielf&auml;ltigen M&ouml;glichkeiten zum Wandern oder Velofahren kennenzulernen.</p>;9.237070437900423;47.49344375;Thurbruggstrasse 1;9220;Bischofszell;+41 79 281 48 55;bertsch@sustena.ch;http://sustena.ch/;[{'@type': 'ImageObject', 'contentUrl': 'https://ostpimtsoch.sos-ch-dk-2.exoscale-cdn.com/catalog/f/d/3/4/fd3450235fb2751ebf96cc7a5665f71f72547b90_c08e569cca50588f9eb4ed55c4e516bd.png'}];2026-01-13T23:30:04+01:00
d90f0e43-aaff-419b-9db0-6543666f3722;Seminar Hotel Restaurant Chäseren;Im Seminarhotel und Restaurant Chäseren lässt sich gut sein. Im idyllischen Neckertal an der Grenze zwischen Appenzellerland und Toggenburg gelegen, ist es der ideale Ort für Ferien und Seminare - Genussvolles aus der Küche inklusive.;<p>Das Seminarhotel und Restaurant Chäseren liegt in einer ruhigen Landschaft, 20 Kilometer von St. Gallen entfernt. Es bietet eine wunderschöne Aussicht auf das Alpsteinmassiv mit dem Säntis. Das Restaurant serviert Schweizer und internationale Küche sowie saisonale Gerichte.&nbsp;</p><p>Der charmante Appenzeller Landhausstil verleiht den Räumlichkeiten eine natürliche Eleganz und schafft drinnen wie draussen die perfekte Kulisse für individuelle Wünsche. Ob für Seminare, eine entspannende Auszeit oder aktive Abenteuer&nbsp;<span style="font-family: &quot;Times New Roman&quot;, serif; font-size: 16px;">–&nbsp;</span>im Seminarhotel und Restaurant Chäseren finden Sie den idealen Ort.&nbsp;Die Zimmer des Hotels verfügen über Sat-TV, Safe und Badezimmer. Wanderwege, Mountainbike-Strecken und im Winter eine Langlaufloipe starten direkt vor der Haustür.</p>;9.202964901924135;47.329915329608;Chäseren 327;9105;Schönengrund;+41 78 903 70 87;info@chaeseren.ch;https://www.chaeseren.ch;[{'@type': 'ImageObject', 'contentUrl': 'https://ostpimtsoch.sos-ch-dk-2.exoscale-cdn.com/catalog/b/0/4/5/b045c725d53b9a444af3ae874f45f998adafcc6a_4730c316d7ef2a23eb65de0c8ac9916c.JPG'}];2025-04-24T18:19:51+02:00
d91b3d09-e504-4efc-890c-05689ad7aae6;Gampergalt 4.5 Zi-Whg;Die 4,5-Zimmerwohnung in Flumserberg-Tannenheim liegt nur fünf Gehminuten von der Skipiste entfernt. Sie bietet einen kostenlosen Aussenparkplatz, einen grossen Balkon und eine Terrasse. Einkaufsmöglichkeiten und Restaurants sind 1,5 km entfernt.;Die 4.5-Zimmerwohnung befindet sich in Flumserberg-Tannenheim nur ca. 5 Gehminuten zur Skipiste, welche zur Talstation Prodalp-Express Tannenheim führt. Ins Zentrum mit Einkaufsläden, Sportgeschäften, Skischule und Restaurants sind es ca. 1.5 km. Zur Ferienwohnung gehört ein kostenloser Aussenparkplatz.

Die grosszügige Wohnung ist gemütlich und komfortabel eingerichtet. Vom Wohnzimmer aus gelangt man auf den grossen Balkon Richtung Norden und die grosse Terrasse Richtung Süden.;9.30598712383185;47.08270506053502;Obere Anggetlinstrasse 36;8897;Flumserberg Tannenheim;+41 79 669 60 68;peter.rahm@bluewin.ch;[{'@type': 'ImageObject', 'contentUrl': 'https://ostpimtsoch.sos-ch-dk-2.exoscale-cdn.com/catalog/8/8/0/1/8801919d7a76684aa5cfa2fed01bdd9bdee9cf59_7af20fd8b210a0fb2766cff84d5b62dc.jpg'}];2026-08-27T20:56:57+02:00
d944e7a2-672c-4f18-8055-4c9c32b7dfef;B&B Laui Ennetbühl;Ferien im Herzen des Toggenburgs mit Blick auf Säntis, Stockberg und Speer!
Geniessen Sie eine Auszeit in unserem gemütlichen Bed & Breakfast. Tauchen Sie ein in die Natur und die Abgeschiedenheit, wo sich Fuchs und Hase gute Nacht sagen.;<div>Das Haus aus der Mitte des 19. Jahrhunderts wurde mit viel Sachverstand und handwerklichem Geschick restauriert und renoviert. Die drei G&auml;stezimmer (1 Einzelzimmer und 2 Doppelzimmer) sind liebevoll eingerichtet, mit einem charmanten Mix aus Design- und Antikm&ouml;beln. Wir verw&ouml;hnen Sie in der urspr&uuml;nglichen G&auml;stestube mit einem reichhaltigen Fr&uuml;hst&uuml;ck aus selbstgemachten und regionalen Produkten. Parkplatz und WLAN vorhanden. Mit dem &Ouml;V in 15 Minuten erreichbar. Kein TV, Raumh&ouml;he 196 cm. Wanderwege direkt vor dem Haus, Langlaufloipe in n&auml;chster N&auml;he. Preise inkl. Fr&uuml;hst&uuml;ck und Kurtaxe pro Person und Nacht: Fr. 80.&ndash; (ab der 2. Nacht Fr. 70.&ndash;).</div>;9.22271079999996;47.2445859;Lauistrasse 782;9651;Ennetbühl;+41763690009;silvia.schaub@gmail.com;http://www.laui-ennetbuehl.ch/;[{'@type': 'ImageObject', 'contentUrl': 'https://ostpimtsoch.sos-ch-dk-2.exoscale-cdn.com/catalog/1/3/f/6/13f6edf117018e7cade418b900375edb80fed6ed_c6cda7e27dfb3896f177bd9c6e66938c.jpg'}];2026-06-17T19:21:54+02:00
da0bcc35-12d6-414b-8afc-c87b12ed7b00;Ferienwohnung Frei;Die Ferienwohnung Frei in Bad Ragaz bietet eine ruhige Lage am Ende einer Sackgasse. Sie ist funktional eingerichtet und verfügt über einen privaten Parkplatz. Restaurants und Geschäfte sind in der Nähe.;Die 2-Zimmerwohnung befindet sich an sehr ruhiger Lage am Rande von Bad Ragaz am Ende einer Sackgasse. Restaurants und Lebensmittelläden befinden sich in der Umgebung. Die Bushaltestelle ist 1,2 km, die Pizolbahn 3 km und das Thermalbad 1 km entfernt. Zur Wohnung gehört ein privater Parkplatz.

Die Wohnung liegt im Parterre und ist zweckmässig eingerichtet.;9.497417679972216;47.0061627;Weiligstrasse 36c;7310;Bad Ragaz;+41 81 302 37 53;paul.frei51@gmail.com;[{'@type': 'ImageObject', 'contentUrl': 'https://ostpimtsoch.sos-ch-dk-2.exoscale-cdn.com/catalog/f/f/5/3/ff5322112e9e6f3e9057c0e34e7e5c78496f4539_7e16cd19a510831b8109757f99e8ed46.jpg'}];2026-03-11T21:55:24+01:00
da19fd1e-5795-438a-967b-5e44f5f96f8d;Ferienhaus Sennastübli;In unserem gemütlichen Sennastübli auf 1000müM. ist Ihnen der Alpstein so nah wie nie zuvor.;Das kleine Chalet mit seiner optimal eingerichteten Küche, einem Badezimmer mit WC und Dusche, dem Schlafzimmer mit Doppelbett und dem kleinen herzigen Stübli mit Fernseh und Radio lädt zum verweilen ein. Wir empfehlen jedoch das Panoramafernsehn zum Fenster raus.  Der grosse Garten und die Terrasse geben Platz um draussen die Natur zu geniessen und zu entspannen. Sie können wunderschöne Sonnenauf und -untergänge mit Blick auf den Alpstein geniessen. Der atemberaubende Ausblick über den Alpstein, Hügel und das Land lädt zudem zum Wandern, Sporttreiben und spazieren ein. Das Häuschen ist perfekt gelegen für Wanderungen oder für Wintersportferien mit Schneeschuhlaufen, Langlaufen oder Schlitteln.

Vermietung wochenweise.;9.432449340820314;47.3830960896874;Wisseggstrasse 8;9055;Bühler;+41 76 250 01 97;steffikopp24@gmail.com;https://www.sennastübli.ch/;[{'@type': 'ImageObject', 'contentUrl': 'https://ostpimtsoch.sos-ch-dk-2.exoscale-cdn.com/catalog/f/f/8/0/ff809e16df1c6d71a28aea125fcaa31ca4fb80cd_a0970db202d061569b702df782422ca3.jpg'}];2025-04-08T18:15:49+02:00
daeb77f0-929b-4eb8-83ec-91d96e79bbaf;Haus Alpenblick A;Haus Alpenblick A in Flumserberg Tannenheim bietet eine 2,5-Zimmerwohnung, nur zwei Gehminuten vom Hallenbad und der Skipiste Mittenwald entfernt. Ein kostenloser Parkplatz in der Tiefgarage ist inklusive.;Die 2.5 Zimmerwohnung befindet sich in Flumserberg Tannenheim nur ca. 2 Gehminuten vom Hallenbad, Sportbus, Skipiste Mittenwald und Einkaufsmöglichkeiten entfernt. Zur Wohnung gehört ein kostenloser Parkplatz in der Tiefgarage.

Die helle Wohnung ist klassisch und gemütlich eingerichtet. Wohn- und Schlafräume verfügen über einen schönen Holzboden. Bilder und Deko verzieren die Wände und Regale.;9.297766606774918;47.0907134;Tobelbachstrasse 8;8897;Flumserberg Tannenheim;+41 76 462 23 61;sdahel@sunrise.ch;[{'@type': 'ImageObject', 'contentUrl': 'https://ostpimtsoch.sos-ch-dk-2.exoscale-cdn.com/catalog/0/9/4/d/094df137983b18e3bf3a1b1734f6f4f4394bcfd5_4e7e52e12507463bcb5905cc4f295dd8.jpg'}];2026-06-12T21:45:41+02:00
db98088f-38cc-4ab2-9f4c-4a474c0efb0a;b_smart motel Amriswil;Das b_smart motel in Amriswil besticht durch seine zentrale Lage zwischen Romanshorn und Weinfelden und bietet eine moderne, zeitgemässe Infrastruktur. Gäste sind rund um die Uhr willkommen.;<p>Im b_smart motel entscheiden Gäste dank dem flexiblen Self Check-in-System selbst, wann sie anreisen – ideal für Reisende mit vollem Terminkalender oder spontanen Plänen. Die 20 modernen Zimmer bieten viel Platz zum Entspannen und sind mit allem ausgestattet, was es für einen angenehmen Aufenthalt braucht. Besonderen Komfort bietet der kostenlose Kaffee- und Teeservice, der den Gästen jederzeit zur Verfügung steht. Für zusätzliche Erfrischungen sorgt die Honesty Bar, an der weitere Getränke gegen Bezahlung angeboten werden. Der Zimmerpreis beinhaltet nicht nur die Übernachtung, sondern auch ein reichhaltiges Frühstück, kostenloses Highspeed-WLAN im gesamten Motel sowie kostenfreie Parkplätze direkt vor Ort. Dank der optimalen Lage im Herzen des Thurgaus ist das b_smart motel ein idealer Ausgangspunkt für Geschäftsreisen oder entspannte Freizeitaktivitäten.</p>;9.2986768;47.5451054;Weinfelderstrasse 71;8580;Amriswil;+41715112722;sales@b-smarts.net;https://www.b-smarts.net/amriswil;[{'@type': 'ImageObject', 'contentUrl': 'https://ostpimtsoch.sos-ch-dk-2.exoscale-cdn.com/catalog/c/0/3/5/c035a3ad8ac598ecb143a9908389139582b7316f_ccffed69cf9e7ebe10dc752a666519e3.jpg'}];2025-08-14T21:22:33+02:00
dc443377-9d7a-47cd-907d-515676dee60b;Gasthaus Rössli Brülisau;Ob alleine, zu zweit, in der Gruppe oder mit der Familie - das Gasthaus Rössli bietet passende Lösungen für alle Bedürfnisse.;<p>Die sieben Doppelzimmer sind einfach, sowie gem&uuml;tlich eingerichtet und verf&uuml;gen &uuml;ber Dusche, WC, TV und WLAN. Zus&auml;tzlich gibt es auch zwei Familienzimmer mit eigenem Bad, TV und WLAN, und zwei kleine 4er Lager mit eigenem Bad und WLAN.</p>
<p>Im Restaurant wird Feines und Regionales aus und rund um Appenzell angeboten. Br&uuml;lisau ist der perfekte Ausgangsort f&uuml;r sch&ouml;ne Wanderungen im Alpstein. Ab drei &Uuml;bernachtungen profitieren die G&auml;ste von der Appenzeller Ferienkarte.</p>;9.4550464462937;47.29775495;Dorf 2;9058;Brülisau;+41 71 799 11 04;gasthaus@roessli-bruelisau.ch;https://roessli-bruelisau.ch/;[{'@type': 'ImageObject', 'contentUrl': 'https://ostpimtsoch.sos-ch-dk-2.exoscale-cdn.com/catalog/f/e/a/f/feaf71739624aaff0913278b9263019d60e35d26_e81475bab80e88b489597bedeed817b1.jpg'}];2026-06-16T20:28:37+02:00
dd0a0ac1-4553-40b4-83fb-603a376fbe46;Casa Alpetta;Die Casa Alpetta bietet eine 2,5-Zimmerwohnung in Flumserberg Tannenboden, nahe Bergbahnen, Restaurants und Einkaufsmöglichkeiten. Die Unterkunft bietet eine schöne Aussicht auf die umliegenden Berge und einen Parkplatz.;Die 2.5-Zimmerwohnung befindet sich an der Flubastrasse 16 in Flumserberg Tannenboden, nahe der Bergbahnen, Restaurants und Einkaufsmöglichkeiten. Die Lage mit schöner Aussicht auf die umliegenden Berge ist hervorragend. Ein Parkplatz steht bei der Unterkunft zur Verfügung.;9.287785421515782;47.09344285;Flubastrasse 16;8898;Flumserberg Tannenheim;+41 79 615 17 06;w.vandoesburg@fdf-management.com;[{'@type': 'ImageObject', 'contentUrl': 'https://ostpimtsoch.sos-ch-dk-2.exoscale-cdn.com/catalog/a/f/8/b/af8b67f3559054c4063d1eb6ed75a5bb6e1ea3a3_76cadaead35674f754dfe985a05bb070.jpg'}];2026-01-19T22:42:57+01:00
dda39d47-49c8-441f-b95e-882e7130c683;Hotel Garni Rössli Wittenbach;Traditionsreiches kleines Hotel mit Frühstück an perfekter Lage zwischen Bodensee und der Altstadt St.Gallen;Perfekt gelegen auf der Durchreise zwischen Bodensee und der historischen Altstadt St.Gallen liegt das Rössli. Mitten durch die Natur führt der Radweg zum traditionellen Haus wo früher die „Rösslipost“ halt machte. Für Anreisende mit dem Auto, sind kostenlose Parkmöglichkeiten vorhanden.  Heute wird das Rössli als kleines herzliches Hotel Garni (nur Frühstück) betrieben. 
  
Das Team vom Rössli freut sich, die Gäste Willkommen zu heissen. Eine 
moderne Ladestation für E-Bikes sowie eine abschliessbare Velogarage mit kleiner Werkstatt (Velo-Werkzeug, Kompressor,...) inkl. Möglichkeit, Schuhe und Veloausrüstung aufzubewahren wie auch die Möglichkeit das Fahrrad zu reinigen, stehen zur Verfügung.

17 Einzel-, Doppel- Studio- und Familienzimmer  stehen für grosse und kleine Gäste bereit.  Nach einem erholsamen Schlaf bietet ein reichhaltiges Frühstücksbuffet viele regionale Produkte an.;9.393249;47.45936;Romanshornerstrasse 10;9300;Wittenbach;+41 71 298 40 30;info@hotelroessliwittenbach.ch;http://www.hotelroessliwittenbach.ch/;[{'@type': 'ImageObject', 'contentUrl': 'https://ostpimtsoch.sos-ch-dk-2.exoscale-cdn.com/catalog/6/3/d/6/63d61768b75a6bdd149358f566db10a741a321e1_c7e271da713882033c85cd294ba4d100.jpg'}];2026-06-16T20:28:37+02:00
de7239eb-e95a-4af6-9f97-d924bbfbeca9;Hotel von Rotz;Stilvolles Self-Check-in Hotel nahe Autobahnanschluss Wil: 85 moderne, lichtdurchflutete Zimmer mit Balkon und grosszügigem Arbeitsplatz, inklusive Frühstück, Parkplatz, WLAN und Fitnessraum – ideal für Business- und Freizeitgäste.;<p class="my-2 [&amp;+p]:mt-4 [&amp;_strong:has(+br)]:inline-block [&amp;_strong:has(+br)]:pb-2">Im Self-Check-in Hotel von Rotz in Bronschhofen geniessen die G&auml;ste stilvollen Komfort mit maximaler Flexibilit&auml;t &ndash; ob f&uuml;r eine Nacht, ein Wochenende oder einen l&auml;ngeren Aufenthalt. 85 moderne, lichtdurchflutete Zimmer und Apartments &ndash; von Standard-Doppel- und Familienzimmern &uuml;ber Auto-Themen-Zimmer und Junior Suiten bis hin zu Langzeit-Apartments mit K&uuml;che &ndash; bieten Business- wie Freizeitreisenden den perfekten Rahmen f&uuml;r ihren Aufenthalt.<span class="inline-flex" data-state="closed">​</span></p><p class="my-2 [&amp;+p]:mt-4 [&amp;_strong:has(+br)]:inline-block [&amp;_strong:has(+br)]:pb-2">Alle Zimmer verf&uuml;gen &uuml;ber Balkon, grossz&uuml;gigen Arbeitsplatz, kostenloses WLAN und Klimaanlage. Inbegriffen sind das Geniesser-Fr&uuml;hst&uuml;ck im Casual Fine Dining Restaurant Cabrio, Aussenparkpl&auml;tze, die Nutzung des Panorama-Fitnessraums, des Arbeitsraums sowie der Sonnenterrasse f&uuml;r erholsame Auszeiten.<span class="inline-flex" data-state="closed">​</span></p><p class="my-2 [&amp;+p]:mt-4 [&amp;_strong:has(+br)]:inline-block [&amp;_strong:has(+br)]:pb-2">Zus&auml;tzlich steht ein exklusiver Private Spa im Haus f&uuml;r individuell buchbare Wellnessmomente zur Verf&uuml;gung, w&auml;hrend der 24h-Self-Check-in eine entspannte, zeitunabh&auml;ngige An- und Abreise erm&ouml;glicht. Die besondere Verbindung zur Autowelt von Rotz, die Autosuiten und der hauseigene Heliport machen das Hotel zu einer aussergew&ouml;hnlichen Adresse.</p>;9.0281638;47.4680205;Industriestrasse 29;9552;Bronschhofen;+41 71 913 30 70;hotel@vonrotz.ch;http://www.hotel-vonrotz.ch/;[{'@type': 'ImageObject', 'contentUrl': 'https://ostpimtsoch.sos-ch-dk-2.exoscale-cdn.com/catalog/d/3/e/4/d3e44309048b3b525ec1e05a46ccffb2a349302f_0d9730541ceea6199a7a3df36823725b.jpg'}];2026-06-16T20:28:37+02:00
def11146-9f4e-4744-9824-00beb3932a63;Hotel & Restaurant Nollen;Das Hotel & Restaurant Nollen liegt an schönster Lage auf 733 Meter über Meer. Bei klarer Sicht geniessen die Gäste einen fantastischen Blick auf den Bodensee und die Alpen.;Im Hotel &amp; Restaurant Nollen kann man in einem der 14 Zimmern mit fantastischem Blick auf die Alpen übernachten. Für viele Aktivitäten und Ausflugsmöglichkeiten ist der Nollen ein idealer Ausgangspunkt. Zu jeder Jahreszeit können Sportbegeisterte in der freien Natur rund um den Nollen aktiv werden. Spazieren, Schuhe ausziehen und den Barfussweg entdecken oder Mountainbiken, sind nur einige der Aktivitäten, die hier ausgeübt werden können. 

Zwei verschiedene Restaurant-Konzepte, sowie der grosse Festsaal sind bei Genussliebhabern sehr angesagt. Insbesondere das Grillstübli mit seinen Dry-Age-Fleischspezialitäten lässt das Herz jedes Fleischliebhabers höher schlagen. Im Panorama-Restaurant werden unter anderem fleischlose Gerichte, sowie kreative Menükreationen gezaubert und für Vereine auch mal was «Einfaches» und «Herzhaftes» serviert.;9.122369643826412;47.492628838898;Am Nollen 1;9515;Hosenruck;+41 71 521 31 41;info@giusisnollen.ch;https://giusisnollen.ch/;[{'@type': 'ImageObject', 'contentUrl': 'https://ostpimtsoch.sos-ch-dk-2.exoscale-cdn.com/catalog/5/4/a/9/54a973bcc750fc04bd5f403bdd649b198b455b5b_b725dce8186c6cc846d228920d642dac.jpg'}];2026-06-16T22:26:55+02:00
df470d09-9321-41a2-89ec-fe8b2aa4e071;Gasthaus Löwen Hemberg;In unserem volkstümlichen Gasthaus bieten wir eine ausgezeichnete Küche, stilvolle Übernachtungsmöglichkeiten und vielfältige musikalische Erlebnisse im Herzen von Hemberg.;<p>Der L&ouml;wen in Hemberg hat eine traditionsbehaftete Geschichte: In den 50er Jahren war das Gasthaus eine weitherum bekannte Metzgerei, Gastst&auml;tte und Milit&auml;runterkunft. Dann wurde es Ende des letzten Jahrhunderts etwas ruhiger um das stattliche Geb&auml;ude. Inzwischen ist der L&ouml;wen mit sehr viel Liebe und Sorgfalt renoviert worden, ohne dabei seinen urspr&uuml;nglichen Charme zu verlieren. Seit Winter 2018 f&uuml;hren wir als gastronomische Quereinsteiger das Gasthaus L&ouml;wen. Unsere Vorstellung einer heimeligen und urchigen Beiz, vereint mit einer regionalen und kulinarisch hochstehenden K&uuml;che, k&ouml;nnen wir hier jeden Tag verwirklichen! Dabei hilft die ganze Familie mit, vom Koch &uuml;ber die Grafikerin bis zur Kafiguezli-Lieferantin sind fast alle Angestellten aus dem famili&auml;ren Umkreis. Auch musikalische Anl&auml;sse sind ein fester Bestandteil der L&ouml;wen-Philosophie. Monatlich stattfindende L&auml;ndlerkonzerte sind f&uuml;r uns als Gastgeberfamilie H&ouml;hepunkte im Wirtealltag.</p><p>&nbsp;</p><p>Auskunft zur Zug&auml;nglichkeit:&nbsp;<a href="https://www.ginto.guide/entries/97cd4b31-5ed9-4e9e-aef0-567e7cb02988?lnk_src=business" target="_blank" rel="noopener">ginto</a></p>;9.1753376;47.3003699;Wattwilerstrasse 1;9633;Hemberg;+41 71 377 24 14;info@loewen-hemberg.ch;https://www.loewen-hemberg.ch/;[{'@type': 'ImageObject', 'contentUrl': 'https://ostpimtsoch.sos-ch-dk-2.exoscale-cdn.com/catalog/9/f/6/6/9f66aabc9c8487ea3b155dc20cd1596dda8ed9a4_fcdbeec13be72bc9efab6f459ab0b81e.JPG'}];2026-04-17T19:53:30+02:00
df530289-9b39-42fa-8961-96b191803f60;JENNYHAUS;Das Jennyhaus zählt zu den schönsten Gruppenhäusern in der Ostschweiz. Im Winter wie auch im Sommer ist das Gruppenhaus die ideale Unterkunft für Vereine, Schulklassen und alle, die eine Kombination mit der Klangwelt suchen.;<div>Das Jennyhaus verfügt über 16 Zimmer, die in Zwei- und Vierbettzimmer aufgeteilt sind, und bietet komfortable Schlafmöglichkeiten für bis zu 50 Gäste. Das historische Gebäude wurde komplett renoviert und öffnete im Juni 2025 seine Türen. Bei den Renovationsarbeiten wurde besonderer Wert auf einen hohen Ausbaustandard und die Bewahrung der historischen Elemente gelegt, die das Jennyhaus und die Toggenburger Bauweise auszeichnen. Für Musikliebhaber ist das nahegelegene Klanghaus, das im Mai 2025 eröffnet wurde, ein Highlight, ebenso wie der im Jahr 2024 neu eröffnete Klangweg, der grosse und kleine Besucher begeistert. Auch bei nassem Wetter gibt es viel zu erleben: Das Resonanzzentrum Peter Roth ist nur fünf Gehminuten entfernt und lädt zu einer faszinierenden Klangreise ein. Sportbegeisterte finden in Unterwasser eine Tennis-, Boulder- und Badmintonhalle. Weitere Ausflugsziele wie die Klangschmiede in Alt St. Johann, das Curlingzentrum in Wildhaus oder das Reka-Hallenbad bieten zusätzliche Abwechslung und Unterhaltung. Das Haus kann sowohl als Selbstkocherhaus als auch mit einem Cateringangebot gemietet werden.</div>;9.334794801457827;47.18926745;Hägis 746;9658;Wildhaus;+41 71 999 27 27;info@bergundbett.ch;https://bergundbett.ch/gruppenhaeuser/;[{'@type': 'ImageObject', 'contentUrl': 'https://ostpimtsoch.sos-ch-dk-2.exoscale-cdn.com/catalog/6/b/2/e/6b2e448a235cca93268de78b606bb91848c4e4f3_e034a49871005dac0b0f8210b7a88160.jpg'}];2026-05-06T19:32:50+02:00
e08a7e02-5a67-4193-a5c9-798ce794bbce;Lerchenhüsli;Das Ferienhaus Lerchenhüsli liegt zentral in Flumserberg Tannenbodenalp. In der Nähe befinden sich Skischule, Einkaufsmöglichkeiten und Restaurants. Ein Garagenplatz ist 50 Meter entfernt. Haustiere sind erlaubt, ideal für Familien.;Das gemütlich, heimelige eingerichtete Ferienhaus Lerchenhüsli liegt im Zentrum Tannenboden. In der Nähe befindet sich die Skischule, Einkaufsmöglichkeiten und diverse Restaurants. Einen Garagenplatz ist 50 Meter unterhalb vorhanden. Im Sommer schöner Sitz- und Spielplatz beim Haus mit Gartencheminée, ideal für Familien. Das Lerchenhüsli befindet sich an einer sonnigen Lage mit wunderbarer Sicht zur Churfirsten und Alvier Bergkette. Haustiere sind erlaubt.;9.286287807779502;47.0937143;Flubastrasse 6;8898;Flumserberg Tannenbodenalp;+41 44 321 70 49;maja.zentner@gmx.ch;[{'@type': 'ImageObject', 'contentUrl': 'https://ostpimtsoch.sos-ch-dk-2.exoscale-cdn.com/catalog/7/4/6/a/746a1f1abfe7d334251af5262265fea659557500_2e7fcd20b3e629b6d09a744869a2ad9e.jpg'}];2026-01-19T22:42:57+01:00
e0dac3ac-c26c-45ce-a579-fb8225b86250;Haus Steinbock (CharmingStay);Das Haus Steinbock am Flumserberg Tannenheim bietet moderne Ferienwohnungen mit vollausgestatteter Küche, grossem Balkon und kostenlosem WLAN. Ein Lift und ein Ski-Abstellraum sind vorhanden. Ein Garagenparkplatz ist inklusive.;Das Mehrfamilienhaus befindet sich am Flumserberg Tannenheim. Innerhalb von wenigen Gehminuten befinden sich das Restaurant Mätz Dine und der Prodallp Express. Zu den Wohnungen gehört jeweils ein kostenloser Garagenparkplatz dazu.

Inneneinrichtung
Die Wohnungen sind gemütlich und modern eingerichtet. Sie verfügen über eine vollausgestattete Küche, offenes Wohnzimmer und einen grossen Balkon. Im Wohnhaus befindet sich ein Lift sowie ein Ski-Abstellraum.

Technische Einrichtung
Kostenloses WLAN, Radio und ein Kabel TV stehen in den Wohnungen zur Verfügung.;9.30473123098497;47.08930865;Mätzwiesenstrasse 31;8897;Flumserberg Tannenheim;+41 79 504 90 45;contact@charmingstay.ch;https://www.charmingstay.ch;[{'@type': 'ImageObject', 'contentUrl': 'https://ostpimtsoch.sos-ch-dk-2.exoscale-cdn.com/catalog/b/3/e/f/b3efb4a82f0af056c3d074a044eeb01b93bf781f_e5602fb2d8edbaf7c9d2a1f62f551d9c.JPG'}];2026-01-19T22:42:57+01:00
e132467a-39f3-4406-abc8-ab5c3e99e2ee;Haus Schwendihof (2 Studios);Das Haus Schwendihof in Flumserberg Tannenheim bietet zwei Studios im Dachgeschoss mit kostenlosem Parkplatz. Die Studios sind einfach eingerichtet und verfügen über eine Küchenzeile, Doppelbett, Sofa und TV. WLAN ist verfügbar.;Das Ferienhaus liegt auf 1280 m Höhe in Flumserberg Tannenheim, direkt bei den Bergbahnen und der Skipiste. Die beiden Studios befinden sich im Dachgeschoss des Zweifamilienhauses. Zu den Studios gehört ein kostenloser Parkplatz.

Details der einzelnen Studios
- 1x Studio Guscha
- 1x Studio Churfirsten

Beide Studios sind einfach eingerichtet und verfügen über einen Wohn-/Schlafbereich mit Doppelbett, Sofa und TV. Die kleine Küchenzeile ist mit allem ausgestattet was man braucht. Sie bietet Herd, Backofen, Kühlschrank und Kaffeemaschine. Die Dachschrägen mit Holzbalken machen den Aufenthalt in den Studios sehr gemütlich. WIFI vorhanden.;9.28503688613744;47.0944254;Schwendiwiesenstrasse 7;8897;Flumserberg Tannenheim;+41 81 733 16 43;f-m-beeler@bluewin.ch;[{'@type': 'ImageObject', 'contentUrl': 'https://ostpimtsoch.sos-ch-dk-2.exoscale-cdn.com/catalog/d/b/d/2/dbd2b0813295f02e7dbd408f038690e8b3457791_f74b16d8eeacc1b43ae769f49e0ed958.JPG'}];2026-04-09T21:40:19+02:00
e141e86a-91e4-499f-b4a2-6aa0ec8a2c43;Hotel Sportcenter Fünf Dörfer AG;Das Hotel Sportcenter Fünf Dörfer in Zizers bietet ein 3-Sterne-Hotel, ein Restaurant sowie Tennis, Squash und saisonal Badminton. Ideal für aktive Gäste und Erholungssuchende mit vielseitigem Sport- und Gastronomieangebot.;<div><p>Das Hotel Sportcenter F&uuml;nf D&ouml;rfer in Zizers verbindet 3-Sterne-Komfort mit einem umfassenden Sportangebot. Die 34 gem&uuml;tlichen Doppelzimmer (auch zur Einzelbelegung) bieten modernen 3-Sterne-Standard mit Zimmertresor, gratis WLAN, TV, Schreibtisch sowie Dusche/WC.</p><p>Im &ouml;ffentlichen Restaurant mit Gartenterrasse werden regionale, internationale und gutb&uuml;rgerliche Speisen serviert &ndash; perfekt f&uuml;r Sportlerinnen und Sportler sowie f&uuml;r erholungssuchende G&auml;ste.</p><p>F&uuml;r sportliche Aktivit&auml;ten stehen das ganze Jahr &uuml;ber vier gelenkschonende Tennispl&auml;tze in der Tennishalle sowie vier Squash-Boxen zur Verf&uuml;gung. Von Mai bis September erg&auml;nzen zwei Badminton-Felder das Angebot. Tennisunterricht, Turniere, attraktive Mietpreise und ein ausgew&auml;hltes Sortiment an Sportartikeln runden das Sportangebot ab.</p><p>Ob Tennis, Squash oder Badminton &ndash; das Sportcenter F&uuml;nf D&ouml;rfer ist die ideale Adresse f&uuml;r alle, die Bewegung, Spass und Gastfreundschaft kombinieren m&ouml;chten.</p></div>;9.557869434356691;46.91956678293475;Oberauweg 20;7205;Zizers;+41 81 307 19 90;hotel@5doerfer.ch;https://www.hotel-5doerfer.ch;[{'@type': 'ImageObject', 'contentUrl': 'https://ostpimtsoch.sos-ch-dk-2.exoscale-cdn.com/catalog/0/2/b/5/02b57dfe9d642defd94ecb9950a19f1e793dec39_5c3920fb87fa80039dd69d6740c85054.JPG'}];2026-04-01T21:37:20+02:00
e1652746-4ea7-496e-9b67-a545f5242362;Chalet Wiesehöckli (CharmingStay);Das Chalet Wiesehöckli in Flumserberg Tannenbodenalp bietet eine ruhige Lage mit Blick auf die Churfirsten und den Walensee. Es verfügt über einen Aussen-Whirlpool, einen Sitzplatz mit Cheminée und einen kostenlosen Parkplatz.;Das kleine 3-Zimmer-Chalet mit herrlicher Aussicht auf die Churfirsten und den Walensee befindet sich an ruhiger Lage in Flumserberg Tannenbodenalp. Zum Chalet gehört ein kostenloser Parkplatz.

Das heimelige Ferienchalet ist gemütlich und mit viel Holz eingerichtet. Die Wände im Wohn- und Schlafzimmer sind getäfelt. Zum Chalet gehört ein Sitzplatz mit Cheminée, mit Spielwiese sowie ein Aussen-Whirlpool.;9.284148542062624;47.0966193;Schwendi;8898;Flumserberg Tannenbodenalp;+41 79 504 90 45;contact@charmingstay.ch;https://www.charmingstay.ch;[{'@type': 'ImageObject', 'contentUrl': 'https://ostpimtsoch.sos-ch-dk-2.exoscale-cdn.com/catalog/3/8/6/d/386d9ff423aa61f6b4997cfc236169bbb779b51e_2e0ee4734a1f00bec94eb7d8d35bd24d.JPG'}];2026-01-19T22:42:57+01:00
e22f076a-10a9-4a26-ad73-c9f5cc4cfc1b;Macardo Premium B&B;Zuhause ist ein besonderer Ort, doch das Premium B&B von Macardo steht diesem in nichts nach!;Mit den 10 gemütlichen Zimmern und zwei grosszügigen Apartments bietet Macardo Premium B&B nicht nur Komfort, sondern auch einen atemberaubenden Ausblick auf den Alpstein und den Säntis – und das aus jedem einzelnen Zimmer. Der Tag beginnt mit einem köstlichen und reichhaltigen Frühstück, das sorgfältig aus lokalen Delikatessen zusammengestellt wird. Im Macardo Bed & Breakfast wird das Heimweh nicht aufkeimen, doch die Sehnsucht nach dem Haus wird die Gäste sicher wieder hierher führen!
Und wer mit dem Hund reist - ist auch herzlich Willkommen. 
Check-in von 14:00 bis 24:00;9.035178402040664;47.5617022;Frauenfelderstr. 21;8514;Amlikon;+41 716526000;bnb@welt.welt.macardo.ch;https://www.macardo.ch/macardo-premium-bed-breakfast/;[{'@type': 'ImageObject', 'contentUrl': 'https://ostpimtsoch.sos-ch-dk-2.exoscale-cdn.com/catalog/c/a/c/5/cac53c8cadcda175833247196f63daa707c25773_0e459e6f8a7d7055d1df41f40a579dad.jpeg'}];2026-06-16T20:10:27+02:00
e285d961-3a3e-4026-bd40-9d567610f097;Ferienwohnung Windegg;Heimelige Ferienwohnung im Appenzellerland mit fantastischem Blick auf den Alpstein und inmitten von Alpakas und Lamas;<p>Ideal für Familien, Paare, Senioren, Ruhesuchende, Geschäftsleute, Naturfreunde usw. Abseits von Lärm und Hektik mit traumhafter Panorama-Sicht auf den Alpstein geniessen Sie hier Ihre Ferientage. Die Ferienwohnung mit separatem Eingang liegt auf 950 m. ü. M. ausserhalb von Urnäsch. Die gemütliche Wohnung bietet eine moderne Küche, eine Stube und zwei Schlafzimmer. Ein grosszügiger Garten mit viel Sonne, schattenspendenden Obstbäumen und herrlichem Weitblick lädt zum Verweilen ein. Zahllose Wanderwege warten darauf, entdeckt zu werden. Im nahegelegenen Wald lädt ein Tipi (inkl. Feuerstelle) auch Kinder zu Spass und Abenteuern ein. Falls sich jemand von den warmen Augen der Alpakas und Lamas berühren lassen möchte, wohnen diese zauberhaften Tiere nur ein paar Schritte von der Ferienwohnungstür entfernt und können jederzeit beim Fressen, Summen und Geniessen beobachtet werden. Monika Egli heisst Sie herzlich willkommen! Preise (exkl. Kurtaxe) Ganze Wohnung CHF 850.-- pro Woche für 2 Personen, jede zusätzliche Person CHF 200.--, pro Kind 2-12 J.: CHF 70.-- Bei kürzerer Aufenthaltsdauer: 2 Nächte für 2 Personen CHF 80.--/Person/Nacht für jede zusätzliche Person: CHF 80.--/Nacht Kinder 2-12 J.: CHF 35.--/Kind/Nacht Ab 3 Nächten für 2 Personen CHF 70.--/Person/Nacht Kinder 2-12 J.: CHF 25.--/Kind/Nacht Einzelbelegung ganze Wohnung ab 2 Nächten CHF 105.--/Person/Nacht Reinigung pauschal: CHF 140.--/Aufenthalt Im Preis inbegriffen sind Bett-, Bad- und Küchenwäsche. Für die Kinder hat es zahlreiche Spielsachen zum Benützen und ganz viel Platz in der freien Natur. Ab zwei Übernachtungen kann von der OKSAR Ferienkarte profitiert werden. Gerne teilt Monika Egli Informationen darüber mit.</p><p></p><p>Mindestaufenthalt: 2 Nächte </p><p></p>;9.278789999999999;47.33515;Windegg 930;9107;Urnäsch;+41 71 364 17 74;monikaegli@tiererlebnishof.ch;https://tiererlebnishof.ch/ferienwohnung;[{'@type': 'ImageObject', 'contentUrl': 'https://ostpimtsoch.sos-ch-dk-2.exoscale-cdn.com/catalog/7/3/6/9/7369ecfac3bacd7461a5fb9ffc317090bf5953b1_c3989c8eff37c5261961a006f3fa2013.jpg'}];2025-10-28T15:34:57+01:00
e29ef543-891c-4668-ba62-21c58ebe10de;Sonnenberg Health Hotel ;Das ehemalige «Kurhaus» liegt im erhöhten Schwellbrunn, dem schönsten Dorf in der Schweiz (2017) und bietet einen atemberaubenden Blick über die Berge.;Das Paradies fürs Wohlbefinden: Umgeben von einem atemberaubenden Bergpanorama liegt das Sonnenberg Health Hotel im erhöhten Schwellbrunn auf 972 m ü. M., welches 2017 nicht ohne Grund zum schönsten Dorf der Schweiz gekürt wurde. 

Mit seiner hellgelben Fassade, den romantischen Balkonen und dem Kräuterduft aus dem Café kommt im Sonnenberg Health Hotel gewiss Ferien-Feeling auf. 

Nur die üppige Pizza, die sucht man hier vergebens. Aus gutem Grund. Das Sonnenberg Health Hotel ist kein Hotel, in dem es ums Schlemmen geht. Ganz im Gegenteil, hier bekommen Körper und Geist einen Energy-Booster und einen gesunden Neustart.

Das Besondere an dieser Institution ist, dass sie Hotel, Restaurant und Behandlungen in einem bietet. An keinem Ort lässt es sich gesünder leben. Entgiftung, Ernährung, Verdauung und nachhaltige Kräftigung des Immunsystems – hier bekommt man das volle Programm.

Insgesamt gibt es 3 Arztpraxen, ein Hotel mit 16 Zimmern und ein veganes Restaurant. Alle Leckerbissen werden rein pflanzlich und wo immer möglich in Bio-Qualität angeboten, frisch vor Ort gekocht mit besten Zutaten.
;9.249497676988582;47.3530963953513;Sonnenberg 16;9103;Schwellbrunn;+41 71 353 36 00;urs.roelli@biomed-sonnenberg.com;https://sonnenberg-schwellbrunn.com;[{'@type': 'ImageObject', 'contentUrl': 'https://ostpimtsoch.sos-ch-dk-2.exoscale-cdn.com/catalog/5/f/3/a/5f3adb62fbb70e1552653282dc44d0e65a8eedad_b19ca5a8cf4d5739c63f7a4ade593a92.jpg'}];2026-06-16T20:28:37+02:00
e3cc30c7-a2c8-4f8b-8e7e-5178605ae2b2;Haus Panorama B (Whg. Rupf);Haus Panorama B in Flumserberg Tannenheim bietet eine gemütliche 3-Zimmerwohnung mit 65 m2 für vier Personen. Zwei Balkone bieten Berg- und Talsicht, während die Wohnung über eine offene Küche und einen Garagenplatz verfügt.;Gemütliche 3 Zimmerwohnung mit 65m2 für vier Personen, mit zwei Balkons mit Berg- und Talsicht und schöner Aussicht auf die Churfirsten und bis Sargans. Die Wohnung ist im ersten Stock des Gebäudes, sie bietet zwei Schlafzimmer mit je zwei Betten, davon ein Etagenbett. Der grosse und helle Wohnraum mit offener Küche und Essbereich, bietet ein wunderbares Panorama. Die Wohnung verfügt über einen eigenen Garagenplatz.;9.304035902023317;47.089848555645915;Panoramastrasse 14;8897;Flumserberg Tannenheim;+41 79 383 16 21;c.rupf@gmx.ch;[{'@type': 'ImageObject', 'contentUrl': 'https://ostpimtsoch.sos-ch-dk-2.exoscale-cdn.com/catalog/5/8/c/8/58c8fc991191934f710a145bc667fb0db0d75f3c_2ed185db2e25f6d7f51b6a081c51eb16.jpeg'}];2026-09-09T20:56:47+02:00
e3f0de19-c010-48c3-bc32-c027c9985201;Ferienstudio «Altes Zollhaus»;Das Ferienstudio «Altes Zollhaus» liegt in Uttwil nur wenige Schritte vom Bodensee entfernt und erfreut Gäste mit Blick aufs Wasser. Der Ausgangspunkt für Ausflüge in die Bodenseeregion per Schiff, Kanu, Velo oder zu Fuss liegt direkt vor der Haustür.;Das «Altes Zollhaus» in Uttwil bietet eine gemütliche Unterkunft mit vielen Annehmlichkeiten. Gäste haben Zugang zu einem Autoabstellplatz sowie einer abschliessbaren Fahrradbox mit Stromanschluss. Der nahe gelegene Bahnhof ist bequem zu Fuss erreichbar.

Der Aussenbereich lädt mit einem einladenden Sitzplatz zum Verweilen ein, während das leckere Frühstück genossen wird. Das Studio ist eine Nichtraucherzone und verfügt über einen einfachen Check-in.

Die Gastgeber sind zwei humorvolle, offene und hilfsbereite Personen, die im selben Gebäude wohnen. Der separate Eingang über eine Aussenwendeltreppe führt direkt in die gemütliche und gut ausgestattete Wohnküche. Dort stehen ein Mikrowellengerät sowie eine Kapselkaffeemaschine mit einer Auswahl an Kapseln pro Übernachtungstag zur Verfügung. Es gibt auch eine Auswahl an Gewürzen, Tee, Essig und Öl.

Im Wohnbereich gibt es eine einladende Sitzecke. Das Schlafzimmer bietet zwei Betten (90x200), die zu einem Doppelbett zusammengestellt oder einzeln genutzt werden können. Es gibt ausreichend Stau- und Ablageflächen sowie Verdunklungsvorhänge und Insektengitter in allen Räumen.

Das Badezimmer verfügt über eine geräumige, begehbare Dusche, einen Spiegelschrank, einen Haartrockner, ein Lavabo und eine Toilette. Zur Unterhaltung stehen WLAN und ein Fernsehgerät zur Verfügung.

Es gelten gesetzliche Ruhezeiten, und die Unterkunft ist keine Partylocation. Haustiere sind nicht erlaubt.;9.343668099999999;47.58545205;Badgasse 2;8592;Uttwil;+41793840030;susanneguerra@bluewin.ch;https://ferienstudio-altes-zollhaus-uttwil.ch/;[{'@type': 'ImageObject', 'contentUrl': 'https://ostpimtsoch.sos-ch-dk-2.exoscale-cdn.com/catalog/0/a/9/2/0a92ceb0e2c6a743f9108cb6de47420ddd7f0f10_e723fc92defc66ad693995fe140db6a3.jpg'}];2026-04-01T22:32:43+02:00
e496d6b4-8b05-425f-9e37-e6b3877d2eff;Ferienwohnig ufem Berg;Herzlich willkommen hier bei uns ufem Berg! Geniessen Sie unsere gesunde Bergluft im wunderschönen Appenzellerland an ruhiger und sonniger Lage mit herrlicher Rundsicht: Alpstein mit Säntis, Vorarlberg, über den Bodensee nach Deutschland bis hin zum Schwarzwald. ;<p>Um unser Haus herum hat es viel Platz zum spielen. Verschiedene Freizeitm&ouml;glichkeiten in Herisau sind schnell erreichbar: wie Sportzentrum, grosser Spielplatz, Appenzellerpark mit einem der gr&ouml;ssten Bagger der Welt, sowie Kinderpardies Sedel. S&auml;ntispark, Stausee, Walter Zoo, Schauk&auml;serei und Museen in den Nachbargemeinden. St. Gallen, Bodensee, Appenzell und Alpstein sind in max. 30. Automin. erreichbar. In der heimeligen Dachwohnung befindet sich eine gem&uuml;tliche Kochnische mit neuem Wohnzimmer, ein neues Doppelzimmer mit Kinderbett, ein Doppelzimmer mit Blick zum S&auml;ntis, ein Zimmer mit Etagebett, sowie Dusche/WC. Verschiedene Raumh&ouml;hen durch Dachschr&auml;gen ab 195 cm. Gute Zufahrtsstrasse, 5 Autom. zum Zentrum, 10 Fussmin. zum Bus. <br>Wir freuen uns auf Ihren Besuch!<br><br>Preis: ab CHF 800 / Woche&nbsp;</p>;9.3130565;47.391884999999995;Ufem Berg 2180;9100;Herisau;+41 43 210 56 81;signer.ufemberg@gmx.ch;[{'@type': 'ImageObject', 'contentUrl': 'https://ostpimtsoch.sos-ch-dk-2.exoscale-cdn.com/catalog/8/f/e/8/8fe805da53607d9bc75fcf76f25bfa9052b5d99b_4a64ad3a86a697413d3bbdc082ee3071.jpg'}];2025-08-01T00:55:55+02:00
e5727b86-a2f5-48bb-8ab6-6475a8c69df3;Nity's Homestay im Klettgau;Privatzimmer für bis zu 6 Personen (ab CHF 45.00/Person pro Nacht);Freuen Sie sich auf einen Aufenthalt in meinem gemütlichen, ruhig gelegenen Wohnhaus im Herzen Klettgaus. Ob Familien, Paare oder Alleinreisende, alle sind herzlich willkommen in meinem Homestay in Neunkirch.

-Das Haus bietet im obersten Stock ein sehr grosses, helles Zimmer mit eigenem Badezimmer und ist geeignet für bis zu 4 Personen
-Zusätzlich befindet sich im 2. Stock ein zweites Schlafzimmer für 2 Personen mit einem Doppelbett und geteiltem Badezimmer
Der Wohnraum sowie der Gartensitzplatz dienen zur Mitbenutzung und bieten viel Platz zum Entspannen und Wohlfühlen.
Benutzen Sie ausserdem meine Küche mit Grundausstattung zum selber Kochen. Auf Anfrage verwöhne ich Sie auch gerne mit einem feinen Thaiessen :-)

Zusätzlich:
-Parkplatz vor dem Haus
-WLAN
-Kostenfreier Kaffee und Tee
-Badetücher
-Duschmittel und Shampoo
-Haartrockner
-Frühstück auf Anfrage

Zum Standort:
-10 Gehminuten zum Bahnhof und Supermarkt
-15 Minuten mit dem Auto nach Schaffhausen, 10 Minuten mit dem Zug
-15 Minuten mit dem Auto zum Rheinfall in Neuhausen
-35 Autominuten vom Flughafen Zürich Kloten entfernt
Die Umgebung bietet darüber hinaus sehr schöne Wanderwege und Radfahrstrecken in den Weinbergen des Klettgaus.

Bei Anfragen dürfen Sie mich gerne direkt oder über Airbnb kontaktieren. Auf Ihren Besuch in meinem Homestay freue ich mich.;8.4917987;47.686429;Gigebuck 11;8213;Neunkirch;+41796623771;nitaya.werner@hotmail.com;https://www.airbnb.ch/rooms/43977386?locale=de&_set_bev_on_new_domain=1648835964_YjIwYzgzNzZlYThh&source_impression_id=p3_1648839949_kenuMcn0w%2FuN9Bxg;[{'@type': 'ImageObject', 'contentUrl': 'https://ostpimtsoch.sos-ch-dk-2.exoscale-cdn.com/catalog/1/1/e/6/11e6fc4271485e656d24d38807abcdb49b54bfba_b9e1747185f974198949ebbc4dde8756.jpg'}];2025-03-31T18:47:47+02:00
e6532349-7431-4f52-8a2d-9c2ab47e3eba;Ski- und Clubhaus Pfungen;Das Ski- und Clubhaus Pfungen ist ein gemütliches Haus für Familien, Vereine, Schulen und Gruppen bis 30 Personen.;<p>Das Haus befindet sich im Toggenburg auf 1050 m ü. M., in einem schönen Ski- und Wandergebiet, direkt an der Skipiste des Skilifts Tanzboden, mit Blick auf das Säntis-Massiv. Seit 1948 dient es dem Ski-Club Pfungen als Vereinshaus.  <br>Der gemütliche Aufenthalts- und Speiseraum bietet Platz für etwa 20 Personen.  <br>Die Küche ist praktisch eingerichtet und gross.  <br>Im Keller sind genügend Abstell- und Lagermöglichkeiten vorhanden.  <br>Schöne, gemütliche Schlafräume in verschiedenen Grössen:  <br>1 × 6er-Zimmer (Kajütbetten)  <br>1 × 8er-Zimmer (Kajütbetten und Massenlager)  <br>1 × 12er-Massenlager  <br>1 × Leiterstübli (4er-Zimmer) mit Tisch und Stühlen, 2 Kajütbetten und 2 Einzelbetten  <br>Waschräume: je einer für Damen und Herren.  <br>WC: je 2 für Damen und Herren.  <br>Dusche: je eine für Damen und Herren.</p>;9.11277;47.24676;Stangen 1050;9642;Ebnat-Kappel;052 222 22 02;info@sc-pfungen.ch;https://www.sc-pfungen.ch/;[{'@type': 'ImageObject', 'contentUrl': 'https://ostpimtsoch.sos-ch-dk-2.exoscale-cdn.com/catalog/0/a/6/e/0a6e76abd084afff2db6c707cd55b880216df5e7_9c03c9c570347b84b1ffcea7e4d749f4.jpg'}];2026-03-12T19:36:32+01:00
e739d7fa-a384-4771-b4c7-f3260ff2835b;Auberge Adler, Fläsch;Die Auberge Adler in Fläsch bietet vier stilvoll eingerichtete Doppelzimmer mit Blick auf das Weinbaudorf. Das Gourmetrestaurant serviert hausgemachte und regionale Köstlichkeiten. Zahlreiche Aktivitäten sind in wenigen Minuten erreichbar.;Die Auberge Adler befindet sich mitten im Weindorf Fläsch. In Fläsch geniessen Sie die Ruhe und den Charme des idyllischen Weinbaudorfs.
Im Gästehaus befindet sich das Gourmetrestaurant Adler. Zahlreiche Aktivitäten wie die Tamina Therme, das Skigebiet Pizol und das Fashion-Outlet Landquart befinden sich nur wenige Fahrminuten entfernt.

Gästezimmer
Die harmonische Kombination aus historisch und modern verleiht jedem Zimmer seinen eigenen Charme. In unserer Auberge erwarten Sie, vier stilvoll eingerichtete Doppelzimmer mit Blick ins Weinbauerndorf Fläsch. Jedes Zimmer verfügt über ein Badezimmer mit Dusche und WC.

Restaurant Adler
In unserem Gourmetrestaurant Adler servieren wir hausgemachte und regionale Köstlichkeiten, welche direkt von Siggi Tschurtschenthaler und seinem Team zubereitet werden. Ein Hauch Südtirol - die Heimat von Siggi -  darf bei den Kreationen aus der Gourmetküche nicht fehlen.;9.51325681496726;47.02653735;Krüzgass 2;7306;Fläsch;+41 81 302 61 64;info@adlerflaesch.ch;https://www.adlerflaesch.ch/gaestezimmer.html;[{'@type': 'ImageObject', 'contentUrl': 'https://ostpimtsoch.sos-ch-dk-2.exoscale-cdn.com/catalog/6/f/0/e/6f0ec1dd0079d3c16ac06b5d0723564ef25cc8eb_b99dfa5ebdfd9837ee2b492ce27f9fd7.jpg'}];2026-02-20T21:33:56+01:00
e744b447-4b90-4651-b059-05d2f642bb12;TCS Camping Flaach am Rhein;Am Morgen ein Bad im Fluss und am Abend ein Lagerfeuer am Ufer – auf dem TCS Camping Flaach gehört der Rhein dazu. ;<p>Es gibt 1000 Gelegenheiten, den Aufenthalt zu geniessen. Der Camping liegt direkt am Ufer des Rheins, eingebettet im Naturschutzgebiet &laquo;Thurauen&raquo;. Parzellen: teils im Wald, teils auf der Wiese oder am Wasser. Breites Angebot an Miet- und Glamping-Unterk&uuml;nften. Grosses Schwimmbad. Distanzen: Flughafen Z&uuml;rich 20 km, Winterthur 15km.</p>;8.582056047531779;47.57913725;Schönebueche 20;8416;Flaach;+41 52 318 14 13;camping.flaach@tcs.ch;https://www.tcs.ch/de/camping-reisen/camping/alle-campingplaetze/camping-flaach-am-rhein.php;[{'@type': 'ImageObject', 'contentUrl': 'https://ostpimtsoch.sos-ch-dk-2.exoscale-cdn.com/catalog/3/4/0/c/340cf9a4c79aefc42b518747b181a2301d9ad5fb_89960ae147f3022d9e2cb88a6cce1778.jpg'}];2025-12-08T19:16:22+01:00
e790b2f1-52ba-4b73-88ac-7f70df84cc60;Radisson Blu Hotel St.Gallen;Das Radisson Blu Hotel St. Gallen verbindet zentrale Lage gegenüber der OLMA mit komfortablen Zimmern, Restaurant, Hotelbar und der Nähe zur St. Galler Altstadt sowie zum Appenzellerland.;<p data-start="217" data-end="476">Nur wenige Minuten von der historischen Altstadt entfernt und direkt gegen&uuml;ber dem OLMA Messegel&auml;nde gelegen, ist das Radisson Blu Hotel St.Gallen ein idealer Ausgangspunkt f&uuml;r Gesch&auml;ftsreisen, St&auml;dteurlaube und Ausfl&uuml;ge in die Ostschweiz.</p><p data-start="478" data-end="742">Das Hotel verf&uuml;gt &uuml;ber 123 Zimmer und Suiten sowie moderne Seminar und Veranstaltungsr&auml;ume. Im hoteleigenen Restaurant geniessen G&auml;ste saisonale Gerichte, w&auml;hrend die Hotelbar zum entspannten Ausklang des Tages einl&auml;dt. Zus&auml;tzlich befindet sich ein Casino im Haus.</p><p data-start="744" data-end="1039" data-is-last-node="" data-is-only-node="">Dank der zentralen Lage erreichen G&auml;ste die St.Galler Altstadt, den Stiftsbezirk UNESCO Weltkulturerbe sowie zahlreiche kulturelle Sehensw&uuml;rdigkeiten bequem. Auch das Appenzellerland und der Bodensee sind schnell erreichbar und bieten vielf&auml;ltige M&ouml;glichkeiten f&uuml;r Natur und Freizeiterlebnisse.</p>;9.3804123;47.4310891;Sankt Jakob-Strasse 55;9000;St.Gallen;+41 71 242 12 12;info.stgallen@radissonblu.com;https://www.radissonhotels.com/de-de/hotels/radisson-blu-st-gallen;[{'@type': 'ImageObject', 'contentUrl': 'https://ostpimtsoch.sos-ch-dk-2.exoscale-cdn.com/catalog/7/e/5/8/7e58842fc8c4cf8a0492de160e9d18bbe3927377_e592dd8300a2e50f9d00addac24137df.jpg'}];2026-06-16T20:28:37+02:00
e7f68b90-1030-46b3-8d67-595b841ca2af;Haus Alpina (CharmingStay);Das Haus Alpina in Tannenboden Dorf bietet eine 2,5-Zimmerwohnung mit Balkon und Blick auf das Skigebiet. Die Bergbahnen sind nur drei Gehminuten entfernt. Kostenlose Parkplätze und Garagen sind verfügbar.;Das Haus Alpina liegt in Tannenboden Dorf an Top-Lage. Die Bergbahnen sind nur ca. 3 Gehminuten entfernt. Die Wohnung verfügt über eine wunderschöne Aussicht auf das Skigebiet und das Bergpanorama. Aussenparkplätze und Garagen stehen kostenlos zur Verfügung.

Details zur Ferienwohnung
- 1x 2.5-Zimmerwohnung im zweiten Stock

Die Wohnung verfügt über ein offenes, geräumiges und gemütliches Wohnzimmer mit Sofa und Flachbild-TV. Die Küche bietet Herd, Backofen, Kühlschrank, Geschirrspüler, Toaster, Kaffeemaschine, Wasserkocher, Fondue- und Raclette-Set. Die Ferienwohnung verfügt ebenfalls über einen Balkon.;9.283183944204325;47.0941143;Tannenboden;8898;Flumserberg Tannenbodenalp;+41 79 504 90 45;contact@charmingstay.ch;https://www.charmingstay.ch;[{'@type': 'ImageObject', 'contentUrl': 'https://ostpimtsoch.sos-ch-dk-2.exoscale-cdn.com/catalog/c/5/8/4/c5845845009e4086155bd38e005e0a98e2cdbe76_451177125dc04a5f6521da85d943ae22.jpeg'}];2026-01-19T22:42:57+01:00
e8413db3-b66e-4a82-b398-1f769f8759c3;Appartementhaus Quadern (5 Wohnungen);Das Appartementhaus Quadern liegt im Zentrum von Valens, nahe der Reha-Klinik. Die ruhige Lage und die Nähe zu Einkaufsmöglichkeiten und Postautohaltestellen machen es zu einem idealen Ausgangspunkt für Ausflüge in die umliegende Bergwelt.;<p>Das Appartementhaus Quadern befindet sich im Dorfzentrum von Valens, in unmittelbarer N&auml;he zur Reha-Klinik. Das ruhig gelegene Mehrfamilienhaus verf&uuml;gt &uuml;ber eine grossz&uuml;gige Umgebung. Die Ferienwohnungen sind im Geb&auml;ude mit 32-Eigentumswohnungen integriert. Wenige Schritte vom Haus entfernt befinden sich Einkaufsm&ouml;glichkeiten sowie Postautohaltestellen. Durch die hervorragende Erreichbarkeit ab Bad Ragaz &uuml;ber die gr&ouml;sste Bogenbr&uuml;cke der Schweiz ist Valens zu jeder Jahreszeit attraktiv. Umgeben von beeindruckender Bergwelt erholen Sie sich am Ausgangspunkt f&uuml;r Ausfl&uuml;ge zum Wandern, Biken, Schwimmen und vielem mehr. Details der einzelnen Ferienwohnungen - 1 x 1.-Zimmerwohnung im Dachgeschoss (B302) - 1 x 2.5-Zimmerwohnungen im Erdgeschoss (A001) - 1 x 2.5-Zimmerwohnung im 1. Obergeschoss (A102) - 2 x 2.5-Zimmerwohnung im 2. Obergeschoss (B201 &amp; B202) Die Wohnungen verf&uuml;gen alle &uuml;ber einen ger&auml;umigen und gem&uuml;tlichen Wohnraum und offene Einbauk&uuml;che. Badezimmer mit Dusche oder Badewanne, WC, Lavabo, Waschmaschine. Grosser Balkon mit Liegest&uuml;hlen und Tisch mit St&uuml;hlen.</p>;9.482333064079286;46.970758714037245;Quadernstrasse 1A/1B;7317;Valens;+41 81 911 30 34;info@i-s-p.ch;https://www.appartementhaus-quadern.ch/;[{'@type': 'ImageObject', 'contentUrl': 'https://ostpimtsoch.sos-ch-dk-2.exoscale-cdn.com/catalog/4/b/0/1/4b01b827b53dedf6a78874a453bc45e7145c8e6c_73961fe3106fb753ddc7f23e6d52c5a6.jpg'}];2026-05-13T21:42:58+02:00
e8bb12a6-ccf9-4e6c-8f94-65fe1fa0fb8e;adfontes Ferien- & Wellnessappartements ;Die adfontes Ferien- & Wellnessappartements in Bad Ragaz bieten eine ruhige Lage mit Garten für naturnahe Entspannung. Ideal für Ferien, Kuraufenthalte oder Wochenenden mit Wellnessmöglichkeiten.;Ein Resort wird zum Zuhause für Geniesser. Unsere DreamLocations sind liebevoll eingerichtet und bieten unseren Gästen für Ferien, für einen Kuraufenthalt nach Operationen oder einfach einen Wochenendaufenthalt mit allen Möglichkeiten für Wellness und Anwendungen ein Zuhause in bezaubernder Atmosphäre. Die herrlich ruhige Lage und ein Garten zum Träumen für naturnahe Entspannung.

In unserem Orangerie Relaxingroom, umgeben von schützenden Bäumen gelingt es Ihnen den Alltag hinter sich zu lassen und ein herrliches Freizeitfeeling zu entwickeln.;9.504106681372097;47.0062851;Kirchgasse 16;7310;Bad Ragaz;+41 81 302 40 10;info@adfontes-wellness.ch;http://www.adfontes-wellness.ch/;[{'@type': 'ImageObject', 'contentUrl': 'https://ostpimtsoch.sos-ch-dk-2.exoscale-cdn.com/catalog/4/0/a/3/40a3b14511c00c5f556e61ff7334128bf3ffddc9_d1278ec1ff241d6071670fc82fcef835.jpg'}];2026-01-19T22:42:57+01:00
e8fb9d91-185f-494d-9070-c4ac2e9d1c70;Mehrzweckgebäude Bovel;Das Mehrzweckgebäude Bovel in Pfäfers bietet Platz für Gruppen bis zu 40 Personen. Es liegt am Dorfrand und verfügt über Küche, Aufenthaltsraum, Duschen und WC. Preis auf Anfrage.;Die Gruppenunterkunft Bovel in Pfäfers ist geeignet für Lager oder gruppen von 6 bis zu 40 Personen. Geeignet auch für Vereine, Familien und Guppen.Sie liegt unmittelbar am Dorfrand von Pfäfers und verfügt über Küche, Aufenthaltsraum, Duschen und WC. Verschiedene stockwerke mit Schlafräumen 4x 4er Zimmer und 2x 12ers Zimmer Preis auf Anfrage.;9.497092093410085;46.98761748368809;Hintergasse;7312;Pfäfers;+41 81 300 42 42;info@pfaefers.ch;http://www.pfaefers.ch;[{'@type': 'ImageObject', 'contentUrl': 'https://ostpimtsoch.sos-ch-dk-2.exoscale-cdn.com/catalog/d/1/9/0/d190f318c75b391824795318e6626305e360db95_8fb35d74052dc2fb3ba74dbfa10fa8ee.jpg'}];2026-04-01T21:21:47+02:00
e923a722-8594-41ef-8a45-9caae54cec17;Gasthaus Schupfen;Ein echter Geheimtipp am Rhein ist das Gasthaus Schupfen. Hier begegnen sich Kulinarik, Genuss und die schöne Thurgauer Landschaft.;Erstklassige, gartenfrische und naturbelassene Küchengenüsse erwarten den Feinschmecker im Restaurant Schupfen. Der Schupfen ist ein Anwesen mit über 650-jähriger Geschichte. Im zauberhaften Ambiente, direkt am Rheinufer geniesst man frische, am Lauf der Jahreszeiten orientierte Spezialitäten aus regionaler Herkunft. Den Ausblick und den Augenblick geniessen, essen, trinken und glücklich sein in naturnaher Atmosphäre.;8.7854282;47.6752685;Steinerstrasse 501;8253;Diessenhofen;+41 52 657 10 42;info@schupfen.ch;http://schupfen.ch/;[{'@type': 'ImageObject', 'contentUrl': 'https://ostpimtsoch.sos-ch-dk-2.exoscale-cdn.com/catalog/3/e/d/0/3ed01c42987d145cd440c115e93cc1b6cc82a41f_793bc3ba05ca815cc34c6dfc367aef68.jpg'}];2026-02-16T23:41:18+01:00
e983fa05-c7a7-4ccd-91e7-9037bcfabe24;Gruppenunterkunft Berghaus Pfadiheim Sunnebode Tannenheim Flumserberg;Das Pfadiheim Sunnebode liegt im Erholungsgebiet der Flumserberge auf 1200 m ü.M. Es bietet eine ruhige, verkehrsfreie Umgebung mit Blick auf das Seeztal und die Churfirsten. Ideal für Gruppen bis 35 Personen.;Das Pfadiheim Sunnebode liegt im schönen Erholungsgebiet der Flumserberge 1200 Meter über Meer. Es ist ruhig und in verkehrsfreier Umgebung gelegen, mit wunderschöner Aussicht ins Seeztal und die benachbarten Churfirsten. Das Haus wurde 1995 renoviert und umgebaut.

Ideal für Weekends und Lager. Maximum 35 Personen.;9.296868060775422;47.0941181;Tschudiwiesenstrasse 33;8897;Flumserberg Tannenheim;+41 44 760 33 60;pfadiheime@gloggi.onmicrosoft.com;https://www.heimverein-gloggi.ch/sunnebode/;[{'@type': 'ImageObject', 'contentUrl': 'https://ostpimtsoch.sos-ch-dk-2.exoscale-cdn.com/catalog/d/c/e/6/dce6df504b3501643d8bdcc0278d958cca1f8393_63a4fce2ba3f1055c845dbc46e4a783a.jpg'}];2026-07-21T20:38:30+02:00
ea5e2c37-de76-446c-a852-e49a20a8ef09;BnB Alpenblick;Erholsame Tage in ländlicher Umgebung.;<p>Im 10 km von Wil entfernten L&uuml;tisburg bietet Ihnen das BnB Alpenblick eine sch&ouml;ne Sonnenterrasse sowie einen h&uuml;bschen Garten. Das WLAN im gesamten Geb&auml;ude und die Privatparkpl&auml;tze am Haus nutzen Sie kostenfrei. Die Zimmer verf&uuml;gen &uuml;ber einen Sitzbereich mit einem Flachbild-Kabel-TV. Geniessen Sie das reichhaltige, leckere Fr&uuml;hst&uuml;ck mit nat&uuml;rlichen Produkten. Das n&auml;chste Restaurant und ein Lebensmittelgesch&auml;ft befinden sich 600 m entfernt. St. Gallen erreichen Sie mit dem Auto nach 30 Minuten. Der Bahnhof L&uuml;tisburg befindet sich 2,5 km und die Bushaltestelle 200 m von der Unterkunft entfernt. Infrastruktur f&uuml;r Zweir&auml;der: - Steckdose f&uuml;r Ladeger&auml;t E-Bike - Veloraum.</p><p>&nbsp;</p><p><span data-teams="true">Auskunft zur Zug&auml;nglichkeit: <a id="menurdvq" class="fui-Link ___1q1shib f2hkw1w f3rmtva f1ewtqcl fyind8e f1k6fduh f1w7gpdv fk6fouc fjoy568 figsok6 f1s184ao f1mk8lai fnbmjn9 f1o700av f13mvf36 f1cmlufx f9n3di6 f1ids18y f1tx3yz7 f1deo86v f1eh06m1 f1iescvh fhgqx19 f1olyrje f1p93eir f1nev41a f1h8hb77 f1lqvz6u f10aw75t fsle3fq f17ae5zn" href="https://www.ginto.guide/entries/1f506cf9-0416-433e-b973-06be0699591c?lnk_src=business" target="_blank" rel="noopener" aria-label="Link OK:GO">ginto</a></span></p>;9.084014;47.397894;Speerstrasse 4;9604;Lütisburg;079 272 52 64;maya.guillebeau@bluewin.ch;https://bnb-alpenblick.business.site;[{'@type': 'ImageObject', 'contentUrl': 'https://ostpimtsoch.sos-ch-dk-2.exoscale-cdn.com/catalog/3/4/d/3/34d36ea25fe0a1c6a15b3508e4ab7e2943e80174_a45b2dd358a59981c57f8fe868596f23.jpg'}];2026-04-17T19:38:39+02:00
ea8461e0-2e7c-44ef-bbf0-292005dc155d;WeinFassHotel Rüedi;In unserem WeinFassHotel begrüssen wir die Gäste mit einem Grüezi und lassen sie den Alltag vergessen. Die umliegenden Weinberge mit den pittoresken Dörfern laden zu ausgiebigen Wanderungen und Biketouren ein. Ein Glas Wein aus dem eigenen Rebberg gehört natürlich zum Aufenthalt.;Wir bieten als weltweit einziges Hotel, den Gästen die Möglichkeit, in uralten Eichenfässern, in einem unseren neuen Hotel-Fasszimmer mit moderner Einrichtung zu übernachten, oder in unsere stylischen Räbhüüsli (Bungalow) zu geniessen.
 Eines davon als Badhüüsli mit Whirlpool. Entspannung ist hier unumgänglich!
Tagsüber ist ein Besuch am Rheinfall, der Altstadt von Schaffhausen oder eine Rheinfahrt nach Stein am Rhein schon fast ein Muss. Ob zu Fuss, oder mit dem E-Bike, es darf auch ein normales Fahrrad sein, die zahlreichen ausgeschilderten Routen bieten eine Vielzahl von Möglichkeiten die Regio zu erkunden. So haben unser Gäste den nötigen Appetit, um in den umliegenden Restaurants sich die regionalen Köstlichkeiten zu geniessen. Und dazu natürlich ein hiesiges Glas Wein!;8.429759930854129;47.667436699999996;Zinggen 1;8219;Trasadingen;+41795989221;info@rueedi-ferien.ch;http://www.rueedi-ferien.ch/;[{'@type': 'ImageObject', 'contentUrl': 'https://ostpimtsoch.sos-ch-dk-2.exoscale-cdn.com/catalog/b/9/2/f/b92ff174abe3b682463057b3a625c97dbda5936b_676e9d1c7cd5290b6ed959375a66e359.jpg'}];2025-11-05T19:03:25+01:00
eb134a6f-b4ec-4e72-8150-0eb788c59b92;Haus MiLu;Die schöne Mansarden-Ferienwohnung liegt zentral in einem ruhigen Einfamilienhausquartier in Arbon. Zu Fuss ist der See, die Altstadt, Museen und Einkaufmöglichkeiten leicht zu erreichen.;Die Gäste bewohnen die gemütliche Mansarden-Wohnung im Dachgeschoss mit separatem Eingang. Die Wohnung verfügt über einen hellen Wohnbereich mit Alpsteinblick, gratis WLAN, einem Fernseher mit Videogerät, einer offenen, gut ausgestatteten Küche mit Essbereich, zwei grosszügige Schlafzimmer für insgesamt 2 bis 4 Personen mit separatem Waschbecken und Dusche/WC. 

Zusätzlich ist ein kleiner Balkon (Raucher) im Treppenhaus und der Vorgartensitzplatz für die Gäste reserviert. Es steht ein Parkplatz und Veloabstellplatz zur Verfügung.

Neu ab Mai 2024: Ladestation für E-Autos und E-Bikes direkt beim Haus.;9.422192571869228;47.51663565611983;Alpsteinstrasse 3;9320;Arbon;+41795847204;miriam.federici@sunrise.ch;https://www.hausmilu.ch/;[{'@type': 'ImageObject', 'contentUrl': 'https://ostpimtsoch.sos-ch-dk-2.exoscale-cdn.com/catalog/a/a/9/1/aa912323fdcd50766c22417a458a807b130b3ffb_09e627308c46e77af1e30561edf45ae5.png'}];2026-02-25T23:32:37+01:00
eb2f2db0-26ee-4a03-879b-378208c5b93f;Chalet Windegg (CharmingStay);Das Chalet Windegg (CharmingStay) liegt zentral in Flumserberg Tannenheim. In unmittelbarer Nähe befinden sich Skipisten, Wander- und Bikegebiete sowie ein Hallenbad. Die moderne Wohnung bietet Komfort für Paare, Familien und Singles.;Die schöne Wohnung befindet sich im Zentrum vom Tannenheim, Flumserberg. In unmittelbarer Nähe befindet sich die Ski- und Schlittelpiste sowie im Sommer ein wunderschöne Wander- und Bikegebiet. Ebenfalls ist das Hallenbad direkt neben der Wohnung. ;9.29743552673245;47.0909726;Tobelbachstr. 7;8897;Flumserberg Tannenheim;+41 79 504 90 45;contact@charmingstay.ch;https://www.charmingstay.ch;[{'@type': 'ImageObject', 'contentUrl': 'https://ostpimtsoch.sos-ch-dk-2.exoscale-cdn.com/catalog/6/8/9/9/6899539bc00900dd681b518a1915604f8b787f8b_56d10176412470a13798a78a9f6d0c9e.jpg'}];2026-01-19T22:42:57+01:00
ec2ef367-c896-4274-85c0-da8ba5436b2c;Mehrzweckgebäude Allmend;Das Mehrzweckgebäude Allmend in Bad Ragaz bietet Platz für Ferienlager und Veranstaltungen. Es verfügt über einen Saal mit Bühne und Bestuhlung für bis zu 350 Personen. Ideal für Gruppenunterkünfte und Vereinsanlässe.;Zentral gelegene Unterkunft für Ferienlager und Militär bis 140 Personen. Saal mit Bühne, Festbestuhlung 250 Personen, Konzertbestuhlung 330 Personen. Gut geeignet für Vereinsanlässe. Preis auf Anfrage.;9.503838694536727;47.00347755;Fläscherstrasse 10;7310;Bad Ragaz;+41 81 303 49 61;ivana.gasic@badragaz.ch;[{'@type': 'ImageObject', 'contentUrl': 'https://ostpimtsoch.sos-ch-dk-2.exoscale-cdn.com/catalog/3/b/0/2/3b02f3fcf12e9c9babdee82bf7e51fc4707d9c6c_37129ef987e565cb1051cfe1942a9919.jpg'}];2025-09-08T20:25:34+02:00
eca22aae-f891-40b3-bc58-78c7868285ee;Chrüterhütte;Die Chrüterhütte auf 1400 m bietet eine einfache Unterkunft mitten auf der Skipiste im Winter und auf der Alpweide im Sommer. Sie ist renoviert und zu einem günstigen Preis mietbar.;Unsere Clubhütte liegt auf 1400 m und diente früher als Maiensäss. Sie befindet sich mitten in einer Skipiste oder im Sommer auf einer Alpweide. Sie kann heute zu einem sehr günstigen Preis gemietet werden. Die Clubhütte wurde im Sommer 2010 renoviert und präsentiert sich wieder in einem heimeligen und hervorragenden Zustand. Die Hütte ist mit dem Auto oder mit den öffentlichen Verkehrsmitteln, das heisst mit dem Postauto ab Flums oder mit der Luftseilbahn ab Unterterzen, erreichbar. Die letzten 200 m zur Chrüterhütte werden dann zu Fuss zurückgelegt.

Das Clubhaus ist einfach eingerichtet, wurde im Sommer 2010 renoviert und präsentiert sich wieder in einem heimeligen und fantastischen Zustand.;9.283576011657717;47.091046284227026;Tannenboden;8898;Flumserberg Tannenbodenalp;+41 79 210 68 81;chrueterhuette@skiclub-flumserberg.ch;https://skiclub-flumserberg.ch/chrueterhuette/;[{'@type': 'ImageObject', 'contentUrl': 'https://ostpimtsoch.sos-ch-dk-2.exoscale-cdn.com/catalog/7/1/7/1/71711ef2950a7580d78f7f4b89a2303feb8c7911_06d02c934950d48df5f32d1b83ad8319.jpg'}];2026-01-19T22:29:02+01:00
ecac38be-681f-436e-a613-bebbeafe92d1;Skihaus Sunneschy;Das Skihaus Sunneschy in Flumserberg Tannenheim bietet Platz für 10 bis 20 Personen. Es verfügt über vier Mehrbettzimmer, eine Küche, einen Ess- und Aufenthaltsraum sowie eine grosse Spielwiese. Ideal für Familien und Gruppen.;Unser «Skihaus Sunneschy» liegt im Tannenheim rechts an der Strasse von Flums nach Flumserberg gegenüber dem Feuerwehrdepot Mätzwiese. 5 Minuten zu Fuss bis ins Tannenheim: Bergbahn Prodalp-Express, Aparthotel Edy Bruggmann, sonderBar, Postautohaltestelle, Sportshop. Ideal ab 10 bis 20 Personen. Es bietet 4 Mehrbettzimmer mit insgesamt 25 Liegeplätzen. Für grössere Gruppen kann das Massenlager mit total 22 Plätzen und zwei Doppelzimmer (für das Leiter-/Küchenteam) dazu gemietet werden. Ausstattungen - Küche - schöner Ess- und Aufenthaltsraum - Büro / kleiner Wohnraum - 4 Zimmer (5er, 6er, 2 x 7er) - 2 Waschräume - 2 Duschen, 2 WC’s, 1 Pissoir - Garderobenraum - Skiraum - Keller mit Waschmaschine und kleinem Tumbler - grosse Spielwiese. - Massenlager und 2 Doppelzimmer – optional bei grossen Gruppen;9.304622161604218;47.0913418;Flumserbergstrasse 120;8897;Flumserberg Tannenheim;+41 78 719 78 78;sunneschy@hotelbruggmann.ch;http://www.hotelbruggmann.ch/index.php/sunneschy;[{'@type': 'ImageObject', 'contentUrl': 'https://ostpimtsoch.sos-ch-dk-2.exoscale-cdn.com/catalog/a/b/f/3/abf3c3b963c291feee26bd95c51844fe1a1e03e5_99c73ca85e9a8f95d9733f89ef3cd447.png'}];2026-07-21T20:38:30+02:00
ed8bdc8f-ad53-4f7e-ac67-67a7181c09ea;Gruppenunterkunft Berghaus Pfadiheim Parmort Mädris – Vermol bei Mels;Die Gruppenunterkunft Berghaus Pfadiheim Parmort liegt auf der Alp Hochschwendi bei Mels auf 1300 m ü.M. Sie bietet ideale Bedingungen für Lager und Wochenenden, mit Möglichkeiten zum Wandern und Skifahren.;Die Gruppenunterkunft im Berghaus Pfadiheim Parmort liegt auf der Alp Hochschwendi ob  Mädris – Vermol bei Mels Kanton St. Gallen auf 1300 Meter über Meer. Nähe vom Naturschutzgebietes «Chapfensee» in der freien Natur.

Das Haus eignet sich sehr gut für Lager und Weekends aller Art. Im Sommer lädt die vielfältige Umgebung zu Wanderungen, Naturbeobachtungen und zum Baden ein. Im Winter zu Schneeschuhwandern, Ski- und Snowboardtouren, abseits von Bahnen und Liften.;9.36146240008042;47.04816735;Alp Hochschwendi;8886;Mädris – Vermol bei Mels;+41 44 760 33 60;pfadiheime@gloggi.onmicrosoft.com;https://www.heimverein-gloggi.ch/parmort/;[{'@type': 'ImageObject', 'contentUrl': 'https://ostpimtsoch.sos-ch-dk-2.exoscale-cdn.com/catalog/a/c/f/2/acf2084d96bc2f4be304544c8a400161ecc917e0_be646d5c7e9d03fe8832be676fa96f28.jpeg'}];2026-07-21T20:38:30+02:00
ee762de0-c014-4836-820f-6213b604b2db;Ferienhaus Margess;Das Ferienhaus Margess auf dem Flumserberg bietet eine ruhige Gruppenunterkunft mit 16 Zimmern und einem Massenlager für 20 Personen. Es ist ideal für Lager von 30 bis 60 Personen und bietet eine prächtige Aussicht.;Chalet mit prächtiger Aussicht, alleinstehend. 

Zufahrt möglich mit Postauto, Car, PW. Ein grosser Parkplatz steht beim Haus zur Verfügung.

16 Zimmer und im 3. Stock 20 Plätze im Massenlager. Kalt- und Warmwasser im Zimmer, Etagendusche, Zentralheizung, Elektrogasküche. Speisesaal, Spielwiese und Grill befinden sich in der Unterkunft. 

Geeignet für Lager von 30 bis 60 Personen. Selbstkocher. Preise auf Anfrage.;9.330278635025026;47.08133048632599;Margess;8895;Flumserberg Portels;+41 81 733 27 51;eberleglb@bluewin.ch;http://www.margess.ch;[{'@type': 'ImageObject', 'contentUrl': 'https://ostpimtsoch.sos-ch-dk-2.exoscale-cdn.com/catalog/b/8/7/4/b8746b2f078bcc7b5468a8146fca2517c08deeac_ea399d1eb2c1d3397ecc2671d933a3fb.jpg'}];2025-07-01T20:17:39+02:00
f0ec8dab-eda6-4197-8952-79392bb75001;Bed & Breakfast Rosenstrasse;Das Bed & Breakfast Rosenstrasse ist eine ruhige, schön eingerichtete Unterkunft. Eingebettet in einen Garten liegt sie zentral im schmucken Thurgauer Städtchen Weinfelden. Zum Bahnhof sind’s nur fünf Minuten zu Fuss.;Im Herzen des Thurgaus, am Fusse des Ottenbergs, liegt Weinfelden. Wie der Name schon sagt, wird hier Wein produziert – sehr guter noch dazu. Das Städtchen mit seinen vielen Riegelhäusern ist klein und süss und guter Ausgangspunkt in alle Richtungen des Thurgaus. Das Bed & Breakfast «Rosenstrasse» bietet zwei liebevoll eingerichtete Zimmer an ruhiger, zentraler Lage mit separatem Eingang, wo ein kleines Biotop mit Sitzplatz grüsst. Die Wohnung verfügt über eine kleine Küchenzeile ohne Herd. Toilette und Dusche werden gemeinschaftlich genutzt. Ins Dorfzentrum oder an den Bahnhof sind es nur 5 Minuten zu Fuss. Ab hier startet auch der Weinfelder Weinweg, der den Weinbau und die edlen Tropfen der Region aus einem Weinsafe erlebbar macht. In 40 Minuten ist der Flughafen Zürich mit dem Zug erreichbar. An den Bodensee oder ins Deutsche Konstanz geht’s in 20 Minuten ab Weinfelden.;9.1097205;47.5635809;Rosenstrasse 6;8570;Weinfelden;+41 78 640 63 03;rosenstrasse.bnb@gmail.com;[{'@type': 'ImageObject', 'contentUrl': 'https://ostpimtsoch.sos-ch-dk-2.exoscale-cdn.com/catalog/3/5/e/8/35e8d638bdad9ab71869c1b5a84ad4bcfee9def3_551f0e1a2a1af6dce5fdd3a45589015f.jpg'}];2025-02-17T13:17:13+01:00
f344071a-a284-4661-b92f-08e14dbaa57d;Stellplatz Feuerwehrdepot Pfäfers;Der Stellplatz beim Feuerwehrdepot Pfäfers bietet eine ruhige Lage am Dorfrand, ideal für Naturfreunde. In der Nähe befinden sich die Taminabrücke und Wanderwege zur Taminaschlucht und zum Alten Bad Pfäfers.;<p>Der Stellplatz befindet sich auf dem Kiesparkplatz zwischen dem Feuerwehrdepot Bovel und dem Altersheim Montaluna in Pf&auml;fers. Der Platz liegt ruhig am Dorfrand und ist ideal gelegen f&uuml;r Naturfreunde und Wanderbegeisterte.<br>Nur wenige Gehminuten entfernt befindet sich die eindrucksvolle Taminabr&uuml;cke, die gr&ouml;sste Bogenbr&uuml;cke der Schweiz. Direkt ab dem Stellplatz f&uuml;hren Wanderwege in die eindr&uuml;ckliche Taminaschlucht und zum geschichtstr&auml;chtigen Alten Bad Pf&auml;fers. Eine Reservation oder Buchung ist nicht m&ouml;glich.&nbsp;Wir bitten um Verst&auml;ndnis.</p>;9.496382474899294;46.98784259493995;Bofelstrasse 2;7312;Pfäfers;+41 79 297 96 90;meyerstephan@bluewin.ch;https://www.verkehrsverein-pfaefers.ch;[{'@type': 'ImageObject', 'contentUrl': 'https://ostpimtsoch.sos-ch-dk-2.exoscale-cdn.com/catalog/6/9/6/e/696ee61525d792ca8ccab1134a183f9cb842052c_66ba2213e441e76ee971eefd3054ab11.jpeg'}];2026-06-30T20:58:21+02:00
f390c89b-0574-471e-95ef-ca82d4fc1f56;Chalet Bergruh;Das Chalet Bergruh in Flumserberg Tannenheim bietet Platz für Gruppen bis zu 42 Personen. Es ist ein renoviertes Holzhaus mit moderner Küche und Nassräumen, direkt an der Piste gelegen. Ganzjährig buchbar.;Gemütliches Holzhaus, renoviert, für Gruppen bis 42 Personen. Selbstversorger, Massenlager, moderne Küche und Nassräume. Liegt direkt an der Piste. 4 Parkplätze vor dem Haus. Ganzjährig buchbar.;9.302110716849313;47.087731000000005;Cafridastrasse 13;8897;Flumserberg Tannenheim;+41 44 858 13 42;sallyalbrecht@bluemail.ch;[{'@type': 'ImageObject', 'contentUrl': 'https://ostpimtsoch.sos-ch-dk-2.exoscale-cdn.com/catalog/e/3/c/a/e3ca7a5fd7b5757434590f6c559af2f655fa8b87_c784db0b998c7e1f900d7bb9067aca3e.jpg'}];2025-07-01T20:17:39+02:00
f4c24e03-e6f0-4b81-a8ec-de90811c6502;Campingplatz Schafbergblick;Idyllisch gelegener Campingplatz in einem grossartigen Wander-, Ski- und Mountainbikegebiet zwischen Alpstein und Churfirsten. Direkt an der "Grand Tour of Switzerland".;<p>Unser Campingplatz bietet 64 Ganzjahrespl&auml;tze, 10 Winterstandpl&auml;tze und eine grosse Zeltwiese. Ein gem&uuml;tliches Beizli und ein einladender Aufenthaltsraum sorgen f&uuml;r das Wohl unserer G&auml;ste.</p><p>&nbsp;</p><p>Auskunft zur Zug&auml;nglichkeit:&nbsp;<a href="https://www.ginto.guide/entries/58cb6fe4-0dc2-4672-a523-61f6c5d8dd32?lnk_src=business" target="_blank" rel="noopener">ginto</a></p>;9.360909499999934;47.2001869;Hauptstrasse 160;9658;Wildhaus;+41 79 461 68 25;info@schafbergblick.ch;http://www.schafbergblick.ch/;[{'@type': 'ImageObject', 'contentUrl': 'https://ostpimtsoch.sos-ch-dk-2.exoscale-cdn.com/catalog/c/3/e/9/c3e9a5dcfd5fa5a3e6948bf1b17b5f490b6c942b_142ca852f9af6189ef7f306309bd7d69.JPG'}];2026-04-17T19:38:39+02:00
f56c4f2b-8140-4f7d-8e24-bd6799f91d77;Revier Hotel Säntispark St.Gallen;In Deinem Revier fühlst Du Dich instinktiv wohl.;<p>Nach dem umfassenden Umbau pr&auml;sentiert sich das Revier Hotel S&auml;ntispark mit einem aussergew&ouml;hnlichen Lifestyle-Konzept und zahlreichen Highlights wie dem neuen <a href="https://saentispark.revierhotels.com/de/gastronomie" target="_blank" rel="noopener">Restaurant Roots</a>, der trendigen <a href="https://saentispark.revierhotels.com/de/restaurant-roots/the-fox-house-bar" target="_blank" rel="noopener">Fox House Bar</a> oder der grossz&uuml;gigen Lobby mit Working-Spaces. Die Smart Studios f&uuml;r l&auml;ngere Aufenthalte, der Secret Garden f&uuml;r Ap&eacute;ros oder Gastronomie-Events sowie der liebevoll gestaltete Kids-Club bieten eine topmoderne Infrastruktur f&uuml;r Familien, Seminar- und Gesch&auml;ftsreisende.</p>;9.3142241;47.4174926;Wiesenbachstrasse 5;9030;Abtwil SG;+41 71 313 11 11;hello@revierhotels.com;https://saentispark.revierhotels.com/de/;[{'@type': 'ImageObject', 'contentUrl': 'https://ostpimtsoch.sos-ch-dk-2.exoscale-cdn.com/catalog/8/5/1/4/851405a6a517dc0a3131eae39a950298755d3779_6181d2e964d810d933df496e01bcc765.jpg'}];2026-06-16T20:28:37+02:00
f655d8a0-a37d-4b76-99f5-cb1c3043e0ec;Ferienhaus Schnäls;Das Ferienhaus Schnäls liegt unterhalb des Ferienortes Flumserberg im St. Galleroberland. Es bietet eine ruhige Lage mit Blick auf die Churfirstenkette, einen gemütlichen Ess- und Aufenthaltsraum mit Kamin, sowie einen Spielplatz und Grillstelle vor dem Haus.;Das Haus liegt unterhalb des Ferienortes Flumserberg in St. Galleroberland an einer ruhigen privaten Strasse mit Blick auf die Churfirstenkette. 

Heimeliger Ess- und Aufenthaltsraum mit Kamin. Küche mit Gastroherd, grossem Kühlschrank und Tiefkühltruhe. Die Betten sind bei Ihrer Ankunft immer frisch bezogen. Der holzgetäfelte Spielraum mit Tischtennis und Fussballkasten kann auch als Discoraum benützt werden. 

Vor dem Haus hat es eine Grillstelle, Spielplatz mit Sandkasten und ein geteerter Ballspielplatz sowie Parkplätze für Autos. 

Gratiseintritt in das Hallenbad Flumserberg, 4 km entfernt. 

Gratis Gepäckabholdienst.;9.322575330734255;47.08549492830861;Schnälsstrasse 3;8896;Flumserberg;+41 79 229 19 51;roland.beeler@bluewin.ch;http://www.ferienhaus-schnaels.ch;[{'@type': 'ImageObject', 'contentUrl': 'https://ostpimtsoch.sos-ch-dk-2.exoscale-cdn.com/catalog/a/b/f/7/abf703fb8aa7b0b52ceb6065ea8738f3375e9535_32ac6a7a7bdfe1d4bb82bd67ec02962b.jpg'}];2025-07-23T20:17:30+02:00
f6942904-68f4-4786-811b-17522e43a147;Kinderdorf Pestalozzi;Entdecken Sie das Kinderdorf Pestalozzi und seine spannenden Spielträume.;Entdecken Sie das historische Kinderdorf Pestalozzi, wo sich Geschichte und Gegenwart auf faszinierende Weise begegnen. Starten Sie das Erlebnis mit einer interaktiven Ausstellung, die Sie zu den Ursprüngen der ZEWO-zertifizierten Stiftung zurückführt. Verfolgen Sie die Entwicklung des Kinderdorfs von seiner Gründungsidee nach dem Zweiten Weltkrieg bis zur renommierten NGO von heute.

Die Erlebniswelt im Kinderdorf Pestalozzi bietet für Gross und Klein viel Platz für Kreativität, spielerisches Lernen und Erholung. Die Welt setzt sich zusammen aus 10 spannenden und zugleich lehrreichen Spielmöglichkeiten und Rückzugsorten, die als Gruppe erkundet werden können. Auch für Eltern und Begleitpersonen sorgen unsere Spielträume für Unterhaltung und interessante Erkenntnisse. Das Kinderdorf Wimmelbild führt Entdecker*innen durch das Erlebnisdorf und vermittelt spannende Fakten über Kinderrechte, während die Riesenkugelbahn, der Balancierpfad oder die Spinnerei (Kletternetz) die Geschicklichkeit testen.

Falls Sie noch etwas Hunger oder Durst verspüren sollten, bietet die Cafeteria eine Auswahl an erfrischenden Getränken und Snacks. Das Kinderdorf Pestalozzi verfügt über Einzel- und Mehrbettzimmer und heisst Einzelpersonen, Familien und Gruppen gerne willkommen. 

Die Erlebniswelt liegt hoch über dem Bodensee, umgeben von den sanften Hügeln des Appenzellerlands. Es befindet sich nur 20 Minuten von St. Gallen entfernt – abseits jeglicher Hektik, in grüner Natur und bequem mit der Appenzeller Bahn erreichbar.

;9.460072924285642;47.40328374382611;Kinderdorfstrasse 20;9043;Trogen;+41 71 343 73 73;guest@pestalozzi.ch;https://www.pestalozzi.ch/de/erlebnis;[{'@type': 'ImageObject', 'contentUrl': 'https://ostpimtsoch.sos-ch-dk-2.exoscale-cdn.com/catalog/8/8/a/1/88a17fc6ccbe7947823a5ef9d9955f29e566e3be_37fc55425596feeb703989964e7dc4a9.jpg'}];2026-06-16T20:10:27+02:00
f6a55459-c0b9-4e38-8e84-c3f853beb244;Hotel Kreuzlingen am Hafen;Das Hotel Kreuzlingen am Hafen, 5 Gehminuten von der Konstanzer Altstadt entfernt, liegt an den Ufern des Bodensees und geniesst eine malerische Umgebung mit Parklandschaft und maritimem Flair.;Direkt vor dem Hotel stehen den Gästen kostenlose Parkplätze zur Verfügung. In wenigen Gehminuten kann das Shopping-Center Lago, diverse Restaurants auf Schweizer und Deutscher Seite oder auch Sehenswürdigkeiten erreicht werden. Die Nähe zum Kreuzlinger und Konstanzer Hafen bietet hervorragende Möglichkeiten, Bootsfahrten oder Messebesuche in Friedrichshafen zu unternehmen. Das Hotel Kreuzlingen am Hafen liegt mitten in einem gut ausgebauten Netz öffentlicher Verkehrsmittel. Anreisende mit dem Zug oder Bus erreichen das Hotel vom Hafenbahnhof in ca. 2 Min zu Fuss.

Der stilvolle Vanillaroom und die gedeckte Terrasse vor dem Haus sind ideale Rückzugs- und Entspannungsorte. Wo morgens das Frühstück serviert wird, verwandelt sich abends der Vanillaroom in eine Lounge mit Barbetrieb. Eine Karte mit ausgewählten Weinen, Cocktails und feinen, hausgemachten Snacks lädt zum Apéro oder geselligen Zusammensein ein. Für Spätanreisende werden warme Speisen bis Mitternacht angeboten.;9.1802143;47.6510751;Seestrasse 50;8280;Kreuzlingen;0716778899;welcome@hotel-kreuzlingen.ch;http://www.hotel-kreuzlingen.ch/;[{'@type': 'ImageObject', 'contentUrl': 'https://ostpimtsoch.sos-ch-dk-2.exoscale-cdn.com/catalog/2/4/0/f/240f4000de68446d1fa95460c6bec284381be293_0bb2a1d174ec6e5a953b7d856c83d0f9.jpg'}];2025-02-17T13:24:37+01:00
f6e6f630-c631-4f50-962d-6ae0de212096;Ferienhaus Dreitann;Das Ferienhaus Dreitann liegt auf 1633 m ü.M. und ist mit der Pizolbahn Bad Ragaz erreichbar. Es befindet sich 500 Meter neben der Bergstation Pardiel, direkt an der Skipiste und am Kinderlift. Die Unterkunft bietet Selbstversorgung oder Verpflegung in nahegelegenen Restaurants.;Erreichbar mit der Pizolbahn Bad Ragaz auf 1633 m.ü.M. Das Haus liegt 500 Meter neben der Bergstation Pardiel, direkt an der Skipiste und am Kinderlift. Selbstversorger oder Verpflegung in den nahegelegenen Restaurants. Die Schlafstellen sind auf 5 verschiedene Räume aufgeteilt. Grosser Aufenthaltsraum, Waschräume, 2 WC's und 2 Duschen vorhanden.;9.467189311981201;46.9887425812676;Pardiel;7310;Bad Ragaz;+41 78 923 27 85;dreitann@outlook.com;[{'@type': 'ImageObject', 'contentUrl': 'https://ostpimtsoch.sos-ch-dk-2.exoscale-cdn.com/catalog/d/8/4/a/d84ac12892d5bb8f8e57016e23d1ce2b6ae03f0c_a746298833aa3467ad301aae0f0704ad.jpeg'}];2026-04-01T21:21:47+02:00
f88c036b-b346-4c45-90e9-aac8e699d402;J-H Schwendiwiese;Die Gruppenunterkunft J-H Schwendiwiese bietet Platz für bis zu 50 Personen und liegt auf etwa 1300 m ü.M. in Flumserberg Tannenheim. Sie ist ideal für Schul- und Familiengruppen sowie Vereinsausflüge geeignet.;Die Gruppenunterkunft J-H Schwendiwiese mit herrlicher Aussicht auf die Churfirsten liegt auf etwa 1300 m.ü.M, in Flumserberg Tannenheim in der Ostschweiz. Das Haus ist auch im Winter mit Auto und Reisebus gut erreichbar. Gratis Parkplätze. Die Bushaltestelle ist etwa 300 m vom Haus entfernt. 

Die Talstation des Prodalp-Express ist nur etwa 250 m vom Lagerhaus entfernt, sodass auch Abfahrten bis vor die Haustüre möglich sind.

Der Walensee ist mit der modernen 8er-Gondelbahn in nur 12 Minuten von Tannenboden nach Unterterzen auch gut ohne Auto erreichbar. 

Mit seinen 50 Schlafplätzen eignet sich dieses gemütliche Lagerhaus hervorragend für Schul- und Familiengruppen sowie für Vereinsausflüge.

Unser Haus verfügt über eine gut eingerichtete Küche mit Glaskeramikherd, Steamer, Geschirrspüler, einem grossen Kühlschrank sowie einer Gefriertruhe, einem Fernseher mit DVD- sowie VHS-Gerät, Beamer und Internetanschluss. Im Sommer stehen Ihnen ein gedeckter Sitzplatz mit Tischen und Bänken, ein Tischtennistisch sowie eine Spielwiese mit Rutschbahn, Schaukel, Trampolin sowie einem Grill zu Verfügung. 

Das Hallenbad ist nur etwa 10 Gehminuten von unserem Haus entfernt (30 Gratiseintritt pro Tag). 

Ausstattung
1 Essraum
2 Aufenthaltsräume
Total 9 Zimmer:
4 Zweibettzimmer 
1 Vierbettzimmer 
2 Zimmer à 8 Etagenbetten
1 Zimmer à 10 Etagenbetten
12 Plätze im Massenlager 

Gerne senden wir Ihnen unsere Preisliste, beraten Sie am Telefon oder laden Sie zu einer unverbindlichen Hausbesichtigung ein. 

Im Winter wird nur das ganze Haus pauschal vermietet, mit max. 50 Schlafplätzen. Im Sommer nehmen wir auch kleinere Gruppen. 

30 Hallenbadkarten sind im Preis inbegriffen. 
Sie können jeden Tag 1x benutzt werden, ausser Montag (geschlossen).

Das Haus wird nur an eine Gruppe gleichzeitig vermietet.;9.305354580430862;47.08759595;Schwendiwiesenstrasse 3;8897;Flumserberg Tannenheim;+41 81 733 10 47;info@jugend-haus.ch;http://www.jugend-haus.ch;[{'@type': 'ImageObject', 'contentUrl': 'https://ostpimtsoch.sos-ch-dk-2.exoscale-cdn.com/catalog/1/b/5/d/1b5dad5149bf314b7fea424d3bedc9f53a5fce5b_a0a835f2228702e88dde1a43b0e1fcfe.jpg'}];2025-12-09T22:08:06+01:00
f92a7b61-32a9-4307-b84e-955b4ac3a9b8;Mehrzweckhalle Lust, Zivilschutz- und Sportanlagen;Die Mehrzweckhalle Lust in Maienfeld bietet moderne Sport- und Veranstaltungsräume. Sie verfügt über eine 3-fach Turnhalle, eine Zuschauergalerie für 300 Personen und eine Bühne. Ideal für Sport- und Kulturveranstaltungen.;Die zentral gelegene Sport- und Mehrzweckhalle Lust in Maienfeld wurde 2003 dem Schulsport- und Anlassbetrieb übergeben. Die modernen Räumlichkeiten eignen sich hervorragend für Sportanlässe, aber auch für kulturelle Veranstaltungen mit Bühnennutzung. 

Infrastruktur Mehrzweckhalle: 
- 3-fach Turnhalle, unterteilbar
- Zuschauergalerie im OG für 300 Personen
- Duschen / Garderoben
- Bühne
- Küche mit Geschirr für 500 Personen
- Foyerbereich
- Gymnastikraum mit Spiegelwand
- Seminarraum mit Beamer
- Sitzungszimmer
- Aussensportanlage
- geteerter Park- oder Festplatz
- Bankett-Mobiliar für 600 Personen
- 16 mobile Zuschauertribünen à 16 Sitzplätze
- LAN / W-LAN auf Wunsch
- Nichtraucherzone vor dem Haupteingang

Preis für die Mehrzweckhalle auf Anfrage!

Massenlager für 100 Personen in der Zivilschutzanlage Maienfeld.
Keine Übernachtungsmöglichkeit in der MZH Lust.;9.52723180317119;47.005403650000005;Giessenweg;7304;Maienfeld;+41 81 300 45 63;raoul.duenser@maienfeld.ch;https://www.maienfeld.ch/dienstleistungen/13821;[{'@type': 'ImageObject', 'contentUrl': 'https://ostpimtsoch.sos-ch-dk-2.exoscale-cdn.com/catalog/d/0/b/a/d0bad9e0a33bbea41ff17baab7b6b09461ad0fa8_64f4a3367de5a8a285f3d9edf0ea7541.jpeg'}];2025-07-23T20:17:30+02:00
f94df0e8-fc2b-4b0b-ba7b-6c202cfe7668;Gartenbungalow in Arbon;Der hübsche kleine Holzbungalow liegt in einem grünen Einfamilienhausgarten im ruhigen Arboner Bergliquartier. Die historische Altstadt oder das idyllische Bodenseeufer erreicht man in rund fünfzehn Minuten zu Fuss.;Diese freistehende kleine Ferienwohnung ist dank zwei Fensterfronten lichtdurchflutet und erfreut mit Blick in einen grosszügigen wilden Garten. Ein eigener Sitzplatz gegen Süden, viel Holz im Innern und aussen sowie eine stilvolle Einrichtung laden zu gemütlichen Stunden fernab der Alltagshektik ein. Im Schlafzimmer mit Doppelbett und im Wohnzimmer mit Schlafsofa finden bis zu vier Personen Platz. Eine gut ausgerüstete Küchenzeile, Essecke und Badezimmer, gratis Parkplatz und WLAN stehen Feriengästen zur Verfügung. Zwei Klappfahrräder laden zu Entdeckungen der Region ein, Kinderspielzeug zur Mitbenutzung unterhält die kleineren Besuchenden. ;9.420200354172895;47.516425749999996;Berglistr. 78a;9320;Arbon;+41792188382;b.mangold@bluewin.ch;[{'@type': 'ImageObject', 'contentUrl': 'https://ostpimtsoch.sos-ch-dk-2.exoscale-cdn.com/catalog/8/9/1/3/89135f5c0f1b66703449deece4e17927bfb56f9a_87edab85bdd3980bde0b57199ca7c2cb.png'}];2026-03-30T22:33:38+02:00
f9a285e6-e914-4c6c-8fd4-4a8fd08f35d5;Gruppenunterkünfte im Kinderdorf Pestalozzi;Das Kinderdorf Pestalozzi befindet sich inmitten des malerischen Appenzellerlands und bietet eine einzigartige Kombination aus Natur, Bildung und Freizeitmöglichkeiten.;<p>Ob Schulklasse, drei grosse Familien, Verein oder Unternehmen &ndash; im Kinderdorf Pestalozzi findet Ihre Gruppe den idealen Ort f&uuml;r eine unvergessliche &Uuml;bernachtung. Die Gruppenunterk&uuml;nfte in original Appenzeller H&auml;usern bieten komfortable Einzel oder Mehrbettzimmer, die mit modernen Annehmlichkeiten und einem Hauch lokaler Tradition ausgestattet sind. Die sanit&auml;ren Einrichtungen befinden sich in unmittelbarer N&auml;he zu den Zimmern und sind modern und funktional gestaltet. Jedes Haus ist zudem mit einem Aufenthaltsraum und einer Waschk&uuml;che ausgestattet. Der weitl&auml;ufige Umschwung rund um das Geb&auml;ude l&auml;dt zum Entspannen in der Natur ein, w&auml;hrend Freizeitpl&auml;tze und Grillstellen ideale Orte f&uuml;r gemeinsame Stunden bieten. Entdecken Sie die zahlreichen Wanderrouten direkt vor der Haust&uuml;r oder nehmen Sie mit Ihrer Gruppe an einem unserer Bildungsprojekte teil, die speziell darauf ausgelegt sind, Bildung zu f&ouml;rdern und pers&ouml;nliche Entwicklung sowie soziale Kompetenzen zu st&auml;rken. F&uuml;r die Verpflegung stehen verschiedene Optionen zur Verf&uuml;gung. In jedem Gruppenhaus gibt es eine gut ausgestattete K&uuml;che, die es Selbstversorgern erm&ouml;glicht, ihre Mahlzeiten selbst zuzubereiten. Es besteht jedoch auch die M&ouml;glichkeit, sich mit unserer Vollpension rundum verw&ouml;hnen zu lassen. Unser gastronomisches Konzept ist saisonal, vielseitig und auf alle Bed&uuml;rfnisse zugeschnitten.<br><br>8 Gruppenh&auml;user &agrave; 27-35 Schlafpl&auml;tzen<br>ab 2026: 11 Gruppenh&auml;user</p>;9.459517029862655;47.403535;Kinderdorfstrasse 20;9043;Trogen; +41 71 343 73 43;guest@pestalozzi.ch;https://www.pestalozzi.ch/de;[{'@type': 'ImageObject', 'contentUrl': 'https://ostpimtsoch.sos-ch-dk-2.exoscale-cdn.com/catalog/b/2/a/1/b2a1b5793eed18aca6b8079fdd2993fb0a8c0a23_b832d3c5f2815c0279f7633131d6430f.jpg'}];2025-07-02T18:12:40+02:00
fa499f62-2bcf-4e00-b6f1-cd671f256d16;Anna Schmid Puurehuus;Charmantes Cottage aus dem 17. Jahrhundert, denkmalkonform restauriert, mitten im historischen Dorfkern Schaffhausen-Buchthalen;<p>Leben im Kulturerbe<br>Ferien, Wohnen auf Zeit, Events</p><p>Das Anna Schmid Puurehuus, gebaut 1670 und kürzlich vollständig restauriert, markiert den Eingang zum alten Dorfkern Schaffhausen-Buchthalen. Unser charmantes Ferienhaus ist für 5 Personen eingerichtet. Ein kleiner Garten gehört dazu! Ankommen und Zuhause sein!</p><p>Die Scheune und/oder das Wöschhüüsli mit kleinem Garten können für Events separat gemietet werden:<br>Weihnachtsfeier, Heiratsantrag, Tea Party, Foto Shooting, Apéro...<br>Die perfekte Location für stimmungsvolle Anlässe im kleinen Kreis.</p>;8.656962794075538;47.69726515;Hintergasse  6;8203;Schaffhausen;+41 52 620 03 90;ea.rufener@bluewin.ch;https://www.ferienimkulturerbe.ch;[{'@type': 'ImageObject', 'contentUrl': 'https://ostpimtsoch.sos-ch-dk-2.exoscale-cdn.com/catalog/0/1/c/4/01c4dee70c6cf30795c517956d71a2ce587f5ff5_74941a2a7d96582000c1aabd088598dd.jpg'}];2025-03-31T18:50:39+02:00
fa9651fe-6094-40e0-9f21-32ca3c461e68;Schul- und Ferienheim Geisswiese;Das Schul- und Ferienheim Geisswiese in Flumserberg Saxli bietet Gruppenunterkünfte mit modernen sanitären Anlagen, Spielwiese, Grillplatz und Internet. Es gibt maximal vier Betten pro Zimmer und eine Schulküche.;Gruppenunterkunft mit fliessend warmem und kaltem Wasser im Zimmer. Maximal 4 Betten pro Zimmer. Moderne sanitäre Anlagen, 3 Lehrerzimmer mit Duschen, Spielwiese, Grillplatz, Internet, Schulküche, separater Aufenthaltsraum.;9.3570512;47.0669299;Geisswiesenstrasse 13;8894;Flumserberg Saxli;+41 81 723 80 95;manuela.grun@gmail.com;http://www.geisswiese.ch/;[{'@type': 'ImageObject', 'contentUrl': 'https://ostpimtsoch.sos-ch-dk-2.exoscale-cdn.com/catalog/e/d/2/7/ed279fd75390d5270ae8b816c65065623b4fd006_7370ba1cb824bfe081f1f30cb7f91daf.jpg'}];2025-07-23T20:17:30+02:00
fbe1357c-cc2b-40c5-bdf7-55ddd19bde74;Jacob 1808 – historische Stadtappartements;Nächtigen wie ein Gemeindeammann oder Tuchhändler im 18. Jahrhundert? Die fünf Ferienwohnungen Jacob 1808 in zwei denkmalgeschützten Häusern im Kern Bischofszell machen’s möglich und überraschen mit einer Interieur-Mischung aus modernen Designklassikern und knarrenden Holzdielen.;Mitten im historischen Barockstädtchen Bischofszell liegen in zwei Häusern die fünf grosszügigen Ferienwohnungen Jacob 1808 für zwei bis vier Personen. Sie waren Heimat von Tuchhändlern, Sattlermeistern, von Wirtsleuten und sogar von Bischofszeller Gemeindeammännern. Dieses historische Erbe und damit die Seele der Häuser, blieb beim sorgfältigen Umbau mit Hilfe vom Amt für Denkmalpflege erhalten. Statt trennender Mauern wurden zwischen den beiden Häusern Durchgänge geschaffen, so dass sie sich als einheitliches Ganzes präsentieren. Historische Klostertonfliesen, knarzende Dielen, beeindruckende Stuckaturdecken und Holztäfer, gepaart mit modernen Möbeln, Bädern und Küchen ergeben eine wunderbare Komposition aus historischen Elementen und stilvollem zeitgenössischem Komfort. ;9.2415302;47.4939961;Grubplatz 10;9220;Bischofszell;+41799291256;welcome@jacob1808.ch;https://www.jacob1808.ch;[{'@type': 'ImageObject', 'contentUrl': 'https://ostpimtsoch.sos-ch-dk-2.exoscale-cdn.com/catalog/6/0/f/2/60f2248f9af9e5513e74ebbd27ed5f779ebef6e2_931d7779a8612bbd6c4418a785291294.jpg'}];2026-03-17T22:42:05+01:00
fd7b0875-babf-4b91-a2fd-1f0e7ddc285d;Ferienhaus Prodkopf;Das Ferienhaus Prodkopf auf 1600 m ü.M. bietet 18 Zimmer mit insgesamt 60 Schlafplätzen. Es liegt im Wander- und Skigebiet Pizol und ist ideal für Selbstkocher-Gruppen oder mit Verpflegung buchbar.;Das Ferienlagerhaus liegt auf 1600 m.ü.M., mitten im Wander- und Skigebiet und kann mit der Bergbahn Bad Ragaz - Pizol schnell und bequem erreicht werden. Im Sommer ist die Zufahrt auch mit dem Auto möglich. Wir vermieten das Haus an Selbstkocher-Gruppen oder auf Anfrage mit Halb- oder Vollpension.

Der Prodkopf ist eingerichtet mit 18 Zimmer und total 60 Schlafplätzen (9x2er, 5x 4er, 2x 5er, 2x 6er). Die Zimmer sind mit Warm- und Kaltwasser ausgestattet. Auf den Etagen hat es Duschen und Toiletten. Nebst einem grossen Esssaal bietet das Haus auch einen Aufenthaltsraum für Spiel und Spass an. Das Haus wird nur an eine Gruppe zur Alleinbenutzung vermietet.;9.4637262;46.9898029;Pardiel;7310;Bad Ragaz;+41 71 440 13 05;info@prodkopf.ch;http://www.prodkopf.ch;[{'@type': 'ImageObject', 'contentUrl': 'https://ostpimtsoch.sos-ch-dk-2.exoscale-cdn.com/catalog/6/8/f/b/68fb3ec921048d161bc38574efa7929434eedf47_ecfc6ce0c0d73e363057d4000976ff0d.jpg'}];2025-07-01T20:17:39+02:00
ff87469d-1d47-41ff-b2ee-6655f11cb24c;Wohnmobil-Stellplatz Parkplatz Wolzenalp;Auf dem Parkplatz der Sportbahn Wolzenalp befindet sich dieser einfache Wohnmobil-Stellplatz.;Der Stellplatz befindet sich mitten im ruhigen Dorf Krummenau mit idealer Ausgangslage für Ausflüge in die Natur der Ferienregion Toggenburg. Gäste übernachten am Ufer der Thur auf dem grosszügigen, ganztags besonnten Parkplatz, nur einen Steinwurf entfernt zur Talstation der Bergbahn, die bequem ins Naturerlebnis Wolzenalp befördert. Zum Dorfzentrum (Restaurants, öV und kleine Einkaufsmöglichkeit) sind es wenige Gehminuten.
Der Stellplatz kommt vorerst ohne weitere Infrastuktur aus und eignet sich ideal für spontane Gäste und Weiterreisende. Der Stellplatz steht ganzjährig zur Verfügung.

Ein Stellplatz wird ausschliesslich bequem online vor Ort gebucht.;9.16994;47.24632;Sonnenwiese;9643;Krummenau;+41 71 994 11 61;kasse@wolzenalp.ch;http://www.wolzenalp.ch;[{'@type': 'ImageObject', 'contentUrl': 'https://ostpimtsoch.sos-ch-dk-2.exoscale-cdn.com/catalog/d/3/4/e/d34ebe093c7513d5d40827574f23366612117448_20e26b8a5441a4d27106aeabd3986fc7.jpg'}];2025-10-28T16:12:59+01:00
