{"type": "FeatureCollection", "features": [{"type": "Feature", "properties": {"identifier": "0081c642-714e-4353-9be1-070c133e01f5", "name": "Villa Mon Repos Bed & Breakfast", "description": "<p>Der Charme der denkmalgesch&uuml;tzten Villa &uuml;berzeugt: Nostalgische M&ouml;bel, Jugendstillavabos und antike Fliesen sorgen f&uuml;r das entsprechende Ambiente. Die Unterkunft in Aadorf ist f&uuml;r bis zu vier Personen ausgelegt, Babybett und Kinderbett sind zus&auml;tzlich vorhanden. Ein Park zum Ausruhen oder Entdecken (Kinderfreundlich), eine Bibliothek sowie ein Flipperkasten runden das Angebot ab. Mit hausgemachten Br&ouml;tchen aus dem Holzofen startet man gut in den Tag. Die Region kann zu Fuss oder mit dem Velo entdeckt werden. Ein Besuch der umliegende St&auml;dte und Museen im Dreieck Winterthur-Frauenfeld-Wil lohnt sich ebenfalls. Auch der Rheinfall, der Bodensee oder das Toggenburg sind nur 30 Autominuten entfernt, 2 kostenlose Parkpl&auml;tze sind vorhanden. Der Bahnhof ist nur 3 Gehminuten entfernt, mit guten &Ouml;V-Verbindungen Richtung Z&uuml;rich oder St. Gallen.</p>", "url": "https://www.villamonrepos.ch", "image": "https://ostpimtsoch.sos-ch-dk-2.exoscale-cdn.com/catalog/7/b/5/f/7b5fdd4bf6eb4e7f9588cc7a8192f2f6d89d054f_502298fc89a6dbb958aa3390694abb95.JPEG", "openstreetmap_id": "node/9413518756"}, "geometry": {"type": "Point", "coordinates": ["8.906535208225252", "47.487468255181916"]}}, {"type": "Feature", "properties": {"identifier": "0189d86c-8472-4c3f-a273-f6901c88ee53", "name": "See Camping B\u00fcrer", "description": "Ferienplatz f\u00fcr Zelte, Wohnwagen und Wohnmobile. Direkt am Ostufer des sauberen Walensees, ca. 1 km vom Garnisonsst\u00e4dtchen Walenstadt entfernt. Ausgangspunkt f\u00fcr sch\u00f6ne Ausfl\u00fcge mit Auto, Velo oder zu Fuss. \n\nTotal ca. 20&#039;000 m2, 200 m flacher Badestrand, gepflegter ebener Rasen, mehrere B\u00e4ume, Spielplatz und Liegewiese, mehrere Feuer- und Grillstellen, Rezeption, Kiosk, Aufenthalts- und Trockenraum. Gen\u00fcgend Toiletten und Duschen, Waschmaschine und Trockner, Kochgelegenheit, Camperstation. \n\nCa. 100 Residenz-, 70 Passanten- und 6 Saisonstellpl\u00e4tze.", "url": "http://www.see-camping.ch", "image": "https://ostpimtsoch.sos-ch-dk-2.exoscale-cdn.com/catalog/4/8/9/8/4898de75fc8c78c9c8e5481119be704c3f9d83e7_423a3da070e46d852094e626bed01e56.jpg", "openstreetmap_id": "relation/7292613"}, "geometry": {"type": "Point", "coordinates": ["9.300436530699649", "47.1180223"]}}, {"type": "Feature", "properties": {"identifier": "01901eb6-f087-46e9-a14b-1350f987a251", "name": "Murg Camping", "description": "Der Camping am Walensee ist von G\u00e4rten ums\u00e4umt und bietet eine tolle Sicht auf die imposanten Churfirsten. Im Dorf gibt es komplette Versorgung vom Supermarkt bis zur Bank und von der Forstwirtschaft bis zu einer vielf\u00e4ltigen Gastronomie, Hotels und Ferienwohnungen.\n\nWassersport bietet der Walensee in allen Sparten vom Badevergn\u00fcgen \u00fcber Segelkurse, Surfkurse bis zur Schifffahrt. Die Windsurfingschule vermietet Surfbretter und Kajaks. Die Segelschule vermietet Segelboote, Jollen und Kielboote. Die pr\u00e4chtige Aussicht auf die Churfirstenkette mitten im Heidiland runden das Angebot ab.\n\nDer Campingplatz verf\u00fcgt \u00fcber 20 Wohnwagenpl\u00e4tze direkt am Seeufer.", "url": "https://www.murg-camping.ch", "image": "https://ostpimtsoch.sos-ch-dk-2.exoscale-cdn.com/catalog/7/8/2/9/7829c726dc7720eca0522f4ac69550f34a72b8b7_954c579218b9e1c4d6ea5abae045cc1b.JPG", "openstreetmap_id": "way/193412043"}, "geometry": {"type": "Point", "coordinates": ["9.214526558266668", "47.115038600000005"]}}, {"type": "Feature", "properties": {"identifier": "02a8cc26-2113-4996-9cfa-f056b46c1893", "name": "B&B Niederer", "description": "<p>Das heimelige Dorf B&uuml;hler im Appenzeller Mittelland ist idealer Ausgangspunkt f&uuml;r Wanderungen in den sanften H&uuml;geln oder im Alpstein mit S&auml;ntis, Hohem Kasten, Ebenalp und Kronberg. In der N&auml;he liegen das malerische Dorf Appenzell, das Rheintal oder St.Gallen. Im heimeligen Weberhaus mit viel Charme kann der Gastgeberin beim Handweben &uuml;ber die Schultern geschaut werden.</p>", "url": "https://bnb.ch/de/bnb/1662", "image": "https://ostpimtsoch.sos-ch-dk-2.exoscale-cdn.com/catalog/7/b/b/3/7bb395244015c84dee50bfa34d18da17a1eaaa85_c0548f80eb2a6507c4e01d800adf421d.jpg", "openstreetmap_id": "320022404.0"}, "geometry": {"type": "Point", "coordinates": ["9.4261223", "47.3737219"]}}, {"type": "Feature", "properties": {"identifier": "02c8b54b-1226-456a-9e26-10905147d18c", "name": "Panorama View (CharmingStay)", "description": "Die moderne 3.5-Maisonette-Wohnung befindet sich im Zentrum von Flumserberg Tannenboden. In nur wenigen Gehminuten entfernt befinden sich der Dorfladen, Restaurants sowie die Bergbahn Tannenboden. Die Wohnung verf\u00fcgt \u00fcber eine grosse Terrasse mit einer fantastischen Aussicht auf die Churfirsten. Es stehen zwei Garagenparkpl\u00e4tze sowie Besucherparkpl\u00e4tze zur Verf\u00fcgung.  ", "url": "https://www.charmingstay.ch", "image": "https://ostpimtsoch.sos-ch-dk-2.exoscale-cdn.com/catalog/4/7/0/0/4700fe7469759b91541d667e2dd0bf6c4afee04a_250c257aa4936107f978ce161c23e1e3.JPG", "openstreetmap_id": "way/294246318"}, "geometry": {"type": "Point", "coordinates": ["9.28523182510765", "47.093405000000004"]}}, {"type": "Feature", "properties": {"identifier": "035d1c45-c0ce-4873-a959-2c45b292925a", "name": "S\u00e4ntis Lodge", "description": "Die S\u00e4ntis Lodge liegt inmitten vom Toggenburg, genauer gesagt in Unterwasser. Als Ferienort zeichnet sich Unterwasser besonders durch die charakteristische Berglandschaft aus. Neben der wundersch\u00f6nen Landschaft bietet Unterwasser alles, was G\u00e4ste f\u00fcr gelungene Ferien brauchen. In der S\u00e4ntis Lodge, dem Kernst\u00fcck von Berg & Bett, werden Ferien zu dem, wof\u00fcr sie gemacht sind.\n\nWerden die G\u00e4ste gefragt, was ein Aufenthalt im Berg & Bett im Toggenburg einzigartig macht, so sind die Antworten unterschiedlich. F\u00fcr die einen ist es die grossz\u00fcgige und zugleich kuschelige Atmosph\u00e4re. F\u00fcr die anderen ist es die Toggenburger Bergwelt. Wieder andere haben sich in das breitgef\u00e4cherte und familienfreundliche Aktivit\u00e4ten-Angebot der Region und der S\u00e4ntis Lodge verliebt. Aber trotz der unterschiedlichen R\u00fcckmeldungen ist es vor allem eines, weswegen die G\u00e4ste gerne wiederkommen: das Team von Berg & Bett.\n\nZum Angebot der S\u00e4ntis Lodge geh\u00f6ren: \n- Zwei Kinovorstellungen pro Tag um 16.00 Uhr (Kinderfilm) und 20.00 Uhr\n- Entertainment (Ping-Pong, Billard, Tischfussball)\n- Indoor-Lounge/Co-Workspace mit Highspeed-WIFI (Erwachsene)\n- Kinderspielzimmer mit B\u00e4llebad\n- Outdoor-Lounge (Sommer)\n- Kinderspielplatz aussen (Sommer)\n- G\u00e4stekarte f\u00fcr Ihr exklusives Erlebnis\n- 1 Eintritt ins Hallenbad f\u00fcr das Reka Feriendorf\n", "url": "https://bergundbett.ch/", "image": "https://ostpimtsoch.sos-ch-dk-2.exoscale-cdn.com/catalog/e/d/b/6/edb6bb9d53c16586d1e5abfef16783fb4c1e529d_e09c1559b5f0bbc5a5f61d8cd2b696cb.jpg", "openstreetmap_id": "way/222237524"}, "geometry": {"type": "Point", "coordinates": ["9.313316573154678", "47.1963286"]}}, {"type": "Feature", "properties": {"identifier": "03d54cc2-4085-46fa-b683-f6f2652b3c53", "name": "Pension Alpenheim", "description": "Im Herzen von Teufen, 5 Gehminuten zum Bahnhof, steht das stilecht renovierte Holzhaus mit grossem Garten. Geniessen Sie die herrliche Aussicht auf die Berge. Nebst preiswerten Zimmern bieten wir unseren G\u00e4sten auch Zimmer mit Duschen/WC an. \n\nDie 1\u00bd-Zimmer Gartenwohnung sowie das Appartement im 3. Stock mit 2\u00bd-Zimmern sind Bijous f\u00fcr Geniesser. \nHerzlich willkommen!", "url": "http://www.pension-alpenheim.ch/", "image": "https://ostpimtsoch.sos-ch-dk-2.exoscale-cdn.com/catalog/f/5/4/9/f54970e61d2f4db2e216104a9efa8a06a65279f7_e4f9c5f114c7ea8c9d5a0755d971cc5f.jpg", "openstreetmap_id": "317444239"}, "geometry": {"type": "Point", "coordinates": ["9.3880767", "47.3920145"]}}, {"type": "Feature", "properties": {"identifier": "044fc296-c57b-488b-9808-3fc6e3f7955d", "name": "Ferienwohnung Allegra im Appenzellerland", "description": "Gehobene, komplett renovierte Ferienwohnung im 300-j\u00e4hrigen Appenzellerland, mitten im sch\u00f6nsten Dorf der Schweiz. Ideal f\u00fcr Wanderungen, relaxen, geniessen. \n\nDie Wohnung verf\u00fcgt \u00fcber einen separaten Eingang. Das Schlafzimmer ist mit einem topmodernen Boxspring Bett ausgestattet und im Wohnzimmer steht ein Auszugssofa. Die Wohnung bietet Platz f\u00fcr maximal 4 Personen (Doppelbett plus Bettsofa).\n\nIm Preis inbegriffen: Miete, NK, Tiefgaragenplatz, Kurtaxen, Bett-, Frottee- und K\u00fcchenw\u00e4sche, Kaffeekapseln, Benutzung Waschmaschine/Tumbler (in der Wohnung). Eigener Gartenbereich mit Kohlegrill.\nWir bieten die Oskar-G\u00e4stekarte an.\n\nMindestaufenthalt: ab 3 N\u00e4chte", "url": "https://ferienschwellbrunn.com/", "image": "https://ostpimtsoch.sos-ch-dk-2.exoscale-cdn.com/catalog/0/0/5/d/005d511ea166e901fe24fe6c1e45a166cbf62437_4a781d20626b5b0722274af71e70b5c0.jpg", "openstreetmap_id": "396354520"}, "geometry": {"type": "Point", "coordinates": ["9.249168", "47.351193"]}}, {"type": "Feature", "properties": {"identifier": "04f3e90b-821c-476c-bfbe-70c67a67ec62", "name": "Hotel Swiss Views", "description": "Die neu definierte Gastfreundschaft, Spass und Abenteuer und die Spezialit\u00e4tenk\u00fcche kombiniert mit Getr\u00e4nken sind die besten Schweizer Aussichten, die Sie nirgendwo anders erleben k\u00f6nnen.\n\nSwiss Views bietet eine un\u00fcbertroffene Komfortzone mit allen erforderlichen Annehmlichkeiten, um Ihren Aufenthalt angenehm und unvergesslich zu machen.\n\nIn unserem Hotel finden Sie einen elegant eingerichteten Speisesaal, der bis zu 70 G\u00e4sten Platz bietet und mit einem beruhigenden Ambiente und einem malerischen Blick nach draussen besticht. Unsere Auswahl an exotischen indischen und europ\u00e4ischen Gerichten l\u00e4sst Ihren Gaumen eine ganz neue Geschmackswelt erleben. F\u00fcr ausgew\u00e4hlte Anl\u00e4sse steht auch ein Essbereich im Garten zur Verf\u00fcgung.\n\nBei uns finden Sie verschiedene \u00dcbernachtungsm\u00f6glichkeiten. \u00dcber eine Wohnung, ein Deluxe-Doppelzimmer, Doppelzimmer und Einzelzimmer. Mit eigener Dusche oder einem Gemeinschaftsbad.\n\nIn unserem Seminarraum S\u00e4ntis k\u00f6nnen Sie Ihren Geburtstag, Ihr Firmenmeeting oder Ihr Seminar abhalten. \n\nWir freuen uns \u00fcber Ihren Besuch. ", "url": "https://www.swiss-views.ch", "image": "https://ostpimtsoch.sos-ch-dk-2.exoscale-cdn.com/catalog/2/9/0/7/2907b43408129207c43b22b8c91796264d9151b8_d4d6f73f6e15c3e5a64e60f51ed0f232.jpg", "openstreetmap_id": "way/177884931"}, "geometry": {"type": "Point", "coordinates": ["9.17594425957066", "47.30147445"]}}, {"type": "Feature", "properties": {"identifier": "04fa6ff4-560f-41d4-bfdc-c4711f6a3090", "name": "Ferienwohnung Wartheim", "description": "Diese stilvoll eingerichtete Maisonette-Wohnung am Dorfrand von Heiden (700 m \u00fc.M.) bietet Platz f\u00fcr bis zu 6 Personen \u2013 ideal f\u00fcr Familien oder kleine Gruppen, die Erholung in naturnaher Umgebung suchen.\n\nHighlights: Ruhige Lage mit Weitblick \u00fcber das Rheindelta, bis nach Bregenz, Lindau und den Pf\u00e4nder Private Dachterrasse \u2013 perfekt zum Entspannen oder f\u00fcr Abendessen im Freien 3 gem\u00fctliche Schlafzimmer mit Verdunklungsm\u00f6glichkeit Voll ausgestattete K\u00fcche inkl. Fondue- und Raclette-Set Bad mit Badewanne, Dusche und Closomat Gratis Garage & Aussenparkplatz.\n\nLage & Umgebung: Wanderwege starten direkt vor der T\u00fcr, der Bodensee ist nur 5 km entfernt. In Heiden gibt es ein Freibad mit Sommerkino, das Appenzeller Heilbad liegt gleich in der N\u00e4he. Coop, Migros und ein Volg mit langen \u00d6ffnungszeiten sorgen f\u00fcr gute Einkaufsm\u00f6glichkeiten.\n\nAusflugsziele: Perfekter Ausgangspunkt f\u00fcr Touren nach Appenzell, St.Gallen, Rorschach, Arbon, oder per F\u00e4hre nach Friedrichshafen. Der Aussichtspunkt \u201eF\u00fcnfl\u00e4nderblick\u201c ist zu Fuss erreichbar. \n\nWer h\u00f6her hinaus will: Rundfl\u00fcge ab dem Flugplatz Altenrhein sind m\u00f6glich \u2013 Kontakte stellen wir gerne her.\n\nMindestaufenthalt: 2 N\u00e4chte", "image": "https://ostpimtsoch.sos-ch-dk-2.exoscale-cdn.com/catalog/5/8/e/9/58e9533942c44f1cc7477d1dfdd716f58d986ef3_f77086975828f298fd6570e5714d6843.JPG", "openstreetmap_id": "way/612589848"}, "geometry": {"type": "Point", "coordinates": ["9.538214206695558", "47.45410156826259"]}}, {"type": "Feature", "properties": {"identifier": "06281908-85f4-4dba-83f3-3a474cb1282d", "name": "Hof Just - Schlafen im Stroh", "description": "Unser Bauernhof liegt oberhalb Maienfeld ganz in der N\u00e4he des Heidimuseums (8 Gehminuten). Wir sind ein Familienbetrieb. Bei uns sind Velo-, Auto-, Motorradfahrer und auch Fussg\u00e4nger jederzeit herzlich willkommen. Haben Sie schon einmal auf einem Bauernhof im Stroh oder auf Matratzen \u00fcbernachtet...?", "url": "https://www.hofjust.ch", "image": "https://ostpimtsoch.sos-ch-dk-2.exoscale-cdn.com/catalog/e/2/d/2/e2d22634d282a0333cf8b63cba77edf0a0bcc856_b43db6844a754e0b618854a192835680.jpg", "openstreetmap_id": "way/61429126"}, "geometry": {"type": "Point", "coordinates": ["9.5377692", "47.0130648"]}}, {"type": "Feature", "properties": {"identifier": "06808cd3-ce4a-4132-91b1-a68925709892", "name": "Bauernhaus Cafrida", "description": "Unsere Wohnung befindet sich in einem ehemaligen Bauernhaus, welches vollst\u00e4ndig renoviert wurde. Die Wohnung liegt direkt an der Bikestrecke und an der Skipiste. Sowohl mit dem Bike als auch mit den Skiern kann man vor der Haust\u00fcre ins Abenteuer starten! Die Gondel ist zu Fuss in 10 Min. erreichbar. Das neu renovierte Hallenbad mit Sauna und Dampfbad liegt 5 Gehminuten von unserem Haus entfernt. Auch sind im Umkreis von 5 bis 20 Gehminuten einige Restaurants erreichbar.", "image": "https://ostpimtsoch.sos-ch-dk-2.exoscale-cdn.com/catalog/1/1/2/7/11277a0de13f3c225c392077ed5ac6274cc746a1_3548ce3185fa499794b732dd561bb00a.jpg", "openstreetmap_id": "way/325408032"}, "geometry": {"type": "Point", "coordinates": ["9.300095280845616", "47.08866795"]}}, {"type": "Feature", "properties": {"identifier": "06fb92aa-392e-4235-86e6-98c4e0b7ce25", "name": "Bellahof", "description": "Die 4-Zimmerwohnung befindet sich an ruhiger Lage im Hausteil eines Bauernhauses mit Hof und vielen Tieren, ca. 1.3 km vom Weiler Bergheim entfernt. F\u00fcr die kleinen G\u00e4ste stehen verschiedene Spielm\u00f6glichkeiten zur Verf\u00fcgung. Zur Wohnung geh\u00f6rt ein kostenloser Parkplatz.\n\nDie Ferienwohnung im ersten Stock ist gem\u00fctlich und sehr rustikal eingerichtet. An den W\u00e4nden und Decken sind Holzbalken sichtbar. Zur Wohnung geh\u00f6rt eine Veranda.", "url": "http://www.bellahof.ch", "image": "https://ostpimtsoch.sos-ch-dk-2.exoscale-cdn.com/catalog/9/d/c/4/9dc43eefabdbed380c44e5e0997c66bd69007985_71ab8baf9e27a2b1e57b46b29ad915d2.JPG", "openstreetmap_id": "way/309848907"}, "geometry": {"type": "Point", "coordinates": ["9.30273875000001", "47.103448400000005"]}}, {"type": "Feature", "properties": {"identifier": "073cba69-a2db-4c2a-8ce0-3517ebc2ea9b", "name": "Ferienwohnung Tobelbach (CharmingStay)", "description": "Die 3.5-Zimmerwohnung befindet sich im Ski- und Wandergebiet Flumserberg Tannenheim. Die Gondelbahn Prodalp-Express, Einkaufsm\u00f6glichkeiten und Restaurants sind nur in wenigen Gehminuten entfernt.", "url": "https://www.charmingstay.ch", "image": "https://ostpimtsoch.sos-ch-dk-2.exoscale-cdn.com/catalog/7/a/6/9/7a6927e95282b90b287848153e81cc29543e4612_745e8043eb34a0c700ce689ae163e0df.jpg", "openstreetmap_id": "way/306018739"}, "geometry": {"type": "Point", "coordinates": ["9.298215508461", "47.09129090458793"]}}, {"type": "Feature", "properties": {"identifier": "0884b9f5-817e-4a4e-93ba-9690fae24023", "name": "BNB Weinberg", "description": "<p>Willkommen im BNB Weinberg \u2013 Ihr R\u00fcckzugsort im Herzen von Stein am Rhein.</p><p>Die 70m\u00b2-grosse Wohnung befindet sich im ersten Stock des 500-j\u00e4hrigen Gem\u00e4uer vom Weinberg. Sie beleben die ehemalige Wirtenwohnung mit Blick auf den Rhein. Wir haben sie f\u00fcr unsere G\u00e4ste umgebaut und neu eingerichtet. Alles f\u00fcr einen angenehmen Aufenthalt ist vorhanden. Gebucht kann die Wohnung in diesem Jahr nur \u00fcber die im Link angegebene Plattform. Wir freuen uns auf Ihre Anfrage dort!</p>", "url": "https://airbnb.ch/h/bnb-weinberg", "image": "https://ostpimtsoch.sos-ch-dk-2.exoscale-cdn.com/catalog/6/e/b/d/6ebd6c4731b8db4682d152d1fddef691571a671a_24cc58c06c8500ec5e8a1587bfb563c9.jpg", "openstreetmap_id": "way/60272162"}, "geometry": {"type": "Point", "coordinates": ["8.8582224", "47.6574572"]}}, {"type": "Feature", "properties": {"identifier": "0a975f26-5d2b-4e65-8140-15f6063dbb29", "name": "Sunehus - Ferienwohnung und Hot Pot", "description": "Das luftige Studio im ikonischen Bio-Holz-Designhaus ist f\u00fcr zwei Personen buchbar. Per Bahn oder Bus dauert es weniger als zehn Minuten ins Zentrum von St.Gallen und etwas \u00fcber eine Stunde nach Z\u00fcrich. Der Wohnort ist eindr\u00fccklich mit toller Aussicht in die Berge. \n\nDas Studio ist frisch und komfortabel umgebaut. Es besteht aus:\n- zwei Einzelbetten, die als Doppelbett hergerichtet werden k\u00f6nnen\n- Dusche und kleines WC \n- kleine eingerichtete K\u00fcche \n- Essbereich \n- Wohnbereich mit sch\u00f6ner Aussicht \n- Arbeitsplatz \n- eigener Eingang durch Garage (Autoabstellplatz verf\u00fcgbar wenn gew\u00fcnscht). \n- Garten mit traumhafter Aussicht zur Mitben\u00fctzung \n\nDie Vermieter wohnen im oberen Stock. Zwei Elektrofahrr\u00e4der stehen Ihnen kostenlos zur Verf\u00fcgung, um die Umgebung zu erkunden.\n\nWer ausspannen und sich etwas Gutes tun m\u00f6chte, verbringt wohlige Stunden im Hot Pot und geniesst dabei die freie Sicht auf den Alpstein. Das Sprudelvergn\u00fcgen l\u00e4sst sich perfekt mit einer \u00dcbernachtung im Studio Sunehus kombinieren. Und f\u00fcr Sprudel ist nicht nur im Bad gesorgt, eine Flasche Prosecco verw\u00f6hnt auch noch prickelnd den Gaumen.", "url": "https://sunehus.ch", "image": "https://ostpimtsoch.sos-ch-dk-2.exoscale-cdn.com/catalog/1/5/0/e/150ea017125c11c37e31b3a99f409da7182bba35_a6e032154a97ae716bca25b1a5e635dd.jpg", "openstreetmap_id": "node/274610294"}, "geometry": {"type": "Point", "coordinates": ["9.355609416961672", "47.396521235591536"]}}, {"type": "Feature", "properties": {"identifier": "0d5e490c-afb2-4559-9531-cb4fbd63d942", "name": "Ferienhaus BERGflow", "description": "Das Ferienhaus BERGflow befindet sich sehr zentral gelegen im Ski-, Bike- und Wanderparadies Flumserberg-Tannenheim. In nur 300 m zu Fuss erreichen Sie die Bergbahn Prodalp-Express Tannenheim. Das Hallenbad mit Sauna ist in 800 m erreichbar. Die Busstation Plattenwiese ist 200 m von der Unterkunft entfernt.\n\nDie Ferienwohnungen und das Clubhaus verf\u00fcgen \u00fcber separate Eing\u00e4nge und gratis Parkpl\u00e4tze. Sie k\u00f6nnen nach Bedarf einzeln oder auch zusammen gemietet werden. Auch eine Saison- oder Jahresmiete der Wohnungen ist m\u00f6glich.", "url": "https://bergflow.ch", "image": "https://ostpimtsoch.sos-ch-dk-2.exoscale-cdn.com/catalog/9/5/f/6/95f62149ab8190fa111d628abd4f0e4e9e071a71_d843199194f9dbf16ebedb0099391fd0.jpg", "openstreetmap_id": "way/321791795"}, "geometry": {"type": "Point", "coordinates": ["9.305118771278615", "47.0908321"]}}, {"type": "Feature", "properties": {"identifier": "0eb7c87f-373f-470a-906e-e758959751f5", "name": "Hotel Restaurant Krone Urn\u00e4sch", "description": "<p>Die Pizzeria des Hotels Krone in Urn&auml;sch l&auml;dt zu italienischen Spezialit&auml;ten in einzigartiger Atmosph&auml;re ein. Dank des grossz&uuml;gigen Wintergartens geniessen G&auml;ste das Gef&uuml;hl von Offenheit und Licht &ndash; bei jedem Wetter. T&auml;glich von 11:30 bis 14:00 Uhr sowie von 17:30 bis 21:00 Uhr verkehrt der charmante Pizza-Zug durch das Restaurant und serviert die frisch zubereiteten Gerichte direkt an den Tisch. Ein besonderes Highlight, das nicht nur die j&uuml;ngsten G&auml;ste begeistert.</p><p>Bei sch&ouml;nem Wetter bietet zus&auml;tzlich die sonnige Terrasse Platz zum Verweilen im Freien &ndash; mit herrlichem Blick und entspannter Stimmung. Das Speiserestaurant im ersten Obergeschoss wird f&uuml;r das Fr&uuml;hst&uuml;ck der Hotelg&auml;ste genutzt und steht Gruppen f&uuml;r Anl&auml;sse zur Verf&uuml;gung.</p>", "url": "http://www.krone-urnaesch.ch/", "image": "https://ostpimtsoch.sos-ch-dk-2.exoscale-cdn.com/catalog/8/2/d/2/82d2a1feb917574c98e7749a81b91081e66d8444_753ff6d40361ea53f3e7d9601e35370b.jpg", "openstreetmap_id": "node/264275413"}, "geometry": {"type": "Point", "coordinates": ["9.283836205004587", "47.317241800000005"]}}, {"type": "Feature", "properties": {"identifier": "1008ed9f-e2c7-4d49-ba1e-cf755f8a7e0c", "name": "Purehomes", "description": "<p>Willkommen in unserer charmanten 45 m&sup2; Wohnung in St. Gallen Sankt Georgen &ndash; der perfekte R&uuml;ckzugsort f&uuml;r Ihren Aufenthalt! Diese liebevoll eingerichtete Unterkunft bietet Ihnen alles, was Sie f&uuml;r einen komfortablen Aufenthalt ben&ouml;tigen. Die voll ausgestattete K&uuml;che l&auml;dt dazu ein, Ihre Lieblingsgerichte zuzubereiten, w&auml;hrend das moderne Badezimmer mit frischen Handt&uuml;chern, Seife und Shampoo ausgestattet ist. Im gem&uuml;tlichen Schlafzimmer finden Sie erholsame N&auml;chte, und die ausziehbare Couch im Wohnbereich bietet zus&auml;tzlichen Platz f&uuml;r bis zu zwei G&auml;ste. Genie&szlig;en Sie Ihre Morgenkaffee oder entspannen Sie nach einem ereignisreichen Tag auf dem Balkon mit Blick auf die Umgebung. Der Parkplatz direkt vor der T&uuml;r macht das Ankommen und Abfahren besonders bequem. In der N&auml;he erwartet Sie ein wundersch&ouml;ner See, ideal f&uuml;r entspannte Spazierg&auml;nge oder sportliche Aktivit&auml;ten. Zudem profitieren Sie von Highspeed-Internet und einem Netflix-Zugang, sodass Sie auch w&auml;hrend Ihres Aufenthalts unterhalten werden. F&uuml;r zus&auml;tzlichen Komfort bieten wir optionale Reinigungsdienste an. Bei uns finden Sie alles, was Sie f&uuml;r einen unvergesslichen Aufenthalt ben&ouml;tigen &ndash; wir freuen uns auf Ihren Besuch!</p>", "url": "https://www.airbnb.ch/rooms/1506305295211640543?guests=1&adults=1&s=67&unique_share_id=81599b66-d425-4744-b8e2-9d38ab7ffa07", "image": "https://ostpimtsoch.sos-ch-dk-2.exoscale-cdn.com/catalog/f/0/4/1/f0412bc96cf7b66402fa3af689ad5dc9aadfaab8_a86c506a569797070bbbcb39cf577f8a.jpg", "openstreetmap_id": "way/309829866"}, "geometry": {"type": "Point", "coordinates": ["9.3979202", "47.4147397"]}}, {"type": "Feature", "properties": {"identifier": "103605cb-0b4a-4dbf-9d1d-381aa98c5b8f", "name": "Mini-Hotel SIG Areal am Rheinfall", "description": "Das Self Check-in Mini-Hotel auf dem SIG Areal am Rheinfall bietet mit den drei komfortablen Zimmern und modernem Flair eine aussergew\u00f6hnliche \u00dcbernachtungsm\u00f6glichkeit direkt oberhalb des Rheinfalls. Besonderes Highlight: Wer hier \u00fcbernachtet, hat direkten Zugang zu einer gem\u00fctlichen Lounge und zur riesigen Dachterrasse im f\u00fcnften Stock. Im Erdgeschoss des Mini-Hotels befindet sich das Restaurant Gr\u00fcnerbaum mit einer grossz\u00fcgigen Aussen-Terrasse. Das Co-Work und ein Gym befinden sich in nur kurzer Gehdistanz entfernt.\n\nMit den \u00f6ffentlichen Verkehrsmitteln ist das SIG Areal am Rheinfall bequem zu erreichen. Besucherparkpl\u00e4tze befinden sich ebenfalls in unmittelbarer N\u00e4he des Mini-Hotels. Das SIG Areal am Rheinfall bietet ein einmaliger Begegnungsort mit einzigartigem Standort direkt oberhalb des Rheinfalls. \n\nDer Zugang zum Mini-Hotel erfolgt \u00fcber Self-Check-In mit einem Zugangs-PIN, den Ihnen automatisch nach der Buchung zugestellt wird. Buchen Sie das G\u00e4stezimmer ganz bequem \u00fcber die SIG Areal-App und freuen Sie sich \u00fcber eine erholsame \u00dcbernachtung auf dem SIG Areal am Rheinfall.", "url": "https://www.sigareal.ch/", "image": "https://ostpimtsoch.sos-ch-dk-2.exoscale-cdn.com/catalog/2/c/2/4/2c241fb84b4dad9000cafadcc935065bd361cee0_3b8d46055a163b2514501ccf6db19319.jpg", "openstreetmap_id": "way/937997151"}, "geometry": {"type": "Point", "coordinates": ["8.618935346603395", "47.67932343377057"]}}, {"type": "Feature", "properties": {"identifier": "10507f59-4a24-45ec-b0d1-1b364921b1e2", "name": "Hotel Kurhaus Sennis", "description": "<div><p>Das traditionsreiche <strong>Hotel Kurhaus Sennis</strong> auf der idyllischen Sennis-Alp (1400 m &uuml;. M.) ist ein einzigartiger R&uuml;ckzugsort inmitten der Alvierkette. Das Haus bietet einen stilvollen, hellen Speisesaal, ein gem&uuml;tliches J&auml;gerst&uuml;bli, eine vertr&auml;umte Veranda und eine grossz&uuml;gige Gartenwirtschaft. F&uuml;r &Uuml;bernachtungen stehen nostalgische G&auml;stezimmer, zweckm&auml;ssige Familienzimmer sowie weitere Kategorien mit und ohne Balkon zur Verf&uuml;gung &ndash; insgesamt 25 Zimmer mit rund 60 Betten.</p><p>Geniesse die <strong>traditionelle K&uuml;che</strong> mit sorgf&auml;ltig zubereiteten Spezialit&auml;ten &ndash; von der &Auml;lplerspeise bis zum exklusiven Men&uuml; f&uuml;r besondere Anl&auml;sse. F&uuml;r Halbpension bieten wir den klassischen Table d&rsquo;h&ocirc;te Service (Vier-Gang-Men&uuml;) an.</p><p>Die Sennis-Alp ist ein Ort f&uuml;r Ruhe, Erholung und neue Lebenskraft. Entdecke die blumigen Alpweiden des Naturschutzgebietes, den knorrigen Bergwald mit w&uuml;rzigem Harzduft und die Tierwelt im nahen Wildasyl. Der Blick reicht &uuml;ber das Heidiland, den Walensee und die imposante Alvierkette &ndash; die &bdquo;Dolomiten der Ostschweiz&ldquo;.</p><p><strong>Infrastruktur &amp; Extras:</strong></p><ul><li>Restaurant mit 80&ndash;100 Sitzpl&auml;tzen</li><li>Gartenwirtschaft</li><li>25 Zimmer (Nostalgie-, Einzel-, Doppel-, Familien- und Mehrbettzimmer)</li><li>Parkpl&auml;tze (gegen Geb&uuml;hr)</li><li>Transfer-Service ab Rotherdplangg auf Anfrage</li><li>Hunde willkommen (mit Ausstattung)</li><li>WLAN nicht verf&uuml;gbar &ndash; Natur pur</li></ul></div>", "url": "https://www.hotelkurhaussennis.com/", "image": "https://ostpimtsoch.sos-ch-dk-2.exoscale-cdn.com/catalog/f/f/5/e/ff5ea23f31fd6dc1eb932a80db7e02b643671978_85dc52532b2fd7b4514edf9bc3daed91.jpg", "openstreetmap_id": "node/10836755733"}, "geometry": {"type": "Point", "coordinates": ["9.3715405", "47.1190555"]}}, {"type": "Feature", "properties": {"identifier": "12f581d5-9df7-4b4b-9f50-97e11ed0f9a3", "name": "Sardonah\u00fctte SAC", "description": "Die H\u00fctte ist modern renoviert und heimelig eingerichtet. \nDie H\u00fctte ist offen von Mitte Juni bis Mitte Oktober. Wir bieten den G\u00e4sten Halbpension, Getr\u00e4nke und eine kleine Speisekarte f\u00fcr Tagesg\u00e4ste an. Der Winterraum hat 14 Pl\u00e4tze. Es ist ein Kochherd, Holz und Geschirr vorhanden. Alle Schlafr\u00e4ume sind mit Duvets ausgestattet.\nEs hat Waschr\u00e4ume, aber keine Duschen. Das St\u00fcbli ist, auch wenn es draussen k\u00fchl ist, gem\u00fctlich eingerichtet.", "url": "http://www.sardonahuette.ch", "image": "https://ostpimtsoch.sos-ch-dk-2.exoscale-cdn.com/catalog/2/c/5/4/2c544b567dc6f6097c8414af531e871774de20b6_fee07c0786078402bd693ff2ed37105d.JPG", "openstreetmap_id": "way/233206648"}, "geometry": {"type": "Point", "coordinates": ["9.275419190833333", "46.91547395"]}}, {"type": "Feature", "properties": {"identifier": "130a2eed-c701-4e31-89da-0f09dcb9e746", "name": "Bed and Breakfast Winzenberg", "description": "Das Haus ist f\u00fcr Familien mit Kindern genauso geeignet wie f\u00fcr jemanden, der etwas Ruhe und ein spezielles Ambiente sucht.\n\nSchnell ist man auf dem Winzenberg (von Z\u00fcrich ca. 45 Min, von St. Gallen ca. 30 Min) und doch f\u00fchlt man sich hier in einer anderen Welt\u2026\nIn authentischer landwirtschaftlicher Umgebung, nahe der wilden Flusslandschaften der Necker und der Thur, in denen man wunderbar baden kann, finden Sie hier viel Weitsicht. Ganz gleich, ob Sie zu Fuss oder mit dem Velo unterwegs sind (das Haus liegt an der E-Bike Herzroute und an einer sehr beliebten Velo- und T\u00f6ff-Panoramaroute).\n\nDie Wege und Pfade in der Umgebung sind noch nicht ganz so ausgetreten und die nahen Fl\u00fcsse und Wasserf\u00e4lle wildromantisch und sch\u00f6n. Die unz\u00e4hligen Wanderwege f\u00fchren Sie an viele vertr\u00e4umte Orte, zu alten Ruinen und kleinen Beizen und sind auch im Winter, mit oder ohne Schneeschuhe, immer eine Reise wert!\n\nIm Winter lockt eine vertr\u00e4umte unverdorbene Schneelandschaft, oft mit Sicht auf das Nebelmeer. Schlittelwege (K\u00f6belisberg, Hemberg) und viele einfache Skilifte (G\u00e4hwil, Mosnang, Oberhelfentschwil) finden Sie in der N\u00e4he.", "url": "https://bnbwinzenberg.ch/", "image": "https://ostpimtsoch.sos-ch-dk-2.exoscale-cdn.com/catalog/f/9/e/e/f9ee04f36576ade6e8705c6a30623adabe70505a_671629d6c13fbc7fac6fc4add67c5302.jpg", "openstreetmap_id": "node/7856028845"}, "geometry": {"type": "Point", "coordinates": ["9.1178562", "47.3949482"]}}, {"type": "Feature", "properties": {"identifier": "13743f73-60cd-49d7-91e5-03932f8f53c3", "name": "Ferienwohnung Edelweiss", "description": "<p>\u201cWillkommen in der zauberhaften \u201cEdelweiss\u201d-Ferienwohnung in Wolfhalden. Diese frisch renovierte Unterkunft f\u00fcr 2-4 Personen verspricht nicht nur einen erholsamen Aufenthalt, sondern auch ein unvergleichliches Erlebnis. Die Wohnung bietet einen atemberaubenden Panoramablick auf den Bodensee, der Sie jeden Morgen und Abend mit seiner Sch\u00f6nheit verzaubern wird. Neben der bezaubernden Seesicht verf\u00fcgen wir \u00fcber gratis WLAN und Swisscom TV, damit Sie stets in Verbindung bleiben k\u00f6nnen. Der eigene Garten ist der ideale Ort, um sich zu entspannen und die frische Luft zu genie\u00dfen. Das angrenzende Partyhaus l\u00e4dt zu unterhaltsamen Abenden ein und der Grillbereich sowie das Chemin\u00e9e erm\u00f6glichen es Ihnen, kulinarische K\u00f6stlichkeiten zuzubereiten und den Abend in gem\u00fctlicher Atmosph\u00e4re ausklingen zu lassen. F\u00fcr Ihren Komfort stehen ausreichend Parkpl\u00e4tze zur Verf\u00fcgung. Um die Region zu erkunden, bieten sich Busverbindungen an, die Sie zu den zahlreichen Attraktionen und regionalen Hofl\u00e4den f\u00fchren. Dort k\u00f6nnen Sie lokale Produkte probieren und ein St\u00fcck Appenzeller Gastfreundschaft erleben. Die \u201cEdelweiss\u201d-Ferienwohnung verspricht nicht nur ein Zuhause auf Zeit, sondern auch unvergessliche Momente in einer malerischen Umgebung. Willkommen zu einem Urlaub voller Entspannung, Abenteuer und einer herrlichen Panorama-Seesicht, die Ihre Sinne verzaubern wird.</p><p>Mindestaufenthalt: 3 N\u00e4chte</p>", "image": "https://ostpimtsoch.sos-ch-dk-2.exoscale-cdn.com/catalog/4/0/6/2/4062b1ea556c6eb8157f9570582a1a1a5ff89b94_5c26666a3f6b33650bfa7b73f8708042.jpeg", "openstreetmap_id": "way/152506005"}, "geometry": {"type": "Point", "coordinates": ["9.5494744", "47.4553123"]}}, {"type": "Feature", "properties": {"identifier": "1386323c-8233-458d-a452-ec746ecbc26f", "name": "M\u00e4tz Appartement", "description": "Das Appartement M\u00e4tz liegt mitten im Zentrum Flumserberg Tannenheim, 5 Gehminuten von der Haust\u00fcre bis zur Talstation Prodalp-Express und bietet eine sch\u00f6ne Aussicht auf die Berge des Sarganserlandes. Im gleichen Geb\u00e4ude finden Sie das einzigartige Restaurant m\u00e4tz dine. Einkaufsm\u00f6glichkeiten sind 5 Minuten zu Fuss entfernt.", "url": "https://www.maetz-appartement.ch/", "image": "https://ostpimtsoch.sos-ch-dk-2.exoscale-cdn.com/catalog/1/f/f/5/1ff5c2d27d2ee303ed7a051af56dc34c2e16b433_74f9fd213dd4bca07bccd1a00a69d8fb.jpeg", "openstreetmap_id": "way/182428539"}, "geometry": {"type": "Point", "coordinates": ["9.304427504539492", "47.09051299112454"]}}, {"type": "Feature", "properties": {"identifier": "14837aff-3b6c-4bf7-83b1-f7985e72c61a", "name": "Apartment Dufour", "description": "Wo sich die H\u00fcgel des Appenzellerlandes, die Rheintalebene und die Bodenseelandschaft begegnen, liegt das historische St\u00e4dtchen Rheineck. Und hier, zwischen dem \u00e4ltesten Siedlungsteil, dem Fahr und den dichtgef\u00fcgten Gassen der fr\u00fcheren Stadtmauern, begr\u00fcsst das Hotel Hecht seine G\u00e4ste. \n\nIm Hotel Hecht steht ein h\u00fcbsches 3-Zimmer-Apartment (klimatisiert) zur Verf\u00fcgung, welches f\u00fcr einen k\u00fcrzeren oder l\u00e4ngeren Urlaub in der Gegend vermietet wird. Zum Hotel Hecht mit 14 Zimmern (klimatisiert) geh\u00f6ren im Erdgeschoss ein Restaurant mit 60 Pl\u00e4tzen und eine Sonnenterrasse f\u00fcr 60 Personen. Das Restaurant mit Terrasse und die Smokers-Lounge sind \u00f6ffentlich. \n\nDie Unterkunft: Das 3-Zimmer-Apartment befindet sich im 1. Stock des Hotel Hecht und hat zwei Schlafzimmer, ein kleines Wohnzimmer, eine kleine K\u00fcche und ein Bad mit WC. Alle drei Zimmer sind klimatisiert und mit grossem TV ausgestattet. Zudem haben die G\u00e4ste alle Annehmlichkeiten eines Hotels und Restaurants im Haus. \n\nZugang f\u00fcr G\u00e4ste: Die G\u00e4ste ben\u00fctzen den Hoteleingang. Das Apartment im 1. Stock (kein Lift) ist privat. Am Sonntag und Montag ist das Restaurant geschlossen. Die Rezeption ist t\u00e4glich besetzt. \n\nWeitere wichtige Hinweise: Bei Aufenthalten ab 4 Tagen gibt es w\u00f6chentlich einen W\u00e4schewechsel und f\u00fcr Fr. 12.00 (anstatt Fr. 18.00) darf im Hotel gefr\u00fchst\u00fcckt werden.", "url": "https://hotelhecht-rheineck.ch/", "image": "https://ostpimtsoch.sos-ch-dk-2.exoscale-cdn.com/catalog/1/6/6/1/1661ca7e7fc076f4564b8c19b0d80e3b4506c0a0_fd543ad675b605e442e44aa795f835a9.jpg", "openstreetmap_id": "6515922667"}, "geometry": {"type": "Point", "coordinates": ["9.5918208", "47.4647847"]}}, {"type": "Feature", "properties": {"identifier": "14c71dd5-60b0-4821-8e63-a20f039b382b", "name": "Hotel Balga", "description": "Das Natur- und Bikehotel Balga, ein kleines aber schickes Pl\u00e4tzchen, mitten im Dorfkern von Balgach. Abseits urbaner Hektik. Hier, auf dem Land, ist die Natur unser Lebenselixier. Die Weinberge sind unser Zuhause. Unsere Passion f\u00fcrs Biken echt. Deshalb sind wir auch ein zertifiziertes 3-Sterne Bikehotel und setzen alles daran, dass ihr euch bei uns wohlf\u00fchlt. Ganz nah an der Natur \u2013 und zwar das ganze Jahr hindurch.\n\nUnsere Zimmer sind modern und gem\u00fctlich zugleich. Zeitlos und schlicht \u2013 mit dem h\u00f6chsten Schlafkomfort f\u00fcr unsere G\u00e4ste. Eine umfangreiche Bike-Infrastruktur mit Fahrrad-Waschanlage, E-Bikeladestation, Ersatzteile-Shop, Waschmaschine und Tumbler sowie ein 24-Stunden-Check-in und kostenlose Parkpl\u00e4tze machen den Aufenthalt bei uns im\nBalga bequem und einfach. Und dank verschiedenster Zimmerkategorien seid ihr als Paar, Familie, allein oder mit Freunden bestens versorgt.\n\nIm hoteleigenen Restaurant Hedwig servieren wir zum Fr\u00fchst\u00fcck ein Buffet aus regionalen Leckereien, mittags gibt es hausgemachte Men\u00fc's und abends naturnahe Gerichte zum Teilen \u2013 passend zur Saison und zum gemeinsamen Geniessen.", "url": "https://hotel-balga.ch/", "image": "https://ostpimtsoch.sos-ch-dk-2.exoscale-cdn.com/catalog/3/d/7/2/3d72a59f6d4e64e9c0643d01830ef64e096d3e8b_7ab6211d8f8a0d83b7091ceffafb1e1d.jpg", "openstreetmap_id": "node/10805137528"}, "geometry": {"type": "Point", "coordinates": ["9.607920000000036", "47.40694"]}}, {"type": "Feature", "properties": {"identifier": "150f674a-314d-451f-b312-5b509127e009", "name": "Schloss Wartensee", "description": "Das historische Schloss Wartensee, welches um das Jahr 1243 erbaut wurde, liegt in Rorschacherberg, ist von einer Gartenterrasse umgeben, verf\u00fcgt \u00fcber eine historische Kapelle sowie einen gotischen Saal und bietet einen atemberaubenden Panoramablick \u00fcber den Bodensee. Ein gelungener Mix aus Tradition und Moderne ziert das Schloss und macht es zu einem einzigartigen Ort.\n\nTrotz der guten Anbindung zur Autobahn und eigener \u00d6V-Haltestelle l\u00e4dt die ruhige Lage sowohl Gesch\u00e4ftsreisende als auch Urlaubsg\u00e4ste zum Verweilen ein. Ob Seminare, Hochzeiten, Paarreisen oder Familienausfl\u00fcge \u2013 das Schloss Wartensee ist der richtige Ort, um seine Seele baumeln zu lassen. Ein regionales K\u00fcchenkonzept l\u00e4sst die G\u00e4ste beim Schlemmen in die idyllische Bodenseeregion eintauchen. \n\nDie Zimmer im Hotel verf\u00fcgen \u00fcber ein eigenes Bad mit einer Dusche und einem Haartrockner sowie einen Flachbild-TV. WLAN nutzen die G\u00e4ste in den \u00f6ffentlichen Bereichen kostenfrei. Es stehen kostenfreie Parkpl\u00e4tze neben der Unterkunft zur Verf\u00fcgung und auch Haustiere sind herzlich willkommen.\n\nUnter dem Motto: \u00abEinfach, echt, ehrlich, erleben\u00bb definiert das Schloss Wartensee folgendes:\nEinfach Gast sein, wir k\u00fcmmern uns um den Rest.\nEcht, wir bieten jedem Anlass ein zu Hause.\nEhrlich, bei uns sehen Sie den See immer.\nErleben Sie echte Schlossatmosph\u00e4re.\n\nGerne ist das Hotel Team bei Ihren Anliegen behilflich und freut sich auf eine Kontaktaufnahme. \n\nDie Schlossgeister vom Schloss Wartensee", "url": "http://www.wartensee.ch/", "image": "https://ostpimtsoch.sos-ch-dk-2.exoscale-cdn.com/catalog/3/c/d/1/3cd128422c8d95aa543c3deabbfe4cdc52dbfe9a_f63e7242bec19dbbdf4b754413d5d28d.JPG", "openstreetmap_id": "way/330914775"}, "geometry": {"type": "Point", "coordinates": ["9.530794057225679", "47.471660650000004"]}}, {"type": "Feature", "properties": {"identifier": "1658b22f-8d25-4244-86cf-b1a95f80f9cf", "name": "Bed & Breakfast Dorf-Schmiede", "description": "<p>Das Bed &amp; Breakfast liegt zentral im malerischen Thurtal und ist sowohl mit dem Auto als auch mit \u00f6ffentlichen Verkehrsmitteln gut erreichbar. Famili\u00e4re Gastfreundschaft und individuelle Betreuung schaffen eine angenehme und pers\u00f6nliche Atmosph\u00e4re.<br><br>Mehrere moderne Zimmer stehen zur Verf\u00fcgung, die sich ein Gemeinschaftsbad und eine separate Toilette teilen. Ein gem\u00fctlicher Aufenthaltsraum l\u00e4dt zum Verweilen ein, zudem gibt es einen \u00fcberdachten Parkplatz sowie eine Einstellhalle f\u00fcr Zweir\u00e4der mit Ladestation.<br><br>Am Morgen wird ein kontinentales Fr\u00fchst\u00fcck mit regionalen Produkten und hausgemachten Spezialit\u00e4ten serviert. Einkaufsm\u00f6glichkeiten und Restaurants befinden sich in unmittelbarer N\u00e4he und sind bequem zu Fuss erreichbar.<br><br>Die Umgebung bietet zahlreiche Freizeitm\u00f6glichkeiten, wie den Freizeitpark Conny-Land, den Bodensee mit der Blumeninsel Mainau, das historische Stein am Rhein und den Rheinfall in Schaffhausen.</p><", "url": "https://www.dorf-schmiede.ch/", "image": "https://ostpimtsoch.sos-ch-dk-2.exoscale-cdn.com/catalog/b/d/c/9/bdc99f3eb771dbbb64be4ae51fc042a4b931dc15_2e752a8d82748eaecfeb8b1be3a8c115.jpg", "openstreetmap_id": "way/311116518"}, "geometry": {"type": "Point", "coordinates": ["9.0040023536926", "47.6025585"]}}, {"type": "Feature", "properties": {"identifier": "17024d36-d351-4148-81ff-7afc58630f6f", "name": "Bad Horn Hotel & Spa", "description": "<p>Bereits 1827 entspannten sich Kurg\u00e4ste in den verschiedenen B\u00e4dern des traditionsreichen Bad Horn Hotel &amp; Spa und sch\u00e4tzten die aussergew\u00f6hnliche Lage direkt am Schweizer Bodenseeufer. Dies ist auch heute noch so. Die Seeterrasse l\u00e4dt zum Ap\u00e9ro und Dinieren unmittelbar am Wasser. Die vielf\u00e4ltige Wellnesslandschaft umfasst heute auf 1\u2019500 Quadratmetern Saunen, Dampfb\u00e4der, eine Salztherme, ein Hamam und bietet exklusive Behandlungen. Der direkte Bodenseezugang verschafft Abk\u00fchlung nach dem Saunagang.<br><br>Das nautische Ambiente zieht sich durch das gesamte Hotel und wird mit Mahagoni und Messing unterstrichen. Ein Highlight im Bad Horn ist das Restaurant \u00abWave\u00bb mit 15 GaultMillau-Punkten. Hier werden regionale Zutaten mit Liebe zum Detail neu interpretiert. Aber auch Klassiker wie etwa Flamb\u00e9es, direkt am Tisch zubereitet, geh\u00f6ren zu den Spezialit\u00e4ten der Crew. Edle Weine von lokalen Winzern und aus aller Welt runden das kulinarische Angebot ab.</p>", "url": "http://www.badhorn.ch/", "image": "https://ostpimtsoch.sos-ch-dk-2.exoscale-cdn.com/catalog/e/a/d/d/eadddfb6853707f1ff43f4d8028c733b6901a348_93ca78ca9166d983edd74a3de16e5eb2.jpg", "openstreetmap_id": "way/233179046"}, "geometry": {"type": "Point", "coordinates": ["9.468346088498386", "47.4946723"]}}, {"type": "Feature", "properties": {"identifier": "17b4955f-a254-4c2f-9ac7-222c9009290c", "name": "Denkmalgesch\u00fctztes Appenzellerhaus", "description": "<p>G&ouml;nnen Sie sich einen 5*-Urlaub in einem &uuml;ber 200-j&auml;hrigen, vollst&auml;ndig renovierten Appenzellerhaus. Treten Sie ein in die einzigartige Atmosph&auml;re dieser denkmal-gesch&uuml;tzten Liegenschaft, welche f&uuml;r 7 Erwachsene und 4 Kinder Platz bietet. Es verf&uuml;gt &uuml;ber eine Wohnstube, zwei Nebenstuben, eine grosse neue Wohnk&uuml;che, f&uuml;nf Schlafzimmer, ein grosses Kinderzimmer sowie zwei Nasszellen mit Bad/Dusche/WC resp. Dusche/WC. Die Liegenschaft befindet sich unterhalb des Dorfkerns von Stein, ist ruhig und sonnig gelegen und bietet einen traumhaften Ausblick ins Appenzellerland mit der Gebirgskette des Hohen Kastens im Hintergrund. Gerne empfangen wir Sie in unseren heimeligen R&auml;umen f&uuml;r unvergessliche und abwechslungsreiche Ferientage.<br>Mindestaufenthalt: 4 N&auml;chte</p>", "url": "http://www.ferienhaus-appenzell.com", "image": "https://ostpimtsoch.sos-ch-dk-2.exoscale-cdn.com/catalog/6/7/1/e/671e6107c5a249119b377a62db5acb58675a23cc_ee5e74199f3390aaac1a2bf9713959c1.jpg", "openstreetmap_id": "194350373"}, "geometry": {"type": "Point", "coordinates": ["9.352842800000001", "47.3733259"]}}, {"type": "Feature", "properties": {"identifier": "17c5124a-4ddf-453a-9af5-9ade5d6d49fb", "name": "BnB Haus Weibel", "description": "Das BnB Haus Weibel liegt nur 500 m vom Bahnhof Landquart und der Autobahn A13 entfernt. Es bietet einen Panoramablick auf die Berge, kostenfreies WLAN im Zimmer und kostenfreie Parkpl\u00e4tze.\n\nAlle Zimmer verf\u00fcgen \u00fcber einen Flachbild-Kabel-TV und eine Nespresso-Kaffeemaschine. Bei der Ankunft steht 1 Flasche Mineralwasser pro Person kostenfrei bereit.\n\nMorgens wird ab 08:00 Uhr im Fr\u00fchst\u00fccksraum, auf der Terrasse oder auf Anfrage auch auf Ihrem Zimmer ein kontinentales Fr\u00fchst\u00fcck serviert.", "url": "http://www.hausweibel.ch", "image": "https://ostpimtsoch.sos-ch-dk-2.exoscale-cdn.com/catalog/0/6/1/c/061c9e83d3be25996fafd0c5871b1c87acd483bb_706457e90a88a8feb70116c44ffe4041.JPG", "openstreetmap_id": "way/364950741"}, "geometry": {"type": "Point", "coordinates": ["9.5622841185405", "46.968601500000005"]}}, {"type": "Feature", "properties": {"identifier": "17ea1a71-cefd-4ab1-a4e4-366e64988e02", "name": "Hirschen Wald - Gasthaus und B\u00e4ckerei", "description": "Der Hirschen Wald verf\u00fcgt \u00fcber sechs frisch renovierte ger\u00e4umige und komfortable Zimmer, die neues und altes verbinden; eine kleine B\u00e4ckerei mit einem mehr als hundertj\u00e4hrigen Backofen, aus dem es nach Brot, Zopf und zahlreichen Spezialit\u00e4ten duftet; zwei heimelige Stuben mit einem 270-j\u00e4hrigen Wandbuffet, in denen eine gutb\u00fcrgerliche und regionale K\u00fcche gepflegt wird; und einen Saal f\u00fcr bis zu 60 Personen mit Blick auf den Alpstein und die H\u00fcgel des Appenzellerlands.\n\nDer Familienbetrieb liegt ausserhalb des Dorfes Wald, umgeben von Wiesen und W\u00e4ldern auf 1050 m \u00fc. M. Wer Ruhe und Entschleunigung sucht, ist hier richtig aufgehoben. In famili\u00e4rem Ambiente kann man hier das Appenzellerland auf authentische und unpr\u00e4tenti\u00f6se Art erleben und geniessen.", "url": "http://www.hirschenwald.ch/", "image": "https://ostpimtsoch.sos-ch-dk-2.exoscale-cdn.com/catalog/d/e/7/4/de74a99d0370aef9c80cb574a20c45c84e1c3ba5_3ceed02c53db6af3df0bca4918605c39.jpg", "openstreetmap_id": "195107062"}, "geometry": {"type": "Point", "coordinates": ["9.5046876", "47.4190749"]}}, {"type": "Feature", "properties": {"identifier": "19281858-3712-4f9e-bb46-41bda6ccba39", "name": "Hotel Wolfensberg", "description": "Der Wolfensberg, auf 900 Metern gelegen, bietet die fantastische Kulisse f\u00fcr das Hotel, das von einer eigenen Parkanlage mit Biotop umgeben ist und rundum eine grossartige Aussicht in die voralpine Landschaft bietet. Es ist der idyllische Ausgangspunkt f\u00fcr lauschige Spazierg\u00e4nge in den umliegenden W\u00e4ldern, Wanderungen und Ausfl\u00fcge. Beispielsweise ins nahe gelegene St.Gallen, dessen Klosterviertel unter UNESCO-Schutz steht, oder ins Appenzellerland mit seinem einzigartigen Alpsteinmassiv.\n\nInfrastruktur f\u00fcr Zweir\u00e4der\n- Abschliessbare Garage\n- Stromanschluss direkt in der Garage\n- Werkinstrumente", "url": "http://www.wolfensberg.ch/", "image": "https://ostpimtsoch.sos-ch-dk-2.exoscale-cdn.com/catalog/7/1/2/7/71275b7c63ba0cf44e53cf24d723c528c0ff94db_7736ec3ac7f8c4ff4c4561add993ac00.jpg", "openstreetmap_id": "4616593943"}, "geometry": {"type": "Point", "coordinates": ["9.18335795402527", "47.37211901527186"]}}, {"type": "Feature", "properties": {"identifier": "1969ddcd-262f-4495-8f04-efcc646833e6", "name": "Bed & Breakfast S\u00e4ntisblick", "description": "Das BnB-Zimmer mit WC und Dusche bietet Platz f\u00fcr maximal 4 Personen und bietet allen Komfort eines guten Hauses. Das modern-rustikale Ambiente verspricht Erholung und Entspannung.", "url": "https://bnb-saentisblick.jimdosite.com", "image": "https://ostpimtsoch.sos-ch-dk-2.exoscale-cdn.com/catalog/0/b/a/a/0baa303d651a578e5840f8431c10d8867077bb45_9e3aac13c3744131ad0fba444b9fa99a.jpeg", "openstreetmap_id": "node/10056412622"}, "geometry": {"type": "Point", "coordinates": ["9.3483985", "47.54895"]}}, {"type": "Feature", "properties": {"identifier": "1a2c9bed-b01a-46c4-b23f-03c6a9647495", "name": "Kartause Ittingen", "description": "Die Kartause Ittingen z\u00e4hlt heute zu den f\u00fchrenden Seminar- und Kulturzentren der Schweiz. Das ehemalige Kart\u00e4userkloster ist authentisch erhalten und restauriert. Den G\u00e4sten stehen ein Hotel mit 68 Zimmern (3 Sterne Superior), ein Restaurant, eine Bar im ehemaligen Ochsenstall, diverse Eventlocations mit rund 1\u2019000 Pl\u00e4tzen und 22 Seminarr\u00e4ume mit bis zu 450 Pl\u00e4tzen zur Verf\u00fcgung. In einzigartiger historischer Umgebung bietet die Kartause Ittingen einen unvergleichlichen Rahmen f\u00fcr vielf\u00e4ltige gesellschaftliche und kulturelle Anl\u00e4sse. Neben dem Gastwirtschaftsbetrieb f\u00fchrt die Kartause Ittingen einen Gutsbetrieb mit Weinbau, eine Metzgerei, Fischzucht, G\u00e4rtnerei und K\u00e4serei sowie ein Heim und Werkbetrieb f\u00fcr betreute Mitarbeitende. Sie beherbergt zudem zwei Museen und die Bildungsst\u00e4tte \u00abtecum\u00bb.\n\nDank der Einbettung in die wundervolle Thurgauer Naturkulisse, umgeben von Rebbergen, Obstb\u00e4umen und der intakten Thurlandschaft, wirkt dieser Ort entschleunigend und doch kraftvoll.", "url": "https://www.kartause.ch/de", "image": "https://ostpimtsoch.sos-ch-dk-2.exoscale-cdn.com/catalog/6/a/7/2/6a7234ace5264a7c0e6cc356f6ccd35d1fe336c4_ab4606923772fdf328ff5c0bb0840a35.jpg", "openstreetmap_id": "way/22979106"}, "geometry": {"type": "Point", "coordinates": ["8.86646725724886", "47.58337645"]}}, {"type": "Feature", "properties": {"identifier": "1a5afb5b-7b54-4805-9d99-15861dba4ee3", "name": "Stellplatz \u00abParkplatz Risi\u00bb", "description": "<p>Der einfache Stellplatz inmitten der Appenzeller H\u00fcgellandschaft mit Blick auf den Alpstein befindet sich auf dem Parkplatz Risi. Es stehen 2 Stellpl\u00e4tze f\u00fcr maximal 2 N\u00e4chte zur Verf\u00fcgung. Erkunden Sie direkt vom Stellplatz aus die herrlichen Appenzeller Wanderwege (z.B. R\u00e4tselweg), spannende Biketouren oder geniessen Sie einfach die traumhafte Aussicht. Eine \u00dcberblickt der Wanderwege, Feuerstellen, Einkaufsm\u00f6glichkeiten und Restaurants ist auf dem folgenden Situationsplan zu finden. <a href=\"https://www.schwellbrunn.ch/_docn/3091967/Situationsplan.pdf\" rel=\"noopener noreferrer\" target=\"_blank\">Zum Lageplan</a></p><p></p><p>Es handelt sich um einen \u00f6ffentlichen Parkplatz, eine Reservation ist daher nicht m\u00f6glich. Die \u00dcbernachtung ist kostenlos.</p><p></p>", "image": "https://ostpimtsoch.sos-ch-dk-2.exoscale-cdn.com/catalog/e/9/c/1/e9c1562a95fa3a0eda9ec192bf9a7ed6faddbbf4_499ce60fa8554c812ffe07727cf32d79.jpg", "openstreetmap_id": "node/9042296801"}, "geometry": {"type": "Point", "coordinates": ["9.2360522", "47.3462884"]}}, {"type": "Feature", "properties": {"identifier": "1a7c767a-3a69-4d66-a2a9-47505b6509d1", "name": "Gasthof Ziegelh\u00fctte", "description": "<p>Der Gasthof Ziegelh\u00fctte verspr\u00fcht pure Gem\u00fctlichkeit.  Moderne Einrichtung in heimeligem Flair. </p><p>Neben der Gaststube mit Chemin\u00e9e befinden sich im Erdgeschoss das L\u00e4ngenbergst\u00fcbli und das urchige Angusst\u00fcbli. Im ersten Stock finden Sie den Saal (bis ca. 120 Personen) mit direktem Zugang zum Aperoplatz und der Festscheune. Ebenfalls im 1. Stock befindet sich der Seminar- und Sitzungsraum.</p><p>Im zweiten Stock liegen die heimeligen Zimmer und das Appartement.</p><p>F\u00fcr unsere Weinliebhaber ist  sicher der Weinkeller das Highlight. Und im Sommer l\u00e4dt nat\u00fcrlich die grossz\u00fcgige Gartenwirtschaft und f\u00fcr die Kinder der Spielplatz zum Verweilen ein.</p><p>Alle Infos inkl. \u00d6ffnungszeiten finden Sie auf unserer Homepage. Wir freuen uns auf Ihren Besuch und Ihre Reservationen (bitte telefonisch an +41 52 533 10 20).\n\nIhr Gasthof Ziegelh\u00fctte - Team Schaffhausen</p>", "url": "http://www.gasthofziegelhuette.ch", "image": "https://ostpimtsoch.sos-ch-dk-2.exoscale-cdn.com/catalog/d/4/e/9/d4e97fddfd278ebd2b6c6905d5d332b0a90ca6d2_9cf8944a5f75d5fdf493d73040165cf1.JPG", "openstreetmap_id": "node/9277913515"}, "geometry": {"type": "Point", "coordinates": ["8.6286781", "47.7276123"]}}, {"type": "Feature", "properties": {"identifier": "1b15b04f-6ecb-4b0e-8960-25f32d4b259b", "name": "Grand Resort Bad Ragaz", "description": "Das Grand Resort Bad Ragaz ist eine einmalige Kombination aus F\u00fcnf-Sterne-Luxusresort und erstklassiger medizinischer Expertise in der Schweiz. G\u00e4ste finden hier einen R\u00fcckzugort der Erholung und tiefgreifenden Regeneration.\n\nEs besteht aus den beiden F\u00fcnf-Sterne-Hotels Grand Hotel Quellenhof &amp; Spa Suites und Grand Hotel Hof Ragaz mit 233 luxuri\u00f6sen Zimmern und Suiten. Das Resort integriert eines der besten Gesundheitszentren Europas und bietet ein einzigartiges Health- und Wellnessangebot an. F\u00fcr kulinarische Gaument\u00e4nze stehen sieben Restaurants mit insgesamt 6 Michelin-Sternen und 76 Gault-Millau-Punkten, ein Sushi-Take-Away, ein Bistro sowie ein Caf\u00e9 zur Auswahl. Zwei Golfpl\u00e4tze, ein Meetings &amp; Events Center, das \u00f6ffentliche Thermalbad Tamina Therme und ein eigenes Casino machen jeden Aufenthalt zu einem wahren Erlebnis.", "url": "http://www.resortragaz.ch", "image": "https://ostpimtsoch.sos-ch-dk-2.exoscale-cdn.com/catalog/1/7/9/1/1791219499e715bd1e5456104b2347b4a2c2681a_ad8e1e81ceff3911653e65fe8901fcfc.jpg", "openstreetmap_id": "way/43085085"}, "geometry": {"type": "Point", "coordinates": ["9.50390330143708", "47.0004384"]}}, {"type": "Feature", "properties": {"identifier": "1b95a540-fa27-4257-bf34-4040d34532a5", "name": "Restaurant - Hotel de Charme R\u00f6merhof", "description": "Das Boutiquehotel R\u00f6merhof in Arbon verbindet historischen Charme mit modernem Komfort. Elf individuell eingerichtete Zimmer, ein von Gault Millau ausgezeichnetes Gourmetrestaurant und zwei historische Banketts\u00e4le schaffen den idealen Rahmen f\u00fcr besondere Anl\u00e4sse, Tagungen und genussvolle Aufenthalte.\n\nDie sonnige Terrasse \u00fcber den alten Stadtmauern sowie die exklusive Davidoff Cigar Lounge bieten Raum f\u00fcr Entspannung. Dank der zentralen Lage im historischen Dorfkern von Arbon und der unmittelbaren N\u00e4he zum Bodensee ist der R\u00f6merhof sowohl f\u00fcr private Aufenthalte als auch f\u00fcr gesch\u00e4ftliche Anl\u00e4sse bestens geeignet.\n\nDer R\u00f6merhof steht f\u00fcr Geschichte, Eleganz, kulinarische H\u00f6hepunkte und herzliche Gastfreundschaft.", "url": "https://www.roemerhof-arbon.ch/", "image": "https://ostpimtsoch.sos-ch-dk-2.exoscale-cdn.com/catalog/2/2/0/f/220f3becff33287399d430d12a1e358810853870_a3691b0f2e4b206a10e22b6b8429b8e4.jpg", "openstreetmap_id": "way/191210237"}, "geometry": {"type": "Point", "coordinates": ["9.43359", "47.51638"]}}, {"type": "Feature", "properties": {"identifier": "1c71b0cf-1fde-4cf7-864b-8aff5d87b1be", "name": "Jugendherberge Kreuzlingen", "description": "Eingebettet in den gr\u00f6ssten Erholungs- und Erlebnispark am Bodensee, den Seeburgpark, liegt die Jugendherberge Kreuzlingen. Untergebracht ist sie in der herrschaftlichen Villa H\u00f6rnliberg mit Balkonen zum Bodensee. Kleine G\u00e4ste freuen sich auf den nahen Spielplatz im Park, den Tierpark oder das Sea Life Konstanz. Der Bodensee l\u00e4dt zum erfrischenden Bad, einer Schiff- oder einer Kanufahrt. Die Kanus dazu k\u00f6nnen in der Jugi ausgeliehen werden. Zum Haus geh\u00f6rt ein Sportplatz mit Tischtennis. Eine Selbstkocherk\u00fcche ist nicht vorhanden. Vollpension kann aber auf Anfrage gebucht werden. Kreuzlingen ist der ideale Ausgangspunkt f\u00fcr viele Tagesausfl\u00fcge. Die sch\u00f6ne Altstadt von Kreuzlingen oder Konstanz, die H\u00e4fen und Bahnh\u00f6fe beider St\u00e4dte, Velomiete, das Seemuseum und viele lauschige Restaurants oder Pl\u00e4tzchen am Bodenseeufer sind nur wenige Gehminuten entfernt.", "url": "http://www.youthhostel.ch/kreuzlingen", "image": "https://ostpimtsoch.sos-ch-dk-2.exoscale-cdn.com/catalog/5/9/f/8/59f8422c1cb3c5fb19055dd14d6643b1cd3cb590_1dee420e895e04050258e486b44c4fb2.jpg", "openstreetmap_id": "node/1904173449"}, "geometry": {"type": "Point", "coordinates": ["9.1874778", "47.6480851"]}}, {"type": "Feature", "properties": {"identifier": "1e878d38-ea44-408c-a3de-662053342b58", "name": "Privatzimmer Hobi", "description": "Das 2 Bett-Zimmer im Parterre befindet sich an sonniger und ruhiger Lage in Valens, nur ca. 3 Gehminuten vom Thermalbad entfernt. Zum Zimmmer geh\u00f6rt ein kostenfreier Parkplatz.\n\nKomfortabel eingerichtetes Zimmer im Parterre mit Doppelbett, TV und WLAN.", "image": "https://ostpimtsoch.sos-ch-dk-2.exoscale-cdn.com/catalog/1/2/a/3/12a319c4da1063487c13fa686141d6ef5309fc67_c11f3e47e8aa9ecc2694eec3fe6022b8.jpg", "openstreetmap_id": "way/330819584"}, "geometry": {"type": "Point", "coordinates": ["9.479686215137889", "46.9688684"]}}, {"type": "Feature", "properties": {"identifier": "2035deba-3e79-41f1-b6f0-b7cd84575bc5", "name": "Vienna House by Wyndham Zur Bleiche Schaffhausen", "description": "<p>Das 4 Sterne Hotel liegt zentral zum Hauptbahnhof und der idyllischen Altstadt. Das architektonisch interessante Areal spielt mit der Geschichte der Bleiche, einem Platz, der historisch der Allgemeinheit dient.</p><p>Es ist ein zeitgeistiges Hotel f&uuml;r viele M&ouml;glichkeiten. St&auml;dtetouristen erobern die traumhaften Sehensw&uuml;rdigkeiten, Gesch&auml;ftsreisende lieben die perfekte Anbindung und Tagungsg&auml;ste haben ein Rund-Um-Paket auf h&ouml;chstem Niveau. Das ist die Schweiz von heute.</p><ul><li>130 klimatisierte Zimmer und Apartments</li><li>24 h Rezeption</li><li>Kostenfreies Highspeed WLAN &amp; mobiler Concierge</li><li>Restaurant mit Terrasse</li><li>Bar &amp; Lounge</li><li>7 flexible Meeting- &amp; Konferenzr&auml;ume, klimatisiert</li><li>500 m&sup2; Eventfl&auml;che mit variablem 300 m&sup2; Eventsaal, Foyer und kleinen Boardrooms</li><li>modernste Eventtechnik mit professioneller Betreuung</li><li>483 Tiefgaragenpl&auml;tze im &ouml;ffentlichen Parkhaus &laquo;Bahnhof&raquo; mit 2 E-Tankstellen</li></ul>", "url": "https://www.wyndhamhotels.com/de-de/vienna-house/schaffhausen-switzerland/vienna-house-zur-bleiche-schaffhausen/overview", "image": "https://ostpimtsoch.sos-ch-dk-2.exoscale-cdn.com/catalog/7/d/1/b/7d1b10f16c5ec89a72b03b9767435026fff4fadd_06335f88e68a9d4de2f382684a3a6814.jpg", "openstreetmap_id": "node/3156438855"}, "geometry": {"type": "Point", "coordinates": ["8.6321377", "47.6991974"]}}, {"type": "Feature", "properties": {"identifier": "20ccbfc8-a262-498e-b19f-df3c4aad5d62", "name": "Wohnmobil-Stellplatz Iddaburg G\u00e4hwil", "description": "Der ideale Ausgangspunkt f\u00fcr Wanderungen und Biketouren. Der Wallfahrtsort St. Iddaburg ist in einer wundersch\u00f6nen Wanderung durch idyllische Wege in ca. einer Stunde erreichbar. Ebenso sind viele sch\u00f6ne Wanderungen in sanfter H\u00fcgellandschaft direkt ab Platz m\u00f6glich. Das weitherum bekannte Kloster Fischingen ist in gut einer Stunde zu Fuss erreichbar. Die Umgebung von G\u00e4hwil eignet sich auch hervorragend f\u00fcr Biketouren oder zum Entspannen. F\u00fcr weitere Ausfl\u00fcge, z.B zur Altstadt Wil oder in die Kantonshauptstadt St.Gallen, befindet sich eine Bushaltestelle direkt beim Platz.\nPlatz sehr geeignet f\u00fcr grosse Wohnmobile.\nGen\u00fcgend Platz f\u00fcr Vereinstreffen oder Familientreffen.\nRestaurand R\u00f6ssli mit sch\u00f6ner Gartenwirtschaft f\u00fcr ein feines Essen oder zum gem\u00fctlichen zusammen sein.  300m \nTennisplatz Miet pro Std CHF. 20 inkl. Dusche\nReservationen sind m\u00f6glich per E-Mail oder Whatsapp", "url": "https://wohnmobil-stellplatz.ch/", "image": "https://ostpimtsoch.sos-ch-dk-2.exoscale-cdn.com/catalog/7/4/2/b/742b91edb38326bcc03fe1c5e48cda1c9c760470_8c7c815801281813af6f7d8606c0bf91.jpg", "openstreetmap_id": "node/8883315186"}, "geometry": {"type": "Point", "coordinates": ["9.00166", "47.39552"]}}, {"type": "Feature", "properties": {"identifier": "2195c246-9561-480f-8bb6-eb20d302bddf", "name": "Gasthaus Traube Buchs", "description": "Hier dreht sich alles um die G\u00e4ste. Um ihn, es, sie, euch, dich. Die G\u00e4ste werden mit Genuss auf dem Teller und aus dem Weinglas verw\u00f6hnt, mit Einfachem und Sch\u00f6nem, mit herzlichen Begegnungen und allerhand K\u00f6stlichem, serviert in den denkmalgesch\u00fctzten R\u00e4umlichkeiten. . Im angrenzenden neuen Boutique-Hotel trifft ein vergn\u00fcgtes Spiel mit Materialien auf Schlichtheit und Design. Hier sitzt jedes Detail. Der Garten als verbindendes Element mit mehreren kleinen, lauschigen Pl\u00e4tzen ist ein Ort zum Entdecken mitten in der Stadt. Hier verschmelzen die Tradition des Gasthauses mit dem modernen Hotel zu einer Oase der entspannten Begegnung und des ungetr\u00fcbten Genusses f\u00fcr alle Sinne.", "url": "https://gasthaus-traube.ch/de/", "image": "https://ostpimtsoch.sos-ch-dk-2.exoscale-cdn.com/catalog/b/7/5/6/b756a9ce1422221f2df6c541b855ff989f2126bd_bbeb251a77ce7dc11f1c94a5c353e499.jpg", "openstreetmap_id": "node/11160283450"}, "geometry": {"type": "Point", "coordinates": ["9.4694649", "47.1654743"]}}, {"type": "Feature", "properties": {"identifier": "223f16a8-8169-4370-b773-5d61d063dc50", "name": "Sorell Hotel Tamina - Garni", "description": "Das Sorell Hotel Tamina liegt nur 5 Gehminuten von der Tamina Therme entfernt.\n\nAlle Zimmer sind sehr ger\u00e4umig und begeistern mit einem herrlichen Panoramablick auf die Alpen. Zur Ausstattung geh\u00f6ren eine Minibar und eine Kaffeemaschine.\n\nIm modernen Restaurant k\u00f6nnen G\u00e4ste ein europ\u00e4isches Fr\u00fchst\u00fcck geniessen.", "url": "http://www.hoteltamina.ch", "image": "https://ostpimtsoch.sos-ch-dk-2.exoscale-cdn.com/catalog/1/c/9/4/1c949dc50549d616ff231c188071c66e84c7ce22_269068651545a2fdec5dabefdc0bb6e0.jpg", "openstreetmap_id": "way/231547174"}, "geometry": {"type": "Point", "coordinates": ["9.500772872301976", "47.00200675"]}}, {"type": "Feature", "properties": {"identifier": "2326cce9-21c8-4608-a167-b649ad3fa3c3", "name": "Berghotel Seebenalp", "description": "Einmalige Lage, mitten im Ski- und Wanderparadies Flumserberg. Auf 1650 m Seeh\u00f6he, ganz idyllisch gelegen mitten in der Natur - fernab vom Strassenl\u00e4rm und nur zu Fuss erreichbar. \n\nGut b\u00fcrgerliche K\u00fcche. Div. Kategorien von Zimmern. Wir freuen uns auf Ihren Besuch!\n\nIm Sommer\nDer Seebensee liegt direkt vor unserer Haust\u00fcre. Ca. 1 Stunde Fussmarsch vom Maschgenkamm und ca. 1.5 Stunden vom Tannenboden. \n\nIm Winter\nSind wir zu Fuss \u00fcber den Winterwanderweg vom Tannenboden oder mit Skis oder Snowboard zu erreichen.", "url": "http://www.seebenalp.ch", "image": "https://ostpimtsoch.sos-ch-dk-2.exoscale-cdn.com/catalog/6/a/9/d/6a9df9cd6cd70fb6d45f3e5853c5e671b8418590_99c5b3d6dff641f51c85d9873344050a.jpg", "openstreetmap_id": "way/190606656"}, "geometry": {"type": "Point", "coordinates": ["9.248347277089128", "47.0804291"]}}, {"type": "Feature", "properties": {"identifier": "234184b5-1fac-4997-bdbc-94f030a9a86d", "name": "Anni's B&B", "description": "Das heimelige Wohnzimmer mit TV sowie Radio und das lauschige Pl\u00e4tzchen im Garten laden zum Verweilen ein.\n\nGem\u00fctliche Zimmer wie zu Grossmutters Zeiten erwarten Sie. Sch\u00f6ne Bettw\u00e4sche von damals, Spitzenleint\u00fccher und Federdecke laden zur Erholung und Entspannung ein.\n\nNachhaltigkeit ist unsere Devise.\n\nVorhandenes lassen wir wieder aufleben.\n\nRadfahrer, Pilger und Wanderer sind sehr willkommen.\nDie Veloroute um den Bodensee f\u00fchrt nahe am Haus vorbei.\nVom Bahnhof Stein am Rhein, ostw\u00e4rts, circa 800 Meter links abbiegen, \u00fcber Gleise und Strasse gelangen Sie zum H\u00f6flerweg 1.", "url": "http://www.annisbnb.ch/", "image": "https://ostpimtsoch.sos-ch-dk-2.exoscale-cdn.com/catalog/3/3/2/4/33240fb21c994559a3cef3ef7921c20ee3b53990_56e6df6693147b5f642fd82dbb808ae7.jpg", "openstreetmap_id": "way/98056751"}, "geometry": {"type": "Point", "coordinates": ["8.868393404571107", "47.6498069"]}}, {"type": "Feature", "properties": {"identifier": "238aec76-22c6-4c60-b36e-e7a8efd723af", "name": "Hotel Flawil", "description": "<p>12 Zimmer mit total 22 Betten und eine Suite bieten den Gesch&auml;fts- und Privatreisenden 3 Sterne Komfort auf h&ouml;chstem Niveau. Die Zimmer sind gem&uuml;tlich-funktional eingerichtet und erf&uuml;llen die W&uuml;nsche von Gesch&auml;ftsreisenden von heute. Daneben verf&uuml;gen das Hotel &uuml;ber sieben Appartements / Studios zur Langzeitvermietung. Eine Offerte kann hier angefragt werden.&nbsp;</p>", "url": "http://www.hotelflawil.ch/", "image": "https://ostpimtsoch.sos-ch-dk-2.exoscale-cdn.com/catalog/7/1/6/4/7164f306ad1c0eb256ad1e5b4a0e3801a924028f_07bc89b1fc780ae8c8ccc71dcbea6caf.jpg", "openstreetmap_id": "way/503331913"}, "geometry": {"type": "Point", "coordinates": ["9.187135", "47.4139972"]}}, {"type": "Feature", "properties": {"identifier": "23d5aa4b-d45a-43aa-8326-c8c119cf85d4", "name": "Hotel Sch\u00e4fli", "description": "Ob Gesch\u00e4ftsreise, Urlaub oder Wochenendtrip \u2013 die G\u00e4ste geniessen hier alle Annehmlichkeiten f\u00fcr einen gelungenen Aufenthalt zu einem hervorragenden Preis-Leistungs-Verh\u00e4ltnis.\n\nDie geschmackvollen, modern designten Zimmer bieten eine warme, freundliche Atmosph\u00e4re und stilvolle Behaglichkeit. Ganz im Sinne eines zukunftsweisenden Hotelkonzepts wurde zugunsten tieferer Preise bewusst auf Rezeption und Restaurant verzichtet. So verl\u00e4uft der Check-in-Prozess unkompliziert \u00fcber einen Automaten, und f\u00fcr eine kleine St\u00e4rkung zwischendurch stehen Snacks sowie warme und kalte Getr\u00e4nke in der gem\u00fctlichen Lounge bereit. Auch spontane G\u00e4ste sind jederzeit ohne Reservation herzlich willkommen.", "url": "https://www.schaefli-uzwil.ch/", "image": "https://ostpimtsoch.sos-ch-dk-2.exoscale-cdn.com/catalog/5/a/8/9/5a897b7bbc76e5a99c4c0690aac21b2491eeffa5_3c5dbfd87af7d3dc6b08d1d1e3054e43.jpg", "openstreetmap_id": "way/195805902"}, "geometry": {"type": "Point", "coordinates": ["9.136344194412233", "47.44038851073989"]}}, {"type": "Feature", "properties": {"identifier": "24283f41-f13d-4d58-ab05-cfa1bd1958ca", "name": "Hotel Caf\u00e9 Mozart", "description": "<p data-start=\"0\" data-end=\"231\">Das Hotel Caf&eacute; Mozart liegt direkt am Bodensee.&nbsp;</p><p data-start=\"233\" data-end=\"629\">Neben feinen Kaffeespezialit&auml;ten und hausgemachten Kuchen erwartet die G&auml;ste eine erlesene Auswahl an Weinen im Offenausschank sowie kleine, salzige Alternativen f&uuml;r den genussvollen Ap&eacute;ro. Ob f&uuml;r den entspannten Nachmittagskaffee, ein Gesch&auml;ftstreffen oder einen stilvollen Sonntagsbrunch &ndash; das Caf&eacute; im Hotel Mozart bietet den passenden Rahmen mit pers&ouml;nlichem Service und hoher Qualit&auml;t.</p>", "url": "https://mozart-rorschach.ch", "image": "https://ostpimtsoch.sos-ch-dk-2.exoscale-cdn.com/catalog/a/2/4/4/a244ee4a99c80196e29c8574b031fcf31e89de61_5526923e09c92f663e4ae455ad2abed3.jpg", "openstreetmap_id": "way/327977307"}, "geometry": {"type": "Point", "coordinates": ["9.4910594", "47.479093"]}}, {"type": "Feature", "properties": {"identifier": "245192c3-ec22-43fe-8a5c-a634507e05c3", "name": "Bauernhof Bohl", "description": "<div><p><strong>Ausstattung</strong></p><ul><li>Schlafzimmer mit Doppelbett</li><li>Schlafzimmer mit zwei Einzelbetten (f&uuml;r Erwachsene und Kinder geeignet)</li><li>Badezimmer mit Dusche</li><li>K&uuml;che mit Wohn- &amp; Essbereich und TV</li><li>Spiele f&uuml;r Kinder</li><li>Raclette- und Fonduegeschirr</li><li>Ruhige Lage mit sch&ouml;ner Aussicht</li></ul><p><strong>Aussenbereich</strong></p><ul><li>Gartensitzplatz mit Chemin&eacute;e</li><li>Kleiner Spielplatz</li><li>Spielsachen zur Mitbenutzung</li></ul><p><strong>Bauernhof</strong></p><ul><li>Besonders bei Kindern sehr beliebt</li><li>Milchk&uuml;he, K&auml;lblein, Katzen, Hasen</li><li>Gerne d&uuml;rft ihr bei uns im Stall vorbeischauen</li></ul><p><strong>Lage &amp; Umgebung</strong></p><ul><li>Gratis Aussenparkplatz direkt beim Haus</li><li>Dorf Stein in 2 Minuten zu Fuss erreichbar mit B&auml;ckerei und kleinem 24h-Shop</li><li>Katzensprung zum Fluss Thur (Thurweg und im Sommer wundersch&ouml;n zum Baden)</li><li>Einkaufsm&ouml;glichkeiten (Migros, Coop, Drogerie) in 5 Autominuten</li><li>Wander- und Skigebiet Ch&auml;serrugg mit dem &Ouml;V oder in 7 Autominuten erreichbar</li><li>Wander- und Skigebiet Wildhaus mit dem &Ouml;V oder in 12 Autominuten erreichbar</li><li>Wander- und Skigebiet Wolzenalp mit dem &Ouml;V oder in 10 Autominuten erreichbar</li><li>S&auml;ntis oder Schw&auml;galp in 15 Autominuten</li><li>Verschiedene Wanderungen vor der Haust&uuml;re, z.\u202fB. Thurweg, Stockberg, Goggeien, Speer (Europas h&ouml;chster Nagelfluh-Berg) und vieles mehr</li></ul><p><strong>Nahe gelegene St&auml;dte</strong></p><ul><li>St. Gallen: 49 min</li><li>Z&uuml;rich: 1 h 07 min</li><li>Luzern: 1 h 35 min</li><li>Chur: 54 min</li></ul><p><strong>Preis</strong><br>CHF 125.&ndash; pro Nacht, plus CHF 100.&ndash; f&uuml;r die Endreinigung.</p></div>", "image": "https://ostpimtsoch.sos-ch-dk-2.exoscale-cdn.com/catalog/5/c/0/4/5c0477deb34c59ae617dcd27b3a4f936b48b245e_fe4291c9d6753d452896341462a92479.JPG", "openstreetmap_id": "node/2705315303"}, "geometry": {"type": "Point", "coordinates": ["9.22616215143497", "47.19726707848858"]}}, {"type": "Feature", "properties": {"identifier": "24a09d62-fd9c-4149-a4da-597f161495f4", "name": "Baderhaus - Ferien im Baudenkmal", "description": "Die Geschichte des Baderhauses zieht sich durch die Jahrhunderte, in denen das Haus erweitert und umgebaut wurde, die heutigen verschachtelten Raum- und Besitzverh\u00e4ltnisse zeugen von diesem steten Wandel. Im Jahr 2018 konnte der damals leerstehende Teil des Hauses vom heutigen Eigent\u00fcmer, einem in der Stadt lebenden Architekten, erworben werden. Er hat das Baderhaus vor dem Verfall gerettet und mit viel Engagement in eine nachhaltige Zukunft gef\u00fchrt. Dank der Vermietung des Baderhauses durch die Stiftung Ferien im Baudenkmal wird das Haus f\u00fcr die \u00d6ffentlichkeit erlebbar gemacht und seine Geschichte weitererz\u00e4hlt.\n\nTrotz der dichten Bebauung der Altstadt bietet das Baderhaus einen einladenden Aussenraum, von dem aus man das Treiben in der Hintergasse und am Unteren Brunnen beobachten kann.\n\nDas mittelalterliche Geb\u00e4ude bietet in zwei ger\u00e4umigen Zimmern Platz f\u00fcr bis zu vier Personen und ein Kleinkind. \n\nNeunkirch ist ein historisches Landst\u00e4dtchen mit mittelalterlichem Charme und z\u00e4hlt zu den regional bedeutsamen Ortsbildern. Es liegt zudem im Regionalen Naturpark Schaffhausen, der sich \u00fcber die landschaftlich charakteristischen Gebiete Randen, S\u00fcdranden, Hochrhein, Klettgau und Reiat erstreckt und viele naturnahe Ausflugsziele bietet, die zu Fuss oder mit dem Fahrrad erreicht werden k\u00f6nnen.", "url": "https://ferienimbaudenkmal.ch/", "image": "https://ostpimtsoch.sos-ch-dk-2.exoscale-cdn.com/catalog/8/a/a/6/8aa60eb17fee11cb3cbaf95552f028f0322b1777_d2c1615ad45bb925011510489d05166d.jpg", "openstreetmap_id": "node/3217323047"}, "geometry": {"type": "Point", "coordinates": ["8.4977918", "47.689933"]}}, {"type": "Feature", "properties": {"identifier": "24e4c812-a0ea-4c51-abe8-feb34325a4d5", "name": "Bergnest Wildhaus", "description": "<p><strong>Eure Auszeit in der Wildhauser Bergwelt</strong><br>Unsere rauchfreien\u00a06 Doppelzimmer und 3 Einzelzimmer mit alpinem Charme verf\u00fcgen \u00fcber WC, Dusche, Lavabo, TV, WLAN und teilweise \u00fcber einen Balkon (Strassenseite).<br>Hier geniesst ihr eine entspannte Atmosph\u00e4re, atemberaubende Bergpanoramen und ein reichhaltiges regionales Fr\u00fchst\u00fcck, das euch perfekt in den Tag starten l\u00e4sst.<br>Die hervorragende Lage eignet sich bestens f\u00fcr Wanderungen, Skiausfl\u00fcge und Naturerlebnisse. Die Postauto- und Skibushaltestelle ist 200\u202fm entfernt.<br>Neben den Zimmern bieten wir auch zwei einfache, komplett eingerichtete 3.5- und 5.5-Zimmer-Ferienwohnungen an.</p>", "url": "https://www.bergnest-wildhaus.ch", "image": "https://ostpimtsoch.sos-ch-dk-2.exoscale-cdn.com/catalog/d/4/8/1/d48160267ab0967c1f6e5eea1e5b4cfe48dcabdd_a27391dbd4c0e4596ba0cdb8b32c7feb.jpg", "openstreetmap_id": "way/223856388"}, "geometry": {"type": "Point", "coordinates": ["9.3411086", "47.2018356"]}}, {"type": "Feature", "properties": {"identifier": "2543c195-ed5f-44d9-847b-843fd3389500", "name": "Schwendih\u00f6ckli (CharmingStay)", "description": "Charmantes 4.5-Zimmer Chalet aus Holz mit atemberaubender Aussicht auf die sch\u00f6nen Churfirsten und den blauen Walensee. Etwa 1 km vom Zentrum Tannenboden entfernt.", "url": "https://www.charmingstay.ch", "image": "https://ostpimtsoch.sos-ch-dk-2.exoscale-cdn.com/catalog/8/c/7/e/8c7e555ae1cab5cb2f6208418479f19045b99f57_f4ea2af260b90101e25b1c0ebb914890.JPG", "openstreetmap_id": "node/294246246"}, "geometry": {"type": "Point", "coordinates": ["9.284846050000004", "47.096666850000005"]}}, {"type": "Feature", "properties": {"identifier": "26693d55-c3dc-4b1a-8c56-0c94d26b1585", "name": "Ferienhaus Schl\u00f6ssli Herrenhof", "description": "Das Schl\u00f6ssli Herrenhof in Langrickenbach wurde im 18. Jahrhundert als Sitz einer einflussreichen Familie erbaut, verfiel aber nach einigen Besitzerwechsel zunehmend. Eine Kreuzlinger Unternehmerfamilie erwarb und p\u00e4ppelte es wieder auf. Heute steht Schloss Herrenhof als Veranstaltungsort und prachtvolle Unterkunft G\u00e4sten zur Verf\u00fcgung. Im Haupthaus gibt es f\u00fcnf Doppelzimmer, eines davon im Dachgeschoss mit Blick auf den Bodensee. Der historische Kartoffelkeller eignet sich f\u00fcr Feste wie Hochzeiten oder Geburtstagspartys mit besonderem Ambiente. Ein riesiger Kamin (es darf gegrillt werden) und historische Einrichtung mit viel Holz erzeugen eine gem\u00fctlich rustikale Atmosph\u00e4re. Gaming-Raum mit Tischtennis, Billard und weiteren Spielen sowie ein riesiger Garten mit Gasgrill und viel Privatsph\u00e4re vervollst\u00e4ndigen den Freizeitspass. F\u00fcr zehn zus\u00e4tzliche G\u00e4ste im Massenschlag bietet das Nebengeb\u00e4ude Platz. Im Erdgeschoss wohnen die Gastgebenden. Dennoch bleiben 600 Quadratmeter im Schl\u00f6ssli zur alleinigen Nutzung der G\u00e4ste. ", "url": "https://www.schloessli-herrenhof.com/", "image": "https://ostpimtsoch.sos-ch-dk-2.exoscale-cdn.com/catalog/c/f/4/e/cf4e5328bfbcac7a51c36d3b1d652b9f96211dd3_dd9774ac8181434a345e20c6a8e605d2.jpg", "openstreetmap_id": "node/12304097018"}, "geometry": {"type": "Point", "coordinates": ["9.2443197", "47.59655"]}}, {"type": "Feature", "properties": {"identifier": "26b69b60-26ce-4c5a-8eae-b1a74198bb09", "name": "Heidi Holiday - Grand Maisonette-Attica", "description": "Die 5.5-Zimmerwohnung befindet sich in der N\u00e4he eines Weinguts und ist sehr l\u00e4ndlich gelegen. Vom Balkon aus k\u00f6nnen Sie die tolle Aussicht auf die B\u00fcndner Herrschaft geniessen. Ein Aussenparkplatz steht kostenlos zur Verf\u00fcgung.", "image": "https://ostpimtsoch.sos-ch-dk-2.exoscale-cdn.com/catalog/0/0/9/6/0096da16632cbc962e461d53a6d1abf859b3bc67_4b07c275533fc940fa0c1855e19f5ee0.jpg", "openstreetmap_id": "way/198377806"}, "geometry": {"type": "Point", "coordinates": ["9.560760855674745", "46.998054710470875"]}}, {"type": "Feature", "properties": {"identifier": "28aed697-f6ef-4eb0-a8d9-98753284d04b", "name": "Ferienwohnung Studio Sunehus", "description": "<p>Verbringen Sie Zeit in unserem Studio in einem modernen ikonischem Holzhaus in ruhiger Umgebung. Per Bahn oder Bus dauert es weniger als eine Stunde ins Zentrum von St. Gallen und etwas &uuml;ber eine Stunde nach Z&uuml;rich. Eindr&uuml;cklicher Wohnort mit toller Aussicht in die Berge. Frisch umgebaut inklusive kleiner Kochnische und komfortablem Interieur, um sich erholen zu k&ouml;nnen.</p><p>Mindestaufenthalt: 3 N&auml;chte</p>", "url": "http://www.sunehus.ch", "image": "https://ostpimtsoch.sos-ch-dk-2.exoscale-cdn.com/catalog/6/9/3/c/693c888891f7727fe0dac337be8e39c8b6257bb4_cd87a53ac2fdaec4cf7ede606dd4142b.webp", "openstreetmap_id": "196015216"}, "geometry": {"type": "Point", "coordinates": ["9.35565233230591", "47.39662806281125"]}}, {"type": "Feature", "properties": {"identifier": "29d73c12-db5a-48d5-a3e4-9714fc47e4dd", "name": "Ferienwohnung M\u00e4tz (Whg. Tautscher)", "description": "Die im Jahr 2022 erbaute und neue Ferienwohnung M\u00e4tz liegt mitten im Zentrum Flumserberg Tannenheim, 5 Gehminuten von der Haust\u00fcre bis zur Talstation Prodalp-Express und bietet eine sch\u00f6ne Aussicht auf die Berge. Im gleichen Geb\u00e4ude finden Sie das einzigartige Restaurant m\u00e4tz dine. Einkaufsm\u00f6glichkeiten sind 5 Minuten zu Fuss entfernt.", "image": "https://ostpimtsoch.sos-ch-dk-2.exoscale-cdn.com/catalog/4/d/1/7/4d1786139579e26ce3ab0093984bec61f215f20a_edc54e424a08a63817380aa9c6cb9a3a.jpeg", "openstreetmap_id": "way/321791780"}, "geometry": {"type": "Point", "coordinates": ["9.30443825", "47.09053425"]}}, {"type": "Feature", "properties": {"identifier": "29fe4bb6-2356-4e6e-880c-bad803766ca1", "name": "BnB Undergass", "description": "Unser stilvolles Bijou eignet sich f\u00fcr Paare oder Familien mit kleinen Kindern.\nSauna, privater Garten und Fitnessraum, Waschmaschine und Tumbler auf Anfrage nutzbar.\n\nF\u00fcr Actionliebhaber bietet unsere Region zahlreiche M\u00f6glichkeiten von Skifahren \u00fcber Biken und Wandern bis zu rasanten Rodelfahrten.\nSie sind 3 min von der Bushaltestelle und 5 min vom Banhof Mels entfernt. Die Flumserberge lassen sich mit dem Auto oder Skibus in 20 min erreichen.", "image": "https://ostpimtsoch.sos-ch-dk-2.exoscale-cdn.com/catalog/3/3/8/e/338ec15d111cb9674e800164ab99083d22243ec1_d915fd8d4481c2af46c1209573c27e4c.jpeg", "openstreetmap_id": "way/26413251"}, "geometry": {"type": "Point", "coordinates": ["9.416962265968325", "47.056375163360684"]}}, {"type": "Feature", "properties": {"identifier": "2a1ade73-10fc-47ff-8428-d229634b0750", "name": "B&B This Bett", "description": "<p>Das Bed and Breakfast \"This Bett \" liegt in kurzer Gehdistanz zur Altstadt, dem Rhein und dem Naherholungsgebiet Randen.</p><p>In der Villa mit Geschichte, umgeben vom wildromantischen Garten erwarten die G\u00e4ste grossz\u00fcgige R\u00e4ume und ein lauschiger Gartensitzplatz um sich zu erholen und ihre Ferien zu geniessen. Dar\u00fcber hinaus gibt es einen separaten Arbeitsplatz mit WLAN und die M\u00f6glichkeit im Wohnbereich ein zweites Bett zu nutzen.</p><p>Stadt und Land k\u00f6nnen von hier aus unkompliziert zu Fuss, mit dem Velo, \u00d6V  oder dem Auto erkundet werden. Kulturell Interessierte, Wanderv\u00f6gel , Velofahrer, Gesch\u00e4ftsleute - wir sind offen f\u00fcr Begegnungen mit Menschen allen Alters.</p><p>Gerne verw\u00f6hnen wir unsere G\u00e4ste optional auch mit einem Fr\u00fchst\u00fcck, diversen kulinarischen Angeboten oder einer Fussreflexzonenmassage.</p>", "url": "https://www.thisbett.ch", "image": "https://ostpimtsoch.sos-ch-dk-2.exoscale-cdn.com/catalog/e/8/7/0/e8700a062ca5bd62a102087451ae77627a82232e_e505320ec250c50d2253316bb6ac567f.jpeg", "openstreetmap_id": "way/218177120"}, "geometry": {"type": "Point", "coordinates": ["8.625958700475486", "47.6981605"]}}, {"type": "Feature", "properties": {"identifier": "2acbce4d-2e75-4da4-bfae-4521076c8761", "name": "Gastwirtschaft zum Dornhof", "description": "Die Gastwirtschaft Dornhof liegt in Steinebrunn mit Blick auf Romanshorn und den Bodensee. In der gem\u00fctlich eingerichteten Gaststube oder im Garten geniessen G\u00e4ste ein kleines aber feines Angebot aus der saisonalen K\u00fcche oder ein feines Dessert. Eine Getr\u00e4nkekarte mit vielen Spezialit\u00e4ten rundet das Angebot ab. Ob nach einem Spaziergang, einer ausgiebigen Velotour oder einfach so, in der Gastwirtschaft Dornhof l\u00e4sst es sich herrlich geniessen. \n\nEin in die Gaststube integrierter Geschenkladen sorgt f\u00fcr eine st\u00e4ndig wechselnde saisonale Atmosph\u00e4re und Dekoration im Lokal. Viele Blumen sowie Tiere rund ums Haus und ein kleiner Spielplatz erfreuen Gross und Klein.\n\nDie zwei gem\u00fctlich eingerichteten G\u00e4stezimmer mit Gemeinschaftsbad runden das Angebot ab. G\u00e4ste geniessen hier die Ruhe im Unterdorf von Steinebrunn und die famili\u00e4re Gastfreundschaft. Ideal f\u00fcr einen Kurzurlaub oder f\u00fcr Besucher auf der Durchreise.", "url": "http://www.dornhof-tg.ch/", "image": "https://ostpimtsoch.sos-ch-dk-2.exoscale-cdn.com/catalog/a/8/8/3/a88355f983ee13264d0eb55a0271f3416b8bd2e6_70887d0703cf5eb8a4c662acbd9f914b.JPG", "openstreetmap_id": "424081691.0"}, "geometry": {"type": "Point", "coordinates": ["9.3426773", "47.5359263"]}}, {"type": "Feature", "properties": {"identifier": "2c9f48c1-51b0-4a9c-bd69-d7457546b2d7", "name": "Bed and Breakfast Sirnach", "description": "Dieses modern eingerichtete Studio liegt im s\u00fcdlichen Thurgau, in der Region Wil bei St. Gallen. Es erfreut mit komfortabler Ausstattung. Ein eigener Eingang, Sitzplatz und Grossbildfernseher stehen zur Verf\u00fcgung. Verspannte R\u00fccken werden von einem Whirlpool, Box-Spring-Bett, Massagesessel und Massagedusche verw\u00f6hnt. Auch f\u00fcr die Arbeit im Homeoffice ist das Studio ausger\u00fcstet und verf\u00fcgt \u00fcber das elektronische Equipment auf neustem Stand. Im Sommer macht man es sich auf der sonnigen Terrasse gem\u00fctlich. Auch hier ist Arbeiten m\u00f6glich. Ein geheizter Pool l\u00e4dt zum Schwimmen ein. Kaffeemaschine, Teekocher und ein K\u00fchlschrank stehen zur Verf\u00fcgung. Verschiedene Snacks oder Getr\u00e4nke k\u00f6nnen gegen Geb\u00fchr bezogen werden, wobei nicht alkoholische aufs Haus gehen. Neben dem Fr\u00fchst\u00fcck wird auf Wunsch auch Mittag- oder Abendessen angeboten. Grill und Esstisch k\u00f6nnen mitbenutzt werden. Trotz der ruhigen Lage am Rande von Sirnach ist der Weg zum \u00f6ffentlichen Verkehr kurz. Mit dem Auto erreicht man innerhalb von 10 bis 30 Minuten Wil, St. Gallen oder den Flughafen Z\u00fcrich.", "url": "https://www.bnbsirnach.ch/", "image": "https://ostpimtsoch.sos-ch-dk-2.exoscale-cdn.com/catalog/1/c/1/0/1c102395d383ced3fd800d28132d398e286aeaea_e91dd9386eeede79d86123bb57e7992c.JPG", "openstreetmap_id": "way/38693471"}, "geometry": {"type": "Point", "coordinates": ["8.983275890350344", "47.46221851778669"]}}, {"type": "Feature", "properties": {"identifier": "2e5d1a4e-7bc2-4eeb-be0b-679833412f2c", "name": "Hirschen Wald - Gasthaus & B\u00e4ckerei", "description": "Etwas mehr als tausend Meter \u00fcber Meer, umgeben von Wiesen und W\u00e4ldern, hier steht der Hirschen Wald. Ein stattliches Gasthaus im freundlichen Appenzellerland.\n\nEine selbstverst\u00e4ndliche fr\u00f6hliche Gastlichkeit, eine gepflegte K\u00fcche, um die sich die Besitzer selber k\u00fcmmern. Das alles geh\u00f6rt im Hirschen Wald zur Tradition. Die zwei gem\u00fctlichen Gaststuben, das 250 Jahre alte Wandbuffet, der alte Holzbackofen, sie wissen davon zu berichten. Hier lassen sich die Feste feiern, wie sie fallen.\n\nDie Hotelzimmer im Hirschen, geschmackvoll eingerichtet, sind hell und komfortabel. Jedes hat Dusche/WC, TV und Wifi. In jedem ist es l\u00e4ndlich still. Und aus den Fenstern sieht jeder Gast sein eigenes St\u00fcckchen Appenzell. \n\nIm alten Backofen wird auch heute noch fast t\u00e4glich gebacken. Seit drei Generationen duftet es im Hirschen nach frischem Brot und nach den kleinen, weit herum bekannten Geb\u00e4cken. Sie werden nach sorgsam geh\u00fcteten Familienrezepten hergestellt.\n\nBuchst\u00e4blich an der Haust\u00fcre des Hirschen ziehen Wanderwege vorbei. Sie f\u00fchren \u00fcber H\u00fcgel, durch W\u00e4lder, querfeldein. Und mehr als das, sie f\u00fchren unmerklich aus der Hetze, dem Stress heraus, an einem schattigen Baum, an einem abgelegenen Geh\u00f6ft vorbei, immer weiter in die Stille. Es ist nicht weit zum Bodensee, zum St\u00e4dtchen Appenzell, oder hinauf in den Alpstein. Auch St. Gallen, mit seinen Museen, seinen Kinos, seinem Theater, ist leicht zu erreichen.\n\nDie Familie Mettler freut sich, die G\u00e4ste in ihrem Haus zu begr\u00fcssen.", "url": "https://www.hirschenwald.ch", "image": "https://ostpimtsoch.sos-ch-dk-2.exoscale-cdn.com/catalog/2/7/9/0/27907fd470077439c1615c2d83a644be2585f84a_26b36cf4e80576357d6758bb66b4fd70.jpg", "openstreetmap_id": "node/10743463642"}, "geometry": {"type": "Point", "coordinates": ["9.504600763320925", "47.41903548921606"]}}, {"type": "Feature", "properties": {"identifier": "2f36417e-6a42-43b9-bdea-13c9f018bfcc", "name": "Hotel NewStar", "description": "Das Hotel NewStar verbindet Qualit\u00e4t und professionellen Service mit einem attraktiven Preis. Die 57 Zimmer bieten mit angemessenen Wohn- und Arbeitsbereichen eine stilvolle Atmosph\u00e4re f\u00fcr G\u00e4ste auf Gesch\u00e4ftsreise.\n\nMit modernen Sitzungs- und Konferenzr\u00e4umen ist das Hotel Newstar auch f\u00fcr Business-Meetings, Tagungen oder Workshops f\u00fcr bis zu 80 Personen geeignet. Die G\u00e4ste profitieren von einem idealen Standort mit optimaler Verkehrsanbindung und Parkm\u00f6glichkeiten direkt vor dem Haus.", "url": "http://newstar.ch", "image": "https://ostpimtsoch.sos-ch-dk-2.exoscale-cdn.com/catalog/3/8/a/6/38a6fad9fdc69e6a4a80b4ede38ed05ffffb261f_b318df9c25217fabf5ccdaa08144a1a9.jpg", "openstreetmap_id": "node/4231981291"}, "geometry": {"type": "Point", "coordinates": ["9.311135899999954", "47.4077003"]}}, {"type": "Feature", "properties": {"identifier": "2f71932d-5846-4799-acb4-8267f8c931cd", "name": "Haus Steinbock", "description": "Das Haus Steinbock befindet sich eingebettet im Zentrum vom Tannenboden am Flumserberg. Nur 150 Meter von den n\u00e4chsten Skipisten und Skiliften entfernt. Ebenfalls liegen Wanderwege, Bikerstrecken und Einkaufsm\u00f6glichkeiten in unmittelbarer N\u00e4he. So ist das Haus Steinbock f\u00fcr Ruhesuchende, Aktive und Geniesser der ideale Ausgangsort f\u00fcr ein paar Tage Urlaub. Im Steinbock finden Sie komfortable Zimmer mit Bad oder Dusche/WC, Haarf\u00f6n, Fernseher und Radio. Das Haus ist mit einem Lift ausgestattet. Diverse Zimmer sind zudem mit ausziehbarer Couch eingerichtet, welche als Zusatzbett f\u00fcr 1-2 Personen verwendet werden kann.\n\nBIKEHOTEL HEIDILAND: Das Haus Steinbock ist mit dem G\u00fctesiegel \u00abBikehotel Heidiland\u00bb ausgezeichnet. Radfahrer profitieren hier von einem abschliessbaren Abstellraum, einer zweckm\u00e4ssig eingerichteten Werkstatt, einem Waschplatz, einem W\u00e4scheservice und weiteren Dienstleistungen.", "url": "https://tannenboden.ch/", "image": "https://ostpimtsoch.sos-ch-dk-2.exoscale-cdn.com/catalog/c/c/9/f/cc9f93b2ccdebedd491ffdf1315226192db26e94_735c783200d9fe6bb6fdb9eddad918e9.jpg", "openstreetmap_id": "way/294246381"}, "geometry": {"type": "Point", "coordinates": ["9.287109895179386", "47.092780399999995"]}}, {"type": "Feature", "properties": {"identifier": "30b48340-99e7-4e47-85e4-afb593c19a90", "name": "Berg & Bett S\u00e4ntis Lodge", "description": "Die teilrenovierte Berg & Bett S\u00e4ntis Lodge ist Hotel und gleichzeitig auch Angebots- und Service-Hub f\u00fcr die Ferienh\u00e4user mit gemeinsamer Rezeption, Kino, Lounge, grossem Garten sowie einem familienfreundlichen Restaurant. \n\nOb Sie sich lieber im gem\u00fctlichen Doppel- oder Familienzimmer in die weiche Decke kuscheln oder die Bewegungsfreiheit im eigenen Appartement geniessen, in der Berg & Bett S\u00e4ntis Lodge finden Sie alles unter einem Dach.", "url": "https://bergundbett.ch/saentis-lodge/", "image": "https://ostpimtsoch.sos-ch-dk-2.exoscale-cdn.com/catalog/3/d/3/0/3d30126f00e51dfa77be10eea3b998dc6b3588b4_08bdc6a7bb250f6275f856e0a75a6085.jpg", "openstreetmap_id": "node/222237524"}, "geometry": {"type": "Point", "coordinates": ["9.313292281436155", "47.196329839515"]}}, {"type": "Feature", "properties": {"identifier": "318dea22-ad7b-470b-9626-4de8df1d724c", "name": "Ferienwohnung GLORIOS", "description": "<p>Im Zentrum in lieblicher H&uuml;gellandschaft gelegenem Biedermeier Haus begr&uuml;ssen wir Sie im Kurort Heiden oberhalb des Bodensees. Die stilistisch neu renovierte heimelige Wohnung l&auml;dt zur Erholung und zum gem&uuml;tlichen Verweilen ein. 5 Minuten Fussweg zu den Postautoverbindungen und 10 Minuten Fussweg zum Bahnhof Heiden sind attraktive alternativen zum Auto und tragen somit zu einem umweltbewussten Umgang bei.<br>Vermietung: wochenweise</p>", "image": "https://ostpimtsoch.sos-ch-dk-2.exoscale-cdn.com/catalog/9/6/4/9/96496ed3cb102a96b6cad6a89171fcea9d786ef4_8243b5256b68bcb628454d34973b8941.jpg", "openstreetmap_id": "way/253241570"}, "geometry": {"type": "Point", "coordinates": ["9.53499549881651", "47.44340475"]}}, {"type": "Feature", "properties": {"identifier": "3206eca3-86c7-43b6-8c07-77b1854fddeb", "name": "Haus Erika, Hausteil", "description": "<p>Da es ein Patrizierhaus ist, sind die Decken im Vergleich zu den typischen Appenzellerh\u00e4usern hoch (2,20 m), f\u00fcr gro\u00dfe Personen angenehmer. Das Hausteil zeigt Richtung S\u00e4ntis. Die K\u00fcche ist ger\u00e4umig mit einem Esstisch und voll ausgestattet mit Koch- und Backutensilien. Hochsitz f\u00fcr Kleinkinder vorhanden sowie verschiedene Kaffeemaschinen. Die Schlafzimmer sind auf dem 1. und 2. Stock verteilt und sehr sonnig, Baby-/Kleinkinderbett bei Bedarf vorhanden. Die Dusche im Badezimmer ist gro\u00df (1,20m x 1,20m). Ein zus\u00e4tzliches separates WC vorhanden. Im Keller befindet sich die Waschmaschine und der Tumbler. Man kann auch nur EG und 1. Stock buchen.</p><p></p><p>Aus organisatorischen Gr\u00fcnden Vermietung ausschliesslich \u00fcber airbnb. </p><p></p><p>Mindestaufenthalt: 2 N\u00e4chte</p>", "image": "https://ostpimtsoch.sos-ch-dk-2.exoscale-cdn.com/catalog/7/2/2/c/722ce6e37682b903c00681b7b5f3a653aceb2341_a1cfc2fe293ee9d75e4afd97f6bffe06.jpg", "openstreetmap_id": "550486173"}, "geometry": {"type": "Point", "coordinates": ["9.443322068472336", "47.357401510988154"]}}, {"type": "Feature", "properties": {"identifier": "3255b724-1d67-436b-aae6-d3e9c0d0989b", "name": "B&B chez Lise", "description": "<p>Die Inhaberin, Lise Frischknecht, zaubert f&uuml;r ihre G&auml;ste k&ouml;stliche Gerichte und macht den Aufenthalt zu einem echt authentischen Erlebnis. Auf Anfrage erhaspeln Sie sogar einen Einblick in den beachtlichen Weinkeller Die unmittelbare Lage zum Zentrums erm&ouml;glicht Ausflugstipps diverser Art wie Wandern, Museumsbesuche, Langlaufen, Schneeschuhwandern, Schwimmen im Freibad und viele mehr. Erleben Sie nachhaltigen Komfort im BnB Chez Lise, wo Solaranlage, Luftw&auml;rmepumpe und konsequente Abfalltrennung f&uuml;r eine umweltfreundliche Auszeit sorgen. Auf Anfrage k&ouml;nnen Kochkurse und Weindegustationen gebucht werden.</p>", "url": "http://chezlise.ch/", "image": "https://ostpimtsoch.sos-ch-dk-2.exoscale-cdn.com/catalog/b/3/d/0/b3d0b06f435a19c96a11b3f79a3507e5097da05e_11200a191f20e1e185019709d83385e8.jpeg", "openstreetmap_id": "264867188"}, "geometry": {"type": "Point", "coordinates": ["9.2813184", "47.3140021"]}}, {"type": "Feature", "properties": {"identifier": "32a2d570-784c-42cd-9a6b-d7616e3bd1e5", "name": "Schloss Wartegg", "description": "Ein Ort, in dem Sorgfalt gross geschrieben wird: im Umgang mit den G\u00e4sten, in der architektonischen Gestaltung, im Hotelbetrieb, in der Auswahl und der Zubereitung der Speisen, Sorgfalt auch im Umgang mit der Natur. Im Zusammenwirken mit einer langen und bewegten Geschichte entsteht so eine ganz besondere Atmosph\u00e4re - sowohl f\u00fcr konzentrierte Arbeit als auch f\u00fcr genussvolle Erholung. Ein Ort, wo Weite und Geborgenheit zusammenfinden. Alle Produkte sind \u00abBio\u00bb. Im Schloss-Restaurant mit gr\u00fcnem Michelin-Stern und 13 GaultMillau-Punkten w\u00e4hlen die G\u00e4ste mittags und abends aus gartenfrischen, kreativen Gerichten. Ein Highlight des Bio-Restaurants ist die einladende Gartenterrasse mit stimmungsvollem Blick auf den Englischen Park und den Bodensee. Das Schloss Wartegg besitzt Elektroauto-Ladestationen.", "url": "https://wartegg.ch/", "image": "https://ostpimtsoch.sos-ch-dk-2.exoscale-cdn.com/catalog/7/f/2/4/7f24ff87d8c339ec2833f550881e6a205b2ead59_f7adf2d7554ab8a7ac2c0087bcedb220.jpg", "openstreetmap_id": "way/638886635"}, "geometry": {"type": "Point", "coordinates": ["9.529985511471557", "47.47846955"]}}, {"type": "Feature", "properties": {"identifier": "32bb0094-bcfe-40b5-9f8a-6c990670c33b", "name": "Hotel Waldegg", "description": "Ruhige Lage mit sch\u00f6ner Aussicht. Familienfreundliches Hotel mit sch\u00f6nen Zimmern. Im Sommer mit einer grossen Sonnenterrasse und Grill. Liegewiese, Spielplatz sowie ein Spielraum stehen zur Verf\u00fcgung. Mit den Skiern kann direkt zum Hotel hinuntergefahren werden. Schulungs- und Konferenzraum, Freies WLAN.", "url": "http://www.hotelwaldegg.ch", "image": "https://ostpimtsoch.sos-ch-dk-2.exoscale-cdn.com/catalog/9/8/e/e/98ee7144c47019664bc8c564e2946fa9c88f441f_5b480c26fba1f819315ba56c666010c7.jpg", "openstreetmap_id": "way/294246212"}, "geometry": {"type": "Point", "coordinates": ["9.283258593496619", "47.0960986"]}}, {"type": "Feature", "properties": {"identifier": "32fd5998-781a-461a-96f4-732931c63de1", "name": "Ferienwohnung und B&B R\u00e4tia", "description": "Wie w\u00e4re es mit ein paar Tagen auf dem Land und trotzdem in Stadtn\u00e4he? Wolfhalden liegt im wundersch\u00f6nen Appenzellerland fernab vom Stress und doch ist alles ganz schnell erreichbar. Sie wollen das Land geniessen? Kein Problem! Wander-, Fahrrad- und Bike-M\u00f6glichkeiten warten vor der Haust\u00fcre. Wer es gem\u00fctlicher mag, sonnt sich in einem der Freib\u00e4der oder am Bodensee oder l\u00e4sst sich im Heilbad verw\u00f6hnen. Und wer sich dann doch einmal nach der Stadt sehnt, ist in 45min mit dem Postauto oder in 20min mit dem Auto in der Kulturstadt St. Gallen, wo Shopping, Restaurants, Bars und Clubs warten.\n\nDie totalsanierte Ferienwohnung R\u00e4tia befindet sich in einer ehemaligen Pension \u00fcber dem Bodensee. Sie ist vollst\u00e4ndig ausgestattet mit K\u00fcchenutensilien, Gew\u00fcrzen, Geschirr, Badet\u00fccher, Bettw\u00e4sche etc.. Die Zimmer sind liebevoll eingerichtet mit reichlich Ablagefl\u00e4chen und Stauraum. Ein kleiner Balkon l\u00e4dt zum Fr\u00fchst\u00fcck mit Blick auf den Sonnenaufgang \u00fcber dem Pf\u00e4nder ein. Im Wohnzimmer finden Sie einen Fernseher und verschiedene Spiele f\u00fcr Gross und Klein. Internetzugang mit Wireless und Parkpl\u00e4tze sind ebenfalls vorhanden. Im Eingangsbereich laden Prospekte und Lekt\u00fcren zu Aktivit\u00e4ten im und ums Appenzellerland zum Schm\u00f6kern ein. Die Familie Keller freut sich auf Ihren Aufenthalt.\n\nDas Haus R\u00e4tia bietet aber auch Zimmer mit Fr\u00fchst\u00fcck. Die zwei hellen Zimmer sind liebevoll eingerichtet und abschliessbar. Das Badezimmer und das separate WC wird von den maximal vier G\u00e4sten gemeinsam genutzt. Der 1. Stock besitzt eine sehr grosse Terrasse mit einer ph\u00e4nomenalen Aussicht auf den Bodensee. Im Fr\u00fchst\u00fccksraum befindet sich ein K\u00fchlschrank, eine Kaffeemaschine und ein Wasserkocher. Das Fr\u00fchst\u00fcck wird jeden Morgen frisch bereitgestellt und ist zur Selbstbedienung vorbereitet.\n\nFerienwohnung:\nPreis: pro Nacht f\u00fcr 2 Personen CHF 130.00, jede weitere Person CHF 30.00\nWochenrabatt: 10% ab 7 N\u00e4chten\nEndreinigung: CHF 100.00\nKaution: CHF 100.00", "url": "http://www.raetiawolfhalden.ch", "image": "https://ostpimtsoch.sos-ch-dk-2.exoscale-cdn.com/catalog/c/2/c/7/c2c7af5077080ffc2fc298889a85c2d85ebd4c03_f4656fe19c0c0de25b9a910cf2adc449.jpeg", "openstreetmap_id": "687577476"}, "geometry": {"type": "Point", "coordinates": ["9.5539319", "47.4543323"]}}, {"type": "Feature", "properties": {"identifier": "33741721-55e5-4770-9722-b3565e2eb019", "name": "Landgasthaus B\u00e4ren Grub", "description": "Fein, klein und pers\u00f6nlich, unter diesem Motto werden die G\u00e4ste im Landgasthaus B\u00e4ren empfangen und verw\u00f6hnt. Sei es mit erlesenen Gerichten aus der mit Hauben und von Michelin gelobten K\u00fcche, ein feines Gl\u00e4schen Wein aus dem mit \u00fcber 160 Sorten best\u00fccktem Weinkeller, oder als Hotelgast in einem der konventionell eingerichteten Hotelzimmer. Gut gelegen an der Hauptstrasse St.Gallen - Heiden und mit Aussicht auf den Bodensee ist das Landgasthaus B\u00e4ren mit dem Postauto und KFZ gut erreichbar. S\u00f6nd Willkomm im B\u00e4ren Grub AR!", "url": "http://www.baeren-grub.ch", "image": "https://ostpimtsoch.sos-ch-dk-2.exoscale-cdn.com/catalog/f/7/7/e/f77e209163ed70bcccc17b0e30602f2654837b5e_357ed36842288f11fd73dab48de434af.jpg", "openstreetmap_id": "node/7254716693"}, "geometry": {"type": "Point", "coordinates": ["9.4973513", "47.442959"]}}, {"type": "Feature", "properties": {"identifier": "337c9aca-1396-4e7c-a2ba-e50a9e6921b0", "name": "Hotel Dom", "description": "Rund 55 Menschen mit einer Beeintr\u00e4chtigung finden im Hotel Dom einen Ausbildungs- oder Arbeitsplatz und sind in allen Bereichen t\u00e4tig. Das in der Region einzigartige Konzept geniesst hohe Beachtung von G\u00e4sten und Einheimischen gleichermassen. Das Hotel ist aussen eher n\u00fcchtern gestaltet, besticht aber mit seinem farbigen Innern. Es liegt mitten in der Altstadt, unmittelbar beim Stiftsbezirk St.Gallen. \n\nDas Hotel Dom verf\u00fcgt \u00fcber helle Einzel-, Doppel- und Dreibettzimmer und bietet auch einen Tagungsraum sowie ein Besprechungszimmer. Zudem bieten das Hotel f\u00fcnf frisch renovierte Studios an. Diese befinden sich in unmittelbarer N\u00e4he des Hauptbahnhofs St.Gallen. Die Studios sind ausgestattet mit Kochnische, Klimaanlage und  Bad mit Dusche/WC. \n\nF\u00fcr Langzeit-Aufenthalte werden Wochen- und Monatspreise angeboten.", "url": "http://www.hoteldom.ch/", "image": "https://ostpimtsoch.sos-ch-dk-2.exoscale-cdn.com/catalog/9/0/5/b/905bf4750cf73d9ece9ac3818c08faa846e34a0a_8f0053fe2380eb18876a1b8368e58b46.jpg", "openstreetmap_id": "way/242696325"}, "geometry": {"type": "Point", "coordinates": ["9.3751", "47.42282"]}}, {"type": "Feature", "properties": {"identifier": "33aae776-d09f-4254-866a-51f698044ab2", "name": "Hotel Restaurant Schiffahrt", "description": "Unser Hotel liegt mitten im idyllischen Heidiland, einer der sch\u00f6nsten Urlaubsdestinationen der Schweiz. Nicht ohne Grund ist der Name der beliebten Tourismusregion an Johanna Spyri\u2018s weltber\u00fchmte Heidi-Geschichte angelehnt, denn die sagenumwobene Naturidylle ist fast zu sch\u00f6n, um wahr zu sein.\nHier treffen majest\u00e4tische Berge auf malerische D\u00f6rfer, tiefblaue Seen auf sonnenverw\u00f6hnte Rebh\u00e4nge. Die fantastische Kulisse erstreckt sich vom Walensee und den imposanten Churfirsten \u00fcber die Sommer- und Wintersportgebiete Flumserberg und Pizol bis hin zur Weinregion der B\u00fcndner Herrschaft.\nDas Freizeit-Paradies im Osten der Schweiz ist das ganze Jahr \u00fcber ein lohnenswertes Ziel f\u00fcr eine erholsame Kurzreise.\n\nDie Zimmer sind alle im urchigen Landhausstil eingerichtet mit Massivholzbetten, und einem Kr\u00e4uterschlafkissen-Menu. Alle Zimmer haben ein eigenes Bad mit Dusche/WC und Haartrockner, einen Schreibtisch, Balkon oder Terrasse, TV und WLAN. Einige bieten eine herrliche Aussicht auf den Walensee und die imposante Bergkette Churfirsten, andere sind mit Blick auf die umliegenden Berge.", "url": "http://www.schiffahrt-mols.ch", "image": "https://ostpimtsoch.sos-ch-dk-2.exoscale-cdn.com/catalog/2/4/9/b/249bb12cb16c0e9d0e19ba5b1de5cec3c1f7d69a_aaf1e13cdc3c51259d8303651f4f5c8d.jpg", "openstreetmap_id": "node/1417590626"}, "geometry": {"type": "Point", "coordinates": ["9.278622", "47.1124527"]}}, {"type": "Feature", "properties": {"identifier": "33e43646-f9ae-4d9e-aa86-e9e2bdf98f94", "name": "Knobelboden Hotel und Restaurant", "description": "<p>Im reizvollen Dorf Oberterzen hoch &uuml;ber dem Walensee begr&uuml;sst Sie das seit 3 Generationen familiengef&uuml;hrte Knobelboden Hotel und Restaurant. Geniessen Sie K&ouml;stlichkeiten (saisonale Gerichte) in unserem Restaurant im Landhausstil oder bei gutem Wetter auch auf unserer Terrasse. Freuen Sie sich im Sommer auf eine Liegewiese, einen Aussenpool und einen Whirlpool. Im Winter l&auml;dt die Sauna zum Entspannen ein. Von der nahegelegenen Seilbahnstation aus erreichen Sie bequem das Ski- und Wandergebiet Flumserberg oder den See.</p>", "url": "http://www.knobelboden.ch", "image": "https://ostpimtsoch.sos-ch-dk-2.exoscale-cdn.com/catalog/f/a/b/e/fabe82321e5c9315f05d9a52b5a7c47e043fc7e8_8b73551077caf8292f965a95efd4cf5e.jpg", "openstreetmap_id": "way/194644492"}, "geometry": {"type": "Point", "coordinates": ["9.260249562895584", "47.103670949999994"]}}, {"type": "Feature", "properties": {"identifier": "34168062-f20f-47d3-b1f9-cada8dd6dae0", "name": "Gastwirtschaft zum Dornhof", "description": "<p>Seit vielen Jahren geh&ouml;rt die Gastwirtschaft Dornhof als beliebter Treffpunkt f&uuml;r Einheimische und G&auml;ste aus nah und fern zu einem festen Bestandteil von Steinebrunn. Die G&auml;ste geniessen hier ein kleines aber feines Angebot aus der saisonalen K&uuml;che mit frischen Produkten aus der Region - mit Blick auf Romanshorn und den Bodensee. In der gem&uuml;tlich eingerichteten Gaststube und bei sch&ouml;nem Wetter im Garten l&auml;sst es sich herrlich entspannen. Ein in die Gaststube integrierter Geschenkladen sorgt immer f&uuml;r eine gem&uuml;tliche Atmosph&auml;re und f&uuml;r die passende saisonale Dekoration. Auch die kleinen G&auml;ste kommen nicht zu kurz: Die Kinder k&ouml;nnen im Segelboot-Sandkasten spielen oder sich an den Tieren erfreuen! F&uuml;r Durchreisende oder f&uuml;r einen Kurzurlaub am nahen Bodensee bietet der Dornhof zwei gem&uuml;tliche G&auml;stezimmer im famili&auml;ren Rahmen an.</p>", "url": "https://www.dornhof-tg.ch/", "image": "https://ostpimtsoch.sos-ch-dk-2.exoscale-cdn.com/catalog/b/a/a/5/baa5cf736b3c5a4cb7e4089aa19a4bef980a8437_0f1ebe5b1215640512ceaba085c916f0.JPG", "openstreetmap_id": "way/424081691"}, "geometry": {"type": "Point", "coordinates": ["9.342720997314753", "47.53592705"]}}, {"type": "Feature", "properties": {"identifier": "34e7e8e5-4266-4597-9e99-f17135521c31", "name": "juhui Flumserberg", "description": "Das juhui Flumserberg ist 300 m von der Talstation Flumserberg entfernt und liegt an wundersch\u00f6ner Lager in Flumserberg - Tannenbodenalp. Der Ausblick \u00fcber die Berge ist beeindruckend. Das Ferienhaus bietet Zimmer in unterschiedlichen Komfortkategorien. \nDas Haus ist sehr ger\u00e4umig eingerichtet, mit Spielzimmer, einer hauseigene Bar und Aufenthaltsr\u00e4umen sowie 2 Speises\u00e4len.\n Die Privatparkpl\u00e4tze vor der Unterkunft stehen Ihnen kostenfrei zur Verf\u00fcgung. Die Garage (kostenpflichtig) bietet Platz f\u00fcr 12 Autos. \n\nIn der Umgebung erholen Sie sich bei zahlreichen Aktivit\u00e4ten, wie Skifahren, Fahrradfahren und Wandern. Vom juhui Flumserberg erreichen Sie nach jeweils 500 m die Talstation Maschgenkamm oder Chr\u00fcz. Vom n\u00e4chstgelegenen Flughafen Z\u00fcrich trennen Sie im juhui Flumserberg 67 km.", "url": "https://unterkunft.ch/haeuser/flumserberg", "image": "https://ostpimtsoch.sos-ch-dk-2.exoscale-cdn.com/catalog/4/3/0/3/4303f2e68147db5dc2d60912d777b68c0fb66673_3788594afc8eaace881b12efee309385.jpg", "openstreetmap_id": "way/294246227"}, "geometry": {"type": "Point", "coordinates": ["9.338378906250002", "46.694509175082324"]}}, {"type": "Feature", "properties": {"identifier": "34fdc8a4-cc4c-48d0-b726-f9d18ada58dd", "name": "Linde Heiden", "description": "In der Heidler \u00abLinde\u00bb finden Sie alles, wonach Ihnen der Sinn stehen k\u00f6nnte. Nebst der Auswahl auf der Karte werden auch sehr preiswerte Tagesmen\u00fcs auf Fleisch- oder Vegibasis angeboten. Wer in der \u00abLinde\u00bb einkehrt, sollte unbedingt einen Blick in den wunderbaren Saal werfen, eine R\u00e4umlichkeit, die so schnell nicht ihresgleichen hat.", "url": "http://www.lindeheiden.ch/", "image": "https://ostpimtsoch.sos-ch-dk-2.exoscale-cdn.com/catalog/9/f/0/1/9f010524f98a537115b187a1578e5e76f4472257_f9d88c231d5731dd893bc9a5d3653ac2.jpeg", "openstreetmap_id": "199504848"}, "geometry": {"type": "Point", "coordinates": ["9.535390099999999", "47.444038799999994"]}}, {"type": "Feature", "properties": {"identifier": "36570240-0880-4f12-bbc9-6a42fbaf97f2", "name": "B&B Pusteblume", "description": "<div>Den G\u00e4sten steht ein eigenes Bad mit Dusche/WC sowie ein eigenes Gartensitzpl\u00e4tzli zum Verweilen zur Verf\u00fcgung. Im Haus in l\u00e4ndlicher Umgebung wohnen nebst den Gastgebern auch zwei Katzen. Das B&amp;B Pusteblume eignet sich wunderbar als Ausgangspunkt, um die Rosenstadt Bischofszell kennenzulernen. Die Region Bischofszell / Thurgau bietet zudem viele M\u00f6glichkeiten die Freizeit zu gestalten, wie zum Beispiel Velofahren (u.a. Thur-Route 95), Wandern, Ausfl\u00fcge an den Bodensee oder ins Appenzellerland und vieles mehr.\n\nDas zeichnet das B&amp;B Pusteplume aus:\nZimmer mit einer Fl\u00e4che von &gt; 25 m2\n2 Schlafpl\u00e4tze (ohne Extrabett)\nreichhaltiges Fr\u00fchst\u00fcck (auf Wunsch) \nMindestaufenthalt: 1 Nacht\nWLAN\nDie Gastgeber legen Wert auf Nachhaltigkeit. Die Lebensmittel stammen aus der Region.<br></div>", "url": "https://bnb.ch/pusteblume-3265", "image": "https://ostpimtsoch.sos-ch-dk-2.exoscale-cdn.com/catalog/9/4/9/5/9495d35360f7ea9a9237c7a5ee0b2fc3a708577e_fc92f572aae33d0bf9b3c6884fa38099.JPG", "openstreetmap_id": "way/215120879"}, "geometry": {"type": "Point", "coordinates": ["9.2488598", "47.4931749"]}}, {"type": "Feature", "properties": {"identifier": "36aa68c9-ebe3-42e5-aa07-3059f5ba9261", "name": "Park-Hotel Inseli am Bodensee", "description": "<p>Mit ihren Erd- und Blaut&ouml;nen erinnern die hellen, geschmackvoll eingerichteten Zimmer des Park-Hotels Inseli an See und Strand. Das passt. Das Hotel liegt direkt am Bodensee, eingebettet in einen weitl&auml;ufigen malerischen Park. Erholen k&ouml;nnen sich G&auml;ste hier nicht nur dank der Ruhe und Weite des Wassers, sondern auch im Kosmetik- &amp; Massagestudio oder in der kleinen aber feinen &laquo;Wellness-Oase&raquo; mit Sauna, Whirlpool und Fitness Raum. Kulinarisch verw&ouml;hnen das Panoramarestaurant und die idyllische Seeterrasse, aber auch die Porto-Bar. Das Angebot an regionalen Spezialit&auml;ten umfasst st&auml;ndig fangfrischen Bodenseefisch, vegetarische und vegane Gerichte sowie t&auml;glich wechselnde Men&uuml;s. F&uuml;r Anl&auml;sse wie Seminare, Bankette, Hochzeiten, Familien- und Vereinsfeiern erfreuen helle R&auml;umlichkeiten mit Seeblick oder die M&ouml;glichkeit, bei sch&ouml;nem Wetter draussen, direkt am Wasser zu feiern. Am Bodenseeufer und im Park lassen sich Spazierg&auml;nge, Badefreuden, Touren auf zwei R&auml;dern und Skaten geniessen.</p>", "url": "http://hotelinseli.ch/", "image": "https://ostpimtsoch.sos-ch-dk-2.exoscale-cdn.com/catalog/d/c/6/8/dc685a9b9b85b853a981768b40e4f87470cdcbe3_0662f930265713e4e01894c762fb9903.jpg", "openstreetmap_id": "node/1754681456"}, "geometry": {"type": "Point", "coordinates": ["9.3813604", "47.570359"]}}, {"type": "Feature", "properties": {"identifier": "376e74cf-13e9-484c-83b0-0b33f6d61faa", "name": "Ferienwohnung im Dorf Urn\u00e4sch", "description": "<p>Es erwartet Sie ein stilvolles Erlebnis in der zentral gelegenen 2 &frac12;-Zimmerwohnung in Urn&auml;sch im sch&ouml;nen Appenzellerland. Die moderne Wohnung hat ein Schlafzimmer, ein Badezimmer, eine komplett ausgestattete K&uuml;che und ein helles Wohnzimmer. Zudem verf&uuml;gt die Wohnung &uuml;ber einen Sitzplatz im Garten. &Ouml;ffentliche Gratisparkpl&auml;tze befinden sich direkt gegen&uuml;ber vom Haus.</p><p>Mindestaufenthalt: 3 N&auml;chte</p>", "url": "https://www.ferienwohnungimdorfurnaesch.ch/", "image": "https://ostpimtsoch.sos-ch-dk-2.exoscale-cdn.com/catalog/1/a/c/c/1accf87e118937e78184d053c9ddc9d1d4991363_1f5a1a3f2d8e33c45eba7fe538af074d.jpg", "openstreetmap_id": "way/306996622"}, "geometry": {"type": "Point", "coordinates": ["9.28374767303467", "47.31774136491166"]}}, {"type": "Feature", "properties": {"identifier": "37d17cdf-dc9b-40d3-9311-e880ed4a9c74", "name": "Bett am Weiher", "description": "Bei der Renovierung des Hauses wurde grossen Wert darauf gelegt, die typischen Merkmale wieder freizulegen. Gleichzeitig wurde dem heutigen Komfortbed\u00fcrfnis Rechnung getragen.\n\nAlte Balken, Treppen, B\u00f6den und T\u00fcren ergeben mit modernen B\u00e4dern, Lampen und der K\u00fcche wundervolle Kombinationen. Das B&B verf\u00fcgt \u00fcber f\u00fcnf stilvolle und grosse Doppelzimmer, jedes mit Dusche und Toilette ausgestattet. Die Zimmer k\u00f6nnen auch einzeln belegt werden.\nIm Fr\u00fchst\u00fccksraum wird t\u00e4glich ein vollwertiges Buffet bereitgestellt.\n\nDas \"Bett am Weiher\" wird wie ein Minihotel ohne Reception gef\u00fchrt.  Unsere G\u00e4ste erhalten nach der Reservierung einen Schl\u00fcsselcode. Mittels diesem Code kann man den Schl\u00fcssel an der Digibox beim Eingang beziehen.\n\nDer gem\u00fctliche Essraum und der Aufenthaltsraum laden zum Verweilen ein. Dort kann man sich ungest\u00f6rt unterhalten oder ein Buch lesen. Zudem stehen verschiedene Gesellschaftsspiele zur Verf\u00fcgung. Der gem\u00fctliche Gartensitzplatz bietet eine wundersch\u00f6ne Aussicht auf den Stadtweiher.", "url": "http://www.bettamweiher.ch", "image": "https://ostpimtsoch.sos-ch-dk-2.exoscale-cdn.com/catalog/2/1/5/3/21530a9f6b72dc144f574d67db7638a131720ab7_eaad6d9a65149c403a468082a2a50699.jpg", "openstreetmap_id": "node/7595877018"}, "geometry": {"type": "Point", "coordinates": ["9.04915", "47.46719"]}}, {"type": "Feature", "properties": {"identifier": "37d62a43-7b2d-41e6-b8d5-281ee71f0d5a", "name": "Ferienwohnung Resort Walensee  Nr. 73", "description": "Die 3.5-Zimmerwohnung beim Resort Walensee mit 130m2 inkl. Terrasse befindet sich am sch\u00f6nen Walensee in der Ferienregion Heidiland. In nur 2 Minuten zu Fuss erreichen Sie das Restaurant Marina Walensee, sowie die Strandbar. Zum Schiffssteg sind es 3 Minuten zu Fuss, geniessen Sie eine Schifffahrt auf dem fjord\u00e4hnlichen Walensee unterhalb der Churfirstenkette. Einkaufsm\u00f6glichkeiten sind 5 Minuten zu Fuss entfernt.", "image": "https://ostpimtsoch.sos-ch-dk-2.exoscale-cdn.com/catalog/5/4/e/5/54e53ff5fdd9fcaeb46bc5a0e7dfeea949b702ec_536d07383249758b7cc91f0d5b6649f9.jpg", "openstreetmap_id": "way/244424425"}, "geometry": {"type": "Point", "coordinates": ["9.258455250456695", "47.115617650000004"]}}, {"type": "Feature", "properties": {"identifier": "38f98cfd-d7a1-4f55-b663-d35c72d325a3", "name": "Alpenresidenz (CharmingStay)", "description": "Die moderne und helle 4.5-Zimmer Dachwohnung befindet sich im Zentrum von Flumserberg Tannenboden. Innerhalb von wenigen Gehminuten erreichen Sie den Dorfladen, die Skischule, verschiedene Restaurants und die Bergbahn. Zur Wohnung geh\u00f6rt ein Garagenparkplatz sowie ein Aussenparkplatz. ", "url": "https://www.charmingstay.ch", "image": "https://ostpimtsoch.sos-ch-dk-2.exoscale-cdn.com/catalog/2/6/8/0/2680e0672f08982c551a6f0119ae4b475ed6328d_ef5c539e5e55013273bb68e993ba3ecd.JPG", "openstreetmap_id": "way/294246222"}, "geometry": {"type": "Point", "coordinates": ["9.287738984771416", "47.09317115"]}}, {"type": "Feature", "properties": {"identifier": "3a0d3c0f-f1a6-4cd9-a2d7-17ec214bdf15", "name": "Ferienwohnung Pferde- und Eselhof Gr\u00fcnegg", "description": "<p>Pferde, Esel, Walliser Schwarznasenschafe, Kune-Kune-Schweine und Katzen machen den Hof zu einem lebendigen Ort, an dem Landwirtschaft hautnah erlebbar wird. Kinder k&ouml;nnen Esel striegeln, mit ihnen Spazierg&auml;nge durch den Wald unternehmen oder beim Versorgen der Tiere mithelfen. Die wolligen Schafe lassen sich gerne kraulen, w&auml;hrend die Schweine f&uuml;r heitere Momente sorgen. Ein besonderes Erlebnis ist eine Kutschenfahrt mit den imposanten Kaltblutpferden, die eindrucksvolle Ausblicke er&ouml;ffnet.</p><p>Die Ferienwohnung misst 78 m&sup2; und umfasst zwei Schlafzimmer mit insgesamt sechs Betten und einem Kinderbett, eine gut ausgestattete K&uuml;che mit Kaffeevollautomat, Fondueset und Raclette-Ofen, ein Esszimmer mit Kaminofen, eine Sofaecke mit TV/Radio/WLAN sowie ein Badezimmer mit Dusche/WC. Ein Aussensitzplatz mit Grill l&auml;dt zum Verweilen ein. In der Umgebung locken Stein am Rhein mit seiner historischen Altstadt, idyllische Badeseen sowie vielf&auml;ltige Ausflugsm&ouml;glichkeiten rund um den Bodensee.</p>", "url": "http://www.ferienwohnung-gruenegg.ch", "image": "https://ostpimtsoch.sos-ch-dk-2.exoscale-cdn.com/catalog/8/3/8/2/83825d284b08366a04f865887ed81408446df02c_2d77edea278f6bb58bd77ed196fab52a.jpg", "openstreetmap_id": "way/91357234"}, "geometry": {"type": "Point", "coordinates": ["8.870048299999997", "47.6248708"]}}, {"type": "Feature", "properties": {"identifier": "3bd6501a-8ae8-4345-bddd-ccb1ba29278a", "name": "Ferienhaus Br\u00fctsch", "description": "Sehr gut eingerichtetes Haus. 5 Schlafzimmer. Es wird Ihnen an nichts fehlen in der K\u00fcche- und wenn doch, sind die Gastgeber bem\u00fcht, Ihre W\u00fcnsche zu erf\u00fcllen. Fahrr\u00e4der, Spielsachen (Indoor und Outdoor), Wassersportger\u00e4te u.v.m. stehen teils frei zur Verf\u00fcgung. Rheinsicht. Familienfreundlich. Kinderfreundlich. Viele Restaurants in wenigen Gehminuten erreichbar.", "url": "https://bruetschbnb.myweb.smoobu.com/", "image": "https://ostpimtsoch.sos-ch-dk-2.exoscale-cdn.com/catalog/f/e/0/2/fe02970d5b53df895777f7e46ed7430d56f6b39c_d4dbe0a4a8f7a7ffdce4990948dd576d.png", "openstreetmap_id": "way/87449971"}, "geometry": {"type": "Point", "coordinates": ["8.848349051313296", "47.6649167"]}}, {"type": "Feature", "properties": {"identifier": "3ef311ff-c78e-461c-a77b-acc152cdfb8d", "name": "Gasthaus Hoher Hirschberg", "description": "<p>Das Berggasthaus Hoher Hirschberg ist f\u00fcr Wanderer, Biker oder mit dem Auto sehr gut erreichbar. Auf der H\u00fcgelspitze werden Sie mit einer herrlichen Aussicht auf den Alpstein und das St.Galler Rheintal belohnt. Das Ausflugsrestaurant ist bekannt f\u00fcr die hausgemachten Desserts und die saisonalen Speisen. Auf dem Hohen Hirschberg \u00fcbernachten ist ein einmaliges Erlebnis. Haben Sie etwas zu feiern? Dann sind Sie bei uns genau richtig.</p><p>Eine Auszeit mitten in der Natur? Das Berggasthaus Hoher Hirschberg bietet auch \u00dcbernachtungsm\u00f6glichkeiten. Von einer \u00dcbernachtung&nbsp; im Matratzenlager bis zum Arvenzimmer mit wundersch\u00f6nem Blick in den Alpstein, da kommt jeder auf seine Kosten. Reservationsanfragen sind telefonisch oder online m\u00f6glich.&nbsp;</p><p> </p>", "url": "https://www.hoherhirschberg.ch", "image": "https://ostpimtsoch.sos-ch-dk-2.exoscale-cdn.com/catalog/9/8/0/a/980ad6a6e8f77750c23f119ca44c8159d38c47fe_d692fa0aa77d6b8ebcf97710af4bda22.jpg", "openstreetmap_id": "way/238974707"}, "geometry": {"type": "Point", "coordinates": ["9.469854384160104", "47.3429752"]}}, {"type": "Feature", "properties": {"identifier": "403958b7-4a63-41ed-8c11-3416d6f7ddbe", "name": "Hotel Cristal Flumserberg", "description": "Das umfangreich und aufw\u00e4ndig renovierte Hotel Cristal liegt zentral in Tannenboden auf dem Flumserberg, nur wenige Gehminuten von der Seilbahn Maschgenkamm und der Luftseilbahn LUFAG entfernt. Die Skipiste und der erste Lift liegen direkt neben dem Hotel. \n\nDas Hotel verf\u00fcgt \u00fcber 29 Zimmer, die Restaurants Churfirstenstube, Ch\u00e4s-St\u00fcbli und Arvenst\u00fcbli mit Kamin-Lounge sowie einen Wellnessbereich mit Dampfbad und Sauna. Die geschmackvolle Einrichtung und die gem\u00fctliche Atmosph\u00e4re im ganzen Hotel laden zum Geniessen und Entspannen ein.", "url": "https://cristal-flumserberg.ch/de/", "image": "https://ostpimtsoch.sos-ch-dk-2.exoscale-cdn.com/catalog/f/6/3/5/f63597e41090f6873ee41567db373545f4a653c1_d1602b9d02cee0343b5d287403cc72e6.jpg", "openstreetmap_id": "way/194649363"}, "geometry": {"type": "Point", "coordinates": ["9.282386599999999", "47.0931453"]}}, {"type": "Feature", "properties": {"identifier": "40936cb2-b150-4d28-a2c4-e9e469701726", "name": "Lake Lodge Romanshorn", "description": "Das Bed & Breakfast liegt am Bodensee und ist der ideale Ausgangspunkt f\u00fcr Radtouren um den See und durch den sch\u00f6nen Thurgau. Der nahe Alpstein l\u00e4dt zu ausgedehnten Wanderungen ein und am Abend erfrischt der Bodensee mit einem k\u00fchlen Bad. Auf der sch\u00f6nen Terrasse in der Sonne baden oder im Schatten ein kleines Schl\u00e4fchen geniessen. Die Ruhe in der Lake Lodge ist dem Gast sicher. Die ger\u00e4umigen und geschmackvoll eingerichteten Zimmer bieten Platz f\u00fcr 2  oder 4 Personen. Die Gemeinschaftsr\u00e4ume wie K\u00fcche, Wohn- und Esszimmer sind ger\u00e4umig und im Herbst und Winter brennt ein gem\u00fctliches Kaminfeuer. Die Gastfreundschaft steht in der Lake Lodge im Mittelpunkt und Gespr\u00e4che mit den Gastgebern sind stets willkommen. In Gehdistanz rund im das Hafenbecken hat es verschiedene Restaurants, die die G\u00e4ste mit internationalen Gerichten verw\u00f6hnen.", "url": "http://lakelodge-romanshorn.ch", "image": "https://ostpimtsoch.sos-ch-dk-2.exoscale-cdn.com/catalog/d/e/d/6/ded6410ccca05102b438c20ebf1ee43b42f4b765_90a6570f1a788da15e62df53dad05055.JPG", "openstreetmap_id": "way/307378888"}, "geometry": {"type": "Point", "coordinates": ["9.3809316", "47.5702438"]}}, {"type": "Feature", "properties": {"identifier": "41b32024-8801-4f31-9b48-13238a644ac7", "name": "Hotel Alpenhof", "description": "Das Hotel Alpenhof im Weisstannental ist seit 1874 ein historisches Hotel im D\u00f6rfchen Weisstannen mit stilvollem Ambiente. Geniessen Sie die Gastfreundschaft in nostalgischen Zimmern, einer gem\u00fctlichen Gaststube und einem Biedermeierst\u00fcbli mit Lesezimmer. W\u00e4hrend der Sommersaison bietet der Speisesaal ein festliches Ambiente auch f\u00fcr Feiern, Seminare und Kulturanl\u00e4sse. Bei sonnigem Wetter geniesst der Gast die angenehme Frische auf der Gartenterrasse mit Schatten spendenden B\u00e4umen. Die Biedermeierzimmer sind antik m\u00f6bliert und die Belle-Epoque Zimmer sind mit historischen M\u00f6beln aus dem Hotelbestand ausgestattet. F\u00fcr Hotelg\u00e4ste bereiten wir dem Gast ein feines 3-Gang-Men\u00fc aus meist regionalen Produkten zu. Das Hotel Alpenhof ist der ideale Ausgangspunkt f\u00fcr Wanderungen zur Wasserfallarena Bat\u00f6ni und Etappenort entlang der Via Alpina und des Sardona Welterbeweg ins UNESCO-Weltnaturerbe Tektonikarena Sardona. Bei guten Schnee-Verh\u00e4ltnissen lassen sich im Winter auch einige Skitouren und Schneeschuhwanderungen erleben.", "url": "http://www.alpenhof-weisstannen.ch", "image": "https://ostpimtsoch.sos-ch-dk-2.exoscale-cdn.com/catalog/6/8/b/d/68bde57f0189c911428e1d3ca97de8b43aa8d582_0cc4d1ffbc0646c12e73625fe18cffe2.JPG", "openstreetmap_id": "way/308479337"}, "geometry": {"type": "Point", "coordinates": ["9.344299927902512", "46.98883385"]}}, {"type": "Feature", "properties": {"identifier": "42378a51-b72b-4202-a82e-eb20456c8c1a", "name": "Haus Alpenblick A5 (CharmingStay)", "description": "Die moderne 2.5 Zimmerwohnung liegt sehr zentral am Flumserberg. Zwei Gehminuten zum Hallenbad sowie zur Skipiste. Einkaufsm\u00f6glichkeiten gibt es in direkter N\u00e4he.", "url": "https://www.charmingstay.ch", "image": "https://ostpimtsoch.sos-ch-dk-2.exoscale-cdn.com/catalog/c/c/3/2/cc3207953afd38cc0a9c8395fa51cd143cfed0a5_ed22f5ecbcedb4791474490938229f04.jpg", "openstreetmap_id": "way/325407976"}, "geometry": {"type": "Point", "coordinates": ["9.297766606774918", "47.0907134"]}}, {"type": "Feature", "properties": {"identifier": "42ebf9a2-5fdc-4285-963f-9d98b736d25d", "name": "Hotel Post", "description": "Das familiengef\u00fchrte Hotel Post begr\u00fcsst Sie in Sargans und liegt nur 5 Gehminuten vom Bahnhof entfernt. Eine 3-min\u00fctige Fahrt bringt Sie zur Seilbahn ins Skigebiet Wangs-Pizol.\n\nAlle Zimmer sind schallisoliert und verf\u00fcgen \u00fcber einen TV sowie \u00fcber ein Bad mit einer Dusche oder Badewanne. Freuen Sie sich auf kostenfreies WLAN.\n\nGem\u00fctliches Restaurant mit heimeliger Atmosph\u00e4re sowie Schweizer K\u00fcche mit Spezialit\u00e4ten f\u00fcr Feinschmecker und einer grossen Auswahl an Weinen. Ideale R\u00e4umlichkeiten f\u00fcr Ihre diversen pers\u00f6nlichen und gesch\u00e4ftlichen Anl\u00e4sse, wie Familienfeiern, Firmenessen, Vereine, Busse und Bankette.", "url": "http://www.hotelpost-sargans.ch", "image": "https://ostpimtsoch.sos-ch-dk-2.exoscale-cdn.com/catalog/0/d/8/2/0d82f2c83dfee790687e26a88c92eb9819569a15_d7a97bfd7c01d844005858065c559e18.jpg", "openstreetmap_id": "node/6019161695"}, "geometry": {"type": "Point", "coordinates": ["9.4408779", "47.0479524"]}}, {"type": "Feature", "properties": {"identifier": "4361b38d-ae0a-4d49-880d-6be5926445a3", "name": "G\u00e4stewohnung \u00abWilder Wein\u00bb", "description": "In Romanshorn erwartet Sie in einem ruhigen Quartier, in einem von wildem Wein umrankten Nebengeb\u00e4ude, eine 2-Zimmer G\u00e4stewohnung. Bahnhof, Hafen, Supermarkt so wie die Seepromenade sind in ca. 5 Gehminuten zu erreichen.", "url": "https://www.wilder-wein.ch/", "image": "https://ostpimtsoch.sos-ch-dk-2.exoscale-cdn.com/catalog/e/7/c/d/e7cd3b8b60a562fd96ca5e41da8e82dab34cca71_c5abb483f1eb21ad80647000169356ff.jpg", "openstreetmap_id": "way/422856632"}, "geometry": {"type": "Point", "coordinates": ["9.373571491543684", "47.561088549999994"]}}, {"type": "Feature", "properties": {"identifier": "43a9715b-ad9c-4927-a3b7-d070d79b3ab0", "name": "Aparthotel Restaurant Edy Bruggmann", "description": "Das Aparthotel Edy Bruggmann begr\u00fcsst Sie mit einer wundersch\u00f6nen Sonnenterrasse und bietet Ihnen haustierfreundliche Unterk\u00fcnfte am Flumserberg. Die Privatparkpl\u00e4tze an der Unterkunft stehen Ihnen kostenlos zur Verf\u00fcgung. Ein TV sorgt f\u00fcr Unterhaltung und die Gemeinschaftslounge der Unterkunft l\u00e4dt zum Verweilen ein.\n\nIn unserem rustikalen Speiserestaurant *Pfnille\" und Panoramarestaurant geniesst man einheimische Spezialit\u00e4ten. Neben den beiden Restaurants kann man im Fonduest\u00fcbli \"Gad\u00e4\" ein feines K\u00e4se- oder Fondue Chinoise geniessen. \n\nDen Skilift Schwammkopf erreichen Sie vom Aparthotel Edy Bruggmann nach 1,5 km und den Prodalp-Express nach 100 m.", "url": "http://www.hotelbruggmann.ch", "image": "https://ostpimtsoch.sos-ch-dk-2.exoscale-cdn.com/catalog/3/e/9/b/3e9b70a795af164bacbd69f86a0680fd9d75ccc7_8c881e17b667f8ceda08d22c1a2a1717.JPG", "openstreetmap_id": "way/229475013"}, "geometry": {"type": "Point", "coordinates": ["9.303433011508352", "47.0895725"]}}, {"type": "Feature", "properties": {"identifier": "45f52d52-c717-43d3-843b-a1989061f910", "name": "Ferienhaus Scheibe 594", "description": "Das gem\u00fctliche mit viel Liebe zum Detail eingerichtete Ferienhaus (Hausteil mit Stallanbau) befindet sich an sch\u00f6nster, ruhiger Lage, nahe dem Dorfzentrum Teufen.\nDie wunderbare Panoramasicht mit Blick auf den gesamten Alpstein ist Tag f\u00fcr Tag eine grosse Augenweide. Das Haus ist freistehend in der Landwirtschaftszone umgeben von gr\u00fcnen Wiesen an sehr ruhiger, verkehrsfreier Lage.\nIm Sommer und Winter ist die Anfahrt bis vor die Haust\u00fcre m\u00f6glich. F\u00fcr Kinder, f\u00fcr Erwachsene und Naturfreunde eine Oase f\u00fcr Erholung und Wohlbefinden. Die wundersch\u00f6ne Gegend ist mit dem Bike, zu Fuss, auch mit Kinderwagen in jeder Jahreszeit angenehm zu erkunden.\nTeufen liegt sehr zentral, N\u00e4he St. Gallen, N\u00e4he Appenzell, N\u00e4he Alpstein, ein Ausgangspunkt f\u00fcr Wanderungen, Radtouren, Bahnfahrten oder per Auto.\n\nMindestaufenthalt: 3 N\u00e4chte", "image": "https://ostpimtsoch.sos-ch-dk-2.exoscale-cdn.com/catalog/2/f/b/a/2fba3c7bc39dce7da781e1ad913c40f04641204d_a26c7b28cea7995599721127447143ee.jpeg", "openstreetmap_id": "way/1059654767"}, "geometry": {"type": "Point", "coordinates": ["9.401823898332477", "47.39274589091908"]}}, {"type": "Feature", "properties": {"identifier": "46bb0cb4-9a5d-423a-9ba6-bdecd280324d", "name": "Macardo Swiss Distillery", "description": "<p>Was 2007 klein in einer ehemaligen K\u00e4serei in Strohwilen begann, ist heute ganz gross geworden: Das neue Macardo-Hauptquartier. Hier taucht der Gast in die Welt des Edelbrandes ein. Mit Leidenschaft wird gemaischt, verg\u00e4rt, gebrannt und ausgebaut \u2013 nach \u00fcberlieferten Geheimrezepten, zeitintensiven Brennverfahren und mit h\u00f6chsten Qualit\u00e4tsanspr\u00fcchen an die meist regionalen Zutaten. Die modernsten Standards entsprechende Infrastruktur kann bei F\u00fchrungen entdeckt, die Spirituosen bei Tastings probiert werden.</p>", "url": "http://www.macardo.ch/", "image": "https://ostpimtsoch.sos-ch-dk-2.exoscale-cdn.com/catalog/b/2/6/d/b26db93fba3942851c9e3c132ae716ab09ba1f0c_3fbd9f9c0e9a358ae2c8eea56b72b7c9.jpeg", "openstreetmap_id": "4486380989"}, "geometry": {"type": "Point", "coordinates": ["9.012916300000027", "47.5506618"]}}, {"type": "Feature", "properties": {"identifier": "46c63c48-32e0-498b-ae77-50b8c0c80859", "name": "Stellplatz \u00abim Bad\u00bb", "description": "<p>In maximal 700 Meter Gehdistanz entdecken Sie einige Einkaufsm\u00f6glichkeiten und Restaurants sowie den Bahnhof, Postautohaltestellen, Schwimmbad, Kino, Spielplatz und eine Abfalltrennstation. Der Platz ist ausreichend f\u00fcr zwei Camper mit Klappstuhlverhalten. \u00dcbernachten in Fahrzeugen ist nur mit eigenem WC erlaubt\n\nMaximale Aufenthaltsdauer: 3 N\u00e4chte\n\u00d6ffentliche Toiletten: Post/Friedhof ge\u00f6ffnet von 06.00 \u2013 22.00 Uhr\nPreis: CHF 12.20 pro Nacht inkl. 1 Person, Bezahlung via Parkn Sleep (QR-Code vor Ort scannen oder Internetseite besuchen)</p>", "url": "https://www.kurvereinheiden.ch/stellpl%C3%A4tze-f%C3%BCr-camper", "image": "https://ostpimtsoch.sos-ch-dk-2.exoscale-cdn.com/catalog/5/3/5/8/535808dabde9679d1d78aaab90e1ae8058577838_f0db6a946e3dd38082cb01c0bb5b01d7.jpg", "openstreetmap_id": "way/404692326"}, "geometry": {"type": "Point", "coordinates": ["9.53121913454496", "47.445602254416734"]}}, {"type": "Feature", "properties": {"identifier": "46e21fd0-3bd2-4c4a-92e1-5c5fba0343dd", "name": "Hotel M\u00fcnchwilen", "description": "Das Angebot des 4-Sterne-Garni Hotels M\u00fcnchwilen im Hinterthurgau (bei Wil SG) richtet sich vor allem an Gesch\u00e4ftsreisende, G\u00e4ste auf der Durchreise sowie Radfahrer, die das Tannzapfenland, das Z\u00fcrcher Oberland oder die Region Wil - Frauenfeld erkunden wollen und daf\u00fcr eine gepflegte Unterkunft suchen.\n\nZentral gelegen mit unter 45 km zu den Flugh\u00e4fen Z\u00fcrich (ZRH) und St.Gallen - Altenrhein (ACH) verf\u00fcgt M\u00fcnchwilen \u00fcber eine Anbindung zur A1 (20min ab Winterthur und St.Gallen) und ist durch die Frauenfeld-Wil Bahn an das \u00d6V-Netz angeschlossen.\n\nDas Hotel verf\u00fcgt \u00fcber 53 Zimmer und 2 Juniorsuiten mit 112 Betten. Reisende sch\u00e4tzen vor allem den herzlichen und pers\u00f6nlichen Empfang und das k\u00f6stliche Fr\u00fchst\u00fccksbuffet. Dies \u00fcberrascht und \u00fcbersteigt die Erwartungshaltung der Businessreisenden. Das gem\u00fctliche und helle Hotel ist dank des freundlichen Personals auch bei Paaren, Familien, Sportlern und allein reisenden Frauen beliebt.\n\nDas Hotel-M\u00fcnchwilen Team freut sich auf Ihre Reservation.", "url": "https://www.hotel-muenchwilen.ch", "image": "https://ostpimtsoch.sos-ch-dk-2.exoscale-cdn.com/catalog/4/6/a/1/46a1e5b2960952ab8ea70a92c457e1ff5931a97e_7d77fce5daedace94e1dc2f78d8193e8.jpg", "openstreetmap_id": "way/310479238"}, "geometry": {"type": "Point", "coordinates": ["8.998994894621362", "47.477991849999995"]}}, {"type": "Feature", "properties": {"identifier": "473f8492-2a35-40fe-bcb9-a36b737c92cf", "name": "Glamping Hotel Schloss Ragaz", "description": "<p>Naturerlebnis mit Komfort - Geniessen Sie ein einzigartiges Glamping-Erlebnis im Schlosspark! In den gem\u00fctlichen Glampinglodges mit Zugang zum Hotelangebot kommt ein unkompliziertes und individuelles Wohngef\u00fchl auf. Einige Lodges verf\u00fcgen \u00fcber einen eigenen Whirlpool.</p>", "url": "https://www.hotelschlossragaz.ch/de/", "image": "https://ostpimtsoch.sos-ch-dk-2.exoscale-cdn.com/catalog/e/e/1/e/ee1e0fb3c51c3fbeccd749ce54e2db3181ba6f53_35ba345e4a1e286ff8c57ea647582b67.jpg", "openstreetmap_id": "way/832298013"}, "geometry": {"type": "Point", "coordinates": ["9.5084785", "46.9974325"]}}, {"type": "Feature", "properties": {"identifier": "474afc7b-bb93-49fb-9d3e-316b64399819", "name": "Ruhiges Paradiesli mit Rheintal- und Alpsteinblick", "description": "<p>Die herrliche ruhige und sonnige Lage mitten im Gr&uuml;nen, l&auml;dt zum Verweilen und geniessen ein. Wundersch&ouml;ne Wanderungen und Velotouren k&ouml;nnen Sie direkt von der Haust&uuml;re aus starten. Den Abend ausklingen lassen bei einem Glas Wein oder Tee, mit wunderbarer Aussicht auf das Lichtermeer des Rheintals. Im Winter befindet sich eine Langlaufloipe sowie das Skigebiet der Ebenalp in unmittelbarer N&auml;he. Die wunderbare 2 1/2 Zimmerwohnung bietet einen gem&uuml;tlichen Wohn- / Essraum mit einer K&uuml;che, welche mit einem Geschirrsp&uuml;ler, K&uuml;hlschrank, Oel, Essig, Pfeffer und Salz ausgestattet ist. Das Doppelbett im Schlafzimmer und das separate Bettsofa in der Galerie bietet Platz f&uuml;r 2-3 Personen in der neu renovierten Wohnung. Bett-, K&uuml;chen- und Frotteew&auml;sche sind vorhanden. <br>Mindestmietdauer 2 Tage</p>", "image": "https://ostpimtsoch.sos-ch-dk-2.exoscale-cdn.com/catalog/1/2/1/c/121cfc9d9b7b5c7d08724f0049b43a9bf02f649c_1f2791ae51499be4027dc46990fefc4f.jpg", "openstreetmap_id": "way/775211563"}, "geometry": {"type": "Point", "coordinates": ["9.492223", "47.3649"]}}, {"type": "Feature", "properties": {"identifier": "485acae9-1a89-4ee7-a902-9b6904befdba", "name": "Lueg ins Land", "description": "Das komplett m\u00f6blierte Studio im Parterre von Lueg ins Land befindet sich oberhalb vom sch\u00f6nen Mels in der Ferienregion Heidiland. Tolle Aussicht auf die umliegende Berglandschaft. Zur Wohnung geh\u00f6rt ein Gartensitzplatz mit Grillm\u00f6glichkeit sowie ein zus\u00e4tzlicher Abstellraum und ein Parkplatz ist vorhanden.", "image": "https://ostpimtsoch.sos-ch-dk-2.exoscale-cdn.com/catalog/c/7/a/a/c7aac1499c23dc470c602e1846f142bcdeffe5fd_4199d84d5d55cea0f121435e30f127f8.JPG", "openstreetmap_id": "way/26450342"}, "geometry": {"type": "Point", "coordinates": ["9.415213465690615", "47.038135565140756"]}}, {"type": "Feature", "properties": {"identifier": "48884e5a-ff62-4d48-8f87-f3185e240408", "name": "Gasthaus zum Trauben", "description": "1798 wurde hier die Freiheit des Kantons ausgerufen. Das 500 Jahre alte Geb\u00e4ude ist eines der wertvollsten Kulturg\u00fcter von Weinfelden. Frisch umgebaut und renoviert. Entstanden ist eine charakterstarke Mischung aus dem Charme des Altbew\u00e4hrten und der Eleganz der Moderne \u2013 nicht nur architektonisch, sondern auch kulinarisch. Das Credo des regionalen Speiseangebots: Den Geschmack und die Qualit\u00e4t von Thurgauer Produkten auf den Teller bringen, \u00fcberraschend und modern interpretiert!\n\nIm Gasthaus zum Trauben wohnen die G\u00e4ste zentral in 14 hellen und frisch renovierten Hotelzimmern, welche den Blick auf das Rathaus oder die Kirche von Weinfelden frei geben. Restaurant, Weinkeller und Terrasse verw\u00f6hnen die G\u00e4ste. Auch feiern und tagen l\u00e4sst es sich hier hervorragend. Das Gasthaus zum Trauben bietet R\u00e4ume mit geschichtstr\u00e4chtiger Atmosph\u00e4re in unterschiedlichen Gr\u00f6ssen, Formen und Stilen \u2013 vom gem\u00fctlichen St\u00fcbli, \u00fcber die barocke Weinfelderstube bis zum modernen Festsaal mit multifunktionaler B\u00fchne.", "url": "https://www.trauben-weinfelden.ch/", "image": "https://ostpimtsoch.sos-ch-dk-2.exoscale-cdn.com/catalog/b/3/3/9/b33996693fb464346add5bdced6e84ee9ad72887_be5f5f22aa981a9d58be016bbb55dce4.jpg", "openstreetmap_id": "251369002.0"}, "geometry": {"type": "Point", "coordinates": ["9.1099919000001", "47.5683718"]}}, {"type": "Feature", "properties": {"identifier": "48c1d90b-c7fe-42a0-8003-369fe9fd10b8", "name": "Ferienwohnung \"Haus zur Rose\"", "description": "<p>Das 1811 erbaute \"Haus zur Rose\" wurde 2015/16 komplett saniert und vermietet eine Ferienwohnung (95 m2) mit einer voll ausgestatteten K&uuml;che in modernem Design (mit Induktionskochfeld, Dampfabzug, Backofen, Geschirrsp&uuml;lmaschine, K&uuml;hlschrank, Tiefk&uuml;hler und einer Waschmaschine mit integriertem Tumbler), 3 Schlafzimmer (1 Doppelbett, zwei Einzelbetten und einem bequemen Schlafsofa), 1 Badezimmer mit Dusche/WC, 1 Wohnzimmer (mit Sofa, grossem Esstisch und TV), 1 Lese-/Arbeitszimmer (mit einem wundersch&ouml;nen antiken Sekret&auml;r sowie Spielen f&uuml;r unsere kleinen G&auml;ste).</p><p>Der Gartensitzplatz (zur Mitbenutzung) ist ausgestattet mit einer Outdoork&uuml;che sowie Sitz- und Liegem&ouml;beln, Brunnen, Trampolin und Schaukel - ein Ort zum Verweilen und Sonne tanken!</p><p>Die Umgebung l&auml;dt zu Spazierg&auml;ngen und Wanderungen ein. Kulturelle Highlights sind bequem erreichbar und auch kulinarische H&ouml;henfl&uuml;ge gibt es ganz in der N&auml;he zu entdecken.</p><p>Das Tram (Appenzeller Bahn) f&auml;hrt alle 15/30 Minuten nach St.Gallen. Zum Bahnhof St.Gallen dauert die Fahrt knapp 20 Minuten. Mit dem Auto sind sie in 10 Minuten im Zentrum von St.Gallen oder auf der Autobahn.</p><p>Die Ferienwohnung verf&uuml;gt &uuml;ber einen kostenlosen Privatparkplatz.</p>", "url": "https://haus-zur-rose.ch", "image": "https://ostpimtsoch.sos-ch-dk-2.exoscale-cdn.com/catalog/e/1/5/f/e15f0ad4c471ea0bda7f29c7f4177951a357459d_261d01f80b17bbcbdda8941d4f891adc.JPG", "openstreetmap_id": "way/162590658"}, "geometry": {"type": "Point", "coordinates": ["9.4404281", "47.4117892"]}}, {"type": "Feature", "properties": {"identifier": "49a12ad1-99a7-483e-b2b6-1dc01d83e799", "name": "Restaurant & Hotel Weiss Kreuz", "description": "Das Restaurant & Hotel Weiss Kreuz in Malans z\u00e4hlt wohl berechtigterweise zu einem der sch\u00f6nsten Betriebe in der B\u00fcndner Herrschaft. Doch sch\u00f6n sein allein reicht ja bekanntlich noch nicht. Wir k\u00f6nnen Sie beruhigen, in unserem Restaurant, mit seinem vielf\u00e4ltigen Raumangebot ist es nicht \u00abnur\u00bb wahnsinnig sch\u00f6n. Zusammen mit unserem sympathisch-herzlichen Service sorgen wir auch f\u00fcr das perfekte kulinarische Wohl unserer G\u00e4ste.\n\nGeniessen Sie einen Abend mit einem ausgew\u00e4hlten Vierg\u00e4nger, eine feines Pl\u00e4ttli nach einem tollen Wandertag, oder lassen Sie sich ganz einfach von unserer Karte inspirieren. Sie haben die Wahl. Gerne servieren wir Ihnen auch ein Glas Wein aus der Region \u2013 als Begleitung zum Essen, oder auch einfach so. Dazu wartet in unseren eigenen Weinkellern ein vielf\u00e4ltiges Weinangebot auf Sie. Und noch etwas: In unserem Restaurant verw\u00f6hnen wir Sie bereits am Mittag mit leckeren Speisen aus unserer K\u00fcche.", "url": "http://www.weisskreuzmalans.ch", "image": "https://ostpimtsoch.sos-ch-dk-2.exoscale-cdn.com/catalog/2/3/6/f/236fc8246c6e0ce8cd2033f6bff2cd9a26868241_3d964da6c9a4c9c50bc9e26d74546dbe.jpg", "openstreetmap_id": "way/232221627"}, "geometry": {"type": "Point", "coordinates": ["9.576131725657891", "46.982555950000005"]}}, {"type": "Feature", "properties": {"identifier": "49c29246-bb8c-4679-9579-b410ef0d41f7", "name": "Gauencenter EG (CharmingStay)", "description": "Die 2.5-Zimmerwohnung im Gauencenter befindet sich direkt im Zentrum vom Flumserberg Tannenheim. Die Gondelbahn Prodalp-Express ist in unmittelbarer N\u00e4he und f\u00fchrt direkt in das Wander- und Skigebiet Flumserberg. Nur in wenigen Gehminuten befinden sich Restaurants, der Dorfladen und das Hallenbad Flumserberg.", "url": "https://www.charmingstay.ch", "image": "https://ostpimtsoch.sos-ch-dk-2.exoscale-cdn.com/catalog/c/8/f/e/c8fe1d7e64fd5c452769f3602cf6dfdad0f1600a_86f531e68ef5a3e0555d856d874c91b2.jpg", "openstreetmap_id": "way/194824448"}, "geometry": {"type": "Point", "coordinates": ["9.298958655716081", "47.0901013"]}}, {"type": "Feature", "properties": {"identifier": "4a235589-a961-4e9d-8038-f2783c981927", "name": "Camping Ruderbaum", "description": "Der Platz ist ideal f\u00fcr Wassersportler, Biker, Inline-Skater und Wanderer. Der grosse Spielplatz bietet vielf\u00e4ltige M\u00f6glichkeiten f\u00fcr sportliche Bet\u00e4tigung von Jung und Alt. Es hat moderne, sehr gepflegte sanit\u00e4re Anlagen. Nebst der grossen Spielwiese hat es einen Spielplatz, einen Badestrand, eine Grillstation, einen Waschautomaten, Trockner, Internet, eine Camping-Bibliothek, eine Fahrradvermietung und eine Schiffanlegestelle. Der Campingplatz ist ausgezeichnet mit vier Sternen durch Swisscamp.", "url": "http://www.ruderbaum.ch/", "image": "https://ostpimtsoch.sos-ch-dk-2.exoscale-cdn.com/catalog/c/e/0/9/ce09ccb6625d9e084bae5a2ece84b776ccd8a0c1_c9a3ede1111b16353ace224057ba8d45.jpg", "openstreetmap_id": "way/674487915"}, "geometry": {"type": "Point", "coordinates": ["9.263524132842166", "47.6231883"]}}, {"type": "Feature", "properties": {"identifier": "4ced3130-f829-4a0f-80e6-38aedec88f05", "name": "Haus Panorama B (Whg. Weibel)", "description": "Das gem\u00fctliche 1.5-Zimmer-Studio befindet sich im Haus Panorama B in Flumserberg Tannenheim und ist zweckm\u00e4ssig - modern eingerichtet. Es liegt in unmittelbarer N\u00e4he zu Skipiste, Biketrails und Wandergebiet. Die zur UNESCO-Welterbe Tektonikarena Sardona f\u00fchrende Gondelbahn &quot;Prodalp-Express&quot; sowie Bushaltestelle und Restaurants sind in Gehdistanz. Zur Wohnung geh\u00f6rt eine Gartenterrasse inkl. Chemin\u00e9e mit Morgen- &amp; Abendsonne und herrlicher Aussicht auf die Churfirsten-Bergkette und das restliche Ostschweizer Bergpanorama des Sarganserlandes. In der Region befinden sich der fjord\u00e4hnliche Walensee mit dem malerischen, autofreien Ausflugsort Quinten, sowie der mond\u00e4ne Kurort Bad Ragaz.", "image": "https://ostpimtsoch.sos-ch-dk-2.exoscale-cdn.com/catalog/9/9/0/9/99091d9954989a26697f5d95a51800506e312bec_26ff1051ffaee79b7740fe7a68a7dcfe.jpeg", "openstreetmap_id": "way/194824434"}, "geometry": {"type": "Point", "coordinates": ["9.304023100000002", "47.0898412"]}}, {"type": "Feature", "properties": {"identifier": "4d3b3fad-9695-47a7-8154-8a035d453638", "name": "Mittleres Waldwiesli", "description": "In der N\u00e4he (ca. 10 Minuten Gehdistanz) befinden sich die Bergbahn (Prodalp-Express), Einkaufsm\u00f6glichkeiten, Sportgesch\u00e4fte und diverse Restaurants. Kostenloser Parkplatz im Sommer in der N\u00e4he der Ferienwohnung vorhanden, im Winter ist die Zufahrt sowie das Parkieren eingeschr\u00e4nkt.", "url": "http://www.waldwiesli.ch", "image": "https://ostpimtsoch.sos-ch-dk-2.exoscale-cdn.com/catalog/e/e/3/5/ee3565a5c46a9942cf40c7dbd36f5e4f298cfceb_8d1c9a1955f41e3d1cfe6ff55624fffa.jpg", "openstreetmap_id": "way/309844994"}, "geometry": {"type": "Point", "coordinates": ["9.30191795", "47.09263715"]}}, {"type": "Feature", "properties": {"identifier": "4d5a3b88-a660-441d-ab31-25927a3018fa", "name": "Hotel Hirschen Maienfeld", "description": "In der wundersch\u00f6nen B\u00fcndner Herrschaft, mitten in &quot;Heidis&quot; D\u00f6rfchen befindet sich das zentral gelegene B&amp;B Hirschen.\nMit einer sch\u00f6nen Sonnenterasse, gratis Wireless Netz sowie renovierten hellen und gem\u00fctlichen Zimmern und auch einem grossen Appartement w\u00fcrden wir Sie herzlich willkommen heissen.\n\nDie Zimmer und Apartments im Hotel Hirschen bieten Bergblick, Holzb\u00f6den und einen Flachbild-Sat-TV. Die Badezimmer sind privat oder Gemeinschaftsb\u00e4der.\n\nWir bieten unseren G\u00e4sten \u00dcbernachtung und Fr\u00fchst\u00fcck an, ansonsten bleibt das Restaurant geschlossen.", "url": "https://www.hirschen7304.ch/", "image": "https://ostpimtsoch.sos-ch-dk-2.exoscale-cdn.com/catalog/5/5/f/3/55f3b2433decb9caca475a56aedc1fbe91af219b_0434fc4751cae27de41a6fc860fc2603.jpg", "openstreetmap_id": "node/3660576999"}, "geometry": {"type": "Point", "coordinates": ["9.5290319", "47.0045654"]}}, {"type": "Feature", "properties": {"identifier": "4e71388e-b091-4829-8a0c-7e1ec0096dcb", "name": "Garni Hotel Schweizerhof", "description": "Im Dorf Mels in der Region Heidiland Sarganserland, inmitten der Ski- und Wandergebiete Pizol und Flumserberge, hei\u00dft Sie das Hotel Schweizerhof willkommen. Freuen Sie sich auf eine Bar und kostenfreies WLAN.\n\nDie Zimmer in elegantem alpenl\u00e4ndischen Stil sind mit Holzm\u00f6beln und -b\u00f6den ausgestattet. Sie verf\u00fcgen \u00fcber Kabel-TV, eine Minibar und ein Badezimmer. Haartrockner erhalten Sie auf Anfrage.", "url": "http://www.schweizerhof-mels.ch", "image": "https://ostpimtsoch.sos-ch-dk-2.exoscale-cdn.com/catalog/2/c/0/a/2c0ad5fce14d723e98471e5ddc694bed675ffbf4_1cd18e9caa933015f58ff9aa807830b8.jpg", "openstreetmap_id": "way/410664278"}, "geometry": {"type": "Point", "coordinates": ["9.420163123443903", "47.04707234999999"]}}, {"type": "Feature", "properties": {"identifier": "4ea1f9d6-4676-458b-bc1e-4b433780bc97", "name": "Hotel one66", "description": "Das Hotel one66 ist die perfekte Adresse f\u00fcr Gesch\u00e4ftsleute, Messebesucher, Sportvereine und Reisende, die St.Gallen und Umgebung entdecken m\u00f6chten.\nEs liegt in unmittelbarer N\u00e4he des Autobahnanschlusses A1 St.Gallen-Winkeln. In direkter Umgebung befinden sich das Fussballstadion kybunpark, die Shopping Arena oder die Sportanlage Gr\u00fcndenmoos. Das Stadtzentrum von St.Gallen ist \u2013 sowohl mit Auto als auch mit \u00f6V \u2013 ebenfalls sehr gut erreichbar. \n\nDas Hotel bietet 83 hochwertig ausgestattete Zimmer mit 166 Komfortbetten und modernster Infrastruktur, ein 24 Stunden Self Check-In f\u00fcr Nachtschw\u00e4rmer, eine Bar, die zum Verweilen einl\u00e4dt und ein Fr\u00fchst\u00fccksbuffet, das keine W\u00fcnsche offen l\u00e4sst.", "url": "http://www.hotel-one66.ch/", "image": "https://ostpimtsoch.sos-ch-dk-2.exoscale-cdn.com/catalog/9/a/1/e/9a1edbb8f5e71dbadc77e40c6bc310c271f0bf32_a1b43bf436cff4665e3128be9ee6de86.jpg", "openstreetmap_id": "node/4234030595"}, "geometry": {"type": "Point", "coordinates": ["9.30877899999996", "47.40802499999999"]}}, {"type": "Feature", "properties": {"identifier": "4fa42c79-b2aa-4d2c-8237-b12ce0e442e9", "name": "Hotel Profis - Business Hotel + Bar", "description": "Das renovierte Businesshotel, mit moderner komfortabler Ausstattung, bietet jedes Wohnmodell: gem\u00fctliche Zimmer f\u00fcr einen kurzen Aufenthalt und wohnliche Studios f\u00fcr l\u00e4ngere Aufenthalte. \n\nNach einem anstrengenden Arbeitstag, l\u00e4dt die ebenfalls renovierte Profis Bar f\u00fcr einen entspannten Ausklang ein. Das Hotel liegt nahe am  einzigartigen Naturschutzgebiet \u00abAlter Rhein\u00bb und auch an der Autobahn sowie der \u00f6sterreichischen Grenze. ", "url": "http://www.hotelprofis.ch/", "image": "https://ostpimtsoch.sos-ch-dk-2.exoscale-cdn.com/catalog/3/4/a/9/34a9e2134a27cdff3556d015b067f174dc4554c8_7d44139f2c4de2ab5f7a2ebd7e27722b.jpg", "openstreetmap_id": "node/7274123107"}, "geometry": {"type": "Point", "coordinates": ["9.6528448", "47.3862623"]}}, {"type": "Feature", "properties": {"identifier": "4fd5993b-a6b1-497d-9751-ff9cb647c755", "name": "Gasthaus Metzgerei Dorfplatz", "description": "Mit viel Herzblut und Leidenschaft f\u00fchren die Gastgeber Franziska und Peter Signer-Frick gemeinsam mit dem K\u00fcchenchef Philipp Michel das Gasthaus Dorfplatz in Urn\u00e4sch. Hier hat das Wohl des Gastes h\u00f6chste Priorit\u00e4t. Diesem Grundsatz sowie dem hohen Qualit\u00e4tsbewusstsein verpflichtet, gibt das Team t\u00e4glich alles, um Ausflugs- und Hotelg\u00e4sten ein nachhaltiges Erlebnis zu bieten. Die gem\u00fctlichen G\u00e4stezimmer im Gasthaus Dorfplatz verspr\u00fchen einen Hauch Romantik \u2013 perfekt f\u00fcr den idyllischen Kurzurlaub. \nDer Metzgereiladen im Parterre des Gasthauses bietet ein reichhaltiges Angebot an Fleischwaren.\n\nDas Dorfleben in Urn\u00e4sch ist gepr\u00e4gt von Tradition und Brauchtum. Beispiele daf\u00fcr sind der neue und Alte Silvester, das \u00ab\u00d6berefahre\u00bb (Alpfahrt), der Striichmusigtag oder der Brauchtumsmarkt. Im Gasthaus Dorfplatz sind Sie mittendrin. Sie k\u00f6nnen einen Gang herunterschalten, den Alltag vergessen und einfach nur geniessen.\n\nUrn\u00e4sch liegt im Appenzeller Hinterland, unweit des S\u00e4ntis, dem h\u00f6chsten Berg der Ostschweiz. Das Dorf ist mit der Appenzeller Bahn oder mit dem Auto bestens erreichbar.", "url": "https://www.signer-gastro.ch/", "image": "https://ostpimtsoch.sos-ch-dk-2.exoscale-cdn.com/catalog/d/9/1/3/d913c2a01f89c655902874c62cc2be12e2f1b773_eb30c91672edc365576213d915a3ecff.jpg", "openstreetmap_id": "node/11117421148"}, "geometry": {"type": "Point", "coordinates": ["9.2829638", "47.3172206"]}}, {"type": "Feature", "properties": {"identifier": "4fe8b52d-18c2-4a18-a5de-4472e41f2623", "name": "Hotel-Restaurant-Ferienhaus ALTE SEKTION", "description": "Die Unterkunft bietet 98 Betten in verschiedenen Massenlagern mit Etagenduschen/WC und 40 Betten in einfachen, rustikalen 2er - 6er-Zimmer mit WC/Dusche an. Ebenfalls verf\u00fcgt die Unterkunft \u00fcber eine 2.5-Zimmerwohnung, welche zus\u00e4tzlich gemietet werden kann.\n\nWir verw\u00f6hnen Sie gerne mit unserer einfachen, aber w\u00e4hrschaften K\u00fcche.\nKommen Sie vorbei und lassen Sie sich inspirieren.", "url": "http://www.altesektion.ch", "image": "https://ostpimtsoch.sos-ch-dk-2.exoscale-cdn.com/catalog/2/f/9/f/2f9f5ac49b313be21f9d339d9ee25a68fd9652ba_b5d6552a299866330ed0b54c7f0d7146.jpg", "openstreetmap_id": "way/194824454"}, "geometry": {"type": "Point", "coordinates": ["9.298367942684013", "47.08959025"]}}, {"type": "Feature", "properties": {"identifier": "5111256c-5035-4972-8dcb-54e48ba1b205", "name": "Ferienhaus Usziit", "description": "<p>Idyllisches und gem&uuml;tliches 6.5-Zimmerhaus an ruhiger Lage. Das Ferienhaus liegt etwas abgelegen von Degersheim (ca. 2km ins Zentrum). Die direkte Zufahrt zum Haus ist m&ouml;glich, es stehen Parkpl&auml;tze direkt beim Haus zur Verf&uuml;gung. Das Grundst&uuml;ck ist 850 m2 gross. Das Haus umfasst 120 m2 Wohnfl&auml;che mit drei Schlafzimmern, einem Babyzimmer, zwei Nasszellen, K&uuml;che mit Eckbank, Wohnzimmer mit Ecksofa und Wohnstube mit grossem Tisch und Eckbank. Es gibt einen Abstellraum f&uuml;r Velo, Bikes, Skis, Schlitten, Kinderwagen etc. Ausserdem steht eine Waschmaschine zur Verf&uuml;gung. Ein grosser Garten (eingez&auml;unt) l&auml;dt zum gem&uuml;tlichen Verweilen ein. Das Haus bietet Platz f&uuml;r bis zu sechs Personen.<br>Vermietung: wochenweise</p>", "url": "https://www.e-domizil.ch/rental/01cb55e3c7a7aa79bc0d8455742c558f", "image": "https://ostpimtsoch.sos-ch-dk-2.exoscale-cdn.com/catalog/8/7/a/c/87ac1b4a006417977372b309ede5fbfbacecd108_22e1ac92795071680d6c9f2800cf46a9.jpg", "openstreetmap_id": "7087911526"}, "geometry": {"type": "Point", "coordinates": ["9.217794835567476", "47.385196640215"]}}, {"type": "Feature", "properties": {"identifier": "51e8ac04-7c9a-4a21-a588-7b4f5291eb45", "name": "Hotel Restaurant Heidihof", "description": "Unser Hotel liegt in bester Lage mit traumhaftem Blick auf die Berge. Wir verf\u00fcgen \u00fcber 15 komfortable Zimmer mit Bad/Dusche, WC. TV, Radio und WLAN, die bis zu 27 G\u00e4sten Platz bieten. \nUnsere K\u00fcche vereint internationale Spezialit\u00e4ten, Schweizer Klassiker und regionale Gerichte, die Sie auch auf unserer grossen Sonnenterrasse oder in Restaurant geniessen k\u00f6nnen. \nF\u00fcr Feiern, Bankette oder Seminare steht Ihnen ein Eventsaal f\u00fcr bis zu 100 Personen oder ein kleineres Seminarraum mit moderner Technik zur Verf\u00fcgung. \nEs w\u00fcrde uns sehr freuen, Sie bei uns willkommen hei\u00dfen und verw\u00f6hnen zu d\u00fcrfen.", "url": "http://www.heidihof.ch", "image": "https://ostpimtsoch.sos-ch-dk-2.exoscale-cdn.com/catalog/f/8/d/c/f8dc77210f4cb8f6b3c05153206bd0d58f7f62e2_985f31b7d721d48f4f5d263aa740e095.JPG", "openstreetmap_id": "way/119015122"}, "geometry": {"type": "Point", "coordinates": ["9.54429770467971", "47.017297"]}}, {"type": "Feature", "properties": {"identifier": "53535d42-6ec2-4a46-aa69-ed7301e1a566", "name": "Riverside", "description": "<p>In unserem Seminar- und Eventhotel Riverside, der ehemaligen Garnspinnerei Letten, k&ouml;nnen Sie die besten Ideen spinnen. In unserem Hotel trifft Nostalgie auf Moderne und bietet eine einzigartige Atmosph&auml;re f&uuml;r Seminare, Bankette und Events. Alles umgeben von Gr&uuml;n, Wald, Fluss und Wiese.</p>\n<p><strong>Hotel<br></strong>Unsere 96 Zimmer verzaubern mit einem Blick in die Natur. Das Hauptgeb&auml;ude verf&uuml;gt &uuml;ber 44 Zimmer. Das harmonische Zusammenspiel von Kunst und Farbkompositionen unterstreicht die stilvolle Ausstrahlung. Die 52 Lodgezimmer verf&uuml;gen &uuml;ber einen eigenen Balkon und liegen direkt an der Glatt. Der alpine Chic mit nat&uuml;rlichen und warmen Holzelementen schafft ein gem&uuml;tliches Ambiente.</p>\n<p><strong>Seminare &amp; Veranstaltungen</strong><br>Die 26 Seminarr&auml;ume mit unterschiedlichen Kapazit&auml;ten sind mit modernster Pr&auml;sentationstechnik ausgestattet und mit Tageslicht durchflutet. Sie bieten den perfekten Rahmen f&uuml;r ein informatives Seminar, eine erfolgreiche Tagung oder eine spannende Pr&auml;sentation. Unsere beiden eleganten Fests&auml;le lassen Tr&auml;ume wahr werden und sind der perfekte Ort f&uuml;r gesch&auml;ftliche und private Feiern. Sie bieten Platz f&uuml;r bis zu 450 Personen. Gerne organisieren wir Ihr Bankett auch im Restaurant Thaigarden, in der Riveralp, in der Kegelbahn oder im Autoatelier.</p>\n<p><strong>Kulinarische K&ouml;stlichkeiten</strong><br>Zwei Restaurants, ein Pop-up-Chalet und zwei Bars zelebrieren die Trink- und Esskultur im Riverside. Ob thail&auml;ndisches Essen, saisonale Schweizer K&uuml;che oder K&auml;sespezialit&auml;ten, hier ist f&uuml;r jeden Geschmack etwas dabei.</p>\n<p><strong>Freizeit &amp; Rahmenprogramm</strong><br>Mit dem Autostudio und dem Bowlingcenter bietet das Hotel eine Vielzahl von M&ouml;glichkeiten, den Aufenthalt mit einem unvergesslichen Rahmenprogramm zu bereichern. Das modernste Bowlingcenter im Z&uuml;rcher Unterland ist f&uuml;r die &Ouml;ffentlichkeit zug&auml;nglich. Es gibt viele M&ouml;glichkeiten, Ihren Anlass zu organisieren und das Beste ist, dass wir Ihnen alles unter einem Dach bieten.</p>\n<p>Das Riverside zeichnet sich durch seine ideale Lage aus, in der N&auml;he der Stadt und des Flughafens Z&uuml;rich, umgeben von viel Gr&uuml;n: Flughafen Z&uuml;rich 20km 15min. Schaffhausen 24km 30min. Stadt Z&uuml;rich 29km 25min.</p>", "url": "https://www.riverside.ch/de/", "image": "https://ostpimtsoch.sos-ch-dk-2.exoscale-cdn.com/catalog/0/5/9/1/0591e72d4433b331ed9c5a565a970fa4dc7d516e_6735348bf0fbcdfa457bc6da93b33a78.jpg", "openstreetmap_id": "node/519736102"}, "geometry": {"type": "Point", "coordinates": ["8.480145", "47.569445"]}}, {"type": "Feature", "properties": {"identifier": "54271edc-f9eb-4db2-877c-6f994ca95767", "name": "Quadernpark (9 Wohnungen)", "description": "Die Quadernpark Apartments befinden sich im Dorfzentrum von Valens, in unmittelbarer N\u00e4he zur Reha-Klinik. Von den ruhig gelegenen Mehrfamilienh\u00e4usern haben sie Blick in eine grossz\u00fcgige Umgebung mit Park. Die Ferienwohnungen befinden sich in drei Geb\u00e4uden mit Eigentumswohnungen integriert. In einem der H\u00e4user befindet sich ein Einkaufsladen mit regionalen Produkten sowie Postautohaltestellen direkt vor der T\u00fcre.\n\nDurch die hervorragende Erreichbarkeit ab Bad Ragaz \u00fcber die gr\u00f6sste Bogenbr\u00fccke der Schweiz ist Valens zu jeder Jahreszeit attraktiv. Umgeben von beeindruckender Bergwelt erholen Sie sich am Ausgangspunkt f\u00fcr Ausfl\u00fcge zum Wandern, Biken, Schwimmen und vielem mehr.", "url": "https://www.quadernpark.ch", "image": "https://ostpimtsoch.sos-ch-dk-2.exoscale-cdn.com/catalog/b/a/e/1/bae1e47bbc6afd88253336486b7e2c08c7eb49ab_3d96d95091dc06dc0bdce6cdd827679a.jpg", "openstreetmap_id": "node/883151729"}, "geometry": {"type": "Point", "coordinates": ["9.4824363", "46.9696093"]}}, {"type": "Feature", "properties": {"identifier": "555b474e-e921-4834-b464-e6e67cf8f9d5", "name": "Ferienhaus Falknis", "description": "Das charmante 2 \u00bd Zimmer Maisonette-Eckhaus liegt an ruhiger Lage im Dorfzentrum. Einkaufsm\u00f6glichkeiten befinden sich in unmittelbarer N\u00e4he (ca. 2 Gehminuten). Bis zum Bahnhof und zum Thermalbad sind es ca. 5 - 10 Gehminuten. Zur Wohnung geh\u00f6rt ein sonniger Gartensitzplatz sowie ein Keller mit Waschmaschine und Tumbler.\n\nDas Ferienhaus ist modern und gem\u00fctlich eingerichtet. Der Wohn-/Essbereich verf\u00fcgt \u00fcber einen Plattenboden, die Schlafzimmer \u00fcber einen Parkettboden. Im Erdgeschoss befindet sich eine Wendeltreppe ins Obergeschoss (nicht geeignet f\u00fcr kleine Kinder).", "image": "https://ostpimtsoch.sos-ch-dk-2.exoscale-cdn.com/catalog/6/6/8/3/66839e5a0257e9aecc222d674dfcafd9c9768310_aab6b4bc5b70c1ede4509f7b1e018e31.jpg", "openstreetmap_id": "way/300566802"}, "geometry": {"type": "Point", "coordinates": ["9.502379894256594", "47.00362290931616"]}}, {"type": "Feature", "properties": {"identifier": "55b7b8d4-ba9a-4eb2-aed8-b8c314af4b47", "name": "Hotel Le Lion - Self Check-in", "description": "<p>Das Hotel Le Lion Self Check-in mit 22 liebe- und stillvoll eingerichteten Zimmern bietet ein Zuhause auf Zeit. Ob Gesch\u00e4ftsreisende oder Touristen, in den Zimmern finden die G\u00e4ste alles, was f\u00fcr einen hohen Wohnkomfort f\u00fcr kurze oder l\u00e4ngere Zeit notwendig ist. Dank dem Check-in Automaten ist das Check-in flexibel und unabh\u00e4ngig zu jeder Tages- und Nachtzeit m\u00f6glich. Jedes Zimmer verf\u00fcgt \u00fcber eine voll ausgestattete K\u00fcche inkl. Nespresso-Kaffeemaschine und Wasserkocher.</p>", "url": "https://www.hotel-lelion.ch", "image": "https://ostpimtsoch.sos-ch-dk-2.exoscale-cdn.com/catalog/8/8/0/3/880372b47bcae7eec10667dc705808db0d12fd8d_d4d7bd8039253b68c0424d3d98a6d33b.jpg", "openstreetmap_id": "node/4178039190"}, "geometry": {"type": "Point", "coordinates": ["9.2414744", "47.4935493"]}}, {"type": "Feature", "properties": {"identifier": "55cc4c34-f88c-485b-af98-bb714a725ee8", "name": "Chalet T\u00e4nnli (CharmingStay)", "description": "Das Chalet T\u00e4nnli verf\u00fcgt \u00fcber zwei 3.5-Zimmerwohnungen direkt am Flumserberg Tannenboden.  Die Bergstation Tannenboden, Einkaufsm\u00f6glichkeiten und Restaurants befinden sich nur wenige Gehminuten von der Unterkunft entfernt. Vor dem Haus stehen pro Wohnung je ein Parkplatz zur Verf\u00fcgung. ", "url": "https://www.charmingstay.ch", "image": "https://ostpimtsoch.sos-ch-dk-2.exoscale-cdn.com/catalog/6/4/7/f/647f07d96d2cea5b05731ae6a545a42f84fa00b1_a93fdbe000964daa9f4ab5ef83ecb758.jpg", "openstreetmap_id": "way/294246280"}, "geometry": {"type": "Point", "coordinates": ["9.285302000000001", "47.09648525"]}}, {"type": "Feature", "properties": {"identifier": "560f4a01-b3e8-4ced-9574-f97fe4825fea", "name": "Haus Zanaiblick", "description": "Das Ferienhaus verf\u00fcgt \u00fcber zwei 2-Bett-Studios und liegt im sch\u00f6nen Valens. Ein kostenfreier Parkplatz geh\u00f6rt zu den Studios.\n\nDetails der einzelnen Ferienwohnungen\n- 2x 2-Bett-Studio im Parterre\n\nDie beiden hellen und gem\u00fctlich eingerichteten Studios verf\u00fcgen beide \u00fcber einen offenen Wohn-/Schlafraum mit zwei Betten, Sofa und Essbereich. In der kleinen Kochecke findet man alles was man braucht.", "image": "https://ostpimtsoch.sos-ch-dk-2.exoscale-cdn.com/catalog/9/3/7/0/93708711e0d2a3c273dd525ad8a7d26ff29aea7f_79c046561f2a0e5ac2e99b297eac8afe.jpg", "openstreetmap_id": "way/590842131"}, "geometry": {"type": "Point", "coordinates": ["9.478308357082327", "46.968177334268745"]}}, {"type": "Feature", "properties": {"identifier": "5624ca77-f03a-4159-b394-b309a87724ba", "name": "Ferienwohnung Steinr\u00f6schen", "description": "Die 3.5-Zimmerwohnung befindet sich mitten im Zentrum von Flumserberg Tannenbodenalp, gleich bei der Postautohaltestelle und in der N\u00e4he des Skilifts und Einkaufsm\u00f6glichkeiten. Zur Wohnung geh\u00f6rt ein kostenfreier Parkplatz.\n\nDie helle Wohnung ist gem\u00fctlich und komfortabel eingerichtet. Der Wohnraum sowie ein Schlafzimmer verf\u00fcgen \u00fcber einen Holzboden. Vom Wohnzimmer aus hat man Zugang zum m\u00f6blierten Wintergarten.", "url": "https://steinroeschen.ch/", "image": "https://ostpimtsoch.sos-ch-dk-2.exoscale-cdn.com/catalog/e/6/f/e/e6fe25f27e0fa04267ec4a6d90278d8801953946_7c29fcc1b671cc29c9916bd0d3344d6c.jpg", "openstreetmap_id": "way/294246316"}, "geometry": {"type": "Point", "coordinates": ["9.284847590473282", "47.0935765"]}}, {"type": "Feature", "properties": {"identifier": "56fb0462-3fba-44da-b407-31d3b29ce9c7", "name": "Erlebnisbauernhof Steigmatt", "description": "Die Steigmatt liegt an sehr ruhiger Lage mitten in der Rheinebene. Der Hof bietet Kindern viele Freiheiten und Erwachsenen einen gem\u00fctlichen Aufenthalt. Auf dem Hof leben zahlreiche Tiere wie K\u00fche, Rinder, K\u00e4lber, Katzen, Pfauen, der anh\u00e4ngliche Familienhund Svenno und die lustigen Esel Melik, Suleica, Balu, Killimancharo, Aladin, und nat\u00fcrlich Amadeus, das K\u00e4nguru mit Kollegen. \n\nBeim Erlebnisbauernhof gibt es die \u00dcbernachtungsm\u00f6glichkeit im Stroh mit Fr\u00fchst\u00fcck (Nachtessen auf Bestellung) plus eine gem\u00fctliche Fahrt auf dem Rheintaler Binnenkanal. Ebenfalls k\u00f6nnen zwei Doppelzimmer, ein Vierbett-Zimmer und ein Achtbett-Zimmer gebucht werden. F\u00fcr Camper stehen f\u00fcnf Stellpl\u00e4tze zur Verf\u00fcgung.&nbsp;", "url": "http://www.steigmatt.ch/", "image": "https://ostpimtsoch.sos-ch-dk-2.exoscale-cdn.com/catalog/f/9/3/0/f930ca6e90a235c596ab99265db1bbcf941ddf07_439977a1fc8f6fd4645142de00c7d9db.jpg", "openstreetmap_id": "way/94814429"}, "geometry": {"type": "Point", "coordinates": ["9.5821614", "47.3530297"]}}, {"type": "Feature", "properties": {"identifier": "5732e5a5-3e88-4e89-b6c6-ea76d3e512bf", "name": "Stellplatz Mapraggsee", "description": "Der Platz liegt am Waldrand und am L\u00e4uibach. Er verf\u00fcgt \u00fcber 6-7 Stellpl\u00e4tze f\u00fcr Wohnmobile, Wohnwagen, Vans oder Zelte. Er ist mit Schotter befestigt, verf\u00fcgt \u00fcber ein WC und eine Grillstelle mit Sitzm\u00f6glichkeiten. Vom Stellplatz aus f\u00fchren Wanderwege am See entlang, Richtung Valens/Vas\u00f6n und auf den V\u00e4ttnerberg. Der Dorfladen in Vas\u00f6n ist nur 1 km entfernt und zu Fuss in ca. 10 Minuten und mit dem Auto in 2 Minuten erreichbar.\n\nWir empfehlen den Stellplatz erst vor Ort zu bezahlen, da wir auch Barzahlung und Twint akzeptieren. Es kann vorab keine Garantie f\u00fcr die Verf\u00fcgbarkeit der Pl\u00e4tze gegeben werden, da diese nicht einzeln markiert sind. Wir bitten um Verst\u00e4ndnis.", "url": "https://valens-tourismus.ch/camping", "image": "https://ostpimtsoch.sos-ch-dk-2.exoscale-cdn.com/catalog/c/9/1/b/c91b6baa0cae9a3620e248901e943d4637a1dccb_e49561f4a6214404aa68e06b9c318944.jpg", "openstreetmap_id": "way/363320243"}, "geometry": {"type": "Point", "coordinates": ["9.479066133499147", "46.946666040688434"]}}, {"type": "Feature", "properties": {"identifier": "577bb9fe-b254-4c00-8b83-9e4f26be9574", "name": "Visimo Apartments - Deluxe Studio", "description": "Das schicke 30 Quadratmeter-Studio-Appartment im Westen von St.Gallen ist ein Wohlf\u00fchlort f\u00fcr bis zu zwei Personen, das einen unvergesslichen Aufenthalt bietet. Dank der guten Verkehrsanbindung an das Bus- und Bahnnetz der Region in unmittelbarer Fussn\u00e4he sind die G\u00e4ste auch ohne Auto in wenigen Minuten in St.Gallen.\n\nEINRICHTUNG\nIn der hellen und mond\u00e4n eingerichteten Wohnung schlafen die G\u00e4ste komfortabel in einem Kingsize-Boxspringbett (180x200cm). Auf dem Balkon lassen sich sch\u00f6ne Sonnenstunden mit Blick auf das voralpine Panorama geniessen. \n\nSPEISEN UND KOCHEN\nEine kleine, aber feine Kochecke, ausgestattet mit Herd, Geschirrsp\u00fcler, Gefrierfach, Mikrowelle, Kaffeemaschine, Wasserkocher, Tellern, Gl\u00e4sern und Besteck, l\u00e4dt dazu ein, Speisen zu kochen, die auf dem kleinen Esstisch, im hellen und gem\u00fctlichem Ambiente, genossen werden k\u00f6nnen.\n\nWEITERE EINRICHTUNGEN\nEine Garderobe und Schrank bieten viel Platz f\u00fcr Kleider und Gep\u00e4ck. F\u00fcr die Unterhaltung an ruhigeren Tagen steht nicht nur kostenloses WLAN, sondern auch ein neuer Smart-TV samt Netflix-Konto und ein SunriseTV-Abo zur Verf\u00fcgung.\n\nEine Waschmaschine und ein Trockner stehen im Keller zur Mitbenutzung bereit. \n\nDas freundliche und aparte Badezimmer ist mit Handseife, Shampoo sowie frischen Handt\u00fcchern ausgestattet. \n\nAuch die vierbeinigen G\u00e4ste sind gerne willkommen.", "url": "https://www.visimo-apartments.ch/apartments-st-gallen/", "image": "https://ostpimtsoch.sos-ch-dk-2.exoscale-cdn.com/catalog/e/5/1/6/e51619d9b0a5cb9f0e6609160ea7797f12896af1_f327d31f2e7a2569298a419f91119a10.jpg", "openstreetmap_id": "309206833"}, "geometry": {"type": "Point", "coordinates": ["9.333691674080267", "47.4067184"]}}, {"type": "Feature", "properties": {"identifier": "57883285-3525-402d-a6a2-5c2842db061d", "name": "Chalet Good ", "description": "Das Chalet mit zwei Wohnungen befindet sich in Flumserberg Tannheim nur ca. 5 Gehminuten von der Postautohaltestelle, Einkaufsm\u00f6glichkeiten, Seilbahn, Minigolf und Tennisplatz entfernt. Im Winter direkt an der Skipiste und im Sommer an den Wanderwegen. Ein kostenloser Parkplatz geh\u00f6rt zum Chalet dazu.\n\nDetails der einzelnen Ferienwohnungen\n- 1x 3.5-Zimmerwohnung im ersten Stock\n- 1x 2.5-Zimmerwohnung im Parterre\n\nDie Wohnungen verf\u00fcgen beide \u00fcber eine Wohnk\u00fcche mit grossem Esstisch, Eckbank und St\u00fchlen. Die K\u00fcche ist ausgestattet mit Kochherd, Backofen, K\u00fchlschrank, Kaffeemaschine, Toaster und Racletteofen. Badezimmer mit Dusche/WC.", "image": "https://ostpimtsoch.sos-ch-dk-2.exoscale-cdn.com/catalog/0/c/4/f/0c4f94d5f05aed32a182d344ad13069222466112_0db199239d6e829a7205efbb21b3062b.jpg", "openstreetmap_id": "way/325408057"}, "geometry": {"type": "Point", "coordinates": ["9.30025019013009", "47.08918175"]}}, {"type": "Feature", "properties": {"identifier": "58d2abf4-ab13-4c17-93cf-91c462476920", "name": "Ferienwohnung Resort Walensee Nr. 99", "description": "Die 3.5-Zimmerwohnung beim Resort Walensee mit 99m2 befindet sich am sch\u00f6nen Walensee in der Ferienregion Heidiland. In nur 2 Minuten zu Fuss erreichen Sie das Restaurant Marina Walensee, sowie die Strandbar. Zum Schiffssteg sind es 3 Minuten zu Fuss, geniessen Sie eine Schifffahrt auf dem fjord\u00e4hnlichen Walensee unterhalb der Churfirstenkette. Einkaufsm\u00f6glichkeiten sind 5 Minuten zu Fuss entfernt.", "image": "https://ostpimtsoch.sos-ch-dk-2.exoscale-cdn.com/catalog/b/e/e/7/bee730715b9df2d6f32ea2ba4ca7963fea0dcc76_8cd8845fe22b6becbb367ad055f01e9a.jpg", "openstreetmap_id": "way/244424431"}, "geometry": {"type": "Point", "coordinates": ["9.256038013380152", "47.11484435"]}}, {"type": "Feature", "properties": {"identifier": "5a51b0aa-4289-4144-bb64-69c269f28551", "name": "Club Siesta Ferienwohnung/Studio", "description": "Zwei neu sanierte und m\u00f6bilierte 3-Zimmer-Wohnung mit 5 Betten (2+3), und ein ebenso neu saniertes Studio mit 2 Betten.\n\nEigene Parkpl\u00e4tze mit ganzj\u00e4hriger Zufahrt f\u00fcr PWs und Kleinbusse vor dem Haus. Spiel- und Liegewiese mit Aussengrill (Sommer). In Schrittn\u00e4he zur Prodalpbahn (Gondel), den Dorfl\u00e4den.", "url": "https://siesta.ch/", "image": "https://ostpimtsoch.sos-ch-dk-2.exoscale-cdn.com/catalog/a/1/d/7/a1d78e119a5bebf3b239ffeb90e1ef042aef7e11_0b33491e4ae7535100b68345a8d6fb08.JPG", "openstreetmap_id": "way/437736051"}, "geometry": {"type": "Point", "coordinates": ["9.305129390625002", "47.08853685"]}}, {"type": "Feature", "properties": {"identifier": "5a9bd235-d926-43bd-a071-44b3db94bfc2", "name": "Camping H\u00fcttenberg", "description": "Zum Ortszentrum von Eschenz sind es 2 km und 3 km nach Stein am Rhein. Das Gel\u00e4nde ist teilweise terrassiert und teils flach mit gepflegtem Rasen. Die Anlagen und Einrichtungen sind modern, sehr gepflegt und eignen sich auch f\u00fcr Menschen mit Behinderung.\n\nAusgezeichnet vom VCS/TCS mit 5 Sternen. Vermietung von Wohnwagen, Zelt und Bungalow.", "url": "https://www.camping-huettenberg.ch/", "image": "https://ostpimtsoch.sos-ch-dk-2.exoscale-cdn.com/catalog/8/3/8/9/83892ed20b7cf59becd3e0386f656bb7e2c27ad5_56e2a4eca1a4f535d8a14112cd717c66.jpg", "openstreetmap_id": "87216544"}, "geometry": {"type": "Point", "coordinates": ["8.859862", "47.644559"]}}, {"type": "Feature", "properties": {"identifier": "5b5066e9-2473-4bda-b586-f07ed6455cf6", "name": "Vereinszentrum Bleiche", "description": "Die 7 Schlafr\u00e4ume \u00e0 8 Betten sind alle mit WC und Dusche ausgestattet. Im 2022 wurden alle Zimmer renoviert. Zum Vereinszentrum geh\u00f6ren eine modern eingerichtete Hotelk\u00fcche, 2 Gruppenr\u00e4ume, ein Sport- und Spielplatz und eine Grillstelle. \n\nDas Vereinszentrum Bleiche ist ideal f\u00fcr Jugendlager, Kurse, Klassenlager, Probewochenende und Feste. Das Musikprobelokal kann dazu gemietet werden. Der Aufenthaltsraum und die K\u00fcche k\u00f6nnen separat gemietet werden. \n\nDie Altstadt von Bischofszell ist in wenigen Minuten erreichbar. Einkaufsm\u00f6glichkeiten, \u00d6V und das Freibad befinden sich ebenfalls in unmittelbarer N\u00e4he.", "url": "http://www.vereinszentrum-bleiche.ch/", "image": "https://ostpimtsoch.sos-ch-dk-2.exoscale-cdn.com/catalog/3/6/9/0/3690e73b37ed8bc7b0a9dda1578618003b5ab9de_61d79d7b485b51e9779a6c8d20dab658.JPG", "openstreetmap_id": "node/10094753772"}, "geometry": {"type": "Point", "coordinates": ["9.238117933273317", "47.496893748572376"]}}, {"type": "Feature", "properties": {"identifier": "5b5bf294-02f4-41c9-9788-6a5e533f4a21", "name": "Campingplatz Buchhorn", "description": "Der Campingplatz bietet ein grosses Angebot: Kiosk, Gas-Service, Badegelegenheit mit grosser Liegewiese im Strandbad Arbon, \u00f6ffentliche Feuerstelle und ein Kinderspielplatz. Eine Reservation ist nur f\u00fcr Wohnwagenpl\u00e4tze m\u00f6glich. Auf dem ganzen Platz herrscht Hundeverbot. Im Strandbad hat es zudem ein Restaurant und es k\u00f6nnen SUP-Boards oder Kajaks gemietet werden. Der Campingplatz Buchhorn liegt direkt am Seeradweg und bietet eine sch\u00f6ne Aussicht \u00fcber den Bodensee, egal ob ein POD-House, ein Zelt- oder Stellplatz gemietet wird.", "url": "http://www.camping-arbon.ch/", "image": "https://ostpimtsoch.sos-ch-dk-2.exoscale-cdn.com/catalog/2/7/6/8/27682266ff99cc96739353461aa0bff89a53085a_4d823ac0275bde4fbdf4367b1fdec86f.jpg", "openstreetmap_id": "relation/11065363"}, "geometry": {"type": "Point", "coordinates": ["9.42128987527657", "47.523934100000005"]}}, {"type": "Feature", "properties": {"identifier": "5c379534-d455-4a10-9176-a3cc67b887dc", "name": "22 \u2013 Zimmer & Zmorge", "description": "In Kreuzlingen beherbergt ein gem\u00fctliches Einfamilienhaus das B & B 22 \u2013 Zimmer & Zmorge. Im Obergeschoss bieten zwei Doppelzimmer Platz f\u00fcr bis zu vier Personen. Auf der exklusiv f\u00fcr G\u00e4ste reservierten Etage befindet sich neben einem Badezimmer eine kleine Sitzecke, wo ein reichhaltiges Fr\u00fchst\u00fcck serviert wird. Brot, Joghurt, Konfi und teils andere Produkte sind hausgemacht, frisch und lecker. Wo immer m\u00f6glich wird zudem auf Regionalit\u00e4t und Saisonalit\u00e4t geachtet. Die Zimmer k\u00f6nnen auch als Einzelzimmer oder ohne Fr\u00fchst\u00fcck gebucht werden. Familien mit Kindern sind willkommen. Der Garten mit zwei Sitzpl\u00e4tzen, Grill, H\u00e4ngematte und Tischtennistisch darf gerne mitbenutzt werden. \n\nIn Gehdistanz liegen der Bahnhof Kurzrickenbach-Seepark, Bushaltestelle und Einkaufsm\u00f6glichkeiten. Auch der Bodensee, das Schwimmbad H\u00f6rnli und der wunderbare Seeburgpark mit riesigem Spielplatz, Restaurants, Tierpark oder Minigolf sind zu Fuss erreichbar.", "url": "https://www.22zz.ch", "image": "https://ostpimtsoch.sos-ch-dk-2.exoscale-cdn.com/catalog/c/c/6/c/cc6c97335b224e28579f6e589fa981a41347796d_2931727574f283288c1413f22179c4fe.JPG", "openstreetmap_id": "way/180890805"}, "geometry": {"type": "Point", "coordinates": ["9.191905262586445", "47.6430728"]}}, {"type": "Feature", "properties": {"identifier": "5c4274d3-729b-485b-bd38-ad975924e408", "name": "Ferienwohnung Chriesil\u00f6ser", "description": "Die gem\u00fctliche und stilvoll eingerichtete 3.5-Zimmerwohnung liegt an sonniger Lage im historischen Kurort Bad Ragaz. Das Ortszentrum mit Gesch\u00e4ften und Restaurants sowie das Thermalbad, der Giessenpark und das Freibad sind in wenigen Gehminuten erreichbar.", "image": "https://ostpimtsoch.sos-ch-dk-2.exoscale-cdn.com/catalog/4/f/7/2/4f722058813042ff8f7c57fbed2db9b2a4e197d5_89b9bf4200b25eb7124da9ee63a789bf.jpeg", "openstreetmap_id": "way/44961291"}, "geometry": {"type": "Point", "coordinates": ["9.502314413377373", "47.0124255"]}}, {"type": "Feature", "properties": {"identifier": "5caadce0-a834-47f2-bab4-2ceb1759d843", "name": "Camping Seehorn", "description": "Neben dem Campinggel\u00e4nde liegt das Seebad Wiedehorn. Grossz\u00fcgige Stellpl\u00e4tze sowie moderne sanit\u00e4re Anlagen \u00fcberzeugen die Campingg\u00e4ste. Dem Gast stehen ein vielf\u00e4ltiges Gastronomieangebot und der Camping-Shop mit Brotservice zur Verf\u00fcgung. Ob mit Zelt, Wohnmobil oder in einem der Mietobjekte, auf dem Camping Seehorn f\u00fchlt man sich rundum wohl. Ausserdem ist der Campingplatz sehr gut gelegen, um die umliegenden Highlights zu entdecken.\n\nDer Camping Seehorn besitzt zwei Elektroauto-Ladestationen. Diese befinden sich beim \u00f6ffentlichen Parkplatz der Gemeinde Egnach an der Hauptstrasse in Wiedehorn.", "url": "http://www.seehorn.ch", "image": "https://ostpimtsoch.sos-ch-dk-2.exoscale-cdn.com/catalog/b/4/5/5/b4552680686edc7a86b5408022b8e0821cf859b0_629e30da670c88ba47ee1a16c37a134d.jpg", "openstreetmap_id": "relation/7041927"}, "geometry": {"type": "Point", "coordinates": ["9.397559165954592", "47.53649303619903"]}}, {"type": "Feature", "properties": {"identifier": "5ce9da53-87f8-403c-ab34-5248f21f257c", "name": "Naturfreundehaus Kaien", "description": "Mit seinem grossen Aufenthaltsraum f\u00fcr bis zu 60 Personen ist das Haus ideal geeignet f\u00fcr Firmen, Schulen, Seminare oder Feiern in gr\u00f6sserer Runde. An Wochenenden ist das Haus bewartet und ein beliebtes Ausflugsziel.\nDas Haus kann insgesamt 38 Personen beherbergen. Es verf\u00fcgt \u00fcber 5 Zimmer mit 4 Betten, 2 Zimmer mit 6 Betten, 1 Zimmer mit 5 Betten, Waschr\u00e4ume, Etagenduschen und WCs. Wolldecken und Duvets sind in den Schlafr\u00e4umen vorhanden, Bettw\u00e4sche ist nur in den 4 Zimmern gegen Aufpreis erh\u00e4ltlich. Die grosse und modern eingerichtete K\u00fcche kann unter der Woche ben\u00fctzt werden. An Samstagen und Sonntagen m\u00fcssen die Speisen vom H\u00fcttenwart bezogen werden.\nEs hat einige Freizeit- und Spielm\u00f6glichkeiten im und ums Haus: ein Spielzimmer, ein grosser Gel\u00e4ndespielplatz, Tischtennis-Tisch und Fussballkasten. Im Aussenbereich hat es zudem ein Grillhaus mit Holzkohlegrill und Feuerstellen. \nIn 20 Gehminuten von der Postauto-Haltestelle erreicht man die Gruppenunterkunft. Zufahrt bis zum Parkplatz unterhalb des Haus m\u00f6glich (Parkgeb\u00fchr von CHF 2.00). Kostenlose Parkpl\u00e4tze sind in Rehetobel vorhanden. Das Appenzellerland und bietet als tolles Gebiet diverse M\u00f6glichkeiten f\u00fcr Gruppen an. Das Skigebiet ist 3 Kilometer vom Haus entfernt und kann in 10 Autominuten erreicht werden.", "url": "https://www.kaienhaus.ch/index.php", "image": "https://ostpimtsoch.sos-ch-dk-2.exoscale-cdn.com/catalog/2/5/8/a/258aea08167f96de11504c8d86485efa1bd1940e_d5b4679b6befd0045a15e9ef793b00e3.jpg", "openstreetmap_id": "1149868341"}, "geometry": {"type": "Point", "coordinates": ["9.506645", "47.434428"]}}, {"type": "Feature", "properties": {"identifier": "5d24d900-6d53-4191-b392-4d3adff63e6b", "name": "Haus Linaria (CharmingStay)", "description": "Gepflegte 3.5 Zimmerwohnung in Flumserberg-Mittenwald mit sehr grossem Gartensitzplatz. Gebaut wurde die Wohnung im Jahre 1974, wurde aber k\u00fcrzlich renoviert und hat 55m2. In unmittelbarer N\u00e4he zur Talstation Mittenwald. Virtueller 3D-Rundgang https://my.matterport.com/show/?m=3h4DvrLkh97  ", "url": "https://www.charmingstay.ch", "image": "https://ostpimtsoch.sos-ch-dk-2.exoscale-cdn.com/catalog/f/0/e/c/f0eca6e9a4bb7817695ea9563afe6879a44d3c9c_f2f061a382a7a8a6def7d3b520702e8d.jpg", "openstreetmap_id": "way/325407995"}, "geometry": {"type": "Point", "coordinates": ["9.295494319019138", "47.0903293"]}}, {"type": "Feature", "properties": {"identifier": "5d373c54-9fe8-4ba0-a284-2d37565e5356", "name": "Hotel Hecht", "description": "Wo sich die H\u00fcgel des Appenzellerlandes, die Rheintalebene und die Bodenseelandschaft begegnen, liegt das historische St\u00e4dtchen Rheineck. Und hier, zwischen dem \u00e4ltesten Siedlungsteil, dem Fahr und den dichtgef\u00fcgten Gassen der fr\u00fcheren Stadtmauern, begr\u00fcsst das Hotel Hecht seine G\u00e4ste.\n\nZwei Sterne hat der Hecht, was bestens in die l\u00e4ndliche Region passt. Zum Hotel mit 14 klimatisierten Zimmern geh\u00f6ren im Erdgeschoss ein Restaurant mit 60 Pl\u00e4tzen, eine Sonnenterrasse f\u00fcr 60 und ein Seminarraum (klimatisiert) f\u00fcr 40 G\u00e4ste, sowie im 1. Stock ein Saal (klimatisiert) f\u00fcr bis zu 220 Bankettteilnehmende oder 350 Konzertbesucher mit grosser Terrasse f\u00fcr den Apero.", "url": "http://www.hotelhecht-rheineck.ch/", "image": "https://ostpimtsoch.sos-ch-dk-2.exoscale-cdn.com/catalog/8/9/5/5/89552e846519cf1db54e7e73055adebc3ecc8845_4148b0535f5c7e9cb6be02720d809fa4.gif", "openstreetmap_id": "node/6515922667"}, "geometry": {"type": "Point", "coordinates": ["9.5918208", "47.4647847"]}}, {"type": "Feature", "properties": {"identifier": "5de0b4d3-35ea-4795-bc65-bd80404c553d", "name": "Ferienwohnung Dorf 5 - Alpsteinpanorama", "description": "Hier \u00fcbernachten, mit einzigartigem Blick \u00fcbers Appenzellerland bis zum S\u00e4ntis, ist zu allen Jahreszeiten ein Erlebnis.\nIm stilvoll renovierten, denkmalgesch\u00fctzten Haus am historischen Dorfplatz von Rehetobel wird alte Bausubstanz mit Modernit\u00e4t verbunden. \n\nDas f\u00fcnfst\u00f6ckige, stattliche Haus hat in seinen 230 Jahren mehreren Zwecken gedient. Wo jetzt ein h\u00fcbsches Beizli, das \u00abGasthaus Dorf5\u00bb mit wundersch\u00f6nem Garten zum Verweilen einl\u00e4dt, war fr\u00fcher das Postb\u00fcro. In den oberen Stockwerken, die als Telegrafenamt und Gesch\u00e4ftsr\u00e4ume dienten, befinden sich heute drei exklusive Wohnungen mit hohem Ausbaustandard. \nDie Wohnung \"Alpsteinpanorama\" h\u00e4lt was der Name verspricht: Die Aussicht aus der Vogelperspektive ist einzigartig. Hier gibt es auf zwei Stockwerken mit 150 m2 Wohnfl\u00e4che viele sch\u00f6ne Orte zum Verweilen. Der sonnige Westbalkon auf dem Zwischengeschoss \u00f6ffnet den Blick auf zwei Seiten.\nDas 45 m\u00b2 grosse Wohnzimmer mit zentralem Chemin\u00e9e ist mit der modernen, gut ausgestatteten K\u00fcche mit Kochinsel und Bar durch Schiebet\u00fcren verbunden.\nIm oberen Stockwerk gibt es zwei reizvolle Schlafzimmer, wobei das kleinere auch als gem\u00fctliches Fernsehzimmer mit toller Aussicht genutzt werden kann.\nWeitere Schlafm\u00f6glichkeit liegen direkt unter dem Dachgiebel und in den\nbeiden Dachnischen (siehe Fotos).\nDie gut isolierte aber nat\u00fcrliche Bausubstanz und die grossz\u00fcgige Ausstattung sind technisch und \u00e4sthetisch auf hohem Niveau. Moderne Kommunikation und ein eingebauter Projektionsbeamer im Wohnzimmer geh\u00f6ren zur perfekten Ausstattung. Daher wird dieser besondere Ort auch f\u00fcr die Durchf\u00fchrung von kleineren Seminaren und Retraiten gerne genutzt.\nVon der zentralen Lage im Appenzeller Vorderland aus lassen sich das Alpsteingebiet, die nahegelegene Bodenseeregion und die \u00e4usserst sehenswerte Stadt St. Gallen ideal erkunden.\n\nDie Wohnung bietet f\u00fcr zwei bis sechs (acht) Personen viel Platz - und sollten Sie einmal keine Lust zum Kochen haben, lassen Sie sich im gem\u00fctlichen Beizli \"Dorf5\" verw\u00f6hnen.\n\nMindestaufenthalt: 1 Nacht (ab CHF 211)\nPreis f\u00fcr 1 Woche: ab CHF 1'500", "url": "https://www.dorf5.ch/", "image": "https://ostpimtsoch.sos-ch-dk-2.exoscale-cdn.com/catalog/f/b/2/f/fb2f2880a54974d0ed4d2232b2d69a13a0b4697d_81270fcc92cfb9115b99fa43fe0d5382.jpg", "openstreetmap_id": "node/8521082741"}, "geometry": {"type": "Point", "coordinates": ["9.4834302", "47.4262522"]}}, {"type": "Feature", "properties": {"identifier": "5eb28e94-814d-4277-acf5-7f121ab33345", "name": "Gasthof zum Falken", "description": "Der 125-j\u00e4hrigen Tradition als Gasthaus wird im Falken auch heute noch Ehre erwiesen. Und zwar mit Hausspezialit\u00e4ten wie etwa dem Hot Stone oder dem legend\u00e4ren Jumbo-Falken-Burger. Aber auch regelm\u00e4ssig wechselnde kulinarische Themenwochen sowie Rock- und Blueskonzerte geh\u00f6ren ins Programm. Bekannt ist der Falken f\u00fcr sein Angebot an klassischen und eigenkreierten Cocktails sowie f\u00fcr die rund 30 verschiedenen Biersorten und grosse Auswahl an Whisky und Grappa. Hier spielen G\u00e4ste Darts und Tischfussball oder geniessen bei kleineren Festen die lockere Atmosph\u00e4re. Das Falkenteam verw\u00f6hnt mit seiner famili\u00e4ren und unkomplizierten Art im preiswerten Hotel und erfreut mit seiner guten Lage. Zum Bahnhof Frauenfeld sind\u2019s nur f\u00fcnf, in die Altstadt nur zwei Minuten zu Fuss.", "url": "http://www.gasthofzumfalken.ch/", "image": "https://ostpimtsoch.sos-ch-dk-2.exoscale-cdn.com/catalog/e/3/8/d/e38d9b0023b75bb17e65095fc00a18d23abed8fc_c1743c91baa871e0d1be91662a70a194.jpg", "openstreetmap_id": "3729062828.0"}, "geometry": {"type": "Point", "coordinates": ["8.8980429", "47.554894"]}}, {"type": "Feature", "properties": {"identifier": "609e52b4-7b4e-4985-926f-b44f44a08a24", "name": "Hotel Restaurant Hohberg", "description": "Das Hotel Restaurant Hohberg liegt direkt neben der BBC Arena und ist auch mit den \u00f6ffentlichen Verkehrsmitteln sehr gut zu erreichen und f\u00fcr alle die mit dem PKW kommen sind gratis Parkpl\u00e4tze vorhanden.\nUnsere K\u00fcche ist vielf\u00e4ltig, von Pinsa \u00fcber Cordon Bleu und Burger bis hin zu unseren w\u00f6chentlich wechselnden Mittagsmen\u00fcs.\nIm Sommer k\u00f6nnen Sie auf unserer gem\u00fctlichen Terrasse den Abend bei einem Glas Wein regionaler Winzer ausklingen lassen.", "url": "http://www.hotel-hohberg.ch/", "image": "https://ostpimtsoch.sos-ch-dk-2.exoscale-cdn.com/catalog/6/b/b/4/6bb42d6c1e2e05562dd56ca3e6d7bf83f386a1fb_e9344c863291819c98fb3d7a292df8a9.jpg", "openstreetmap_id": "way/251421329"}, "geometry": {"type": "Point", "coordinates": ["8.646931216307046", "47.7208995"]}}, {"type": "Feature", "properties": {"identifier": "60a01455-78cf-402c-bdb7-a52751db4f44", "name": "Wellnesshotel Seem\u00f6we", "description": "<div class=\"flex flex-col text-sm pb-25\"><section class=\"text-token-text-primary w-full focus:outline-none [--shadow-height:45px] has-data-writing-block:pointer-events-none has-data-writing-block:-mt-(--shadow-height) has-data-writing-block:pt-(--shadow-height) [&amp;:has([data-writing-block])&gt;*]:pointer-events-auto scroll-mt-[calc(var(--header-height)+min(200px,max(70px,20svh)))]\" dir=\"auto\" data-turn-id=\"request-WEB:199aaafb-b75a-40b8-8610-fb9fb2c6874d-19\" data-testid=\"conversation-turn-28\" data-scroll-anchor=\"true\" data-turn=\"assistant\"><div class=\"text-base my-auto mx-auto pb-10 [--thread-content-margin:var(--thread-content-margin-xs,calc(var(--spacing)*4))] @w-sm/main:[--thread-content-margin:var(--thread-content-margin-sm,calc(var(--spacing)*6))] @w-lg/main:[--thread-content-margin:var(--thread-content-margin-lg,calc(var(--spacing)*16))] px-(--thread-content-margin)\"><div class=\"[--thread-content-max-width:40rem] @w-lg/main:[--thread-content-max-width:48rem] mx-auto max-w-(--thread-content-max-width) flex-1 group/turn-messages focus-visible:outline-hidden relative flex w-full min-w-0 flex-col agent-turn\"><div class=\"flex max-w-full flex-col gap-4 grow\"><div class=\"min-h-8 text-message relative flex w-full flex-col items-end gap-2 text-start break-words whitespace-normal outline-none keyboard-focused:focus-ring [.text-message+&amp;]:mt-1\" dir=\"auto\" tabindex=\"0\" data-message-author-role=\"assistant\" data-message-id=\"9ba70e33-536b-481b-a897-7607a65db22b\" data-message-model-slug=\"gpt-5-3\" data-turn-start-message=\"true\"><div class=\"flex w-full flex-col gap-1 empty:hidden\"><div class=\"markdown prose dark:prose-invert w-full wrap-break-word light markdown-new-styling\"><p data-start=\"420\" data-end=\"601\" data-is-last-node=\"\" data-is-only-node=\"\">In G&uuml;ttingen am Bodensee positioniert sich das Wellnesshotel Seem&ouml;we als Ort f&uuml;r kulinarischen Genuss, Entspannung und vielseitige Freizeitm&ouml;glichkeiten. Als Teil der Gilde Restaurants steht das Haus f&uuml;r eine ehrliche, hochwertige K&uuml;che mit Fokus auf saisonale und regionale Zutaten. Das Restaurant deckt verschiedene Genussmomente ab und wird mit viel Sorgfalt gef&uuml;hrt. Der M&ouml;wensaal mit Platz f&uuml;r bis zu 100 Personen bietet einen stilvollen Rahmen f&uuml;r Feiern, Seminare und Veranstaltungen und &uuml;berzeugt durch moderne Ausstattung sowie eine besondere Atmosph&auml;re.</p></div></div></div></div><div class=\"mt-3 w-full empty:hidden\">&nbsp;</div></div></div></section></div><p data-start=\"699\" data-end=\"1146\" data-is-last-node=\"\" data-is-only-node=\"\">Der grossz&uuml;gige Wellnessbereich umfasst Sauna, Rotlichtsauna, Whirlpool und Ruheraum sowie Angebote f&uuml;r Massage und Kosmetik. Erg&auml;nzt wird das Angebot durch Fitnessm&ouml;glichkeiten sowie Ern&auml;hrungsberatungen und Bodychecks. Die Lage im Thurgau am Bodensee erm&ouml;glicht vielf&auml;ltige Aktivit&auml;ten in einer beliebten Region, zahlreiche Velorouten starten direkt beim Hotel. E-Ladestationen f&uuml;r Autos und E-Bikes unterstreichen die zeitgem&auml;sse Infrastruktur.</p>", "url": "http://www.seemoewe.ch/", "image": "https://ostpimtsoch.sos-ch-dk-2.exoscale-cdn.com/catalog/6/3/4/0/634049d4208f4bd2a3a366dbe86eb1c52f6b7661_b734b748d3583795b8022bff04e56bb5.png", "openstreetmap_id": "474764720"}, "geometry": {"type": "Point", "coordinates": ["9.2838953", "47.6063459"]}}, {"type": "Feature", "properties": {"identifier": "61fc66c9-2cbc-4974-a7f2-1eec1521d5fe", "name": "Hotel Friedegg Gasthaus B&B", "description": "Treten Sie ein in unser einmaliges Gasthaus, entschleunigen Sie, geniessen und erleben Sie pers\u00f6nlich unsere Leidenschaft f\u00fcr das Authentische und Aufrichtige. Dank der sanften Renovation vermischt sich in der Friedegg heute Altehrw\u00fcrdiges mit Modernem. Ein feines Fr\u00fchst\u00fcck erwartet Sie t\u00e4glich. Parkpl\u00e4tze, Velo- und Skiraum, schnelles WLAN und zus\u00e4tzliche Aufenthaltsr\u00e4ume stehen zur Verf\u00fcgung. Die kleine feine, hauseigene Bibliothek l\u00e4dt zum Verweilen. Von jedem Zimmer aus haben Sie Aussicht auf die faszinierende Bergwelt des Churfirsten- und Alpsteingebietes. Die Atmosph\u00e4re im Hotel ist ungezwungen, stilvoll und pers\u00f6nlich.", "url": "https://www.gasthaus-friedegg.ch", "image": "https://ostpimtsoch.sos-ch-dk-2.exoscale-cdn.com/catalog/f/d/0/1/fd01b8416feb2eb62a3658c92ac823a10ba874fa_64b95501bf9b8907f69130394b1d4cc9.jpg", "openstreetmap_id": "node/7621925247"}, "geometry": {"type": "Point", "coordinates": ["9.3399175", "47.2007763"]}}, {"type": "Feature", "properties": {"identifier": "6283eeb7-6bad-480e-888d-1dce28d1e05c", "name": "Haus DOMO", "description": "<p><strong><span class=\"Apple-style-span\">DOMO - Ihre Wohlf&uuml;hloase in den Alpen, direkt am Flumserberg</span></strong></p>\n<p>Erleben Sie unvergessliche Bergferien - ob verschneite Wintertage oder sonnige Sommerwochen - in der charmanten Ferienwohnung DOMO, direkt am Flumserberg. Hier trifft alpiner Lifestyle auf gem&uuml;tliches Ambiente und atemberaubende Natur.</p>\n<p><strong><span class=\"Apple-style-span\">Aktivurlaub oder pure Entspannung? Bei uns geht beides.</span></strong><br>Skifahren, Snowboarden, Biken, E-Biken, Wandern oder einfach die Seele baumeln lassen - all das beginnt praktisch vor der Haust&uuml;r. Die Seilbahnstationen sind nur ca. 3 Gehminuten entfernt und bringen Sie entweder auf &uuml;ber 2.000 Meter H&ouml;he oder hinunter zum malerischen Walensee, flankiert von den imposanten sieben Churfirsten.</p>\n<p><span class=\"Apple-style-span\">Details zu den einzelnen Ferienwohnungen</span></p>\n<ul>\n<li>1x 3.5-Zimmerwohnung im Erdgeschoss mit Dusche/Terrasse, 4 Personen, 82m2</li>\n<li>1x 4.5-Zimmerwohnung im Obergeschoss mit Dusche/Balkon, 4 ( bis 6) Personen, 60m2</li>\n</ul>\n<p><strong><span class=\"Apple-style-span\">Wohnen mit Stil und Aussicht</span></strong><br>Die beiden Wohnungen des Hauses DOMO &uuml;berzeugen mit hellen R&auml;umen, stilvollen Vintage-M&ouml;beln und warmem Holzambiente. Geniessen Sie den einzigartigen Panoramablick auf die umliegenden Berge - ob vom gem&uuml;tlichen Wohnzimmer oder von der sonnigen Terrasse oder dem Balkon.</p>\n<p>Die Wohnungen bieten Raum f&uuml;r bis zu 4 (6) Personen und sind ideal f&uuml;r Paare, Familien oder Freunde, die gemeinsam Natur, Sport und Erholung geniessen m&ouml;chten.</p>\n<p>F&uuml;r Biker steht ein grosser, &uuml;berdachter Stellplatz zur Verf&uuml;gung und f&uuml;r E-Bike-Enthusiasten zudem gen&uuml;gend leicht zug&auml;ngliche Ansteckm&ouml;glichkeiten.<br>Die Wintersportbegeisterten wiederum haben einen abschliessbaren Skiraum und einen leistungsstarken Skischuhtrockner zur freien Verf&uuml;gung.</p>\n<p><strong><span class=\"Apple-style-span\">Technische Einrichtung</span></strong><br>TV und WLAN stehen in beiden Wohnungen kostenlos zur Verf&uuml;gung.</p>", "image": "https://ostpimtsoch.sos-ch-dk-2.exoscale-cdn.com/catalog/d/e/1/1/de114566c01dfb17b5f0da7fa9f85e396e8d9c10_ad8c17692da244488e5bd4dfeed5aec0.jpg", "openstreetmap_id": "way/294246333"}, "geometry": {"type": "Point", "coordinates": ["9.282718592111657", "47.093954749999995"]}}, {"type": "Feature", "properties": {"identifier": "628e88ea-85d1-482b-8de7-9a9a4e775cf6", "name": "Restaurant & Hotel Rheingerbe", "description": "<p>Von unseren Zimmern k&ouml;nnen Sie den fantastischen Blick auf das Wasser geniessen, dort wo der Bodensee in den Rhein m&uuml;ndet. Von dem mittelalterlichen St&auml;dtchen mit den weltber&uuml;hmten Fassaden sind es 2 Minuten zu Fuss bis zu unserem Hotel. Das Kursschiff, welches sie auf die Reise zu den imposanten Rheinf&auml;llen mitnimmt, legt 50 Meter vom Hotel ab.<br>In gem&uuml;tlichen Zimmern, zum Teil frisch renoviert, erholen Sie sich nach einem erlebnisreichen Tag. Die unmittelbare Umgebung des Hotels, l&auml;sst vielf&auml;ltige sportliche Aktivit&auml;ten zu.</p><p>Bei einem exzellenten Glas Wein und einer Paella oder einem guten Fischknusperli k&ouml;nnen Sie die Erlebnisse der kulturellen Sehensw&uuml;rdigkeiten, wie die Burg Hohenklingen und die Inseln Mainau und Reichenau Revue passieren lassen. Geschichtsinteressierte Besucher kommen bei uns besonders auf Ihre Kosten, denn unser romantisches Geb&auml;ude aus dem 15. Jahrhundert besitzt viel Charme.</p>", "url": "http://www.rheingerbe.ch/", "image": "https://ostpimtsoch.sos-ch-dk-2.exoscale-cdn.com/catalog/d/b/0/f/db0f4da71b2e3e8fe6d189308078589746ffe64a_d351a6d79fd0b5569d48851ee4d6348a.jpg", "openstreetmap_id": "node/3102498704"}, "geometry": {"type": "Point", "coordinates": ["8.8575451", "47.6596633"]}}, {"type": "Feature", "properties": {"identifier": "62c690a9-677d-49b5-a742-a78a77ddf199", "name": "Hotel M\u00fcnchwilen", "description": "<p>Es stehen 55 moderne und ger&auml;umige Zimmer in unterschiedlichen Kategorien bereit. Nach umfangreichen Renovationen pr&auml;sentiert sich das Hotel in einem gem&uuml;tlichen und zeitgem&auml;ssen Ambiente. Ein reichhaltiges Fr&uuml;hst&uuml;cksbuffet wird t&auml;glich angeboten. Die Lage zwischen Winterthur und St. Gallen erm&ouml;glicht eine schnelle Anbindung an die A1 und an den &ouml;ffentlichen Verkehr. &nbsp;Es stehen gen&uuml;gend kostenlose Aussen- wie auch Tiefgaragenpl&auml;tze zur Verf&uuml;gung. Die ruhige Umgebung eignet sich f&uuml;r Gesch&auml;ftsreisende und Individualg&auml;ste wie Velofahrende, Wandernde, Kulturinteressierte und Openair-Besuchende. Die Restaurants &laquo;Salta in Bocca&raquo; und &laquo;Dolce vita&raquo; sowie Einkaufsm&ouml;glichkeiten, Post und Bankomat befinden sich in Gehdistanz. Velofahrende profitieren vom abschliessbaren Veloraum, der E-Bike-Ladestation, dem Reparaturset und den Tourenvorschl&auml;gen. Die Lage bietet ideale Voraussetzungen f&uuml;r Ausfl&uuml;ge in den Thurgau sowie f&uuml;r Abstecher ins Toggenburg, ins Appenzellerland und in die Bodenseeregion.</p>", "url": "http://www.hotel-muenchwilen.ch/", "image": "https://ostpimtsoch.sos-ch-dk-2.exoscale-cdn.com/catalog/1/2/1/3/1213d0fa9b8ebb78041185a2ba29c0789f163995_11f1b207c1e76ea8f381d83321880ff0.jpg", "openstreetmap_id": "310479238.0"}, "geometry": {"type": "Point", "coordinates": ["8.998994894621362", "47.47799185"]}}, {"type": "Feature", "properties": {"identifier": "638e1245-980d-4efe-96b6-a6f6ec824a6d", "name": "Waldcamping Landquart AG", "description": "Idyllisches Camping in einem F\u00f6hrenwald, mit Stellpl\u00e4tzen sowie Mietunterk\u00fcnften ausgestattet. Es erwartet Sie ein gem\u00fctliches Bistro, ein heimeliger TV/Aufenthaltsraum, ein cooler Kinderspielplatz mit Wasserspiel, Tischtennis, Trampolin, Gartenschach, ein kleiner Shop direkt neben dem Platz und ein gutes Restaurant \"Sandplatz\" in unmittelbarer N\u00e4he. Alles, was Sie f\u00fcr einen entspannenden Aufenthalt ben\u00f6tigen.\n\nN\u00fctzliche G\u00e4stehinweise\nIn der N\u00e4he befindet sich das Heididorf oberhalb von Maienfeld, die Ortschaft Bad Ragaz mit Tamina Therme, zwei erstklassige Golfpl\u00e4tze, das Wander- und Schneesportgebiet Pizol oder die Taminaschlucht. Der Platz ist zudem ein idealer Ausgangspunkt f\u00fcr sch\u00f6ne Fahrrad- und Biketouren. Die Gegend gilt als Gleitschirmparadies und ist ideal zum Inlineskaten, Klettern und Wandern. Als Hauptort der Rh\u00e4tischen Bahn ist der Waldcamping Landquart bei Eisenbahnfans ein wichtiger Ausgangspunkt.", "url": "http://www.waldcamping.ch/", "image": "https://ostpimtsoch.sos-ch-dk-2.exoscale-cdn.com/catalog/6/1/6/d/616dfc0e8bc622c469659030a9e31df4fd9dfd15_166e49d87f135dadab421dd5c11ec29f.jpg", "openstreetmap_id": "way/432689456"}, "geometry": {"type": "Point", "coordinates": ["9.59385395050049", "46.970691710268156"]}}, {"type": "Feature", "properties": {"identifier": "63959f90-5175-4d4a-ab85-73a0baea3297", "name": "Chalet Iris", "description": "Die 4-Zimmerwohnung befindet sich an sonniger Lage in Flumserberg Tannenheim im Quartier Anggetlin, mit herrlicher Aussicht auf die Churfirsten. Die Talstation Tannenheim ist nur 700 m entfernt. Vor dem Haus stehen zwei kostenlose Parkpl\u00e4tze zur Verf\u00fcgung.\n\nDie Ferienwohnung ist gem\u00fctlich eingerichtet und auf zwei Etagen eingeteilt. Die W\u00e4nde in der ganzen Wohnung sind get\u00e4felt. Zur Wohnung geh\u00f6rt eine grosse Terrasse mit Liegestuhl.", "image": "https://ostpimtsoch.sos-ch-dk-2.exoscale-cdn.com/catalog/b/4/e/1/b4e1769ee8f30db68f1dbe0e45c6c6b7606529e0_ac89493504304e021f8603c173fae71c.JPG", "openstreetmap_id": "way/229138649"}, "geometry": {"type": "Point", "coordinates": ["9.3075603", "47.0835366"]}}, {"type": "Feature", "properties": {"identifier": "63b350b4-e38f-4b0a-92ba-67be9f47b5c9", "name": "Ferienwohnung Tobelbachstr. 11", "description": "Die moderne, heimelige 4.5-Zimmerwohnung in Flumserberg Tannenheim, wurde 2021 umfangreich saniert und neu eingerichtet. Die Wohnung befindet sich in unmittelbarer N\u00e4he zu Skilift und Hallenbad (3 Gehminuten) an ruhiger Lage mit einmaliger Aussicht auf die Berge. Ein kostenloser Parkplatz steht zur Verf\u00fcgung.", "image": "https://ostpimtsoch.sos-ch-dk-2.exoscale-cdn.com/catalog/1/5/e/b/15ebc870eef4d12eada33d822c4ae814759aaa40_d412c8c6fcb4ed9ce92bb2cc5ecebf65.jpg", "openstreetmap_id": "way/383761297"}, "geometry": {"type": "Point", "coordinates": ["9.2978742", "47.09113455"]}}, {"type": "Feature", "properties": {"identifier": "640c2715-7005-4119-8431-662afeba67a3", "name": "Haus zur Tanne (CharmingStay)", "description": "Die sch\u00f6ne 2.5-Zimmerwohnung im Haus zur Tanne befindet sich im Zentrum von Tannenboden an einer top Lage und als Ausgangsstandort f\u00fcr Skifahren, Biken und Wandern. In nur weniger als 5 Gehminuten zum Skilift und Sammelplatz der Skischule. Die Ferienwohnung hat einen eigenen grossen Gartensitzplatz mit Mobiliar im Sommer und bietet eine wundersch\u00f6ne Aussicht auf die Bergketten. ", "url": "https://www.charmingstay.ch", "image": "https://ostpimtsoch.sos-ch-dk-2.exoscale-cdn.com/catalog/7/2/8/0/7280ae1660d13947eec2caf0c7be5ad1759e43f9_247e6fd5a1f47d721fd8dd3a1ea41957.jpg", "openstreetmap_id": "way/258942562"}, "geometry": {"type": "Point", "coordinates": ["9.287063300000003", "47.091816300000005"]}}, {"type": "Feature", "properties": {"identifier": "64c77d21-4d61-4597-b69e-5c00248b2b99", "name": "Terrassenwohnung im St\u00e4deli", "description": "<p>Modern, sonnig und naturnah \u2013 diese 3\u00bd-Zimmer-Ferienwohnung (68\u202fm\u00b2) mit grosser S\u00fcdterrasse (24\u202fm\u00b2) bietet alles, was das Herz von Erholungssuchenden und Naturliebhabern begehrt.</p><p>Die ruhige Lage mit traumhafter unverbaubarer Aussicht auf das Taminatal und den Calanda, der Komfort einer modernen Ausstattung und die N\u00e4he zum Ski- und Wandergebiet Pizol machen diese Wohnung zur perfekten Ferienadresse \u2013 nur 75 Autominuten von Z\u00fcrich entfernt!</p>\n\n<p>Highlights auf einen Blick: \n* Helles Wohnzimmer mit Panoramafenstern\n* Essbereich mit ausziehbarem Glastisch f\u00fcr 4 Personen \n* Voll ausgestattete K\u00fcche\n* 2 Schlafzimmer (1x offen)\n* Modernes Bad mit Dusche \n* Sonnenterrasse mit Gartenm\u00f6beln \n* Gratis WLAN\n* Gratis Tiefgaragenplatz, Skiraum, Lift ab Garage \n* Waschk\u00fcche im Haus (gegen Geb\u00fchr) \n* 1-2 Hunde (je nach Gr\u00f6sse) willkommen (bitte Hunderegeln beachten)</p>\n\n<p>Lage & Umgebung: Die Wohnung liegt in Valens, einem idyllischen Kurort oberhalb von Bad Ragaz. Nur wenige Minuten entfernt befindet sich die renommierte Rehaklinik Valens \u2013 ideal f\u00fcr Begleitpersonen oder Kuraufenthalte. Das Skigebiet Pizol ist in nur 15 Minuten erreichbar.</p>\n\n<p>Nahegelegene Skigebiete: \n* Pizol: 15 Minuten * Flumserberg: 34 Minuten * Lenzerheide: 45 Minuten * Laax/Flims: 50 Minuten Folgende Winteraktivit\u00e4ten warten auf Euch: -Skifahren und Snowboarden -Airborden -Schlitteln -Eislaufen -Eisstockschiessen -Langlaufen -Schneeschuhlaufen -Fitness und verschiedene Kursangebote und vieles mehr. <p>Im Sommer l\u00e4dt die Region zum Wandern, Biken, Golfen, Schwimmen oder einfach Geniessen ein. Die Ferienregion Heidiland bietet das ganze Jahr hindurch ein breites Freizeitangebot wie: -Wandern -Mountainbiking -Inlineskating am Rhein -Boccia -Minigolf -Golf -Schwimmen -Tennis und vieles mehr.</p>\n\n<p>Besonderheiten: \nDie Nichtraucherwohnung (Rauchen auf der Terrasse erlaubt) bietet ein entspanntes Umfeld f\u00fcr Paare, Familien sowie Begleitpersonen von Kurg\u00e4sten. Check-in ist ab 15:00 Uhr, Check-out bis 10:00 Uhr; in Valens gibt es keinen Lebensmittelladen, daher wird der Einkauf in Bad Ragaz empfohlen.</p>\n\n<p>Ob f\u00fcr aktive Bergferien, entspannte Wellness-Tage oder als ruhiger R\u00fcckzugsort \u2013 diese stilvolle Ferienwohnung in Valens bietet Ihnen Bergfeeling pur.</p>\n\n<p>\ud83d\udcc5 Jetzt buchen & unvergessliche Tage in den Schweizer Alpen erleben!</p>", "image": "https://ostpimtsoch.sos-ch-dk-2.exoscale-cdn.com/catalog/8/f/b/d/8fbdc77ba775b0ac103e3aa19100a280a46715ab_27f939b63a478c4d252a835f82b618c6.jpeg", "openstreetmap_id": "way/590842132"}, "geometry": {"type": "Point", "coordinates": ["9.475316405296327", "46.965958647877"]}}, {"type": "Feature", "properties": {"identifier": "658cdd14-a690-49c9-af3b-fb7de9e01d40", "name": "1001 Sterne Hotel", "description": "Du suchst nach einem Bett f\u00fcr eine Nacht unter freiem Sternenhimmel? Wolltest Du schon immer mal 1001 Sterne vor dem Einschlafen z\u00e4hlen? Fr\u00fchst\u00fcck mit Blick auf den S\u00e4ntis geniessen? Oder etwas Exklusives erleben? Dann bist Du in unserem 1001 Sterne-Hotel genau richtig!\n\nWir haben dem Aebi (Einachser) unseres Urgrossvaters eine neue Aufgabe gegeben. In den letzten Monaten haben wir auf seine Ladebr\u00fccke ein Doppelbett, St\u00fchle und eine Kommode gebaut. So k\u00f6nnen wir Dein Hotelzimmer an den von Dir gew\u00fcnschten Ort fahren. Das grosse Doppelbett und die kuschlige Decke sorgen f\u00fcr den n\u00f6tigen Komfort, falls Du zwischen dem Bestaunen des Nachthimmels und des Alpen-Panoramas trotzdem noch ein Auge zutun m\u00f6chtest. Am Morgen servieren wir Dir/Euch gerne ein leckeres Fr\u00fchst\u00fcck (mit hofgemachten Zutaten) ans Bett.\n\nOb f\u00fcr eine M\u00e4delsnacht, eine romantische Nacht mit Deinem Schatz oder aus Faszination am Nachthimmel \u2013 eine unvergessliche 1001 Sterne-Nacht ist so gut wie garantiert!", "url": "https://tiererlebnishof.ch", "image": "https://ostpimtsoch.sos-ch-dk-2.exoscale-cdn.com/catalog/a/1/9/2/a1926362cb20b73ee491dfbdaf087b03e998b75a_6b6cf0344c018e4aaf02b48fa8de0b8c.jpg", "openstreetmap_id": "way/769925662"}, "geometry": {"type": "Point", "coordinates": ["9.277664422988893", "47.33567424589583"]}}, {"type": "Feature", "properties": {"identifier": "65b3464d-7ea0-4a1a-a8a4-27f5bc7bd105", "name": "Haus Meierh\u00fcsli - Ferienwohnung", "description": "Das moderne Studio befindet sich mitten im Dorfkern von Malans an ruhiger Lage. Zum Studio steht ein abschliessbarer Raum f\u00fcr Velos, Skis oder andere Sportger\u00e4te zur Verf\u00fcgung.\n\nDas kleine, feine Studio (Baujahr 2012) ist liebevoll und sehr modern eingerichtet. Es verf\u00fcgt \u00fcber einen eigenen Eingang sowie einen Sitzplatz mit Gartenst\u00fchlen und einen Tisch. und einem abschliessbarem Raum f\u00fcr Sportger\u00e4te", "url": "http://www.bnb-meierhuesli.ch", "image": "https://ostpimtsoch.sos-ch-dk-2.exoscale-cdn.com/catalog/b/1/6/c/b16cbe228f11aeedb686c8f276434cb463fa940e_7663a2e02c3c4736181449085f0c18cf.jpg", "openstreetmap_id": "way/232221584"}, "geometry": {"type": "Point", "coordinates": ["9.576165530670995", "46.981429399999996"]}}, {"type": "Feature", "properties": {"identifier": "65ba0ad1-6b34-4c5c-86cd-4fa8ae8e0b5d", "name": "Camping Fischerhaus", "description": "Der Campingplatz Fischerhaus in Kreuzlingen liegt direkt am Bodensee. Grossz\u00fcgige neue Sanit\u00e4ranlagen, ein Grillpavillon oder der mitten durchs Gel\u00e4nde fliessende renaturierte Bach erfreuen das Campingherz. F\u00fcr G\u00e4ste ohne Zelt oder Camper stehen g\u00fcnstige Zimmer und f\u00fcnf farbige \u00abFischerh\u00e4user\u00bb bereit. Letztere \u00fcberzeugen durch stilvolle pragmatische Einrichtung f\u00fcr bis zu vier Personen. Ein zentraler Spielplatz sowie die N\u00e4he zu Bodensee und Freibad H\u00f6rnli \u2013 Eintritt inklusive \u2013 machen Ferien auf dem Camping Fischerhaus auch zu einem tollen Familienerlebnis. Das ebene Gel\u00e4nde ist barrierefrei und f\u00fcr Kinderwagen oder Besuchende mit Beeintr\u00e4chtigung gut zug\u00e4nglich. Kreuzlingen erreicht man innert zwanzig Minuten zu Fuss durch einen malerischen Uferpark. Hier gibt\u2019s Ausgangsm\u00f6glichkeiten f\u00fcr Kulturfreunde und Nachtschw\u00e4rmer.", "url": "http://camping-fischerhaus.ch/", "image": "https://ostpimtsoch.sos-ch-dk-2.exoscale-cdn.com/catalog/7/3/d/4/73d44af7aea96821c6680002f2f26199d2c352e2_3cc7dda08dfbd3266c0cea66a8c2a53f.jpg", "openstreetmap_id": "way/89313223"}, "geometry": {"type": "Point", "coordinates": ["9.19794773026868", "47.64614065"]}}, {"type": "Feature", "properties": {"identifier": "667a5c49-4d51-40ad-960d-dadad43cd1eb", "name": "Wellnesshotel Golf Panorama", "description": "Ein Platz der absoluten Ruhe und Erholung im Einklang mit der herrlichen Natur aussen und dem schlichten Design in allen R\u00e4umlichkeiten.\nDie Zimmer in verschiedenen Kategorien sind modern und komfortabel eingerichtet und bieten alle Annehmlichkeiten. Zudem erwarten die G\u00e4ste in allen Zimmern eine fantastische Panorama-Aussicht. \nIm grossz\u00fcgigen Spa-Bereich kann man die Seele wohlig baumeln lassen, bei reichhaltigen Anwendungen entspannen und in der energiereichen Atmosph\u00e4re neue Kraft tanken. \nDie K\u00fcche \u00fcberzeugt raffiniert verw\u00f6hnte Gaumen mit lokalen Gerichten.", "url": "https://www.golfpanorama.ch/", "image": "https://ostpimtsoch.sos-ch-dk-2.exoscale-cdn.com/catalog/c/6/5/3/c65393bc1456635094cbf6489572d4fa89a0c633_85bcf329fa029081617f33592c848dea.jpg", "openstreetmap_id": "421591273.0"}, "geometry": {"type": "Point", "coordinates": ["9.058694", "47.621908"]}}, {"type": "Feature", "properties": {"identifier": "66ea4a83-3d8b-44dd-b753-934ff3c956e6", "name": "Chalet Tobeleck (CharmingStay)", "description": "Das Chalet befindet sich in Flumserberg Tannenheim mit sch\u00f6ner Aussicht auf die Churfirsten und die Alvierkette. Es ist als 3.5-Zimmerwohnung oder 4.5-Zimmer-Maisonette-Wohnung (ganzes Chalet) mietbar. Unterhalb des Chalets stehen zwei Parkpl\u00e4tze kostenlos zur Verf\u00fcgung.\n\nDetails der einzelnen Ferienwohnungen\n- 1x 3.5-Zimmerwohnung im Obergeschoss\n- 1x 4.5-Zimmer-Maisonette-Wohnung (ganzes Chalet)\n\nBeide Ferienwohnungen sind komfortabel und zeitgem\u00e4ss eingerichtet und verf\u00fcgen \u00fcber ein gem\u00fctliches, offenes Wohnzimmer mit zwei Sofas, Lesesessel und Flachbild-TV sowie einen Essbereich mit Esstisch, Eckbank und St\u00fchlen. Eine moderne K\u00fcche mit Kochherd, Backofen, K\u00fchlschrank, Geschirrsp\u00fcler, Kaffee-/Wasserkocher, Toaster. Badezimmer mit Dusche/WC.", "url": "https://www.charmingstay.ch", "image": "https://ostpimtsoch.sos-ch-dk-2.exoscale-cdn.com/catalog/e/9/9/2/e9925e7d702de2d182d46f529a16309fda51cb40_a3c866bef96eec9d83f057b5befa5627.jpeg", "openstreetmap_id": "way/182426761"}, "geometry": {"type": "Point", "coordinates": ["9.303805232048036", "47.083887260394604"]}}, {"type": "Feature", "properties": {"identifier": "678802ba-14f0-48d0-83d6-ab84ba894d99", "name": "G\u00e4stezimmer Cantunada", "description": "Das Heidi Romantik-Zimmer im Weingut Cantunada, ausgestattet mit einem herrlichen Doppelbett, finden Sie in einem 300-j\u00e4hrigen Herrschaftshaus inmitten des St\u00e4dtchens Maienfeld. Das Gew\u00f6lbe verleiht dem Zimmer viel Charme und speziellen Charakter. Das Badezimmer mit Dusche/WC befindet sich ausserhalb des Zimmers, ist aber zur alleinigen Nutzung.", "image": "https://ostpimtsoch.sos-ch-dk-2.exoscale-cdn.com/catalog/0/5/7/e/057e783e67b3f18e2a0345695c8056c22bf47413_34e533c0f5c49abb7d22c101e5f15872.jpg", "openstreetmap_id": "way/1267069860"}, "geometry": {"type": "Point", "coordinates": ["9.531193904743692", "47.0084622"]}}, {"type": "Feature", "properties": {"identifier": "67add0f3-4920-4af2-b38f-305be5d4c571", "name": "B&B Altnau CasaRita", "description": "Vier moderne, grosse Doppelzimmer sind mit King-Size-Betten (alle 180 cm Breite), Schrank, einer kleinen Sitzgruppe und TV ausgestattet. Alle R\u00e4ume haben Insektenschutzgitter und Verdunkelungsrollladen. WLAN steht gratis zur Verf\u00fcgung. Die zwei Badezimmer, 1x mit Regendusche/WC und 1x mit Badewanne/Regendusche/WC, werden gemeinsam ben\u00fctzt. \n\nAlle R\u00e4ume umgeben die offene Galerie (28qm), die als Fr\u00fchst\u00fccks- und Gemeinschaftsraum ausgelegt ist. Von hier aus kommt man auch auf den sehr grossen Balkon, beschattet mit einer Markise \u00fcber die ganze L\u00e4nge von 6,25 m. Die Unterkunft ist auch ideal f\u00fcr Kleingruppen, da alle Zimmer auf einer Etage liegen. \n\nKaffee und Tee sind gratis. Optional ist ein Fr\u00fchst\u00fcck buchbar, mit selbstgebackenem Brot, Marmelade vom Obst aus dem eigenen Garten, Bio-Eiern und vielem mehr. F\u00fcr Selbstversorger gibt es in der N\u00e4he einen Laden und eine B\u00e4ckerei. Es stehen eine Mikrowelle und ein K\u00fchlschrank zur Verf\u00fcgung, es gibt aber keine Kochm\u00f6glichkeit.", "url": "https://www.casarita.ch/", "image": "https://ostpimtsoch.sos-ch-dk-2.exoscale-cdn.com/catalog/4/6/e/7/46e7c058480f040e1042581e39cf03e0c030551b_cf5068076f86b3a23fb37a86b54ae428.jpg", "openstreetmap_id": "node/10056390712"}, "geometry": {"type": "Point", "coordinates": ["9.2554523", "47.6098774"]}}, {"type": "Feature", "properties": {"identifier": "67aeb3c9-22d6-40df-bc16-ae355bd2329b", "name": "G\u00f6ttiFritz House&Breakfast", "description": "<p>Das Ferienhaus \"G&ouml;ttiFritz\" wird seit 2022 von der InteriorDesignerin Karin Sieber gekonnt und mit viel Liebe zum Detail umgestaltet. Jede einzelne der drei grossen Suiten \"Fritzli, Grittli &amp; R&ouml;&ouml;sli\" haben ihren ganz eigenen Flair-Charakter, Historie und ihre eigene Stimmung. Ausgestattet mit einem Doppelbett, Arbeitsbereich, zus&auml;tzlicher Schlafcouch und eigenen B&auml;dern. Im Erdgeschoss befindet sich das dritte Schlafzimmer mit Bad (barrierefrei), die K&uuml;che, Wohn- und Essbereich, Garderobe sowie eine zus&auml;tzliche G&auml;stetoilette. Es sind die vielen, liebevoll durchdachten Kleinigkeiten, die aus einem Aufenthalt im &bdquo;G&ouml;ttiFritz&ldquo; Guesthouse&amp;HomeStyling im Appenzellerland ein echtes Erholungserlebnis machen. - pers&ouml;nliche Begr&uuml;ssung und Schl&uuml;ssel&uuml;bergabe - inkl. Fr&uuml;hst&uuml;ck zur Selbstbedienung - im Sommer edle k&uuml;hlende Leinenbettw&auml;sche - im Winter kuscheligwarme Flanellbettw&auml;sche - Gartenbereich mit Bistrotisch/Outdoorlounge/H&auml;ngesessel/Grill - auf Wunsch Koch, Butler- und Shuttle Service - inkl. Kur- und Beherbergungstaxen.<br>Mindestaufenthalt: 1 Nacht&nbsp;</p>", "url": "https://g\u00f6ttifritz.ch", "image": "https://ostpimtsoch.sos-ch-dk-2.exoscale-cdn.com/catalog/0/6/f/3/06f33e18a4c933199fc37a097b4afb348846d727_784579e1c9de5293cda103cecf41fd56.jpg", "openstreetmap_id": "way/25370393"}, "geometry": {"type": "Point", "coordinates": ["9.28997039794922", "47.38417163083634"]}}, {"type": "Feature", "properties": {"identifier": "67c1c944-e504-4cfc-8e17-600ca7579ae4", "name": "Hotel Kloster Fischingen", "description": "Das Kloster Fischingen ist ein historisches Hotel mit stimmigen barocken R\u00e4umen und somit der perfekte Austragungsort f\u00fcr jeden Event. Zugleich ist es ein touristischer Ort und beliebt bei Ausfl\u00fcglern, die im Kloster ihre Ferien verbringen. Die kreativen Klosterk\u00f6che verarbeiten mit Begeisterung, Zutaten aus dem Tannzapfenland. F\u00fcr den ungezwungenen Aufenthalt steht den G\u00e4sten die Schenke zur Verf\u00fcgung. Dort wartet eine Auswahl gek\u00fchlter PILGRIM-Klosterbiere auf Bierliebhaber*innen. Die 30 G\u00e4stezimmer sind ehemalige M\u00f6nchszellen. Die Zimmer begeistern mit ihrem kl\u00f6sterlichen Flair, das dezent gegenw\u00e4rtig ist. Geburtstage, Jubil\u00e4en, Hochzeiten, Familienfeiern \u2013 die Klostergastronomie verf\u00fcgt \u00fcber vier verschiedene R\u00e4ume, die individuell eingerichtet und je nach Feier geschm\u00fcckt werden. Die klassischen Konzerte beschenken die Besucher mit kostbaren Gl\u00fccksmomenten. Das Kloster Fischingen besitzt zwei Elektroautoladestationen und auch E-Bikes k\u00f6nnen auf dem Areal aufgeladen werden.", "url": "https://klosterfischingen.ch/", "image": "https://ostpimtsoch.sos-ch-dk-2.exoscale-cdn.com/catalog/1/8/4/c/184c6f42bcef1a5911a9feddfec1def5e3254e1d_8de9725bfc5413b8ce7c36193e8e5156.jpg", "openstreetmap_id": "200775568.0"}, "geometry": {"type": "Point", "coordinates": ["8.96833", "47.4119"]}}, {"type": "Feature", "properties": {"identifier": "68ecbd97-0664-4a57-b8de-0a8feb4db384", "name": "Ferienwohnung Andrea", "description": "Die 2 \u00bd Zimmerwohnung liegt ruhig am Waldrand, nur ca. 800 m vom Dorfzentrum Mels entfernt. Wander- und Fahrradwege liegen in unmittelbarer N\u00e4he und bis zum Ski- und Wandergebiet Pizol sind es nur wenige Fahrminuten. Ein Parkplatz steht kostenfrei zur Verf\u00fcgung.\n\nDie Wohnung liegt im Parterre und ist modern und komfortabel eingerichtet. Das Wohnzimmer und das Schlafzimmer verf\u00fcgen \u00fcber einen Parkettboden.", "image": "https://ostpimtsoch.sos-ch-dk-2.exoscale-cdn.com/catalog/1/6/d/0/16d0ed068408c342d5b44d6b0590b48e3a08599f_47cbc3a591f801c4c89e76582bdfabff.jpg", "openstreetmap_id": "way/410668093"}, "geometry": {"type": "Point", "coordinates": ["9.41401166008065", "47.052833199999995"]}}, {"type": "Feature", "properties": {"identifier": "68ff6816-75cc-46b4-a6ae-142656ac56f6", "name": "Haus Margrithli, Furt", "description": "Hausteil direkt bei Ski-/ Sessellift und Bahn-Bergstation. Sonnenterrasse mit Ausblick ins Rheintal, Churfirsten. Im Sommer Parkplatz. SAT-TV.\nKomplette K\u00fcche mit grossem K\u00fchlschrank, 3 Kochplatten, Backofen, Mikrowelle und gen\u00fcgend Schr\u00e4nken.", "image": "https://ostpimtsoch.sos-ch-dk-2.exoscale-cdn.com/catalog/7/d/4/c/7d4c5a981c7ae7c09380415bca6d715dcf414542_09e8ed2c71fef8a38992f97bdc22c456.jpg", "openstreetmap_id": "node/240092143"}, "geometry": {"type": "Point", "coordinates": ["9.424209594726564", "47.004831632997345"]}}, {"type": "Feature", "properties": {"identifier": "6966f1bf-01ba-47a8-a3c6-26f164903fc3", "name": "Velohotel Hirschen", "description": "Gerne begr\u00fcssen wir Sie in unserem Velohotel nahe des Bodensees, welches f\u00fcr Rad-, Wander- und Ausflugsurlauber sehr gut geeignet ist.", "url": "http://www.hirschen.ch/", "image": "https://ostpimtsoch.sos-ch-dk-2.exoscale-cdn.com/catalog/a/1/a/d/a1ad68fe72c08ef989deb26d62a767a1da184c9a_69d5e69e7628f0e6809367f96fff0138.jpg", "openstreetmap_id": "node/4172100474"}, "geometry": {"type": "Point", "coordinates": ["8.809897899627687", "47.70852705209556"]}}, {"type": "Feature", "properties": {"identifier": "697c04d5-cc19-4b57-ab49-585587d1c5ff", "name": "Tschudiboden (3 Wohnungen)", "description": "Das Ferienhaus befindet sich an ruhiger Lage in Flumserberg Tannenheim mit traumhafter Aussicht auf die Churfirsten und die Alvierkette. Kostenlose Parkpl\u00e4tze befinden sich vor dem Haus.\n\nDetails der einzelnen Ferienwohnungen\n- 1x 2 Zimmerwohnung im Parterre\n- 1x 3.5 Zimmerwohnung im Obergeschoss\n- 1x 4 Zimmerwohnung im Mittelgeschoss\n\nAlle drei Ferienwohnungen sind gem\u00fctlich eingerichtet und verf\u00fcgen \u00fcber ein Wohnzimmer mit Sofa, Schlafgelegenheit und Flachbild-TV, ein Essbereich mit Esstisch, Bank und St\u00fchlen sowie eine kleine K\u00fcche mit allem was man braucht. Badezimmer mit WC, Badewanne oder Dusche.", "image": "https://ostpimtsoch.sos-ch-dk-2.exoscale-cdn.com/catalog/e/2/8/0/e2808ece71cd8a482e7b997c9851ec088d0c8bd2_52b1c0b910204e3fe09dbb0d2d06a45c.jpg", "openstreetmap_id": "way/205538804"}, "geometry": {"type": "Point", "coordinates": ["9.297269618489583", "47.09376955"]}}, {"type": "Feature", "properties": {"identifier": "6b33a4cb-ea2c-4a43-b489-c0b121c15d44", "name": "Chalet Marlies Tannenboden", "description": "Das Holzchalet befindet sich an sonniger Lage in Flumserberg Tannenbodenalp, mit sch\u00f6ner Aussicht auf die Berge. Die Busstation, Bergbahnen, Skilift und Einkaufsm\u00f6glichkeiten sind zu Fuss erreichbar. Zum Haus geh\u00f6rt ein Aussenparkplatz.\n\nDie Wohnung ist zweckm\u00e4ssig eingerichtet und verf\u00fcgt \u00fcber einen Wohnbereich mit Sofa und eine Kochgelegenheit. Bad mit Dusche und WC.", "image": "https://ostpimtsoch.sos-ch-dk-2.exoscale-cdn.com/catalog/d/d/1/f/dd1f73fb139d2551f65e710cf2ac4864a2de6dcb_b4023759aa933f77be629623db7dfed3.jpg", "openstreetmap_id": "way/325408051"}, "geometry": {"type": "Point", "coordinates": ["9.295423296060036", "47.0913222"]}}, {"type": "Feature", "properties": {"identifier": "6c4e3c92-6046-4951-9890-9159a65bfe98", "name": "Restaurant-Hotel de charme R\u00f6merhof", "description": "Im Restaurant-Hotel de charme R\u00f6merhof verschmelzen die Geschichte von Arbon, kulinarische Meisterleistungen und herzliche Gastfreundschaft zu einem unvergleichlichen Erlebnis. Das Geb\u00e4ude, bereits im Mittelalter auf r\u00f6mischen Grundmauern und als Teil der alten Stadtmauer erbaut, tr\u00e4gt diese faszinierende Vergangenheit noch heute sichtbar in sich.\n\nMit stolzen 12 Gault Millau Punkten und 2 roten Kochl\u00f6ffeln im Guide Michelin ist der R\u00f6merhof eine wahre Institution. Hier verbindet sich auf geschickte Weise die klassisch franz\u00f6sische K\u00fcche mit internationalen Einfl\u00fcssen und regionalen Str\u00f6mungen. \nDas Hotel selbst begeistert mit 11 geschmackvoll eingerichteten Zimmern. Besonders die geschichtstr\u00e4chtige R\u00f6merstube und das Turmzimmer schaffen den idealen Rahmen f\u00fcr Tagungen, pers\u00f6nliche Events oder stilvolle Feiern. \n\nDie grossz\u00fcgige Sonnenterrasse l\u00e4dt zum Verweilen ein, w\u00e4hrend die exklusive Davidoff Cigar Lounge Zigarrenliebhaber in ein einzigartiges Ambiente entf\u00fchrt.", "url": "https://www.roemerhof-arbon.ch/", "image": "https://ostpimtsoch.sos-ch-dk-2.exoscale-cdn.com/catalog/8/9/a/c/89ace609974bd9cc498f7be74bcaadd2780abf1b_0126059497edb137a6e843d0eb975e2d.jpg", "openstreetmap_id": "191210237.0"}, "geometry": {"type": "Point", "coordinates": ["9.433599", "47.516432"]}}, {"type": "Feature", "properties": {"identifier": "6c64002c-6e0b-4240-a0c0-281fca5079c8", "name": "Hotel Heiden", "description": "<p class=\"MsoNormal\">Das Hotel Heiden im Appenzellerland begeistert mit einer atemberaubenden Aussicht auf den Bodensee. Mit einem harmonischen Mix aus Tradition und Moderne l&auml;dt das Haus zum Entspannen und Geniessen ein.<br><br>Die 58 Zimmer und Junior-Suiten, teilweise mit Balkon und Seesicht sind mit Boxspringbetten und barrierefreien Regenduschen ausgestattet.<br><br>Das Team des Hotel Heiden verw&ouml;hnt die G&auml;ste mit exquisiter Saisonk&uuml;che, aber auch mit klassischen Appenzeller Gerichten. Auf den Tisch kommen vorwiegend Zutaten aus der Region. Genossen werden kann die ausgezeichnete K&uuml;che im Restaurant Acht mit traumhafter Aussicht auf den Bodensee. &nbsp;An w&auml;rmeren Tagen werden leichte Gerichte auch im Gartenrestaurant mit moderner Gartenlounge serviert.&nbsp;Zum Entschleunigen l&auml;dt die 1000 m2 grosse Wellness-Landschaft mit Panorama-Schwimmbad, Aussen-Whirlpool sowie vielseitigem Sauna-Bereich. Massagen und Kosmetikanwendungen sorgen daf&uuml;r, K&ouml;rper und Geist wieder in Einklang zu bringen.<br><br>Das Hotel Heiden eignet sich auch bestens als Tagungsort. Lichtdurchflutete Seminarr&auml;ume, teilweise mit Seesicht, bieten das ideale Ambiente f&uuml;r erfolgreiche Seminare und Events.</p>", "url": "http://www.hotelheiden.ch/", "image": "https://ostpimtsoch.sos-ch-dk-2.exoscale-cdn.com/catalog/e/f/b/7/efb7824e1e34b9f84f56d7837108ea5b46db638c_8f034805787e14375d96b64231f4021e.jpg", "openstreetmap_id": "way/199504882"}, "geometry": {"type": "Point", "coordinates": ["9.533705", "47.445726"]}}, {"type": "Feature", "properties": {"identifier": "6cb64b61-dbc6-4668-96cc-7b74e0435e81", "name": "Hirschen Stammheim", "description": "Der Hirschen ist: ein Ort der besonderen Gastfreundschaft. Er ist Heimat fu\u0308r treue Stammg\u00e4ste und gleichzeitig eine beliebte Destination fu\u0308r kulinarische Entdeckerinnen und Geniesser. Vom einfachen Fr\u00fchlingssalat f\u00fcr den kleinen Hunger \u00fcber ein feines Viergangmen\u00fc mit Sonntagsbraten bis zum frischen Fr\u00fcchtekuchen als St\u00e4rkung auf einer Wanderung: wir haben f\u00fcr alle etwas. Der Weinkeller beherbergt die Klassiker der Region genauso wie die geheimen Favoriten unserer Winzer aus dem Stammertal. Zudem beweist die Auszeichnung \u00abHistorisches Hotel des Jahres 2014\u00bb von ICOMOS (Suisse), dass die anspruchsvolle Verbindung von Denkmalschutz und Gastronomie gelingen kann.", "url": "https://www.hirschenstammheim.ch/", "image": "https://ostpimtsoch.sos-ch-dk-2.exoscale-cdn.com/catalog/3/d/b/5/3db5fbeb594194436e76d65c43d0f4233f653a88_a5e2310365750d1c31d9120aea10f328.jpg", "openstreetmap_id": "node/3201253675"}, "geometry": {"type": "Point", "coordinates": ["8.8012998", "47.6320089"]}}, {"type": "Feature", "properties": {"identifier": "6e59a02f-219c-4c37-9b6b-c8e5bf3c8757", "name": "Sternen Ennetb\u00fchl", "description": "Der Sternen befindet sich von Nesslau aus direkt am Dorfanfang von Ennetb\u00fchl.\n\nIn 4 verschiedenen Doppelzimmern mit Dusche und WC, mit Blick vom Balkon aus in die Berge steht der Erholung nichts mehr im Wege. Ebenfalls gibt es ein Einzelzimmer mit Dusche und WC ausserhalb vom Zimmer. Wer m\u00f6chte, kann sein Essen in einer einfachen K\u00fcche, auch selber kochen.\n\n- Fr\u00fchst\u00fcck nach Absprache\n- Hunde sind herzlich willkommen\n\nF\u00fcr eine saisonale und gut b\u00fcrgerliche K\u00fcche empfehlen die Gastgeber das Gasthaus Krone in Ennetb\u00fchl. Dies befindet sich zwei Gehminuten von der Unterkunft entfernt.", "url": "https://sternen-ennetbuehl.ch/", "image": "https://ostpimtsoch.sos-ch-dk-2.exoscale-cdn.com/catalog/b/c/7/3/bc73e9bc539442f00e051f55a85993f7676c18ba_5d8c685e47d105b492ccc1e905c3c79f.JPG", "openstreetmap_id": "node/784003287"}, "geometry": {"type": "Point", "coordinates": ["9.20979", "47.24041"]}}, {"type": "Feature", "properties": {"identifier": "6ef76477-6711-46e3-a956-2761a056ec0b", "name": "Obern St\u00f6bli", "description": "Mit einem Willkommensgetr\u00e4nk k\u00f6nnen Sie sich im Pool zur\u00fccklehnen und im heissen Quellwasser K\u00f6rper und Seele baumeln lassen.\nAnschliessend besteht die M\u00f6glichkeit, sich in unserer Garderobe mit Dusche umzuziehen und frisch zu machen. Mit grossem Badehunger geht es weiter mit einem feinen Abendessen. In unsererm Obern St\u00f6bli werden Sie verw\u00f6hnt mit einheimischem Gaumenschmaus und heimeliger Atmosph\u00e4re\n\nSie sind auf der Suche nach einer einfachen, warmherzigen und gastfreundlicher Unterkunft? Dann sind Sie genau richtig bei uns.", "url": "http://www.fondue-baden.ch", "image": "https://ostpimtsoch.sos-ch-dk-2.exoscale-cdn.com/catalog/9/3/2/e/932eae415f43db5301b1098cf22922a815630e4b_98cde0d8499e0d4144d5457902783608.jpg", "openstreetmap_id": "node/7878874356"}, "geometry": {"type": "Point", "coordinates": ["9.19431", "47.25107"]}}, {"type": "Feature", "properties": {"identifier": "6fb7de46-dbbb-4881-91c4-a77383f4dc01", "name": "Haus Wiesengr\u00fcn", "description": "Das Haus Wiesengr\u00fcn liegt an sehr ruhiger Lage, mit traumhafter Aussicht auf die Churfirsten und nur 10 Gehminuten von den Bergbahnen, den L\u00e4den und der Pizzeria Tannenheim entfernt.\nDas Haus Wiesengr\u00fcn ist modern und familienfreundlich eingerichtet und verf\u00fcgt \u00fcber eine Garage, sowie einen Abstellplatz. Es ist ein Nichtraucher Ferienhaus. Im Winter empfehlt es sich Schneeketten dabei zu haben.\n\nIm 2013 neu erstellten Obergeschoss hat es ein ger\u00e4umiges Familienzimmer mit einem Doppelbett, einem Kaj\u00fcttenbett und einem Einzelbett und zwei kleinere Zimmer mit je zwei Einzelbetten.\nIm Erdgeschoss befindet sich ein weiteres Schlafzimmer mit einem Doppelbett. Es steht zudem ein Babybett zur Verf\u00fcgung. Bettw\u00e4sche ist auf Wunsch vorhanden. Im Wohnzimmer gibt es einen Schwedenofen (Holz im Keller), ein Radio und ein Fernsehger\u00e4t. Die grosse K\u00fcche ist komplett ausgestattet (Fondue, Raclette, usw.) und verf\u00fcgt \u00fcber eine Geschirrsp\u00fclmaschine, einen Kaffee-Vollautomaten und einen grossen K\u00fchlschrank.", "url": "http://www.wiesengruen.ch", "image": "https://ostpimtsoch.sos-ch-dk-2.exoscale-cdn.com/catalog/1/d/8/3/1d8304f62e4d079114d450727eda15e090dde89a_90f28a434c0f43564b8f5083c957d4f6.jpg", "openstreetmap_id": "way/205538788"}, "geometry": {"type": "Point", "coordinates": ["9.297662901888673", "47.0935892"]}}, {"type": "Feature", "properties": {"identifier": "6ff9664e-741a-4e74-aaa8-e807eb9899a0", "name": "Chalet am Tobelbach", "description": "Dank der genialen Lage des Hauses bleibt ihr Auto w\u00e4hrend des Aufenthaltes stehen. Mit den Skiern erreichen Sie die Talstation der Gondelbahn Tannenheim direkt vom Haus aus. Nach einem Skitag fahren Sie bequem wieder von der Piste zu Ihrem heimeligen Feriendomizil.  \nEine Strasse f\u00fchrt das ganze Jahr direkt zum Chalet, wo Ihnen drei bis max. 4 Parkpl\u00e4tze direkt beim Haus zur Verf\u00fcgung stehen. Gem\u00fctlichkeit ist f\u00fcr Ihren Aufenthalt garantiert. \n\nDas Haus verf\u00fcgt \u00fcber 3 holzvert\u00e4felte Schlafzimmer (zwei mit Doppelbett, eines mit Kaj\u00fctenbetten), ein Badezimmer mit Dusche, Closomat und Doppellavabo sowie ein weiteres separates WC. In der ger\u00e4umigen, voll eingerichtete K\u00fcche macht kochen sogar im Urlaub Spass und der grosse ausziehbare Esstisch mit gem\u00fctlicher Eckbank eignet sich bestens f\u00fcr gesellige Abende mit Familie und Freunden. Highlight ist der grossz\u00fcgige und offene Wohnbereich mit herrlicher unverbauter Aussicht auf die Alivierkette, die Churfirsten und freiem Blick \u00fcber das Sarganserland.", "image": "https://ostpimtsoch.sos-ch-dk-2.exoscale-cdn.com/catalog/9/5/e/d/95edf4873955f8dfcd59873fc446dee76f38a87b_c0041db49dea2df484af31e4fa25cbb5.jpg", "openstreetmap_id": "way/413154705"}, "geometry": {"type": "Point", "coordinates": ["9.305036144322598", "47.083694513636374"]}}, {"type": "Feature", "properties": {"identifier": "72030e12-42cf-479b-ab74-ef8a8ed0a479", "name": "Ferienhaus Fisch", "description": "Gem\u00fctliches 2.5-Zimmer-Ferienhaus im Kurort Bad Ragaz an sonniger und ruhiger Lage, mit Chemin\u00e9e im Wohnzimmer. \n\nDie moderne K\u00fcche ist komplett ausgestattet und verf\u00fcgt u.a. \u00fcber einen Geschirrsp\u00fcler. Das Badezimmer und ein separates WC mit Lavabo sind ebenfalls frisch renoviert. \n\nDas Ferienhaus befindet sich in Gehdistanz zum historischen Dorfzentrum und verf\u00fcgt \u00fcber einen Gartensitzplatz sowie einen eigenen Autoabstellplatz.", "image": "https://ostpimtsoch.sos-ch-dk-2.exoscale-cdn.com/catalog/0/a/6/9/0a69287cf6e711fb15e6c3a7cf1ab15a8cb5b945_609cc9b7380399bd330b4dcabee2b6e9.JPG", "openstreetmap_id": "way/118979559"}, "geometry": {"type": "Point", "coordinates": ["9.502379894256594", "47.00372544437181"]}}, {"type": "Feature", "properties": {"identifier": "72e8a229-f01e-4507-a7fa-24e94502c58d", "name": "\u00abSecret - Place\u00bb Ferienwohnung", "description": "<p>Die gem\u00fctliche, helle, ebenerdig zug\u00e4ngliche Einliegerwohnung befindet sich an ruhiger Lage mit eigenem romantischen Sitzplatz und verf\u00fcgt \u00fcber folgende Einrichtung:</p><ul><li>K\u00fcchenzeile: voll ausger\u00fcstet mit 4 Platten-Herd, Backofen, K\u00fchlschrank, Mikrowelle, Nespresso- Maschine und Esstisch mit 4 St\u00fchlen</li><li>Badezimmer: mit Dusche, WC, Waschmaschine und Trockner, F\u00f6hn</li><li>Wohnraum: 2 Betten, Sofa, Sekret\u00e4r, Schrank, kleines Kellerabteil</li><li>Sitzplatz mit 4 St\u00fchlen, Sonnenschirm, 2 Liegest\u00fchle</li><li>Autoabstellplatz</li><li>Ladestation f\u00fcr Elektroauto (verf\u00fcgbar  nach Absprache)</li><li>Abstellplatz f\u00fcr Fahrr\u00e4der, Steckdose f\u00fcr Ladeger\u00e4t</li><li>W-Lan</li><li>inklusive K\u00fcchen-, Bett- und Badezimmerw\u00e4sche</li></ul><p>Besonderes:</p><ul><li>keine Tiere</li><li>Nichtraucher Haus</li></ul><p>Die Wohnung befindet sich nur 3 Gehminuten von der Bushaltestelle und dem Dorfzentrum entfernt.</p>", "image": "https://ostpimtsoch.sos-ch-dk-2.exoscale-cdn.com/catalog/a/6/e/e/a6ee402aacc80dd39dcbc123816e044c237b0b3e_9a83747e7257fb7c0218c7576258096d.jpg", "openstreetmap_id": "way/274310190"}, "geometry": {"type": "Point", "coordinates": ["8.467188699507782", "47.6661288"]}}, {"type": "Feature", "properties": {"identifier": "73060356-35bf-47d4-a0ce-330aeedecd4a", "name": "Mama Home", "description": "Wundersch\u00f6n eingerichtete Wohnungen (wohnen wie Zuhause) mitten in der Stadt St.Gallen mit Blick auf Kathedrale und Kloster und 5 Minuten zu Fuss in die Innenstadt. Alle Wohnungen verf\u00fcgen \u00fcber eine K\u00fcche mit Backofen, K\u00fchlschrank, Sp\u00fclmaschine, Kaffeemaschine, Wasserkocher, Glaskeramikherd, Gefrierschrank, TV-Flachbildschirm, Wireless LAN, Bad, Wohnzimmer, Schlafzimmer, komplett ausgestattete K\u00fcche. Teilweise mit Parkplatz vor dem Haus. Der Housekeeper wohnt im Haus und k\u00fcmmert sich um den Service f\u00fcr die G\u00e4ste.", "url": "http://www.mama-home.ch", "image": "https://ostpimtsoch.sos-ch-dk-2.exoscale-cdn.com/catalog/3/8/1/e/381e2b7d0aa2dae1dd89e628e51982053c1a0025_d7e5b8eb0650cbb61778f8ae3c3a001e.jpg", "openstreetmap_id": "way/309646633"}, "geometry": {"type": "Point", "coordinates": ["9.380558", "47.422904"]}}, {"type": "Feature", "properties": {"identifier": "7451b93b-509b-40aa-af5e-4160286ce20b", "name": "Atzm\u00e4nnig Lodge", "description": "<p>Die Zimmer in der Atzm\u00e4nnig Lodge bestechen durch ihren rustikalen, gem\u00fctlichen und alpin-schicken Stil. S\u00e4mtliche Zimmer sind mit Dusche, WC und vielen Annehmlichkeiten* ausgestattet. Ob f\u00fcr den Individualgast, einen Ausflug zu zweit, eine Hochzeit, Gruppen- oder Firmenausfl\u00fcge, das Familienfest oder Familienurlaub mit Kindern, die Atzm\u00e4nnig Lodge bietet eine grosse Vielfalt an \u00dcbernachtungsm\u00f6glichkeiten.  \n\n*Haartrockner, Frottew\u00e4sche, Minibar, Kleiderschrank mit B\u00fcgel, Shampoo + Seife, Wasserflasche, Wasserkocher, Teebeutel und Kaffeepulver.</p><p>Das Restaurant bietet einen grossen, gem\u00fctlich eingerichteter Selbstbedienungsbereich mit grosser Sonnenterrasse. Der renovierte Saal eignet sich f\u00fcr Teamanl\u00e4sse, Meetings oder Versammlungen.&nbsp;</p>", "url": "https://www.atzmaennig.ch/", "image": "https://ostpimtsoch.sos-ch-dk-2.exoscale-cdn.com/catalog/e/7/5/8/e75805dfa8a4602e0c7468ae7dd0b7ea876f704d_ac8c6ffc05593a036793e8ea96d50c05.jpeg", "openstreetmap_id": "way/196376463"}, "geometry": {"type": "Point", "coordinates": ["8.996161222457888", "47.284658637716994"]}}, {"type": "Feature", "properties": {"identifier": "74956005-75d7-439a-9f47-3fd5132b1ca4", "name": "Hotel Eastside", "description": "Das 3 Sterne Hotel Eastside*** befindet sich im Osten der Stadt St.Gallen und doch in unmittelbarer N\u00e4he regionaler Firmen, den Olma Messen und dem Stadtzentrum. \n\nDurch die ausgezeichnete Anbindung an die \u00f6ffentlichen Verkehrsmittel und die N\u00e4he zur Autobahn ist es insbesondere f\u00fcr Gesch\u00e4ftsreisende die optimale Unterkunft mit perfekten Bedingungen. F\u00fcr Wochenend- oder Ausflugsreisende ist ein entspannter Aufenthalt ebenfalls gew\u00e4hrleistet, denn die wundersch\u00f6ne Bodenseeregion und das Appenzellerland liegen in n\u00e4chster N\u00e4he. Immer einen Trip wert ist selbstverst\u00e4ndlich auch die wundersch\u00f6ne Altstadt.  \n\nDie hellen, modernen Zimmer bieten jeglichen Komfort und sind f\u00fcr einen gem\u00fctlichen Aufenthalt optimal ausgestattet.", "url": "http://www.hoteleastside.ch/", "image": "https://ostpimtsoch.sos-ch-dk-2.exoscale-cdn.com/catalog/0/8/2/c/082c5c932ebbc7a73e9b0da8802dd664d3935fb9_fe5844872f08e4119bf94f6e28397cbb.jpg", "openstreetmap_id": "255569561"}, "geometry": {"type": "Point", "coordinates": ["9.397652073339415", "47.4488338"]}}, {"type": "Feature", "properties": {"identifier": "75cf4e58-21d1-472c-8aa6-9e3aaf604dde", "name": "Haus Mezzaselva (CharmingStay)", "description": "Die 2-Zimmerwohnung befindet sich in einem 2007 erbauten Mehrfamilienhaus an ruhiger aber zentraler Lage und fantastischer Aussicht auf die Churfirsten. Einkaufsm\u00f6glichkeiten, Skilift, Schlittenbahn, Hallenbad und Wanderwege befinden sich in direkter Umgebung. Zur Wohnung geh\u00f6rt ein kostenloser Tiefgaragenplatz.\n\nDie Wohnung ist modern und komfortabel eingerichtet. Die ganze Wohnung ist mit einem Plattenboden ausgestattet. Die Fussbodenheizung sorgt f\u00fcr ein angenehmes Raumklima. Zur Wohnung geh\u00f6rt eine m\u00f6blierte Terrasse mit herrlicher Panoramaaussicht.", "url": "https://www.charmingstay.ch", "image": "https://ostpimtsoch.sos-ch-dk-2.exoscale-cdn.com/catalog/b/4/d/6/b4d6b5725c80c5937fb741619cbe5918a3f58fff_a8ed40267ba33f46f548527f96309246.JPG", "openstreetmap_id": "way/194824444"}, "geometry": {"type": "Point", "coordinates": ["9.297152550000007", "47.089659749999996"]}}, {"type": "Feature", "properties": {"identifier": "765f21fc-739d-42e7-a514-92317ce958c8", "name": "Haus Edelweiss", "description": "Das Haus Edelweiss befindet sich im Ski- und Wandergebiet Pizol auf Pardiel. Direkt neben der Bergstation der Gondelbahn Bad Ragaz, mit direktem Zugang von der 8er Gondelbahn liegt das Haus auf 1&#039;630m \u00fc. M. Im Sommer/Herbst ein herrlicher Ausgangspunkt zu vielen Wanderungen und Erlebnissen am Pizol. Im Winter direkt an 43 Pistenkilometern gelegen. Die drei Ferienwohnungen sind modern und gem\u00fctlich eingerichtet.", "url": "http://www.pizol.com", "image": "https://ostpimtsoch.sos-ch-dk-2.exoscale-cdn.com/catalog/7/2/0/b/720b1147d8d093ee0b45ecfb670a6a2e7fa0bf4f_822b09c634d1ce4e51ddd23a3bf946b0.jpg", "openstreetmap_id": "node/4301387458"}, "geometry": {"type": "Point", "coordinates": ["9.46451783180237", "46.98960617968337"]}}, {"type": "Feature", "properties": {"identifier": "7663e752-ce38-49ed-9597-6fc839771c7a", "name": "Ferienwohnung Casa Riposo", "description": "Die 6.5-Zimmerwohnung steht sehr zentral und doch ruhig am Waldrand in Flumserberg Tannenheim. Die Talstation Prodalp-Express, Bushaltestelle, Einkaufsm\u00f6glichkeiten und Restaurants sind in 5 Gehminuten erreichbar. Die Wohnung liegt im ersten Stock und ist \u00fcber eine Aussentreppe erreichbar. Zur Wohnung geh\u00f6ren 2  Aussenparkpl\u00e4tze. Weitere Parkpl\u00e4tze befinden sich bei den Bergbahnen Tannenheim, welche kostenpflichtig sind.\n\nDie Ferienwohnung ist sehr gem\u00fctlich, komfortabel und modern eingerichtet. Der Wohn- und Schlafbereich ist mit einem sch\u00f6nen Holzboden ausgestattet. Zur Wohnung geh\u00f6rt zudem ein Balkon.\nZur Wohnung geh\u00f6ren 2 Parkpl\u00e4tze die restlichen Autos k\u00f6nnen bei den Bergbahnen Parkiert werden auf kosten der Mieter,", "url": "http://www.casa-riposo.ch/", "image": "https://ostpimtsoch.sos-ch-dk-2.exoscale-cdn.com/catalog/2/5/c/9/25c94f67561236379f5c728911e299a7ecb057a4_89503ff63b1ba2c76b73339d408956d9.jpg", "openstreetmap_id": "way/325407996"}, "geometry": {"type": "Point", "coordinates": ["9.300026492074048", "47.0912043"]}}, {"type": "Feature", "properties": {"identifier": "7665e537-a3c6-41ae-896e-3e07eaeaabc3", "name": "Jugendherberge Romanshorn", "description": "Die Jugendherberge Romanshorn bietet ihren G\u00e4ste verschiedene \u00dcbernachtungsm\u00f6glichkeiten: Vom Doppelzimmer mit eigenem Bad \u00fcbers Familienzimmer bis hin zum Mehrbettzimmer steht alles zur Verf\u00fcgung. Spielzimmer, Fernsehsaal mit DVD-Player, Kiosk, Tischfussball, kostenloses Internet sowie ein Sitz- und Spielplatz im Garten draussen lassen bei einem Aufenthalt keine Langeweile aufkommen und heissen auch Familien herzlich Willkommen. In der Romanshorner Jugendherberge werden einfache schmackhafte Abendessen und ein reichhaltiges Fr\u00fchst\u00fcck f\u00fcr die G\u00e4ste zubereitet. Die Jugi liegt nur zehn Minuten Fussmarsch vom Bodensee entfernt. Stand-Up-Paddles, Kajaks und Pedalos vom Kanuzentrum La Canao k\u00f6nnen in der Jugendherberge Romanshorn gemietet und an einer anderen Vermietstation entlang des Bodenseeufers zur\u00fcckgegeben werden. Die Jugendherberge ist somit guter Startpunkt oder Zischenstopp f\u00fcr Ein- und Mehrtagestouren auf Bodensee und Rhein.", "url": "http://www.youthhostel.ch/romanshorn", "image": "https://ostpimtsoch.sos-ch-dk-2.exoscale-cdn.com/catalog/1/4/2/3/1423c75ce58b2dc6b26c2f5158ad124e73f7d90b_806bd09c1e4a83adab98de62d138e964.jpg", "openstreetmap_id": "node/6515970968"}, "geometry": {"type": "Point", "coordinates": ["9.3739597", "47.5672846"]}}, {"type": "Feature", "properties": {"identifier": "76b57f7a-bfb4-48c1-b654-ade818c25452", "name": "Ferienwohnung Schwantlernegg", "description": "<p>Zentral gelegen und nur etwa 5 Gehminuten vom Bahnhof entfernt. Ruhig und ohne Durchgangsverkehr, mit atemberaubendem Blick auf den Alpstein und den S&auml;ntis. Wir sind eine kleine Familie, die ihre eigene Einliegerwohnung f&uuml;r Ferieng&auml;ste vermietet. Gais, auf rund 950 m.&uuml;.M., ist ein Paradies f&uuml;r Wanderfreunde und sanften Tourismus. Egal ob zu Fuss oder mit dem Fahrrad, die Region bietet unz&auml;hlige M&ouml;glichkeiten, die wundersch&ouml;ne Natur zu entdecken. Die lokale Gastronomie verw&ouml;hnt Sie mit einer breiten Palette von gutb&uuml;rgerlicher K&uuml;che bis hin zu Gourmet-Restaurants. <br>Mindestaufenthalt: 3 N&auml;chte<br><br></p>", "image": "https://ostpimtsoch.sos-ch-dk-2.exoscale-cdn.com/catalog/7/0/d/1/70d1e2848bdeed35fb5d0f2110c0938f9ea2fdf3_0e2147fb8bda9bbb01eb96225a4e2801.jpeg", "openstreetmap_id": "node/11746818041"}, "geometry": {"type": "Point", "coordinates": ["9.4592104", "47.3663767"]}}, {"type": "Feature", "properties": {"identifier": "76daeeca-59a0-46ec-8212-82859e4c33b6", "name": "Haus Gimpel", "description": "Die 3.5 Zimmerwohnung befindet sich an ruhiger Lage in Flumserberg Tannenheim mit herrlicher Aussicht. Bis zur Talstation der Prodalp-Gondelbahn, Restaurants und Einkaufsm\u00f6glichkeiten sind es ca. 900 m. Zur Wohnung geh\u00f6rt ein kostenloser Parkplatz. Vom Parkplatz f\u00fchrt eine l\u00e4ngere Treppe abw\u00e4rts zum Haus.\n\nDie Wohnung ist heimelig mit viel Holz eingerichtet. Der Schwedenofen im Wohnbereich macht den Aufenthalt sehr gem\u00fctlich. Die ganze Wohnung verf\u00fcgt \u00fcber einen Teppichboden.", "image": "https://ostpimtsoch.sos-ch-dk-2.exoscale-cdn.com/catalog/3/2/2/b/322b4f9615ee5ddb535267f8f78b5ae7cb8aeeef_7342fb1e573dfb1c1730436ae0a7fc04.jpg", "openstreetmap_id": "way/413154700"}, "geometry": {"type": "Point", "coordinates": ["9.3083221", "47.084048"]}}, {"type": "Feature", "properties": {"identifier": "78944b14-056f-4bcf-a8df-7cc72a3d9961", "name": "Haus Panorama Hak (CharmingStay)", "description": "Die 4.5-Zimmerwohnung befindet sich in Flumserberg Tannenheim, sehr nahe der Bergbahn Prodalp-Express und bietet eine sch\u00f6ne Aussicht auf die Churfirsten. Zur Wohnung geh\u00f6rt ein kostenloser Garagenplatz.  \n\nDie grossz\u00fcgige Wohnung im zweiten Stock ist zweckm\u00e4ssig eingerichtet. Sch\u00f6ne Landschaftsbilder zieren die W\u00e4nde. Die Wohnung verf\u00fcgt \u00fcber zwei Balkone mit Morgen- und Abendsonne.", "url": "https://www.charmingstay.ch", "image": "https://ostpimtsoch.sos-ch-dk-2.exoscale-cdn.com/catalog/5/4/1/7/5417c58682b610685dac89e85767cae78d781dda_1b1ec4924ac945da43f85e57a303396c.jpg", "openstreetmap_id": "way/194824434"}, "geometry": {"type": "Point", "coordinates": ["9.304051995277407", "47.08981171315592"]}}, {"type": "Feature", "properties": {"identifier": "79271d08-f70a-4ebe-a6cd-7b85c758b910", "name": "BBC Arena", "description": "<p>Die grossz&uuml;gige und moderne Ausstattung unserer 32 Zimmer bietet Unternehmen f&uuml;r ihre Schulungen und Tagungen Unterkunftsm&ouml;glichkeiten im heute gesch&auml;ftlich &uuml;blichen, komfortablen aber gleichzeitig g&uuml;nstigen Rahmen.&nbsp;Dank dem zus&auml;tzlichen Zimmerangebot des Waldhotel Hohberg stehen insgesamt rund 160 Betten und total 67 Zimmer zur Verf&uuml;gung.</p><p><strong>F&uuml;r Ihren Event:</strong><br>Die BBC ARENA hat durch die Auftritte der Kadetten Handballer in der Champions League bereits innert k&uuml;rzester Zeit einen hohen Bekanntheitsgrad erlangt. Nutzen auch Sie die einzigartige, moderne und emotionale Plattform - sei es f&uuml;r Sportveranstaltungen oder Firmenanl&auml;sse. Egal ob Generalversammlungen, Kongresse, Tagungen, Workshops oder eine besondere Weihnachtsfeier &ndash; die BBC ARENA bietet Ihnen ausgezeichnete M&ouml;glichkeiten dazu.</p><ul><li>Verschiedene Bestuhlungsvarianten f&uuml;r Versammlungen, Kongresse, Bankette, Sportveranstaltungen</li><li>&Uuml;ber 2'000 m2 Aktionsfl&auml;che auf Spielfeldebene</li><li>Flexibles Trib&uuml;nensystem mit 2'400 festen Sitzpl&auml;tzen; erweiterbar im Stehplatzbereich bis zu 4'000 Personen; zus&auml;tzliche Rollstuhlpl&auml;tze</li><li>Drei VIP-Lounges</li><li>Zwei separate Bars als Bewirtungstheken</li><li>Integrierbares \"Hospitality Center\" f&uuml;r Galadinners, Vortr&auml;ge, Versammlungen u.a.m.</li><li>30 Pressepl&auml;tze an einer bequemen Theke mit einem optimalen &Uuml;berblick aufs Geschehen und allen n&ouml;tigen technischen Einrichtungen (W-LAN)</li><li>Separater Raum f&uuml;r Pressekonferenzen</li><li>22 TV Bildschirme &ndash; synchronisiert in Arena und Lounges</li><li>Zentrale Techniksteuerung: 3 Kameras ab Steuerpult gef&uuml;hrt f&uuml;r Aufnahmen in Halle; leistungsf&auml;hige Audioanlage mit walk-around Mikrophon</li><li>Parkierungsanlagen &ouml;stlich und westlich der BBC Arena sowie bei Grossveranstaltungen ca. 200 m s&uuml;dlich im Schneckenacker</li></ul>", "url": "http://www.bbcarena.ch/", "image": "https://ostpimtsoch.sos-ch-dk-2.exoscale-cdn.com/catalog/7/e/4/c/7e4c78b7c1a7a49709067744425c046702152b52_1285e94f55d42876515524dce4ff0eb6.jpg", "openstreetmap_id": "way/251501470"}, "geometry": {"type": "Point", "coordinates": ["8.64715672047619", "47.7202507"]}}, {"type": "Feature", "properties": {"identifier": "79bb1f5e-0286-4c41-9539-f3e0f3c2df0c", "name": "Casa Terza (CharmingStay)", "description": "Die wundersch\u00f6ne und gem\u00fctliche 4.5-Zimmerwohnung befindet sich an Top-Lage bei der Tannenbodenalp. Innerhalb von wenigen Gehminuten erreichen Sie die Talstation Tannenbodenalp, die Skischule, Restaurants, Sportgesch\u00e4fte sowie den Seejet. Zur Wohnung geh\u00f6ren zwei Aussenparkpl\u00e4tze (im Winter ein Aussenparkplatz). ", "url": "https://www.charmingstay.ch", "image": "https://ostpimtsoch.sos-ch-dk-2.exoscale-cdn.com/catalog/e/9/8/1/e981b0736660ddd9fb6c91a3e32447a98d54b1fc_0f15aecd315f51c0c7b2a1574bf903fb.JPG", "openstreetmap_id": "way/228797644"}, "geometry": {"type": "Point", "coordinates": ["9.281828953094703", "47.0936342"]}}, {"type": "Feature", "properties": {"identifier": "7a165f8c-5f4b-44d1-bf93-630a5393e54f", "name": "Ferienhaus Fromsenr\u00fcti", "description": "Zwei Schlafzimmer, Appenzeller Stube und Essk\u00fcche sind liebevoll m\u00f6bliert. Herzlich willkommen und geniessen Sie unbeschwerte Tage im Appenzeller Vorderland. \n\nPreis pro Woche:\nCHF 1100.00, inklusive W\u00e4sche und Endreinigung", "url": "http://xn--fromsenrti-heb.ch/", "image": "https://ostpimtsoch.sos-ch-dk-2.exoscale-cdn.com/catalog/9/d/3/e/9d3e206c1db4f350886717299e20788333432333_45a0dfbceb2249aaf754d5b162e827a0.JPG", "openstreetmap_id": "885449293"}, "geometry": {"type": "Point", "coordinates": ["9.579260000000001", "47.4436726"]}}, {"type": "Feature", "properties": {"identifier": "7ae30204-b35c-4cb2-b212-e5d27f57b440", "name": "Studio Brisblick (CharmingStay)", "description": "Die 1.5-Zimmerwohnung liegt sehr ruhig in Tannenboden Dorf mit sch\u00f6ner Sicht auf die Churfirsten und die Alvierkette. Zur Wohnung geh\u00f6rt ein kostenfreier Parkplatz.\n\nDas Studio im Parterre mit Terrasse ist einfach eingerichtet, mit allem, was man braucht.\nHaustiere sind erlaubt.", "url": "http://www.charmingstay.ch", "image": "https://ostpimtsoch.sos-ch-dk-2.exoscale-cdn.com/catalog/6/8/4/7/68479970cb078d20ebc05bc78451d324945eb593_55e964db57ea67370b8fc07fe0fb14b2.jpg", "openstreetmap_id": "way/228845302"}, "geometry": {"type": "Point", "coordinates": ["9.287214050000003", "47.092078900000004"]}}, {"type": "Feature", "properties": {"identifier": "7b638d76-fb3c-4b32-8b6a-a830fe9bde71", "name": "Lindli-Huus", "description": "<p>Das barrierefreie Ferienstudio ist nach S\u00fcden ausgerichtet. Der sonnige und ger\u00e4umige Balkon mit Blick ins Gr\u00fcne l\u00e4dt zum Verweilen ein.</p><p>Das Studio ist mit einem Bett, Garderobe, Kommode, K\u00fchlschrank, Esstisch und einer Sitzgruppe mit Clubtisch ausgestattet. Auf Wunsch kann ein weiteres Bett angefordert werden. Ein eigenes Badezimmer mit Dusche/WC rundet das Angebot ab.</p><p>Preise pro Nacht:\n\nBarrierefreies Studio ohne Fr\u00fchst\u00fcck Fr. 80.-<br>Barrierefreies Studio mit Fr\u00fchst\u00fcck Fr. 95.-</p><p>Zuschlag f\u00fcr Assistenz Fr. 34.30/Stunde (bei Assistenz mit besonderer Qualifikation betr\u00e4gt der Zuschlag Fr. 51.50/Stunde)</p>", "url": "https://lindli-huus.ch/", "image": "https://ostpimtsoch.sos-ch-dk-2.exoscale-cdn.com/catalog/f/9/8/7/f9875adb62edff3683c909a1ab479e2997a71ce3_96e1e2aba1ae93f030631d0a05fc2595.jpg", "openstreetmap_id": "way/218664343"}, "geometry": {"type": "Point", "coordinates": ["8.644564745294115", "47.69527705"]}}, {"type": "Feature", "properties": {"identifier": "7bdb2c63-7137-4596-81d8-649248f58650", "name": "Ferienwohnungen Resort Walensee 129 & 130", "description": "Die Ferienwohnungen Nr. 129 & 130 vom Haus A3 im Walensee Resort in Unterterzen haben eine wundersch\u00f6ne Aussicht auf den Walensee und die umliegenden Churfirsten. Die Ferienwohnungen sind ein idealer Ausgangspunkt f\u00fcr Wanderausfl\u00fcge sowie See- und weitere Outdooraktivit\u00e4ten. Die ruhig gelegenen Wohnungen sind nur wenige Meter vom Bahnhof, den Bergbahnen sowie den n\u00e4chsten Einkaufsm\u00f6glichkeiten entfernt.\n\nDetails der einzelnen Ferienwohnungen\n- 1x 4.5-Zimmerwohnung Penthouse im 3. Stock\n- 1x 4.5-Zimmerwohnung im 2. Stock\n\nDie Wohnungen verf\u00fcgen beide \u00fcber einen ger\u00e4umigen und gem\u00fctlichen Wohnraum. Die gesamte Wohnung ist sehr modern und mit pflegeleichtem Parkett eingerichtet. Beide Wohnungen verf\u00fcgen \u00fcber 3 Schlafzimmer sowie 2 separate Badezimmer mit Bad, Dusche, WC sowie einer Sauna.", "image": "https://ostpimtsoch.sos-ch-dk-2.exoscale-cdn.com/catalog/e/5/3/c/e53ca3a554c3bcba7c9f637d2188021d3995101f_f72e1d5bca305fc48cd5ac5f94f34a05.jpg", "openstreetmap_id": "way/54890534"}, "geometry": {"type": "Point", "coordinates": ["9.257302298223717", "47.115411699999996"]}}, {"type": "Feature", "properties": {"identifier": "7beba2ea-e0c2-4dcb-b5a9-81c21e7584d4", "name": "Hotel Hirschen Wildhaus", "description": "<p>Der Hirschen Wildhaus blickt auf eine lange Geschichte als Familienbetrieb zur&uuml;ck. Heute wird das Hotel von Gesch&auml;ftsf&uuml;hrer Patrick Alpiger gef&uuml;hrt.&nbsp;</p>\n<p>Das Hotel bietet insgesamt 69 Zimmer: 49 davon im Haupthaus, 10 weitere im Guest-House-Village und 9 im neu er&ouml;ffneten Bellevue (seit 1. Juli 2025). Die Zimmer &uuml;berzeugen durch modernen Komfort und einen sch&ouml;nen Ausblick &ndash; entweder in die Toggenburger Bergwelt oder in den hoteleigenen Park. <br>Weiter umfasst das Raumangebot 9 grossz&uuml;gige und helle Seminar-, Tagungs- &amp; Bankettr&auml;ume f&uuml;r bis zu 120 Personen. Gruppenr&auml;ume sowie ein Platz im schattigen Hotelgarten stehen f&uuml;r Teamarbeit und Sitzungen ebenfalls zur Verf&uuml;gung.</p>\n<p>Ob Ferien oder Businessaufenthalt: Der Hirschen ist f&uuml;r beides bestens geeignet.<br>Der Wellnessbereich sorgt f&uuml;r wohltuende Entspannung nach einem aktiven Tag, und das Fr&uuml;hst&uuml;ck bietet eine reichhaltige Auswahl f&uuml;r einen genussvollen Start in den Tag.<br>Kulinarisch l&auml;dt die Hirschen Stube zu regionaler K&uuml;che mit hochwertigen Zutaten und einer grossen Weinauswahl ein. Direkt daneben erg&auml;nzt das Event- &amp; Fondue-Chalet Max das gastronomische Angebot mit sieben verschiedenen Ch&auml;s-Fondues &ndash; ge&ouml;ffnet jeweils in der Wintersaison.<br>Die All Bourbon &amp; Blues Bar &laquo;Chr&uuml;ter &amp; Choller&raquo; &uuml;berzeugt mit einer grossen Auswahl an Chr&uuml;ter, Single Malt Whiskeys und anderen Drinks. Eine Kegelbahn, Dart, ein Billardtisch, eine Smoking Lounge und ein Fussballkasten machen die Bar zum lebendigen Treffpunkt.</p>\n<p>Das Hotel ist bequem mit dem Auto oder dem &ouml;ffentlichen Verkehr erreichbar &ndash; die Postauto-Haltestelle liegt direkt vor dem Haus. Ausreichend Parkpl&auml;tze stehen zur Verf&uuml;gung.</p>", "url": "http://www.hirschen-wildhaus.ch/", "image": "https://ostpimtsoch.sos-ch-dk-2.exoscale-cdn.com/catalog/c/b/5/3/cb536317cea64b76089bcbf24dbcd1ddccdb3ebf_c4eb9414f3440de11de18f2476b49769.JPG", "openstreetmap_id": "node/223857162"}, "geometry": {"type": "Point", "coordinates": ["9.34974", "47.203388"]}}, {"type": "Feature", "properties": {"identifier": "7c25a025-3926-4ab3-a88c-487994e36a04", "name": "Ferienhaus H\u00f6rli", "description": "Das \"H\u00f6rli\" ist bereits anno 1655 erbaut worden und wurde damals noch als bescheidener Ziegenstall genutzt. Seit dieser Zeit hat sich einiges getan und die Liegenschaft ist gewachsen und, bis auf die ortstypische Raumh\u00f6he von teils weniger als 2 Metern, modern geworden. \n\nNach einer kompletten Renovation im Jahr 2014 bietet das Haus alle Annehmlichkeiten, die den Urlaub abseits von Hektik und Alltagsstress zu einem einzigartigen Erlebnis machen.\n\nNach dem Winterspaziergang zum Hochhamm oder beim Skifahren mit den Kindern am Skilift H\u00f6rnli (welcher sich in Gehdistanz befindet) k\u00f6nnen Sie sich in der Sauna aufw\u00e4rmen. Eine moderne K\u00fcche erm\u00f6glicht anschliessend einen gem\u00fctlichen Fondue-Abend in der warmen Stube, aber auch f\u00fcr anspruchsvollere Men\u00fcs ist die Ausstattung vorhanden.\n\nIm Sommer l\u00e4dt der Garten zum Sonnen ein. Autos und Fussg\u00e4nger lassen sich w\u00e4hrend dem Tag an einer Hand abz\u00e4hlen. Auch aktive Tage auf dem Bike oder bei einer Wanderung im Appenzellerland k\u00f6nnen mit Grillieren an der Feuerschale und einem einmaligen Sonnenuntergang abgeschlossen werden.", "url": "https://www.hoerli.ch", "image": "https://ostpimtsoch.sos-ch-dk-2.exoscale-cdn.com/catalog/b/4/c/2/b4c25562f4fe7404f0406b844cc1094d18886d45_e84928738b72ada54df36987847f2e5a.jpg", "openstreetmap_id": "11906259373"}, "geometry": {"type": "Point", "coordinates": ["9.210990071296694", "47.30885959988185"]}}, {"type": "Feature", "properties": {"identifier": "7ce44590-b8fd-401f-a037-2d0182032f96", "name": "B&B Kugelturm in der Markthalle Altenrhein - Hundertwasser Architektur", "description": "In der Markthalle Altenrhein bietet sich die einzigartige Gelegenheit, in einem Haus des \u00f6sterreichischen Architekten Friedensreich Hundertwasser zu \u00fcbernachten.\n\nDie Markthalle liegt am beliebten Bodenseeradweg. Etwa 300 Meter vom See entfernt. In unmittelbarer N\u00e4he befindet sich der Flughafen St. Gallen-Altenrhein und das FFA Flug- und Fahrzeugmuseum. Vom Fenster aus kannst du die Flugzeuge abheben sehen. In Richtung Wien oder sonst wo hin.\n\nDas 2-st\u00f6ckige Appartement bietet viel Platz f\u00fcr 1-2 Erwachsene (keine Kinder). Auch Hunde sind herzlich willkommen. Fahrr\u00e4der k\u00f6nnen untergestellt und E-Bikes aufgeladen werden. Rund ums Haus sind gratis Parkpl\u00e4tze vorhanden.", "url": "https://markthalle-altenrhein.ch/bed-breakfast/", "image": "https://ostpimtsoch.sos-ch-dk-2.exoscale-cdn.com/catalog/a/f/0/a/af0a676c9ab381c17e7d09f7d38ec8800bc5433d_f0be1357e41843ee960bc0f3bbf91ead.jpg", "openstreetmap_id": "way/103450475"}, "geometry": {"type": "Point", "coordinates": ["9.547996106343284", "47.4850552"]}}, {"type": "Feature", "properties": {"identifier": "7ce911ac-e81e-4073-a676-0f6f5d7f2984", "name": "Appartmenthaus Quadern (A302)", "description": "Das Appartementhaus Quadern befindet sich im Dorfzentrum von Valens, in unmittelbarer N\u00e4he zur Reha-Klinik. Das ruhig gelegene Mehrfamilienhaus verf\u00fcgt \u00fcber eine grossz\u00fcgige Umgebung. Die Ferienwohnung ist im Geb\u00e4ude mit 32- Eigentumswohnungen integriert. Wenige Schritte vom Haus entfernt befinden sich Einkaufsm\u00f6glichkeiten sowie Postautohaltestellen. Durch die hervorragende Erreichbarkeit ab Bad Ragaz \u00fcber die gr\u00f6sste Bogenbr\u00fccke der Schweiz ist Valens zu jeder Jahreszeit attraktiv. Umgeben von beeindruckender Bergwelt erholen Sie sich am Ausgangspunkt f\u00fcr Ausfl\u00fcge zum Wandern, Biken, Schwimmen und vielem mehr.", "image": "https://ostpimtsoch.sos-ch-dk-2.exoscale-cdn.com/catalog/3/0/d/b/30db318235ad3267a526942e05ed6a506e8d25e1_165bb50924e7983a03c3efaa2d0207a2.jpg", "openstreetmap_id": "way/35910004"}, "geometry": {"type": "Point", "coordinates": ["9.4823745", "46.9704527"]}}, {"type": "Feature", "properties": {"identifier": "7d3ab75e-d910-4971-b191-7215ad432d3e", "name": "Ferienhaus Hof Alten", "description": "Das Ferienh\u00e4uschen steht etwas abseits der Hofgeb\u00e4ude mit Aussicht auf Weiden und Ufergeh\u00f6lze der Sitter. Neben sch\u00f6ner Sicht erfreut der Fluss auch mit Badestrand und Grillm\u00f6glichkeit in nur zehn Minuten Fussmarsch vom Ferienhaus. Die zweist\u00f6ckige Unterkunft bietet Platz f\u00fcr sechs Personen (4 Erwachsene, 2 Kinder) mit Wohnk\u00fcche, zwei Schlafzimmern und einem Wohnzimmer mit zwei Betten. Der Sitzplatz mit Chemin\u00e9e, ein Balkon und ein Spielplatz bereiten viel Vergn\u00fcgen draussen an der frischen Luft. Die Tiere des Bauernhofs freuen sich auf Besuch und streichelnde H\u00e4nde. Verschiedene Wander- und Radwege verlaufen in der N\u00e4he. Zu Entdeckungen in der Natur oder zum Badeplausch laden etwa das Hudelmoos, die Sitterf\u00e4hre und die Hauptwiler Weiher ein. Aber auch der Bodensee, die Stadt St. Gallen oder das Wandergebiet des Alpsteingebirges sind nur 20 bis 30 Fahrminuten entfernt. Hunde sind willkommen.", "url": "http://www.thurgau-bodensee.ch", "image": "https://ostpimtsoch.sos-ch-dk-2.exoscale-cdn.com/catalog/b/7/c/a/b7cafc3817851e41b8750b7a671e67daf5db223c_e2f9b85c7f8c03b67c527b9410467416.png", "openstreetmap_id": "node/9692196425"}, "geometry": {"type": "Point", "coordinates": ["9.28125858306885", "47.50140223362543"]}}, {"type": "Feature", "properties": {"identifier": "7f8a4bfc-6693-4ae7-9b77-b34dd329634d", "name": "Ferienhaus Tannegg", "description": "Das im Jahre 2016 renovierte Ferienhaus mit 4 Zimmern befindet sich an ruhiger Lage in Flumserberg Tannenheim, nur ca. 5 Gehminuten von der Prodkammbahn Tannenheim und vom Dorfladen entfernt. Zum Haus geh\u00f6rt ein kostenfreier Parkplatz und eine Garage.\n\nDie Ferienwohnung wurde im Jahre 2016 renoviert und ist gem\u00fctlich und zeitgem\u00e4ss eingerichtet. Die Wohn- und Schlafr\u00e4ume verf\u00fcgen \u00fcber einen Holzboden. Der Hausteil hat einen separaten Eingang.", "image": "https://ostpimtsoch.sos-ch-dk-2.exoscale-cdn.com/catalog/3/e/f/1/3ef154f8fd3c997f7e186eb6de9d5f303e2fbb1d_1c617b9df64e5f4100c7ded533dbf7f4.jpg", "openstreetmap_id": "way/325408054"}, "geometry": {"type": "Point", "coordinates": ["9.301205304854964", "47.09072995"]}}, {"type": "Feature", "properties": {"identifier": "7ff5e3db-50ee-45fe-a832-3d48f2cb8958", "name": "Magnolia-Home's in Arbon", "description": "<p>Die stilvoll eingerichteten und vollst&auml;ndig ausgestatteten Apartments in Arbon verbinden hohen Wohnkomfort mit einer attraktiven Lage nahe dem Bodensee.&nbsp;<br>Die historische Altstadt, die Seepromenade, Restaurants, Einkaufsm&ouml;glichkeiten und der Bahnhof sind schnell erreichbar. Dank der zentralen Lage eignet sich Arbon ideal als Ausgangspunkt f&uuml;r Ausfl&uuml;ge rund um den Bodensee und in die vielseitige Region Thurgau. <br>Die Apartments bieten moderne Wohn- und Schlafbereiche, voll ausgestattete K&uuml;chen und einen unkomplizierten Self-Check-in. Sie eignen sich sowohl f&uuml;r Ferieng&auml;ste und Gesch&auml;ftsreisende als auch f&uuml;r l&auml;ngere Aufenthalte.</p>", "url": "https://www.magnolia-homes.ch", "image": "https://ostpimtsoch.sos-ch-dk-2.exoscale-cdn.com/catalog/e/1/d/0/e1d044cb0e9733b99b0e0e59e203745a935a6789_287f643b745ff12f745134d959112079.jpg", "openstreetmap_id": "way/259845878"}, "geometry": {"type": "Point", "coordinates": ["9.4253266", "47.5126604"]}}, {"type": "Feature", "properties": {"identifier": "80ad88f8-1b29-40c6-b9d2-706fc517d659", "name": "Haus Bernova", "description": "Die 2.5 Zimmerwohnung befindet sich im Parterre eines freistehenden Einfamilienhauses in Flumserberg Tannenbodenalp. Das Haus ist ruhig gelegen und nur ca. 2 Gehminuten von der Skiliftanlage entfernt. Parkpl\u00e4tze sind kostenlos vorhanden.\n\nDie Ferienwohnung ist zweckm\u00e4ssig eingerichtet. Wohn- und Schlafr\u00e4ume verf\u00fcgen \u00fcber einen Plattenboden.", "url": "http://homepage.bluewin.ch/bernova", "image": "https://ostpimtsoch.sos-ch-dk-2.exoscale-cdn.com/catalog/6/3/c/0/63c0fd549434561afb202e00c6d7b4177a523015_8cc89fba2698eb51e9b09421d7ed650c.jpg", "openstreetmap_id": "way/258942565"}, "geometry": {"type": "Point", "coordinates": ["9.285433097139828", "47.09269295"]}}, {"type": "Feature", "properties": {"identifier": "8106e8b0-c14b-4edb-8e85-ce4a43dc4aa7", "name": "Hagenh\u00fctte", "description": "Die H\u00fctte ist von Merishausen, Hemmental oder Beggingen aus erreichbar und wird ganzj\u00e4hrig vermietet. Sie bietet im Aufenthaltsraum Platz f\u00fcr 40 Personen und verf\u00fcgt \u00fcber zwei Schlafr\u00e4ume mit insgesamt 25 Schlafpl\u00e4tzen. Geheizt und gekocht wird mit Holz, das Wasser stammt aus der Zisterne, in welcher das Regenwasser gefasst wird. Die Beleuchtung erfolgt im Aufenthaltsraum mit Petrollampen und in den anderen R\u00e4umen mit Solarstrom.\n\nDie Hagenh\u00fctte steht am Waldrand und grenzt an ein grosses Wiesenst\u00fcck mit einer Feuerstelle, welche ebenfalls benutzt werden kann.", "url": "http://www.hagenhuette.ch", "image": "https://ostpimtsoch.sos-ch-dk-2.exoscale-cdn.com/catalog/f/8/2/a/f82a7136dbe91808d54df753371c430b06175251_ea25b69eaa535e0566c79ed4d9b4dce4.jpg", "openstreetmap_id": "way/205005882"}, "geometry": {"type": "Point", "coordinates": ["8.567877442856048", "47.77622505"]}}, {"type": "Feature", "properties": {"identifier": "8180f7a5-2035-44fa-bc28-90b967125816", "name": "Haus zur F\u00f6hre (Whg. Lendi)", "description": "Die 3-Zimmerwohnung befindet sich in einem 6-Familienhaus in Flumserberg Tannenboden. Bis zum Skilift sind es nur ca. 2 Minuten. Zur Wohnung geh\u00f6rt ein kostenloser Garagenplatz.\n\nDie Wohnung ist gem\u00fctlich, mit viel Holz eingerichtet und hat Platz f\u00fcr bis zu 5 Personen. Zur Ferienwohnung geh\u00f6ren zwei Balkone.", "image": "https://ostpimtsoch.sos-ch-dk-2.exoscale-cdn.com/catalog/a/c/2/2/ac225b80bf369b25206e4721ba59895f3feda078_c985f7951a8453263c3b8f633c23fee3.jpg", "openstreetmap_id": "node/258942561"}, "geometry": {"type": "Point", "coordinates": ["9.286522401042062", "47.0918244"]}}, {"type": "Feature", "properties": {"identifier": "82c4992f-38ff-4a9b-bee8-8c5deef1c37f", "name": "Appenzeller Huus", "description": "Das Appenzeller Huus Resort in Gonten umfasst drei exklusive Hotels: das historische Huus B\u00e4ren, das moderne Huus L\u00f6wen und das 2025 er\u00f6ffnete Huus Quell. Als 3 Sterne Superior Hotel bietet das Huus B\u00e4ren mit seinen individuell gestalteten Zimmern und der Sauna-Oase modernen Komfort in einem traditionsreichen Ambiente. Das Huus L\u00f6wen verbindet alpinen Chic mit zeitgem\u00e4ssem Design und bietet luxuri\u00f6se Zimmer, Suiten sowie beeindruckende Ausblicke auf den Alpstein. Das Huus Quell wird als 5 Sterne Superior Wellness-Resort mit 2\u2019200 Quadratmetern Wellnessbereich und gehobener Kulinarik ein exklusiver R\u00fcckzugsort f\u00fcr Regeneration und Entschleunigung. Alle drei Hotels vereinen Nachhaltigkeit, hochwertige Gastronomie und ein einzigartiges Wellnesserlebnis und bieten den idealen Rahmen f\u00fcr Hotelaufenthalte, Gruppenreisen, Gesch\u00e4ftsreisen und private Feiern im Appenzellerland.", "url": "https://appenzellerhuus.ch/", "image": "https://ostpimtsoch.sos-ch-dk-2.exoscale-cdn.com/catalog/4/4/8/b/448ba345fbe1e48d4690a00ecad1a5d9161a86fa_363afba04d985c99c574669e1a544169.jpg", "openstreetmap_id": "way/197583924"}, "geometry": {"type": "Point", "coordinates": ["9.34666089999996", "47.3285937"]}}, {"type": "Feature", "properties": {"identifier": "831ca326-78a8-4a5e-827a-8cdb5e5e6ee0", "name": "St. Gallerhof Apartment", "description": "<p>Das St. Gallerhof Apartment befindet sich mitten im Dorf von Bad Ragaz, nahe der Tamina Therme (ca. 10 min Fussweg) sowie allen Einkaufsm&ouml;glichkeiten (ca. 2 min Fussweg). Die Wohnung befindet sich in einem mehrst&ouml;ckigen Geb&auml;ude und bietet Zugang zu einem Balkon. Parkm&ouml;glichkeiten befindet sich im nahegelegenen Parkhaus im Dorf (kostenpflichtig). Die gesamte Wohneinheit ist rollstuhlgerecht und ist mit einem Fahrstuhl erreichbar. Eine Waschmaschine, ein W&auml;schetrockner und ein B&uuml;geleisen sind verf&uuml;gbar. Es ist eine Nichtraucherwohnung.</p>", "url": "https://www.basel-rooms.ch/bad-ragaz-ferienwohnung/", "image": "https://ostpimtsoch.sos-ch-dk-2.exoscale-cdn.com/catalog/9/8/8/7/98874f88ff438f453bf52c2d47b7dc8f1116abca_09cafee4b52ab436b2783a65ef8436c9.jpg", "openstreetmap_id": "node/5164457924"}, "geometry": {"type": "Point", "coordinates": ["9.5007894", "47.0017573"]}}, {"type": "Feature", "properties": {"identifier": "83b8c2bc-7c30-48c1-8cda-b5f1610d5046", "name": "Ferienhaus Siesta", "description": "Ferienhaus an ruhiger Lage, am Ende einer Quartierstrasse, im Gr\u00fcnen gelegen, pr\u00e4chtige Aussicht. 4-Zimmer, max. 7 Personen, Terrasse, Chemin\u00e9e, Liegewiese, Parkplatz. Hunde auf Anfrage. \n\nIm Sommer keine Vermietung.", "image": "https://ostpimtsoch.sos-ch-dk-2.exoscale-cdn.com/catalog/b/f/a/4/bfa47e52064f9c3d1f24715b86166f67ea76728f_4c158610e3f46fc5266254f9eccd1a51.jpg", "openstreetmap_id": "way/294246357"}, "geometry": {"type": "Point", "coordinates": ["9.280963", "47.094247"]}}, {"type": "Feature", "properties": {"identifier": "83d72254-5ead-488b-b7ce-ec2da96a7ab7", "name": "ibis Styles St Margrethen Bodensee", "description": "Das Designhotel ibis Styles St Margrethen l\u00e4dt mit einem offenen Raumkonzept zum Ankommen ein. Echtholzm\u00f6bel mit individueller Maserung bringen einzigartigen Charakter in das Interieur. Warme Farben unterstreichen den nat\u00fcrlichen Eindruck und sorgen f\u00fcr Wohlf\u00fchlatmosph\u00e4re. Egal ob Gesch\u00e4ftsreise, Erholungsurlaub oder Wanderabenteuer: Hier erleben die G\u00e4ste einen unvergesslichen Aufenthalt und entdecken den Charme der Ostschweiz zwischen Alpen und Bodensee hautnah.\n\nAls zertifiziertes \"Bikehotel\" verf\u00fcgt das Ibis Styles St Margrethen \u00fcber einen abschliessbaren Fahrradkeller mit einigen Extras.", "url": "https://all.accor.com/hotel/B5W6/index.en.shtml", "image": "https://ostpimtsoch.sos-ch-dk-2.exoscale-cdn.com/catalog/b/f/8/0/bf80d950a71cda428ef7f2d1cfe4d98df453fc0e_9c2812947695a4abf0262e10c857d225.jpg", "openstreetmap_id": "way/762591508"}, "geometry": {"type": "Point", "coordinates": ["9.635871514244224", "47.450590250123"]}}, {"type": "Feature", "properties": {"identifier": "842816d9-2d17-484c-94da-46b208854adc", "name": "Hotel M\u00fcllers, Self-Check-In", "description": "Im Hotel M\u00fcllers in Arbon gibt es moderne und praktisch eingerichtete Zimmer, darunter Doppelzimmer, Einzelzimmer, Familienzimmer und Studios. Die Zimmer \u00fcberzeugen durch eine minimalistische Ausstattung mit skandinavischer Leichtigkeit und nat\u00fcrlichen Elementen aus Holz. Der 24/7 Self-Check-In erm\u00f6glicht flexible Ankunft. Haustiere sind gegen Aufpreis willkommen. Das Hotel liegt direkt am Bodensee und ist ein idealer Ausgangspunkt f\u00fcr Wanderungen, Fahrradtouren und Wassersport. Parkpl\u00e4tze f\u00fcr Autos und Fahrr\u00e4der sind verf\u00fcgbar, ebenso wie Ladestationen f\u00fcr E-Bikes. Von hier aus k\u00f6nnen G\u00e4ste die zauberhafte Region Arbon und ihre vielf\u00e4ltigen Sch\u00f6nheiten erkunden. Die Schiffl\u00e4nde Bar bietet leichte Snacks und in der Umgebung gibt es zahlreiche Restaurants. ", "url": "https://hotel-muellers.ch/", "image": "https://ostpimtsoch.sos-ch-dk-2.exoscale-cdn.com/catalog/1/1/d/d/11dd3b1fc6814f8e89f194f6fc282a8ed4908704_68a20a9a3da0b1dc20b8b2878224aace.jpg", "openstreetmap_id": "node/9637787817"}, "geometry": {"type": "Point", "coordinates": ["9.4369819", "47.5146364"]}}, {"type": "Feature", "properties": {"identifier": "843063b7-1f5e-498e-ba2e-54f34a0f5147", "name": "Boutique Hotel City Weissenstein", "description": "Mit einer grossz\u00fcgigen, wohnlich eingerichteten Lobby, 32 stilvollen und individuellen Zimmern und einem kreativen Workshopraum l\u00e4dt das Hotel nicht nur zum \u00dcbernachten, sondern auch Verweilen und Tagen ein. Stoffe von Jakob Schlaepfer und Christian Fischbacher sind im ganzen Haus zu finden und verleihen den modernen Elementen eine gem\u00fctliche Note.\n \nDas Hotel ist nur wenige Schritte vom Bahnhof entfernt. Auch Restaurants, Museen, Kinos und Theater sind bequem zu Fuss erreichbar.\n\nWas auch immer die G\u00e4ste nach St.Gallen f\u00fchrt, im Boutique&nbsp;Hotel City Weissenstein finden Gesch\u00e4ftsreisende, Familien, Paare und Langzeitaufenthalter ihre vier W\u00e4nde zum Ankommen und Wohlf\u00fchlen.\n\nDer Seminarraum hat eine Gr\u00f6sse von 70qm.", "url": "http://sorellhotels.com/city-weissenstein", "image": "https://ostpimtsoch.sos-ch-dk-2.exoscale-cdn.com/catalog/3/f/9/e/3f9ee1b030baef1f8e8a73cc656406930c74b717_8da1d6e52b784068c948ea5eee8f7a90.jpg", "openstreetmap_id": "way/145447662"}, "geometry": {"type": "Point", "coordinates": ["9.3698661", "47.4207437"]}}, {"type": "Feature", "properties": {"identifier": "844f0c5a-f5e6-48eb-b718-1c5592e1872f", "name": "Casa Luna A (Whg. Riesen)", "description": "Die 3.5-Zimmerwohnung liegt zentral am Flumserberg Tannenboden gegen\u00fcber dem Hotel Tannenboden, unweit von der Bushaltestelle und einem kleinen Supermarkt entfernt. Zur Wohnung geh\u00f6rt ein kostenloser Tiefgaragenplatz. Zudem ist ein Skiraum und ein Veloraum von aussen zug\u00e4nglich.", "image": "https://ostpimtsoch.sos-ch-dk-2.exoscale-cdn.com/catalog/5/5/4/4/55449ec5b1adee06fbe31b7bdca2311df4205b80_bbcb93ddb2909b6040039cf5e2b55c5d.jpg", "openstreetmap_id": "way/228797665"}, "geometry": {"type": "Point", "coordinates": ["9.286226900000003", "47.092718250000004"]}}, {"type": "Feature", "properties": {"identifier": "845159ec-05e5-48ae-8f4d-8627c1d23dfa", "name": "Ferienhaus \"The View\"", "description": "Das 6-Zimmer-Ferienhaus befindet sich direkt im Zentrum von Flumserberg-Tannenboden, 10 Gehminuten von der Haust\u00fcre bis zur Talstation Tannenboden und bietet eine sch\u00f6ne Aussicht auf die Churfirsten. Einkaufsm\u00f6glichkeiten sind in wenigen Minuten zu Fuss erreichbar. ", "image": "https://ostpimtsoch.sos-ch-dk-2.exoscale-cdn.com/catalog/a/c/7/1/ac71870961ab5821370ff234724ca4b6deaacd05_ca1068658b9175394b5c29b97838e7cd.jpg", "openstreetmap_id": "way/294246329"}, "geometry": {"type": "Point", "coordinates": ["9.286983526553339", "47.09334135"]}}, {"type": "Feature", "properties": {"identifier": "84d386b3-5fd5-4c8f-ad6a-0958086fb50d", "name": "Swissyurt", "description": "Das von den Gastgebern selbst errichtete \u00abZelt\u00bb, das seinen Ursprung bei den Nomaden in Zentralasien hat, beherbergt auf rund 20 Quadratmetern bis zu vier Personen. Eingerichtet ist die Swissyurt \u00e4hnlich einem kleinen Studio \u2013 nur mit einer Prise mehr Abenteuer. So kocht man etwa auf einem zweiflammigen Gasrechaud vor dem Eingang und heizt an k\u00e4lteren Tagen mit einem Holzofen. \n\nAuf der Terrasse geniesst man einen herrlichen Blick auf die Flusslandschaft der Sitter und ist umgeben von Wiesen, Wald und Feldern. Ein kleiner Holzkohlengrill l\u00e4dt zum sommerlichen Grillplausch, ein Spielplatz zum Schaukeln und Wippen. Ein eigenes WC und Dusche befinden sich im 30 Meter entfernten Wohnhaus. ", "url": "https://swissyurt.ch/", "image": "https://ostpimtsoch.sos-ch-dk-2.exoscale-cdn.com/catalog/c/6/8/4/c68409746a3d8a771cd80fb3dc3cbb672bd79651_c14b21675f52403e3c80b48c04a8575f.png", "openstreetmap_id": "6284663052"}, "geometry": {"type": "Point", "coordinates": ["9.2613015", "47.5017361"]}}, {"type": "Feature", "properties": {"identifier": "8567a589-b026-4c2d-809d-6a0bd263d301", "name": "See & Park Hotel Feldbach", "description": "In einmaliger Lage in Steckborn direkt am Ufer des Untersees, befindet sich das ehemalige Kloster Feldbach aus dem 13. Jahrhundert. Heute geniessen die G\u00e4ste im See & Park Hotel Feldbach das unvergleichliche modern-historische Ambiente inmitten von Rosengarten, weitl\u00e4ufiger Parkanlage und Yachthafen. Gleich gegen\u00fcber liegt das moderne Hotelgeb\u00e4ude mit 36 komfortablen Zimmern. Unter dem Dach des historischen Klosters, befindet sich die Turmbar, historische Fest- und Seminars\u00e4le, das stilvolle Restaurant und die traumhafte Seeterrasse.\n\nKulinarisch werden die G\u00e4ste mit gutb\u00fcrgerlichen Gerichten mit der richtigen Priese an Raffinesse verw\u00f6hnt. Dazu werden edle Tropfen empfohlen.", "url": "http://www.hotel-feldbach.ch/", "image": "https://ostpimtsoch.sos-ch-dk-2.exoscale-cdn.com/catalog/8/8/e/0/88e0159b33fc9972c72d61684dc613d24c0448c4_95cfd3821c3a668cdf02280505f1c7dc.jpg", "openstreetmap_id": "node/2136270172"}, "geometry": {"type": "Point", "coordinates": ["8.974441", "47.6647262"]}}, {"type": "Feature", "properties": {"identifier": "85962953-0ef2-4570-84da-c6b891e05bc8", "name": "Ferienwohnung G\u00e4umann - Kiener", "description": "Es erwartet Sie eine gem\u00fctliche 3 1/2 Zimmer Duplex-Wohnung, die ideal in der N\u00e4he des Bahnhofes liegt. Der Autobus, der Sie bequem in die Ortsmitte zu den Einkaufsm\u00f6glichkeiten und den Thermalb\u00e4dern f\u00fchrt, ist nur wenige Minuten entfernt.\n\nDie Wohnung, 75m2 gross, liegt im ersten Stock eines Vierfamilienhauses. \nAuf der Eingangsetage erwartet Sie ein gem\u00fctlicher Wohnraum mit moderner offener K\u00fcche mit Esstisch, vier St\u00fchlen, Stehbar, Sofa (Canap\u00e9lit), zwei Sesseln, Kabel TV.\nDie vollausgestattete K\u00fcche verf\u00fcgt \u00fcber Keramikkochfeld, Backofen, grossen K\u00fchlschrank, Geschirrsp\u00fclmaschine, Kaffeemaschinen, Wasserkocher, Toaster, Fondue- Raclette Set.\nWeiter gibt es ein Badezimmer mit Badewanne und WC.\nVom Wohn- Essraum aus gelangen Sie direkt auf die grosse sonnige Terrasse (2021 renoviert) mit einem traumhaften Blick auf die Bergwelt und die Tamina Br\u00fccke. Sitzgelegenheiten wie Gartenlounge, Tische, St\u00fchle sind vorhanden.\n\nIm oberen Stockwerk finden Sie die Schlafzimmer. Ein Schlafraum ist ausgestattet mit zwei Betten und einem antiken Holzschrank, der andere, ein Giebelzimmer, verf\u00fcgt \u00fcber zwei Betten und ein Lavabo. Zudem ist ein separates WC auf dem Stockwerk.\n\nDie Wohnung verf\u00fcgt \u00fcber Parkettb\u00f6den (2022 unteres Stockwerk neu versiegelt).\nAuch steht Ihnen ein kostenfreier Parkplatz zur Verf\u00fcgung.\nInternet, Kabel TV vorhanden.", "image": "https://ostpimtsoch.sos-ch-dk-2.exoscale-cdn.com/catalog/5/5/9/6/5596a393015d155a1edcfb1a084a9b5cc8b94a7e_6f7014921d0cba2c794665e625899df6.jpg", "openstreetmap_id": "way/44978171"}, "geometry": {"type": "Point", "coordinates": ["9.506962608812813", "47.009789549999994"]}}, {"type": "Feature", "properties": {"identifier": "85a94fa1-4cba-498e-a6f6-27c45f91af61", "name": "Hotel R\u00f6ssli Tufertschwil", "description": "Der malerische Weiler Tufertschwil liegt in der beschaulichen Welt des unteren Toggenburg. Helle, modern eingerichtete R\u00e4ume bieten gen\u00fcgend Platz f\u00fcr Anl\u00e4sse und Seminare. Das ganze Hotel ist barrierefrei zug\u00e4nglich und die Parkpl\u00e4tze sind kostenfrei.\nVon unserem Restaurant haben Sie einen wunderbaren Blick in die Toggenburger Bergwelt mit den Churfirsten und dem S\u00e4ntis. In unserer idyllischen Gartenterrasse geniessen Sie einen erfrischenden Aperitif oder ein k\u00fchles St. Galler Bier, w\u00e4hrend Sie ihre Kinder, auf dem einzigartigen und grossen Spielplatz beobachten k\u00f6nnen. \nDie Erholung vom Alltag finden Sie in einem unserer absolut ruhigen Hotelzimmer mit Blick in die Natur.\n\nUnsere traditionelle Schweizer K\u00fcche bietet f\u00fcr jeden Geschmackstyp das passende Men\u00fc. Regionale und marktfrische Produkte werden mit viel Leidenschaft von unserem eingespielten K\u00fcchenteam zubereitet.\nDer Familienbetrieb setzt sich aus unkomplizierten und aufgestellten Menschen mit Begeisterung f\u00fcr ihren Beruf zusammen.\nWir servieren Lebensfreude und freuen uns auf Ihren Besuch!", "url": "http://www.roessli-tufertschwil.ch/", "image": "https://ostpimtsoch.sos-ch-dk-2.exoscale-cdn.com/catalog/1/3/7/3/1373303d1ecda5af3dc736f1a7d9659afc9fbc6c_47a1cece597b61fdd53c71635d5a9f5c.jpg", "openstreetmap_id": "node/3973987865"}, "geometry": {"type": "Point", "coordinates": ["9.0971459", "47.3933526"]}}, {"type": "Feature", "properties": {"identifier": "85e847ff-0c59-44b1-b040-5c20f44b9bee", "name": "Ferienwohnung Allegra Appenzell", "description": "<p>Die frischrenovierte Ferienwohnung ist bereit, um Sie herzlich willkommen zu heissen.&nbsp; Trogen ist ein herrlicher, historischer Ort, welcher viele M&ouml;glichkeiten bietet: Bodensee in n&auml;chster N&auml;he, Alpsteingebiet in gleicher N&auml;he. Um Trogen gibt es herrliche Wanderungen mit traumhafter Aussicht &uuml;ber den ganzen Alpenraum: Hohe Buche, G&auml;bris.&nbsp; Die Wohnung ist ideal f&uuml;r 2 Personen, sie bietet aber auch Platz f&uuml;r maximal 4 Personen. Im Wohnzimmer stehen zwei Bettsofas f&uuml;r welche es separate Matratzen gibt.&nbsp;Im Wohnzimmer befindet sich ein Fernseher mit integriertem Radio ab Swisscom Box. Ebenso k&ouml;nnen Sie Netflix gratis benutzen. WLAN ist ebenfalls kostenlos vorhanden. In der abgeschlossenen Garage k&ouml;nnen Sie ihr Auto parkieren.&nbsp;Die Gastgeber freuen sich auf Sie.<br>Mindestaufenthalt: 5 N&auml;chte</p>", "url": "https://ferien-trogen.ch/", "image": "https://ostpimtsoch.sos-ch-dk-2.exoscale-cdn.com/catalog/1/a/a/7/1aa70ddd4d78935a8a11ed2d31ae0f6e8047988b_23d58cba0b3cf1499444f0a65c8806ff.jpg", "openstreetmap_id": "relation/1683949"}, "geometry": {"type": "Point", "coordinates": ["9.4650334", "47.4080647"]}}, {"type": "Feature", "properties": {"identifier": "85fca628-9465-472a-8938-65009d583af3", "name": "Gauenpark (Whg. Z\u00fcrcher)", "description": "K\u00fcche mit Abwasch- und Nespresso- Kaffeemaschine, Mikrowelle, Toaster, Raclette\u00f6feli, Fondue - Chinoise- K\u00e4se etc.\nWohnzimmer mit Fernseher, DVD, X-Box und Stereoanlage.\nWundersch\u00f6ne Aussicht auf die Churfirsten.", "image": "https://ostpimtsoch.sos-ch-dk-2.exoscale-cdn.com/catalog/2/b/4/e/2b4e713273e4d96c30036f1a5e6a18492ea28519_f5df189d78da0c68f1f072daeabac89f.JPG", "openstreetmap_id": "way/194824448"}, "geometry": {"type": "Point", "coordinates": ["9.298958655716081", "47.0901013"]}}, {"type": "Feature", "properties": {"identifier": "86a9b067-50ce-4a13-8445-5a3bfa88459a", "name": "Ferienhaus Vogelherd", "description": "Das Denkmalschutzobjekt (sog. Strickbau von 1750) liegt sehr ruhig unweit des Dorfes in der \u201cVogelherd\u201d. Der grossartige Blick auf den Bodensee l\u00e4dt ein zum Ausruhen (kleiner Garten neben dem Luchtenb\u00e4chlein und sonniger Sitzplatz auf der S\u00fcdseite mit Brunnen). Der Hausteil ist geeignet f\u00fcr 4-5 Personen (davon max. 4 Erwachsene, Kinder schulpflichtig).\nEhemalige Gaststube mit historischem Gusseisenofen und versenkbaren Fensterl\u00e4den als Wohn-/Esszimmer, drei charmante Schlafzimmer, K\u00fcche, Badezimmer und separates WC. Kugelgrill, diverse Gartenst\u00fchle usw. sind zur freien Benutzung, Autoabstellplatz (nicht \u00fcberdacht). \nDer Witzweg (sehr lustig!) f\u00fchrt fast am Haus vorbei. Auch die anderen Wanderrouten im h\u00fcgeligen \u201cVorderland\u201d, ins Biedermeierdorf Heiden oder zum Ausflugsort St.Anton sind attraktiv, ebenso die Ausfl\u00fcge an den Bodensee \u2013 dies auch dank guten Verbindungen \u2013 und nat\u00fcrlich eine Fahrt mit den Appenzeller Zahnradbahnen (Heiden-Rorschach, Rheineck-Walzenhausen).", "image": "https://ostpimtsoch.sos-ch-dk-2.exoscale-cdn.com/catalog/f/3/4/a/f34a602f5f99f97caf675e13b31b89b4c4e0dca9_f8e52519cf1cf58d1806cc9a0837be8c.PNG", "openstreetmap_id": "687577270"}, "geometry": {"type": "Point", "coordinates": ["9.5462781", "47.452769399999994"]}}, {"type": "Feature", "properties": {"identifier": "87a259be-d885-4e5d-ac7e-16ff535a6135", "name": "Eselhof S\u00e4ge", "description": "<p>Auf unserem kleinen Eselhof erm\u00f6glichen wir unseren G\u00e4sten in famili\u00e4rem Ambiente ein Zusammensein mit unseren Eseln und Kleintieren und schaffen in vielerlei Hinsicht bereichernde Begegnungen.</p><p>In der liebevoll eingerichteten rustikalen Scheune direkt am Bach befindet sich das 4-Bett-Zimmer und die zwei Strohr\u00e4ume oberhalb des Eselstalles auf dem Heuboden. Das Zimmer ist beheizt und verf\u00fcgt \u00fcber gute Matrazen und einen Kleiderschrank.\nSie schlafen im Doppelbett oder in einem oder zwei Klappbetten.</p>", "url": "http://www.eselhof-saege.ch/", "image": "https://ostpimtsoch.sos-ch-dk-2.exoscale-cdn.com/catalog/a/6/2/8/a628a5fb6ae44d300f804029380f7f7a31a91fe7_3500f7fd57095df0251edad34868313f.jpg", "openstreetmap_id": "node/3209939327"}, "geometry": {"type": "Point", "coordinates": ["8.7841163", "47.7179881"]}}, {"type": "Feature", "properties": {"identifier": "87dc73dc-5c2c-4325-b3de-6a84dda96e03", "name": "Chalet Gauschla (CharmingStay)", "description": "Das Chalet steht in Flumserberg Tannenheim im Quartier Angettlin, auf rund 1250 m \u00fc. M. an ruhiger und sonniger Lage. Zum Dorfzentrum Tannenheim mit Restaurants, Einkaufsladen und Prodalp-Express-Bahn sind es nur ca. 7 Gehminuten. Zum Chalet geh\u00f6rt ein kostenloser Parkplatz. Es besteht eine ganzj\u00e4hrige Zufahrt.\n\nDetails der einzelnen Ferienwohnungen\n- 1x 3.5 Maisonette-Zimmerwohnung im Parterre\n- 1x 2.5-Zimmer-Wohnung im oberen Stock\n\nDie Wohnungen verf\u00fcgen beide \u00fcber einen ger\u00e4umigen und gem\u00fctlichen Wohnraum mit Sofa, TV, Radio und CD/DVD-Player sowie einem Essbereich mit grossem Holztisch, Eckbank und St\u00fchlen. Bad mit Dusche/WC, Haarf\u00f6hn und eine moderne K\u00fcche mit Induktionskochfeld, Backofen, K\u00fchlschrank, Geschirrsp\u00fcler, Kaffee-/Teekocher, Fondue- und Raclettegeschirr. Zu den Wohnungen geh\u00f6rt auch eine Terrasse mit grossartiger Aussicht.", "url": "https://www.charmingstay.ch", "image": "https://ostpimtsoch.sos-ch-dk-2.exoscale-cdn.com/catalog/e/a/a/2/eaa214d463ee2ed81864a206478301c0ce532c0a_232d5dca5583f6dfa417077da2546dc2.JPG", "openstreetmap_id": "way/413154688"}, "geometry": {"type": "Point", "coordinates": ["9.3065867", "47.0834836"]}}, {"type": "Feature", "properties": {"identifier": "8a5a2ec0-710a-497f-9923-acff7195b22b", "name": "Ferienhaus F\u00e4sch", "description": "Das 5-Zimmer-Ferienhaus befindet sich an ruhiger und sonniger Lage in Flumserberg Bergheim mit herrlicher Aussicht auf die Churfirsten. Das Haus hat viel Umschwung mit Spielwiese, Sitzplatz, Chemin\u00e9e und Kinderspielzeug.\n\nDas heimelige Ferienhaus ist gem\u00fctlich und komfortabel, mit viel Holz eingerichtet. Die W\u00e4nde im Wohn- und Schlafzimmer sind get\u00e4felt.", "image": "https://ostpimtsoch.sos-ch-dk-2.exoscale-cdn.com/catalog/7/2/f/5/72f501b355fa910e27b6ce6a143f9d33dc0f48a7_5a03858118427a839df2897c447c1506.jpg", "openstreetmap_id": "way/309848913"}, "geometry": {"type": "Point", "coordinates": ["9.296197410935912", "47.1034368"]}}, {"type": "Feature", "properties": {"identifier": "8a6ff308-01eb-40b8-8ebb-a6d04f7cd8fe", "name": "Frauenfelderhaus", "description": "Es bietet Platz f\u00fcr bis zu 45 Personen und weist einen hohen Ausbaustandard auf. Es eignet sich als Lagerhaus im Sommer wie im Winter f\u00fcr Schulklassen, Vereine und andere interessierte Gruppen.\n", "url": "https://www.frauenfelderhaus.ch/", "image": "https://ostpimtsoch.sos-ch-dk-2.exoscale-cdn.com/catalog/e/d/e/d/ededc11ffe7ee4ea8f95ec341d9235e00ab0ce74_77a3fc78be98a94a6e68cdace7a6c91c.JPG", "openstreetmap_id": "node/222401761"}, "geometry": {"type": "Point", "coordinates": ["9.330574926155503", "47.19243335"]}}, {"type": "Feature", "properties": {"identifier": "8a76d9ab-aff4-4ef2-af67-d9401f655134", "name": "Gasthaus und Metzgerei Ochsen, Schwellbrunn", "description": "Wir sind ein Familienbetrieb mit 15 Mitarbeiterinnen und Mitarbeitern, unter der Leitung von Peter und Annelies Sturzenegger-Frick, in dritter Generation. Seit 80 Jahren betreibt unsere Familie das Metzger-Handwerk mit viel Freude. Unser Gesch\u00e4ft setzt sich zusammen aus drei Fleischfachgesch\u00e4ften - Schwellbrunn, Waldstatt und M\u00f6rschwil - sowie unserem Gasthaus Ochsen in Schwellbrunn.\nUnser Gasthaus mit Restaurant und angrenzendem S\u00e4\u00e4li bietet f\u00fcr ca. 65 Personen Platz. In unserem Restaurant pflegen wir eine neuzeitliche Frischmarktk\u00fcche mit regionalen Qualit\u00e4ts- und Markenprodukten. Dank der hauseigenen Metzgerei kennen wir die Herkunft unserer Fleischprodukte genau. Weit herum sind wir bekannt f\u00fcr unsere Spezialit\u00e4ten. Lassen Sie sich \u00fcberraschen von den kreativen Kochk\u00fcnsten unserer K\u00fcchencrew.", "url": "https://www.sturzenegger-metzgerei.ch/", "image": "https://ostpimtsoch.sos-ch-dk-2.exoscale-cdn.com/catalog/4/b/4/4/4b448ab7fd5cc750dad4f7f755cb90400f18b71d_4d2934c01f8c9fcfb7daf33c83fbd695.jpg", "openstreetmap_id": "396353195"}, "geometry": {"type": "Point", "coordinates": ["9.248942999999999", "47.3512031"]}}, {"type": "Feature", "properties": {"identifier": "8b0ab76f-5739-411b-bfe9-fdf537b9715b", "name": "Ferienwohnung \"Haus zur Arve\"", "description": "Die sch\u00f6ne im Chalet-Stil eingerichtete 3.5-Zimmerwohnung im \"Haus zur Arve\" befindet sich an einer top Lage als Ausgangsstandort f\u00fcr Skifahren, Biken und Wandern. In wenigen Gehminuten befinden sich Restaurants, Einkaufsm\u00f6glichkeiten und die Skischule. Die Ferienwohnung verf\u00fcgt \u00fcber einen Balkon mit Sicht auf die umliegende Bergkette. ", "image": "https://ostpimtsoch.sos-ch-dk-2.exoscale-cdn.com/catalog/2/5/a/b/25ab03a2f4f001055236030c9884b38e67f864eb_b2016ef1a088a160592877d365dc6c42.jpeg", "openstreetmap_id": "way/258942565"}, "geometry": {"type": "Point", "coordinates": ["9.285433097139828", "47.09269295"]}}, {"type": "Feature", "properties": {"identifier": "8b4fc2de-c14c-4494-8dee-01e4a423e03e", "name": "Haus Heimetli (CharmingStay)", "description": "Das im Jahr 2016 neu gebaute 4.5-Zimmer-Haus befindet sich an sehr ruhiger Lage unweit von Tannenboden Dorf. Gondel- bzw. Sesselbahn f\u00fcr Wanderungen sind ca. 20 Gehminuten entfernt. Im Winter sind es zu den Skiliften rund 15 Gehminuten. Restaurants und Einkaufsm\u00f6glichkeiten sind in ca. 10 Minuten zu erreichen. Zum Ferienhaus geh\u00f6rt ein kostenloser Garagenplatz.\n\nDie Wohnung ist sehr modern und komfortabel eingerichtet. Wohn- und Schlafr\u00e4ume verf\u00fcgen \u00fcber einen sch\u00f6nen Holzboden. Bilder und Schmuck verzieren W\u00e4nde und Regale. Zum Haus geh\u00f6rt zudem eine grosse Terrasse, ca. 25m2 mit Kamin-Grill.", "url": "https://www.charmingstay.ch", "image": "https://ostpimtsoch.sos-ch-dk-2.exoscale-cdn.com/catalog/9/f/c/a/9fcae7f463fbf69af7916718840bfe8d14e1d526_776c01949324e541252106047a1bbc4c.jpg", "openstreetmap_id": "way/228272342"}, "geometry": {"type": "Point", "coordinates": ["9.288912835240716", "47.09376955865367"]}}, {"type": "Feature", "properties": {"identifier": "8b785014-c6d1-4cd8-b22a-a4a5de164bff", "name": "Hotel Krone Wolfhalden", "description": "<div>Das Restaurant Krone in Wolfhalden ist ein wahrer Geheimtipp f\u00fcr Feinschmecker und Liebhaber der traditionellen Schweizer K\u00fcche. Eingebettet in die malerische Landschaft des Appenzellerlands bietet dieses charmante Lokal nicht nur kulinarische Gen\u00fcsse, sondern auch einen atemberaubenden Blick auf die umliegenden Berge, T\u00e4ler und den Bodensee.</div><div><br></div><div>Die gem\u00fctliche Atmosph\u00e4re im Restaurant Krone l\u00e4dt zum Verweilen und Geniessen ein. Der rustikale Charme der Einrichtung, kombiniert mit der herzlichen Gastfreundschaft des Personals, sorgt daf\u00fcr, dass sich jeder Gast sofort wohlf\u00fchlt. An warmen Sommertagen bietet die Terrasse einen perfekten Ort, um die frische Luft und die herrliche Aussicht zu geniessen. Im Winter hingegen sorgt ein knisterndes Kaminfeuer f\u00fcr eine behagliche Stimmung im Inneren des Lokals.</div><div><br></div>", "url": "https://hotelkronewolfhalden.ch/", "image": "https://ostpimtsoch.sos-ch-dk-2.exoscale-cdn.com/catalog/2/e/4/1/2e41d26e5ee87c1690ead417896f0570f5fd5d13_70fc4665515ec522c1c44a56c1095b69.jpg", "openstreetmap_id": "node/1653248150"}, "geometry": {"type": "Point", "coordinates": ["9.5517695", "47.4531565"]}}, {"type": "Feature", "properties": {"identifier": "8b8a3914-85a0-4311-81bd-91a0af51da6d", "name": "Haus zur F\u00f6hre (Whg. Selzam)", "description": "Die 3.5 Zimmerwohnung befindet sich in einem 6-Familienhaus an ruhiger Lage, zentral gelegen in Flumserberg Tannenboden mit sehr sch\u00f6ner Aussicht auf die Churfirsten. Die Lifte und der Sammelplatz der Ski- und Snowboardschule sind ca. 250m entfernt. Zur Wohnung geh\u00f6rt ein kostenloser Garagenplatz. Haustiere auf Anfrage.\n\nDie helle, frisch renovierte Wohnung ist gem\u00fctlich und modern eingerichtet. Wohn- und Schlafr\u00e4ume sind mit Vinylb\u00f6den ausger\u00fcstet. Zur Wohnung geh\u00f6ren ein Gartensitzplatz und ein Balkon. Im Wohnzimmer befindet sich ein TV, WLAN ist nicht vorhanden.", "image": "https://ostpimtsoch.sos-ch-dk-2.exoscale-cdn.com/catalog/0/1/9/7/019768f7c40c0122c5d3a2432dd2c14bca5ba9b7_e795d7d0cff737d586faba230df6cf34.jpg", "openstreetmap_id": "way/258942561"}, "geometry": {"type": "Point", "coordinates": ["9.286522401042062", "47.0918244"]}}, {"type": "Feature", "properties": {"identifier": "8c6e297c-2759-41d2-ad80-1b5ba2fe642a", "name": "LILIENBERG \u2013 Hotel, Restaurant, Veranstaltungsort", "description": "Eingebettet in eine malerische Parklandschaft mit Blick auf den bezaubernden Bodensee, geniessen G\u00e4ste im Lielienberg in idyllischer Umgebung die vielf\u00e4ltigen touristische Angebote der Region.\nDie grossz\u00fcgigen Zimmer, liebevoll in verschiedenen Stilen gestaltet, bieten Raum f\u00fcr erholsame Aufenthalte. Im Restaurant und auf der einladenden Seeterrasse verw\u00f6hnen die Gastgebenden mit modernen Gerichten aus der regional inspirierten K\u00fcche.\nF\u00fcr Seminarg\u00e4ste ist der Ort eine Oase der Ruhe und sorgt mit einem professionellen Service daf\u00fcr, dass sich jene auf ihre Inhalte konzentrieren k\u00f6nnen.\nDer Lilienberg bildet den eleganten Rahmen f\u00fcr Feiern, sei es im famili\u00e4ren Kreis oder im gesch\u00e4ftlichen Kontext, stets begleitet von exquisiter Kulinarik.\nDie Stiftung Lilienberg Unternehmerforum l\u00e4dt zu Gespr\u00e4chen \u00fcber aktuelle Themen aus Wirtschaft, Politik und Gesellschaft und vielf\u00e4ltigen musikalische Anl\u00e4ssen mit jungen engagierten Musikern. Ein idealer Rahmen f\u00fcr Austausch und Inspiration!", "url": "https://www.lilienberg.ch/", "image": "https://ostpimtsoch.sos-ch-dk-2.exoscale-cdn.com/catalog/8/2/b/c/82bc35990d899a16f7a1e157a9b6bf2cd8161b6b_353f1d467dfce305f1f1d218872cf55c.jpg", "openstreetmap_id": "node/8582010120"}, "geometry": {"type": "Point", "coordinates": ["9.0739546", "47.6694977"]}}, {"type": "Feature", "properties": {"identifier": "8ce45a6e-b9e7-4ba2-8759-67dd68a5ec4a", "name": "Campingplatz St.Gallen - Wittenbach", "description": "<p>Schmales, ebenes Wiesengel&auml;nde zwischen dem Fluss \"Sitter\" und einem bewaldetem Hang. Ruhiger, einfacher, famili&auml;rer und gepflegter Campingplatz. Die zentrumsnahe Lage, ca. 30 Minuten mit &Ouml;V in das Herzen der Stadt St. Gallen und der neuen guten &Ouml;V-Verbindungen, machen diesen Standort sehr attraktiv. Dieser Ort wird nicht nur von St&auml;dtetrip-Besuchern, Hundesportfreunde, Sport-, Kultur-, Naturbegeisterte, wie auch von Familien und Erholungssuchende gesch&auml;tzt. Gilt dieser Standort doch als idealer Ausgangspunkt f&uuml;r diverse Aktivit&auml;ten.</p><p>&nbsp;</p>", "url": "https://www.ccc-stgallen.ch/willkommen", "image": "https://ostpimtsoch.sos-ch-dk-2.exoscale-cdn.com/catalog/8/b/5/a/8b5a939d8716116e2a0c23342f5786974a0dc26e_d0585137aca88ab368837135278a4908.jpg", "openstreetmap_id": "way/1080707241"}, "geometry": {"type": "Point", "coordinates": ["9.36612", "47.45896"]}}, {"type": "Feature", "properties": {"identifier": "8cfa26a1-3265-4df1-8f9c-c9bd201d77f4", "name": "Hotel Sonne", "description": "Das Bijou-Hotel im Dorfzentrum von Wildhaus verf\u00fcgt \u00fcber 26 heimelig eingerichtete Zimmer mit jeglichem Komfort. Die Mahlzeiten werden im gut b\u00fcrgerlichen Hotel Restaurant mit Sonnenterrasse serviert. Die gem\u00fctlichen Zimmer sind alle mit hellem F\u00f6hrenholz ausgekleidet und mit viel Liebe zum Detail eingerichtet. Die etwas kleineren Nordzimmer sind ruhig und zur Bergseite gelegen. Die S\u00fcdzimmer mit Balkon bieten Ausblicke auf den Schafberg und die Churfirsten-Kette.", "url": "https://www.sonne-wildhaus.ch/", "image": "https://ostpimtsoch.sos-ch-dk-2.exoscale-cdn.com/catalog/5/1/b/5/51b55d81cb87029de6095bf4243d29bdc69a1182_d5ba81313f818b11817b8d785fedd126.png", "openstreetmap_id": "node/6316289213"}, "geometry": {"type": "Point", "coordinates": ["9.3513193", "47.2036413"]}}, {"type": "Feature", "properties": {"identifier": "8cfe382d-e351-4c8b-8820-5439856971c1", "name": "Landgasthof Seelust", "description": "Die Seelust vereint mit Ihrer Lage zwei der sch\u00f6nsten Seiten des Thurgaus: den Bodensee und den Apfel. In den grossz\u00fcgigen Hotelzimmern hat man Blick aufs Wasser oder in den Obsthain. Auch Familien- und rollstuhlg\u00e4ngige Zimmer geh\u00f6ren zum Repertoire. Neben herzlicher Gastfreundlichkeit wird im Familienbetrieb auch Regionalit\u00e4t grossgeschrieben. Das K\u00fcchenteam der Seelust bringt ausschliesslich das Beste aus dem Thurgau auf den Tisch; Spargeln aus Altnau, Poulet aus dem Hinterthurgau oder Obst und Beeren der Umgebung werden ebenso zu originellen Gerichten verarbeitet wie die fangfrischen Fische aus dem Bodensee. Auch tagen und feiern kann man hier. Die Seelust bietet von Stuben \u00fcber Obstgarten, Festsaal oder Weinkeller vielf\u00e4ltige R\u00e4ume daf\u00fcr. Trotz ruhiger und idyllischer Lage ist das Hotel gut erschlossen. Nur 100 Meter sind\u2019s bis zum Autobahnanschluss oder 200 zum Bahnhof. ", "url": "http://www.seelust.ch/", "image": "https://ostpimtsoch.sos-ch-dk-2.exoscale-cdn.com/catalog/f/b/4/8/fb48b946e1b0263d4974f952a3e5b0243195cdf5_13ea899dcb45404ef9e546d0cb848db6.jpg", "openstreetmap_id": "node/251364716"}, "geometry": {"type": "Point", "coordinates": ["9.398439545211279", "47.53512055"]}}, {"type": "Feature", "properties": {"identifier": "8d138291-7a23-4b9b-b735-ee0a6b78d9b3", "name": "b_smart hotel Arbon", "description": "<p>Die 63 Zimmer und Suiten &uuml;berzeugen mit einem einladenden und smarten Design. Die Kategorien &laquo;Seesicht&raquo; befinden sich in den oberen Stockwerken mit Sicht auf den Bodensee. Der Fitness- &amp; Wellnessbereich ist bewusst im obersten Stockwerk mit direktem Ausblick auf den Bodensee eingerichtet - so kommen alle G&auml;ste in den Genuss dieses einzigartigen Ausblickes. Dank dem Self Check-in und Check-out by b_smart k&ouml;nnen G&auml;ste rund um die Uhr flexibel anreisen und in sekundenschnelle auschecken.&nbsp;</p>", "url": "https://www.b-smarts.net/arbon", "image": "https://ostpimtsoch.sos-ch-dk-2.exoscale-cdn.com/catalog/d/6/3/d/d63d226f7e0feec27728d4109f0a2d94bf9db929_a7843c6b1a3ac0dcf38a1edb596ae9af.jpg", "openstreetmap_id": "node/10578688211"}, "geometry": {"type": "Point", "coordinates": ["9.4326541", "47.5098001"]}}, {"type": "Feature", "properties": {"identifier": "8d5d52e5-061c-4896-818a-3bfe66987fa9", "name": "G\u00e4stehaus \"Landhaus an der Thur\"", "description": "<div>Das schmucke Haus befindet sich mitten im Dorf Alt St. Johann, an ruhiger Lage an der Thur. Zwei Gehminuten von der Bushaltestelle, dem Supermarkt, zwei Restaurants und den Bergbahnen entfernt. Bis zur &laquo;Klangschmiede&raquo; sind es gerade einmal f&uuml;nf Gehminuten. Sieben gem&uuml;tliche Zimmer, alle mit Bad oder Dusche/WC/F&ouml;n, TV und WIFI, teilweise mit Balkon, bieten Gew&auml;hr f&uuml;r einen angenehmen Aufenthalt. Eine Kaffee-Ecke mit kostenlosem Kaffee und Tee sowie einem K&uuml;hlschrank f&uuml;r pers&ouml;nliche Frischprodukte befindet sich im ersten Stock. Es sind gen&uuml;gend kostenlose Parkpl&auml;tze vorhanden.</div>", "url": "http://www.landhausanderthur.ch", "image": "https://ostpimtsoch.sos-ch-dk-2.exoscale-cdn.com/catalog/e/b/d/e/ebdee3c927111bd72d310584b604ee57f2070bce_aac84a78c83316c1ed7e3a6c0f2d5a65.JPG", "openstreetmap_id": "node/2312187210"}, "geometry": {"type": "Point", "coordinates": ["9.284196063152864", "47.19413284962057"]}}, {"type": "Feature", "properties": {"identifier": "8e0bb50e-9748-497e-8caa-5dcfb515ed6e", "name": "H\u00e4xeh\u00fcsli Frauenfeld", "description": "<p>Das H\u00e4xeh\u00fcsli verf\u00fcgt \u00fcber knapp 60 Quadratmeter Wohnfl\u00e4che auf drei Geschossen und bietet Platz f\u00fcr zwei Personen. Das Haus ist komplett eingerichtet mit sch\u00f6nen Antiquit\u00e4ten und wertigen neuen M\u00f6beln. Im historischen Gew\u00f6lbekeller mit viel Tageslicht und freiem Blick in den Garten befindet sich die kompakte K\u00fcche und ein Holzofen. In der H\u00e4xeh\u00fcslistube k\u00f6nnen G\u00e4ste durch die 170-j\u00e4hrigen Fenster ihren Blick in die Ferne schweifen lassen. Im Winter sorgt der wundersch\u00f6ne Kachelofen f\u00fcr wohlige W\u00e4rme. Im Mansardengeschoss ist unter dem sichtbaren Dachgeb\u00e4lk ein gem\u00fctlicher Schlafraum mit separater Arbeitsecke eingerichtet. Eine grossz\u00fcgige Dusche und ein WC mit Lavabo stehen im Untergeschoss zur Verf\u00fcgung.<br><br>Das freistehende H\u00e4xeh\u00fcsli hat keine direkten Nachbarn. Sein Aussenbereich bezaubert G\u00e4ste mit einem naturnahen Garten, grossem Sitzplatz, antikem Mobiliar und einem Kr\u00e4utergarten. \u00dcber dem offenen Feuer kann gegrillt werden und der junge Stadtbach pl\u00e4tschert in unmittelbarer N\u00e4he vorbei.</p>", "url": "https://haexenhuesli.ch", "image": "https://ostpimtsoch.sos-ch-dk-2.exoscale-cdn.com/catalog/6/d/3/4/6d3481f1867435e9fecccb1bda28a92931fd0a37_a230c0af3f279cb5ea93ba5dad9ffe7e.jpg", "openstreetmap_id": "way/1103159997"}, "geometry": {"type": "Point", "coordinates": ["8.91186143773329", "47.545316"]}}, {"type": "Feature", "properties": {"identifier": "8e5cb257-acad-4639-896d-94e4057d5f6a", "name": "Ferienhaus Chalet Guggerli", "description": "<p>Das alleinstehende nicht online buchbare 4.5-Zimmer-Chalet befindet sich an ruhiger Lage in Flumserberg Tannenheim mit unverbauter Rundumsicht auf Alvierkette, Sarganserland bis in die &ouml;sterreichischen Alpen und die B&uuml;ndner Herrschaft. Die Talstation der Bergbahn ist nur ca. 700m entfernt. Zum Chalet geh&ouml;rt ein kostenfreier Autoeinstellplatz. Die Wohnung ist sehr liebevoll und mit viel Holz eingerichtet. Das Wohnzimmer verf&uuml;gt &uuml;ber einen Schwedenofen, was den Aufenthalt sehr gem&uuml;tlich macht. Wohn- und Schlafzimmer verf&uuml;gen &uuml;ber einen Holzboden. Vom Wohnzimmer aus gelangt man auf den sonnigen Balkon.</p>", "url": "http://www.chalet-flumserberg.ch", "image": "https://ostpimtsoch.sos-ch-dk-2.exoscale-cdn.com/catalog/f/f/8/a/ff8aa94d324cc7c4f909c69eef75b78615b767a4_6ee902425e635201475c86f966d95322.JPG", "openstreetmap_id": "way/182426752"}, "geometry": {"type": "Point", "coordinates": ["9.305726", "47.0834726"]}}, {"type": "Feature", "properties": {"identifier": "8ea7b4ff-ff36-466a-b71e-36e0e289af7d", "name": "Trompeterschl\u00f6ssle Hotel & R\u00e9sidence", "description": "<p>Das Trompeterschl&ouml;ssle blickt auf eine reiche Geschichte zur&uuml;ck. Die einem Schl&ouml;sschen &auml;hnelnde, im Jugendstil erbaute Villa, beherbergte einst ein Restaurant mit Caf&eacute; und Kolonialwarenladen.<span style=\"background-color: #ffffff; color: #67768a;\"> Auch in der Geschichte des deutsch-schweizerischen Grenzgeb</span>ietes spielte das Anwesen im T&auml;germoos immer wieder eine wichtige Rolle. Heute bezaubert das Schl&ouml;ssle mit 20 gediegenen Zimmern und Apartments, einem grossz&uuml;gigen Garten, Restaurant und einer Whiskybar mit auserlesenen W&auml;sserchen seine G&auml;ste. Die Liebe zum Whisky sp&uuml;rt man hier &uuml;berall. Die Zimmer haben alle einen Bezug zu einer irischen oder schottischen Destillerie und sind ruhig zum See oder Park gelegen. Wer genug entspannt hat, entdeckt das in Gehdistanz liegende Deutsche Konstanz oder die wunderbare Thurgauer Region am Bodensee und Seerhein.</p>", "url": "https://trompeterschloessle.com/", "image": "https://ostpimtsoch.sos-ch-dk-2.exoscale-cdn.com/catalog/b/4/2/c/b42cf27723ecf2248fd780f550be850731f99a4f_1747fe6009e55c17b4ab0df7a72c8c97.JPEG", "openstreetmap_id": "node/136372575"}, "geometry": {"type": "Point", "coordinates": ["9.159287785292097", "47.664006799999996"]}}, {"type": "Feature", "properties": {"identifier": "8f1625cc-e51c-4c08-9ff8-7d7692449b52", "name": "Gruppenhaus L\u00f6chli Niederglatt", "description": "Das Grundst\u00fcck L\u00f6chli umfasst etwa 1.4 Hektaren Fl\u00e4che und bietet Natur pur. Hauseigener Mischwald, Bach und Wiese laden zu gen\u00fcsslichen Spazierg\u00e4ngen und abenteuerlichen Erkundungen ein. Die grosse, auf zwei Ebenen angelegte Hauswiese eignet sich hervorragend f\u00fcr Spiel und Spass oder auch zum Entspannen. Das grosse Haus ist sehr gem\u00fctlich eingerichtet. Die grossz\u00fcgigen Einzel- und Doppelzimmer sind \u00e4usserst beliebt. \n\nAngebot:\n- 10 Schlafzimmer mit insgesamt 19 Betten\n- Matratzenlager mit 11 Matratzen", "url": "http://www.loechli.ch/", "image": "https://ostpimtsoch.sos-ch-dk-2.exoscale-cdn.com/catalog/4/e/9/e/4e9eb0278f75410e4952e0cdeefea95a7c3bd62f_6a3bb1f6e823616526629f8c6c6b31ec.JPG", "openstreetmap_id": "way/37627472"}, "geometry": {"type": "Point", "coordinates": ["9.156378191507855", "47.4386301"]}}, {"type": "Feature", "properties": {"identifier": "9262161f-7184-4560-93d1-ff03cb8d400b", "name": "Hotel Walhalla", "description": "<p>Das Hotel Walhalla geh&ouml;rt seit dem 19. Jahrhundert zum St.Galler Stadtbild. Erstmals beherbergte der Bau Hotelg&auml;ste im Jahr 1887. Um den G&auml;sten weiterhin ein zeitgem&auml;sses Ambiente zu bieten, wurde das Hotel Walhalla im Mai 2018 f&uuml;r eine umfangreiche Renovierung geschlossen. Das Traditionshaus verf&uuml;gt &uuml;ber 100 Zimmer mit komfortabler Ausstattung, der Brasserie Walhalla mit Schweizer Spezialit&auml;ten und der Walhalla Bar, mit einer grossen Auswahl an lokalen und internationalen Getr&auml;nken und Snacks. Mit der zentralen Lage am Bahnhof St.Gallen und dem erweiterten Seminarbereich mit sechs R&auml;umen und modernster Seminartechnik bietet das Hotel optimale Voraussetzungen f&uuml;r Veranstaltungen.</p>", "url": "http://www.hotelwalhalla.ch/", "image": "https://ostpimtsoch.sos-ch-dk-2.exoscale-cdn.com/catalog/8/4/4/2/84425c521251961568d09f1beb2506e51630aa25_58ed9d2b9b4ad609f85996b5a8284518.jpg", "openstreetmap_id": "node/445467384"}, "geometry": {"type": "Point", "coordinates": ["9.3711451", "47.4238762"]}}, {"type": "Feature", "properties": {"identifier": "92cc63f2-c3ef-493c-a582-44254bc18c05", "name": "Restaurant / Hotel Klein Rigi", "description": "Das \u00abKlein Rigi\u00bb in Sch\u00f6nenberg an der Thur liegt auf einem wunderbaren Aussichtspunkt. Nebst einer grossz\u00fcgigen Terrasse mit herrlichem Blick ins Thurtal und auf den Berg S\u00e4ntis, bietet es so einiges: Ein Trauzimmer, R\u00e4umlichkeiten f\u00fcr die Hochzeitsparty danach oder auch f\u00fcr Familien- und Firmenanl\u00e4sse. Ebenso finden Seminare von 10 bis 350 Personen in den vielf\u00e4ltigen und gediegenen R\u00e4umen Platz. Kulinarisch wird man hier vor allem mit feinstem Schweizer Fleisch vom Grill verw\u00f6hnt. Aber auch erlesene Weine und Whiskeys stehen auf der Karte und die Zigarrenlounge l\u00e4dt zum Absacker vor dem Nachhause gehen ein. Wer lieber bleiben m\u00f6chte, der kann. Es erwarten G\u00e4ste helle moderne Zimmer.", "url": "https://kleinrigi.ch", "image": "https://ostpimtsoch.sos-ch-dk-2.exoscale-cdn.com/catalog/a/4/e/4/a4e4356576b34a263325c74ec3b94a7a1c5e3ac9_0318775669f8e86e9a9d1ff4ca9b476e.jpg", "openstreetmap_id": "44355718"}, "geometry": {"type": "Point", "coordinates": ["9.19783115386963", "47.518447781242"]}}, {"type": "Feature", "properties": {"identifier": "9394f79b-7bad-4cb6-8f31-20c54fb4c9e6", "name": "Buchberghaus", "description": "<p>An den Wochenenden ist das Buchberghaus w&auml;hrend des ganzen Jahres ge&ouml;ffnet und bietet f&uuml;r jedermann ideale Verpflegung- und &Uuml;bernachtungsm&ouml;glichkeiten. Das Buchberghaus ist ein beliebtes Ausflugsziel mitten im Schaffhauser Randengebiet und gew&auml;hrt eine Panoramasicht &uuml;ber Hegau, Bodensee und die Schweizer Bergwelt.</p><p><span style=\"font-weight: bold;\">Verpflegung</span><br>Das Buchberghaus bietet Verpflegungs- und &Uuml;bernachtungsm&ouml;glichkeiten. Das Haus ist jedes Wochenende, an allen Feiertagen und teilweise in den Schulferien ge&ouml;ffnet. Die Gaststube bietet Platz f&uuml;r 40 Personen und vor dem Haus befindet sich eine grosse Gartenwirtschaft. Es ist familienfreundlich gestaltet, mit Spiel- und Grillpl&auml;tzen.</p><p><span style=\"font-weight: bold;\">Gem&uuml;tliche &Uuml;bernachtungsm&ouml;glichkeiten</span><br>Im Buchberghaus hat es unterschiedliche Schlafm&ouml;glichkeiten und Platz f&uuml;r 40 &Uuml;bernachtungsg&auml;ste. Es stehen 2er, 3er, 4er und 5er Zimmer sowie zwei Massenlager zur Verf&uuml;gung. In den Zimmern schlafen Sie nordisch und in den Massenlagern im eigenen Schlafsack. Dusch- und Waschr&auml;ume geschlechtsgetrennt auf jeder Etage.</p><p>Das Buchberghaus kann unter der Woche auch gemietet werden. Der Gastraum kann dann in einen Schul- oder Kursraum unfunktioniert werden.&nbsp;</p><p><span style=\"font-weight: bold;\">Rund um das Buchberghaus</span><br>Vor dem Buchberghaus gibt es zwei Grillpl&auml;tze. Kinder und Jugendliche k&ouml;nnen sich an verschiedenen Spielpl&auml;tzen vergn&uuml;gen. Rundlauf, Drehkletterturm, eine Slackline, ein Tischtennistisch, Basketballk&ouml;rbe und ein Volleyballfeld laden zu Spiel und Bewegung ein.&nbsp;</p><p><span style=\"font-weight: bold;\">Biodiversit&auml;tsnetz</span><br>Das <a href=\"https://nfsh.ch/biodiversitaets-wegnetz/\" target=\"_blank\" rel=\"noopener\">Wegnetz f&uuml;r die Biodiversit&auml;t</a> ist eine nachhaltige Einrichtung, welche die Bewegung, Erholung und das Naturverst&auml;ndnis unterst&uuml;tzt und f&ouml;rdert. Auf dem Wegnetz rund um das Buchberghaus der Naturfreunde Schaffhausen werden verschiedene Aspekte zur Biodiversit&auml;t beschrieben. Es soll Naturfreunde, Wanderer und ganz besonders Familien und Schulen sowie naturverwandte Berufsgruppen ansprechen.</p>", "url": "http://www.buchberghaus.ch/", "image": "https://ostpimtsoch.sos-ch-dk-2.exoscale-cdn.com/catalog/9/c/f/e/9cfec275202dd3cc4c98302065bf9ee42a197ab1_7c67286bc610ba2a678ad6f12ee5259f.png", "openstreetmap_id": "way/182281737"}, "geometry": {"type": "Point", "coordinates": ["8.60194519338258", "47.747307899999996"]}}, {"type": "Feature", "properties": {"identifier": "93b43142-a5c7-4cfc-85d9-03e08ca55ef6", "name": "Sonnenberg Health Hotel", "description": "<p>Mit seiner hellgelben Fassade, den romantischen Balkonen steht das Sonnenberg Health Hotel erh&ouml;ht auf 972 m &uuml;. M., in Schwellbrunn. Dem Ort, der 2017 zum sch&ouml;nsten Dorf gek&uuml;rt wurde. Mit einem atemberaubenden Blick &uuml;ber die Berge bietet es Entspannungsbed&uuml;rftigen die M&ouml;glichkeit sich auf sich und die Erholung des K&ouml;rpers zu konzentrieren. In einem der 16 Zimmern, mit hohem Ausstattungsstandard und heimeliger Atmosph&auml;re k&ouml;nnen sich die G&auml;ste zur&uuml;ckziehen. Jedes Zimmer verf&uuml;gt &uuml;ber einen eigenen grossz&uuml;gigen Balkon und zeichnet sich durch seinen einzigartigen Ausblick aus. Mit dem Kr&auml;uterduft aus dem Restaurant und dem Weitblick fast bis zum Bodensee, kommt Ferien-Feeling auf. Dass Genuss und pflanzliche Ern&auml;hrung keinesfalls widerspr&uuml;chlich sind, erfahren die G&auml;ste mit den t&auml;glich wechselnden 4-Gang Men&uuml;s liebevoll kreiert von dem K&uuml;chenteam. F&uuml;r alle, die in einen energiereichen Tag starten wollen, &uuml;berrascht die K&uuml;che mit einem appetitlichen Fr&uuml;hst&uuml;cksbuffet und frischgepressten S&auml;ften aus dem Obst- und Gem&uuml;sekorb. Auch beim reichhaltigen Mittagsbuffet kommt die Gaumenfreude nicht zu kurz. Ganz nach dem Sonnenberg Ern&auml;hrungskonzept sind alle Speisen nicht nur vegan, sondern auch frei von Gluten und Zucker.</p><ul><li>Einzelimmer CHF 170.-</li><li>Eckzimmer CHF 190.-</li><li>Doppelzimmer CHF 250.-</li></ul>", "url": "https://sonnenberg-schwellbrunn.ch", "image": "https://ostpimtsoch.sos-ch-dk-2.exoscale-cdn.com/catalog/5/9/6/9/59699efd195d6841882f8965b16991b33441409c_ad496dbf9112c077f5790a9b8a3ce7d5.jpeg", "openstreetmap_id": "1015261300"}, "geometry": {"type": "Point", "coordinates": ["9.249577", "47.3529307"]}}, {"type": "Feature", "properties": {"identifier": "962497e4-503f-4272-8e19-dfbc26dae064", "name": "Gruppenhaus H\u00e4nis", "description": "Erleben Sie unvergessliche Tage in unserem modernen Skihaus auf der wundersch\u00f6nen Wolzenalp im Toggenburg. Ob exklusiv f\u00fcr Ihre Gruppe oder bettenweise \u2013 unser Haus bietet den perfekten R\u00fcckzugsort f\u00fcr Skifahrer, Wanderer und Naturliebhaber. Weitere Informationen finden Sie auf unserer Homepage (Skiclub Schaffhausen). \n\nUnser H\u00fcttenwart freut sich auf Ihre Anfrage.\n\nViele Gr\u00fcsse, Skiclub Schaffhausen", "url": "https://www.skiclubsh.ch/", "image": "https://ostpimtsoch.sos-ch-dk-2.exoscale-cdn.com/catalog/6/7/6/9/676925f21e18b52b6c2f1cfb693eac71e1c3cd59_23ef6d90b1306ccfbc49460cd9c6b2c9.jpeg", "openstreetmap_id": "node/11306768183"}, "geometry": {"type": "Point", "coordinates": ["9.156240820884706", "47.22270154234824"]}}, {"type": "Feature", "properties": {"identifier": "9726999f-a7b7-4a6f-a5b7-b62efa1dc453", "name": "The R Apartment Cholfirst", "description": "<p>Willkommen in unserer exquisiten Altstadt-Wohnung! Diese luxuri\u00f6se Unterkunft bietet nicht nur einen atemberaubenden Blick auf den Rhein, sondern auch eine erstklassige Lage im Herzen der Altstadt. Die geschmackvoll eingerichtete Wohnung vereint historischen Charme mit modernem Komfort.</p><p>Geniessen Sie Ihren Aufenthalt in diesem einzigartigen Ambiente und erkunden Sie die Sch\u00f6nheit von Schaffhausen direkt vor Ihrer Haust\u00fcr.<br>Buchen Sie jetzt und erleben Sie einen unvergesslichen Aufenthalt!</p><p>Die Wohnung ist modern gestaltet und strahlt eine ruhige Atmosph\u00e4re aus, in der sich sowohl Ferieng\u00e4ste wie auch Gesch\u00e4ftsreisende wohl f\u00fchlen.\nDas gem\u00fctliche Schlafzimmer ist mit einem bequemen Doppelbett ausgestattet, w\u00e4hrend das Wohnzimmer mit einem schicken Schlafsofa versehen ist, auf dem man sich nach einem Tag voller Besprechungen oder Besichtigungen entspannen kann.\nDie G\u00e4ste k\u00f6nnen au\u00dferdem von High-Speed-Internet und einem ruhigen Arbeitsbereich profitieren, der speziell auf die Bed\u00fcrfnisse des modernen Gesch\u00e4ftsreisenden zugeschnitten ist.</p>", "url": "https://www.elevate-schweiz.ch", "image": "https://ostpimtsoch.sos-ch-dk-2.exoscale-cdn.com/catalog/2/c/9/d/2c9dddf427b1a10e67dbc79f29043a34f9a5313f_14a3a8fb232081ad74935af55f6aa922.jpg", "openstreetmap_id": "node/2951572131"}, "geometry": {"type": "Point", "coordinates": ["8.6323586", "47.6938723"]}}, {"type": "Feature", "properties": {"identifier": "973c36ba-5db8-4271-854f-00ec2a4e5cb2", "name": "Alphaus Alp B\u00f6den", "description": "<p><span data-olk-copy-source=\"MessageBody\">Die H\u00fctte verf\u00fcgt \u00fcber eine K\u00fcche mit kaltem Wasser, eine gem\u00fctliche Stube, zwei Schlafr\u00e4ume, ein WC, eine Solardusche, einen Erdkeller sowie eine Grillstelle. Geheizt und gekocht wird mit Holz. Bei schneefreier Lage ist die H\u00fctte bequem mit dem Auto erreichbar. Die Preise betragen 30 CHF pro Person und Nacht ab 18 Jahren sowie 15 CHF pro Kind und Nacht bis 18 Jahren, Kinder bis 6 Jahre sind gratis. Zus\u00e4tzlich wird eine Depotgeb\u00fchr von 50 CHF erhoben, welche f\u00fcr ein allf\u00e4llig notwendiges Putzen verwendet wird.</span></p>", "image": "https://ostpimtsoch.sos-ch-dk-2.exoscale-cdn.com/catalog/3/5/4/e/354e6abafce7d587b6d33b1c6c34ea91c346d848_9268814f1715ccd5938f7c7df5a86333.jpg", "openstreetmap_id": "node/397099486"}, "geometry": {"type": "Point", "coordinates": ["9.1376531124115", "47.23572636918493"]}}, {"type": "Feature", "properties": {"identifier": "98cd26f3-7669-4277-9408-d50648216d62", "name": "Hotel und Restaurant Sokrates", "description": "<p>Ein Aufenthalt im direkt am Bodensee gelegenen Hotel und Restaurant ist Erholung f\u00fcr K\u00f6rper, Geist und Seele. Das Restaurant bietet eine frische und gesunde Vollwertk\u00fcche. Mittags kann zwischen drei leckeren Menus mit Suppe oder Salat gew\u00e4hlt werden. Eine Tasse Kaffee l\u00e4sst sich am besten mit einem St\u00fcck hausgemachter Torte geniessen. Abends vereint eine kleine aber feine \u00e0-la-carte-Speisekarte regionale K\u00f6stlichkeiten mit dem Hauch des Besonderen. Dem Hotel und Restaurant angegliedert ist das Gesundheitszentrum Sokrates. Nebst kostenlosen Parkpl\u00e4tzen werden den Hotel-G\u00e4sten eine Saunaanlage, ein Fitnessraum, eine Bibliothek, eine Hauskapelle sowie eine Dachterrasse mit Strandk\u00f6rben zur freien Verf\u00fcgung angeboten. Eine Liegewiese, ein Badeh\u00e4uschen, eine Parkanlage mit W\u00e4ldchen, der Bach mit Kneipp- und Barfussweg sowie der Hom\u00f6opathie-Lehrpfad laden ebenfalls zum Verweilen ein.\nDie Zimmer verf\u00fcgen alle \u00fcber ein eigenes Bad mit WC/Dusche, Telefon, Safe, Haartrockner, WLAN und Balkon.</p>", "url": "https://www.hotel-sokrates.ch/", "image": "https://ostpimtsoch.sos-ch-dk-2.exoscale-cdn.com/catalog/b/1/d/9/b1d98a439124254d0ccea80d67ae982338d2750a_f36ebb9655f05c5c2b05bf3d4552cf0b.jpg", "openstreetmap_id": "way/239821498"}, "geometry": {"type": "Point", "coordinates": ["9.299127761496857", "47.610343549999996"]}}, {"type": "Feature", "properties": {"identifier": "98f13aaf-10f3-4c86-8de8-814bbf29f330", "name": "Chalet Gina", "description": "Das gepflegte 3.5-Zimmer-Chalet liegt mitten im Zentrum Flumserberg Tannenheim, 10 Gehminuten von der Haust\u00fcre bis zur Talstation Prodalp-Express und bietet eine sch\u00f6ne Aussicht auf die Churfirsten. Einkaufsm\u00f6glichkeiten sind 5 Minuten zu Fuss entfernt.", "image": "https://ostpimtsoch.sos-ch-dk-2.exoscale-cdn.com/catalog/4/8/8/0/48800d900826b7b689b5a203c239e5ce8d505102_4e138e659dafbee27e1c693c33c24636.JPG", "openstreetmap_id": "way/182428539"}, "geometry": {"type": "Point", "coordinates": ["9.3054735660553", "47.08938828216"]}}, {"type": "Feature", "properties": {"identifier": "99b1d7f9-e485-43ea-b5aa-255f73cb7e37", "name": "Haus Wogesa (CharmingStay)", "description": "Ger\u00e4umige Ferienwohnungen im Haus Wogesa. Sch\u00f6n gelegen und in der N\u00e4he von Prodalpbahn und Pisten.", "url": "https://www.charmingstay.ch", "image": "https://ostpimtsoch.sos-ch-dk-2.exoscale-cdn.com/catalog/d/b/5/f/db5f4cb6855cb46027b6c30970d1d3f38037ad2c_36143fbb86e211a7c0fdac40cf163a4e.jpg", "openstreetmap_id": "way/325408059"}, "geometry": {"type": "Point", "coordinates": ["9.29493613505944", "47.090991"]}}, {"type": "Feature", "properties": {"identifier": "99ec5c32-427f-4257-ad95-651ffb426d27", "name": "Flumser-H\u00f6ckli - Casa Lilly (CharmingStay)", "description": "Das 4.5-Zimmer-Haus Casa Lilly befindet sich im Zentrum von Flumserberg Tannenheim, verf\u00fcgt \u00fcber 3 Stockwerke und einen fantastischen Blick auf die Churfirsten. Die Talstation Prodalp-Express, Restaurants und Shops sind in wenigen Gehminuten erreichbar. Das Ferienhaus verf\u00fcgt \u00fcber einen Aussenparkplatz und eine Garage.", "url": "https://www.charmingstay.ch", "image": "https://ostpimtsoch.sos-ch-dk-2.exoscale-cdn.com/catalog/1/8/3/4/18345e0a9832b66362d865538c351cafcce4a0a8_523baa9bb9dd4e7c1e95455845434f5e.jpg", "openstreetmap_id": "way/194824450"}, "geometry": {"type": "Point", "coordinates": ["9.304341673851015", "47.0892675241778"]}}, {"type": "Feature", "properties": {"identifier": "9a56f170-06b8-40be-88a1-b5ae943630b1", "name": "Schloss Freudenfels", "description": "F\u00fcrstlich Feiern. Oder sch\u00f6n einfach.\nOb Heiraten im kleinen Kreis, oder im grossen Stil. Ob Taufe oder Geburtstagsparty. Ob schlichter Firmenanlass oder festliches Bankett. Schloss Freudenfels bietet helle, feierliche R\u00e4ume in verschiedenen Konfigurationen sowie eine Schlosskapelle, eine Schlossterrasse und einen beeindruckenden Rosengarten mit Blick auf Schloss und Bodensee.\n\nAuf Schloss Freudenfels l\u00e4sst es sich nicht nur gut feiern, sondern auch hervorragend arbeiten.\nSchloss Freudenfels ist ein veritables Seminar- und Tagungszentrum. Um konzentriert zu \u00fcberzeugenden Ergebnissen zu gelangen, helfen die unterschiedlichsten hellen R\u00e4ume, die technische Ausstattung und die Rundumversorgung der Teilnehmenden. Die ruhige Lage, samt grossz\u00fcgiger Aussen-Areale, l\u00e4dt zu inspirierenden Spazierg\u00e4ngen ein, bei denen oft z\u00fcndende Gedanke entstehen.", "url": "http://www.schloss-freudenfels.ch", "image": "https://ostpimtsoch.sos-ch-dk-2.exoscale-cdn.com/catalog/a/b/2/f/ab2f9f2f473e0b7151d3998246bd9bc6018d2bf4_065608f159cbfaea97bc779e0ae8edbe.jpg", "openstreetmap_id": "3892309566.0"}, "geometry": {"type": "Point", "coordinates": ["8.889913", "47.638762"]}}, {"type": "Feature", "properties": {"identifier": "9ab7c4e0-5f9a-4a15-91a8-69a27a80364f", "name": "Chalet Schwendihus (CharmingStay)", "description": "Charmantes 3.5-Zimmer-Chalet aus Holzinterieur mit atemberaubender Aussicht auf die sch\u00f6nen Churfirsten und den blauen Walensee. Etwa 1 km vom Zentrum Tannenboden entfernt.", "url": "https://www.charmingstay.ch", "image": "https://ostpimtsoch.sos-ch-dk-2.exoscale-cdn.com/catalog/9/9/f/0/99f0b5e72a66d64500b70ba6f492107eef0c9433_fbb2b784424779c8035c51a412edcff5.jpeg", "openstreetmap_id": "way/294246246"}, "geometry": {"type": "Point", "coordinates": ["9.285072684288027", "47.09682008180068"]}}, {"type": "Feature", "properties": {"identifier": "9b17bfaf-3ec0-4053-b12a-8d5f0dacbbc7", "name": "Dachwohnung Tannenboden, Whg. Schmid", "description": "Die helle, moderne und kinderfreundliche 3.5-Zimmer Dachwohnung befindet sich im Hotel Tannenboden mit wundersch\u00f6ner Aussicht auf das Bergpanorama Churfirsten. In kurzer Gehdistanz erreichen Sie die Skilifte, Ski- und Snowboardschule, Tourismusb\u00fcro, Einkaufsladen und diverse Restaurants. Es ist ein idealer Ausgangspunkt f\u00fcr s\u00e4mtliche Aktivit\u00e4ten und Attraktionen am Flumserberg. ", "image": "https://ostpimtsoch.sos-ch-dk-2.exoscale-cdn.com/catalog/b/4/f/b/b4fbd2da18ea5426fccbd8520e347f2d4d63b393_c99bf2207b54b62060af6716b4f38828.jpg", "openstreetmap_id": "way/294246358"}, "geometry": {"type": "Point", "coordinates": ["9.286634850000006", "47.093023349999996"]}}, {"type": "Feature", "properties": {"identifier": "9b367a83-b529-45eb-a38a-92a572d4a6a9", "name": "Sportunterkunft Weinfelden", "description": "Die Sportunterkunft bietet Platz f\u00fcr maximal 50 Personen und verf\u00fcgt \u00fcber folgende Zimmer:\n\n- 6 x 8er-Zimmer\n- 1 x 4er-Zimmer\n- 1 x 2er-Zimmer\n\nEs gibt einen grossen Aufenthaltsraum, jedoch keine Kochm\u00f6glichkeit. Eine Verpflegung kann im Restaurant Sportsbar (Eishalle) eingenommen werden.\n\nDie unterirdische Sportlagerunterkunft bietet total 50 Betten. Es gibt drei Schlafr\u00e4ume sowie ein Leiterzimmer. Sanit\u00e4re Anlagen sowie eine Kochm\u00f6glichkeit befinden sich ebenfalls in der Sportlagerunterkunft. Gruppen ab 15 Personen k\u00f6nnen die Unterkunft reservieren. \n\nDie Reservation f\u00fcr beide Unterk\u00fcnfte muss mindestens zwei Wochen im Voraus get\u00e4tigt werden.", "url": "https://www.weinfelden-erleben.ch/sport/sportunterkuenfte", "image": "https://ostpimtsoch.sos-ch-dk-2.exoscale-cdn.com/catalog/9/c/e/c/9cec535c57375cd28fe3b8d34b16e4ae9d33c3ae_f87f7d34a9a60551753c559d353c7c48.JPG", "openstreetmap_id": "way/26951180"}, "geometry": {"type": "Point", "coordinates": ["9.126959158508246", "47.560397550000005"]}}, {"type": "Feature", "properties": {"identifier": "9c018856-3a23-413b-ac28-b787b6436ca1", "name": "Gampergalt (Whg. Baker)", "description": "Die Ferienwohnung befindet sich an ruhiger Lage in einem 8-Familien-Ferienhaus in Flumserberg Tannenheim. Die Skipiste ist nur 3 Gehminuten entfernt. Zur Wohnung geh\u00f6rt ein kostenloser Parkplatz.\n\nDie Wohnung ist gem\u00fctlich und komfortabel eingerichtet. Die ganze Wohnung verf\u00fcgt \u00fcber einen Plattenboden. Zur Wohnung geh\u00f6rt ein grosser Balkon mit Fernsicht.", "image": "https://ostpimtsoch.sos-ch-dk-2.exoscale-cdn.com/catalog/d/b/b/e/dbbec93981f55d32bd7bc11275599d4da7a911f1_677459d3ecc7f5b51189ddba7fce198c.jpg", "openstreetmap_id": "way/182426752"}, "geometry": {"type": "Point", "coordinates": ["9.30598712383185", "47.08270506053502"]}}, {"type": "Feature", "properties": {"identifier": "9c35b1c0-5e3f-47c6-ace4-78262e14f513", "name": "Ferienheim Bodenweidli", "description": "Ideal f\u00fcr Schulklassen, Geburtstagsfest, Hochzeit, Lehrlingslager etc. Nebst gratis Internetanschluss stehen Ihnen ebenfalls Beamer, Leinwand, Musikanlage, ein hauseigener Fussballplatz, Volleyballfeld, Ping-Pong Tisch, T\u00f6ggelikasten und eine Feuerstelle zur Verf\u00fcgung. An einer Privatstrasse sind Sie frei vom Verkehr, jedoch sind es nur 100 Meter bis zur Skibushaltestelle.\nNeu k\u00f6nnen wir zudem einen top modern eingerichteteten Seminarraum anbieten.", "url": "https://www.bodenweidli.ch", "image": "https://ostpimtsoch.sos-ch-dk-2.exoscale-cdn.com/catalog/e/1/6/5/e165d275ed5d3063803a19a82b0fdecf6e0de692_91cde63417bc4b4afce1139f457b3ddd.JPG", "openstreetmap_id": "node/414880393"}, "geometry": {"type": "Point", "coordinates": ["9.358319100000015", "47.2079208"]}}, {"type": "Feature", "properties": {"identifier": "9c76fbc0-e12b-446a-ae38-21729e25b301", "name": "Haus \u00abless is more\u00bb G\u00e4steZimmerBetten", "description": "G\u00e4steZimmerBetten f\u00fcr max. 6 Personen. 1 DZ und 1 EZ 1. OG und 3 Matratzen 2. OG Dach via Raumspartreppe in gem\u00fctlichem Haus (erbaut um 1900) mit kleinem Garten/Sitzplatz und Gew\u00f6lbe Keller im alten und ruhigen Dorfkern.\n\nDirekt am Velo (Fahrrad) Weg und dem Bach Biber mit Blick auf Skulptur die \u00abSch\u00f6ne von Bibern\u00bb umgeben von Profanbauten.\nIn unmittelbarer N\u00e4he Bushaltestelle \u00abDorf\u00bb, Kinderspielplatz, Land-Beiz, Hofladen (7/24), Schreibmaschinen Museum, Wiesen, Weiden, Tiere, Wanderweg, Nat(o)urpark \u00abReiatweg\u00bb, Badi Unterer Reiat mit Beiz/Kiosk (Konzerte), Hofen, Holl\u00e4nderhaus, Hofen, Restaurant Reiatstube, Opfertshofen.\n\nKleines Fr\u00fchst\u00fcck (Selbstbedienung), Brunch (Samstag/Sonntag auf Wunsch). Bad/Dusche/WC, WC separat, K\u00fcche, eigener Essbereich, Waschmaschine (kein Tumbler), WLAN/TV/Radio, Gartensitzplatz, kleiner idyllischer Naturgarten mit Obstb\u00e4umen, Hofplatz vor Gew\u00f6lbe, Parkplatz. \nDas Gew\u00f6lbe liegt ebenerdig. Bis zum Hauseingang sind einige Treppen zu bew\u00e4ltigen und auch im Haus zu den oberen zwei Ebenen. \n\nGastgeberin \u00abSilvia\u00bb ist Mensch, Kinder, Tier freundlich, unkompliziert und l\u00f6sungsorientiert. Im Haus leben Hunde Mops \u00abLuna & Theo\u00bb und Maine Coon Kater \u00abBilbo\u00bb. Soziale und freundliche Hunde sind willkommen.", "image": "https://ostpimtsoch.sos-ch-dk-2.exoscale-cdn.com/catalog/4/5/b/9/45b9f16e0d5bafe514ed332284e750cc372aa503_822c3c54a9bc438c4d01994489b8f6d9.jpg", "openstreetmap_id": "way/800962488"}, "geometry": {"type": "Point", "coordinates": ["8.676603814565421", "47.7726996"]}}, {"type": "Feature", "properties": {"identifier": "9d1becc9-676c-4a43-b588-cbd5f1082d95", "name": "B&B Chez Lise", "description": "Die Inhaberin, Lise Frischknecht, zaubert f\u00fcr ihre G\u00e4ste k\u00f6stliche Gerichte und macht den Aufenthalt zu einem echt authentischen Erlebnis. Auf Anfrage erhaschen die G\u00e4ste sogar einen Einblick in den beachtlichen Weinkeller.\n\nDie unmittelbare Lage zum Zentrums erm\u00f6glicht Ausflugstipps diverser Art wie Wandern, Museumsbesuche, Langlaufen, Schneeschuhwandern, Schwimmen im Freibad und viele mehr.   \n\nDie G\u00e4ste erleben einen nachhaltigen Komfort im BnB Chez Lise, wo Solaranlage, Luftw\u00e4rmepumpe und konsequente Abfalltrennung f\u00fcr eine umweltfreundliche Auszeit sorgen. \n\nAuf Anfrage k\u00f6nnen Kochkurse und Weindegustationen gebucht werden.", "url": "https://chezlise.ch/", "image": "https://ostpimtsoch.sos-ch-dk-2.exoscale-cdn.com/catalog/2/1/5/a/215ab301f8b200faa569160c853dcccc0618f6a5_3011547736b2ab545904d6413dcea2dc.jpeg", "openstreetmap_id": "way/264867188"}, "geometry": {"type": "Point", "coordinates": ["9.28126245", "47.31393"]}}, {"type": "Feature", "properties": {"identifier": "9da4072e-3fd7-4a90-b49c-ca455637bea0", "name": "Hotel Bodensee-Arena", "description": "<p>Die Bodensee-Arena liegt rund 100 Meter vom Bodensee entfernt mitten in der Zweil\u00e4nderregion Kreuzlingen-Konstanz. Die gute Lage am Wasser erm\u00f6glicht einen aktiven und abwechslungsreichen Aufenthalt. Diverse Sportarten k\u00f6nnen in der Arena selbst oder in n\u00e4chster N\u00e4he betrieben werden. Hier wird Tennis, Fussball oder Beachvolleyball gespielt und im Bodensee geschwommen. Im Winter kommen Eislaufen, Eisdiscos und Eisstockschiessen auf der gem\u00fctlichen Restaurantterrasse zum Angebot hinzu. Im Restaurant Bodensee-Arena geniessen G\u00e4ste t\u00e4glich ein Fr\u00fchst\u00fccksbuffet \u2013 am Wochenende wird gebruncht. Mittags und abends \u00fcberzeugt das Restaurant mit gutb\u00fcrgerlicher K\u00fcche, der Poulet-Fl\u00fcgeli-Manufaktur oder mit feinen Ciabatta-Sandwiches.</p><p>In wenigen Minuten sind zu Fuss die Kreuzlinger und Konstanzer Altstadt sowie die H\u00e4fen und Bahnh\u00f6fe beider St\u00e4dte oder der Kreuzlinger Seeburgpark erreichbar. Parkpl\u00e4tze stehen kostenlos zur Verf\u00fcgung. F\u00fcr Fahrradg\u00e4ste gibt\u2019s einen abschliessbaren Veloraum.</p>", "url": "http://www.bodensee-arena.com/", "image": "https://ostpimtsoch.sos-ch-dk-2.exoscale-cdn.com/catalog/0/5/b/a/05ba6049ddf55d698c9020de3731805330785149_fc81471791562e8737bdd55cc2d83c18.jpg", "openstreetmap_id": "108817940.0"}, "geometry": {"type": "Point", "coordinates": ["9.1800643", "47.6547591"]}}, {"type": "Feature", "properties": {"identifier": "9e56525d-097c-45be-8254-7d7aeaa4dff4", "name": "flueli holiday home, Urn\u00e4sch", "description": "Lust, einmal dem City Alltag zu entgehen, oder das Gewohnte hinter sich zu lassen? Oder das Homeoffice mit traumhafter Sicht auf die Berge und sanftem Bachrauschen im Hintergrund, zu verlegen? Freude am Wandern, Golfen, Biken oder Langlaufen? Ein freundliches Appenzeller Haus im traditionsreichen und attraktiven Urn\u00e4scher Dorfkern freut sich auf Ihren Besuch.\n\nDas Haus an S\u00fcdhanglage ist freistehend, 2-st\u00f6ckig, ca. 100 Jahre alt und wurde 2021/2022 leicht renoviert mit durchgehend neuen Bio Vinyl B\u00f6den, Parkett im Wohnzimmer und mehrheitlich neuen Fenstern und hell gestalteten Zimmern. Im Wohn- und Schlafbereich 1. OG ist die Zimmerh\u00f6he 2 m, im Schlafbereich 2. OG 1.90 m. Zwei freistehende Parkpl\u00e4tze stehen zur alleinigen Ben\u00fctzung zur Verf\u00fcgung.\nNeben den vier Zimmern hat es eine K\u00fcche mit folgenden Ger\u00e4ten: drei Herdplatten und Backofen, Nespresso Kaffeemaschine, Wasserkocher, Haushaltmaschine, Toaster, Raclette Ofen, K\u00e4se- und Chinois Ger\u00e4te, K\u00fchlschrank, Geschirrsp\u00fcler und \u00fcbliche K\u00fcchenutensilien.\nDas Bad beinhaltet Badewanne, separate Dusche, Lavabo, Handtuchw\u00e4rmer, F\u00f6n und Frott\u00e9ew\u00e4sche. Das WC ist separat.\nDas Haus kann mit einem \u00f6lbefeuerten Kachelofen und individuellen Elektro-Heizk\u00f6rpern beheizt werden.\n\nOSKAR, die Ostschweizer G\u00e4stekarte f\u00fcr Mobilit\u00e4t, Sport und Attraktivit\u00e4ten zu verg\u00fcnstigten Konditionen wird  durch flueli angeboten.", "url": "https://www.flueli-urnaesch.ch", "image": "https://ostpimtsoch.sos-ch-dk-2.exoscale-cdn.com/catalog/8/0/5/4/805450cac60146db4dcfcf4446d179f9ae8d4355_f1276e0feb1fde502cd4d0a812ed176f.jpg", "openstreetmap_id": "way/38692247"}, "geometry": {"type": "Point", "coordinates": ["9.281473175345198", "47.317683117492"]}}, {"type": "Feature", "properties": {"identifier": "9e63ed52-51b8-4189-9947-1a1db5014e5f", "name": "Ferienwohnung Bijouswiss \"The Yellow House\" mit SAUNA", "description": "Die Wohnung verf\u00fcgt \u00fcber einen gem\u00fctlichen Wohnraum mit Samsung Home Cinema Anlage mit SAT TV.\nLedersofa, 2 Relaxst\u00fchle und einen Esstisch. Das Leder-Sofa kann als Bett umfunktioniert werden, falls eine Raumtrennung der Schlafzimmer gew\u00fcnscht wird. Schlafzimmer mit Doppelbett und separatem Etagenbett in Normalgr\u00f6sse, auch f\u00fcr Erwachsene geeignet. \nDie K\u00fcche ist sehr modern und mit Eckbank und Esstisch, Nespresso Kaffeemschine, Mikrowelle/Backofen, K\u00fchlschrank,  ausgestattet.  \nDusche, WC, Lavabo und eigene Finnische Sauna. \nViele Spiele f\u00fcr Jung und Alt vorhanden.", "url": "http://www.bijouswiss.ch", "image": "https://ostpimtsoch.sos-ch-dk-2.exoscale-cdn.com/catalog/b/2/8/f/b28f6cc8948cf8a5fd94523e58346d9865af1476_a15bf3c2758b8cf5d0c6e35b08aa10d2.jpg", "openstreetmap_id": "way/291232755"}, "geometry": {"type": "Point", "coordinates": ["9.259990636194363", "47.09945155"]}}, {"type": "Feature", "properties": {"identifier": "9e793cfa-0a4d-4bfd-ae0d-8b8e255e23a2", "name": "BikerCamping Flumserberg", "description": "Wer von den BikerTrails am Flumserberg gar nicht genug bekommen kann, hat die M\u00f6glichkeit, in unmittelbarer N\u00e4he zu \u00fcbernachten. Direkt bei der Talstation der 12er-Gondelbahn Prodalp-Express in Tannenheim, um genau zu sein. Zwischen der Talstation und der Apr\u00e8s-Bike-Bar \u201esonderBar\u201c gibt es Abstellpl\u00e4tze f\u00fcr Busse und Vans. Zus\u00e4tzlich k\u00f6nnen Wohnmobile bis zu einer Maximall\u00e4nge von 7,50 m hinter dem Tennisplatz Flumserberg sowie in unmittelbarer N\u00e4he zum BikerShop Flumserberg geparkt werden. Die Infrastruktur des Aparthotels Edy Bruggmann steht allen Campern zur Verf\u00fcgung.\n\nErst auf den Trails abfahren, dann beim Apr\u00e8s-Bike entspannen und schliesslich nur wenige Meter zum Schlafplatz gehen \u2013 das gibt es nur am BikerBerg Flumserberg.", "url": "http://www.hotelbruggmann.ch/index.php/booking", "image": "https://ostpimtsoch.sos-ch-dk-2.exoscale-cdn.com/catalog/b/e/8/5/be854ce3022605bdccd5f8414d29238b441ddd69_1242d2fefa21352d419e53e812a63b56.png", "openstreetmap_id": "node/244066306"}, "geometry": {"type": "Point", "coordinates": ["9.303059577941896", "47.089420135078456"]}}, {"type": "Feature", "properties": {"identifier": "9fb29a16-da84-4df9-9d90-24e5342fd547", "name": "Appadu.ch - das Appartement und Du!", "description": "Ausserdem entscheidet der Gast selbst wie viel Hotel er will:\nZimmerreinigung t\u00e4glich oder w\u00f6chentlich, Fr\u00fchst\u00fcck oder nicht, usw.\nDer Gast hat die Wahl. \n\nDie Longstay Appartements beinhalten folgende Standard-Leistungen:\n\n- Heimeliges Wohnungsflair ohne m\u00fchsames Einrichten\n- Einzug sofort m\u00f6glich\n- 1 Schlaf- und 1 Wohnzimmer, 1 Bad und grosser sonniger Balkon\n- Nichtraucher-Appartement\n- K\u00fcchenzeile mit K\u00fcchenausstattung, K\u00fchlschrank und Mikrowelle\n- Fr\u00fchst\u00fcck flexibel zu buchbar", "url": "https://appadu.ch", "image": "https://ostpimtsoch.sos-ch-dk-2.exoscale-cdn.com/catalog/4/f/3/6/4f36df5a3f5aaeb2e6b6c780dd2341b49957afef_80577a5756150e886ec05b9d89dff4a5.jpg", "openstreetmap_id": "node/4231981291"}, "geometry": {"type": "Point", "coordinates": ["9.31070923805237", "47.40794906154153"]}}, {"type": "Feature", "properties": {"identifier": "9ff3677e-a890-472d-b62c-cc9aeecae4ac", "name": "Gruppenhaus TV Schaffhausen", "description": "Das Ski- und Ferienhaus des TV Schaffhausen (1\u2019150 m.\u00fc.M.) in Unterwasser ist ein gem\u00fctliches und sch\u00f6n gelegenes Lagerhaus und bietet sowohl Gruppen und Schulklassen als auch grossen Familien Unterkunft. Die maximale Kapazit\u00e4t liegt bei 58 Personen. Wir empfehlen auf Grund der Platzverh\u00e4ltnisse in den allgemeinen R\u00e4umen sowie den sanit\u00e4ten Anlagen, das Haus mit nicht mehr als 40 Personen zu belegen.\n\nDas Haus ist im Sommer und im Winter mit dem Auto von Unterwasser (steile Zufahrt) oder einfacher von Wildhaus her erreichbar. Kostenfreie Parkpl\u00e4tze befinden sich unmittelbar vor dem Haus. Mit dem Reisecar ist die Zufahrt \u00fcber Wildhaus m\u00f6glich. Im Winter f\u00fchrt die Ski-Piste direkt am Haus vorbei.\n\nIm Sommer und im Herbst ist das Haus ein idealer Ausgangspunkt f\u00fcr Wanderungen zu den Churfirsten. 300 m vom Haus entfernt befindet sich der Schwendisee, der zum Baden einl\u00e4dt. Zum Haus geh\u00f6ren zudem eine Grillstelle und eine grossz\u00fcgige Spielwiese.\n\nDas Haus ist ein Selbstversorgerhaus. In der nahen Umgebung finden Sie zudem zwei \u00f6ffentliche Restaurants (Gade & Alpenrose).", "url": "https://bergundbett.ch/gruppenhaeuser/", "image": "https://ostpimtsoch.sos-ch-dk-2.exoscale-cdn.com/catalog/a/8/a/6/a8a6cf6a878dd2332df69322601309c62099c6cd_a44428dd69f15ad0b74d47c7c4f0a40e.jpg", "openstreetmap_id": "way/222237416"}, "geometry": {"type": "Point", "coordinates": ["9.32665495", "47.19093905"]}}, {"type": "Feature", "properties": {"identifier": "a1a7902c-da65-4e94-a99c-f8459dd41b1e", "name": "Chalet Ruedi (CharmingStay)", "description": "Die charmante 3.5 Zimmerwohnung liegt mitten in der Natur. Direkt beim Winterwanderweg und neben der Skipiste, bzw. beim Sommerh\u00f6henweg und dem Biker Trail. Die Wohnung ist ideal f\u00fcr 2-4 Personen. Die Wohnfl\u00e4che betr\u00e4gt 35m2. Gebaut wurde das Chalet im Jahre 1970, in den letzten Jahren wurde es aber mehrfach renoviert. Direkt neben dem Chalet liegt die Skipiste. Nur ca. 2 Minuten Abfahrt zum Prodalp-Express. Im Sommer erfolgt die Zufahrt direkt vor das Chalet und im Winter ist der Zugang via fussweg von 300m \u00fcber die Obere Anggetlinstrasse und den Winterwanderweg sichergestellt.", "url": "https://www.charmingstay.ch", "image": "https://ostpimtsoch.sos-ch-dk-2.exoscale-cdn.com/catalog/0/d/1/7/0d17023124f20f834723153d0f26950bc15dea18_c61bd826adfa60dd5ab0bb4f0beaa33a.jpg", "openstreetmap_id": "way/325408005"}, "geometry": {"type": "Point", "coordinates": ["9.303999489145204", "47.08464215714109"]}}, {"type": "Feature", "properties": {"identifier": "a211f9ed-bc68-462d-b382-4a3b0337db43", "name": "Brunner's Gamperdon", "description": "Die neue 3.5-Zimmerwohnung liegt sehr zentral am Standort vom ehemaligen Hotel Gamperdon in Tannenboden Dorf. Wanderwege, Bushaltestelle, Restaurants, Lebensmittel- und Sportgesch\u00e4fte sind zu Fuss erreichbar. Ein Garagenplatz ist im Preis inbegriffen.\n\nDie helle und komplett neue Ferienwohnung ist modern und komfortabel eingerichtet. Alle Zimmer verf\u00fcgen \u00fcber einen hellen Holzboden und haben eine wundersch\u00f6ne Panoramasicht auf die Churfirsten.", "image": "https://ostpimtsoch.sos-ch-dk-2.exoscale-cdn.com/catalog/5/8/a/5/58a5e36a60e3938e47eb922f2dbc08e8f2e1e463_9fd05e5f3e7f5a9f24f709798e4a2e84.JPG", "openstreetmap_id": "way/294246318"}, "geometry": {"type": "Point", "coordinates": ["9.28523182510765", "47.093405000000004"]}}, {"type": "Feature", "properties": {"identifier": "a2e7f4e1-4e7f-4e64-bd10-593343538a3a", "name": "Haus am Rain Ski- und Ferienhaus", "description": "<div><p>Willkommen in unserem charmanten Gruppenhaus mit sieben einladenden Zimmern. Jedes Zimmer bietet Platz f&uuml;r bis zu vier Personen und verf&uuml;gt &uuml;ber ein eigenes Badezimmer.</p><p>Das Haus bietet grossz&uuml;gige Aufenthaltsr&auml;ume, die zum geselligen Beisammensein einladen, sowie eine voll ausgestattete Gastrok&uuml;che, die kulinarische Erlebnisse f&uuml;r gr&ouml;ssere Gruppen erm&ouml;glicht. F&uuml;r kleinere Gruppen steht zudem eine separate, gem&uuml;tliche K&uuml;che zur Verf&uuml;gung.</p><p>Die weitl&auml;ufige Terrasse mit Grill l&auml;dt zu unvergesslichen Grillabenden unter freiem Himmel ein &ndash; begleitet von einer atemberaubenden Aussicht auf die majest&auml;tischen Berge S&auml;ntis und Schafberg.</p><p>Dank der ruhigen und dennoch zentralen Lage, nur f&uuml;nf Minuten von den &ouml;ffentlichen Verkehrsmitteln und den Bergbahnen entfernt, ist das Haus der ideale Ausgangspunkt f&uuml;r Skifahrer, Wanderer und Biker.</p><p>Hier finden Sie den perfekten Ort, um zur Ruhe zu kommen, die Natur zu geniessen und neue Abenteuer zu erleben.</p></div>", "url": "https://hausamrain.ch", "image": "https://ostpimtsoch.sos-ch-dk-2.exoscale-cdn.com/catalog/e/9/b/2/e9b262d71a724e472a4582a7d56d766b875fb07b_5a89d869d324eb9aa99a905d909211ed.jpg", "openstreetmap_id": "way/222237321"}, "geometry": {"type": "Point", "coordinates": ["9.282629550000003", "47.190927599999995"]}}, {"type": "Feature", "properties": {"identifier": "a3673a1c-f492-48d7-931a-f89682b89cd8", "name": "Chalet Felsenberg (CharmingStay)", "description": "Diese gem\u00fctliche 2.5-Zimmer-Wohnung im Erdgeschoss des Chalet Felsenberg bietet eine traumhafte Aussicht auf die Churfirsten. Vom Chalet sind es 12 Gehminuten bis zur Bergbahn Prodalp-Express.", "url": "https://www.charmingstay.ch", "image": "https://ostpimtsoch.sos-ch-dk-2.exoscale-cdn.com/catalog/b/a/9/9/ba99270b09e789801d01471921579c291f9d5f51_eea7aab999ef5252d4e31e84af24fa1a.jpeg", "openstreetmap_id": "way/413154675"}, "geometry": {"type": "Point", "coordinates": ["9.305532574653627", "47.08385414148862"]}}, {"type": "Feature", "properties": {"identifier": "a46c2024-d00b-44bf-858c-26802f9f3c6f", "name": "Stellplatz \u00abKirche\u00bb", "description": "Der Kiesparkplatz bietet Platz f\u00fcr zwei Camper mit Parkverhalten. In kurzer Gehdistanz entdecken Sie einige Einkaufsm\u00f6glichkeiten und Restaurants sowie den Bahnhof, Postautohaltestellen, Schwimmbad, Kino, Spielplatz und eine Abfalltrennstation. \u00dcbernachten in Fahrzeugen ist nur mit eigenem WC erlaubt.\n\nDer Stellplatz befindet sich auf dem Kiesplatz der Kirche. Es wird gebeten, auf Kircheng\u00e4ste R\u00fccksicht zu nehmen.\n\nMaximale Aufenthaltsdauer: 3 N\u00e4chte\n\u00d6ffentliche Toiletten: Post/Friedhof ge\u00f6ffnet von 06.00 \u2013 22.00 Uhr\nPreis: CHF 12.20 pro Nacht inkl. 1 Person, Bezahlung via Parkn Sleep (QR-Code vor Ort scannen oder Internetseite besuchen)&nbsp;", "url": "https://www.kurvereinheiden.ch/stellpl%C3%A4tze-f%C3%BCr-camper", "image": "https://ostpimtsoch.sos-ch-dk-2.exoscale-cdn.com/catalog/4/0/6/2/406215d6acbe2fd425d2bd09000bf77f629dcce7_889ae7d01c6d7edcc6c220bce355812b.jpeg", "openstreetmap_id": "way/199215491"}, "geometry": {"type": "Point", "coordinates": ["9.534995751998174", "47.4450565"]}}, {"type": "Feature", "properties": {"identifier": "a537d44b-5b10-447c-8b6a-cec31532e9cd", "name": "Hotel zur Krone Gais", "description": "Mitten auf dem historischen Dorfplatz pr\u00e4sentiert sich das Hotel als idealer Ausgangspunkt f\u00fcr Wanderungen. 25 Doppelzimmer sind mit Dusche oder Bad ausger\u00fcstet. Wir verf\u00fcgen \u00fcber ein kostenloses W-Lan. Im Weiteren bietet es drei S\u00e4le mit Kapazit\u00e4t bis zu 200 Personen an und ein wundersch\u00f6nes, heimeliges Restaurant, wo Appenzellerspezialit\u00e4ten sowie andere \u00e0 la carte Gerichte serviert werden. Die R\u00e4umlichkeiten eignen sich f\u00fcr Seminare und andere Veranstaltungen.", "url": "http://www.krone-gais.ch/", "image": "https://ostpimtsoch.sos-ch-dk-2.exoscale-cdn.com/catalog/3/5/6/5/35651777113fa0a212e14c97a86ab14255f46065_64ee8630c42f09390ad565653b2a7507.JPG", "openstreetmap_id": "way/319847517"}, "geometry": {"type": "Point", "coordinates": ["9.453498085041957", "47.36252725"]}}, {"type": "Feature", "properties": {"identifier": "a68dc274-7cf4-4337-9f8c-ec6e266539c6", "name": "Chalet Haseh\u00fcsli", "description": "<p class=\"MsoNormal\"><span lang=\"DE-CH\">Das Chalet Haseh&uuml;sli befindet sich auf der Tannebodenalp im Flumserberg in ruhiger Lage, nahe am Wald und mit herrlichem Blick auf die Churfirsten. Das Chalet umfasst eine 2,5-Zimmer-Wohnung mit bis zu vier Schlafpl&auml;tzen, darunter ein separates Schlafzimmer mit Doppelbett sowie ein Bettsofa im Wohnzimmer.</span></p><p class=\"MsoNormal\"><span lang=\"DE-CH\">Des Weiteren steht eine 3,5-Zimmer-Wohnung mit zwei Schlafzimmern und maximal sechs Schlafpl&auml;tzen zur Verf&uuml;gung. Ein Schlafzimmer ist mit einem Einzelbett ausgestattet, das zum Doppelbett umfunktioniert werden kann, sowie mit einem Etagenbett (geeignet f&uuml;r Erwachsene bis maximal 1,70 m K&ouml;rpergr&ouml;&szlig;e oder f&uuml;r Kinder). Das zweite Schlafzimmer verf&uuml;gt &uuml;ber ein Doppelbett.</span></p><p class=\"MsoNormal\"><span lang=\"DE-CH\">Beide Wohnungen bieten ein Badezimmer mit Dusche und WC sowie eine gut ausgestattete K&uuml;che inklusive Mikrowelle und Kaffeemaschine. Im Wohnzimmer befinden sich je ein Sofa und ein Fernseher. Internetzugang ist nicht verf&uuml;gbar.</span></p><p class=\"MsoNormal\"><span lang=\"DE-CH\">Hunde sind nach vorheriger Absprache grunds&auml;tzlich gestattet.</span></p><p class=\"MsoNormal\"><span lang=\"DE-CH\">Beide Wohneinheiten verf&uuml;gen &uuml;ber einen eigenen Sitzplatz oder Balkon mit Tisch und St&uuml;hlen. Zus&auml;tzlich steht im Garten ein &uuml;berdachter Sitzbereich mit Pavillon und Feuerstelle zur gemeinschaftlichen Nutzung bereit.</span></p>", "image": "https://ostpimtsoch.sos-ch-dk-2.exoscale-cdn.com/catalog/0/0/e/4/00e4266907b3b9fe4a2e00eb4afb8e9317da9415_bf9eeb2b4f58fd5d08171f0455a3b69f.jpg", "openstreetmap_id": "way/294246302"}, "geometry": {"type": "Point", "coordinates": ["9.286381", "47.0944018"]}}, {"type": "Feature", "properties": {"identifier": "a75f7b42-e360-49a6-ba8d-3a802da03072", "name": "Gasthof Ochsen", "description": "Der perfekte Ausgangspunkt um das Obertoggenburg zu erkunden. \nWir befinden uns genau im Zentrum zwischen S\u00e4ntis, Churfirsten, Gampl\u00fct, Wolzenalp und Speer. Egal wo Sie Ihre Wanderung oder Biketour hinf\u00fchrt, bei uns sind Sie am richtigen Ausgangspunkt.\n\nEine besondere Perle ist der Gasthof Ochsen f\u00fcr Fischer: Als Partner des FV-Obertoggenburg d\u00fcrfen wir unseren Hotelg\u00e4sten Patente f\u00fcr die Thur und ihre Nebenb\u00e4che f\u00fcr die Fischerei auf Bachforellen ausstellen.\n\nIn unserem Restaurant finden Sie ein vielf\u00e4ltiges und regionales Angebot, welches sich stets nach der aktuellen Saison richtet.", "url": "https://stein-ochsen.ch", "image": "https://ostpimtsoch.sos-ch-dk-2.exoscale-cdn.com/catalog/f/4/9/3/f4932a2541a87c7824de9d1e89425bcc93912c32_d5721390d6ca55df910e5b4e1a6094f4.jpeg", "openstreetmap_id": "node/2961595138"}, "geometry": {"type": "Point", "coordinates": ["9.2267025", "47.1986052"]}}, {"type": "Feature", "properties": {"identifier": "a80bb401-1acf-4df4-ba9b-b44d5a895109", "name": "Haus Gauenwald (Whg. Tribelhorn)", "description": "Gem\u00fctlich eingerichtete 3-Zimmer Wohnung mit maximal 6 Schlafpl\u00e4tzen zu vermieten. Die Wohnung liegt zentral, 5 Gehminuten von der Bergbahn im Tannenheim entfernt und doch weg vom L\u00e4rm der Hauptstrasse.", "url": "http://www.flumserberg.li", "image": "https://ostpimtsoch.sos-ch-dk-2.exoscale-cdn.com/catalog/9/3/b/4/93b4de7f423d7ca14db9b426d204a1d4b21f1522_608dd0ca0c4b2c5844628aca81880489.jpg", "openstreetmap_id": "way/194824445"}, "geometry": {"type": "Point", "coordinates": ["9.3004584", "47.09134255"]}}, {"type": "Feature", "properties": {"identifier": "a8ef4c38-544f-4c0c-88db-360fd5f5c576", "name": "Haus Ahorn", "description": "Das freistehende 4.5 Ferienhaus an ruhiger Lage ist in der N\u00e4he der Skipisten und der Wanderwege. In kurzer Gehdistanz ist das Hallenbad Flumserberg zu erreichen. Maximal 4 Erwachsene und 2 Kinder bis zu 16 Jahren finden im Haus Ahorn Platz, f\u00fcr 6 Erwachsene ist das Haus leider zu klein.\n\nDie Wohnung ist gem\u00fctlich und mit viel Holz eingerichtet. Teilweise sind die W\u00e4nde und Decken get\u00e4fert. Das Chemin\u00e9e macht die Atmosph\u00e4re im Wohn-/Esszimmer gem\u00fctlich.", "url": "http://www.zueger.cc/ahorn.htm", "image": "https://ostpimtsoch.sos-ch-dk-2.exoscale-cdn.com/catalog/5/0/4/d/504d6f90b579354c5f1b2c1cedbff85050c63e84_840aa76fb3c20fdad4cca840539ac35f.jpg", "openstreetmap_id": "way/325408008"}, "geometry": {"type": "Point", "coordinates": ["9.29464946178027", "47.08984275"]}}, {"type": "Feature", "properties": {"identifier": "a973ee01-50f6-456f-b8ab-1292c5206058", "name": "Chalet Taiabell", "description": "Das alleinstehende Chalet befindet sich an sehr sonniger Lage in Flumserberg Tannenboden, mit wundersch\u00f6nem Panoramablick nahe an den Skipisten. Das heimelige Ferienhaus mit Balkon ist komfortabel eingerichtet. Dazu geh\u00f6rt eine grosse Spiel- und Liegewiese mit Grillm\u00f6glichkeit sowie eine Garage und einen Parkplatz. Die Inneneinrichtungen mit viel Holz schaffen eine gem\u00fctliche Wohn-Atmosph\u00e4re. Es sind vorhanden: ein grossz\u00fcgiges Wohnzimmer, eine sehr gut ausgestattete K\u00fcche, drei Schlafzimmer mit je zwei Betten sowie ein Badezimmer mit Dusche/WC.", "image": "https://ostpimtsoch.sos-ch-dk-2.exoscale-cdn.com/catalog/5/7/8/6/5786cc0a2dbb2cc83e988183a87b84e120adec6a_a144d780709471477c31d183004eaee3.jpg", "openstreetmap_id": "way/1199354662"}, "geometry": {"type": "Point", "coordinates": ["9.285373091697695", "47.092598195373476"]}}, {"type": "Feature", "properties": {"identifier": "a9dca2c3-729a-4e25-887c-b123cec0d364", "name": "AIR BNBAR", "description": "Das AirBnB der Bar No13 liegt direkt \u00fcber der renommierten Bar No13 in der Unterstadt mitten in der Schaffhauser Altstadt.\n\nEs bietet Platz f\u00fcr insgesamt 5-6 Personen verteilt auf zwei Schlafzimmer und einem ausziehbaren Sofa im Wohnzimmer.\nDas AirBnBar bietet zudem eine voll ausgestattete K\u00fcche, einen Essbereich sowie ein Badezimmer mit Toilette, grossz\u00fcgiger Dusche sowie Waschmaschine & Tumbler.\n", "url": "https://airbnb.com/h/barno13", "image": "https://ostpimtsoch.sos-ch-dk-2.exoscale-cdn.com/catalog/9/c/4/2/9c425a9e1fd123559e5576e17bd39516859debd0_fe0e6d1ac43e3d3414492df33f80f34d.png", "openstreetmap_id": "node/895723174"}, "geometry": {"type": "Point", "coordinates": ["8.639945207215192", "47.6959024"]}}, {"type": "Feature", "properties": {"identifier": "a9f96fdc-b021-41a3-beab-235d49ac32bb", "name": "Gasthaus R\u00f6ssli Trogen", "description": "Das authentisch erhaltene dreihundertj\u00e4hrige Appenzeller Gasthaus in Trogen bietet f\u00fcnf frisch renovierte Doppelzimmer und ein Einzelzimmer mit individuellem Charme, Duschen und Toiletten auf dem Gang und eine kleine Dachterasse. Der wundersch\u00f6ne R\u00f6sslisaal kann f\u00fcr Tanz, Bewegung, Kurse und gesellschaftliche Anl\u00e4sse gemietet werden.", "url": "https://www.roesslisaal.com", "image": "https://ostpimtsoch.sos-ch-dk-2.exoscale-cdn.com/catalog/b/7/d/d/b7ddbb8e2d45b93c2b6e27b91b8bf7f9bdcdbe55_d3e3dec6427e5587f9aba7ac87e8cba0.jpg", "openstreetmap_id": "way/199514184"}, "geometry": {"type": "Point", "coordinates": ["9.463527939287612", "47.40842815"]}}, {"type": "Feature", "properties": {"identifier": "aa5aea44-df70-4d93-96ca-ffe2f100c68f", "name": "Berggasthaus Fuchsacker", "description": "<p>Im Gasthaus Fuchsacker l\u00e4sst sich gut sein: sei es f\u00fcr eine Rast auf einer Wanderung, f\u00fcr gem\u00fctliche und genussvolle Stunden zu zweit oder in einer gr\u00f6sseren Gruppe, oder Sie \u00fcbernachten im Gasthaus und geniessen die Ruhe inmitten der Natur. Das Gasthaus liegt am Rande des Appenzellerlands auf Schwellbrunner Gebiet, die Grenze zum st.gallischen Degersheim ist nah. Die Aussicht \u00fcber die h\u00fcgelige Landschaft ist herrlich, im S\u00fcden zeigt sich das Alpsteinmassiv mit dem S\u00e4ntis. Wanderwege und Velorouten f\u00fchren aus allen Richtungen auf den 969 Meter \u00fcber Meer liegenden Punkt. Neben dem Gasthaus gibt es einen Kinderspielplatz. F\u00fcr Wintersport locken ein Skilift und Langlaufloipen in der N\u00e4he.</p><p></p>", "url": "https://fuchsacker.ch/", "image": "https://ostpimtsoch.sos-ch-dk-2.exoscale-cdn.com/catalog/5/0/b/0/50b05fd6d370f99677539f8ce624ba9156f1fdde_27ac6f6068d5d0e7dae6b6d38296f75d.jpeg", "openstreetmap_id": "325151446"}, "geometry": {"type": "Point", "coordinates": ["9.206966757774355", "47.361007584271675"]}}, {"type": "Feature", "properties": {"identifier": "abd126c0-41bf-4ac3-966c-f8de365ad75d", "name": "Haus Panorama Reeling (CharmingStay)", "description": "Die 3-Zimmerwohnung befindet sich in Flumserberg Tannenheim, sehr nahe der Bergbahn Prodalp-Express und bietet eine sch\u00f6ne Aussicht auf die Churfirsten. Zur Wohnung geh\u00f6rt ein kostenloser Garagenplatz.\n\nDie grossz\u00fcgige Wohnung im obersten Stock ist zweckm\u00e4ssig eingerichtet. Sch\u00f6ne Landschaftsbilder zieren die W\u00e4nde. Die Wohnung verf\u00fcgt \u00fcber zwei Balkone mit Morgen- und Abendsonne.", "url": "https://www.charmingstay.ch", "image": "https://ostpimtsoch.sos-ch-dk-2.exoscale-cdn.com/catalog/1/e/c/8/1ec81d7c88f970ab129e8b2a15e040762a18130a_8bc9ce237e769ffc471ecbb593575678.jpg", "openstreetmap_id": "way/194824434"}, "geometry": {"type": "Point", "coordinates": ["9.30404", "47.08977"]}}, {"type": "Feature", "properties": {"identifier": "abe52916-cfb2-4264-9e1e-57eb7a584b04", "name": "Hasenb\u00fcel - Ferien auf dem Bauernhof", "description": "Oberhalb des Dorfes Dicken im Neckertal liegt unser Hof mit herrlicher Aussicht in die Bergwelt. Wir betreiben Milchwirtschaft und Schweinezucht. Nebenbei haben wir noch einen Hofladen mit Konfit\u00fcren, Sirup, Eingemachtes und Geschenksartikel. \n\nUm sich vom Alltag zu erholen, geniessen Sie die Ruhe bei uns. Idealer Ausgangspunkt f\u00fcr Ausfl\u00fcge ins Toggenburg und ins Appenzellerland. \n\nUnsere 5-Zimmer-Wohnung befindet sich im 3. Stock mit eigenem Eingang; K\u00fcche mit Esszimmer, Wohnzimmer, 2 Doppelzimmer, Dusche/WC. Eine Etage h\u00f6her: ein Doppelzimmer. Raumh\u00f6he 1,85 m. \n\nHerzlich willkommen - bei uns im Hasenb\u00fcel.", "url": "https://www.hasenbuel.ch", "image": "https://ostpimtsoch.sos-ch-dk-2.exoscale-cdn.com/catalog/2/c/7/4/2c74422d9c8f3b5fba8aded2200570851286eaa2_f7c44d78a05824a9fa6acc55f9e9ac69.jpg", "openstreetmap_id": "way/177911518"}, "geometry": {"type": "Point", "coordinates": ["9.187876661075947", "47.33900375"]}}, {"type": "Feature", "properties": {"identifier": "adc910c1-ecda-47ff-b7ed-8eb8b36f0641", "name": "Hotel Sternen", "description": "<p>Willkommen im Hotel Sternen im idyllischen Toggenburg &ndash; zentral gelegen und doch mitten in der Natur. Nur einen Katzensprung von Z&uuml;rich und St. Gallen entfernt, erwartet Sie bei uns ein Ort zum Durchatmen und Geniessen. Mit 51 charmanten Zimmern, zwei Restaurants, einer grossz&uuml;gigen Lobby mit Bar sowie hellen Seminar- und Bankettr&auml;umen ist der Sternen der ideale R&uuml;ckzugsort f&uuml;r Sportler, Familien, Seminarteilnehmer und alle, die eine kleine Auszeit suchen. Unsere einladende Lobby ist Treffpunkt und Wohlf&uuml;hlort zugleich: Spielzimmer, Billard, Tischfussball, B&uuml;cher, Spiele und gem&uuml;tliche Sitzecken laden ein, gemeinsam Zeit zu verbringen oder den Tag entspannt ausklingen zu lassen. Direkt vor der Haust&uuml;r warten Bergbahnen, das beheizte Freibad sowie Tennis- und Squashpl&auml;tze &ndash; und nat&uuml;rlich die unverf&auml;lschte Natur des Toggenburgs.</p><p>&nbsp;</p><p><span data-teams=\"true\">Auskunft zur Zug&auml;nglichkeit: <a href=\"https://www.ginto.guide/entries/42DCE771-99C3-4A2D-B7E6-1AAE765FFFF8?lnk_src=business\">ginto</a></span></p>", "url": "http://www.sternen.biz", "image": "https://ostpimtsoch.sos-ch-dk-2.exoscale-cdn.com/catalog/0/5/f/a/05fa4003476023769f291ba6db3d56e958a8c1f2_d4d95e3ce3b78ac7583a80103069d99e.jpg", "openstreetmap_id": "node/222237307"}, "geometry": {"type": "Point", "coordinates": ["9.311336874961855", "47.197075839004675"]}}, {"type": "Feature", "properties": {"identifier": "add0b885-13dc-47ac-86ad-12fefd13b1d0", "name": "Chalet Agathli", "description": "Das alleinstehende 4.5-Zimmerchalet befindet sich an ruhiger Lage in Flumserberg Bergheim und bietet eine sch\u00f6ne Aussicht auf die Churfirsten. Direkt im Ski- und Wandergebiet. Zwei kostenlose Parkpl\u00e4tze sind inklusive.\n\nDas 2-st\u00f6ckige Ferienhaus ist gem\u00fctlich und zweckm\u00e4ssig eingerichtet. Zudem geh\u00f6rt zum Chalet ein grosser Gartensitzplatz mit viel Umschwung, Spielplatz und ein Wintergarten.", "image": "https://ostpimtsoch.sos-ch-dk-2.exoscale-cdn.com/catalog/6/2/6/f/626f0d3795803be11b53ca560447b11824f1359d_b618be5f207535abf1cb33a8953736a7.jpg", "openstreetmap_id": "way/321791744"}, "geometry": {"type": "Point", "coordinates": ["9.306738455281621", "47.098285950000005"]}}, {"type": "Feature", "properties": {"identifier": "adf80e02-9516-44b7-ad4b-5334a7a6da43", "name": "Chalet Pfaffenacher", "description": "Gepflegtes, alleinstehendes Chalet mit herrlicher Aussicht.  Das Chalet hat 4.5 Zimmer. Zwei Zimmer mit je zwei Einzelbetten und Schrank im Obergeschoss sowie ein grosses Zimmer mit Doppelbett, Schrank, Sitzgelegenheit und Schreibtisch im Erdgeschoss. Wohnraum mit Sitzgruppe, TV und Essecke. Zwei Nasszellen mit Duschen und eine vollst\u00e4ndig ausger\u00fcstete, offene K\u00fcche. Gedeckte Terrasse und Sitzplatz. Waschmaschine und Abstellraum im Erdgeschoss. Parkpl\u00e4tze direkt an der Bergstrasse. Das Haus steht 50 m oberhalb der Strasse. Ideal f\u00fcr Familien bis max. 5 Personen.", "image": "https://ostpimtsoch.sos-ch-dk-2.exoscale-cdn.com/catalog/f/a/4/f/fa4f23a769aec3da3ee60beed035ddedae4f11a0_617d62904f5de22830f903f1f9e66714.JPG", "openstreetmap_id": "way/309844985"}, "geometry": {"type": "Point", "coordinates": ["9.3082039", "47.0948308"]}}, {"type": "Feature", "properties": {"identifier": "ae0b3c2d-c8dc-4ff4-b37e-7af3f086a690", "name": "Ferien auf dem Bauernhof Halden", "description": "In der Wohnung gibt es Platz f\u00fcr 7 Personen. Nebst der K\u00fcche, Wohnzimmer und Badezimmer sind 2 Doppelzimmer sowie ein Schlafzimmer mit zwei Einzelbetten vorhanden.", "url": "https://115817000000.holidaybooking.ch/ferienwohnung/446033/halden-598-unterwasser-toggenburg-ostschweiz-schweiz/#bewertung", "image": "https://ostpimtsoch.sos-ch-dk-2.exoscale-cdn.com/catalog/a/5/4/b/a54b8d42571a18b6f8db218fa7a32823249f3948_73b5b8e1cc8afea377d672345baf88d4.jpg", "openstreetmap_id": "way/626248835"}, "geometry": {"type": "Point", "coordinates": ["9.29376", "47.2022"]}}, {"type": "Feature", "properties": {"identifier": "af1bfd7e-215d-45b8-988a-045dedb6dc9c", "name": "Ferienwohnung Bi d\u00e4 Susi", "description": "Die Ferienwohnung \"Bi d\u00e4 Susi\" liegt mitten im Zentrum Flumserberg Tannenheim, 5 Gehminuten von der Haust\u00fcre bis zur Talstation Prodalp-Express und bietet eine sch\u00f6ne Aussicht auf die Berge des Sarganserlandes. \nDie 4.5-Zimmerwohnung ist modern und gem\u00fctlich eingerichtet. Im gleichen Geb\u00e4ude finden Sie das einzigartige Restaurant m\u00e4tz dine. ", "url": "https://www.bi-dae-susi.ch", "image": "https://ostpimtsoch.sos-ch-dk-2.exoscale-cdn.com/catalog/a/0/4/5/a045716896bf317d7c959576ec9c93c74407856e_3d69c5cfd12afdd00f8471c2ab391436.jpg", "openstreetmap_id": "way/321791780"}, "geometry": {"type": "Point", "coordinates": ["9.30443825", "47.09053425"]}}, {"type": "Feature", "properties": {"identifier": "af3fc721-2443-4370-abf9-fc8225e140c0", "name": "Berg & Bett", "description": "Wir stehen f\u00fcr exklusive Ferienobjekte und ein rundum begeisterndes Ferienerlebnis, geb\u00fcndelt an zentraler Stelle in der S\u00e4ntis Lodge, mitten in der malerischen Ferienregion Toggenburg. Was unsere Angebote versprechen, das halten sie auch. Damit Sie mehr kostbare Zeit f\u00fcr sich haben und f\u00fcr das, was wesentlich ist.\n\nSeien Sie unser Gast. In der S\u00e4ntis Lodge (ehemaliges Hotel S\u00e4ntis) b\u00fcndeln wir das gesamte Angebot an G\u00e4stebetreuung - von der Ankunft bis zur Ihrer Abreise und allen H\u00f6hepunkten, die Sie dazwischen erleben. Oder geniessen Sie Ihren Urlaub in einer Ferienwohnung oder in einem Ferienhaus. Ob es der Wohnkomfort ist, der sonnenverw\u00f6hnte Balkon mit Aussicht, der rustikale Charme oder das Plus an Wellness-M\u00f6glichkeit - wir bereiten Ihr zeitweiliges Daheim f\u00fcr Sie vor. Treten Sie ein in Ihr Wunschobjekt.", "url": "https://bergundbett.ch/de/", "image": "https://ostpimtsoch.sos-ch-dk-2.exoscale-cdn.com/catalog/a/3/b/8/a3b8047eb5ff4ead1fd5a3e78b95349d46f643d5_61c5bf574cae894216d78d20bf9f3757.jpg", "openstreetmap_id": "node/222237524"}, "geometry": {"type": "Point", "coordinates": ["9.313160777091982", "47.19638775140969"]}}, {"type": "Feature", "properties": {"identifier": "b029e5fd-46f8-4690-bab9-474ca79ff185", "name": "Haus Casetta (CharmingStay)", "description": "Die 4.5-Zimmerwohnung befindet sich im Zentrum von Flumserberg-Tannenheim. Nur ca. 8 Gehminuten von der Haust\u00fcre bis zur Talstation Prodalp-Express \u00fcber einen Naturweg, auch im Winter. In unmittelbarer N\u00e4he der Ferienwohnung hat es Einkaufsl\u00e4den, Sportgesch\u00e4fte, Skischule und Restaurants. Zur Wohnung geh\u00f6rt eine Garage, Skiraum, sowie eine Waschmaschine. Haustiere sind erlaubt.", "url": "https://www.charmingstay.ch", "image": "https://ostpimtsoch.sos-ch-dk-2.exoscale-cdn.com/catalog/b/c/5/5/bc55571e09e7420b397a44d4d8396a00db0574d8_7d10ae4bb44293b451de4b58d5d43784.jpg", "openstreetmap_id": "way/321791773"}, "geometry": {"type": "Point", "coordinates": ["9.3051", "47.09012"]}}, {"type": "Feature", "properties": {"identifier": "b0680e5e-6a3e-4036-9834-67de880ecfe0", "name": "Pfadiheim \u00abIm B\u00e4chli\u00bb Stein am Rhein", "description": "Das Pfadiheim liegt ausserhalb des malerischen St\u00e4dtchens Stein am Rhein, in idyllischer Umgebung am Fusse des Klingenbergs. Es wurde 2022/2023 von Grund auf neu und hindernisfrei gebaut.\nDie drei Schlafr\u00e4ume und ein Leiterzimmer bieten insgesamt 30 Schlafpl\u00e4tze, die K\u00fcche und der Aufenthaltsraum sind f\u00fcr bis zu 60 Personen ausgelegt.\nDank dem Warmluft-Chemin\u00e9e und der Bodenheizung ist das Pfadiheim das ganze Jahr \u00fcber bewohnbar. Es verf\u00fcgt \u00fcber eine moderne K\u00fcche, geschlechtergetrennte Nassr\u00e4ume sowie eine rollstuhlg\u00e4ngige Toilette mit Dusche. Ein Treppenlift f\u00fchrt in die Schlafr\u00e4ume im Obergeschoss. \nDie ca. 2800m2 grosse Spielwiese mit der integrierten Sandsteinarena mit Feuerstelle kann auch als Zeltplatz ben\u00fctzt werden.\n\nDie detaillierten Infos zum Pfadiheim findest du unter www.pfadi-stein.ch/pfadiheim", "url": "http://www.pfadi-stein.ch/pfadiheim", "image": "https://ostpimtsoch.sos-ch-dk-2.exoscale-cdn.com/catalog/b/b/1/f/bb1fb83005fc3d8c435b5161f07998332fb85d32_80bcb9352fe3d2e34f609d21dc53bb11.jpg", "openstreetmap_id": "way/45410415"}, "geometry": {"type": "Point", "coordinates": ["8.870365354159393", "47.6654858"]}}, {"type": "Feature", "properties": {"identifier": "b0c6ec1c-266a-48ff-9d66-45802efb022c", "name": "b_smart motel Landquart", "description": "Das b_smart motel Landquart l\u00e4dt mit den 20 topmodernen Zimmern zum Entspannen und erholsamen Schlafen ein. Aufgrund der Lage direkt neben dem Bahnhof Landquart ist es perfekt erreichbar und durch die direkte Nachbarschaft zum Landquart Fashion Outlet kommen auch alle Shopping-Fans auf Ihre Kosten.", "url": "https://www.b-smarts.net/landquart/", "image": "https://ostpimtsoch.sos-ch-dk-2.exoscale-cdn.com/catalog/3/6/7/d/367da4b56d0861e6ef0803397043126d1bbdd5b3_ea17e10c11bc82afae34c424bdd2daac.jpg", "openstreetmap_id": "node/6867847265"}, "geometry": {"type": "Point", "coordinates": ["9.5553393", "46.967034"]}}, {"type": "Feature", "properties": {"identifier": "b3003e02-0727-48d3-bbe5-7a338fe4766f", "name": "G\u00e4stehaus Butendiek im Kinderdorf Pestalozzi", "description": "<p>W&auml;hlen Sie aus ger&auml;umigen Sitzungszimmern mit moderner technischer Ausstattung, dem Andachtshaus, Open-Air-Workspaces und dem Pavillon und finden Sie die R&auml;umlichkeiten, die am besten zu Ihren Bed&uuml;rfnissen passen. Mit unseren Seminarpauschalen erhalten Sie ein Rundum-Paket, das die Raummiete, Kaffee und Gipfeli, ein k&ouml;stliches 2-Gang-Mittagsmen&uuml; sowie den Eintritt in unsere interaktive Ausstellung umfasst. Zus&auml;tzlich bieten wir Ihnen &Uuml;bernachtungen in einem originalen Appenzeller Haus an. Im frisch sanierten Haus Butendiek, welches Platz f&uuml;r bis zu 22 Personen bietet, erwarten Sie moderne Einzel und Doppelzimmer mit hochwertigen SAMINA-Schlafsystemen, die f&uuml;r einen erholsamen Schlaf sorgen. Ob als Seminargast, f&uuml;r ein Vereinswochenende oder eine Familienfeier &ndash; hier starten Sie den Tag mit Weitblick und Wohlgef&uuml;hl.</p>\n<p>10 Einzelzimmer ab CHF 80<br>6 Doppelzimmer ab CHF 120<br>*Preise inkl. Fr&uuml;hst&uuml;ck</p>", "image": "https://ostpimtsoch.sos-ch-dk-2.exoscale-cdn.com/catalog/c/f/a/d/cfad442b73ab70e042260cecdb521707c3340c6a_1bb1c3793673568ac5feef78cc3d9d7e.jpg", "openstreetmap_id": "way/761032565"}, "geometry": {"type": "Point", "coordinates": ["9.459517029862655", "47.403535"]}}, {"type": "Feature", "properties": {"identifier": "b44e72e7-25c5-4b00-8887-8da9ed6f0b19", "name": "Ferienhaus B\u00fctenh\u00fcsli", "description": "Das Ferienh\u00e4uschen liegt Abseits in absoluter Ruhe mit erholsamen Blick \u00fcber den Bodensee. Es bietet Platz f\u00fcr zwei Personen und ist ein idealer Ort um zur Ruhe zu kommen und die Seele baumeln zu lassen. Eine Idylle zum Wohlf\u00fchlen und die Natur vor dem Haus geniessen.", "url": "http://www.buetenhuesli.ch", "image": "https://ostpimtsoch.sos-ch-dk-2.exoscale-cdn.com/catalog/8/2/b/c/82bce054f4a75fd36cea2d9d009a7f01022b490e_e89dc44df60720763e081ab00e3fae77.jpg", "openstreetmap_id": "7687480137"}, "geometry": {"type": "Point", "coordinates": ["9.2647446", "47.6054034"]}}, {"type": "Feature", "properties": {"identifier": "b5afc74e-6dda-4584-8d23-f860ae0d0d3f", "name": "Ferienwohnung Dorf 5 - Kronbergblick", "description": "Hier \u00dcbernachten, mit einzigartigem Blick \u00fcbers Appenzellerland bis hin zum S\u00e4ntis, ist zu allen Jahreszeiten ein Erlebnis.\nIm stilvoll renovierten, denkmalgesch\u00fctzten Haus am historischen Dorfplatz von Rehetobel, wird alte Bausubstanz mit Modernit\u00e4t verbunden.\n\nDas f\u00fcnfst\u00f6ckige, stattliche Haus hat in seinen 230 Jahren mehreren Zwecken gedient. Wo jetzt ein h\u00fcbsches \"Beizli\", das \"Gasthaus Dorf5\", mit wunderbarem Garten zum Verweilen einl\u00e4dt, war fr\u00fcher das Postb\u00fcro von Rehetobel.\nIn den oberen Stockwerken, die als Telegrafenamt und Gesch\u00e4ftsr\u00e4umen dienten, befinden sich heute drei Wohnungen mit hohem Ausbaustandard.\n\nDie grossz\u00fcgige, lichtdurchflutete Wohnung bietet einen 180 Grad Fernblick, einen sch\u00f6nen Balkon und grossz\u00fcgige Wohnr\u00e4ume mit Chemin\u00e9e. Durch Schiebet\u00fcren lassen sich die R\u00e4ume den Bed\u00fcrfnissen entsprechend wandeln.\nDie nat\u00fcrliche Bausubstanz mit viel Holz und die grossz\u00fcgige Ausstattung sind technisch und \u00e4sthetisch auf hohem Niveau. \n\nVon der zentralen Lage im Appenzeller Vorderland aus lassen sich das Alpsteinbegiet, die nahegelegene Bodenseeregion und die \u00e4usserst sehenswerte Stadt St.Gallen ideal erkunden.\n\nDie Wohnung im zweiten Stock bietet f\u00fcr zwei bis vier Personen viel Raum und Sie finden viele gem\u00fctliche Pl\u00e4tzchen zum Verweilen. Kochen in der modern eingerichteten K\u00fcche macht Freude - oder lassen Sie sich lieber im \"Beizli\" unten verw\u00f6hnen?\n\nF\u00fcr mehr als vier Personen empfehlen wir die Wohnung \"Alpsteinpanorama\" im gleichen Haus.\n\nMindestaufenthalt: 1 Nacht (ab CHF 174)\nPreis f\u00fcr 1 Woche: ab CHF 1'500", "url": "https://www.dorf5.ch/", "image": "https://ostpimtsoch.sos-ch-dk-2.exoscale-cdn.com/catalog/2/a/9/4/2a946970f8cc6fe7698f7e9a6ea421edfcf4aa20_3a514726ff8552611de74353e28e03ef.jpg", "openstreetmap_id": "node/8521082741"}, "geometry": {"type": "Point", "coordinates": ["9.4834302", "47.4262522"]}}, {"type": "Feature", "properties": {"identifier": "b613c74c-f5d0-41a5-a4d1-8680d33a8982", "name": "Brugger Ferienhaus Salomonstempel", "description": "Das Brugger Ferienhaus Salomonstempel befindet sich in s\u00fcdwestlicher Richtung des Dorfes Hemberg auf einer idyllischen Anh\u00f6he (1138 m \u00fc. M.) mit einer prachtvollen Aussicht ins Alpsteinmassiv und ins Unterland. \n\nDas Haus ist ideal f\u00fcr Ferien- und Schullager, aber auch f\u00fcr Festanl\u00e4sse, Firmen usw. Es ist mit total 55 Betten ausgestattet, 31 im neuen beheizbaren und 24 im alten Teil des Hauses. Es gibt Zweier-, Dreier- und Viererzimmer und sowie einen separaten Leitertrakt mit Dusche und WC. \n\nIm Weitern sind eine moderne Hotelk\u00fcche mit Geschirrsp\u00fclmaschine vorhanden, eine Dusch- und Waschanlage, ein ger\u00e4umiger Esssaal, ein Spiel- und Aufenthaltsraum, drei Fussballk\u00e4sten, Tischtennistische vor und im Hause, Tische und St\u00fchle f\u00fcr die Bestuhlung der Terrasse, ein Gartengrill, eine Spielwiese und anderes mehr.", "url": "http://www.salomonstempel-hemberg.ch", "image": "https://ostpimtsoch.sos-ch-dk-2.exoscale-cdn.com/catalog/6/a/1/a/6a1a482ee2ce65457e1481ec34cfef85f7b3accc_bd16264ed2d42cd7cd5485f6de0c3884.jpg", "openstreetmap_id": "node/3020413824"}, "geometry": {"type": "Point", "coordinates": ["9.15462", "47.28294"]}}, {"type": "Feature", "properties": {"identifier": "b629fecf-05bc-48ee-948f-a74b563fc188", "name": "Einstein St.Gallen", "description": "<p>Das zentral gelegene und stilvolle 4* Superior Hotel Einstein St.Gallen liegt ruhig und in kurzer Gehdistanz vom weltbekannten UNESCO Klosterviertel der Altstadt von St.Gallen. Es verf\u00fcgt \u00fcber 113 moderne und klimatisierte Zimmer und Suiten. An das Hotel angeschlossen befindet sich ein 3000m2 Fitnesspark mit Wellnessbereich. Kulinarische Abwechslung findet der Gast im 18 Punkte GaultMillau und 2 Sterne Michelin ausgezeichnetem \u201eEinstein Gourmet\u201c, dem international inspirierten \u201eBistro St.Gallen\u201c sowie in der \u201eEinstein Bar\u201c mit englischer Clubatmosph\u00e4re und grossz\u00fcgiger Davidoff Cigar Lounge. Die Weinstein Vinothek ist spezialisiert auf trinkreife Bordeaux und Schweizer Weine und bietet mehr als tausend Positionen an. Das Einstein Congress mit 14 modernen Tagungsr\u00e4umlichkeiten und dem Einstein Saal f\u00fcr Anl\u00e4sse bis zu 330 Personen ist in der Ostschweiz eines der f\u00fchrenden Kongressh\u00e4user. Es wurde 2019 im Rahmen des Swiss Location Award zu einer der besten Kongresslocations der Schweiz gew\u00e4hlt. Das Einstein St.Gallen ist Mitglied von Swiss Hospitality Collection.</p>", "image": "https://ostpimtsoch.sos-ch-dk-2.exoscale-cdn.com/catalog/f/6/c/a/f6ca8e7a6056222fafa527902998a02b1d62b301_b29f6d3afcb2f0cf7f13729cdca76853.jpg", "openstreetmap_id": "node/445628383"}, "geometry": {"type": "Point", "coordinates": ["9.37537", "47.4214"]}}, {"type": "Feature", "properties": {"identifier": "b66547e3-91a8-4a6b-8c50-b3a3d0639ddd", "name": "Hotel Krone Speicher", "description": "Das Hotel Krone Speicher befindet sich im Herzen von Speicher im Kanton Appenzell Ausserrhoden und bietet den G\u00e4sten Komfort und historischen Charme in einem vollst\u00e4ndig renovierten Geb\u00e4ude von 2015.\n\nModerne, ger\u00e4umige Zimmer: Alle Zimmer verf\u00fcgen \u00fcber einen Sitzbereich, Flachbild-TV, kostenfreies WLAN und einen Safe. Im eigenen Bad finden Sie kostenfreie Pflegeprodukte und Hausschuhe.\n\nFr\u00fchst\u00fcck und Gastronomie: Jeden Morgen wird ein Fr\u00fchst\u00fcck im Gasthaus Krone serviert, begleitet von kostenlosen Zeitungen. Das \u00c0-la-carte-Restaurant bietet saisonale und regionale Schweizer K\u00fcche.\n\nBequeme Erreichbarkeit: Das Hotel ist leicht mit dem Auto oder den \u00f6ffentlichen Verkehrsmitteln zu erreichen, bietet kostenfreie Parkpl\u00e4tze und liegt nur 100 m vom Bahnhof entfernt.\n\nZentrale Lage: Nur 7 km oder 10 Fahrminuten von St. Gallen entfernt und 66 km vom Flughafen Z\u00fcrich.\n\nDie G\u00e4ste erleben hier den perfekten Mix aus modernem Komfort und traditionellem Charme im Hotel Krone Speicher \u2013 der ideale Ort im Appenzellerland.", "url": "https://www.krone-speicher.ch", "image": "https://ostpimtsoch.sos-ch-dk-2.exoscale-cdn.com/catalog/a/1/b/5/a1b5b9349ea6485927ccc801bf0a4d30c6086942_bc5b69cab5e977013852882bc2e5b08e.jpg", "openstreetmap_id": "way/168564831"}, "geometry": {"type": "Point", "coordinates": ["9.441123604774477", "47.411913466244265"]}}, {"type": "Feature", "properties": {"identifier": "b6afaa76-99ae-4076-b146-723edec5f245", "name": "Ferienwohnung Haggen", "description": "<p>Geniessen Sie erholsame Tage im Gr&uuml;nen in der N&auml;he des bekannten Aussichtspunktes und beliebten Ausflugziel St. Anton in Oberegg. Am Tag oder auch abends kann eine herrliche Aussicht &uuml;ber das Rheintal bestaunt werden. Es gibt reichlich Wander- und Biketouren zu entdecken. Am Abend verbringen Sie gem&uuml;tliche Stunden vor dem Kachelofen. Auch kulinarisch ist man auf dem St.Anton und Umgebung gut versorgt. Zahlreiche Restaurant schm&uuml;cken den Berg und die Umgebung. Viele Bauern bieten Eigenproduktionen wie Fleisch, Eier oder Milch an, f&uuml;r die, die leidenschaftlich gerne Kochen. Der ca. 90 qm grosser Ferienhausteil ist per &Ouml;V und Auto erreichbar. F&uuml;r den Winter ist Allrad von Vorteil. Es stehen bis zu zwei Abstellpl&auml;tze zur Verf&uuml;gung und ein separater Raum f&uuml;r Ski, Bikes, etc. Die charmante zweist&ouml;ckige Wohnung hat unten einen gem&uuml;tlichen Wohn- Essbereich verbunden mit der K&uuml;che. Zudem ein Badezimmer. Im oberen Stock ein grosses Schlafzimmer mit einem Doppel- und einem Zusatzbett, sowie nebenan eine weitere Schlafm&ouml;glichkeit. Geheizt wird nur mit dem Kachelofen. Preise Winter CHF 100.00 pro Nacht inklusive Feuerholz Sommer CHF 100.00 pro Nacht exklusive Feuerholz Reinigungsgeb&uuml;hr CHF 100.00</p><p>Mindestaufenthalt: 2 N&auml;chte&nbsp;</p>", "image": "https://ostpimtsoch.sos-ch-dk-2.exoscale-cdn.com/catalog/8/4/4/5/84451b1057079915f6767aea5e0cc277db48a0be_a6e4feec5845521bcda9fb2fa5f7b39a.jpg", "openstreetmap_id": "way/196764008"}, "geometry": {"type": "Point", "coordinates": ["9.524130155498288", "47.4052902"]}}, {"type": "Feature", "properties": {"identifier": "b71671b1-c609-46e5-959a-52b2fec823a0", "name": "Tailormade Hotel LEO St.Gallen", "description": "Das Tailormade Hotel LEO St.Gallen wurde vom renommierten Architekten Roger Boltshauser entworfen und liegt direkt am Bahnhof St.Gallen in unmittelbarer N\u00e4he vom Autobahnanschluss. Zeitloses Design mit organischen Materialien wie Lehmziegel und Massivholz pr\u00e4gen das Bild des eleganten Baus direkt neben der Lokremise.\n\nDas japanische Restaurant Izakaya Ekimae im Erdgeschoss bietet traditionelle und kreative K\u00fcche zum Teilen.\n\nAuf dem Dach laden eine Dachterrasse sowie ein kleiner Wellnessbereich mit Sauna, Workout Raum und Hot Pot zum Verweilen ein.", "url": "https://www.tmh.swiss/leo", "image": "https://ostpimtsoch.sos-ch-dk-2.exoscale-cdn.com/catalog/2/1/9/6/21961f13bd5e3be98e36703a429db171d85f024c_57910d594f9e0722bf11f97fb8437d7e.jpg", "openstreetmap_id": "way/629221668"}, "geometry": {"type": "Point", "coordinates": ["9.365029335021974", "47.421743137363855"]}}, {"type": "Feature", "properties": {"identifier": "b7252647-4a70-4f27-ac86-f0030f540d32", "name": "Hotel Restaurant  R\u00f6ssli", "description": "<p>Die Zimmer sind im modernen Stil eingerichtet und die Familien und Comfort-Zimmer verf&uuml;gen &uuml;ber eine Smart-Home-Steuerung. Sie verf&uuml;gen &uuml;ber qualitativ hochstehende und gepflegte Inneneinrichtung mit einem Sitzbereich. Die Zimmer sind alle mit IP-TV, eigenem Bad und Swiss Made Kosmetikartikel ausgestattet. Wir bieten kostenloses WLAN und der Personen Lift bringt Sie bequem in alle Etagen. Im eigenen Restaurant verw&ouml;hnen wir Sie mit ausgesuchten, regionalen und saisonalen Spezialit&auml;ten.</p><p>&nbsp;</p><p>Auskunft zur Zug&auml;nglichkeit:&nbsp;<a href=\"https://www.ginto.guide/entries/15620305-1440-4cc4-b086-e093ed212bbb?lnk_src=business\" target=\"_blank\" rel=\"noopener\">ginto</a></p>", "url": "http://www.roessli-toggenburg.ch/", "image": "https://ostpimtsoch.sos-ch-dk-2.exoscale-cdn.com/catalog/e/1/1/f/e11ff2782cd8f69a16143b9cdc8f3fc94e74037c_25e409228a3f7aa12af00fe5ffa63096.jpeg", "openstreetmap_id": "node/222237618"}, "geometry": {"type": "Point", "coordinates": ["9.284566", "47.193733"]}}, {"type": "Feature", "properties": {"identifier": "b7c3e28e-5f5d-4a62-84f2-53e75d88195a", "name": "Hotel Krone by b_smart", "description": "Das Hotel Krone by b_smart eingebettet im sch\u00f6nen Zentrum von Bad Ragaz ist ein Self-Check-in Hotel ohne Rezeption. Unmittelbar in der N\u00e4he befindet sich das \u00f6ffentliche Thermalbad Tamina Therme sowie einen traumhaften Naturpark und einen Golfplatz.", "url": "http://www.krone-badragaz.net", "image": "https://ostpimtsoch.sos-ch-dk-2.exoscale-cdn.com/catalog/c/7/0/7/c707514a8cf71369e248592873d8a36fc8dfd891_5bc95eeb05c84626aedb555c2a62465b.jpg", "openstreetmap_id": "node/3424879267"}, "geometry": {"type": "Point", "coordinates": ["9.5008174", "47.0012304"]}}, {"type": "Feature", "properties": {"identifier": "b863108b-864b-4719-88b3-4587b8b8e2ad", "name": "Stellplatz \u00abRestaurant Station\u00bb", "description": "Der Stellplatz bietet ausreichend Platz f\u00fcr f\u00fcnf Camper mit Klappstuhlverhalten und liegt nahe an der Bergbahn Rorschach-Heiden. Der ruhig gelegene Platz ist 3 km von Einkaufsm\u00f6glichkeiten und Restaurants sowie dem Bahnhof, Postautohaltestellen, Schwimmbad, Kino, Spielplatz und der Abfalltrennstation entfernt.\n\nPreis: CHF 15.20 pro Nacht inkl. 1 Person, Bezahlung via Parkn Sleep (QR-Code vor Ort scannen oder Internetseite besuchen)\n\nW\u00e4hrend den \u00d6ffnungszeiten des Restaurants d\u00fcrfen die Toiletten benutzt werden:\nMontag, Donnerstag &amp; Freitag jeweils ab 14:00 Uhr\nDienstag + Mittwoch geschlossen\nSamstag ab 10:00 Uhr\nSonntag ab 10:00 Uhr - 20:00 Uhr\n\nTipp: Buchungsbest\u00e4tigung im Restaurant Station zeigen und von einmaligen CHF 5.00 Rabatt auf ein Hauptmenu profitieren.&nbsp;", "url": "https://www.kurvereinheiden.ch/stellpl%C3%A4tze-f%C3%BCr-camper", "image": "https://ostpimtsoch.sos-ch-dk-2.exoscale-cdn.com/catalog/9/6/3/1/96310ad876e0b33d83e1d5c930b894627d5a896f_08ded676607586884b88a94810ed3058.JPG", "openstreetmap_id": "node/727693480"}, "geometry": {"type": "Point", "coordinates": ["9.530752580960634", "47.4591834578196"]}}, {"type": "Feature", "properties": {"identifier": "b86fdf67-30f0-4fde-a8ec-f65b7bc3208d", "name": "Hotel Arenenberg", "description": "<p>Im historischen Ambiente des letzten Kaisers von Frankreich erstrahlen frisch renovierte Tagungsr&auml;ume und Hotelzimmer in neuem Glanz &ndash; mitten im Thurgau, nur wenige Schritte vom Bodensee entfernt. Die lichtdurchfluteten R&auml;ume bieten Platz f&uuml;r Gruppen von 10 bis 350 Personen. Als Rahmenprogramm anerbieten sich der Besuch des Napoleonmuseums, eine Weindegustation oder der genussvolle Teambuilding-Event &laquo;Gourmet-Workshop&raquo;. Schon zu Napoleons Zeiten wurden G&auml;ste f&uuml;rstlich verk&ouml;stigt und beherbergt sowie eigener Wein kultiviert. Heute geniessen Besucher im Bistro mit Garten regionale Gerichte. Im grossen Festsaal &laquo;Probus&raquo; lassen sich hervorragend Ap&eacute;ros und Feste feiern.</p>", "url": "https://arenenberg.ch/", "image": "https://ostpimtsoch.sos-ch-dk-2.exoscale-cdn.com/catalog/0/2/d/c/02dc760a5a16375ed03d89b4c27cdeabffe48ca1_1014ea8d326e8e16359dd11cb05f1b67.jpg", "openstreetmap_id": "way/779558757"}, "geometry": {"type": "Point", "coordinates": ["9.059739516949243", "47.67214905"]}}, {"type": "Feature", "properties": {"identifier": "b8ba301e-a365-4023-b126-5e6dd71f8e9d", "name": "Ferienwohnung Rothmund", "description": "Die 3.5-Zimmer-Wohnung befindet sich an ruhiger und sonniger Lage in Bad Ragaz, in unmittelbarer N\u00e4he des Giessenparks. Kuranlagen, Zug, Post und Ortszentrum sind in 10 bis 15 Gehminuten erreichbar. Zur Wohnung geh\u00f6rt ein kostenfreier Parkplatz.\n\nDie heimelige Wohnung ist behindertengerecht und rollstuhlg\u00e4ngig eingerichtet. Das helle Wohnzimmer ist Arve-get\u00e4felt, was der Wohnung sehr viel Charme verleiht.", "url": "https://www.ferienwohnung-rothmund.ch/", "image": "https://ostpimtsoch.sos-ch-dk-2.exoscale-cdn.com/catalog/a/a/e/d/aaedd5f4e3cc854492fc62145a42a88c0b311b29_c879b1af65c1d5962e46452e1553edbe.JPG", "openstreetmap_id": "way/409157199"}, "geometry": {"type": "Point", "coordinates": ["9.506600249463734", "47.006619900000004"]}}, {"type": "Feature", "properties": {"identifier": "bc73425a-929e-4a59-b712-142622de4d4c", "name": "Casa Fluretta", "description": "Die im Fr\u00fchling 2021 neu renovierte, komfortable und liebevoll mit viel Holz eingerichtete Wohnung ist f\u00fcr 2-5 Personen geeignet. Das Wohnzimmer verf\u00fcgt \u00fcber eine grossz\u00fcgige Eckbank mit Tisch und St\u00fchlen, gem\u00fctlichem Sofa, Sessel, TV und gratis WLAN. Die erstklassige K\u00fcche ist aus hochwertigem Material und mit Geschirrsp\u00fcler, grossem K\u00fchlschrank, Backofen und alles was man braucht ausger\u00fcstet. Die Dusche/WC ist praktisch, hell, mit Spiegelkasten, F\u00f6hn und Handtuchw\u00e4rmer versehen. In der ersten Etage befindet sich das Zwei- und Dreibett-Schlafzimmer mit Kasten und Kommode. Der Sitzplatz, mit herrlicher Aussicht, ist ebenerdig vom Wohnzimmer. Es stehen ein Gartentisch mit St\u00fchlen, Grill, eine Lounge, Liegest\u00fchle und Sonnenschirme zur Verf\u00fcgung. Auf der grossen Spielwiese gibt es ein Trampolin und eine Schaukel f\u00fcr Freude der Kinder. Gratiseintritt ins Hallenbad. Gratis Parkplatz und Einstellraum f\u00fcr Bikes, Ski, Kinderwagen, etc. ist vorhanden. Die Sportbushaltestelle ist direkt vor dem Haus und zu den Bergbahnen sind es ca. 300\u00a0m.", "url": "http://www.casafluretta.ch", "image": "https://ostpimtsoch.sos-ch-dk-2.exoscale-cdn.com/catalog/6/1/c/5/61c57833707b3f31e4d53f47136636233943b648_7cd87482c942d2f8c9f4e5a7638e1223.JPEG", "openstreetmap_id": "way/321791788"}, "geometry": {"type": "Point", "coordinates": ["9.30712408288207", "47.08900465"]}}, {"type": "Feature", "properties": {"identifier": "bc838680-df37-4a66-bd0f-ebd408400120", "name": "Brunner's Studio", "description": "Das sch\u00f6ne 1.5-Zimmer Studio befindet sich an zentraler Lage am Flumserberg. Wanderwege, Bushaltestelle, Skilifte, Restaurants, Lebensmittel- und Sportgesch\u00e4fte sind in wenigen Gehminuten erreichbar. Zum Studio geh\u00f6rt ein kostenloser Tiefgaragenplatz dazu.", "image": "https://ostpimtsoch.sos-ch-dk-2.exoscale-cdn.com/catalog/9/6/5/6/96561c6023968e1280eafee96ebc48ccd28d9e1c_6b44f20715ef7e37a1e24ef1973da45d.JPG", "openstreetmap_id": "way/325408028"}, "geometry": {"type": "Point", "coordinates": ["9.302172811439865", "47.089559550000004"]}}, {"type": "Feature", "properties": {"identifier": "bd051d7c-49a9-40b0-a204-42d6042bd850", "name": "Casa Malanca", "description": "Die 3-Zimmerwohnung liegt auf dem Flumserberg an ruhiger und sonniger Lage mit fantastischer Aussicht auf die Churfirsten. Zur Wohnung geh\u00f6rt ein kostenloser Parkplatz. Das Casa Malanca liegt direkt an der Skipiste Prodalp-Tannenheim. Im Sommer ist es ein idealer Ausgangspunkt f\u00fcr Wanderungen in den Flumserbergen und Ausfl\u00fcge in der Region Heidiland.\n\nDetails zur Ferienwohnung\n- 3-Zimmerwohnung im ersten Stock\n\nDie Ferienwohnung verf\u00fcgt \u00fcber zwei Schlafzimmer mit je zwei Betten, ein Wohn- und Esszimmer, eine offene und moderne K\u00fcche sowie ein Badezimmer mit Badewanne/Dusche und WC.", "image": "https://ostpimtsoch.sos-ch-dk-2.exoscale-cdn.com/catalog/a/1/4/d/a14d039d67797537ceec02bc36362f9e65c10488_973f314a8b3c1e6b977105a91b781541.jpg", "openstreetmap_id": "N 47.08897 E 9.30075"}, "geometry": {"type": "Point", "coordinates": ["9.3019734", "47.0878485"]}}, {"type": "Feature", "properties": {"identifier": "bd8530f1-b1a8-44a5-8e69-ee5bbda9ccba", "name": "Adonia-Gruppenhaus Schweizerhof", "description": "<div>Das Haus eignet sich f&uuml;r Jung und Alt, f&uuml;r Schulverlegungen, Wintersportwochen, f&uuml;r Kirchgemeinden sowie f&uuml;r Seminare, Retraiten, Freizeiten oder Wochenenden. Das Haus wird ab 2019 nach individuellen W&uuml;nschen vermietet, sei es f&uuml;r Selbstkochergruppen &ndash; HP/VP auf Anfrage &ndash; mit eigener Schlussreinigung oder mit Reinigung durch uns. Je nach Budget kann selbst entschieden werden, welche Dienstleistungen in Anspruch genommen werden m&ouml;chten.</div>", "url": "https://www.adonia.ch", "image": "https://ostpimtsoch.sos-ch-dk-2.exoscale-cdn.com/catalog/a/f/a/1/afa1c1323f5719fe969d5b0d262c31f7cae6c377_621ffe3a2a5beffec87fbc096c5c49cd.jpg", "openstreetmap_id": "node/96410252"}, "geometry": {"type": "Point", "coordinates": ["9.28346", "47.19351"]}}, {"type": "Feature", "properties": {"identifier": "bdb6deab-c2e4-4244-b5f5-4c2bb2744cb3", "name": "Hotel Restaurant Rheinfels", "description": "Unmittelbar am Rhein auf der Terrasse oder in den geschichtstr\u00e4chtigen R\u00e4umlichkeiten lassen sich gem\u00fctlich die regionalen Gerichte und die franz\u00f6sische Kochkunst, wie auch die wunderbare Landschaft geniessen. 40 Autominuten n\u00f6rdlich von Winterthur.\n\nArt der K\u00fcche\nmarktfrische K\u00fcche, schweizerisch, internationale K\u00fcche\n\nSpezielle Gerichte\nFisch\n\nInfrastruktur\nsch\u00f6ne Aussicht, zentrale Lage, Anbindung an den \u00f6ffentlichen Verkehr, kinderfreundlich, Nichtrauchertische, Gartenterrasse, separater Saal, Fahrradraum mit Steckdosen.", "url": "http://www.rheinfels.ch/", "image": "https://ostpimtsoch.sos-ch-dk-2.exoscale-cdn.com/catalog/0/f/9/c/0f9ceaebb4e1e08a5219de759b4ff88a743172f9_33df841217425190dbdd43e37c5b0c10.jpg", "openstreetmap_id": "node/247696691"}, "geometry": {"type": "Point", "coordinates": ["8.8591668", "47.6587355"]}}, {"type": "Feature", "properties": {"identifier": "be1a1828-5429-4535-b48e-aa0c89323f19", "name": "Motel Q", "description": "<p>Mit der 24/7 Self-Check-In-Option und der digitalen Assistentin genie&szlig;en Sie maximale Unabh&auml;ngigkeit w&auml;hrend Ihres Aufenthalts.</p><ul><li>Doppelzimmer oder Suite</li><li>kostenlose Tiefgarage</li><li>&ouml;ffentliche K&uuml;che zum nutzen</li><li>High-Speed-Satelliten-Internet in allen Bereichen &ndash; zuverl&auml;ssig, stabil und kostenfrei.</li><li>Digitale G&auml;stemappe &amp; Assistenz: Rund-um-die-Uhr-Support per WhatsApp.</li><li>Energiesparende Haustechnik f&uuml;r einen verantwortungsbewussten Aufenthalt.</li><li>Smarte K&uuml;hlschr&auml;nke: Snacks &amp; Getr&auml;nke jederzeit verf&uuml;gbar.</li><li>Spezielle Tarife f&uuml;r Langzeitprojekte &ndash; perfekt f&uuml;r Teams und Monteure.</li><li>Barrierefreie Zimmer mit bodengleicher Dusche.</li><li>Allergikerfreundliche Bettw&auml;sche f&uuml;r erholsamen Schlaf.</li><li>Smart-TVs &amp; Streaming f&uuml;r deine Lieblingsinhalte.</li></ul>", "url": "https://www.motel-q.de", "image": "https://ostpimtsoch.sos-ch-dk-2.exoscale-cdn.com/catalog/0/f/9/2/0f922a6feae8730bfe74e1726168de9965133592_a401adbd734d466429be21a51275ea75.jpg", "openstreetmap_id": "node/13057483029"}, "geometry": {"type": "Point", "coordinates": ["8.576202392578127", "47.653503740806016"]}}, {"type": "Feature", "properties": {"identifier": "bf51fa23-704e-4014-a991-eb6981ec2e57", "name": "Bergh\u00fctte Ski Club Neuhausen", "description": "Trotz des von aussen rustikalen Aussehens, erwartet Sie drinnen eine moderne K\u00fcche mit elektrischem Herd und Backofen sowie zwei K\u00fchlschr\u00e4nken und Kaffeemaschinen (Kapseln &amp; Filter). Dabei b\u00fcssen Sie jedoch nichts des Bergh\u00fctten-Flairs ein, denn die Holzstruktur und der mit Holz befeuerte Kachelofen werden Sie warm und entspannt halten. F\u00fcr kalte N\u00e4chte sind alle Schlafr\u00e4ume mit elektrischen Heizungen ausgestattet.\n\nF\u00fcr die Bewegungsfreudigen gibt es im Winter Ski- und Schlittelpisten in unmittelbarer N\u00e4he. F\u00fcr den Sommer haben Sie den Schwendisee sowie diverse Wanderungen in kurzer Distanz (350m) zu dieser Bergh\u00fctte. \nDa Verpflegung nicht von den Jahreszeiten abh\u00e4ngig ist, finden Sie in der N\u00e4he das Oberguet-St\u00fcbli, in welchem Sie frische Produkte des angrenzenden Hofs zubereiten d\u00fcrfen. Richtige Restaurants gibt's nat\u00fcrlich auch, das Restaurant GADE und Stump's Alpenrose befinden sich in Spaziergangdistanz.&nbsp;", "url": "https://www.scneuhausen.ch", "image": "https://ostpimtsoch.sos-ch-dk-2.exoscale-cdn.com/catalog/c/0/6/b/c06ba48d1388619c9d1cc8e9c0d2e41faeab9091_5e9b635742a78d83f04508052e606d9d.jpg", "openstreetmap_id": "way/236139813"}, "geometry": {"type": "Point", "coordinates": ["9.322403853263046", "47.18863851251206"]}}, {"type": "Feature", "properties": {"identifier": "c04d6b55-75c8-4d6a-bcce-c878e3248fa6", "name": "Dorfhus Gupf", "description": "Das Dorfhus Gupf ist das j\u00fcngste Projekt des Vision\u00e4rs und Gastronoms Emil \u00abMigg\u00bb Eberle. 2020 er\u00f6ffnete er \u2013 trotz Pandemie \u2013 mit dem Hotel und Restaurant Dorfhus Gupf im gleichen Ort ein weiteres Juwel, welches er mit seiner Frau Sila Zinsli gemeinsam ins Leben rief. Die regional gepr\u00e4gte Innenausstattung orientiert sich optisch an der ikonischen Hagebutte. Das trendige Konzept richtet sich an Junge und Junggebliebene, die Freude an gutem Essen wie Grillspezialit\u00e4ten, aussergew\u00f6hnlichen Weinen und einer edlen Ambiance haben. Im Dorfhus Gupf finden sich 16 sch\u00f6ne Zimmer und vier Suiten. Einmalig sind auch die Event-Stickerstube und die beiden Seminarr\u00e4ume, allesamt mit kunstvollen Decken ausgestattet. Das Restaurant wird erg\u00e4nzt durch die Magnothek mit \u00fcber 420 Weinen aus Magnumflaschen sowie der Bar/Fumoir \u00abMiggs Ofastuba\u00bb.", "url": "https://dorfhus-gupf.ch/", "image": "https://ostpimtsoch.sos-ch-dk-2.exoscale-cdn.com/catalog/1/9/0/2/1902b0f27469adc2d639facc5d56054097bbe8d8_af6f631bde648ad1cf295597c4f137c6.jpg", "openstreetmap_id": "8364526811.0"}, "geometry": {"type": "Point", "coordinates": ["9.482466", "47.426737"]}}, {"type": "Feature", "properties": {"identifier": "c0ed7e2e-d321-4ea6-9bde-c93c5af9c0c1", "name": "Haus Gonzenblick", "description": "Die grossz\u00fcgige 6-Zimmer-Ferienwohnung befindet sich an sch\u00f6ner und ruhiger Lage mit fantastischem Blick auf die Churfirsten sowie ins Tal. In weniger als 10 Minuten zu Fuss erreichen Sie diverse Restaurants, Einkaufsgesch\u00e4fte, Bars und die Gondelbahn Prodalp-Express, welche Sie ins Ski- und Wandergebiet bringt. Zur Ferienwohnung geh\u00f6rt ein Fahrradabstellraum und ein Garagenplatz. F\u00fcr Haustiere sind wir nicht eingerichtet.", "image": "https://ostpimtsoch.sos-ch-dk-2.exoscale-cdn.com/catalog/a/7/6/f/a76fb2b74acb52950c68715853a3391fe6923d65_123f079cad4563ec228c7b1e4eb8929c.jpg", "openstreetmap_id": "way/321791782"}, "geometry": {"type": "Point", "coordinates": ["9.305021017393717", "47.08993925"]}}, {"type": "Feature", "properties": {"identifier": "c2b565e1-05cc-42da-8727-6d7a7429f2f9", "name": "Ferienhaus Schils", "description": "Das 5-Zimmer-Ferienhaus befindet sich an ruhiger und familienfreundlicher Lage in Flums. Der Bahnhof Flums ist nur 10 Minuten entfernt. Ein Parkplatz ist gratis vorhanden.\n\nDas Ferienhaus ist komfortabel eingerichtet und sehr heimelig. Die Schlafr\u00e4ume im oberen Stock verf\u00fcgen \u00fcber einen sch\u00f6nen Holzboden.", "image": "https://ostpimtsoch.sos-ch-dk-2.exoscale-cdn.com/catalog/2/e/c/4/2ec4e2d49818de87a8d704e9a56ecd8504f28b39_b4bd8ce13ef71d199152629d6a1c0f7f.jpg", "openstreetmap_id": "way/195857655"}, "geometry": {"type": "Point", "coordinates": ["9.339125944233382", "47.09315185"]}}, {"type": "Feature", "properties": {"identifier": "c2e5ab42-87b5-4933-a5b7-3e95744238c1", "name": "Ferienhaus Dreispitz", "description": "Das traditionell und gem\u00fctlich eingerichtetes Schwedenhaus befindet sich an sehr ruhiger Lage in Flumserberg Tannenheim. Das Zentrum Tannenheim, die Bergbahnen, Restaurants, Einkaufsm\u00f6glichkeiten und die Bushaltestelle sind nur ca. 7 Gehminuten entfernt. Zum Ferienhaus geh\u00f6rt eine kostenlose Garage. Die beiden Wohnungen k\u00f6nnen bei gr\u00f6sseren Familien oder Gruppen auch zusammen gemietet werden.", "image": "https://ostpimtsoch.sos-ch-dk-2.exoscale-cdn.com/catalog/6/1/c/d/61cd2c294949ad3d80714dac358a6e42e4160a17_26f7225009e53791a2906e061691ef0d.jpg", "openstreetmap_id": "node/754266155"}, "geometry": {"type": "Point", "coordinates": ["9.307340383529665", "47.08396733705863"]}}, {"type": "Feature", "properties": {"identifier": "c33a2377-8af6-40ad-8c37-872edb168ac0", "name": "Chesa Clavazzin", "description": "Es erwarten Sie drei stilvoll eingerichtete Zimmer mit S\u00e4ntisblick. Jedes Zimmer kann einzeln oder doppelt belegt werden. Ein gemeinsames Bad mit Dusche mit allem Komfort steht auf der gleichen Etage zur Verf\u00fcgung, sowie ein Aufenthaltsraum. Fr\u00fchst\u00fcck ist inbegriffen.", "url": "https://giallegra.ch", "image": "https://ostpimtsoch.sos-ch-dk-2.exoscale-cdn.com/catalog/c/d/c/8/cdc84bf785f0b0f8056a408f1436cf735d702bcc_8ada9de10a3ec6ff398a337390cf27d3.jpg", "openstreetmap_id": "way/40946875"}, "geometry": {"type": "Point", "coordinates": ["9.1309857", "47.3320539"]}}, {"type": "Feature", "properties": {"identifier": "c359563e-d42e-434f-b510-b9f80850569a", "name": "Ferienwohnung Arvenstrasse 7 (CharmingStay)", "description": "Die 3.5-Zimmer-Ferienwohnung befindet sich direkt im Zentrum von Flumserberg-Tannenboden an ruhiger Lage und verf\u00fcgt \u00fcber eine sch\u00f6ne Aussicht auf die Churfirsten. Zur Wohnung geh\u00f6rt ein kostenloser Garagenplatz.\n\nDie Ferienwohnung ist sehr hell, modern und komfortabel eingerichtet. Die Wohn- und Schlafr\u00e4ume verf\u00fcgen \u00fcber einen sch\u00f6nen Holzboden. Zur Wohnung geh\u00f6ren 2 Sitzpl\u00e4tze.", "url": "https://www.charmingstay.ch", "image": "https://ostpimtsoch.sos-ch-dk-2.exoscale-cdn.com/catalog/6/6/7/4/6674a1f3fdb552a2ff706419429b44e087c76b13_e6829d1b968f3d09ba74a250298c2d2c.JPG", "openstreetmap_id": "way/294246380"}, "geometry": {"type": "Point", "coordinates": ["9.286467594793875", "47.0934616"]}}, {"type": "Feature", "properties": {"identifier": "c366bd22-a2d7-406e-9d9a-a30a6e2f36d6", "name": "Reka-Feriendorf Urn\u00e4sch", "description": "Im Reka-Feriendorf Urn\u00e4sch finden in den Minergieh\u00e4usern, die aus einheimischem Holz gebaut wurden, 50 Familien Platz (Wohnungen mit 2 1/2 bis 5 1/2 Zimmern mit Balkon oder Sitzplatz). In unserem Kleintierstall und Streichelzoo bekommen Kinder die M\u00f6glichkeit, mit den tierischen Bewohnern des Feriendorfs auf Tuchf\u00fchlung zu gehen. Die Kinder k\u00f6nnen mit verschiedenen Tieren in Ber\u00fchrung kommen, sie f\u00fcttern, streicheln und n\u00e4her kennenlernen. Hallenbad mit Kinderplantschbecken und Saunalandschaft, zahlreiche Gemeinschaftsr\u00e4ume sowie verschiedene Spiel- und Sportpl\u00e4tze im Freien, inkl. eines grossen Trampolins, bieten unendlich viele Vergn\u00fcgungsm\u00f6glichkeiten.", "url": "https://reka.ch/de/rekaferien/reka-feriendorf-urnaesch", "image": "https://ostpimtsoch.sos-ch-dk-2.exoscale-cdn.com/catalog/6/6/2/5/6625c8b1abe06b47008891ea1165149ce5037855_754bcfa9b92c7fe42c70588f9ddf9a90.jpg", "openstreetmap_id": "280446592"}, "geometry": {"type": "Point", "coordinates": ["9.2868187", "47.3176293"]}}, {"type": "Feature", "properties": {"identifier": "c5876f5d-047c-4327-9ba3-6b65c019401c", "name": "Casa Viva", "description": "<p class=\"MsoNormal\" style=\"margin-right: 0px; margin-bottom: 0px; margin-left: 0px; line-height: 1.5 !important;\">Das Casa Viva mit seinen 8 Wohnungen befindet sich in der Fl\u00e4scherstrasse 21B im Dorfzentrum von Bad Ragaz. Das ruhig gelegene Mehrfamilienhaus verf\u00fcgt \u00fcber einen wundersch\u00f6nen Garten. Die Thermalb\u00e4der, diverse Einkaufsm\u00f6glichkeiten sowie der Bahnhof SBB sind nur wenige Gehminuten entfernt. Parkpl\u00e4tze stehen G\u00e4sten kostenlos zur Verf\u00fcgung. Waschmaschine und Tumbler stehen Ihnen ebenfalls zur Verf\u00fcgung. Haustiere sind auf Anfrage erlaubt.</p><p style=\"margin: 10px 0px 0px; line-height: 1.5 !important;\"><span style=\"margin-top: 0px; line-height: 1.5 !important; font-weight: bold;\">Details zu den einzelnen Wohnungen:</span></p><ul style=\"line-height: 1.5 !important;\"><li style=\"line-height: 1.4;\">6x Studios (ca. 40 m<span style=\"position: relative; vertical-align: baseline; top: -0.5em; margin-top: 0px; line-height: 1.5 !important;\">2</span>)</li><li style=\"line-height: 1.4;\">2x Apartments (ca. 60 m<span style=\"position: relative; vertical-align: baseline; top: -0.5em; margin-top: 0px; line-height: 1.5 !important;\">2</span>)</li></ul>", "url": "https://www.casavivabadragaz.ch/", "image": "https://ostpimtsoch.sos-ch-dk-2.exoscale-cdn.com/catalog/9/5/5/2/95525d66eec6aaee0aa84d87e2184dc0e4d57e35_e09e34e5c6163bc5905ec15aabe7b063.JPG", "openstreetmap_id": "way/409157231"}, "geometry": {"type": "Point", "coordinates": ["9.503282203165657", "47.00496605"]}}, {"type": "Feature", "properties": {"identifier": "c5baec72-f372-4e6d-a39e-bc2811def905", "name": "Ferienwohnung Nadig", "description": "Die gem\u00fctliche 3.5-Zimmer-Wohnung im Erdgeschoss bietet eine traumhafte Aussicht auf die Churfirsten. Von der Ferienwohnung sind es 2 Gehminuten bis zur Bergbahn Prodalp-Express.  ", "image": "https://ostpimtsoch.sos-ch-dk-2.exoscale-cdn.com/catalog/5/1/7/b/517b8a599e6b77cf10a43e8d7329f4927caba4a2_e269b622379f9690ff6bcf3ec3c8af2f.jpeg", "openstreetmap_id": "way/194824433"}, "geometry": {"type": "Point", "coordinates": ["9.30321514606476", "47.08999421513073"]}}, {"type": "Feature", "properties": {"identifier": "c5f35d0d-81a4-448d-a570-257eccf23da0", "name": "G\u00e4stehaus Leimathof", "description": "Das G\u00e4stehaus Leimathof ist zentral und sehr ruhig gelegen: Messegel\u00e4nde, Casino, Universit\u00e4t und Stadtzentrum sind zu Fuss in wenigen Minuten erreichbar. \n\nNebst einer speziell eingerichteten Attika Wohnung bieten wir auch verschiedene Standard Wohnungen m\u00f6biliert zur Miete an. Eine davon tage- oder wochenweise, die anderen mind. f\u00fcr 3 Monate.\n\nStandard Wohnung\nBeinhaltend 3 Schlafzimmer, 1 Wohn-/Esszimmer, Badezimmer mit Dusche/WC, komplett ausgestattete K\u00fcche, WiFi, TV, Waschmaschinen- und Trockenraumben\u00fctzung.\n\nAttika Wohnung\nBeinhaltend 2 Schlazimmer, Wohnzimmer, komplett ausgestattete K\u00fcche mit separatem Esszimmer, WiFi, TV, Waschmaschinen- und Trockenraumben\u00fctzung.", "url": "http://www.leimathof.ch/", "image": "https://ostpimtsoch.sos-ch-dk-2.exoscale-cdn.com/catalog/5/f/5/e/5f5e3f7bd7140c7eb48c39d18a10d42e93741563_76d40a9c38a0f25ac78c9c1ce495335a.jpg", "openstreetmap_id": "way/308740468"}, "geometry": {"type": "Point", "coordinates": ["9.38063", "47.43324"]}}, {"type": "Feature", "properties": {"identifier": "c6dabb98-9c5f-443e-82b4-f1ff7e90e773", "name": "Visimo Apartments - Deluxe Suite", "description": "In der stilvoll eingerichteten 55-Quadratmeter Ferienwohnung  im Zentrum von St.Gallen geniessen die G\u00e4ste einen einzigartigen Urlaub in der sch\u00f6nen Ostschweiz unweit des Bodensees. Die Wohnung bietet f\u00fcr maximal vier Personen Platz. Dank der hervorragenden Lage in der N\u00e4he des Klosters ist die historische Altstadt in wenigen Gehminuten erreichbar.\n\nINNENEINRICHTUNG\nIm Inneren der Suite erwartet die G\u00e4ste ein eleganter Mix aus modernem Design und elegantem Holzmobiliar. Das ger\u00e4umige Schlafzimmer mit dem Kingsize-Boxspringbett (180 x 200 cm) verspricht eine erholsame Nachtruhe. Im gem\u00fctlichen und ansprechend gestalteten Wohnzimmer sorgt die bequeme Sofalandschaft mit integriertem Schlafsofa mit Lattenrost (140 x 200 cm) f\u00fcr einen guten Schlaf f\u00fcr zwei weitere Personen. Das Wohn- und Schlafzimmer sind jeweils mit einem grossen Smart-TV mit kostenlosem Netflix und Sunrise TV-Abo ausgestattet. Die Wohnung verf\u00fcgt \u00fcber kostenloses WLAN. \n \nSPEISEBEREICH/BAD\nDas exklusive Holzdesign der Suite setzt sich auch im Essbereich fort, in dem sich ein gem\u00fctlicher Esstisch befindet, der zu geselligen Abendessen mit Freunden anregt. In der komplett ausgestatteten K\u00fcche mit Herd, Geschirrsp\u00fcler, K\u00fchlschrank, Gefrierschrank, Kaffeemaschine, Tellern, Gl\u00e4sern und Besteck d\u00fcrfen die G\u00e4ste nach Belieben ihre kulinarischen W\u00fcnsche verwirklichen. Das helle und saubere Badezimmer verf\u00fcgt \u00fcber einen grossen Duschbereich, eine Waschmaschine sowie einen Trockner. Handseife, Duschgel, Shampoo und frische Handt\u00fccher stehen bereit. \n\nZENTRALE LAGE\nDie gro\u00dfartige Lage der Ferienwohnung bietet neben kurzen Wegen zu den Sehensw\u00fcrdigkeiten, Gesch\u00e4ften und Restaurants auch eine direkte Anbindung an das Bus- und Bahnnetz der Region. So kommen die G\u00e4ste  auch ohne Auto immer sicher und bequem ans Ziel.\n\nAuch die vierbeinigen G\u00e4ste sind gerne willkommen.", "url": "https://www.visimo-apartments.ch/apartments-st-gallen/", "image": "https://ostpimtsoch.sos-ch-dk-2.exoscale-cdn.com/catalog/a/a/a/c/aaac969a014974a741d9a4b096448642d1fbae32_dfe3c87da1afee2ad45a0bfbbc894083.jpg", "openstreetmap_id": "7193108133"}, "geometry": {"type": "Point", "coordinates": ["9.3703313", "47.4187409"]}}, {"type": "Feature", "properties": {"identifier": "c6dfa5b3-f606-47d9-a838-930796444a47", "name": "Hotel Taverne zur Linde", "description": "Seit 40 Jahren ist die Linde bekannt f\u00fcr sein gem\u00fctliches Ambiente und das aussergew\u00f6hnliche Erlebnis vom grilliertem Fleisch auf Holzkohle. Ein saftiges Ribeye vom Grill mit einem sch\u00f6nen Glas Wein, in der Linde in Bischofszell sind besonders Fleischliebhaber bestens aufgehoben. Die liebevoll eingerichteten Speiser\u00e4umlichkeiten mit rustikalem Ambiente und die grosse Bar laden zu geselligem Verbleiben ein. Das charmante und gastfreundliche Servicepersonal k\u00fcmmert sich engagiert um die W\u00fcnsche der G\u00e4ste. Das zentrale Altstadthaus mitten im alten Stadtkern bietet moderne, freundliche Zimmer mit Wifi TV und Bad.", "url": "http://www.hotel-zur-linde.ch/", "image": "https://ostpimtsoch.sos-ch-dk-2.exoscale-cdn.com/catalog/9/6/6/1/96615dda6e41ac36188e259d65e2c9a4472a1caa_87282e05181b5ff4cebe351b5e425645.jpg", "openstreetmap_id": "way/364975497"}, "geometry": {"type": "Point", "coordinates": ["9.241727432199442", "47.493946449999996"]}}, {"type": "Feature", "properties": {"identifier": "c7e0f992-435a-4bf7-aeed-43a0101e7474", "name": "Boardinghouse St.Gallen", "description": "Hier f\u00fchlen sich die G\u00e4ste \u2013 f\u00fcr eine l\u00e4ngere oder auch f\u00fcr kurze Zeit \u2013 im urbanen St.Gallen so richtig zuhause. \n\nDas Boardinghouse bietet f\u00fcr mehrere Monate, f\u00fcr eine ganze Woche oder auch nur f\u00fcr 1-2 Tage ein perfektes Zuhause in einem stilvollen Neubau an bester Lage. Die historische Altstadt, Naherholungsgebiete, kulturelle und sportliche Angebote - aber auch Einkaufsm\u00f6glichkeiten - sind in wenigen Minuten zu Fuss oder mit dem \u00d6V erreichbar. Caf\u00e9, B\u00e4ckerei, Take-Away und Private Spa befinden sich sogar direkt im Haus. \n\nDie Wohnoasen bieten : \n\n\u2022 pers\u00f6nlicher Empfang\n\u2022 moderne, komfortabel m\u00f6blierte und vollkommen ausgestattete\n1 bis 2.5 Zimmer Studios und Wohnungen mit Kochnische und\nBalkon / Lodge\n\u2022 individuelle, variable Preise je nach Verweildauer (ab 1 Nacht m\u00f6glich)\n\u2022 s\u00e4mtliche Nebenkosten & Dienstleistungen im Preis inbegriffen:\n\u2022 WLAN / TV / Strom & Wasser\n\u2022 Bett- und Frottierw\u00e4sche\n\u2022 mindestens w\u00f6chentliche Reinigung / Endreinigung\n\u2022 Tiefgaragenplatz mit Auflade-Station zus\u00e4tzlich mietbar\n\u2022 bei langer Verweildauer durchschnittlicher Wohnungspreis ab CHF 1280 pro Monat\n(all inclusive)\n\u2022 SPEZIELL: Absolut keine K\u00fcndigungsfrist", "url": "https://www.boardinghouse.ch", "image": "https://ostpimtsoch.sos-ch-dk-2.exoscale-cdn.com/catalog/3/c/8/9/3c89d52e33bc5c20676ac5bcc4b1fded9e2eedd3_715a494259c4a628527b3098928c33fd.jpg", "openstreetmap_id": "28636733"}, "geometry": {"type": "Point", "coordinates": ["9.3551975", "47.4200777"]}}, {"type": "Feature", "properties": {"identifier": "c90c98cd-77c3-4b69-8b6b-71ea57aff928", "name": "Haus Flumser-H\u00f6ckli (CharmingStay)", "description": "Die 4.5 Zimmerwohnung im Zentrum von Flumserberg-Tannenheim ist direkt bei der Talstation Prodalp-Express gelegen. Die Wohnung hat 3 Stockwerke mit einem grossen Balkon im EG. Die Wohnung befindet sich in einem terrassenm\u00e4ssig angelegten 3er-Reihneneinfamilienhaus.\n\nDie Wohnung ist zeitgem\u00e4ss eingerichtet und mit einem Parkettboden ausgestattet.", "url": "https://www.charmingstay.ch", "image": "https://ostpimtsoch.sos-ch-dk-2.exoscale-cdn.com/catalog/d/4/8/5/d485416684aa1e5e2533b8b672fbb6c5c50567f5_4863b792d01d651ea8655659db0f8828.JPG", "openstreetmap_id": "way/194824450"}, "geometry": {"type": "Point", "coordinates": ["9.3043313", "47.0892258"]}}, {"type": "Feature", "properties": {"identifier": "c98b60ee-2846-4ac2-b650-58951e2e2796", "name": "Haus Gasch\u00fcr", "description": "Die 3.5 Zimmerwohnung ist ideal im Dorfkern gelegen, nahe zu den Gesch\u00e4ften und der Tamina Therme. Zudem bietet sie eine sch\u00f6ne Aussicht in die Berge.\n\nDie Ferienwohnung liegt im 2. OG unter dem Dach. Sie ist grossz\u00fcgig ausgestattet und stilvoll und modern m\u00f6bliert. Zur Wohnung geh\u00f6rt auch eine grosse Sonnenterrasse und ein Balkon. Ebenfalls gibt es eine Galerie mit einer kleiner Bibliothek.", "url": "http://www.hausgaschur.com", "image": "https://ostpimtsoch.sos-ch-dk-2.exoscale-cdn.com/catalog/f/3/1/8/f318ff454215115b4444f66e7675b2e3f1823b60_6ffc1941fa8e3208443b25c0d0aed512.jpg", "openstreetmap_id": "way/409157215"}, "geometry": {"type": "Point", "coordinates": ["9.501548493740152", "47.002264749999995"]}}, {"type": "Feature", "properties": {"identifier": "cb7b7869-0958-415b-9223-4843e1c04553", "name": "Ferienwohnungen Gauencenter (Orange und Rot)", "description": "Das Gauencenter bietet direkten Zugang zu den Skipisten, kostenfreies WLAN und kostenfreie Privatparkpl\u00e4tze an der Unterkunft. Die Seilbahn Maschgenkamm ist 1,2 km von der Unterkunft entfernt und eine Skipiste befindet sich vor dem Geb\u00e4ude.\nIn der modern eingerichteten Unterkunft steht Ihnen eine Waschmaschine, sowie Bettw\u00e4sche und Handt\u00fccher zur Verf\u00fcgung.\nZu den Einrichtungen geh\u00f6rt auch ein kostenloses Fitness- und Wellnesscenter mit einer Sauna, einem Solarium und einem Whirlpool. (Im Winter)\nEbenfalls ist im Gauencenter eine Skiaufbewahrung vorhanden. Eine Disco, mit separatem Eingang, l\u00e4dt jeden Samstag zum Tanzen ein.", "url": "https://www.newgoggeien.ch/", "image": "https://ostpimtsoch.sos-ch-dk-2.exoscale-cdn.com/catalog/e/e/0/8/ee087c04ee85474250cbe812e5ebacabb4bf4612_75927802f942457d0a360928eaf8de5f.jpg", "openstreetmap_id": "way/194824448"}, "geometry": {"type": "Point", "coordinates": ["9.298958655716081", "47.0901013"]}}, {"type": "Feature", "properties": {"identifier": "cb8290cf-1bc9-4924-a6b1-74682657064f", "name": "Zunfthaus zum L\u00f6wen", "description": "Das Restaurant ist im Gault Millau mit 14 Punkten ausgezeichnet und serviert Ihnen traditionelle Schweizer K\u00fcche, kreative Speisen und erlesene Weine. \n\nIm Winter werden Sie jeden Freitag mit Live-Jazz unterhalten, im Jazzkeller. Erleben Sie gelungene Stunden in einem ganz besonderen Ambiente. \n\nDas liebevoll eingerichtete Barbarast\u00fcbli eignet sich besonders f\u00fcr kleine Familien- oder Firmenfeiern mit bis zu 25 Personen. F\u00fcr gr\u00f6ssere Anl\u00e4sse steht unser Saal f\u00fcr Sie zur Verf\u00fcgung.", "url": "http://www.zunfthausloewen.ch", "image": "https://ostpimtsoch.sos-ch-dk-2.exoscale-cdn.com/catalog/1/8/d/9/18d930c1fc1b7abedba3925c2b69818e81cf80ac_ecc3a2c0e5e2b87e04d201d2aa0f1106.JPG", "openstreetmap_id": "node/4448731389"}, "geometry": {"type": "Point", "coordinates": ["9.4355606", "47.0505308"]}}, {"type": "Feature", "properties": {"identifier": "cc083554-77ad-4efb-b96b-68b41507cea8", "name": "Hofgenuss", "description": "Unsere Podhouses sind heimelige Holziglus und bieten Platz f\u00fcr 2 bis 4 Personen. Sie haben Ihr Schlafzimmer mit bequemen Betten in der freien Natur, wo Sie morgens h\u00f6chstens von Vogelgezwitscher geweckt werden. Auf Komfort m\u00fcssen Sie nicht verzichten, wir bieten Ihnen auch einen gem\u00fctlichen Aufenthaltsraum mit Kiosk und Kochgelegenheit. Zudem verw\u00f6hnen wir Sie am Morgen mit einem reichhaltigen Fr\u00fchst\u00fcck mit vielen hofeigenen Bioprodukten.", "url": "https://hofgenuss.ch/", "image": "https://ostpimtsoch.sos-ch-dk-2.exoscale-cdn.com/catalog/2/e/e/7/2ee75d333a1321d5857b9cd922acfb7f6c3a8108_b0526e84f55b7fe0e815d9156ca68c58.jpg", "openstreetmap_id": "node/2228955687"}, "geometry": {"type": "Point", "coordinates": ["9.08175", "47.36332"]}}, {"type": "Feature", "properties": {"identifier": "cc3bfcb0-7014-4ea4-82c3-dab4aa64f626", "name": "Stellplatz Parkplatz Skilift Tristeli", "description": "Auf dem Parkplatz beim kleinen Skilift Tristeli auf dem St. Margrethenberg stehen im Sommer f\u00fcnf Stellpl\u00e4tze f\u00fcr Camper zur Verf\u00fcgung. Das beschauliche D\u00f6rfchen liegt auf 1'200 Metern \u00fcber Meer und bietet eine ruhige, naturnahe Umgebung mit herrlicher Aussicht auf das umliegende Bergpanorama. Vom Stellplatz aus lassen sich zahlreiche Wanderungen unternehmen.\n\nBesonders beliebt ist der Aufstieg zur Aussichtsplattform Pizalun, die einen weiten Blick \u00fcber das Rheintal und die B\u00fcndner Herrschaft bietet.\n\nDer Platz eignet sich ideal f\u00fcr Naturliebhaber, Ruhesuchende und aktive G\u00e4ste. Eine Reservation oder Buchung ist nicht m\u00f6glich. Wir bitten um Verst\u00e4ndnis.", "url": "https://www.verkehrsverein-pfaefers.ch", "image": "https://ostpimtsoch.sos-ch-dk-2.exoscale-cdn.com/catalog/7/f/c/e/7fce35d46fa5bbe642047ce7d513ac1f8cdb991c_dde750f2e73bd0338ce469f1b183e880.jpeg", "openstreetmap_id": "way/24382231"}, "geometry": {"type": "Point", "coordinates": ["9.507036209106447", "46.98145666994276"]}}, {"type": "Feature", "properties": {"identifier": "cc3ce9f6-0086-40c2-b401-9f4199e52f87", "name": "Gasthaus H\u00f6rnli Hundwil", "description": "Ein bisschen ausserhalb vom Dorf befindet sich unser Gasthaus an der Strasse Richtung Urn\u00e4sch, zu Fuss sind wir von der Posthaltestelle in etwa 15 min zu erreichen. In der gem\u00fctlichen Gastube hat es Platz f\u00fcr 60 Personen. Im oberen Stock hat es einen sch\u00f6nen Saal f\u00fcr 70 Personen und draussen finden auf unserer Terrasse nochmals 30 Personen Platz.\nAus unserer K\u00fcche kommen gutb\u00fcrgerliche Gerichte und Fleisch vom eigenen Bauernhof. Bei uns werden Br\u00e4uche gelebt und Feste gefeiert.", "url": "https://hoernli-hundwil.ch", "image": "https://ostpimtsoch.sos-ch-dk-2.exoscale-cdn.com/catalog/f/a/c/b/facbb9fb5a8f6e8556401404f5c74243aaa749e8_5d5925f3ffd99625ae8b66a9c467cc70.JPG", "openstreetmap_id": "194176574"}, "geometry": {"type": "Point", "coordinates": ["9.315037634764266", "47.35761495"]}}, {"type": "Feature", "properties": {"identifier": "cc738346-2a9f-417b-978d-7aeaea965497", "name": "Gampergalt (Whg. Heubi)", "description": "Die Ferienwohnung befindet sich an ruhiger Lage im \u201eAnggetlin\u201c auf ca. 1400 M.\u00fc.M. Die Talstation der Prodkammbahnen ist nur wenige Gehminuten entfernt. Die Wohnung bietet eine wundersch\u00f6ne, unverbaute Aussicht auf die Churfirsten, den Raum Sargans sowie die B\u00fcndner Berge. Die Postauto-Haltestelle und Einkaufsm\u00f6glichkeiten erreichen Sie nach ca. 10 Gehminuten. Zur Wohnung geh\u00f6rt ein kostenloser Parkplatz.\n\nDie Wohnung im Parterre ist gem\u00fctlich eingerichtet, mit allem, was man braucht. Schlaf-, Wohn- und Essbereich ist ein Raum und bietet Platz f\u00fcr 2 Personen. Im Sommer steht ein Sitzplatz mit Chemin\u00e9e zur Verf\u00fcgung.", "image": "https://ostpimtsoch.sos-ch-dk-2.exoscale-cdn.com/catalog/f/e/1/1/fe118541cdcf5559883ae31c57c3a4b23b512310_061d5a313f7ede3a216b865a1b36e0c7.jpg", "openstreetmap_id": "way/182426752"}, "geometry": {"type": "Point", "coordinates": ["9.30598712383185", "47.08270506053502"]}}, {"type": "Feature", "properties": {"identifier": "cc884af7-e1e6-4c35-b188-f9301a2d835a", "name": "Haus Mittenwald A", "description": "3.5 Zimmer Ferienwohnung im DG, Lift, Tiefgarage, Skiraum. Geeignet f\u00fcr 4 Personen.\nKeine Haustiere erlaubt.", "image": "https://ostpimtsoch.sos-ch-dk-2.exoscale-cdn.com/catalog/f/2/2/6/f22648292caa4b930941df2dbe1a414485673141_d87e0418c6f7b688cd95bb18abf31b93.jpg", "openstreetmap_id": "way/194824443"}, "geometry": {"type": "Point", "coordinates": ["9.297387650000001", "47.0899206"]}}, {"type": "Feature", "properties": {"identifier": "cca63a01-a52f-497f-927a-8398dbfe0104", "name": "Ferienwohnung Egglisboden", "description": "Neue und moderne 3-Zimmerwohnung an sehr ruhiger Lage in Quarten mit sch\u00f6nes Aussicht auf den Walensee und die Churfirsten. Bis zur Mittelstation der Luftseilbahn auf den Flumserberg sind es nur 5 Fahrminuten. Zur Wohnung geh\u00f6rt ein kostenloser Parkplatz.\n\nDie neue Ferienwohnung im Parterre ist modern und komfortabel eingerichtet. Alle R\u00e4ume sind sehr hell und Wohn- und Schlafr\u00e4ume verf\u00fcgen \u00fcber einen sch\u00f6nen Parkettboden.", "image": "https://ostpimtsoch.sos-ch-dk-2.exoscale-cdn.com/catalog/8/6/7/6/86760f2de47227e8ac3c34b31764505b3a408a56_4b46e7066ce5b14ec1aa75170ade45a6.jpg", "openstreetmap_id": "way/292374936"}, "geometry": {"type": "Point", "coordinates": ["9.238646204289786", "47.1043765"]}}, {"type": "Feature", "properties": {"identifier": "cd042191-3ca4-4dcb-ab7e-ade3e9aafd44", "name": "Ferienwohnung Pramalinis", "description": "Die 2.5-Zimmerwohnung befindet sich auf einem Weingut und ist sehr l\u00e4ndlich gelegen. Vom Balkon aus, k\u00f6nnen Sie die tolle Aussicht geniessen.\nEin Aussenparkplatz steht kostenlos zur Verf\u00fcgung.", "image": "https://ostpimtsoch.sos-ch-dk-2.exoscale-cdn.com/catalog/c/6/b/f/c6bf2e7956db59f03b2d74983716152cb11708cd_148177a4b06d1f360aff129ef4ecdc37.JPG", "openstreetmap_id": "node/198379022"}, "geometry": {"type": "Point", "coordinates": ["9.5616096", "46.9985007"]}}, {"type": "Feature", "properties": {"identifier": "ce4fe92d-ba83-4e53-92c4-147870d3d88a", "name": "Wohnmobilstellplatz Schw\u00e4galp", "description": "Geniessen Sie w\u00e4hrend Ihres Aufenthalts eine sch\u00f6ne Sicht ins Gr\u00fcne und auf das S\u00e4ntismassiv. Vom Stellplatz aus sind Wanderwege, Bergbahn sowie Restaurants und \u00d6v Haltestellen schnell zu erreichen.\n\nDer Stellplatz bietet Platz f\u00fcr zw\u00f6lf Camper. \nDieser Stellplatz kostet CHF 20 / Nacht. Bezahlm\u00f6glichkeiten gibt es via der Park'n sleep App.", "url": "https://www.parknsleep.eu/ps/parkplatz-santis-schwebebahn", "image": "https://ostpimtsoch.sos-ch-dk-2.exoscale-cdn.com/catalog/6/4/3/a/643a0ea927f7f4cc67a1970b1d48eaf2d551052a_b996098236ea0734bdc24caceb3c479f.jpg", "openstreetmap_id": "node/53719284"}, "geometry": {"type": "Point", "coordinates": ["9.3201563115154", "47.25700122126115"]}}, {"type": "Feature", "properties": {"identifier": "cf7dd61f-33b5-42d9-baa1-eaae43d9f98c", "name": "Cubilaris Motel Bad Ragaz", "description": "Das Cubilaris ist ein neues innovatives Motel, bestehend aus 20 Raummodulen aus Holz. Sie haben die Wahl, in einem Cubi Classic (19 m2) oder im Cubi Studio (24 m2) zu \u00fcbernachten. Alle Raummodule sind gem\u00fctlich und modern ausgestattet. Im Cubi Studio gibt es eine kleine K\u00fcche, einen Ess- und Loungebereich sowie ein gr\u00f6sseres Bad. Das Motel erreichen Sie mit Ihrem Fahrzeug oder dem \u00f6ffentlichen Bus (direkt vor der T\u00fcre). F\u00fcr Elektrofahrzeuge steht seit 2021 eine Ladestation zur Verf\u00fcgung. Motorradfahrer und Velofahrer finden einen gedeckten Carport f\u00fcr ihre Zweir\u00e4der vor.", "url": "http://www.cubilaris.ch", "image": "https://ostpimtsoch.sos-ch-dk-2.exoscale-cdn.com/catalog/4/0/f/a/40fa0c5b9f73c031362ee2d5b80d920d384a61c0_e69eb0478e17419b84596af47765dca2.jpg", "openstreetmap_id": "node/11065326405"}, "geometry": {"type": "Point", "coordinates": ["9.4938527", "47.0129535"]}}, {"type": "Feature", "properties": {"identifier": "d075f8ec-0dd1-4086-8a27-21605493711c", "name": "Esmeraldas Altbauwohnung mitten in der Stadt mit Terrasse", "description": "Charmante Altbauwohnung an bester Lage mitten in der historischen Altstadt von St. Gallen. Nur wenige Schritte vom ber\u00fchmten Textilmuseum (\u00abPalazzo Rosso\u00bb) entfernt, umgeben von Caf\u00e9s, Boutiquen und kulturellen Highlights. Die Drei Weieren \u2013 ein wundersch\u00f6nes Naherholungsgebiet mit Aussicht \u00fcber die Stadt \u2013 sind ebenfalls schnell erreichbar.\n\nDie Wohnung \u00fcberzeugt mit ihrem einzigartigen Charakter: warme Holzb\u00f6den, offene Galerie und ein gem\u00fctliches, stilvolles Ambiente. Drei Schlafm\u00f6glichkeiten (1\u00d7180 cm, 2\u00d7160 cm) bieten Platz f\u00fcr Paare, Familien oder kleine Gruppen.\n\nAusgestattet mit WLAN, K\u00fcche mit Mikrowelle und Bialetti f\u00fcr den perfekten Kaffee. Die teils \u00fcberdachte Terrasse zur Mitbenutzung l\u00e4dt zum Verweilen ein \u2013 ein ruhiger R\u00fcckzugsort mitten im lebendigen Stadtzentrum.\n\nAls besonderes Extra: Nur wenige Schritte entfernt befindet sich die MachBar \u2013 ein kreativer Ort f\u00fcr kleine k\u00fcnstlerische T\u00e4tigkeiten, Austausch und Inspiration.\n\nFamilienfreundlich: Babybett auf Anfrage sowie kleine Spielsachen und Hochstuhl vorhanden.", "url": "http://esmeralda.book.dibooq.com/", "image": "https://ostpimtsoch.sos-ch-dk-2.exoscale-cdn.com/catalog/7/7/d/2/77d2c94a306254bf83a7d8b323b8f42abedf6f99_c0791442d7fe32411aeab8b9dcbb25f6.jpeg", "openstreetmap_id": "way/311073775"}, "geometry": {"type": "Point", "coordinates": ["9.3750666", "47.4269514"]}}, {"type": "Feature", "properties": {"identifier": "d1fc8e71-dd34-4e24-9fb0-f0e546bbd4a5", "name": "Kronenhof Schaffhausen - Hotel, Gastronomie & Wellness", "description": "<p data-start=\"114\" data-end=\"388\">Mitten in der Schaffhauser Altstadt gelegen, ist der Kronenhof der ideale Ausgangspunkt f&uuml;r alles, was Sie vorhaben. Ein Teil unserer Zimmer bietet einen herrlichen Blick auf den Kirchhofplatz und den Munot &ndash; das Wahrzeichen Schaffhausens und ein St&uuml;ck lebendige Geschichte.</p><p data-start=\"390\" data-end=\"674\">Die Kronenhof-Gastronomie steht seit jeher f&uuml;r Tradition, Geselligkeit und Begegnung. Unser Restaurant &uuml;berzeugt mit einer abwechslungsreichen, kreativen und marktfrischen K&uuml;che. Die Bar l&auml;dt mit feinen Snacks und sorgf&auml;ltig ausgew&auml;hlten Weinen zum entspannten Ausklang des Tages ein.</p><p data-start=\"676\" data-end=\"878\">F&uuml;r Erholung sorgt unser grossz&uuml;giger Wellnessbereich auf 200 m&sup2; mit finnischer Sauna, Sanarium, Aroma-Dampfbad, Kneipp-Anlage, Aussenbereich und Ruheraum. Hotelg&auml;ste geniessen kostenlosen Direktzugang.</p><p data-start=\"880\" data-end=\"1171\">Schaffhausen ist der lebendige Mittelpunkt der Region &ndash; und der Kronenhof ein Ort der Begegnung. Der Munot Saal eignet sich f&uuml;r Anl&auml;sse aller Art und l&auml;sst sich dank flexibler Raumgestaltung individuell auf verschiedene Gruppengr&ouml;ssen und Bed&uuml;rfnisse abstimmen &ndash; ob privat oder gesch&auml;ftlich.</p><p data-start=\"1173\" data-end=\"1365\">Wir verbinden Gastronomie und Hotellerie mit echter Leidenschaft und pers&ouml;nlichem Engagement &ndash; offen f&uuml;r jedermann und gepr&auml;gt von dem Anspruch, jeden Aufenthalt zu etwas Besonderem zu machen.</p>", "url": "http://www.kronenhof.ch/", "image": "https://ostpimtsoch.sos-ch-dk-2.exoscale-cdn.com/catalog/b/1/1/b/b11b070b333c8328af3af0a130ede491d820c39d_10d04e04d01235f41df8a3dc83041e88.jpg", "openstreetmap_id": "node/603029206"}, "geometry": {"type": "Point", "coordinates": ["8.63564", "47.69668"]}}, {"type": "Feature", "properties": {"identifier": "d2233cdb-2fb8-446b-a43d-0d87d7199734", "name": "Gauenpark-Uehli", "description": "Die 1.5 Zimmerwohnung befindet sich zuoberst im 11. Stock im MFH Gauenpark in Flumserberg Tannenheim mit herrlicher Aussicht auf die Churfirsten und den Walensee. Die Wohnung ist sehr ruhig gelegen. Ein Parkplatz ist kostenlos vorhanden.\n\nDie helle Wohnung mit traumhafter Aussicht ist modern und gem\u00fctlich eingerichtet. Schlaf-, Wohn- und Essbereich ist ein Raum und bietet Platz f\u00fcr bis zu 4 Personen. Die ganze Wohnung ist mit einem Parkettboden ausgestattet.", "image": "https://ostpimtsoch.sos-ch-dk-2.exoscale-cdn.com/catalog/d/f/8/3/df837027d38c68bee5e3571a4c5224be0382e526_1edb0e7f888c4e0e757879ab235a282e.JPG", "openstreetmap_id": "way/194824448"}, "geometry": {"type": "Point", "coordinates": ["9.298958655716081", "47.0901013"]}}, {"type": "Feature", "properties": {"identifier": "d281b1fd-c7a5-4f86-85e2-c29b6997c827", "name": "Ferienwohnung Vonlanthen/Jud", "description": "Die 2.5-Zimmer-Maisonette-Wohnung mit eigenem Hauseingang befindet sich an ruhiger und zentraler Lage in Bad Ragaz. Zur Wohnung geh\u00f6rt ein Gartensitzplatz und ein Balkon.\n\nDas Apartment verf\u00fcgt \u00fcber 1 grosses Schlafzimmer mit Trennwand, 1 Bad mit WC, 1 WC, Bettw\u00e4sche, Handt\u00fccher, 1 Flachbild-TV, Wlan,Chemin\u00e9e,  eine voll ausgestattete K\u00fcche,Balkon und einen grossen Sitzplatz.\n\n50 m von Migros umd Coop, 10 min zu Fuss bis zum Bahnhof un Tamina Therme.", "image": "https://ostpimtsoch.sos-ch-dk-2.exoscale-cdn.com/catalog/0/e/9/a/0e9a039ed86c40762132c7cafb7a01c623a3e7db_1ea86538a589cbf7482ed52f8ec2d9fc.JPG", "openstreetmap_id": "way/118979559"}, "geometry": {"type": "Point", "coordinates": ["9.502739310264587", "47.003400040829"]}}, {"type": "Feature", "properties": {"identifier": "d4531d2e-33dd-416b-b375-00ddb95d086c", "name": "Hotel Restaurant Seegarten", "description": "Das Hotel bietet verschiedene Zimmerkategorien an, vom normalen Doppelzimmer \u00fcber das Grand-Lit-Zimmer bis zu Familienzimmer f\u00fcr bis zu vier Personen. Alle 42 modern ausgestattete Zimmer sind Richtung S\u00fcden und Westen ausgerichtet. Einige dieser Zimmer verf\u00fcgen \u00fcber einen eigenen Balkon oder sind mit einem kleinen privaten Sitzplatz im Parterre ausgestattet. Im Restaurant oder auf der sonnigen Terrasse geniessen die G\u00e4ste genussvolle Stunden. Das K\u00fcchenteam verarbeitet ausschliesslich regionale Produkte.", "url": "http://www.hotelseegarten.ch/", "image": "https://ostpimtsoch.sos-ch-dk-2.exoscale-cdn.com/catalog/d/2/b/3/d2b38c08f1d58228c839e23ef155aa90c8f5889e_e7fa24ef9bd1d8a7007240563f5eb95e.jpg", "openstreetmap_id": "258580723.0"}, "geometry": {"type": "Point", "coordinates": ["9.4215019000001", "47.5214864"]}}, {"type": "Feature", "properties": {"identifier": "d46e2d2a-0851-4980-860b-86d332a07fd4", "name": "Stump's Alpenrose", "description": "<p>Auf dem sonnenbeschienenen Hochplateau am Schwendisee heisst Sie die Gastgeberfamilie Stump in 5. Generation herzlich Willkommen. Der Klangweg f&uuml;hrt im Sommer zum Ch&auml;serrugg und weiter zu den Churfirsten, w&auml;hrend der Alpstein mit uneingeschr&auml;nkten Wanderungen an der Thur und bis zum S&auml;ntis lockt. Sonnenterrasse mit Kinderspielplatz und Trampolin laden zum Verweilen. Einzel-, Doppel- und Familienzimmer mit allem Komfort sind nach S&uuml;den ausgerichtet, Wellness mit Sauna, Dampfbad, Whirlpool und Fitnessraum sorgen f&uuml;r Entspannung wie Erholung. Stump&rsquo;s Frischk&uuml;che mit regionalen Culinarium-Produkten und Wild aus einheimischer Jagd sowie das Fr&uuml;hst&uuml;ck mit lokalen Broten und K&auml;se von den Alpen bietet viel Hausgemachtes. Im Winter f&uuml;hren die Skipisten direkt vom Hotel zu den Bergbahnen und zur Skischule. Ein Hotelbus macht die Anbindung ans Tal, zur Eisbahn, Curling-Center, Schwimmbad, Einkaufsm&ouml;glichkeiten sowie Kulturveranstaltungen. Herzlich Willkommen am Fuss des Ch&auml;serrugg bei Stump&rsquo;s in der Alpenrose.</p><p>&nbsp;</p><p><span data-teams=\"true\">Auskunft zur Zug&auml;nglichkeit</span>:&nbsp;<a href=\"https://www.ginto.guide/entries/541e1873-6d3c-437d-8284-c160c980487e?lnk_src=business\" target=\"_blank\" rel=\"noopener\">ginto</a></p>", "url": "http://www.stumps-alpenrose.ch", "image": "https://ostpimtsoch.sos-ch-dk-2.exoscale-cdn.com/catalog/6/b/8/3/6b8313d3a28f795e094505ffc165790382d0a5ba_6904ad13aa8ec2af56e7ef1ee737419d.jpg", "openstreetmap_id": "node/2312186188"}, "geometry": {"type": "Point", "coordinates": ["9.3285822", "47.190065"]}}, {"type": "Feature", "properties": {"identifier": "d563f7c7-5ddf-43df-bd02-aecd63e05c1c", "name": "Ferienhaus Arnika", "description": "Das heimelige und helle Ferienhaus mit zwei Schlafzimmern, Wohnraum und K\u00fcche befindet sich bei Sergeuris in Valens in der N\u00e4he eines Bauernhofes. Das Haus bietet s\u00e4mtliche Einrichtungen und Ausstattungen, die ein k\u00fcrzerer oder l\u00e4ngerer Ferienaufenthalt erfordert. Ein grosser Balkon l\u00e4dt zum Verweilen ein, ebenso ein Steinplatz vor dem Haus, mit Feuerstelle, mit Grill. Das Haus wird mit einem Specksteinofen (Holzheizung) geheizt. Bei Minustemperaturen muss der Ofen morgens und abends w\u00e4hrend ca. 3 Stunden ein gefeuert werden.", "url": "http://www.ferienhaus-arnika.ch/", "image": "https://ostpimtsoch.sos-ch-dk-2.exoscale-cdn.com/catalog/3/d/4/7/3d47ff99f46d05d1fd695ff27b70fa7ce76a2bc1_98242083bf6cb18b45fb03517270076d.jpg", "openstreetmap_id": "node/4301387459"}, "geometry": {"type": "Point", "coordinates": ["9.4840908", "46.9936812"]}}, {"type": "Feature", "properties": {"identifier": "d5efa582-2f5b-4f01-aa2c-1fbee9040d79", "name": "Stellplatz Pard\u00e4tsch", "description": "Der Stellplatz Pard\u00e4tsch liegt rund 300 Meter s\u00fcdlich des Zeltplatzes H\u00fcttenwiese auf der gegen\u00fcberliegenden Strassenseite. Er befindet sich idyllisch an der ruhigen Kunkelsstrasse und bietet eine freie Sicht auf Alpweiden, W\u00e4lder und die eindrucksvolle Berglandschaft der Umgebung.\nIn nur 100 Metern Entfernung l\u00e4dt eine Schweizer Familienfeuerstelle zum Verweilen ein. Ebenfalls rund 100 Meter entfernt fliesst auf der anderen Strassenseite, rund 30 Meter tiefer, der G\u00f6rbsbach durch einen Auenwald. Der V\u00e4ttner \u201eBergstrand\u201c mit seinem breiten Kiesbett bietet einen besonderen Ort zur Entspannung und Erholung inmitten der Natur.", "url": "https://www.ortsgemeinde-vaettis.ch/liege-zelt/zeltplaetze", "image": "https://ostpimtsoch.sos-ch-dk-2.exoscale-cdn.com/catalog/3/c/5/5/3c5572b36b65ed789e05ee4e5c434b7546de1761_48c7de47c254cd626826ee6e93bd8c43.jpg", "openstreetmap_id": "node/312760496"}, "geometry": {"type": "Point", "coordinates": ["9.4415215", "46.9098162"]}}, {"type": "Feature", "properties": {"identifier": "d75b3886-6fc0-4f21-8f18-4ba3dee9944e", "name": "Ferienhaus Maienfeld - Heidihuus", "description": "Das Ferienhaus Heidihuus oberhalb Maienfeld in Weiher Rofels liegt nahe am Heididorf mit dem Museum. Vom Sitzplatz aus hat man einen wundersch\u00f6nen Blick in die Weinanbaugebiete der B\u00fcndner Herrschaft und in Richtung Pizol. Die Umgebung bietet allerlei M\u00f6glichkeiten, den Aufenthalt genussvoll sowie auch sportlich und aktiv zu gestalten.\n\nDie Wohnung verf\u00fcgt \u00fcber ein gem\u00fctliches Wohnzimmer mit Lesest\u00fchlen und Sofas, einen Chemineeofen sowie einen sonnigen Gartensitzplatz. Die K\u00fcche bietet Backofen, K\u00fchlschrank, Geschirrsp\u00fcler, Fondue- und Raclette-Set, Kaffeemaschine, Toaster und Wasserkocher.", "url": "https://www.ferien-heidiland.ch", "image": "https://ostpimtsoch.sos-ch-dk-2.exoscale-cdn.com/catalog/e/9/7/1/e971fa6f132a12fc079f2d074d52f5b65d3c05b7_fefdbedf51fa5bf20a042368f78395b1.jpg", "openstreetmap_id": "way/409100658"}, "geometry": {"type": "Point", "coordinates": ["9.544346369651297", "47.00955675"]}}, {"type": "Feature", "properties": {"identifier": "d7882d5d-b40a-4058-9963-c35eef16dffc", "name": "Chalet Waldwiese (CharmingStay)", "description": "Das Chalet mit 4.5 Zimmer befindet sich am Dorfrand von Flumserberg Tannenheim, mit wunderbarer Aussicht auf die Churfirstenkette. Bergbahnen, Restaurants und der Dorfladen sind nur ca. 10 Gehminuten entfernt. Zum Ferienhaus geh\u00f6rt ein kostenfreier Parkplatz. Dieser befindet sich unterhalb des Hauses und ist \u00fcber eine Treppe erreichbar, ca. 50m.\n\nDie Wohnung ist zweckm\u00e4ssig und mit viel Holz eingerichtet. Die W\u00e4nde von Wohn- und Schlafr\u00e4umen sind get\u00e4fert und verf\u00fcgen \u00fcber einen Holzboden. Zum Chalet geh\u00f6rt ein Sitzplatz mit sch\u00f6ner Aussicht.", "url": "https://www.charmingstay.ch", "image": "https://ostpimtsoch.sos-ch-dk-2.exoscale-cdn.com/catalog/f/d/3/e/fd3e97c3e3a5cabe115f0557022769820c8343b9_8bc785a7a47d0fe198472487410de5bd.JPG", "openstreetmap_id": "way/383765138"}, "geometry": {"type": "Point", "coordinates": ["9.30613935", "47.09091225"]}}, {"type": "Feature", "properties": {"identifier": "d83886cb-8881-45b4-95ff-50c4bcb91032", "name": "Ferienbleibe Rosenweg \u2013 am Fusse des Alpsteins", "description": "In Urn\u00e4sch gibt es viel zu erleben. Direkt vor der Haust\u00fcre beginnen die sch\u00f6nsten Wanderrouten und Biketouren im Alpstein. Im Winter liegen der Dorfskilift und die Langlaufloipe 100 Schritte entfernt. Doch vor allem sind es die kleinen Dinge, die in Erinnerung bleiben. Sie sollen nicht nur ausserhalb der Ferienbleibe zum Staunen kommen. Deshalb haben sich die Gastgeber besonders viel M\u00fche gegeben und das Herzblut in die Einrichtung der Ferienbleibe gesteckt. Im ganzen Haus finden sich liebevolle Details, die von der Zeit erz\u00e4hlen als die Rose eine B\u00e4ckerei war. Die Vierzimmer-Wohnung verteilt sich \u00fcber drei St\u00f6cke. Insgesamt bieten zwei Schlafzimmer Platz f\u00fcr f\u00fcnf Personen. Das Spiel- und Leseversteck sowie das ger\u00e4umige Wohnzimmer sind Wohlf\u00fchlorte f\u00fcr Gross und Klein. Die Ferienbleibe liegt f\u00fcnf Minuten vom Dorfzentrum entfernt. Entspannt zu Fuss einkaufen ist genauso unkompliziert, wie die Anreise mit dem \u00f6ffentlichen Verkehr.", "url": "https://www.rosenweg.ch/die-ferienbleibe", "image": "https://ostpimtsoch.sos-ch-dk-2.exoscale-cdn.com/catalog/9/f/f/d/9ffd1705ce7892d5fe6b39ead2a9b5cac2ca02e9_6f376a85723679f65fc7c5625a13012d.jpg", "openstreetmap_id": "way/505489264"}, "geometry": {"type": "Point", "coordinates": ["9.280174970626833", "47.314617366913"]}}, {"type": "Feature", "properties": {"identifier": "d84013ab-468d-4dc2-a437-b7b408d77846", "name": "Panoramawohnung am Pizol / Furt 1'525 m \u00fc. M.", "description": "Die helle, moderne und familienfreundliche 2.5-Zimmer Panoramawohnung befindet sich direkt bei der Bergstation Furt (8er Gondelbahn Wangs-Furt) mit wundersch\u00f6ner Aussicht auf das Bergpanorama Churfirsten. Direkt an der Skipiste und am Ausgangspunkt der 3,5 km langen Schlittelbahn und dem Nachtskifahren. Umgeben von leckeren Restaurants und grossen Sonnenterrassen, Ski- und Snowboardschule in unmittelbarer N\u00e4he. \nEs ist ein idealer Ausgangspunkt f\u00fcr s\u00e4mtliche Aktivit\u00e4ten und Attraktionen am Pizol.\nIm Sommer direkt an der 5-Seen-Wanderroute und grossem Natur-Erlebnisspielplatz mit Wasserfall.", "url": "https://www.airbnb.com/h/berger-ferien-am-pizol", "image": "https://ostpimtsoch.sos-ch-dk-2.exoscale-cdn.com/catalog/d/c/c/5/dcc52eba9c5693f2916304796c9d6fd1bff9f3bc_2d0ee2a6f50eee5cf137ef6eccb8f0f3.jpg", "openstreetmap_id": "way/235931938"}, "geometry": {"type": "Point", "coordinates": ["9.42151665687561", "47.00237886732135"]}}, {"type": "Feature", "properties": {"identifier": "d8b68557-d4c1-4438-8893-ab1ae8f02d35", "name": "G\u00e4stewohnung Sustena", "description": "<p>Den G&auml;sten, die das Besondere sch&auml;tzen, wird ein grossz&uuml;giger Wohnkomfort geboten: separater Eingang, Wohn-Terrasse, individuell m&ouml;blierte R&auml;ume, gut ausgestattete K&uuml;che. Die Wohnung befindet sich in einem markanten Altstadthaus und verf&uuml;gt &uuml;ber einen grossen Garten. Ob ein kurzer Aufenthalt f&uuml;r einen Besuch bei Freunden, die Teilnahme an einer Weiterbildung oder erholsame Ferien auf dem Land: Die Wohnung mit eigener Terrasse ist ein ruhiger R&uuml;ckzugsort zum Entspannen. Gleichzeitig eignet sie sich ideal, um die herrliche Umgebung mit ihren vielf&auml;ltigen M&ouml;glichkeiten zum Wandern oder Velofahren kennenzulernen.</p>", "url": "http://sustena.ch/", "image": "https://ostpimtsoch.sos-ch-dk-2.exoscale-cdn.com/catalog/f/d/3/4/fd3450235fb2751ebf96cc7a5665f71f72547b90_c08e569cca50588f9eb4ed55c4e516bd.png", "openstreetmap_id": "way/355537818"}, "geometry": {"type": "Point", "coordinates": ["9.237070437900423", "47.49344375"]}}, {"type": "Feature", "properties": {"identifier": "d90f0e43-aaff-419b-9db0-6543666f3722", "name": "Seminar Hotel Restaurant Ch\u00e4seren", "description": "<p>Das Seminarhotel und Restaurant Ch\u00e4seren liegt in einer ruhigen Landschaft, 20 Kilometer von St. Gallen entfernt. Es bietet eine wundersch\u00f6ne Aussicht auf das Alpsteinmassiv mit dem S\u00e4ntis. Das Restaurant serviert Schweizer und internationale K\u00fcche sowie saisonale Gerichte.&nbsp;</p><p>Der charmante Appenzeller Landhausstil verleiht den R\u00e4umlichkeiten eine nat\u00fcrliche Eleganz und schafft drinnen wie draussen die perfekte Kulisse f\u00fcr individuelle W\u00fcnsche. Ob f\u00fcr Seminare, eine entspannende Auszeit oder aktive Abenteuer&nbsp;<span style=\"font-family: &quot;Times New Roman&quot;, serif; font-size: 16px;\">\u2013&nbsp;</span>im Seminarhotel und Restaurant Ch\u00e4seren finden Sie den idealen Ort.&nbsp;Die Zimmer des Hotels verf\u00fcgen \u00fcber Sat-TV, Safe und Badezimmer. Wanderwege, Mountainbike-Strecken und im Winter eine Langlaufloipe starten direkt vor der Haust\u00fcr.</p>", "url": "https://www.chaeseren.ch", "image": "https://ostpimtsoch.sos-ch-dk-2.exoscale-cdn.com/catalog/b/0/4/5/b045c725d53b9a444af3ae874f45f998adafcc6a_4730c316d7ef2a23eb65de0c8ac9916c.JPG", "openstreetmap_id": "node/9214979979"}, "geometry": {"type": "Point", "coordinates": ["9.202964901924135", "47.329915329608"]}}, {"type": "Feature", "properties": {"identifier": "d91b3d09-e504-4efc-890c-05689ad7aae6", "name": "Gampergalt 4.5 Zi-Whg", "description": "Die 4.5-Zimmerwohnung befindet sich in Flumserberg-Tannenheim nur ca. 5 Gehminuten zur Skipiste, welche zur Talstation Prodalp-Express Tannenheim f\u00fchrt. Ins Zentrum mit Einkaufsl\u00e4den, Sportgesch\u00e4ften, Skischule und Restaurants sind es ca. 1.5 km. Zur Ferienwohnung geh\u00f6rt ein kostenloser Aussenparkplatz.\n\nDie grossz\u00fcgige Wohnung ist gem\u00fctlich und komfortabel eingerichtet. Vom Wohnzimmer aus gelangt man auf den grossen Balkon Richtung Norden und die grosse Terrasse Richtung S\u00fcden.", "image": "https://ostpimtsoch.sos-ch-dk-2.exoscale-cdn.com/catalog/8/8/0/1/8801919d7a76684aa5cfa2fed01bdd9bdee9cf59_7af20fd8b210a0fb2766cff84d5b62dc.jpg", "openstreetmap_id": "way/182426752"}, "geometry": {"type": "Point", "coordinates": ["9.30598712383185", "47.08270506053502"]}}, {"type": "Feature", "properties": {"identifier": "d944e7a2-672c-4f18-8055-4c9c32b7dfef", "name": "B&B Laui Ennetb\u00fchl", "description": "<div>Das Haus aus der Mitte des 19. Jahrhunderts wurde mit viel Sachverstand und handwerklichem Geschick restauriert und renoviert. Die drei G&auml;stezimmer (1 Einzelzimmer und 2 Doppelzimmer) sind liebevoll eingerichtet, mit einem charmanten Mix aus Design- und Antikm&ouml;beln. Wir verw&ouml;hnen Sie in der urspr&uuml;nglichen G&auml;stestube mit einem reichhaltigen Fr&uuml;hst&uuml;ck aus selbstgemachten und regionalen Produkten. Parkplatz und WLAN vorhanden. Mit dem &Ouml;V in 15 Minuten erreichbar. Kein TV, Raumh&ouml;he 196\u202fcm. Wanderwege direkt vor dem Haus, Langlaufloipe in n&auml;chster N&auml;he. Preise inkl. Fr&uuml;hst&uuml;ck und Kurtaxe pro Person und Nacht: Fr.\u202f80.&ndash; (ab der 2. Nacht Fr.\u202f70.&ndash;).</div>", "url": "http://www.laui-ennetbuehl.ch/", "image": "https://ostpimtsoch.sos-ch-dk-2.exoscale-cdn.com/catalog/1/3/f/6/13f6edf117018e7cade418b900375edb80fed6ed_c6cda7e27dfb3896f177bd9c6e66938c.jpg", "openstreetmap_id": "node/2130961172"}, "geometry": {"type": "Point", "coordinates": ["9.22271079999996", "47.2445859"]}}, {"type": "Feature", "properties": {"identifier": "da0bcc35-12d6-414b-8afc-c87b12ed7b00", "name": "Ferienwohnung Frei", "description": "Die 2-Zimmerwohnung befindet sich an sehr ruhiger Lage am Rande von Bad Ragaz am Ende einer Sackgasse. Restaurants und Lebensmittell\u00e4den befinden sich in der Umgebung. Die Bushaltestelle ist 1,2 km, die Pizolbahn 3 km und das Thermalbad 1 km entfernt. Zur Wohnung geh\u00f6rt ein privater Parkplatz.\n\nDie Wohnung liegt im Parterre und ist zweckm\u00e4ssig eingerichtet.", "image": "https://ostpimtsoch.sos-ch-dk-2.exoscale-cdn.com/catalog/f/f/5/3/ff5322112e9e6f3e9057c0e34e7e5c78496f4539_7e16cd19a510831b8109757f99e8ed46.jpg", "openstreetmap_id": "way/409159420"}, "geometry": {"type": "Point", "coordinates": ["9.497417679972216", "47.0061627"]}}, {"type": "Feature", "properties": {"identifier": "da19fd1e-5795-438a-967b-5e44f5f96f8d", "name": "Ferienhaus Sennast\u00fcbli", "description": "Das kleine Chalet mit seiner optimal eingerichteten K\u00fcche, einem Badezimmer mit WC und Dusche, dem Schlafzimmer mit Doppelbett und dem kleinen herzigen St\u00fcbli mit Fernseh und Radio l\u00e4dt zum verweilen ein. Wir empfehlen jedoch das Panoramafernsehn zum Fenster raus.  Der grosse Garten und die Terrasse geben Platz um draussen die Natur zu geniessen und zu entspannen. Sie k\u00f6nnen wundersch\u00f6ne Sonnenauf und -unterg\u00e4nge mit Blick auf den Alpstein geniessen. Der atemberaubende Ausblick \u00fcber den Alpstein, H\u00fcgel und das Land l\u00e4dt zudem zum Wandern, Sporttreiben und spazieren ein. Das H\u00e4uschen ist perfekt gelegen f\u00fcr Wanderungen oder f\u00fcr Wintersportferien mit Schneeschuhlaufen, Langlaufen oder Schlitteln.\n\nVermietung wochenweise.", "url": "https://www.sennast\u00fcbli.ch/", "image": "https://ostpimtsoch.sos-ch-dk-2.exoscale-cdn.com/catalog/f/f/8/0/ff809e16df1c6d71a28aea125fcaa31ca4fb80cd_a0970db202d061569b702df782422ca3.jpg", "openstreetmap_id": "way/775757924"}, "geometry": {"type": "Point", "coordinates": ["9.432449340820314", "47.3830960896874"]}}, {"type": "Feature", "properties": {"identifier": "daeb77f0-929b-4eb8-83ec-91d96e79bbaf", "name": "Haus Alpenblick A", "description": "Die 2.5 Zimmerwohnung befindet sich in Flumserberg Tannenheim nur ca. 2 Gehminuten vom Hallenbad, Sportbus, Skipiste Mittenwald und Einkaufsm\u00f6glichkeiten entfernt. Zur Wohnung geh\u00f6rt ein kostenloser Parkplatz in der Tiefgarage.\n\nDie helle Wohnung ist klassisch und gem\u00fctlich eingerichtet. Wohn- und Schlafr\u00e4ume verf\u00fcgen \u00fcber einen sch\u00f6nen Holzboden. Bilder und Deko verzieren die W\u00e4nde und Regale.", "image": "https://ostpimtsoch.sos-ch-dk-2.exoscale-cdn.com/catalog/0/9/4/d/094df137983b18e3bf3a1b1734f6f4f4394bcfd5_4e7e52e12507463bcb5905cc4f295dd8.jpg", "openstreetmap_id": "way/325407976"}, "geometry": {"type": "Point", "coordinates": ["9.297766606774918", "47.0907134"]}}, {"type": "Feature", "properties": {"identifier": "db98088f-38cc-4ab2-9f4c-4a474c0efb0a", "name": "b_smart motel Amriswil", "description": "<p>Im b_smart motel entscheiden G\u00e4ste dank dem flexiblen Self Check-in-System selbst, wann sie anreisen \u2013 ideal f\u00fcr Reisende mit vollem Terminkalender oder spontanen Pl\u00e4nen. Die 20 modernen Zimmer bieten viel Platz zum Entspannen und sind mit allem ausgestattet, was es f\u00fcr einen angenehmen Aufenthalt braucht. Besonderen Komfort bietet der kostenlose Kaffee- und Teeservice, der den G\u00e4sten jederzeit zur Verf\u00fcgung steht. F\u00fcr zus\u00e4tzliche Erfrischungen sorgt die Honesty Bar, an der weitere Getr\u00e4nke gegen Bezahlung angeboten werden. Der Zimmerpreis beinhaltet nicht nur die \u00dcbernachtung, sondern auch ein reichhaltiges Fr\u00fchst\u00fcck, kostenloses Highspeed-WLAN im gesamten Motel sowie kostenfreie Parkpl\u00e4tze direkt vor Ort. Dank der optimalen Lage im Herzen des Thurgaus ist das b_smart motel ein idealer Ausgangspunkt f\u00fcr Gesch\u00e4ftsreisen oder entspannte Freizeitaktivit\u00e4ten.</p>", "url": "https://www.b-smarts.net/amriswil", "image": "https://ostpimtsoch.sos-ch-dk-2.exoscale-cdn.com/catalog/c/0/3/5/c035a3ad8ac598ecb143a9908389139582b7316f_ccffed69cf9e7ebe10dc752a666519e3.jpg", "openstreetmap_id": "way/442256969"}, "geometry": {"type": "Point", "coordinates": ["9.2986768", "47.5451054"]}}, {"type": "Feature", "properties": {"identifier": "dc443377-9d7a-47cd-907d-515676dee60b", "name": "Gasthaus R\u00f6ssli Br\u00fclisau", "description": "<p>Die sieben Doppelzimmer sind einfach, sowie gem&uuml;tlich eingerichtet und verf&uuml;gen &uuml;ber Dusche, WC, TV und WLAN. Zus&auml;tzlich gibt es auch zwei Familienzimmer mit eigenem Bad, TV und WLAN, und zwei kleine 4er Lager mit eigenem Bad und WLAN.</p>\n<p>Im Restaurant wird Feines und Regionales aus und rund um Appenzell angeboten. Br&uuml;lisau ist der perfekte Ausgangsort f&uuml;r sch&ouml;ne Wanderungen im Alpstein. Ab drei &Uuml;bernachtungen profitieren die G&auml;ste von der Appenzeller Ferienkarte.</p>", "url": "https://roessli-bruelisau.ch/", "image": "https://ostpimtsoch.sos-ch-dk-2.exoscale-cdn.com/catalog/f/e/a/f/feaf71739624aaff0913278b9263019d60e35d26_e81475bab80e88b489597bedeed817b1.jpg", "openstreetmap_id": "way/201030605"}, "geometry": {"type": "Point", "coordinates": ["9.4550464462937", "47.29775495"]}}, {"type": "Feature", "properties": {"identifier": "dd0a0ac1-4553-40b4-83fb-603a376fbe46", "name": "Casa Alpetta", "description": "Die 2.5-Zimmerwohnung befindet sich an der Flubastrasse 16 in Flumserberg Tannenboden, nahe der Bergbahnen, Restaurants und Einkaufsm\u00f6glichkeiten. Die Lage mit sch\u00f6ner Aussicht auf die umliegenden Berge ist hervorragend. Ein Parkplatz steht bei der Unterkunft zur Verf\u00fcgung.", "image": "https://ostpimtsoch.sos-ch-dk-2.exoscale-cdn.com/catalog/a/f/8/b/af8b67f3559054c4063d1eb6ed75a5bb6e1ea3a3_76cadaead35674f754dfe985a05bb070.jpg", "openstreetmap_id": "way/294246273"}, "geometry": {"type": "Point", "coordinates": ["9.287785421515782", "47.09344285"]}}, {"type": "Feature", "properties": {"identifier": "dda39d47-49c8-441f-b95e-882e7130c683", "name": "Hotel Garni R\u00f6ssli Wittenbach", "description": "Perfekt gelegen auf der Durchreise zwischen Bodensee und der historischen Altstadt St.Gallen liegt das R\u00f6ssli. Mitten durch die Natur f\u00fchrt der Radweg zum traditionellen Haus wo fr\u00fcher die \u201eR\u00f6sslipost\u201c halt machte. F\u00fcr Anreisende mit dem Auto, sind kostenlose Parkm\u00f6glichkeiten vorhanden.  Heute wird das R\u00f6ssli als kleines herzliches Hotel Garni (nur Fr\u00fchst\u00fcck) betrieben. \n  \nDas Team vom R\u00f6ssli freut sich, die G\u00e4ste Willkommen zu heissen. Eine \nmoderne Ladestation f\u00fcr E-Bikes sowie eine abschliessbare Velogarage mit kleiner Werkstatt (Velo-Werkzeug, Kompressor,...) inkl. M\u00f6glichkeit, Schuhe und Veloausr\u00fcstung aufzubewahren wie auch die M\u00f6glichkeit das Fahrrad zu reinigen, stehen zur Verf\u00fcgung.\n\n17 Einzel-, Doppel- Studio- und Familienzimmer  stehen f\u00fcr grosse und kleine G\u00e4ste bereit.  Nach einem erholsamen Schlaf bietet ein reichhaltiges Fr\u00fchst\u00fccksbuffet viele regionale Produkte an.", "url": "http://www.hotelroessliwittenbach.ch/", "image": "https://ostpimtsoch.sos-ch-dk-2.exoscale-cdn.com/catalog/6/3/d/6/63d61768b75a6bdd149358f566db10a741a321e1_c7e271da713882033c85cd294ba4d100.jpg", "openstreetmap_id": "node/1492836232"}, "geometry": {"type": "Point", "coordinates": ["9.393249", "47.45936"]}}, {"type": "Feature", "properties": {"identifier": "de7239eb-e95a-4af6-9f97-d924bbfbeca9", "name": "Hotel von Rotz", "description": "<p class=\"my-2 [&amp;+p]:mt-4 [&amp;_strong:has(+br)]:inline-block [&amp;_strong:has(+br)]:pb-2\">Im Self-Check-in Hotel von Rotz in Bronschhofen geniessen die G&auml;ste stilvollen Komfort mit maximaler Flexibilit&auml;t &ndash; ob f&uuml;r eine Nacht, ein Wochenende oder einen l&auml;ngeren Aufenthalt. 85 moderne, lichtdurchflutete Zimmer und Apartments &ndash; von Standard-Doppel- und Familienzimmern &uuml;ber Auto-Themen-Zimmer und Junior Suiten bis hin zu Langzeit-Apartments mit K&uuml;che &ndash; bieten Business- wie Freizeitreisenden den perfekten Rahmen f&uuml;r ihren Aufenthalt.<span class=\"inline-flex\" data-state=\"closed\">\u200b</span></p><p class=\"my-2 [&amp;+p]:mt-4 [&amp;_strong:has(+br)]:inline-block [&amp;_strong:has(+br)]:pb-2\">Alle Zimmer verf&uuml;gen &uuml;ber Balkon, grossz&uuml;gigen Arbeitsplatz, kostenloses WLAN und Klimaanlage. Inbegriffen sind das Geniesser-Fr&uuml;hst&uuml;ck im Casual Fine Dining Restaurant Cabrio, Aussenparkpl&auml;tze, die Nutzung des Panorama-Fitnessraums, des Arbeitsraums sowie der Sonnenterrasse f&uuml;r erholsame Auszeiten.<span class=\"inline-flex\" data-state=\"closed\">\u200b</span></p><p class=\"my-2 [&amp;+p]:mt-4 [&amp;_strong:has(+br)]:inline-block [&amp;_strong:has(+br)]:pb-2\">Zus&auml;tzlich steht ein exklusiver Private Spa im Haus f&uuml;r individuell buchbare Wellnessmomente zur Verf&uuml;gung, w&auml;hrend der 24h-Self-Check-in eine entspannte, zeitunabh&auml;ngige An- und Abreise erm&ouml;glicht. Die besondere Verbindung zur Autowelt von Rotz, die Autosuiten und der hauseigene Heliport machen das Hotel zu einer aussergew&ouml;hnlichen Adresse.</p>", "url": "http://www.hotel-vonrotz.ch/", "image": "https://ostpimtsoch.sos-ch-dk-2.exoscale-cdn.com/catalog/d/3/e/4/d3e44309048b3b525ec1e05a46ccffb2a349302f_0d9730541ceea6199a7a3df36823725b.jpg", "openstreetmap_id": "node/7761067560"}, "geometry": {"type": "Point", "coordinates": ["9.0281638", "47.4680205"]}}, {"type": "Feature", "properties": {"identifier": "def11146-9f4e-4744-9824-00beb3932a63", "name": "Hotel & Restaurant Nollen", "description": "Im Hotel &amp; Restaurant Nollen kann man in einem der 14 Zimmern mit fantastischem Blick auf die Alpen \u00fcbernachten. F\u00fcr viele Aktivit\u00e4ten und Ausflugsm\u00f6glichkeiten ist der Nollen ein idealer Ausgangspunkt. Zu jeder Jahreszeit k\u00f6nnen Sportbegeisterte in der freien Natur rund um den Nollen aktiv werden. Spazieren, Schuhe ausziehen und den Barfussweg entdecken oder Mountainbiken, sind nur einige der Aktivit\u00e4ten, die hier ausge\u00fcbt werden k\u00f6nnen. \n\nZwei verschiedene Restaurant-Konzepte, sowie der grosse Festsaal sind bei Genussliebhabern sehr angesagt. Insbesondere das Grillst\u00fcbli mit seinen Dry-Age-Fleischspezialit\u00e4ten l\u00e4sst das Herz jedes Fleischliebhabers h\u00f6her schlagen. Im Panorama-Restaurant werden unter anderem fleischlose Gerichte, sowie kreative Men\u00fckreationen gezaubert und f\u00fcr Vereine auch mal was \u00abEinfaches\u00bb und \u00abHerzhaftes\u00bb serviert.", "url": "https://giusisnollen.ch/", "image": "https://ostpimtsoch.sos-ch-dk-2.exoscale-cdn.com/catalog/5/4/a/9/54a973bcc750fc04bd5f403bdd649b198b455b5b_b725dce8186c6cc846d228920d642dac.jpg", "openstreetmap_id": "45337525.0"}, "geometry": {"type": "Point", "coordinates": ["9.122369643826412", "47.492628838898"]}}, {"type": "Feature", "properties": {"identifier": "df470d09-9321-41a2-89ec-fe8b2aa4e071", "name": "Gasthaus L\u00f6wen Hemberg", "description": "<p>Der L&ouml;wen in Hemberg hat eine traditionsbehaftete Geschichte: In den 50er Jahren war das Gasthaus eine weitherum bekannte Metzgerei, Gastst&auml;tte und Milit&auml;runterkunft. Dann wurde es Ende des letzten Jahrhunderts etwas ruhiger um das stattliche Geb&auml;ude. Inzwischen ist der L&ouml;wen mit sehr viel Liebe und Sorgfalt renoviert worden, ohne dabei seinen urspr&uuml;nglichen Charme zu verlieren. Seit Winter 2018 f&uuml;hren wir als gastronomische Quereinsteiger das Gasthaus L&ouml;wen. Unsere Vorstellung einer heimeligen und urchigen Beiz, vereint mit einer regionalen und kulinarisch hochstehenden K&uuml;che, k&ouml;nnen wir hier jeden Tag verwirklichen! Dabei hilft die ganze Familie mit, vom Koch &uuml;ber die Grafikerin bis zur Kafiguezli-Lieferantin sind fast alle Angestellten aus dem famili&auml;ren Umkreis. Auch musikalische Anl&auml;sse sind ein fester Bestandteil der L&ouml;wen-Philosophie. Monatlich stattfindende L&auml;ndlerkonzerte sind f&uuml;r uns als Gastgeberfamilie H&ouml;hepunkte im Wirtealltag.</p><p>&nbsp;</p><p>Auskunft zur Zug&auml;nglichkeit:&nbsp;<a href=\"https://www.ginto.guide/entries/97cd4b31-5ed9-4e9e-aef0-567e7cb02988?lnk_src=business\" target=\"_blank\" rel=\"noopener\">ginto</a></p>", "url": "https://www.loewen-hemberg.ch/", "image": "https://ostpimtsoch.sos-ch-dk-2.exoscale-cdn.com/catalog/9/f/6/6/9f66aabc9c8487ea3b155dc20cd1596dda8ed9a4_fcdbeec13be72bc9efab6f459ab0b81e.JPG", "openstreetmap_id": "node/177884639"}, "geometry": {"type": "Point", "coordinates": ["9.1753376", "47.3003699"]}}, {"type": "Feature", "properties": {"identifier": "df530289-9b39-42fa-8961-96b191803f60", "name": "JENNYHAUS", "description": "<div>Das Jennyhaus verf\u00fcgt \u00fcber 16 Zimmer, die in Zwei- und Vierbettzimmer aufgeteilt sind, und bietet komfortable Schlafm\u00f6glichkeiten f\u00fcr bis zu 50 G\u00e4ste. Das historische Geb\u00e4ude wurde komplett renoviert und \u00f6ffnete im Juni 2025 seine T\u00fcren. Bei den Renovationsarbeiten wurde besonderer Wert auf einen hohen Ausbaustandard und die Bewahrung der historischen Elemente gelegt, die das Jennyhaus und die Toggenburger Bauweise auszeichnen. F\u00fcr Musikliebhaber ist das nahegelegene Klanghaus, das im Mai 2025 er\u00f6ffnet wurde, ein Highlight, ebenso wie der im Jahr 2024 neu er\u00f6ffnete Klangweg, der grosse und kleine Besucher begeistert. Auch bei nassem Wetter gibt es viel zu erleben: Das Resonanzzentrum Peter Roth ist nur f\u00fcnf Gehminuten entfernt und l\u00e4dt zu einer faszinierenden Klangreise ein. Sportbegeisterte finden in Unterwasser eine Tennis-, Boulder- und Badmintonhalle. Weitere Ausflugsziele wie die Klangschmiede in Alt St. Johann, das Curlingzentrum in Wildhaus oder das Reka-Hallenbad bieten zus\u00e4tzliche Abwechslung und Unterhaltung. Das Haus kann sowohl als Selbstkocherhaus als auch mit einem Cateringangebot gemietet werden.</div>", "url": "https://bergundbett.ch/gruppenhaeuser/", "image": "https://ostpimtsoch.sos-ch-dk-2.exoscale-cdn.com/catalog/6/b/2/e/6b2e448a235cca93268de78b606bb91848c4e4f3_e034a49871005dac0b0f8210b7a88160.jpg", "openstreetmap_id": "way/222401732"}, "geometry": {"type": "Point", "coordinates": ["9.334794801457827", "47.18926745"]}}, {"type": "Feature", "properties": {"identifier": "e08a7e02-5a67-4193-a5c9-798ce794bbce", "name": "Lerchenh\u00fcsli", "description": "Das gem\u00fctlich, heimelige eingerichtete Ferienhaus Lerchenh\u00fcsli liegt im Zentrum Tannenboden. In der N\u00e4he befindet sich die Skischule, Einkaufsm\u00f6glichkeiten und diverse Restaurants. Einen Garagenplatz ist 50 Meter unterhalb vorhanden. Im Sommer sch\u00f6ner Sitz- und Spielplatz beim Haus mit Gartenchemin\u00e9e, ideal f\u00fcr Familien. Das Lerchenh\u00fcsli befindet sich an einer sonnigen Lage mit wunderbarer Sicht zur Churfirsten und Alvier Bergkette. Haustiere sind erlaubt.", "image": "https://ostpimtsoch.sos-ch-dk-2.exoscale-cdn.com/catalog/7/4/6/a/746a1f1abfe7d334251af5262265fea659557500_2e7fcd20b3e629b6d09a744869a2ad9e.jpg", "openstreetmap_id": "way/1058903126"}, "geometry": {"type": "Point", "coordinates": ["9.286287807779502", "47.0937143"]}}, {"type": "Feature", "properties": {"identifier": "e0dac3ac-c26c-45ce-a579-fb8225b86250", "name": "Haus Steinbock (CharmingStay)", "description": "Das Mehrfamilienhaus befindet sich am Flumserberg Tannenheim. Innerhalb von wenigen Gehminuten befinden sich das Restaurant M\u00e4tz Dine und der Prodallp Express. Zu den Wohnungen geh\u00f6rt jeweils ein kostenloser Garagenparkplatz dazu.\n\nInneneinrichtung\nDie Wohnungen sind gem\u00fctlich und modern eingerichtet. Sie verf\u00fcgen \u00fcber eine vollausgestattete K\u00fcche, offenes Wohnzimmer und einen grossen Balkon. Im Wohnhaus befindet sich ein Lift sowie ein Ski-Abstellraum.\n\nTechnische Einrichtung\nKostenloses WLAN, Radio und ein Kabel TV stehen in den Wohnungen zur Verf\u00fcgung.", "url": "https://www.charmingstay.ch", "image": "https://ostpimtsoch.sos-ch-dk-2.exoscale-cdn.com/catalog/b/3/e/f/b3efb4a82f0af056c3d074a044eeb01b93bf781f_e5602fb2d8edbaf7c9d2a1f62f551d9c.JPG", "openstreetmap_id": "way/194824442"}, "geometry": {"type": "Point", "coordinates": ["9.30473123098497", "47.08930865"]}}, {"type": "Feature", "properties": {"identifier": "e132467a-39f3-4406-abc8-ab5c3e99e2ee", "name": "Haus Schwendihof (2 Studios)", "description": "Das Ferienhaus liegt auf 1280 m H\u00f6he in Flumserberg Tannenheim, direkt bei den Bergbahnen und der Skipiste. Die beiden Studios befinden sich im Dachgeschoss des Zweifamilienhauses. Zu den Studios geh\u00f6rt ein kostenloser Parkplatz.\n\nDetails der einzelnen Studios\n- 1x Studio Guscha\n- 1x Studio Churfirsten\n\nBeide Studios sind einfach eingerichtet und verf\u00fcgen \u00fcber einen Wohn-/Schlafbereich mit Doppelbett, Sofa und TV. Die kleine K\u00fcchenzeile ist mit allem ausgestattet was man braucht. Sie bietet Herd, Backofen, K\u00fchlschrank und Kaffeemaschine. Die Dachschr\u00e4gen mit Holzbalken machen den Aufenthalt in den Studios sehr gem\u00fctlich. WIFI vorhanden.", "image": "https://ostpimtsoch.sos-ch-dk-2.exoscale-cdn.com/catalog/d/b/d/2/dbd2b0813295f02e7dbd408f038690e8b3457791_f74b16d8eeacc1b43ae769f49e0ed958.JPG", "openstreetmap_id": "way/294246221"}, "geometry": {"type": "Point", "coordinates": ["9.28503688613744", "47.0944254"]}}, {"type": "Feature", "properties": {"identifier": "e141e86a-91e4-499f-b4a2-6aa0ec8a2c43", "name": "Hotel Sportcenter F\u00fcnf D\u00f6rfer AG", "description": "<div><p>Das Hotel Sportcenter F&uuml;nf D&ouml;rfer in Zizers verbindet 3-Sterne-Komfort mit einem umfassenden Sportangebot. Die 34 gem&uuml;tlichen Doppelzimmer (auch zur Einzelbelegung) bieten modernen 3-Sterne-Standard mit Zimmertresor, gratis WLAN, TV, Schreibtisch sowie Dusche/WC.</p><p>Im &ouml;ffentlichen Restaurant mit Gartenterrasse werden regionale, internationale und gutb&uuml;rgerliche Speisen serviert &ndash; perfekt f&uuml;r Sportlerinnen und Sportler sowie f&uuml;r erholungssuchende G&auml;ste.</p><p>F&uuml;r sportliche Aktivit&auml;ten stehen das ganze Jahr &uuml;ber vier gelenkschonende Tennispl&auml;tze in der Tennishalle sowie vier Squash-Boxen zur Verf&uuml;gung. Von Mai bis September erg&auml;nzen zwei Badminton-Felder das Angebot. Tennisunterricht, Turniere, attraktive Mietpreise und ein ausgew&auml;hltes Sortiment an Sportartikeln runden das Sportangebot ab.</p><p>Ob Tennis, Squash oder Badminton &ndash; das Sportcenter F&uuml;nf D&ouml;rfer ist die ideale Adresse f&uuml;r alle, die Bewegung, Spass und Gastfreundschaft kombinieren m&ouml;chten.</p></div>", "url": "https://www.hotel-5doerfer.ch", "image": "https://ostpimtsoch.sos-ch-dk-2.exoscale-cdn.com/catalog/0/2/b/5/02b57dfe9d642defd94ecb9950a19f1e793dec39_5c3920fb87fa80039dd69d6740c85054.JPG", "openstreetmap_id": "node/4316337334"}, "geometry": {"type": "Point", "coordinates": ["9.557869434356691", "46.91956678293475"]}}, {"type": "Feature", "properties": {"identifier": "e1652746-4ea7-496e-9b67-a545f5242362", "name": "Chalet Wieseh\u00f6ckli (CharmingStay)", "description": "Das kleine 3-Zimmer-Chalet mit herrlicher Aussicht auf die Churfirsten und den Walensee befindet sich an ruhiger Lage in Flumserberg Tannenbodenalp. Zum Chalet geh\u00f6rt ein kostenloser Parkplatz.\n\nDas heimelige Ferienchalet ist gem\u00fctlich und mit viel Holz eingerichtet. Die W\u00e4nde im Wohn- und Schlafzimmer sind get\u00e4felt. Zum Chalet geh\u00f6rt ein Sitzplatz mit Chemin\u00e9e, mit Spielwiese sowie ein Aussen-Whirlpool.", "url": "https://www.charmingstay.ch", "image": "https://ostpimtsoch.sos-ch-dk-2.exoscale-cdn.com/catalog/3/8/6/d/386d9ff423aa61f6b4997cfc236169bbb779b51e_2e0ee4734a1f00bec94eb7d8d35bd24d.JPG", "openstreetmap_id": "way/294246305"}, "geometry": {"type": "Point", "coordinates": ["9.284148542062624", "47.0966193"]}}, {"type": "Feature", "properties": {"identifier": "e22f076a-10a9-4a26-ad73-c9f5cc4cfc1b", "name": "Macardo Premium B&B", "description": "Mit den 10 gem\u00fctlichen Zimmern und zwei grossz\u00fcgigen Apartments bietet Macardo Premium B&B nicht nur Komfort, sondern auch einen atemberaubenden Ausblick auf den Alpstein und den S\u00e4ntis \u2013 und das aus jedem einzelnen Zimmer. Der Tag beginnt mit einem k\u00f6stlichen und reichhaltigen Fr\u00fchst\u00fcck, das sorgf\u00e4ltig aus lokalen Delikatessen zusammengestellt wird. Im Macardo Bed & Breakfast wird das Heimweh nicht aufkeimen, doch die Sehnsucht nach dem Haus wird die G\u00e4ste sicher wieder hierher f\u00fchren!\nUnd wer mit dem Hund reist - ist auch herzlich Willkommen. \nCheck-in von 14:00 bis 24:00", "url": "https://www.macardo.ch/macardo-premium-bed-breakfast/", "image": "https://ostpimtsoch.sos-ch-dk-2.exoscale-cdn.com/catalog/c/a/c/5/cac53c8cadcda175833247196f63daa707c25773_0e459e6f8a7d7055d1df41f40a579dad.jpeg", "openstreetmap_id": "way/198217923"}, "geometry": {"type": "Point", "coordinates": ["9.035178402040664", "47.5617022"]}}, {"type": "Feature", "properties": {"identifier": "e285d961-3a3e-4026-bd40-9d567610f097", "name": "Ferienwohnung Windegg", "description": "<p>Ideal f\u00fcr Familien, Paare, Senioren, Ruhesuchende, Gesch\u00e4ftsleute, Naturfreunde usw. Abseits von L\u00e4rm und Hektik mit traumhafter Panorama-Sicht auf den Alpstein geniessen Sie hier Ihre Ferientage. Die Ferienwohnung mit separatem Eingang liegt auf 950 m. \u00fc. M. ausserhalb von Urn\u00e4sch. Die gem\u00fctliche Wohnung bietet eine moderne K\u00fcche, eine Stube und zwei Schlafzimmer. Ein grossz\u00fcgiger Garten mit viel Sonne, schattenspendenden Obstb\u00e4umen und herrlichem Weitblick l\u00e4dt zum Verweilen ein. Zahllose Wanderwege warten darauf, entdeckt zu werden. Im nahegelegenen Wald l\u00e4dt ein Tipi (inkl. Feuerstelle) auch Kinder zu Spass und Abenteuern ein. Falls sich jemand von den warmen Augen der Alpakas und Lamas ber\u00fchren lassen m\u00f6chte, wohnen diese zauberhaften Tiere nur ein paar Schritte von der Ferienwohnungst\u00fcr entfernt und k\u00f6nnen jederzeit beim Fressen, Summen und Geniessen beobachtet werden. Monika Egli heisst Sie herzlich willkommen! Preise (exkl. Kurtaxe) Ganze Wohnung CHF 850.-- pro Woche f\u00fcr 2 Personen, jede zus\u00e4tzliche Person CHF 200.--, pro Kind 2-12 J.: CHF 70.-- Bei k\u00fcrzerer Aufenthaltsdauer: 2 N\u00e4chte f\u00fcr 2 Personen CHF 80.--/Person/Nacht f\u00fcr jede zus\u00e4tzliche Person: CHF 80.--/Nacht Kinder 2-12 J.: CHF 35.--/Kind/Nacht Ab 3 N\u00e4chten f\u00fcr 2 Personen CHF 70.--/Person/Nacht Kinder 2-12 J.: CHF 25.--/Kind/Nacht Einzelbelegung ganze Wohnung ab 2 N\u00e4chten CHF 105.--/Person/Nacht Reinigung pauschal: CHF 140.--/Aufenthalt Im Preis inbegriffen sind Bett-, Bad- und K\u00fcchenw\u00e4sche. F\u00fcr die Kinder hat es zahlreiche Spielsachen zum Ben\u00fctzen und ganz viel Platz in der freien Natur. Ab zwei \u00dcbernachtungen kann von der OKSAR Ferienkarte profitiert werden. Gerne teilt Monika Egli Informationen dar\u00fcber mit.</p><p></p><p>Mindestaufenthalt: 2 N\u00e4chte </p><p></p>", "url": "https://tiererlebnishof.ch/ferienwohnung", "image": "https://ostpimtsoch.sos-ch-dk-2.exoscale-cdn.com/catalog/7/3/6/9/7369ecfac3bacd7461a5fb9ffc317090bf5953b1_c3989c8eff37c5261961a006f3fa2013.jpg", "openstreetmap_id": "987366078"}, "geometry": {"type": "Point", "coordinates": ["9.278789999999999", "47.33515"]}}, {"type": "Feature", "properties": {"identifier": "e29ef543-891c-4668-ba62-21c58ebe10de", "name": "Sonnenberg Health Hotel ", "description": "Das Paradies f\u00fcrs Wohlbefinden: Umgeben von einem atemberaubenden Bergpanorama liegt das Sonnenberg Health Hotel im erh\u00f6hten Schwellbrunn auf 972 m \u00fc. M., welches 2017 nicht ohne Grund zum sch\u00f6nsten Dorf der Schweiz gek\u00fcrt wurde. \n\nMit seiner hellgelben Fassade, den romantischen Balkonen und dem Kr\u00e4uterduft aus dem Caf\u00e9 kommt im Sonnenberg Health Hotel gewiss Ferien-Feeling auf. \n\nNur die \u00fcppige Pizza, die sucht man hier vergebens. Aus gutem Grund. Das Sonnenberg Health Hotel ist kein Hotel, in dem es ums Schlemmen geht. Ganz im Gegenteil, hier bekommen K\u00f6rper und Geist einen Energy-Booster und einen gesunden Neustart.\n\nDas Besondere an dieser Institution ist, dass sie Hotel, Restaurant und Behandlungen in einem bietet. An keinem Ort l\u00e4sst es sich ges\u00fcnder leben. Entgiftung, Ern\u00e4hrung, Verdauung und nachhaltige Kr\u00e4ftigung des Immunsystems \u2013 hier bekommt man das volle Programm.\n\nInsgesamt gibt es 3 Arztpraxen, ein Hotel mit 16 Zimmern und ein veganes Restaurant. Alle Leckerbissen werden rein pflanzlich und wo immer m\u00f6glich in Bio-Qualit\u00e4t angeboten, frisch vor Ort gekocht mit besten Zutaten.\n", "url": "https://sonnenberg-schwellbrunn.com", "image": "https://ostpimtsoch.sos-ch-dk-2.exoscale-cdn.com/catalog/5/f/3/a/5f3adb62fbb70e1552653282dc44d0e65a8eedad_b19ca5a8cf4d5739c63f7a4ade593a92.jpg", "openstreetmap_id": "way/1015261300"}, "geometry": {"type": "Point", "coordinates": ["9.249497676988582", "47.3530963953513"]}}, {"type": "Feature", "properties": {"identifier": "e3cc30c7-a2c8-4f8b-8e7e-5178605ae2b2", "name": "Haus Panorama B (Whg. Rupf)", "description": "Gem\u00fctliche 3 Zimmerwohnung mit 65m2 f\u00fcr vier Personen, mit zwei Balkons mit Berg- und Talsicht und sch\u00f6ner Aussicht auf die Churfirsten und bis Sargans. Die Wohnung ist im ersten Stock des Geb\u00e4udes, sie bietet zwei Schlafzimmer mit je zwei Betten, davon ein Etagenbett. Der grosse und helle Wohnraum mit offener K\u00fcche und Essbereich, bietet ein wunderbares Panorama. Die Wohnung verf\u00fcgt \u00fcber einen eigenen Garagenplatz.", "image": "https://ostpimtsoch.sos-ch-dk-2.exoscale-cdn.com/catalog/5/8/c/8/58c8fc991191934f710a145bc667fb0db0d75f3c_2ed185db2e25f6d7f51b6a081c51eb16.jpeg", "openstreetmap_id": "way/194824434"}, "geometry": {"type": "Point", "coordinates": ["9.304035902023317", "47.089848555645915"]}}, {"type": "Feature", "properties": {"identifier": "e3f0de19-c010-48c3-bc32-c027c9985201", "name": "Ferienstudio \u00abAltes Zollhaus\u00bb", "description": "Das \u00abAltes Zollhaus\u00bb in Uttwil bietet eine gem\u00fctliche Unterkunft mit vielen Annehmlichkeiten. G\u00e4ste haben Zugang zu einem Autoabstellplatz sowie einer abschliessbaren Fahrradbox mit Stromanschluss. Der nahe gelegene Bahnhof ist bequem zu Fuss erreichbar.\n\nDer Aussenbereich l\u00e4dt mit einem einladenden Sitzplatz zum Verweilen ein, w\u00e4hrend das leckere Fr\u00fchst\u00fcck genossen wird. Das Studio ist eine Nichtraucherzone und verf\u00fcgt \u00fcber einen einfachen Check-in.\n\nDie Gastgeber sind zwei humorvolle, offene und hilfsbereite Personen, die im selben Geb\u00e4ude wohnen. Der separate Eingang \u00fcber eine Aussenwendeltreppe f\u00fchrt direkt in die gem\u00fctliche und gut ausgestattete Wohnk\u00fcche. Dort stehen ein Mikrowellenger\u00e4t sowie eine Kapselkaffeemaschine mit einer Auswahl an Kapseln pro \u00dcbernachtungstag zur Verf\u00fcgung. Es gibt auch eine Auswahl an Gew\u00fcrzen, Tee, Essig und \u00d6l.\n\nIm Wohnbereich gibt es eine einladende Sitzecke. Das Schlafzimmer bietet zwei Betten (90x200), die zu einem Doppelbett zusammengestellt oder einzeln genutzt werden k\u00f6nnen. Es gibt ausreichend Stau- und Ablagefl\u00e4chen sowie Verdunklungsvorh\u00e4nge und Insektengitter in allen R\u00e4umen.\n\nDas Badezimmer verf\u00fcgt \u00fcber eine ger\u00e4umige, begehbare Dusche, einen Spiegelschrank, einen Haartrockner, ein Lavabo und eine Toilette. Zur Unterhaltung stehen WLAN und ein Fernsehger\u00e4t zur Verf\u00fcgung.\n\nEs gelten gesetzliche Ruhezeiten, und die Unterkunft ist keine Partylocation. Haustiere sind nicht erlaubt.", "url": "https://ferienstudio-altes-zollhaus-uttwil.ch/", "image": "https://ostpimtsoch.sos-ch-dk-2.exoscale-cdn.com/catalog/0/a/9/2/0a92ceb0e2c6a743f9108cb6de47420ddd7f0f10_e723fc92defc66ad693995fe140db6a3.jpg", "openstreetmap_id": "way/257364968"}, "geometry": {"type": "Point", "coordinates": ["9.343668099999999", "47.58545205"]}}, {"type": "Feature", "properties": {"identifier": "e496d6b4-8b05-425f-9e37-e6b3877d2eff", "name": "Ferienwohnig ufem Berg", "description": "<p>Um unser Haus herum hat es viel Platz zum spielen. Verschiedene Freizeitm&ouml;glichkeiten in Herisau sind schnell erreichbar: wie Sportzentrum, grosser Spielplatz, Appenzellerpark mit einem der gr&ouml;ssten Bagger der Welt, sowie Kinderpardies Sedel. S&auml;ntispark, Stausee, Walter Zoo, Schauk&auml;serei und Museen in den Nachbargemeinden. St. Gallen, Bodensee, Appenzell und Alpstein sind in max. 30. Automin. erreichbar. In der heimeligen Dachwohnung befindet sich eine gem&uuml;tliche Kochnische mit neuem Wohnzimmer, ein neues Doppelzimmer mit Kinderbett, ein Doppelzimmer mit Blick zum S&auml;ntis, ein Zimmer mit Etagebett, sowie Dusche/WC. Verschiedene Raumh&ouml;hen durch Dachschr&auml;gen ab 195 cm. Gute Zufahrtsstrasse, 5 Autom. zum Zentrum, 10 Fussmin. zum Bus. <br>Wir freuen uns auf Ihren Besuch!<br><br>Preis: ab CHF 800 / Woche&nbsp;</p>", "image": "https://ostpimtsoch.sos-ch-dk-2.exoscale-cdn.com/catalog/8/f/e/8/8fe805da53607d9bc75fcf76f25bfa9052b5d99b_4a64ad3a86a697413d3bbdc082ee3071.jpg", "openstreetmap_id": "392124528"}, "geometry": {"type": "Point", "coordinates": ["9.3130565", "47.391884999999995"]}}, {"type": "Feature", "properties": {"identifier": "e5727b86-a2f5-48bb-8ab6-6475a8c69df3", "name": "Nity's Homestay im Klettgau", "description": "Freuen Sie sich auf einen Aufenthalt in meinem gem\u00fctlichen, ruhig gelegenen Wohnhaus im Herzen Klettgaus. Ob Familien, Paare oder Alleinreisende, alle sind herzlich willkommen in meinem Homestay in Neunkirch.\n\n-Das Haus bietet im obersten Stock ein sehr grosses, helles Zimmer mit eigenem Badezimmer und ist geeignet f\u00fcr bis zu 4 Personen\n-Zus\u00e4tzlich befindet sich im 2. Stock ein zweites Schlafzimmer f\u00fcr 2 Personen mit einem Doppelbett und geteiltem Badezimmer\nDer Wohnraum sowie der Gartensitzplatz dienen zur Mitbenutzung und bieten viel Platz zum Entspannen und Wohlf\u00fchlen.\nBenutzen Sie ausserdem meine K\u00fcche mit Grundausstattung zum selber Kochen. Auf Anfrage verw\u00f6hne ich Sie auch gerne mit einem feinen Thaiessen :-)\n\nZus\u00e4tzlich:\n-Parkplatz vor dem Haus\n-WLAN\n-Kostenfreier Kaffee und Tee\n-Badet\u00fccher\n-Duschmittel und Shampoo\n-Haartrockner\n-Fr\u00fchst\u00fcck auf Anfrage\n\nZum Standort:\n-10 Gehminuten zum Bahnhof und Supermarkt\n-15 Minuten mit dem Auto nach Schaffhausen, 10 Minuten mit dem Zug\n-15 Minuten mit dem Auto zum Rheinfall in Neuhausen\n-35 Autominuten vom Flughafen Z\u00fcrich Kloten entfernt\nDie Umgebung bietet dar\u00fcber hinaus sehr sch\u00f6ne Wanderwege und Radfahrstrecken in den Weinbergen des Klettgaus.\n\nBei Anfragen d\u00fcrfen Sie mich gerne direkt oder \u00fcber Airbnb kontaktieren. Auf Ihren Besuch in meinem Homestay freue ich mich.", "url": "https://www.airbnb.ch/rooms/43977386?locale=de&_set_bev_on_new_domain=1648835964_YjIwYzgzNzZlYThh&source_impression_id=p3_1648839949_kenuMcn0w%2FuN9Bxg", "image": "https://ostpimtsoch.sos-ch-dk-2.exoscale-cdn.com/catalog/1/1/e/6/11e6fc4271485e656d24d38807abcdb49b54bfba_b9e1747185f974198949ebbc4dde8756.jpg", "openstreetmap_id": "node/3215986419"}, "geometry": {"type": "Point", "coordinates": ["8.4917987", "47.686429"]}}, {"type": "Feature", "properties": {"identifier": "e6532349-7431-4f52-8a2d-9c2ab47e3eba", "name": "Ski- und Clubhaus Pfungen", "description": "<p>Das Haus befindet sich im Toggenburg auf 1050 m \u00fc. M., in einem sch\u00f6nen Ski- und Wandergebiet, direkt an der Skipiste des Skilifts Tanzboden, mit Blick auf das S\u00e4ntis-Massiv. Seit 1948 dient es dem Ski-Club Pfungen als Vereinshaus. \u00a0<br>Der gem\u00fctliche Aufenthalts- und Speiseraum bietet Platz f\u00fcr etwa 20 Personen. \u00a0<br>Die K\u00fcche ist praktisch eingerichtet und gross. \u00a0<br>Im Keller sind gen\u00fcgend Abstell- und Lagerm\u00f6glichkeiten vorhanden. \u00a0<br>Sch\u00f6ne, gem\u00fctliche Schlafr\u00e4ume in verschiedenen Gr\u00f6ssen: \u00a0<br>1 \u00d7 6er-Zimmer (Kaj\u00fctbetten) \u00a0<br>1 \u00d7 8er-Zimmer (Kaj\u00fctbetten und Massenlager) \u00a0<br>1 \u00d7 12er-Massenlager \u00a0<br>1 \u00d7 Leiterst\u00fcbli (4er-Zimmer) mit Tisch und St\u00fchlen, 2 Kaj\u00fctbetten und 2 Einzelbetten \u00a0<br>Waschr\u00e4ume: je einer f\u00fcr Damen und Herren. \u00a0<br>WC: je 2 f\u00fcr Damen und Herren. \u00a0<br>Dusche: je eine f\u00fcr Damen und Herren.</p>", "url": "https://www.sc-pfungen.ch/", "image": "https://ostpimtsoch.sos-ch-dk-2.exoscale-cdn.com/catalog/0/a/6/e/0a6e76abd084afff2db6c707cd55b880216df5e7_9c03c9c570347b84b1ffcea7e4d749f4.jpg", "openstreetmap_id": "node/2810121952"}, "geometry": {"type": "Point", "coordinates": ["9.11277", "47.24676"]}}, {"type": "Feature", "properties": {"identifier": "e739d7fa-a384-4771-b4c7-f3260ff2835b", "name": "Auberge Adler, Fl\u00e4sch", "description": "Die Auberge Adler befindet sich mitten im Weindorf Fl\u00e4sch. In Fl\u00e4sch geniessen Sie die Ruhe und den Charme des idyllischen Weinbaudorfs.\nIm G\u00e4stehaus befindet sich das Gourmetrestaurant Adler. Zahlreiche Aktivit\u00e4ten wie die Tamina Therme, das Skigebiet Pizol und das Fashion-Outlet Landquart befinden sich nur wenige Fahrminuten entfernt.\n\nG\u00e4stezimmer\nDie harmonische Kombination aus historisch und modern verleiht jedem Zimmer seinen eigenen Charme. In unserer Auberge erwarten Sie, vier stilvoll eingerichtete Doppelzimmer mit Blick ins Weinbauerndorf Fl\u00e4sch. Jedes Zimmer verf\u00fcgt \u00fcber ein Badezimmer mit Dusche und WC.\n\nRestaurant Adler\nIn unserem Gourmetrestaurant Adler servieren wir hausgemachte und regionale K\u00f6stlichkeiten, welche direkt von Siggi Tschurtschenthaler und seinem Team zubereitet werden. Ein Hauch S\u00fcdtirol - die Heimat von Siggi -  darf bei den Kreationen aus der Gourmetk\u00fcche nicht fehlen.", "url": "https://www.adlerflaesch.ch/gaestezimmer.html", "image": "https://ostpimtsoch.sos-ch-dk-2.exoscale-cdn.com/catalog/6/f/0/e/6f0ec1dd0079d3c16ac06b5d0723564ef25cc8eb_b99dfa5ebdfd9837ee2b492ce27f9fd7.jpg", "openstreetmap_id": "way/258989581"}, "geometry": {"type": "Point", "coordinates": ["9.51325681496726", "47.02653735"]}}, {"type": "Feature", "properties": {"identifier": "e744b447-4b90-4651-b059-05d2f642bb12", "name": "TCS Camping Flaach am Rhein", "description": "<p>Es gibt 1000 Gelegenheiten, den Aufenthalt zu geniessen. Der Camping liegt direkt am Ufer des Rheins, eingebettet im Naturschutzgebiet &laquo;Thurauen&raquo;. Parzellen: teils im Wald, teils auf der Wiese oder am Wasser. Breites Angebot an Miet- und Glamping-Unterk&uuml;nften. Grosses Schwimmbad. Distanzen: Flughafen Z&uuml;rich 20 km, Winterthur 15km.</p>", "url": "https://www.tcs.ch/de/camping-reisen/camping/alle-campingplaetze/camping-flaach-am-rhein.php", "image": "https://ostpimtsoch.sos-ch-dk-2.exoscale-cdn.com/catalog/3/4/0/c/340cf9a4c79aefc42b518747b181a2301d9ad5fb_89960ae147f3022d9e2cb88a6cce1778.jpg", "openstreetmap_id": "way/287500670"}, "geometry": {"type": "Point", "coordinates": ["8.582056047531779", "47.57913725"]}}, {"type": "Feature", "properties": {"identifier": "e790b2f1-52ba-4b73-88ac-7f70df84cc60", "name": "Radisson Blu Hotel St.Gallen", "description": "<p data-start=\"217\" data-end=\"476\">Nur wenige Minuten von der historischen Altstadt entfernt und direkt gegen&uuml;ber dem OLMA Messegel&auml;nde gelegen, ist das Radisson Blu Hotel St.Gallen ein idealer Ausgangspunkt f&uuml;r Gesch&auml;ftsreisen, St&auml;dteurlaube und Ausfl&uuml;ge in die Ostschweiz.</p><p data-start=\"478\" data-end=\"742\">Das Hotel verf&uuml;gt &uuml;ber 123 Zimmer und Suiten sowie moderne Seminar und Veranstaltungsr&auml;ume. Im hoteleigenen Restaurant geniessen G&auml;ste saisonale Gerichte, w&auml;hrend die Hotelbar zum entspannten Ausklang des Tages einl&auml;dt. Zus&auml;tzlich befindet sich ein Casino im Haus.</p><p data-start=\"744\" data-end=\"1039\" data-is-last-node=\"\" data-is-only-node=\"\">Dank der zentralen Lage erreichen G&auml;ste die St.Galler Altstadt, den Stiftsbezirk UNESCO Weltkulturerbe sowie zahlreiche kulturelle Sehensw&uuml;rdigkeiten bequem. Auch das Appenzellerland und der Bodensee sind schnell erreichbar und bieten vielf&auml;ltige M&ouml;glichkeiten f&uuml;r Natur und Freizeiterlebnisse.</p>", "url": "https://www.radissonhotels.com/de-de/hotels/radisson-blu-st-gallen", "image": "https://ostpimtsoch.sos-ch-dk-2.exoscale-cdn.com/catalog/7/e/5/8/7e58842fc8c4cf8a0492de160e9d18bbe3927377_e592dd8300a2e50f9d00addac24137df.jpg", "openstreetmap_id": "node/538033362"}, "geometry": {"type": "Point", "coordinates": ["9.3804123", "47.4310891"]}}, {"type": "Feature", "properties": {"identifier": "e7f68b90-1030-46b3-8d67-595b841ca2af", "name": "Haus Alpina (CharmingStay)", "description": "Das Haus Alpina liegt in Tannenboden Dorf an Top-Lage. Die Bergbahnen sind nur ca. 3 Gehminuten entfernt. Die Wohnung verf\u00fcgt \u00fcber eine wundersch\u00f6ne Aussicht auf das Skigebiet und das Bergpanorama. Aussenparkpl\u00e4tze und Garagen stehen kostenlos zur Verf\u00fcgung.\n\nDetails zur Ferienwohnung\n- 1x 2.5-Zimmerwohnung im zweiten Stock\n\nDie Wohnung verf\u00fcgt \u00fcber ein offenes, ger\u00e4umiges und gem\u00fctliches Wohnzimmer mit Sofa und Flachbild-TV. Die K\u00fcche bietet Herd, Backofen, K\u00fchlschrank, Geschirrsp\u00fcler, Toaster, Kaffeemaschine, Wasserkocher, Fondue- und Raclette-Set. Die Ferienwohnung verf\u00fcgt ebenfalls \u00fcber einen Balkon.", "url": "https://www.charmingstay.ch", "image": "https://ostpimtsoch.sos-ch-dk-2.exoscale-cdn.com/catalog/c/5/8/4/c5845845009e4086155bd38e005e0a98e2cdbe76_451177125dc04a5f6521da85d943ae22.jpeg", "openstreetmap_id": "way/294246219"}, "geometry": {"type": "Point", "coordinates": ["9.283183944204325", "47.0941143"]}}, {"type": "Feature", "properties": {"identifier": "e8413db3-b66e-4a82-b398-1f769f8759c3", "name": "Appartementhaus Quadern (5 Wohnungen)", "description": "<p>Das Appartementhaus Quadern befindet sich im Dorfzentrum von Valens, in unmittelbarer N&auml;he zur Reha-Klinik. Das ruhig gelegene Mehrfamilienhaus verf&uuml;gt &uuml;ber eine grossz&uuml;gige Umgebung. Die Ferienwohnungen sind im Geb&auml;ude mit 32-Eigentumswohnungen integriert. Wenige Schritte vom Haus entfernt befinden sich Einkaufsm&ouml;glichkeiten sowie Postautohaltestellen. Durch die hervorragende Erreichbarkeit ab Bad Ragaz &uuml;ber die gr&ouml;sste Bogenbr&uuml;cke der Schweiz ist Valens zu jeder Jahreszeit attraktiv. Umgeben von beeindruckender Bergwelt erholen Sie sich am Ausgangspunkt f&uuml;r Ausfl&uuml;ge zum Wandern, Biken, Schwimmen und vielem mehr. Details der einzelnen Ferienwohnungen - 1 x 1.-Zimmerwohnung im Dachgeschoss (B302) - 1 x 2.5-Zimmerwohnungen im Erdgeschoss (A001) - 1 x 2.5-Zimmerwohnung im 1. Obergeschoss (A102) - 2 x 2.5-Zimmerwohnung im 2. Obergeschoss (B201 &amp; B202) Die Wohnungen verf&uuml;gen alle &uuml;ber einen ger&auml;umigen und gem&uuml;tlichen Wohnraum und offene Einbauk&uuml;che. Badezimmer mit Dusche oder Badewanne, WC, Lavabo, Waschmaschine. Grosser Balkon mit Liegest&uuml;hlen und Tisch mit St&uuml;hlen.</p>", "url": "https://www.appartementhaus-quadern.ch/", "image": "https://ostpimtsoch.sos-ch-dk-2.exoscale-cdn.com/catalog/4/b/0/1/4b01b827b53dedf6a78874a453bc45e7145c8e6c_73961fe3106fb753ddc7f23e6d52c5a6.jpg", "openstreetmap_id": "way/883151729"}, "geometry": {"type": "Point", "coordinates": ["9.482333064079286", "46.970758714037245"]}}, {"type": "Feature", "properties": {"identifier": "e8bb12a6-ccf9-4e6c-8f94-65fe1fa0fb8e", "name": "adfontes Ferien- & Wellnessappartements ", "description": "Ein Resort wird zum Zuhause f\u00fcr Geniesser. Unsere DreamLocations sind liebevoll eingerichtet und bieten unseren G\u00e4sten f\u00fcr Ferien, f\u00fcr einen Kuraufenthalt nach Operationen oder einfach einen Wochenendaufenthalt mit allen M\u00f6glichkeiten f\u00fcr Wellness und Anwendungen ein Zuhause in bezaubernder Atmosph\u00e4re. Die herrlich ruhige Lage und ein Garten zum Tr\u00e4umen f\u00fcr naturnahe Entspannung.\n\nIn unserem Orangerie Relaxingroom, umgeben von sch\u00fctzenden B\u00e4umen gelingt es Ihnen den Alltag hinter sich zu lassen und ein herrliches Freizeitfeeling zu entwickeln.", "url": "http://www.adfontes-wellness.ch/", "image": "https://ostpimtsoch.sos-ch-dk-2.exoscale-cdn.com/catalog/4/0/a/3/40a3b14511c00c5f556e61ff7334128bf3ffddc9_d1278ec1ff241d6071670fc82fcef835.jpg", "openstreetmap_id": "way/409157250"}, "geometry": {"type": "Point", "coordinates": ["9.504106681372097", "47.0062851"]}}, {"type": "Feature", "properties": {"identifier": "e8fb9d91-185f-494d-9070-c4ac2e9d1c70", "name": "Mehrzweckgeb\u00e4ude Bovel", "description": "Die Gruppenunterkunft Bovel in Pf\u00e4fers ist geeignet f\u00fcr Lager oder gruppen von 6 bis zu 40 Personen. Geeignet auch f\u00fcr Vereine, Familien und Guppen.Sie liegt unmittelbar am Dorfrand von Pf\u00e4fers und verf\u00fcgt \u00fcber K\u00fcche, Aufenthaltsraum, Duschen und WC. Verschiedene stockwerke mit Schlafr\u00e4umen 4x 4er Zimmer und 2x 12ers Zimmer Preis auf Anfrage.", "url": "http://www.pfaefers.ch", "image": "https://ostpimtsoch.sos-ch-dk-2.exoscale-cdn.com/catalog/d/1/9/0/d190f318c75b391824795318e6626305e360db95_8fb35d74052dc2fb3ba74dbfa10fa8ee.jpg", "openstreetmap_id": "way/335111278"}, "geometry": {"type": "Point", "coordinates": ["9.497092093410085", "46.98761748368809"]}}, {"type": "Feature", "properties": {"identifier": "e923a722-8594-41ef-8a45-9caae54cec17", "name": "Gasthaus Schupfen", "description": "Erstklassige, gartenfrische und naturbelassene K\u00fcchengen\u00fcsse erwarten den Feinschmecker im Restaurant Schupfen. Der Schupfen ist ein Anwesen mit \u00fcber 650-j\u00e4hriger Geschichte. Im zauberhaften Ambiente, direkt am Rheinufer geniesst man frische, am Lauf der Jahreszeiten orientierte Spezialit\u00e4ten aus regionaler Herkunft. Den Ausblick und den Augenblick geniessen, essen, trinken und gl\u00fccklich sein in naturnaher Atmosph\u00e4re.", "url": "http://schupfen.ch/", "image": "https://ostpimtsoch.sos-ch-dk-2.exoscale-cdn.com/catalog/3/e/d/0/3ed01c42987d145cd440c115e93cc1b6cc82a41f_793bc3ba05ca815cc34c6dfc367aef68.jpg", "openstreetmap_id": "node/454835927"}, "geometry": {"type": "Point", "coordinates": ["8.7854282", "47.6752685"]}}, {"type": "Feature", "properties": {"identifier": "e983fa05-c7a7-4ccd-91e7-9037bcfabe24", "name": "Gruppenunterkunft Berghaus Pfadiheim Sunnebode Tannenheim Flumserberg", "description": "Das Pfadiheim Sunnebode liegt im sch\u00f6nen Erholungsgebiet der Flumserberge 1200 Meter \u00fcber Meer. Es ist ruhig und in verkehrsfreier Umgebung gelegen, mit wundersch\u00f6ner Aussicht ins Seeztal und die benachbarten Churfirsten. Das Haus wurde 1995 renoviert und umgebaut.\n\nIdeal f\u00fcr Weekends und Lager. Maximum 35 Personen.", "url": "https://www.heimverein-gloggi.ch/sunnebode/", "image": "https://ostpimtsoch.sos-ch-dk-2.exoscale-cdn.com/catalog/d/c/e/6/dce6df504b3501643d8bdcc0278d958cca1f8393_63a4fce2ba3f1055c845dbc46e4a783a.jpg", "openstreetmap_id": "way/205538792"}, "geometry": {"type": "Point", "coordinates": ["9.296868060775422", "47.0941181"]}}, {"type": "Feature", "properties": {"identifier": "ea5e2c37-de76-446c-a852-e49a20a8ef09", "name": "BnB Alpenblick", "description": "<p>Im 10 km von Wil entfernten L&uuml;tisburg bietet Ihnen das BnB Alpenblick eine sch&ouml;ne Sonnenterrasse sowie einen h&uuml;bschen Garten. Das WLAN im gesamten Geb&auml;ude und die Privatparkpl&auml;tze am Haus nutzen Sie kostenfrei. Die Zimmer verf&uuml;gen &uuml;ber einen Sitzbereich mit einem Flachbild-Kabel-TV. Geniessen Sie das reichhaltige, leckere Fr&uuml;hst&uuml;ck mit nat&uuml;rlichen Produkten. Das n&auml;chste Restaurant und ein Lebensmittelgesch&auml;ft befinden sich 600 m entfernt. St. Gallen erreichen Sie mit dem Auto nach 30 Minuten. Der Bahnhof L&uuml;tisburg befindet sich 2,5 km und die Bushaltestelle 200 m von der Unterkunft entfernt. Infrastruktur f&uuml;r Zweir&auml;der: - Steckdose f&uuml;r Ladeger&auml;t E-Bike - Veloraum.</p><p>&nbsp;</p><p><span data-teams=\"true\">Auskunft zur Zug&auml;nglichkeit: <a id=\"menurdvq\" class=\"fui-Link ___1q1shib f2hkw1w f3rmtva f1ewtqcl fyind8e f1k6fduh f1w7gpdv fk6fouc fjoy568 figsok6 f1s184ao f1mk8lai fnbmjn9 f1o700av f13mvf36 f1cmlufx f9n3di6 f1ids18y f1tx3yz7 f1deo86v f1eh06m1 f1iescvh fhgqx19 f1olyrje f1p93eir f1nev41a f1h8hb77 f1lqvz6u f10aw75t fsle3fq f17ae5zn\" href=\"https://www.ginto.guide/entries/1f506cf9-0416-433e-b973-06be0699591c?lnk_src=business\" target=\"_blank\" rel=\"noopener\" aria-label=\"Link OK:GO\">ginto</a></span></p>", "url": "https://bnb-alpenblick.business.site", "image": "https://ostpimtsoch.sos-ch-dk-2.exoscale-cdn.com/catalog/3/4/d/3/34d36ea25fe0a1c6a15b3508e4ab7e2943e80174_a45b2dd358a59981c57f8fe868596f23.jpg", "openstreetmap_id": "node/2384619564"}, "geometry": {"type": "Point", "coordinates": ["9.084014", "47.397894"]}}, {"type": "Feature", "properties": {"identifier": "ea8461e0-2e7c-44ef-bbf0-292005dc155d", "name": "WeinFassHotel R\u00fcedi", "description": "Wir bieten als weltweit einziges Hotel, den G\u00e4sten die M\u00f6glichkeit, in uralten Eichenf\u00e4ssern, in einem unseren neuen Hotel-Fasszimmer mit moderner Einrichtung zu \u00fcbernachten, oder in unsere stylischen R\u00e4bh\u00fc\u00fcsli (Bungalow) zu geniessen.\n Eines davon als Badh\u00fc\u00fcsli mit Whirlpool. Entspannung ist hier unumg\u00e4nglich!\nTags\u00fcber ist ein Besuch am Rheinfall, der Altstadt von Schaffhausen oder eine Rheinfahrt nach Stein am Rhein schon fast ein Muss. Ob zu Fuss, oder mit dem E-Bike, es darf auch ein normales Fahrrad sein, die zahlreichen ausgeschilderten Routen bieten eine Vielzahl von M\u00f6glichkeiten die Regio zu erkunden. So haben unser G\u00e4ste den n\u00f6tigen Appetit, um in den umliegenden Restaurants sich die regionalen K\u00f6stlichkeiten zu geniessen. Und dazu nat\u00fcrlich ein hiesiges Glas Wein!", "url": "http://www.rueedi-ferien.ch/", "image": "https://ostpimtsoch.sos-ch-dk-2.exoscale-cdn.com/catalog/b/9/2/f/b92ff174abe3b682463057b3a625c97dbda5936b_676e9d1c7cd5290b6ed959375a66e359.jpg", "openstreetmap_id": "way/282454755"}, "geometry": {"type": "Point", "coordinates": ["8.429759930854129", "47.667436699999996"]}}, {"type": "Feature", "properties": {"identifier": "eb134a6f-b4ec-4e72-8150-0eb788c59b92", "name": "Haus MiLu", "description": "Die G\u00e4ste bewohnen die gem\u00fctliche Mansarden-Wohnung im Dachgeschoss mit separatem Eingang. Die Wohnung verf\u00fcgt \u00fcber einen hellen Wohnbereich mit Alpsteinblick, gratis WLAN, einem Fernseher mit Videoger\u00e4t, einer offenen, gut ausgestatteten K\u00fcche mit Essbereich, zwei grossz\u00fcgige Schlafzimmer f\u00fcr insgesamt 2 bis 4 Personen mit separatem Waschbecken und Dusche/WC. \n\nZus\u00e4tzlich ist ein kleiner Balkon (Raucher) im Treppenhaus und der Vorgartensitzplatz f\u00fcr die G\u00e4ste reserviert. Es steht ein Parkplatz und Veloabstellplatz zur Verf\u00fcgung.\n\nNeu ab Mai 2024: Ladestation f\u00fcr E-Autos und E-Bikes direkt beim Haus.", "url": "https://www.hausmilu.ch/", "image": "https://ostpimtsoch.sos-ch-dk-2.exoscale-cdn.com/catalog/a/a/9/1/aa912323fdcd50766c22417a458a807b130b3ffb_09e627308c46e77af1e30561edf45ae5.png", "openstreetmap_id": "way/98521724"}, "geometry": {"type": "Point", "coordinates": ["9.422192571869228", "47.51663565611983"]}}, {"type": "Feature", "properties": {"identifier": "eb2f2db0-26ee-4a03-879b-378208c5b93f", "name": "Chalet Windegg (CharmingStay)", "description": "Die sch\u00f6ne Wohnung befindet sich im Zentrum vom Tannenheim, Flumserberg. In unmittelbarer N\u00e4he befindet sich die Ski- und Schlittelpiste sowie im Sommer ein wundersch\u00f6ne Wander- und Bikegebiet. Ebenfalls ist das Hallenbad direkt neben der Wohnung. ", "url": "https://www.charmingstay.ch", "image": "https://ostpimtsoch.sos-ch-dk-2.exoscale-cdn.com/catalog/6/8/9/9/6899539bc00900dd681b518a1915604f8b787f8b_56d10176412470a13798a78a9f6d0c9e.jpg", "openstreetmap_id": "way/325408029"}, "geometry": {"type": "Point", "coordinates": ["9.29743552673245", "47.0909726"]}}, {"type": "Feature", "properties": {"identifier": "ec2ef367-c896-4274-85c0-da8ba5436b2c", "name": "Mehrzweckgeb\u00e4ude Allmend", "description": "Zentral gelegene Unterkunft f\u00fcr Ferienlager und Milit\u00e4r bis 140 Personen. Saal mit B\u00fchne, Festbestuhlung 250 Personen, Konzertbestuhlung 330 Personen. Gut geeignet f\u00fcr Vereinsanl\u00e4sse. Preis auf Anfrage.", "image": "https://ostpimtsoch.sos-ch-dk-2.exoscale-cdn.com/catalog/3/b/0/2/3b02f3fcf12e9c9babdee82bf7e51fc4707d9c6c_37129ef987e565cb1051cfe1942a9919.jpg", "openstreetmap_id": "way/109161199"}, "geometry": {"type": "Point", "coordinates": ["9.503838694536727", "47.00347755"]}}, {"type": "Feature", "properties": {"identifier": "eca22aae-f891-40b3-bc58-78c7868285ee", "name": "Chr\u00fcterh\u00fctte", "description": "Unsere Clubh\u00fctte liegt auf 1400 m und diente fr\u00fcher als Maiens\u00e4ss. Sie befindet sich mitten in einer Skipiste oder im Sommer auf einer Alpweide. Sie kann heute zu einem sehr g\u00fcnstigen Preis gemietet werden. Die Clubh\u00fctte wurde im Sommer 2010 renoviert und pr\u00e4sentiert sich wieder in einem heimeligen und hervorragenden Zustand. Die H\u00fctte ist mit dem Auto oder mit den \u00f6ffentlichen Verkehrsmitteln, das heisst mit dem Postauto ab Flums oder mit der Luftseilbahn ab Unterterzen, erreichbar. Die letzten 200 m zur Chr\u00fcterh\u00fctte werden dann zu Fuss zur\u00fcckgelegt.\n\nDas Clubhaus ist einfach eingerichtet, wurde im Sommer 2010 renoviert und pr\u00e4sentiert sich wieder in einem heimeligen und fantastischen Zustand.", "url": "https://skiclub-flumserberg.ch/chrueterhuette/", "image": "https://ostpimtsoch.sos-ch-dk-2.exoscale-cdn.com/catalog/7/1/7/1/71711ef2950a7580d78f7f4b89a2303feb8c7911_06d02c934950d48df5f32d1b83ad8319.jpg", "openstreetmap_id": "4708541"}, "geometry": {"type": "Point", "coordinates": ["9.283576011657717", "47.091046284227026"]}}, {"type": "Feature", "properties": {"identifier": "ecac38be-681f-436e-a613-bebbeafe92d1", "name": "Skihaus Sunneschy", "description": "Unser \u00abSkihaus Sunneschy\u00bb liegt im Tannenheim rechts an der Strasse von Flums nach Flumserberg gegen\u00fcber dem Feuerwehrdepot M\u00e4tzwiese. 5 Minuten zu Fuss bis ins Tannenheim: Bergbahn Prodalp-Express, Aparthotel Edy Bruggmann, sonderBar, Postautohaltestelle, Sportshop. Ideal ab 10 bis 20 Personen. Es bietet 4 Mehrbettzimmer mit insgesamt 25 Liegepl\u00e4tzen. F\u00fcr gr\u00f6ssere Gruppen kann das Massenlager mit total 22 Pl\u00e4tzen und zwei Doppelzimmer (f\u00fcr das Leiter-/K\u00fcchenteam) dazu gemietet werden. Ausstattungen - K\u00fcche - sch\u00f6ner Ess- und Aufenthaltsraum - B\u00fcro / kleiner Wohnraum - 4 Zimmer (5er, 6er, 2 x 7er) - 2 Waschr\u00e4ume - 2 Duschen, 2 WC\u2019s, 1 Pissoir - Garderobenraum - Skiraum - Keller mit Waschmaschine und kleinem Tumbler - grosse Spielwiese. - Massenlager und 2 Doppelzimmer \u2013 optional bei grossen Gruppen", "url": "http://www.hotelbruggmann.ch/index.php/sunneschy", "image": "https://ostpimtsoch.sos-ch-dk-2.exoscale-cdn.com/catalog/a/b/f/3/abf3c3b963c291feee26bd95c51844fe1a1e03e5_99c73ca85e9a8f95d9733f89ef3cd447.png", "openstreetmap_id": "way/383765136"}, "geometry": {"type": "Point", "coordinates": ["9.304622161604218", "47.0913418"]}}, {"type": "Feature", "properties": {"identifier": "ed8bdc8f-ad53-4f7e-ac67-67a7181c09ea", "name": "Gruppenunterkunft Berghaus Pfadiheim Parmort M\u00e4dris \u2013 Vermol bei Mels", "description": "Die Gruppenunterkunft im Berghaus Pfadiheim Parmort liegt auf der Alp Hochschwendi ob  M\u00e4dris \u2013 Vermol bei Mels Kanton St. Gallen auf 1300 Meter \u00fcber Meer. N\u00e4he vom Naturschutzgebietes \u00abChapfensee\u00bb in der freien Natur.\n\nDas Haus eignet sich sehr gut f\u00fcr Lager und Weekends aller Art. Im Sommer l\u00e4dt die vielf\u00e4ltige Umgebung zu Wanderungen, Naturbeobachtungen und zum Baden ein. Im Winter zu Schneeschuhwandern, Ski- und Snowboardtouren, abseits von Bahnen und Liften.", "url": "https://www.heimverein-gloggi.ch/parmort/", "image": "https://ostpimtsoch.sos-ch-dk-2.exoscale-cdn.com/catalog/a/c/f/2/acf2084d96bc2f4be304544c8a400161ecc917e0_be646d5c7e9d03fe8832be676fa96f28.jpeg", "openstreetmap_id": "way/309821007"}, "geometry": {"type": "Point", "coordinates": ["9.36146240008042", "47.04816735"]}}, {"type": "Feature", "properties": {"identifier": "ee762de0-c014-4836-820f-6213b604b2db", "name": "Ferienhaus Margess", "description": "Chalet mit pr\u00e4chtiger Aussicht, alleinstehend. \n\nZufahrt m\u00f6glich mit Postauto, Car, PW. Ein grosser Parkplatz steht beim Haus zur Verf\u00fcgung.\n\n16 Zimmer und im 3. Stock 20 Pl\u00e4tze im Massenlager. Kalt- und Warmwasser im Zimmer, Etagendusche, Zentralheizung, Elektrogask\u00fcche. Speisesaal, Spielwiese und Grill befinden sich in der Unterkunft. \n\nGeeignet f\u00fcr Lager von 30 bis 60 Personen. Selbstkocher. Preise auf Anfrage.", "url": "http://www.margess.ch", "image": "https://ostpimtsoch.sos-ch-dk-2.exoscale-cdn.com/catalog/b/8/7/4/b8746b2f078bcc7b5468a8146fca2517c08deeac_ea399d1eb2c1d3397ecc2671d933a3fb.jpg", "openstreetmap_id": "way/293877303"}, "geometry": {"type": "Point", "coordinates": ["9.330278635025026", "47.08133048632599"]}}, {"type": "Feature", "properties": {"identifier": "f0ec8dab-eda6-4197-8952-79392bb75001", "name": "Bed & Breakfast Rosenstrasse", "description": "Im Herzen des Thurgaus, am Fusse des Ottenbergs, liegt Weinfelden. Wie der Name schon sagt, wird hier Wein produziert \u2013 sehr guter noch dazu. Das St\u00e4dtchen mit seinen vielen Riegelh\u00e4usern ist klein und s\u00fcss und guter Ausgangspunkt in alle Richtungen des Thurgaus. Das Bed & Breakfast \u00abRosenstrasse\u00bb bietet zwei liebevoll eingerichtete Zimmer an ruhiger, zentraler Lage mit separatem Eingang, wo ein kleines Biotop mit Sitzplatz gr\u00fcsst. Die Wohnung verf\u00fcgt \u00fcber eine kleine K\u00fcchenzeile ohne Herd. Toilette und Dusche werden gemeinschaftlich genutzt. Ins Dorfzentrum oder an den Bahnhof sind es nur 5 Minuten zu Fuss. Ab hier startet auch der Weinfelder Weinweg, der den Weinbau und die edlen Tropfen der Region aus einem Weinsafe erlebbar macht. In 40 Minuten ist der Flughafen Z\u00fcrich mit dem Zug erreichbar. An den Bodensee oder ins Deutsche Konstanz geht\u2019s in 20 Minuten ab Weinfelden.", "image": "https://ostpimtsoch.sos-ch-dk-2.exoscale-cdn.com/catalog/3/5/e/8/35e8d638bdad9ab71869c1b5a84ad4bcfee9def3_551f0e1a2a1af6dce5fdd3a45589015f.jpg", "openstreetmap_id": "node/10056370435"}, "geometry": {"type": "Point", "coordinates": ["9.1097205", "47.5635809"]}}, {"type": "Feature", "properties": {"identifier": "f344071a-a284-4661-b92f-08e14dbaa57d", "name": "Stellplatz Feuerwehrdepot Pf\u00e4fers", "description": "<p>Der Stellplatz befindet sich auf dem Kiesparkplatz zwischen dem Feuerwehrdepot Bovel und dem Altersheim Montaluna in Pf&auml;fers. Der Platz liegt ruhig am Dorfrand und ist ideal gelegen f&uuml;r Naturfreunde und Wanderbegeisterte.<br>Nur wenige Gehminuten entfernt befindet sich die eindrucksvolle Taminabr&uuml;cke, die gr&ouml;sste Bogenbr&uuml;cke der Schweiz. Direkt ab dem Stellplatz f&uuml;hren Wanderwege in die eindr&uuml;ckliche Taminaschlucht und zum geschichtstr&auml;chtigen Alten Bad Pf&auml;fers. Eine Reservation oder Buchung ist nicht m&ouml;glich.&nbsp;Wir bitten um Verst&auml;ndnis.</p>", "url": "https://www.verkehrsverein-pfaefers.ch", "image": "https://ostpimtsoch.sos-ch-dk-2.exoscale-cdn.com/catalog/6/9/6/e/696ee61525d792ca8ccab1134a183f9cb842052c_66ba2213e441e76ee971eefd3054ab11.jpeg", "openstreetmap_id": "way/979939791"}, "geometry": {"type": "Point", "coordinates": ["9.496382474899294", "46.98784259493995"]}}, {"type": "Feature", "properties": {"identifier": "f390c89b-0574-471e-95ef-ca82d4fc1f56", "name": "Chalet Bergruh", "description": "Gem\u00fctliches Holzhaus, renoviert, f\u00fcr Gruppen bis 42 Personen. Selbstversorger, Massenlager, moderne K\u00fcche und Nassr\u00e4ume. Liegt direkt an der Piste. 4 Parkpl\u00e4tze vor dem Haus. Ganzj\u00e4hrig buchbar.", "image": "https://ostpimtsoch.sos-ch-dk-2.exoscale-cdn.com/catalog/e/3/c/a/e3ca7a5fd7b5757434590f6c559af2f655fa8b87_c784db0b998c7e1f900d7bb9067aca3e.jpg", "openstreetmap_id": "way/325407936"}, "geometry": {"type": "Point", "coordinates": ["9.302110716849313", "47.087731000000005"]}}, {"type": "Feature", "properties": {"identifier": "f4c24e03-e6f0-4b81-a8ec-de90811c6502", "name": "Campingplatz Schafbergblick", "description": "<p>Unser Campingplatz bietet 64 Ganzjahrespl&auml;tze, 10 Winterstandpl&auml;tze und eine grosse Zeltwiese. Ein gem&uuml;tliches Beizli und ein einladender Aufenthaltsraum sorgen f&uuml;r das Wohl unserer G&auml;ste.</p><p>&nbsp;</p><p>Auskunft zur Zug&auml;nglichkeit:&nbsp;<a href=\"https://www.ginto.guide/entries/58cb6fe4-0dc2-4672-a523-61f6c5d8dd32?lnk_src=business\" target=\"_blank\" rel=\"noopener\">ginto</a></p>", "url": "http://www.schafbergblick.ch/", "image": "https://ostpimtsoch.sos-ch-dk-2.exoscale-cdn.com/catalog/c/3/e/9/c3e9a5dcfd5fa5a3e6948bf1b17b5f490b6c942b_142ca852f9af6189ef7f306309bd7d69.JPG", "openstreetmap_id": "node/414879499"}, "geometry": {"type": "Point", "coordinates": ["9.360909499999934", "47.2001869"]}}, {"type": "Feature", "properties": {"identifier": "f56c4f2b-8140-4f7d-8e24-bd6799f91d77", "name": "Revier Hotel S\u00e4ntispark St.Gallen", "description": "<p>Nach dem umfassenden Umbau pr&auml;sentiert sich das Revier Hotel S&auml;ntispark mit einem aussergew&ouml;hnlichen Lifestyle-Konzept und zahlreichen Highlights wie dem neuen <a href=\"https://saentispark.revierhotels.com/de/gastronomie\" target=\"_blank\" rel=\"noopener\">Restaurant Roots</a>, der trendigen <a href=\"https://saentispark.revierhotels.com/de/restaurant-roots/the-fox-house-bar\" target=\"_blank\" rel=\"noopener\">Fox House Bar</a> oder der grossz&uuml;gigen Lobby mit Working-Spaces. Die Smart Studios f&uuml;r l&auml;ngere Aufenthalte, der Secret Garden f&uuml;r Ap&eacute;ros oder Gastronomie-Events sowie der liebevoll gestaltete Kids-Club bieten eine topmoderne Infrastruktur f&uuml;r Familien, Seminar- und Gesch&auml;ftsreisende.</p>", "url": "https://saentispark.revierhotels.com/de/", "image": "https://ostpimtsoch.sos-ch-dk-2.exoscale-cdn.com/catalog/8/5/1/4/851405a6a517dc0a3131eae39a950298755d3779_6181d2e964d810d933df496e01bcc765.jpg", "openstreetmap_id": "way/768586847"}, "geometry": {"type": "Point", "coordinates": ["9.3142241", "47.4174926"]}}, {"type": "Feature", "properties": {"identifier": "f655d8a0-a37d-4b76-99f5-cb1c3043e0ec", "name": "Ferienhaus Schn\u00e4ls", "description": "Das Haus liegt unterhalb des Ferienortes Flumserberg in St. Galleroberland an einer ruhigen privaten Strasse mit Blick auf die Churfirstenkette. \n\nHeimeliger Ess- und Aufenthaltsraum mit Kamin. K\u00fcche mit Gastroherd, grossem K\u00fchlschrank und Tiefk\u00fchltruhe. Die Betten sind bei Ihrer Ankunft immer frisch bezogen. Der holzget\u00e4felte Spielraum mit Tischtennis und Fussballkasten kann auch als Discoraum ben\u00fctzt werden. \n\nVor dem Haus hat es eine Grillstelle, Spielplatz mit Sandkasten und ein geteerter Ballspielplatz sowie Parkpl\u00e4tze f\u00fcr Autos. \n\nGratiseintritt in das Hallenbad Flumserberg, 4 km entfernt. \n\nGratis Gep\u00e4ckabholdienst.", "url": "http://www.ferienhaus-schnaels.ch", "image": "https://ostpimtsoch.sos-ch-dk-2.exoscale-cdn.com/catalog/a/b/f/7/abf703fb8aa7b0b52ceb6065ea8738f3375e9535_32ac6a7a7bdfe1d4bb82bd67ec02962b.jpg", "openstreetmap_id": "way/228845790"}, "geometry": {"type": "Point", "coordinates": ["9.322575330734255", "47.08549492830861"]}}, {"type": "Feature", "properties": {"identifier": "f6942904-68f4-4786-811b-17522e43a147", "name": "Kinderdorf Pestalozzi", "description": "Entdecken Sie das historische Kinderdorf Pestalozzi, wo sich Geschichte und Gegenwart auf faszinierende Weise begegnen. Starten Sie das Erlebnis mit einer interaktiven Ausstellung, die Sie zu den Urspr\u00fcngen der ZEWO-zertifizierten Stiftung zur\u00fcckf\u00fchrt. Verfolgen Sie die Entwicklung des Kinderdorfs von seiner Gr\u00fcndungsidee nach dem Zweiten Weltkrieg bis zur renommierten NGO von heute.\n\nDie Erlebniswelt im Kinderdorf Pestalozzi bietet f\u00fcr Gross und Klein viel Platz f\u00fcr Kreativit\u00e4t, spielerisches Lernen und Erholung. Die Welt setzt sich zusammen aus 10 spannenden und zugleich lehrreichen Spielm\u00f6glichkeiten und R\u00fcckzugsorten, die als Gruppe erkundet werden k\u00f6nnen. Auch f\u00fcr Eltern und Begleitpersonen sorgen unsere Spieltr\u00e4ume f\u00fcr Unterhaltung und interessante Erkenntnisse. Das Kinderdorf Wimmelbild f\u00fchrt Entdecker*innen durch das Erlebnisdorf und vermittelt spannende Fakten \u00fcber Kinderrechte, w\u00e4hrend die Riesenkugelbahn, der Balancierpfad oder die Spinnerei (Kletternetz) die Geschicklichkeit testen.\n\nFalls Sie noch etwas Hunger oder Durst versp\u00fcren sollten, bietet die Cafeteria eine Auswahl an erfrischenden Getr\u00e4nken und Snacks. Das Kinderdorf Pestalozzi verf\u00fcgt \u00fcber Einzel- und Mehrbettzimmer und heisst Einzelpersonen, Familien und Gruppen gerne willkommen. \n\nDie Erlebniswelt liegt hoch \u00fcber dem Bodensee, umgeben von den sanften H\u00fcgeln des Appenzellerlands. Es befindet sich nur 20 Minuten von St. Gallen entfernt \u2013 abseits jeglicher Hektik, in gr\u00fcner Natur und bequem mit der Appenzeller Bahn erreichbar.\n\n", "url": "https://www.pestalozzi.ch/de/erlebnis", "image": "https://ostpimtsoch.sos-ch-dk-2.exoscale-cdn.com/catalog/8/8/a/1/88a17fc6ccbe7947823a5ef9d9955f29e566e3be_37fc55425596feeb703989964e7dc4a9.jpg", "openstreetmap_id": "way/761032565"}, "geometry": {"type": "Point", "coordinates": ["9.460072924285642", "47.40328374382611"]}}, {"type": "Feature", "properties": {"identifier": "f6a55459-c0b9-4e38-8e84-c3f853beb244", "name": "Hotel Kreuzlingen am Hafen", "description": "Direkt vor dem Hotel stehen den G\u00e4sten kostenlose Parkpl\u00e4tze zur Verf\u00fcgung. In wenigen Gehminuten kann das Shopping-Center Lago, diverse Restaurants auf Schweizer und Deutscher Seite oder auch Sehensw\u00fcrdigkeiten erreicht werden. Die N\u00e4he zum Kreuzlinger und Konstanzer Hafen bietet hervorragende M\u00f6glichkeiten, Bootsfahrten oder Messebesuche in Friedrichshafen zu unternehmen. Das Hotel Kreuzlingen am Hafen liegt mitten in einem gut ausgebauten Netz \u00f6ffentlicher Verkehrsmittel. Anreisende mit dem Zug oder Bus erreichen das Hotel vom Hafenbahnhof in ca. 2 Min zu Fuss.\n\nDer stilvolle Vanillaroom und die gedeckte Terrasse vor dem Haus sind ideale R\u00fcckzugs- und Entspannungsorte. Wo morgens das Fr\u00fchst\u00fcck serviert wird, verwandelt sich abends der Vanillaroom in eine Lounge mit Barbetrieb. Eine Karte mit ausgew\u00e4hlten Weinen, Cocktails und feinen, hausgemachten Snacks l\u00e4dt zum Ap\u00e9ro oder geselligen Zusammensein ein. F\u00fcr Sp\u00e4tanreisende werden warme Speisen bis Mitternacht angeboten.", "url": "http://www.hotel-kreuzlingen.ch/", "image": "https://ostpimtsoch.sos-ch-dk-2.exoscale-cdn.com/catalog/2/4/0/f/240f4000de68446d1fa95460c6bec284381be293_0bb2a1d174ec6e5a953b7d856c83d0f9.jpg", "openstreetmap_id": "6982716027.0"}, "geometry": {"type": "Point", "coordinates": ["9.1802143", "47.6510751"]}}, {"type": "Feature", "properties": {"identifier": "f6e6f630-c631-4f50-962d-6ae0de212096", "name": "Ferienhaus Dreitann", "description": "Erreichbar mit der Pizolbahn Bad Ragaz auf 1633 m.\u00fc.M. Das Haus liegt 500 Meter neben der Bergstation Pardiel, direkt an der Skipiste und am Kinderlift. Selbstversorger oder Verpflegung in den nahegelegenen Restaurants. Die Schlafstellen sind auf 5 verschiedene R\u00e4ume aufgeteilt. Grosser Aufenthaltsraum, Waschr\u00e4ume, 2 WC's und 2 Duschen vorhanden.", "image": "https://ostpimtsoch.sos-ch-dk-2.exoscale-cdn.com/catalog/d/8/4/a/d84ac12892d5bb8f8e57016e23d1ce2b6ae03f0c_a746298833aa3467ad301aae0f0704ad.jpeg", "openstreetmap_id": "way/409077032"}, "geometry": {"type": "Point", "coordinates": ["9.467189311981201", "46.9887425812676"]}}, {"type": "Feature", "properties": {"identifier": "f88c036b-b346-4c45-90e9-aac8e699d402", "name": "J-H Schwendiwiese", "description": "Die Gruppenunterkunft J-H Schwendiwiese mit herrlicher Aussicht auf die Churfirsten liegt auf etwa 1300\u00a0m.\u00fc.M, in Flumserberg Tannenheim in der Ostschweiz. Das Haus ist auch im Winter mit Auto und Reisebus gut erreichbar. Gratis Parkpl\u00e4tze. Die Bushaltestelle ist etwa 300 m vom Haus entfernt. \n\nDie Talstation des Prodalp-Express ist nur etwa 250 m vom Lagerhaus entfernt, sodass auch Abfahrten bis vor die Haust\u00fcre m\u00f6glich sind.\n\nDer Walensee ist mit der modernen 8er-Gondelbahn in nur 12 Minuten von Tannenboden nach Unterterzen auch gut ohne Auto erreichbar. \n\nMit seinen 50 Schlafpl\u00e4tzen eignet sich dieses gem\u00fctliche Lagerhaus hervorragend f\u00fcr Schul- und Familiengruppen sowie f\u00fcr Vereinsausfl\u00fcge.\n\nUnser Haus verf\u00fcgt \u00fcber eine gut eingerichtete K\u00fcche mit Glaskeramikherd, Steamer, Geschirrsp\u00fcler, einem grossen K\u00fchlschrank sowie einer Gefriertruhe, einem Fernseher mit DVD- sowie VHS-Ger\u00e4t, Beamer und Internetanschluss. Im Sommer stehen Ihnen ein gedeckter Sitzplatz mit Tischen und B\u00e4nken, ein Tischtennistisch sowie eine Spielwiese mit Rutschbahn, Schaukel, Trampolin sowie einem Grill zu Verf\u00fcgung. \n\nDas Hallenbad ist nur etwa 10 Gehminuten von unserem Haus entfernt (30 Gratiseintritt pro Tag). \n\nAusstattung\n1 Essraum\n2 Aufenthaltsr\u00e4ume\nTotal 9 Zimmer:\n4 Zweibettzimmer \n1 Vierbettzimmer \n2 Zimmer \u00e0 8 Etagenbetten\n1 Zimmer \u00e0 10 Etagenbetten\n12 Pl\u00e4tze im Massenlager \n\nGerne senden wir Ihnen unsere Preisliste, beraten Sie am Telefon oder laden Sie zu einer unverbindlichen Hausbesichtigung ein. \n\nIm Winter wird nur das ganze Haus pauschal vermietet, mit max. 50 Schlafpl\u00e4tzen. Im Sommer nehmen wir auch kleinere Gruppen. \n\n30 Hallenbadkarten sind im Preis inbegriffen. \nSie k\u00f6nnen jeden Tag 1x benutzt werden, ausser Montag (geschlossen).\n\nDas Haus wird nur an eine Gruppe gleichzeitig vermietet.", "url": "http://www.jugend-haus.ch", "image": "https://ostpimtsoch.sos-ch-dk-2.exoscale-cdn.com/catalog/1/b/5/d/1b5dad5149bf314b7fea424d3bedc9f53a5fce5b_a0a835f2228702e88dde1a43b0e1fcfe.jpg", "openstreetmap_id": "way/325407883"}, "geometry": {"type": "Point", "coordinates": ["9.305354580430862", "47.08759595"]}}, {"type": "Feature", "properties": {"identifier": "f92a7b61-32a9-4307-b84e-955b4ac3a9b8", "name": "Mehrzweckhalle Lust, Zivilschutz- und Sportanlagen", "description": "Die zentral gelegene Sport- und Mehrzweckhalle Lust in Maienfeld wurde 2003 dem Schulsport- und Anlassbetrieb \u00fcbergeben. Die modernen R\u00e4umlichkeiten eignen sich hervorragend f\u00fcr Sportanl\u00e4sse, aber auch f\u00fcr kulturelle Veranstaltungen mit B\u00fchnennutzung. \n\nInfrastruktur Mehrzweckhalle: \n- 3-fach Turnhalle, unterteilbar\n- Zuschauergalerie im OG f\u00fcr 300 Personen\n- Duschen / Garderoben\n- B\u00fchne\n- K\u00fcche mit Geschirr f\u00fcr 500 Personen\n- Foyerbereich\n- Gymnastikraum mit Spiegelwand\n- Seminarraum mit Beamer\n- Sitzungszimmer\n- Aussensportanlage\n- geteerter Park- oder Festplatz\n- Bankett-Mobiliar f\u00fcr 600 Personen\n- 16 mobile Zuschauertrib\u00fcnen \u00e0 16 Sitzpl\u00e4tze\n- LAN / W-LAN auf Wunsch\n- Nichtraucherzone vor dem Haupteingang\n\nPreis f\u00fcr die Mehrzweckhalle auf Anfrage!\n\nMassenlager f\u00fcr 100 Personen in der Zivilschutzanlage Maienfeld.\nKeine \u00dcbernachtungsm\u00f6glichkeit in der MZH Lust.", "url": "https://www.maienfeld.ch/dienstleistungen/13821", "image": "https://ostpimtsoch.sos-ch-dk-2.exoscale-cdn.com/catalog/d/0/b/a/d0bad9e0a33bbea41ff17baab7b6b09461ad0fa8_64f4a3367de5a8a285f3d9edf0ea7541.jpeg", "openstreetmap_id": "way/118792331"}, "geometry": {"type": "Point", "coordinates": ["9.52723180317119", "47.005403650000005"]}}, {"type": "Feature", "properties": {"identifier": "f94df0e8-fc2b-4b0b-ba7b-6c202cfe7668", "name": "Gartenbungalow in Arbon", "description": "Diese freistehende kleine Ferienwohnung ist dank zwei Fensterfronten lichtdurchflutet und erfreut mit Blick in einen grossz\u00fcgigen wilden Garten. Ein eigener Sitzplatz gegen S\u00fcden, viel Holz im Innern und aussen sowie eine stilvolle Einrichtung laden zu gem\u00fctlichen Stunden fernab der Alltagshektik ein. Im Schlafzimmer mit Doppelbett und im Wohnzimmer mit Schlafsofa finden bis zu vier Personen Platz. Eine gut ausger\u00fcstete K\u00fcchenzeile, Essecke und Badezimmer, gratis Parkplatz und WLAN stehen Ferieng\u00e4sten zur Verf\u00fcgung. Zwei Klappfahrr\u00e4der laden zu Entdeckungen der Region ein, Kinderspielzeug zur Mitbenutzung unterh\u00e4lt die kleineren Besuchenden. ", "image": "https://ostpimtsoch.sos-ch-dk-2.exoscale-cdn.com/catalog/8/9/1/3/89135f5c0f1b66703449deece4e17927bfb56f9a_87edab85bdd3980bde0b57199ca7c2cb.png", "openstreetmap_id": "way/259408299"}, "geometry": {"type": "Point", "coordinates": ["9.420200354172895", "47.516425749999996"]}}, {"type": "Feature", "properties": {"identifier": "f9a285e6-e914-4c6c-8fd4-4a8fd08f35d5", "name": "Gruppenunterk\u00fcnfte im Kinderdorf Pestalozzi", "description": "<p>Ob Schulklasse, drei grosse Familien, Verein oder Unternehmen &ndash; im Kinderdorf Pestalozzi findet Ihre Gruppe den idealen Ort f&uuml;r eine unvergessliche &Uuml;bernachtung. Die Gruppenunterk&uuml;nfte in original Appenzeller H&auml;usern bieten komfortable Einzel oder Mehrbettzimmer, die mit modernen Annehmlichkeiten und einem Hauch lokaler Tradition ausgestattet sind. Die sanit&auml;ren Einrichtungen befinden sich in unmittelbarer N&auml;he zu den Zimmern und sind modern und funktional gestaltet. Jedes Haus ist zudem mit einem Aufenthaltsraum und einer Waschk&uuml;che ausgestattet. Der weitl&auml;ufige Umschwung rund um das Geb&auml;ude l&auml;dt zum Entspannen in der Natur ein, w&auml;hrend Freizeitpl&auml;tze und Grillstellen ideale Orte f&uuml;r gemeinsame Stunden bieten. Entdecken Sie die zahlreichen Wanderrouten direkt vor der Haust&uuml;r oder nehmen Sie mit Ihrer Gruppe an einem unserer Bildungsprojekte teil, die speziell darauf ausgelegt sind, Bildung zu f&ouml;rdern und pers&ouml;nliche Entwicklung sowie soziale Kompetenzen zu st&auml;rken. F&uuml;r die Verpflegung stehen verschiedene Optionen zur Verf&uuml;gung. In jedem Gruppenhaus gibt es eine gut ausgestattete K&uuml;che, die es Selbstversorgern erm&ouml;glicht, ihre Mahlzeiten selbst zuzubereiten. Es besteht jedoch auch die M&ouml;glichkeit, sich mit unserer Vollpension rundum verw&ouml;hnen zu lassen. Unser gastronomisches Konzept ist saisonal, vielseitig und auf alle Bed&uuml;rfnisse zugeschnitten.<br><br>8 Gruppenh&auml;user &agrave; 27-35 Schlafpl&auml;tzen<br>ab 2026: 11 Gruppenh&auml;user</p>", "url": "https://www.pestalozzi.ch/de", "image": "https://ostpimtsoch.sos-ch-dk-2.exoscale-cdn.com/catalog/b/2/a/1/b2a1b5793eed18aca6b8079fdd2993fb0a8c0a23_b832d3c5f2815c0279f7633131d6430f.jpg", "openstreetmap_id": "way/761032565"}, "geometry": {"type": "Point", "coordinates": ["9.459517029862655", "47.403535"]}}, {"type": "Feature", "properties": {"identifier": "fa499f62-2bcf-4e00-b6f1-cd671f256d16", "name": "Anna Schmid Puurehuus", "description": "<p>Leben im Kulturerbe<br>Ferien, Wohnen auf Zeit, Events</p><p>Das Anna Schmid Puurehuus, gebaut 1670 und k\u00fcrzlich vollst\u00e4ndig restauriert, markiert den Eingang zum alten Dorfkern Schaffhausen-Buchthalen. Unser charmantes Ferienhaus ist f\u00fcr 5 Personen eingerichtet. Ein kleiner Garten geh\u00f6rt dazu! Ankommen und Zuhause sein!</p><p>Die Scheune und/oder das W\u00f6schh\u00fc\u00fcsli mit kleinem Garten k\u00f6nnen f\u00fcr Events separat gemietet werden:<br>Weihnachtsfeier, Heiratsantrag, Tea Party, Foto Shooting, Ap\u00e9ro...<br>Die perfekte Location f\u00fcr stimmungsvolle Anl\u00e4sse im kleinen Kreis.</p>", "url": "https://www.ferienimkulturerbe.ch", "image": "https://ostpimtsoch.sos-ch-dk-2.exoscale-cdn.com/catalog/0/1/c/4/01c4dee70c6cf30795c517956d71a2ce587f5ff5_74941a2a7d96582000c1aabd088598dd.jpg", "openstreetmap_id": "way/168424810"}, "geometry": {"type": "Point", "coordinates": ["8.656962794075538", "47.69726515"]}}, {"type": "Feature", "properties": {"identifier": "fa9651fe-6094-40e0-9f21-32ca3c461e68", "name": "Schul- und Ferienheim Geisswiese", "description": "Gruppenunterkunft mit fliessend warmem und kaltem Wasser im Zimmer. Maximal 4 Betten pro Zimmer. Moderne sanit\u00e4re Anlagen, 3 Lehrerzimmer mit Duschen, Spielwiese, Grillplatz, Internet, Schulk\u00fcche, separater Aufenthaltsraum.", "url": "http://www.geisswiese.ch/", "image": "https://ostpimtsoch.sos-ch-dk-2.exoscale-cdn.com/catalog/e/d/2/7/ed279fd75390d5270ae8b816c65065623b4fd006_7370ba1cb824bfe081f1f30cb7f91daf.jpg", "openstreetmap_id": "node/290081798"}, "geometry": {"type": "Point", "coordinates": ["9.3570512", "47.0669299"]}}, {"type": "Feature", "properties": {"identifier": "fbe1357c-cc2b-40c5-bdf7-55ddd19bde74", "name": "Jacob 1808 \u2013 historische Stadtappartements", "description": "Mitten im historischen Barockst\u00e4dtchen Bischofszell liegen in zwei H\u00e4usern die f\u00fcnf grossz\u00fcgigen Ferienwohnungen Jacob 1808 f\u00fcr zwei bis vier Personen. Sie waren Heimat von Tuchh\u00e4ndlern, Sattlermeistern, von Wirtsleuten und sogar von Bischofszeller Gemeindeamm\u00e4nnern. Dieses historische Erbe und damit die Seele der H\u00e4user, blieb beim sorgf\u00e4ltigen Umbau mit Hilfe vom Amt f\u00fcr Denkmalpflege erhalten. Statt trennender Mauern wurden zwischen den beiden H\u00e4usern Durchg\u00e4nge geschaffen, so dass sie sich als einheitliches Ganzes pr\u00e4sentieren. Historische Klostertonfliesen, knarzende Dielen, beeindruckende Stuckaturdecken und Holzt\u00e4fer, gepaart mit modernen M\u00f6beln, B\u00e4dern und K\u00fcchen ergeben eine wunderbare Komposition aus historischen Elementen und stilvollem zeitgen\u00f6ssischem Komfort. ", "url": "https://www.jacob1808.ch", "image": "https://ostpimtsoch.sos-ch-dk-2.exoscale-cdn.com/catalog/6/0/f/2/60f2248f9af9e5513e74ebbd27ed5f779ebef6e2_931d7779a8612bbd6c4418a785291294.jpg", "openstreetmap_id": "node/4185147114"}, "geometry": {"type": "Point", "coordinates": ["9.2415302", "47.4939961"]}}, {"type": "Feature", "properties": {"identifier": "fd7b0875-babf-4b91-a2fd-1f0e7ddc285d", "name": "Ferienhaus Prodkopf", "description": "Das Ferienlagerhaus liegt auf 1600 m.\u00fc.M., mitten im Wander- und Skigebiet und kann mit der Bergbahn Bad Ragaz - Pizol schnell und bequem erreicht werden. Im Sommer ist die Zufahrt auch mit dem Auto m\u00f6glich. Wir vermieten das Haus an Selbstkocher-Gruppen oder auf Anfrage mit Halb- oder Vollpension.\n\nDer Prodkopf ist eingerichtet mit 18 Zimmer und total 60 Schlafpl\u00e4tzen (9x2er, 5x 4er, 2x 5er, 2x 6er). Die Zimmer sind mit Warm- und Kaltwasser ausgestattet. Auf den Etagen hat es Duschen und Toiletten. Nebst einem grossen Esssaal bietet das Haus auch einen Aufenthaltsraum f\u00fcr Spiel und Spass an. Das Haus wird nur an eine Gruppe zur Alleinbenutzung vermietet.", "url": "http://www.prodkopf.ch", "image": "https://ostpimtsoch.sos-ch-dk-2.exoscale-cdn.com/catalog/6/8/f/b/68fb3ec921048d161bc38574efa7929434eedf47_ecfc6ce0c0d73e363057d4000976ff0d.jpg", "openstreetmap_id": "way/409077039"}, "geometry": {"type": "Point", "coordinates": ["9.4637262", "46.9898029"]}}, {"type": "Feature", "properties": {"identifier": "ff87469d-1d47-41ff-b2ee-6655f11cb24c", "name": "Wohnmobil-Stellplatz Parkplatz Wolzenalp", "description": "Der Stellplatz befindet sich mitten im ruhigen Dorf Krummenau mit idealer Ausgangslage f\u00fcr Ausfl\u00fcge in die Natur der Ferienregion Toggenburg. G\u00e4ste \u00fcbernachten am Ufer der Thur auf dem grossz\u00fcgigen, ganztags besonnten Parkplatz, nur einen Steinwurf entfernt zur Talstation der Bergbahn, die bequem ins Naturerlebnis Wolzenalp bef\u00f6rdert. Zum Dorfzentrum (Restaurants, \u00f6V und kleine Einkaufsm\u00f6glichkeit) sind es wenige Gehminuten.\nDer Stellplatz kommt vorerst ohne weitere Infrastuktur aus und eignet sich ideal f\u00fcr spontane G\u00e4ste und Weiterreisende. Der Stellplatz steht ganzj\u00e4hrig zur Verf\u00fcgung.\n\nEin Stellplatz wird ausschliesslich bequem online vor Ort gebucht.", "url": "http://www.wolzenalp.ch", "image": "https://ostpimtsoch.sos-ch-dk-2.exoscale-cdn.com/catalog/d/3/4/e/d34ebe093c7513d5d40827574f23366612117448_20e26b8a5441a4d27106aeabd3986fc7.jpg", "openstreetmap_id": "node/8890479454"}, "geometry": {"type": "Point", "coordinates": ["9.16994", "47.24632"]}}]}