{"type": "FeatureCollection", "features": [{"type": "Feature", "properties": {"identifier": "018b9171-3e4c-4d74-a5a5-5f286144cf99", "name": "sagibeiz", "description": "Das Restaurant sagibeiz liegt in Murg direkt am Walensee und l\u00e4dt mit der Seeterrasse und der gem\u00fctlichen Beiz inklusive Loungebereich zum Geniessen in einzigartiger Atmosph\u00e4re ein. Im Sommer bietet die sagilounge am See zus\u00e4tzlichen Platz auf einer Holzplattform direkt am Schweizer Fjord, wo Sie auch Wassersportartikel f\u00fcr unvergessliche Stunden auf dem See ausleihen k\u00f6nnen.\n\nDie K\u00fcche \u00fcberrascht mit fantasievoll zubereiteten Gerichten aus lokalen Produkten. \n\nDie Location ist auch ideal f\u00fcr Privat- und Firmenanl\u00e4sse mit bis zu 800 Personen geeignet. Gruppen bis 250 Personen finden in den Eventlokalit\u00e4ten sagist\u00fcbli, sagisteg/seeg\u00fcetli mit dazugeh\u00f6rigem Aussenbereich und holzlager/schienenterrasse eine ideale Location f\u00fcr Hochzeiten, Geburtstage, Firmenfeiern und vieles mehr.\n\nVon der Outdoor-Grillparty im Sommer \u00fcber Spargel- und Marronifeste im Fr\u00fchjahr und Herbst bis hin zu Fondue- und Raclette-Abenden im Winter ist alles m\u00f6glich. Geniessen Sie das spezielle Ambiente im ehemaligen S\u00e4gewerk in Murg direkt am See. \n\nZus\u00e4tzlich bietet das sagiareal einen begehbaren Weinkeller mit einem breiten Angebot von regionalen Rarit\u00e4ten bis hin zu internationalen Spezialit\u00e4ten. \nAuch der sagiladen im Untergeschoss ist als Ihre neue Adresse f\u00fcr Produkte vom und rund um den Walensee allemal einen Besuch wert.", "url": "https://www.sagibeiz.ch/", "image": "https://ostpimtsoch.sos-ch-dk-2.exoscale-cdn.com/catalog/2/f/5/5/2f55e857c017f8142136a01a14675293808ad51d_54696d06e7bcfbd16368e771fcb9bad6.jpg", "openstreetmap_id": "node/418190201"}, "geometry": {"type": "Point", "coordinates": ["9.2189915", "47.1131786"]}}, {"type": "Feature", "properties": {"identifier": "03815269-a186-40c0-a0b5-ad584126310c", "name": "Hotel Restaurant Falkenburg", "description": "<p>Die Falkenburg liegt idyllisch inmitten der Natur und bietet einen herrlichen Blick &uuml;ber die St.Galler Altstadt. Dank der guten Anbindung ist sie sowohl mit &ouml;ffentlichen Verkehrsmitteln als auch mit dem Auto bequem erreichbar.</p><p>Im hauseigenen Restaurant erwartet Sie eine vielseitige und kreative K&uuml;che mit saisonalen, klassischen, traditionellen und internationalen Gerichten.&nbsp;</p><p>Die historische Falkenburg verbindet stilvolles Ambiente mit modernem Komfort. Neben dem Restaurant stehen unseren G&auml;sten drei hochwertig ausgestattetete Doppelzimmer sowie ein Einzelzimmer zur Verf&uuml;gung. Das im 15. Jahrhundert erbaute Haus wurde liebevoll renoviert und technisch auf den neusten Standard gebracht.</p><p>Unser charmantes Mini-Hotel bietet den idealen Rahmen f&uuml;r enstpannte Auszeiten, Famillientreffen oder&nbsp;gem&uuml;tliche Stunden mit Freunden. Von hier aus erreichen Sie bequem zahlreiche Sehensw&uuml;rdigkeiten und weitere Highlights der Stadt.</p><p>Erleben Sie Genuss, Geschichte und Gastfreundschaft - wir freuen uns auf Ihren Besuch in der Falkenburg.</p>", "url": "http://www.falkenburgsg.ch/", "image": "https://ostpimtsoch.sos-ch-dk-2.exoscale-cdn.com/catalog/9/b/7/f/9b7f4b80172f00710cb992fbcb53e5e9611c951e_9cb8bd44c770966c5d0e87f2326a04c0.jpg", "openstreetmap_id": "392709703"}, "geometry": {"type": "Point", "coordinates": ["9.375084692221808", "47.4184709"]}}, {"type": "Feature", "properties": {"identifier": "0411a33d-8d6f-4d2e-842d-848a449715f9", "name": "FRAME Freizeit & Bar", "description": "<p>Tobe dich beim Light Jumper oder dem Schwarzlicht 3D Minigolf aus, singe deine liebsten Hits in einem von unseren drei Karaoke-R&auml;umen oder entdecke moderne Bowling-Varianten wie Duckpin Bowling und Soccer Bowling. Zus&auml;tzlich stehen dir Arcade Games, Dart, Billard und Shuffleboard zur Verf&uuml;gung.</p><p>Das besondere Highlight im FRAME ist BattleKart. Hier f&auml;hrst du mit einem Elektro-Kart durch eine virtuelle Spielwelt, die direkt auf den Boden projiziert wird. Sammle Power-Ups, weiche Hindernissen aus und schiesse deine Gegner aus dem Rennen. Ausserdem kannst du zwischen sechs verschiedenen Spielmodi ausw&auml;hlen. Um mitzufahren, musst du mindestens&nbsp;<strong>1.45 Meter</strong> gross sein.</p><p>Verbringe bei uns einen abwechslungsreichen und unterhaltsamen Abend mit deinen Freunden. Ob Firmen- oder Familienausflug, Schulreise oder Junggesellenabschied, bei uns bist du genau richtig. Lass den Abend anschliessend bei einem Drink oder einem leckeren Flammkuchen an unserer Bar ausklingen, die sich mitten im Geschehen befindet.</p>", "url": "https://frame-freizeit.ch/", "image": "https://ostpimtsoch.sos-ch-dk-2.exoscale-cdn.com/catalog/f/2/5/8/f258e9841d7d04034761d577401ff226249c05ac_ae9fd54c4feda828c0c16b4b106de6e7.jpg", "openstreetmap_id": "relation/3727142"}, "geometry": {"type": "Point", "coordinates": ["9.5479483", "47.3794573"]}}, {"type": "Feature", "properties": {"identifier": "0417e454-794c-42ef-954e-7e65b4efa2bd", "name": "Alpk\u00e4serei Gampl\u00fct", "description": "Mit viel Liebe und handwerklichem K\u00f6nnen stellen wir Alpk\u00e4se in unserer eigenen K\u00e4serei her.", "url": "https://alpkaeserei-gampluet.ch", "image": "https://ostpimtsoch.sos-ch-dk-2.exoscale-cdn.com/catalog/5/9/a/a/59aaec091ac1adf7b815f63abb478caa2535c2ad_0c714ca43164135030344c72b6153925.jpg", "openstreetmap_id": "node/12244544768"}, "geometry": {"type": "Point", "coordinates": ["9.344427287578585", "47.21196041275878"]}}, {"type": "Feature", "properties": {"identifier": "054a29d0-5a2d-412f-9ffc-bedbc6b67d32", "name": "VersuchsStollen Hagerbach", "description": "Eine einzigartige Welt im Berginnern entdecken\n\nEin Team- oder Vereinsausflug geplant?  Dann finden Sie bei uns ein passendes Angebot!\n\nDas ganze Jahr \u00fcber, von Montag bis Samstag, locken im VersuchsStollen Hagerbach diverse Attraktionen. Von informativen F\u00fchrungen \u00fcber Spreng-Demonstrationen voller Action, Motto-Anl\u00e4ssen, bis hin zu Spiel und Spass f\u00fcr gezieltes Team-Building.\n\nGastronomie und Erlebnis unter einem Dach: Unsere Gruppenerlebnisse sind die ideale Erg\u00e4nzung zu Ihrer Feier oder dem Firmenanlass im sch\u00f6nen Restaurant Hagerbach.\n\nBesonders freut uns, dass wir zusammen mit unseren professionellen Partnern im sch\u00f6nen Heidiland und dem unvergleichbaren UNESCO-Welterbe Tektonikarena Sardona, sowohl im Sommer als auch im Winter, begeisternde Aktivit\u00e4ten anbieten k\u00f6nnen.", "url": "https://hagerbach.ch", "image": "https://ostpimtsoch.sos-ch-dk-2.exoscale-cdn.com/catalog/d/5/8/7/d5877fe3acccf954d14311d312cdfb3d8f7723f2_33467b76074b7f3cea8daf8bf7363d2b.jpg", "openstreetmap_id": "node/7931421830"}, "geometry": {"type": "Point", "coordinates": ["9.389185309410097", "47.076234315591"]}}, {"type": "Feature", "properties": {"identifier": "05ad1220-4bd3-450f-88e9-1de9a07c6509", "name": "Plozza Wine Group", "description": "Unser einzigartiges Verkaufsargument: Dreifacher Produzent und Weinh\u00e4ndler in einem.\nDurch unsere Erfahrung im Umgang mit der Kelterung von Weinen aus drei unterschiedlichen Regionen, haben wir die Kompetenz und das Know-how, Ihnen ein breites Spektrum an hochwertigen Weinen anbieten zu k\u00f6nnen. Die Visionen, die grundlegende Wertvorstellung und die Ziele sind gruppenweit gemeinsam. Kooperation heisst n\u00e4mlich St\u00e4rken zu kombinieren und Schw\u00e4chen zu kompensieren. Davon profitieren Sie als Kunde.", "url": "https://www.plozzawinegroup.ch/startseite", "image": "https://ostpimtsoch.sos-ch-dk-2.exoscale-cdn.com/catalog/a/2/a/e/a2aec4165615b7ed7a65367a63a21e9296a3fb0e_5b6735daeb5a1e40f3dcb09d387f9948.jpg", "openstreetmap_id": "node/7531744349"}, "geometry": {"type": "Point", "coordinates": ["9.56564784049988", "46.9697985528364"]}}, {"type": "Feature", "properties": {"identifier": "0a5eccdb-45d0-4cbc-9002-b04508bae835", "name": "Kino S\u00e4ntis Lodge", "description": "Das Kino S\u00e4ntis Lodge bietet zweimal t\u00e4glich verschiedene Filmvorf\u00fchrungen an.  Die Vorstellungen finden jeweils um 16 Uhr und um 20 Uhr statt und sind kostenlos. \n\nDas Kino kann ausserdem ebenfalls f\u00fcr individuelle Anl\u00e4sse, wie zum Beispiel Geburtstagspartys mit einem Wunschfilm und Pizzaplausch benutzt werden. \n\nFamilienfreundlich und gem\u00fctlich in Filme eintauchen geht nirgends besser als hier.\n\nWir freuen uns auf Ihren Besuch!\n\n\nBitte beachten Sie, dass der Zugang zum Film ab 20 Uhr nur durch das Restaurant m\u00f6glich ist. Daher ist der Zugang nur w\u00e4hrend der \u00d6ffnungszeiten des Restaurants von Dienstag bis Samstag gew\u00e4hrleistet.", "url": "https://bergundbett.ch/", "image": "https://ostpimtsoch.sos-ch-dk-2.exoscale-cdn.com/catalog/6/6/4/9/6649aacad6e53940b81db41cdfeb5d7d38b258ba_decec56474a8306269200637c8171eac.jpg", "openstreetmap_id": "way/222237524"}, "geometry": {"type": "Point", "coordinates": ["9.313316573154678", "47.1963286"]}}, {"type": "Feature", "properties": {"identifier": "0a6bd443-807c-49c5-aff3-fe11ccaf70a2", "name": "Rittberghalle", "description": "Das Rittberg Bistro \u00f6ffnet saisonal von Fr\u00fchling bis Herbst bei sch\u00f6nem Wetter. Die aktuellen \u00d6ffnungszeiten finden Sie auf der Website. \n\nIm Bistro werden k\u00fchle und warme Getr\u00e4nke serviert und gelegentlich auch etwas hausgemachtes. \n\nF\u00fcr Wanderer und Spazierg\u00e4nger werden im kleinen Kiosk auch erfrischende Getr\u00e4nke und Snacks f\u00fcr unterwegs angeboten. \n\nDas Bistro Team freut sich auf Ihren Besuch!", "url": "https://www.rittberg-eventhalle.ch/bistro", "image": "https://ostpimtsoch.sos-ch-dk-2.exoscale-cdn.com/catalog/6/a/b/f/6abfd0b898e27154b1fc246fb18d351b0a27aac0_b5d18b4159448afd584b776c89b2bc96.jpg", "openstreetmap_id": "node/518295692"}, "geometry": {"type": "Point", "coordinates": ["9.0835311", "47.3489018"]}}, {"type": "Feature", "properties": {"identifier": "0c787e1f-6355-476d-8ff1-fa62f1542b0a", "name": "Hongler Kerzen", "description": "Bereits 1703 erscheint der Name Hongler im Rechnungsbuch der Kirchgemeinde Berneck. Bis heute stellt der Familienbetrieb Kerzen her. Ob zur Taufe, zu Ostern, zur Hochzeit oder auch zum Verzieren \u2013 das Angebot ist vielf\u00e4ltig. Der Shop l\u00e4dt zum St\u00f6bern ein. \n\nAuf einer Betriebsf\u00fchrung erfahren die Besucher viel Wissenswertes und Interessantes \u00fcber das traditionelle Handwerk. Eine kurze Pr\u00e4sentation bringt die Geschichte der Kerze n\u00e4her. Beim Rundgang durch die Fabrikation k\u00f6nnen die Besucher mitverfolgen, wie aus Wachs und Docht eine Kerze entsteht.", "url": "http://www.hongler.ch/", "image": "https://ostpimtsoch.sos-ch-dk-2.exoscale-cdn.com/catalog/4/1/d/1/41d10d7b9077d7df53a2788b52ae155b2c0d7f6b_833696919f5dc2f76a4d586580a9abdc.jpg", "openstreetmap_id": "node/7370129902"}, "geometry": {"type": "Point", "coordinates": ["9.549312200000031", "47.3773548"]}}, {"type": "Feature", "properties": {"identifier": "0cd5b495-3126-480d-9bf1-ae6744d4b5f1", "name": "Tanoshii Funpark", "description": "<p class=\"MsoNormal\">Freue dich auf einen Trampolinpark mit 72 unterschiedlich grossen Trampolinen, springe in die Schnitzelgrube oder perfektioniere deine Spr&uuml;nge auf unseren High Performance Trampolinen und schiesse K&ouml;rbe auf NBA-H&ouml;he auf unserem Basketballfeld.<br><br>Wenn du auf der Suche nach der n&auml;chsten Challenge bist, kannst du dich mit deinen Freunden auf unserem Ninja Parcour messen oder eine neue Welt mit unseren verschiedenen Virtual Reality Spielmodi betreten. W&auml;hle zwischen hungrigen Piraten, dem Kampf gegen Zombies oder achte dich vor dem verr&uuml;ckten Yeti. Unsere Simracing Lounge bietet dir ausserdem ein einziges Rennsimulationserlebnis, welches zu den Besten weltweit geh&ouml;rt.<br><br>Geniesse bei uns unvergessliche Momente mit deinen Freunden. Ob spontaner Ausflug, Schulreise oder Geburtstagsfeier, das Tanoshii bietet f&uuml;r alle G&auml;ste <strong>ab sechs Jahren</strong> den idealen Rahmen f&uuml;r gemeinsame Erlebnisse. Begleitpersonen, die nicht springen m&ouml;chten, d&uuml;rfen das Geschehen vom Zuschauerbereich aus mitverfolgen.</p><p class=\"MsoNormal\">&nbsp;</p><p class=\"MsoNormal\">&nbsp;</p>", "url": "https://www.tanoshii.ch/de/", "image": "https://ostpimtsoch.sos-ch-dk-2.exoscale-cdn.com/catalog/4/9/d/3/49d365458fe8cf5bbbe85a41b716e12c32ed6246_e2a50e527454d1da0ad6d4933585b17c.jpg", "openstreetmap_id": "relation/3727142"}, "geometry": {"type": "Point", "coordinates": ["9.5479483", "47.3794573"]}}, {"type": "Feature", "properties": {"identifier": "10efec41-b6a2-470f-b3e1-0f796b205dfa", "name": "Stellplatz Haus Ziel", "description": "Der Stellplatz am Natur Haus Ziel l\u00e4dt ein, den Blick \u00fcber das Tal schweifen zu lassen: Die Appenzeller- & Vorarlberger Alpen sind zum Greifen nahe! Die G\u00e4ste k\u00f6nnen auf dem Stellplatz verweilen oder einen Spaziergang in die nahe gelegene Altstadt von Altst\u00e4tten oder dem Vita Parcours unternehmen. F\u00fcr Aktive bietet sich auch eine Rundfahrt mit dem E-Bike \u00fcber den St. Anton an.", "url": "https://www.hausziel.ch/stellplatz-camping/", "image": "https://ostpimtsoch.sos-ch-dk-2.exoscale-cdn.com/catalog/1/6/7/1/1671b4a58087e4766f1e37850f00bfe29871a52e_c16f5facbe7dff839aaf55de3f5615e7.jpg", "openstreetmap_id": "node/6451346157"}, "geometry": {"type": "Point", "coordinates": ["9.53469", "47.38879"]}}, {"type": "Feature", "properties": {"identifier": "175fb35f-c932-42bc-b979-885e89f1dfc6", "name": "Beckenstube", "description": "Im 13. Jahrhundert Amtsgeb\u00e4ude der Augustinerporpstei \u00d6hningen. 1412 Ankauf durch die Zunft zun Becken. \n\nHeute Verwaltungsgeb\u00e4ude.", "image": "https://ostpimtsoch.sos-ch-dk-2.exoscale-cdn.com/catalog/3/e/7/a/3e7aa1c1eae48ebffe3e6fe38fd949389e107e06_d39ad74440c68057b2234a3e5eedc9a2.jpeg", "openstreetmap_id": "way/4743438"}, "geometry": {"type": "Point", "coordinates": ["8.634490695330898", "47.695583239548284"]}}, {"type": "Feature", "properties": {"identifier": "1a82a38d-4052-4df2-b502-e63d0d9d4445", "name": "Restaurant M\u00e4tz Dine", "description": "Geniessen Sie inmitten herrlicher Bergkulisse mit Sicht auf das Sarganserland ein hochwertiges Gastronomieangebot.\n\nDas M\u00e4tz Dine besticht durch seine Einzigartigkeit, Authentizit\u00e4t und Vielseitigkeit. Die heimelige Atmosph\u00e4re bietet zusammen mit unseren Leckereien ein Erlebnis f\u00fcr alle Sinne.\n\nWir kochen auf internationalem Top-Niveau mit regionalen Produkten. Unsere K\u00fcche verbindet Altbew\u00e4hrtes mit modernen Einfl\u00fcssen aus der franz\u00f6sischen K\u00fcche. Ob f\u00fcr eine ausgiebige Tavolata, ein feines Fisch-Gericht oder f\u00fcr ein Feierabend-Bier, das m\u00e4tz dine bietet f\u00fcr jeden etwas. Auch unsere Weinkarte l\u00e4sst keine W\u00fcnsche offen.\n\nGeniesser, Weinliebhaber, Biertrinker, Kaffeenerds, Arbeiter, Ferieng\u00e4ste, Stammtischhocker, Familien, Freunde, alle sind willkommen und finden im m\u00e4tz dine den einen oder anderen Lieblingsplatz, sei es an der Bar, am Stammtisch, beim Chemin\u00e9e, im Restaurant oder auf der Terrasse.", "url": "https://www.maetz.ch/", "image": "https://ostpimtsoch.sos-ch-dk-2.exoscale-cdn.com/catalog/4/6/5/7/46574722a0e84c9f548e76b95932cc19a139c3c8_35b981941e85a72239382bf0693e6fb2.jpg", "openstreetmap_id": "way/321791780"}, "geometry": {"type": "Point", "coordinates": ["9.30443825", "47.09053425"]}}, {"type": "Feature", "properties": {"identifier": "1c718eb7-a16e-4f2e-9307-f66fe59a49b5", "name": "Bier von Frau zu Frau", "description": "<p>Erlebe in Begleitung mit unserer Bier-Sommeli&egrave;re die reiche Welt der Biere von einer v&ouml;llig neuen Seite. Erhalte einen interessanten Einblick in die Geschichte und Herstellung des Biers und degustiere unter kundiger Begleitung die verschiedensten Bierstile. Erfahre, wie die Biere richtig ausgeschenkt werden und welche Bierstile mit welchen Speisen besonders gut harmonieren.</p>", "url": "http://www.schuetzengarten.ch", "image": "https://ostpimtsoch.sos-ch-dk-2.exoscale-cdn.com/catalog/d/8/a/5/d8a5e71e7ecf6b08bfc72e37907df9db85ab434b_fd533d93baa9f2a272d3e010ec5af207.jpg", "openstreetmap_id": "node/7193106970"}, "geometry": {"type": "Point", "coordinates": ["9.37906", "47.42968"]}}, {"type": "Feature", "properties": {"identifier": "1ddded46-1e2b-4e26-a919-ebee46aa3d13", "name": "Haus zum Einhorn", "description": "Hier befand sich die Apotheke von Johann Conrad Laffon, dem letzten m\u00e4nnlichen Nachfahren der einzigen Hugenottenfamilie, die in Schaffhausen bleiben durfte. Die Fl\u00fcchtlinge wurden auf der Durchreise medizinisch versorgt: Apotheker, Barbiere und Chirurgen waren besch\u00e4ftigt, Fieber zu senken, abgefrorene Zehen zu amputieren oder nach \u00dcberf\u00e4llen gar Sch\u00e4delverletzungen zu behandeln. Auch die Totengr\u00e4ber hatten viel Arbeit.", "image": "https://ostpimtsoch.sos-ch-dk-2.exoscale-cdn.com/catalog/c/d/0/8/cd08b889835b6a8c5866ca99f7291f5d2cc5d2a1_6cda023a17fba3aebf78e90d4d3b9380.JPG", "openstreetmap_id": "node/2949190748"}, "geometry": {"type": "Point", "coordinates": ["8.633713", "47.6965965"]}}, {"type": "Feature", "properties": {"identifier": "1f1e292e-a0e7-4568-ae62-628c4e6b3d43", "name": "From Heaven", "description": "In einem der sch\u00f6nsten Geb\u00e4ude in Bad Ragaz. Unsere umfangreiche Weinkarte und die aussergew\u00f6hnlichen Tapas lassen sich unendlich kombinieren. F\u00fcr einen Drink oder ein ausgiebiges Essen, wir freuen uns auf Dich!", "url": "http://www.fromheaven.ch", "image": "https://ostpimtsoch.sos-ch-dk-2.exoscale-cdn.com/catalog/b/f/9/9/bf9976bf0f438fdd985143218bd483a20a42baad_258ad990ba8d2b54c292086e0fabdd28.jpg", "openstreetmap_id": "node/8866407576"}, "geometry": {"type": "Point", "coordinates": ["9.5054804", "47.0093991"]}}, {"type": "Feature", "properties": {"identifier": "2648119c-93c1-44ae-b165-976e0cd22a20", "name": "Bodensee", "description": "<p>Der Bodensee im Dreil&auml;ndereck Schweiz/Deutschland/&Ouml;sterreich ist mit einer L&auml;nge von 64km und einer maximalen Breite von 12km der drittgr&ouml;sste Binnensee Europas. Auf dem Bodensee verkehren veschiedene Kursschiffe und bieten ein attraktives Angebot.&nbsp;</p>\n<p>Zahllose Wassersportm&ouml;glichkeiten, Wanderwege und vor allem Skating- und Radwege bietet die Ferien- und Ausflugsregion. Ein beliebter Klassiker ist der Bodensee-Radweg, der rund um den See f&uuml;hrt.</p>", "image": "https://ostpimtsoch.sos-ch-dk-2.exoscale-cdn.com/catalog/a/7/b/a/a7ba642b708e013cebc4eca7f83db46c76a65930_f3755b64e5ce9f2814667fe5767bef5c.jpg", "openstreetmap_id": "1683867"}, "geometry": {"type": "Point", "coordinates": ["9.496307373046877", "47.48613919859396"]}}, {"type": "Feature", "properties": {"identifier": "27f7fe2f-14ed-4d4f-87bf-bd284ba258d3", "name": "Fronwagturm", "description": "<p>Im Fronwagturm hing fr&uuml;her die grosse Marktwaage, mit welcher die G&uuml;ter - die in Schaffhausen aus dem Schiff ausgeladen und unterhalb des Rheinfalls wieder auf die Schiffe geladen wurden - gewogen wurden. Die Waage steht heute im Museum zu Allerheiligen. Im Giebelfeld des Turmes sieht man die astronomische Uhr von Joachim Habrecht, welche zehn verschiedene M&ouml;glichkeiten anzeigt:</p><ol><li>Stunden</li><li>Wochentage</li><li>Mondlauf durch die Sternzeichen</li><li>Auf- und Absteigen des Mondes am Himmel</li><li>Stand der Sonne zum Zodiac (Tierkreis)</li><li>Jahreszeiten</li><li>Tag- und Nachtgleichen</li><li>Mondknoten</li><li>Finsternisse</li><li>Aspekte zwischen Sonne und Mond. Die schwarz-goldene Kugel &uuml;ber der r&ouml;mischen XII der Uhr zeigt das Ab- und Zunehmen des Mondes.</li></ol>", "image": "https://ostpimtsoch.sos-ch-dk-2.exoscale-cdn.com/catalog/1/4/b/7/14b7862d43daf8ecef4638ea85cf22ec5d0d431a_2b9eb8df459d4644e1fbaf314eeeb90a.jpg", "openstreetmap_id": "way/159312644"}, "geometry": {"type": "Point", "coordinates": ["8.633338617187498", "47.69637295"]}}, {"type": "Feature", "properties": {"identifier": "2c98d299-11e7-4aa2-a29c-33ed634a72b6", "name": "Grotto Fl\u00e4scher Bad", "description": "Das Grotto Fl\u00e4scher Bad ist einfach ein M\u00fc anders. \nHier steht alles unter dem Motto \u00abbewusst geniessen\u00bb: Beim respektvollen Umgang mit der Natur und unseren Ressourcen oder bei der Wertsch\u00e4tzung und Entl\u00f6hnung unserer Mitarbeitenden und Partner - wir m\u00f6gen es lokal, sorgf\u00e4ltig und nachhaltig. \nWir m\u00f6chten Deine Gedanken und Deinen Gaumen in die Ferien schicken, denn eins wissen wir: Genuss ist verg\u00e4nglich, nicht aber die Erinnerung daran. Deshalb m\u00f6chten wir die Freude daran unbedingt mit dir teilen. \n\nWir w\u00fcnschen Dir ganz viele bleibende Eindr\u00fccke und einen Moment \u00abzum Abschalte\u00bb bei uns.", "url": "http://www.das-grotto.ch", "image": "https://ostpimtsoch.sos-ch-dk-2.exoscale-cdn.com/catalog/d/5/a/3/d5a347b7abe78541cbc967a10167821a63fbbd27_34a77e17625f60887ccd0d8ede1fbcd6.jpeg", "openstreetmap_id": "way/1292843548"}, "geometry": {"type": "Point", "coordinates": ["9.4946418", "47.0365098"]}}, {"type": "Feature", "properties": {"identifier": "2e167736-dc78-4262-878d-80929bc94753", "name": "Restaurant Schiffl\u00e4nde", "description": "&quot;Willkommen im Restaurant Schiffl\u00e4nde Quinten. Genie\u00dfen Sie unsere exzellente K\u00fcche, w\u00e4hrend Sie sich von der sanften Brise des Sees verw\u00f6hnen lassen. Tauchen Sie ein in eine Welt voller Gaumenfreuden und lassen Sie sich von unserer erstklassigen K\u00fcche und dem einzigartigen Ambiente verzaubern. Erleben Sie unvergessliche Momente, und bewundern Sie die malerische Landschaft des Sees.", "url": "https://www.schifflaende.eu/", "image": "https://ostpimtsoch.sos-ch-dk-2.exoscale-cdn.com/catalog/a/a/0/c/aa0c3e21c7ad766a147c98e3625cdf6994fcd294_a22ec6ebd51c0c2a060b1b3bd8d9df6e.jpg", "openstreetmap_id": "node/240078789"}, "geometry": {"type": "Point", "coordinates": ["9.215732216835024", "47.128984199829"]}}, {"type": "Feature", "properties": {"identifier": "30d491d9-7ec9-4066-8803-0d39224cab1a", "name": "Kreuzgang Allerheiligen", "description": "<p data-start=\"487\" data-end=\"689\">Der Kreuzgang zu Allerheiligen stammt aus dem 12. und 13. Jahrhundert und vereint romanische und gotische Bauelemente. Er umschliesst den idyllischen Kreuzganggarten, den sogenannten &laquo;Junkerfriedhof&raquo;.</p><p data-start=\"691\" data-end=\"949\">Hier wurden zwischen 1582 und 1874 bedeutende Schaffhauser Pers&ouml;nlichkeiten wie B&uuml;rgermeister, Ratsherren, Pfarrer sowie weitere verdiente B&uuml;rgerinnen und B&uuml;rger beigesetzt. Der Kreuzgang ist heute ein eindr&uuml;cklicher Ort der Ruhe, Geschichte und Architektur.</p>", "image": "https://ostpimtsoch.sos-ch-dk-2.exoscale-cdn.com/catalog/c/5/d/6/c5d6f34a7675a18ef4f1c1cf8e71e47c62033e73_8c65428cf02b9bd8c9d3bc48c46b340c.jpeg", "openstreetmap_id": "way/192212345"}, "geometry": {"type": "Point", "coordinates": ["8.636229064365772", "47.69494555"]}}, {"type": "Feature", "properties": {"identifier": "31a40f0b-b2b9-4650-bff6-140746be5d50", "name": "Steinerner Trauben", "description": "Repr\u00e4sentatives Wohn- und Handelshaus aus dem fr\u00fchen 17. Jahrhundert. Das Erdgeschoss war fr\u00fcher eine offene Halle. Viereckiger Steinerker von 1668. Dachuntersicht 1720 mit zwei schwerbeladenen Kaufmannsfuhren bemalt. Das Fassadenbild (Josua und Kaleb mit einer Traube aus dem Land, wo Milch und Honig fliessen) von C. Schmidt um 1900 ist eine Anspielung auf den Wohlstand des fr\u00fcheren Hausherren und den Hausnamen. Reichhaltige Stuckaturen im Innern.\n", "image": "https://ostpimtsoch.sos-ch-dk-2.exoscale-cdn.com/catalog/e/3/7/d/e37ddbc93a18e76f36cd27735cd2dc5c32b978b7_b02034be77731279e17ae6c384525b72.jpeg", "openstreetmap_id": "way/142975162"}, "geometry": {"type": "Point", "coordinates": ["8.859115225656574", "47.6592971"]}}, {"type": "Feature", "properties": {"identifier": "370d5d0f-0d03-438f-b1e1-fc65bee284e2", "name": "Schwarzes Horn", "description": "<p><span data-teams=\"true\">Stattlicher Eckbau aus dem 15. Jahrhundert. 1515 wurden dem dreigeschossigen Steinbau zwei vorkragende Fachwerkgeschosse aufgesetzt. Auffallend ist das zierliche Steinerkerchen. Das Haus ist das Geburtshaus von Johann Rudolf Schmid, Freiherr von Schwarzenhorn, der 1629&ndash;1643 als kaiserlicher Resident beim t&uuml;rkischen Sultan t&auml;tig war. 1914 wurde die Fassade mit der Darstellung seines Einzugs 1664 in Stein am Rhein bemalt.</span></p>", "image": "https://ostpimtsoch.sos-ch-dk-2.exoscale-cdn.com/catalog/4/8/2/b/482be812714e1a932186cf1e58a1e10eee85a282_3891bf5ee900b56cd2444b639c684d67.jpeg", "openstreetmap_id": "way/145077184"}, "geometry": {"type": "Point", "coordinates": ["8.858992760909786", "47.65950915"]}}, {"type": "Feature", "properties": {"identifier": "39fbf514-8f4c-475c-badc-e5c3e3ec815e", "name": "Kristallh\u00f6hle Kobelwald", "description": "Sie zieht allj\u00e4hrlich tausende von Besuchern in ihren Bann. Die H\u00f6hlenatmosph\u00e4re, die Tropfsteine, vorbei an funkelnden Calcit-Kristallen, das rauschende Wasser sowie die Ton- und Lichtverh\u00e4ltnisse \u00fcben auf j\u00fcngere und \u00e4ltere Besucher eine grosse Faszination aus. Als begehbare, wasserf\u00fchrende H\u00f6hle mit einem grossen Kristall-Vorkommen ist sie einmalig in der Schweiz.", "url": "http://www.kristallhoehle.ch", "image": "https://ostpimtsoch.sos-ch-dk-2.exoscale-cdn.com/catalog/1/0/6/d/106d5e5f9d9d8ef7fafeef445a6e90e07db37139_8d0eea3c07cf183f149c5871cf64b3bb.jpg", "openstreetmap_id": "node/653930472"}, "geometry": {"type": "Point", "coordinates": ["9.534201620600687", "47.322854221093124"]}}, {"type": "Feature", "properties": {"identifier": "3beb7c1f-9b35-4cae-adbd-82987275e9e1", "name": "Pilgerherberge St.Gallen", "description": "Die Herberge liegt am Rand der Altstadt St.Gallen, direkt am Jakobsweg, dem Kolumbansweg und an der Via Francisca, drei der bedeutendsten Pilgerwege, die durch die Schweiz f\u00fchren. Die Pilgerherberge Sankt Gallen wird von einem engagierten Team ehrenamtlicher Hospitaleras und Hospitaleros gef\u00fchrt \u2013 viele von ihnen sind selbst erfahrene Pilgerinnen und Pilger. Sie sorgen mit viel Engagement und Gastfreundschaft daf\u00fcr, dass sich die Pilger willkommen f\u00fchlen. Die Tradition der Pilgerherbergen geht auf Kl\u00f6ster, Hospit\u00e4ler und Hospize zur\u00fcck, die seit Jahrhunderten Pilgernde auf ihrem Weg unterst\u00fctzen. Die Pilgerherberge St.Gallen setzt diese Tradition fort und bietet eine einfache, aber gem\u00fctliche Unterkunft f\u00fcr alle, die auf Pilgerwegen unterwegs sind.", "url": "https://pilgerherberge-sg.ch/reservation/", "image": "https://ostpimtsoch.sos-ch-dk-2.exoscale-cdn.com/catalog/d/9/9/0/d990f7ad0230d7aa04961dbe20d3cc1dcab0df6f_4a3ee695210e867f2435e22bc946007f.jpg", "openstreetmap_id": "node/11299979042"}, "geometry": {"type": "Point", "coordinates": ["9.3830486", "47.4249312"]}}, {"type": "Feature", "properties": {"identifier": "3bf4ea53-5f5f-47fa-92e2-17081ae5228d", "name": "Holl\u00e4nderhaus", "description": "<p>1684 kaufte Tobias Holl&auml;nder den &laquo;Hof zu Hova&raquo; und errichtete dort seinen Adelssitz, das ber&uuml;hmte Holl&auml;nderhaus. Neben dem Haus steht die Kaserne, worin er standesgem&auml;ss seine Leibgarde beherbergte. Tobias Holl&auml;nder war im Stadtrat Schaffhausen der einflussreichste Mann seiner Zeit.</p>", "image": "https://ostpimtsoch.sos-ch-dk-2.exoscale-cdn.com/catalog/f/f/9/c/ff9cfe5aefefb2924cf4f2fdbf50d4b0f0172833_16e866f142a3894713ae719f0d13892f.jpg", "openstreetmap_id": "node/801337090"}, "geometry": {"type": "Point", "coordinates": ["8.67569014686288", "47.782092649999996"]}}, {"type": "Feature", "properties": {"identifier": "3c57da83-c0c2-4983-8269-9a14399cd3cd", "name": "Restaurant Landhaus Rheineck", "description": "Die sorgf\u00e4ltig restaurierte Gaststube aus dem Jahr 1582 bietet eine stimmige Kulisse aus alt und neu. Im Saal k\u00f6nnen bis zu 80 Personen das charmante und liebevoll gestaltete Ambiente des Landhauses geniessen. Die K\u00fcche ist saisonal, regional und modern - authentisch, frisch und von konstanter Qualit\u00e4t.\nLass dich von uns zu unvergesslichen Momenten einladen - im Landhaus Rheineck, wo Genuss eine Heimat findet.", "url": "http://www.landhaus-rheineck.ch", "image": "https://ostpimtsoch.sos-ch-dk-2.exoscale-cdn.com/catalog/b/f/e/3/bfe3eb7da1ea5c01f0f64861a3abc39c6b1d9a54_e6328ce0a41fd9672208a4bd91720326.jpg", "openstreetmap_id": "node/2534668178"}, "geometry": {"type": "Point", "coordinates": ["9.58161", "47.46204"]}}, {"type": "Feature", "properties": {"identifier": "3f139259-eb9b-4168-92ee-f978fe0a83ac", "name": "Restaurant Schloss Weinstein", "description": "<p data-start=\"279\" data-end=\"585\">Schloss Weinstein ist heute ein Ort, an dem Genuss, Geschichte und eine einzigartige Lage zusammenkommen. Hoch &uuml;ber den Rebbergen oberhalb von Marbach gelegen, bietet das Schloss einen beeindruckenden Ausblick &uuml;ber das Rheintal und l&auml;dt dazu ein, kulinarisch und landschaftlich eine Auszeit zu geniessen.</p><p data-start=\"587\" data-end=\"876\">Die Geschichte des Schlosses reicht bis ins Jahr 1375 zur&uuml;ck und pr&auml;gt bis heute die besondere Atmosph&auml;re dieses Ortes. In der heutigen Schloss-Wirtschaft wird gutb&uuml;rgerliche, saisonale K&uuml;che mit regionalem Bezug serviert &ndash; sei es im Restaurant oder auf der Sonnenterrasse mit Weitblick.</p><p data-start=\"878\" data-end=\"1183\">Ein besonderer Schwerpunkt liegt auf Hochzeiten und Veranstaltungen: Von der zivilen Trauung &uuml;ber freie Zeremonien im Rebberg bis hin zu Ap&eacute;ro, Festessen und Feierlichkeiten im Festsaal oder in der rustikalen Schloss-Scheune bietet Schloss Weinstein vielseitige M&ouml;glichkeiten f&uuml;r unvergessliche Anl&auml;sse.</p><p data-start=\"1185\" data-end=\"1377\">Dank der idyllischen Lage eignet sich das Schloss zudem ideal als Ausflugsziel in der Region &ndash; sei es f&uuml;r einen genussvollen Zwischenhalt, eine Feier oder einen besonderen Moment mit Aussicht.</p>", "url": "https://www.schloss-weinstein.ch", "image": "https://ostpimtsoch.sos-ch-dk-2.exoscale-cdn.com/catalog/e/e/c/5/eec51d35f091bb9f01c02315803becd4b1d0cbf6_257fa7c080a303f22ca7f7547444d33b.jpg", "openstreetmap_id": "way/122595467"}, "geometry": {"type": "Point", "coordinates": ["9.570926427841188", "47.39708191047987"]}}, {"type": "Feature", "properties": {"identifier": "3f47a958-270b-433e-8a28-063d5ea9f9cf", "name": "swissvid\u00ae Videoproduktion \u2013 Begleitung f\u00fcr Gruppenreisen", "description": "<p>swissvid&reg; bietet hochwertige Video- und Fotoproduktionen wie Reisevideos, Erinnerungen an Events oder Vlog-Produktionen, die besondere Erlebnisse in bleibende Erinnerungen verwandeln. Reisegruppen und Privatpersonen werden dabei diskret und authentisch auf ihren Reisen begleitet, w&auml;hrend emotionale Momente und einzigartige Eindr&uuml;cke festgehalten werden.</p><p>Dar&uuml;ber hinaus realisiert swissvid&reg; wirkungsvolle Imagefilme und visuelle Inhalte f&uuml;r touristische Betriebe &ndash; von Hotels &uuml;ber Destinationen bis hin zu Erlebnisanbietern.</p><p>Sichere deine pers&ouml;nliche Erinnerung oder pr&auml;sentiere dein Angebot professionell &ndash; swissvid&reg; freut sich deine Anfrage.&nbsp;</p>", "url": "https://swissvid.ch", "image": "https://ostpimtsoch.sos-ch-dk-2.exoscale-cdn.com/catalog/2/e/e/a/2eea23f871fbb08826ea969476e8bc2378d94240_86176c90d5f2a89f61dc4e80f29ce981.JPG", "openstreetmap_id": "way/441910319"}, "geometry": {"type": "Point", "coordinates": ["9.3290721", "47.5915626"]}}, {"type": "Feature", "properties": {"identifier": "3f8582c6-4295-499e-b716-a0b11a9be4ac", "name": "Musigbar Mariaberg", "description": "Das historische Lokal liegt zentral in der am Bodensee gelegenen Stadt Rorschach. Die Musigbar-Mariaberg ist nicht nur f\u00fcr Live-Konzerte und Events bekannt - obwohl - die erstklassigen musikalischen Acts werfen hohe Wellen: Fast jedes Wochenende wird ein DJ oder eine Band pr\u00e4sentiert, welche die Balken zuverl\u00e4ssig zum Biegen bringen. In der Smoker's Lounge finden Geniesser eine gem\u00fctliche-gediegene Oase.", "url": "http://www.musigbar-mariaberg.ch", "image": "https://ostpimtsoch.sos-ch-dk-2.exoscale-cdn.com/catalog/c/1/3/3/c1336910ffb3f7678944f7e0649d40c9120f06fa_322a31d12916e1a1e1742486845e5ca9.jpg", "openstreetmap_id": "node/3340097422"}, "geometry": {"type": "Point", "coordinates": ["9.4938401", "47.4780466"]}}, {"type": "Feature", "properties": {"identifier": "44235085-3bad-4212-b814-f3d9369f5411", "name": "Schwabentor", "description": "<p>Heute gelangt man durch das Schwabentor in die Vorstadt. Auf der westlichen Seite des Schwabentors ist noch ein St&uuml;ck der alten Stadtmauer mit Wehrgang und dem Finsterwaldturm als Eckturm erhalten geblieben. Weit &uuml;ber Schaffhausen hinaus bekannt wurde der Spruch des Kunstmalers Arnold Oechslin, welcher seit 1935 am Schlussstein des n&ouml;rdlichen Torbogens prangt: \"Lappi tue d'Auge uf\". Der Stadtrat hat den Entwurf aus vier Vorschl&auml;gen ausgew&auml;hlt. Zwischen dem Spruch und dem Schwabentor besteht kein geschichtlicher Zusammenhang.</p>", "image": "https://ostpimtsoch.sos-ch-dk-2.exoscale-cdn.com/catalog/a/e/a/4/aea43d7f85c8b2d5240a120ee7b63ca3a8df7c56_eaa799cb866f0c26b942c1db5543d15d.jpeg", "openstreetmap_id": "way/25783730"}, "geometry": {"type": "Point", "coordinates": ["8.635424802483394", "47.69969825"]}}, {"type": "Feature", "properties": {"identifier": "450c2f22-606b-4411-bc8e-e73b1b1d8123", "name": "Schillerglocke", "description": "<p>Friedrich Schiller verwendete ihre Inschrift als Motto f&uuml;r sein ber&uuml;hmtes Gedicht &laquo;Das Lied der Glocke&raquo;.</p>", "image": "https://ostpimtsoch.sos-ch-dk-2.exoscale-cdn.com/catalog/b/c/5/6/bc5624dab6713595ef0b1b35adfe645f077e5efa_b92c6064d191424da30cfc0500ce30cc.jpeg", "openstreetmap_id": "node/2038444433"}, "geometry": {"type": "Point", "coordinates": ["8.6365799", "47.695058"]}}, {"type": "Feature", "properties": {"identifier": "4b5a72dd-ae1a-42ca-9d86-7ab6309ef2d5", "name": "Schleitheimer Dorfbach", "description": "Der Dorfkern reizt mit seinen Fachwerkh\u00e4usern und wird dazu vom Dorfbach gepr\u00e4gt, der mitten durch Schleitheim fliesst, der \u00fcber den Sommer mit Geranien und in der Adventszeit mit Christb\u00e4umen sch\u00f6n geschm\u00fcckt wird.", "image": "https://ostpimtsoch.sos-ch-dk-2.exoscale-cdn.com/catalog/e/f/2/5/ef25a0927b4dba2d3ccf3c82ad412d4309d5bd9f_692eeb11db2269beb1032e1f4573104d.jpg", "openstreetmap_id": "way/350212491"}, "geometry": {"type": "Point", "coordinates": ["8.4822673", "47.7481907"]}}, {"type": "Feature", "properties": {"identifier": "4c724441-b461-4883-9b0c-e9f1382b624a", "name": "Romantische Vollmondfahrt auf den S\u00e4ntis", "description": "<p>Das Bergpanorama im stimmungsvollen Mondschein geniessen. An jedem Vollmondabend findet auf dem Gipfel ein festliches Vollmondbuffet statt, begleitet von musikalischer Unterhaltung.</p><p>Die genauen Daten sind im Eventkalender auf der Webseite der S&auml;ntis-Schwebebahn AG zu finden: <a href=\"https://saentisbahn.ch/erlebnis/agenda/event-kalender/\">https://saentisbahn.ch/erlebnis/agenda/event-kalender/</a></p><p>Bergfahrten erfolgen von 18.00 bis 19:30 Uhr,&nbsp;<br>Talfahrten starten ab 21.00 bis 23.00 Uhr.</p><p class=\"MsoNormal\"><strong>Wichtige Information: Die S&auml;ntis-Schwebebahn ist infolge Erneuerung der Bahn vom 1. Mai bis Sp&auml;therbst 2026 eingestellt.</strong></p><p class=\"MsoNormal\"><strong>Das &laquo;S&auml;ntis &ndash; das Hotel&raquo; und die Restaurationsbetriebe auf der Schw&auml;galp sind durchgehend f&uuml;r Sie ge&ouml;ffnet.</strong></p>", "url": "https://saentisbahn.ch/", "image": "https://ostpimtsoch.sos-ch-dk-2.exoscale-cdn.com/catalog/5/5/5/d/555d42ed127dd8dd060668a2a44a94e4615be417_fd3e899c5a67eb5a0eb71953348887d2.jpg", "openstreetmap_id": "node/26864510"}, "geometry": {"type": "Point", "coordinates": ["9.3432366", "47.2493844"]}}, {"type": "Feature", "properties": {"identifier": "5306975d-5d96-43e3-bbc7-525d8e0aae64", "name": "Strandwirtschaft Schl\u00f6ssli", "description": "Die Strandwirtschaft Schl\u00f6ssli liegt direkt neben der Schiffsanlegestelle und bietet damit die perfekte Gelegenheit, dem regen Geschehen auf dem Bodensee zuzusehen. \n\nIn der geselligen Runde geniesst man im Sch\u00f6ssli eine feine Tavolata mit verschiedenen Fisch- und Fleischspezialit\u00e4ten. Auch vegetarische Gerichte und leckere Salatkombinationen stehen auf der Speisekarte. ", "image": "https://ostpimtsoch.sos-ch-dk-2.exoscale-cdn.com/catalog/1/9/8/5/19853c7fdbe2d9c6532f10761fd1025baa4b0ecb_349b0448c426e30a176a22e882cb8fb4.jpg", "openstreetmap_id": "node/5030067"}, "geometry": {"type": "Point", "coordinates": ["9.2098597", "47.6440984"]}}, {"type": "Feature", "properties": {"identifier": "538cadbe-5fc0-4c20-bd38-b8fcea5fbcdd", "name": "Bibliothek Hauptpost", "description": "Die Bibliothek Hauptpost befindet sich im Postgeb\u00e4ude direkt am Bahnhof St.Gallen und bietet schnellen Zugang zu Information und Wissen. Hier kann der Durst nach Unterhaltung, nach Kultur, nach Aus- und Weiterbildung, nach wissenschaftlichen Arbeiten, aber auch Begegnung und Austausch gestillt werden. Die Kantonsbibliothek Vadiana und die Stadtbibliothek St.Gallen pr\u00e4sentieren hier rund 100'000 Medien und laden zu Veranstaltungen ein.", "url": "https://bibliosg.ch", "image": "https://ostpimtsoch.sos-ch-dk-2.exoscale-cdn.com/catalog/5/6/3/4/56345a1378d96a5bd61d3d6e63446dd59cddd6df_6a216dc3f2c44b031a656296361787d2.JPEG", "openstreetmap_id": "relation/1626082"}, "geometry": {"type": "Point", "coordinates": ["9.370270371437075", "47.42262515669229"]}}, {"type": "Feature", "properties": {"identifier": "546bac57-e8fc-45ea-804a-539c3060a663", "name": "Sonne", "description": "Erstmals erw\u00e4hnt 1448. Gef\u00e4lliger, auskragender Fachwerkaufbau von 1659. Zuerst wurde das Geb\u00e4ude nur als Wohnhaus genutzt, sp\u00e4ter ab 1512 auch als Gast- und Wirtshaus. Auff\u00e4llig ist ein massiver Holzerker ohne Untersatz. \nDie Bemalung um 1900 von C. Schmidt mit der Begegnung zwischen Alexander dem Grossen und Diogenes (\u201eGeh mir aus der Sonne\u201c) spielt auf den Hausnamen an. Beh\u00e4bige gotische Balkendecke im 1. und leuchtende Rokoko-T\u00e4felung im 2. Obergeschoss.", "image": "https://ostpimtsoch.sos-ch-dk-2.exoscale-cdn.com/catalog/5/c/1/a/5c1af069e7e98561c339b56de603ad9450ec3e18_da23800b18f361957463ae119bcab98a.jpeg", "openstreetmap_id": "way/142975166"}, "geometry": {"type": "Point", "coordinates": ["8.859016181828192", "47.65933465"]}}, {"type": "Feature", "properties": {"identifier": "56c45382-d6ab-4627-9e50-53a351308581", "name": "OFFCUT St.Gallen", "description": "<p class=\"MsoNormal\">Im OFFCUT-Materialmarkt in St.Gallen werden gebrauchte und &uuml;bersch&uuml;ssige Werkstoffe gesammelt, sortiert und zu g&uuml;nstigen Preisen weiterverkauft. Auch hochwertige Textilien und Stickereien aus der Ostschweiz sind hier zu finden. Diese Sch&auml;tze werden neben Holz, Papier, Metall, Kunststoffen und vielem mehr angeboten &ndash; ideal f&uuml;r kreative Projekte mit Nachhaltigkeitsanspruch. F&uuml;hrungen, Workshops und die Vermietung der vielseitigen R&auml;umlichkeiten machen OFFCUT auch f&uuml;r Kurse, Projektwochenauftakte, Geburtstage oder Weiterbildungen zu einem inspirierenden Ort der Wiederverwendung.</p>", "url": "http://www.offcut.ch/", "image": "https://ostpimtsoch.sos-ch-dk-2.exoscale-cdn.com/catalog/f/4/8/5/f4856d2593faa4cbcf702dca6d7fbd0f2db7b1d6_ea9faae85d658799847e9911aaa4e0cc.jpg", "openstreetmap_id": "node/10093339139"}, "geometry": {"type": "Point", "coordinates": ["9.354078", "47.419895"]}}, {"type": "Feature", "properties": {"identifier": "5f6dfdb8-157e-430c-88b7-cb3206b894fa", "name": "Untertor", "description": "<p><span data-teams=\"true\">Der Turm, auch Zeitturm genannt, wurde erstmals 1367 erw&auml;hnt und bewachte die wichtige Verkehrsstrasse zum Hegau. Wie alle Stadttore erhielt er 1520 einen zwingerartigen Vorbau mit Fallt&uuml;r. Bei der Bombardierung 1945 wurde er zerst&ouml;rt und anschliessend originalgetreu wieder aufgebaut.</span></p>", "image": "https://ostpimtsoch.sos-ch-dk-2.exoscale-cdn.com/catalog/2/5/7/c/257c505fa9607646fcc4080503c983879002d1c9_d0f7fec5c2dc185385f79a0bf0e4af0e.jpg", "openstreetmap_id": "way/142986383"}, "geometry": {"type": "Point", "coordinates": ["8.85772405257506", "47.66084565"]}}, {"type": "Feature", "properties": {"identifier": "63a1c040-5ca2-4691-8959-4732391badbc", "name": "Reitschule f\u00fcr Kinder und Erwachsene / gef\u00fchrte Ausritte im Toggenburg", "description": "<p>Auf unserem modernen Sandplatz in Dietfurt SG bieten wir pferdebegeisterten Kindern und Erwachsenen Reitstunden auf gut ausgebildeten Schulpferden an.<br>Zudem k&ouml;nnen auch gef&uuml;hrte Ausritte ins Gel&auml;nde oder Bodenarbeitskurse gebucht werden.</p>\n<p>Weitere Informationen zu unseren Angeboten, Preisen und Kursen finden Sie auf unserer Website unter:<br><a href=\"https://kutschenfahrten-scherrer.ch/Reitschule/\">www.kutschenfahrten-scherrer.ch</a>, Rubrik&nbsp;<strong>Reitschule</strong>.</p>", "url": "https://www.kutschenfahrten-scherrer.ch", "image": "https://ostpimtsoch.sos-ch-dk-2.exoscale-cdn.com/catalog/e/8/c/8/e8c87529f5f4482f0c114f9889c172647c67c9d0_3d5e4f976c1d5370ba2b319d9c7fc648.jpg", "openstreetmap_id": "way/272177472"}, "geometry": {"type": "Point", "coordinates": ["9.0767387", "47.3438857"]}}, {"type": "Feature", "properties": {"identifier": "692de842-1388-40aa-ace5-14de82b680ca", "name": "Fronhof", "description": "<p>Ersterw\u00e4hnung 1398. Hier brach 1668 wegen einer im Bett pfeifenrauchenden alten Frau ein Brand aus, der sieben H\u00e4user zerst\u00f6rte. Kecker, gewinkelt vorkragender Riegelbau.</p>", "image": "https://ostpimtsoch.sos-ch-dk-2.exoscale-cdn.com/catalog/8/a/f/6/8af60d904b72c57d39812512928ea4473ed09a09_66309539a99fffded42a7f74296423a6.jpg", "openstreetmap_id": "way/145345202"}, "geometry": {"type": "Point", "coordinates": ["8.858887080150886", "47.66097725"]}}, {"type": "Feature", "properties": {"identifier": "69d40478-c2ec-44de-86be-6e9d16af4cde", "name": "Highland Games - lustiger Gruppenausflug mit Action und Spass", "description": "<p><strong>Erleben Sie echte schottische Abenteuer: </strong></p><p>Mit den spassigen <strong>HighlandGames</strong> k&ouml;nnen Sie Ihre G&auml;ste in die Berge Schottlands versetzen und endlich das Geheimnis l&uuml;ften, was der Schotte denn so unter seinem Rock tr&auml;gt...</p><p>Gemeinsam mit Ihrem Team k&auml;mpfen Sie um wichtige Punkte f&uuml;r den Gesamtsieg in dieser Meisterschaft. Welches Team hat die Nase vorn beim Balkenweitwurf, punktet beim&nbsp;<a title=\"Bogenschiessen als Teamevent\" href=\"https://www.rafters.ch/ausflugsideen/ostschweiz/pfeilbogenschiessen/index.html\" target=\"_blank\" rel=\"noopener\">Pfeilbogenschiessen</a> oder <a title=\"Wettschiessen testen Sie Ihre Treffsicherheit\" href=\"https://www.rafters.ch/ausflugsideen/ostschweiz/wettschiessen/index.html\" target=\"_blank\" rel=\"noopener\">Axtwerfen</a>, f&auml;ngt die meisten H&uuml;hner ein und holt die Gegner reihenweise vom Balken?</p><p><br>Ob als actionreiches Outdoor-Event oder als unterhaltsamer Programmpunkt f&uuml;r Ihren Betriebsausflug: Die Highland Games bringen Teams jeder Gr&ouml;&szlig;e ins Schwitzen, Lachen und Jubeln. Ideal f&uuml;r Unternehmen, die ein au&szlig;ergew&ouml;hnliches Event mit hohem Erlebniswert suchen.</p><p><strong>Ein Auszug aus unseren Posten:</strong><br>Die Posten bei unseren HighlandGames trainieren Ihre Lachmuskeln und f&ouml;rdern den Teamgeist<br><br><strong>Tauziehen&nbsp;</strong>- nur wer gemeinsam am Strick zieht kann hier gewinnen<br><strong>Baumstamm Weitwurf</strong> - die richtige Technik macht die Weite<br><strong>Axt werfen&nbsp;</strong>- als echter Highlander treffen Sie den Stamm sicher in der Mitte<br><strong>Balkenpolka&nbsp;</strong>- hier wird das Gleichgewicht gefordert<br><strong>Baumstamm Parcour</strong> - im Gleichschritt wertvolle Punkte holen<br><strong>wenn H&uuml;hner fliegen lernen&nbsp;</strong>- ist der Schotte am Rotieren...<br><strong>Hammerwurf</strong>&nbsp;- nicht Kraft sondern Geschicklichkeit bring hier die Punkte<br><strong>Strohsack-Weitwurf&nbsp;</strong>- mit dem richtigen Schwung gibt ordentlich was aufs Punktekonto<br><strong>Clan-Rapp</strong> - welcher Clan komponiert die beste Erkennungsmelodie</p><p>Schafft es Ihr Team bis ins Finale und kann mit dem SchottenRapp nochmals richtig Gas geben und und holt sich so den begehrten Sieg? Dieser Teamevent trainiert die Lachmuskel, befl&uuml;gelt den Geist und wird Ihren G&auml;sten mit Sicherheit noch lange in Erinnerung bleiben</p><p><strong>Event-Ort:</strong> in der ganzen Ostschweiz m&ouml;glich</p><p><strong>unsere Empfehlung:</strong> Alp Habergschw&auml;nd auf dem Kerenzerberg hoch &uuml;ber dem Walensee</p>", "url": "https://www.rafters.ch/ausflugsideen/ostschweiz/highlandgames/index.html", "image": "https://ostpimtsoch.sos-ch-dk-2.exoscale-cdn.com/catalog/b/c/6/f/bc6f2730ed06420d7cf230fccc1bfe1dee9f92e5_6ed02660e988703c4d078f48aa934f65.jpg", "openstreetmap_id": "Highland Games lustiger Gruppenausflug mit Action und Spass"}, "geometry": {"type": "Point", "coordinates": ["9.124660491943361", "47.10397047446817"]}}, {"type": "Feature", "properties": {"identifier": "6bf28206-9e8f-482a-a4b7-d7625c2b02a1", "name": "Wettschiessen - die Idee f\u00fcr Ihren Firmenausflug", "description": "<div class=\"paragraph\"><p>Wer hat nicht als Kind davon getr&auml;umt, ein echter Robin Hood zu sein? Jetzt ist die Zeit gekommen, diese Tr&auml;ume wahr werden zu lassen! Wir laden Sie zu einem geselligen Schiesswettkampf ein, bei dem nicht nur treffsichere Helden gesucht werden, sondern auch der Spa&szlig; und die Gemeinschaft im Mittelpunkt stehen.<br><br><strong>Der perfekte Mix aus Wettbewerb und Nostalgie</strong><br>Erinnern Sie sich noch an die Abenteuer, bei denen Pfeil und Bogen eine grosse Rolle spielten? Bei uns k&ouml;nnen Sie diese Kindheitstr&auml;ume wieder aufleben lassen &ndash; nur diesmal mit echten Herausforderungen. Unsere Schiessanlagen sind bereit, Sie in verschiedenen Disziplinen herauszufordern:<br><br><strong>Pfeil und Bogen:</strong>&nbsp;Finden Sie Ihre innere Ruhe und treffen Sie ins Schwarze!<br><strong>Armbrust:&nbsp;</strong>Pr&auml;zision und Power &ndash; der Klassiker f&uuml;r jeden Zielsportfan.<br><strong>Blasrohr:</strong> Wer h&auml;tte gedacht, dass dieser uralte Sport so viel Spass machen kann?<br><strong>Steinschleuder:</strong>&nbsp;Wie fr&uuml;her auf dem Schulhof, nur mit professionellem Zieltraining.<br><strong>B&uuml;chsenwerfen:&nbsp;</strong>Treffgenauigkeit trifft auf ein bisschen Chaos &ndash; immer ein Highlight!<br><strong>Axtzielwurf:&nbsp;</strong>F&uuml;r die wahren Abenteurer &ndash; werfen Sie sich mitten ins Geschehen.<br><br>Wer denkt, dass dies nur etwas f&uuml;r die Jungs ist, wird &uuml;berrascht sein. Unsere Erfahrung zeigt: Die Damen trumpfen oft mit einer ruhigen Hand und messerscharfer Pr&auml;zision auf. So manche Siegesserie wurde von einer Robin-Hood-Dame durchbrochen &ndash; mit Stil!<br><br><strong>Gemeinsam unvergessliche Momente erleben</strong><br>Das Beste an diesem Wettkampf? Es geht nicht nur um den Titel &bdquo;Bester Robin Hood&ldquo;, sondern auch um das Miteinander. Fachkundige Betreuung, lockere Stimmung und jede Menge Gelegenheiten zum Lachen sorgen daf&uuml;r, dass alle auf ihre Kosten kommen &ndash; egal ob Scharfsch&uuml;tze, Neuling oder einfach nur neugierig.</p></div>", "url": "https://www.rafters.ch/teamevents/vereinsausflug/index.html", "image": "https://ostpimtsoch.sos-ch-dk-2.exoscale-cdn.com/catalog/b/0/e/f/b0ef49498c686e8c93c1be926aab4438f0476cf0_e61372feac48c01d0e8e776b7a1edc1e.jpg", "openstreetmap_id": "node/9041170563"}, "geometry": {"type": "Point", "coordinates": ["9.124596118927004", "47.10400958858034"]}}, {"type": "Feature", "properties": {"identifier": "6c263c8f-e0d6-4f6a-9f7c-874f976b244c", "name": "Haus zum Ritter", "description": "<p>Fr&uuml;her gab es etwa zehn solch bemalte H&auml;user - ein bemaltes Haus war Zeichen von Wohlstand. Der Ritter ist eines der sch&ouml;nsten H&auml;user der Stadt und die Malereien gelten als die bedeutendsten Renaissancefresken n&ouml;rdlich der Alpen. Urspr&uuml;nglich waren es zwei H&auml;user. Dies wird sichtbar, wenn man die linke Haush&auml;lfte mit der rechten Haush&auml;lfte vergleicht. Die Fenster sind asymmetrisch angeordnet und ungleich gross. Umgebaut 1566 durch Ritter Hans von Waldkirch, der 1568/70 die Fassadenbemalung von dem ber&uuml;hmten Schaffhauser Maler Tobias Stimmer ausf&uuml;hren liess. Originalfresken 1938/39 und 1943 von Carl Roesch, Diessenhofen, im Sinn und Geist von Tobias Stimmer meisterhaft neu erstellt.</p>", "image": "https://ostpimtsoch.sos-ch-dk-2.exoscale-cdn.com/catalog/f/2/6/0/f2607eac7671c0d73f96feaf0eed98df9c71e285_71fb1a1ebf39a967af85794d0c5f80aa.jpg", "openstreetmap_id": "way/192794253"}, "geometry": {"type": "Point", "coordinates": ["8.634899207145345", "47.6962072"]}}, {"type": "Feature", "properties": {"identifier": "6e9b6fdd-62cc-40f8-bef0-30f7b8b08a84", "name": "Lohr Wassersport", "description": "Stand Up Paddling (SUP) bietet ein ausgewogenes Training fu\u0308r den ganzen Ko\u0308rper. Auch wenn du es nur einmal ausprobieren mo\u0308chtest, ist dieser Sport ein Erlebnis. Unabha\u0308ngig von Alter, Ko\u0308nnen und perso\u0308nlichem Fitnesslevel ist SUP fu\u0308r alle Personen geeignet. Lohr Wassersport bietet dazu passende Vermietung, Kurse und gemeinsame SUP-Sessions an.", "url": "http://lohrsport.ch/project/stand-up-paddling/", "image": "https://ostpimtsoch.sos-ch-dk-2.exoscale-cdn.com/catalog/7/1/7/9/71795e083487965661d519199b8d7ac31f2da00b_27d4a2a8e38f24fa376639e5fe17f00a.png", "openstreetmap_id": "way/212500011"}, "geometry": {"type": "Point", "coordinates": ["9.19804131630271", "47.6471903"]}}, {"type": "Feature", "properties": {"identifier": "70a4d632-c837-40d8-b433-18d98421fa43", "name": "Theater Trouvaille", "description": "<p data-path-to-node=\"6\">Wenn du das Besondere suchst, musst du manchmal etwas genauer hinschauen. Das <strong data-path-to-node=\"6\" data-index-in-node=\"78\">Theater Trouvaille</strong> in St. Gallen ist genau so eine Entdeckung. 1997 von Arnim Halter und Regine Weingart als &laquo;Parfin de Si&egrave;cle&raquo; ins Leben gerufen, steht das Haus seit &uuml;ber 25 Jahren f&uuml;r tiefgr&uuml;ndige Inszenierungen, die dich in den Bann ziehen.</p><p data-path-to-node=\"7\">Seit der Schauspieler Matthias Fl&uuml;ckiger das Ruder &uuml;bernommen hat, weht ein frischer Wind durch die R&auml;ume. Mit dem Namenswechsel im Jahr 2022 zu &laquo;Trouvaille&raquo; &ndash; franz&ouml;sisch f&uuml;r einen gl&uuml;cklichen Fund oder eine wertvolle Entdeckung &ndash; wurde ein neues Kapitel aufgeschlagen. Das Theater hat sich von der reinen Fixierung auf die Jahrhundertwende gel&ouml;st und &ouml;ffnet sich neuen, vielschichtigen Stoffen, ohne seinen pers&ouml;nlichen und exklusiven Charakter zu verlieren.</p><p data-path-to-node=\"7\">Ein bedeutsamer Ort f&uuml;r die Theater- und Kulturszene in St.Gallen - mit Theaterst&uuml;cken, Lesungen und Musikprogrammen.</p>", "url": "https://theater-trouvaille.ch/", "image": "https://ostpimtsoch.sos-ch-dk-2.exoscale-cdn.com/catalog/2/6/e/a/26ea24cc91f8a3a8c07afced625f955bf83ae667_300db5e79d9270baca31f436ca87c5fe.png", "openstreetmap_id": "node/5305284127"}, "geometry": {"type": "Point", "coordinates": ["9.377237000000036", "47.42173460000001"]}}, {"type": "Feature", "properties": {"identifier": "70ac280f-a9d1-4809-960f-b0438de93f1c", "name": "Grillstelle und Badestelle M\u00fcndung Thur und Necker", "description": "Den Ausflug an den wundersch\u00f6nen, ruhig gelegenen Badeplatz muss man sich verdienen. Ein kleiner Fussmarsch ist unumg\u00e4nglich, wer das Flussufer erreichen will. Von der Hauptstrasse, die L\u00fctisburg und Ganterschwil verbindet, f\u00fchren gekieste Str\u00e4sschen hinunter zum Fluss. Besser gesagt: zu den Fl\u00fcssen. Denn hier m\u00fcndet der wilde Necker in die breite Thur. An deren Ufer gibt es etliche Pl\u00e4tze zum Verweilen, zum Br\u00e4teln. Wenn die Fl\u00fcsse nicht viel Wasser f\u00fchren, ist das Bett breit und einfach zug\u00e4nglich. \nAuf dem Weg zum Fluss liegt die historische Holzbr\u00fccke Letzibr\u00fccke. Hier befinden sich eine Grillstelle und M\u00fclleimer, oft wird im Sommer ein mobiles Toilettenh\u00e4uschen aufgestellt. Infotafeln geben Auskunft \u00fcber das Naturschutzgebiet. Respekt und R\u00fccksichtnahme auf die sch\u00f6ne Natur sind eine Selbstverst\u00e4ndlichkeit.", "url": "https://toggenburg.swiss", "image": "https://ostpimtsoch.sos-ch-dk-2.exoscale-cdn.com/catalog/b/d/2/c/bd2c2e15500a79399148be71e4153fe82d9dd138_c3561b8e7f448c5917122502f6e7718d.jpg", "openstreetmap_id": "node/224012796"}, "geometry": {"type": "Point", "coordinates": ["9.08172", "47.39095"]}}, {"type": "Feature", "properties": {"identifier": "7b4754e3-1442-44cd-8212-60c5d7eddbf5", "name": "Hexenturm", "description": "<p>Der Turm wurde im 14. Jahrhundert errichtet und war<strong>&nbsp;</strong>damals ein Eckturm der Stadtmauer. Sp&auml;ter wurde er zu einem Verlies umfunktioniert. Der Zinnenkranz wurde zu einer Fensterreihe umgebaut, und der Turm bekam ein Dach. Der Eingang an der Nordseite lag f&uuml;nf Meter &uuml;ber dem Boden.</p><p>Der erste nachweisbare Hexenprozess in Stein am Rhein datiert auf das Jahr 1512 gegen Anna Beringer. Als letzte Hexe wurde in Stein am Rhein Katharina Albrecht im Jahr 1667 hingerichtet. Der Hexenglaube hielt jedoch noch lange an. Im Jahr 1783 stellte der Rat eine Untersuchung gegen vier M&auml;nner an, die wegen Zauberei und Hexerei verd&auml;chtigt, jedoch freigesprochen wurden. Insgesamt waren es 17 Personen, die in Stein am Rhein der Hexerei beschuldigt und hingerichtet wurden.</p><p>Bis um 1800 wurde der Turm als Gef&auml;ngnis genutzt.</p>", "image": "https://ostpimtsoch.sos-ch-dk-2.exoscale-cdn.com/catalog/9/3/9/f/939f02148fafaaf7220136722d42178d2d1f3066_7e82d6cff0667238c51b9ff97be98b98.jpg", "openstreetmap_id": "way/142986357"}, "geometry": {"type": "Point", "coordinates": ["8.856827000662875", "47.660413750000004"]}}, {"type": "Feature", "properties": {"identifier": "7b779cc8-91e6-490e-86d4-faf9622f24fb", "name": "Appenzeller Park", "description": "<p class=\"MsoNormal\">Der Appenzeller Park bietet aussergew\u00f6hnliche Erlebnisse f\u00fcr\njedes Alter und jedes Level. Zu erleben gibt es den gigantischen, 800 Tonnen\nschweren Minenbagger, 2300 m\u00b2 Spielspass mit doppelt so vielen Spielger\u00e4ten als\nin anderen Indoor-Spielpl\u00e4tzen, pure Action im Kletterparcours Clip'n Climb, die\nhochwertige Kletter- und Boulderhalle oder den einen oder anderen Adrenalinkick\nmit den Erlebnisrutschen. <o:p></o:p></p>\n\n<p class=\"MsoNormal\">Sollte die G\u00e4ste in all den aufregenden Erlebnissen der\ngrosse oder kleine Hunger packen, bieten die separierten 5-Sterne-Bistros im\nIndoor-Spielplatz und in der Kletterhalle die ideale St\u00e4rkungs- und\nErholm\u00f6glichkeit mit leckeren Snacks, herzhaften Speisen und erfrischenden\nGetr\u00e4nken. Die R\u00e4ume sind zudem schalldicht und im Sommer wie im Winter\nkontinuierlich frisch bel\u00fcftet \u2013 genau so, damit sich Gross und Klein wohlf\u00fchlen.&nbsp;<o:p></o:p></p>", "url": "https://appenzellerpark.ch/", "image": "https://ostpimtsoch.sos-ch-dk-2.exoscale-cdn.com/catalog/1/9/d/1/19d11b10c91223ac4702821a50fb6b8ba192fbb9_0674debe2c640d0183dd33b275e73275.jpg", "openstreetmap_id": "way/844755364"}, "geometry": {"type": "Point", "coordinates": ["9.269369224573303", "47.389611450000004"]}}, {"type": "Feature", "properties": {"identifier": "812c6228-58ef-4c44-8d93-8d9ae594ccda", "name": "Rheinfall", "description": "<p>Vor 17'000 Jahren entstand das imposante Naturschauspiel und wurde zum Hauptanziehungspunkt f&uuml;r unz&auml;hlige Besucher aus aller Welt. Auf einer Breite von 150 m st&uuml;rzen jede Sekunde 700'000 Liter Wasser tosend &uuml;ber eine Klippe von 23 m H&ouml;he. Das Besteigen des Felsens geh&ouml;rt mit der Bootsfahrt im Rheinfallbecken zu den unvergesslichen Erlebnissen eines jeden Besuchers.</p>", "url": "http://www.rheinfall.ch/", "image": "https://ostpimtsoch.sos-ch-dk-2.exoscale-cdn.com/catalog/d/4/7/3/d4736f43fe124bb3e3a99b0fd921fdaf741fef3e_34ede1edbb0ac22b6909d4df15f3d646.jpg", "openstreetmap_id": "node/1230090972"}, "geometry": {"type": "Point", "coordinates": ["8.6153284", "47.6778348"]}}, {"type": "Feature", "properties": {"identifier": "82d07b7c-3b6e-4364-b57f-bd60cdc0c42a", "name": "THOMIS Schoggikreationen Manufaktur", "description": "Alle Schoggi Spezialit\u00e4ten sind Eigenkreationen mit Liebe zum Detail handgemachte Pralines &amp; Truff\u00e9s und Schaffhauser Spezialit\u00e4t die Schaffhuuser Spatzen mit dem Original Munot Spatzen.\n\nJedes St\u00fcck ist ein Unikat.\n\nBei mir werden keine k\u00fcnstlichen Konservierungsstoffe und zus\u00e4tzlichen Butter und Zucker dazugegeben. Ausser es enthalten bereits in den Rohstoffen enthaltene Stoffe. Das Rohmaterial wird immer frisch nach M\u00f6glichkeit aus der Region oder aus der Schweiz verwendet. Die Schokolade ist aus bester Edler Schweizer Grand Cru Couverture wie auch die Lik\u00f6re &amp; Spirituosen sind ausschliesslich mit edlen Marken aus der Schweiz &amp; aus Regionalen Eigenbr\u00e4nden von der Distillerie Zimmerli Hans Zimmerli, 8215 Hallau hergestellt. \nDamit die Frische aller Produkte garantiert ist werden immer nur kleinere Mengen hergestellt. Alle Schoggi Kreationen sind Naturbelassene Produkte und haben somit eine begrenzte Haltbarkeit.\n\nIch habe keinen Verkaufsladen. Meine Schoggi-Spezialit\u00e4ten k\u00f6nnen Sie bei meinen Gesch\u00e4ftspartnern in Ihren Verkaufsl\u00e4den kaufen. (Sehen Sie auf der R\u00fcckseite vom Flyer unter Gesch\u00e4ftspartner & Empfehlungen.)\n\nDie Produkte werden auch direkt von mir an den Kunden ausgeliefert oder auf Wunsch bei k\u00fchleren Tagen (bis 15\u00b0-18\u00b0C) per Post versenden.\nAuf Wunsch und Voranmeldung k\u00f6nnen die Kreationen bei mir in der Produktion auch abgeholt werden.\n\nMeine Gesch\u00e4ftspartner und ich, THOMIS Schoggikreationen Manufaktur freuen sich auf Ihren Besuch und Einkauf.\n\nBis Bald\nIhre THOMIS Schoggikreationen Manufaktur aus Schaffhausen mit dem gewissen Etwas...\n\nNEU auch auf Instagram: @thomisschoggikreationen", "url": "https://www.schoggitraumkreationen.ch", "image": "https://ostpimtsoch.sos-ch-dk-2.exoscale-cdn.com/catalog/9/4/9/6/9496d60d00bce5588b8b750a20ae20e110143016_2ac79aa1b3af8688327ed7faf5984cd9.jpeg", "openstreetmap_id": "way/316078382"}, "geometry": {"type": "Point", "coordinates": ["8.645208632060285", "47.71543615"]}}, {"type": "Feature", "properties": {"identifier": "84051462-0548-4390-aee6-3ab283be9e87", "name": "B\u00fcrgerasyl", "description": "<p>Das Klosterspital entstand vermutlich im 13. Jahrhundert. Im Zuge des politischen Wandels ging das Spital 1476 an die Stadt &uuml;ber und wurde in der Folge stark ausgebaut. Das ehemalige Spital zum Heiligen Geist umfasst f&uuml;nf um einen Hof gruppierte Geb&auml;ude, die die historische Entwicklung vom mittelalterlichen Klosterspital &uuml;ber das st&auml;dtische Spital bis hin zum Armen- und Waisenhaus widerspiegeln.</p><p>Die Geb&auml;ude wurden von 1999 bis 2002 unter gr&ouml;sstm&ouml;glicher Erhaltung der originalen Bausubstanz und mit viel Geschmack restauriert. Heute beherbergen sie stilvolle Sitzungs- und Veranstaltungsr&auml;ume f&uuml;r die Stadt und die &Ouml;ffentlichkeit, die zur Vermietung frei stehen. Zudem befinden sich hier das Stadtarchiv, rollstuhlg&auml;ngige Wohnungen sowie das Tourist Office.</p>", "image": "https://ostpimtsoch.sos-ch-dk-2.exoscale-cdn.com/catalog/7/5/a/9/75a94c994801a7ec0250cb4155454e62d2648b36_dbac6ee185e185851eab38588fb4d4a2.jpeg", "openstreetmap_id": "node/4294491468"}, "geometry": {"type": "Point", "coordinates": ["8.8598389", "47.6593933"]}}, {"type": "Feature", "properties": {"identifier": "84fe53c7-2246-4fb1-b78c-2c025109f3a7", "name": "Restaurant Senn\u00e4stube", "description": "Heimelig, gem\u00fctliches Restaurant mit direkter Einsicht durch eine Glaswand in die Produktionsr\u00e4ume der Alpk\u00e4serei. Gut b\u00fcrgerliche K\u00fcche, K\u00e4sespezialit\u00e4ten und Kindermenus f\u00fcr die kleinen G\u00e4ste.  \n\nIm Winter\nDer ideale Ausgangspunkt zum Langlaufen sowie f\u00fcr die Hundeschlittentouren. Ausserdem beginnen hier mehrere idyllische Winterwanderwege.\n\nIm Sommer\nAusgangspunkt f\u00fcr diverse Wanderwege ins Wanderparadies Flumserberg. Grosse Gartenwirtschaft mit Kinderspielplatz und wundersch\u00f6ner Aussicht auf die imposante Bergwelt.", "url": "https://www.sennenstube.ch", "image": "https://ostpimtsoch.sos-ch-dk-2.exoscale-cdn.com/catalog/4/0/e/6/40e62eefa54d5f566988e6030a9a8aec94ebd20d_478326a96f445cbb5a599397d8936af1.jpg", "openstreetmap_id": "way/258195817"}, "geometry": {"type": "Point", "coordinates": ["9.287814338148326", "47.089852"]}}, {"type": "Feature", "properties": {"identifier": "880d0939-7786-4fd7-9fff-ff9fdd444004", "name": "Freizeitpark Niederb\u00fcren", "description": "<p>Der Freizeitpark bietet auf &uuml;ber 6000 m&sup2; Spiel, Sport und Spass f&uuml;r alle Altersklassen. Ein feines Restaurant mit &uuml;ber 200 sonnigen Gartenpl&auml;tzen, die Spielsch&uuml;&uuml;r und die Abent&uuml;&uuml;rw&auml;lt f&uuml;r Kids, die Bowlinganlage und vieles mehr garantieren spannende, abwechslungsreiche Stunden in einem familienfreundlichen Park.</p><p>Die &laquo;Abent&uuml;&uuml;rw&auml;lt&raquo; im Outdoorbereich verf&uuml;gt &uuml;ber einen 11 Meter hohen Rutschenturm im Western-Stil. Eine H&uuml;pfburg, Trampoline, der Spaceball, eine Wasser-/Sandspielanlage sowie eine Spiellandschaft lassen den Besuch zum Erlebnis werden. Die &laquo;Spielsch&uuml;&uuml;r&raquo; ist ein Indoor-Spielplatz mit Trampolinen, Rutschen, Softball-Kanonen, einer Kletterwand uvm.&nbsp;</p>", "url": "http://www.freizeitpark-niederbueren.ch", "image": "https://ostpimtsoch.sos-ch-dk-2.exoscale-cdn.com/catalog/e/9/3/b/e93bfe78efed8c0349dad60ab8f3ee15393a3348_12480e711601c9a98332bd52f939bd85.jpg", "openstreetmap_id": "node/415447429"}, "geometry": {"type": "Point", "coordinates": ["9.200159311294557", "47.46538853496439"]}}, {"type": "Feature", "properties": {"identifier": "8e58214d-5267-4ad6-9fe2-da2ba0cdc7de", "name": "Alpenhof \u2013 Restaurant, Hotel & Bibliothek", "description": "<p class=\"MsoNormal\">Zum Ap&eacute;ro voraus, ein mehrg&auml;ngiges Men&uuml;, am Wochenende zu Brunch oder Lunch &ndash; im hellen Panoramasaal, draussen auf der Terrasse und mit Sicht auf die Alpen. Zum Schmausen und St&auml;rken &ndash; am liebsten mit Produkten aus der direkten Umgebung, nachhaltig, hausgemacht und in bester Qualit&auml;t getreu der Haltung von Slow Food.</p>\n<p class=\"MsoNormal\">Durch die Kombination von Gastronomie, Unterkunft und Arbeitsraum bietet der Alpenhof einen idealen Ort f&uuml;r Teams und Arbeitsgruppen, f&uuml;r Seminare, Kurse oder Retraiten, f&uuml;r Feste und Feiern. Gerne auf Anfrage auch ausserhalb der regul&auml;ren &Ouml;ffnungszeiten.</p>\n<p class=\"MsoNormal\">Die Bibliothek im Alpenhof &ndash; f&uuml;r Hotelg&auml;ste stets zug&auml;nglich &ndash; umfasst rund 10&rsquo;400 Titel zu Themengebieten wie Wetter, Geologie, Astronomie, Physik, Literatur, Fotografie, Kunst, Kitsch und Popul&auml;rkultur. Neben der Bibliothek finden sich im ganzen Haus eine Vielzahl Magazine und B&uuml;cher &uuml;ber Kulinarik, Kunst, Design, Stadtentwicklung und Architektur.</p>\n<p class=\"MsoNormal\">Pers&ouml;nlich gef&uuml;hrt und gestaltet vom Kollektiv Alpenhof. Dankbar und verbunden in der gemeinsamen Freude an Gastfreundschaft, Kulinarik, Kultur, Handwerk und Nachhaltigkeit.&nbsp;</p>", "url": "https://alpenhof.ai", "image": "https://ostpimtsoch.sos-ch-dk-2.exoscale-cdn.com/catalog/6/9/c/3/69c3f48fc2c1d014b906621853735622e4261284_f28bd722cecd16d23de0c56da5c2fd56.png", "openstreetmap_id": "way/196764847"}, "geometry": {"type": "Point", "coordinates": ["9.53592435", "47.41010455"]}}, {"type": "Feature", "properties": {"identifier": "9093baaf-8279-4aba-b9f5-b44ad0c6c558", "name": "Restaurant Adler", "description": "Das Gourmetrestaurant Adler in Fl\u00e4sch mit seinen gem\u00fctlichen Gaststuben ist ein bezauberndes Haus mit zeitlosem Charme und der Treffpunkt von Gourmets und Weinliebhabern aus der ganzen Welt. \nSiggi Tschurtschenthaler und sein Team sorgen mit herzlichem Service und feinen K\u00f6stlichkeiten aus der K\u00fcche daf\u00fcr, dass Sie sich wohlf\u00fchlen. Dar\u00fcber hinaus begeistert Sie Melanie mit edlen Tropfen aus einem der wohl aussergew\u00f6hnlichsten Weinkeller der Region.", "url": "https://www.adlerflaesch.ch", "image": "https://ostpimtsoch.sos-ch-dk-2.exoscale-cdn.com/catalog/1/7/1/0/17100c2e25ba633192218434ff99a82cc431255d_3ba17d6735d890b7d1f6fbf582fadc97.jpg", "openstreetmap_id": "node/955462383"}, "geometry": {"type": "Point", "coordinates": ["9.5132443", "47.0266975"]}}, {"type": "Feature", "properties": {"identifier": "910275d4-e4e1-46a7-ab29-b096503862ed", "name": "BCB Bleisch Craft Beer", "description": "Der Brauer, Marco Bleisch, l\u00e4sst einem seine Freude am Bierbrauen ab dem ersten Moment sp\u00fcren. Er erz\u00e4hlt von Zutaten, dem Brauprozess, anstehenden Projekten und neuen Ideen. Dass man in einer Garage sitzt, geht dabei schnell vergessen. Einen oder zwei Tage pro Woche ist Marco hier anzutreffen. Pro Sud produziert er etwa 300 Liter Bier. Abf\u00fcllanlage, K\u00fchlzelle, G\u00e4rfass und fruchtbetont m\u00f6gen einem noch bekannt vorkommen, wenn es um Dry Hopping, Hopfennote oder Porter Bier geht, wird es schon spezifischer. Marco ist ehrlich mit sich selbst und freut sich, wenn ein Bier gelingt. Ein gutes Bier braucht Geduld und gute Lagerung. Der Brauer Bescheidenheit, Begeisterung und Leidenschaft. Auch das Bierbrauen ist herrlich f\u00fcr Marco. Dort findet er einen Ausgleich zum Arbeitsalltag und kann seine kreativen Ideen umsetzen. So entstand zum Beispiel das beliebte Honig-Rosmarin Bier. Deshalb hat er vor rund neun Jahren das Einzelunternehmen \u00abBCB Bleisch Craft Beer\u00bb gegr\u00fcndet, das er selbst betreibt. Nicht ohne tatkr\u00e4ftige Helfer nat\u00fcrlich, diese werden in Naturalien, also in Bier bezahlt.", "url": "https://www.bleischcraftbeer.ch", "image": "https://ostpimtsoch.sos-ch-dk-2.exoscale-cdn.com/catalog/d/1/4/2/d142a4e7b217cf43cbd54c02fb15d1ffe356230c_ac554162e2375887f500d6b90656ecf8.jpg", "openstreetmap_id": "way/309204490"}, "geometry": {"type": "Point", "coordinates": ["9.34248", "47.41139"]}}, {"type": "Feature", "properties": {"identifier": "9139acaa-0f15-4482-b6ce-a30c96766ad4", "name": "Velosafari", "description": "<div>Starten Sie Ihre n\u00e4chste Veloreise und haben Sie Ihr Bett stets dabei. Mit dem Velocamper ist genau das der Fall. Denn im eigens daf\u00fcr konstruierten Cargo E-Bike mit integriertem Zeltaufbau sind Sie bestens ausger\u00fcstet f\u00fcr eine abenteuerliche Reise durch die Ostschweiz. Erleben Sie eine unvergessliche Velotour, vorbei an schier endlosen Rebh\u00e4ngen, malerischen Landschaften und schmucken D\u00f6rfern.</div><div><br></div><div>Dabei kann gew\u00e4hlt werden zwischen einer Tour im Schaffhauserland oder dem Thurgau.</div>\n\nDie Velosafari ist zwischen Mai und September buchbar.", "image": "https://ostpimtsoch.sos-ch-dk-2.exoscale-cdn.com/catalog/2/5/5/6/255602ddcd27f148cb9cc08dfe9c2312280173a1_500560a9ea296f2db056a202ec0a9c2d.jpg", "openstreetmap_id": "way/26790652"}, "geometry": {"type": "Point", "coordinates": ["8.502173423760137", "47.702187968441685"]}}, {"type": "Feature", "properties": {"identifier": "917ebc5d-1429-4ce7-a5bb-77e0492b2555", "name": "Klangsein: Wohltuende und regenerierende Entspannung durch Klang.", "description": "<p>Die Klangschalenmassage zeichnet sich durch obertonreiche Kl&auml;nge und feine Vibrationen aus, welche unser Nervensystem beruhigen. Die Klangschalen werden sowohl auf, als auch um den bekleideten K&ouml;rper positioniert und mit einem Filzschl&auml;gel sanft zum Klingen gebracht. Die harmonischen, obertonreichen Kl&auml;nge der verschiedenen Schalen erm&ouml;glichen Tiefenentspannung. Die feinen Vibrationen der Schalen bringen die Fl&uuml;ssigkeit im K&ouml;rper zum Schwingen und breiten sich im K&ouml;rper aus, vergleichbar mit den konzentrischen Wellen, die entstehen, wenn ein Stein ins Wasser f&auml;llt. Muskul&auml;re Verspannungen werden sanft gel&ouml;st, Faszien gelockert sowie Durchblutung und Lymphfluss angeregt. Die tiefe Entspannung beeinflusst Atmung, Herzkreislaufsystem, Stoffwechsel und Verdauungssystem positiv. Die Regenerationsf&auml;higkeit des K&ouml;rpers wird so gef&ouml;rdert. Das urspr&uuml;ngliche Vertrauen sowie die K&ouml;rper- und Selbstwahrnehmung werden gest&auml;rkt. Ein Gef&uuml;hl von Entspannung und Leichtigkeit wird erfahrbar &ndash; Wellness f&uuml;r K&ouml;rper, Seele und Geist.</p>", "url": "https://klangsein.ch", "image": "https://ostpimtsoch.sos-ch-dk-2.exoscale-cdn.com/catalog/5/e/b/6/5eb677d434d9c0edbfd25e912a27c4e3ab259846_501e6aabdee48872e943ff1da7bce77d.JPG", "openstreetmap_id": "node/2046854445"}, "geometry": {"type": "Point", "coordinates": ["9.30894", "47.20253"]}}, {"type": "Feature", "properties": {"identifier": "91fb6a10-e065-4950-9306-0dd37fcd68bd", "name": "Engeweiher", "description": "<p>Der k&uuml;nstlich angelegte Weiher war 1907 das erste Pumpspeicherwerk der Schweiz und wurde dazumal praktisch in Handarbeit angelegt.&nbsp;</p>", "image": "https://ostpimtsoch.sos-ch-dk-2.exoscale-cdn.com/catalog/3/b/1/f/3b1fdcea122477fb737b6c5c5f116ed2b8dd06e7_5114875112fc1ed316a5c290cf995f0d.jpeg", "openstreetmap_id": "way/4588267"}, "geometry": {"type": "Point", "coordinates": ["8.607368046406954", "47.70217825"]}}, {"type": "Feature", "properties": {"identifier": "9800ecdd-da25-4dcd-9199-3feb71542ee6", "name": "E-Bike Adventure: Dein Team-Event mit See-Panorama!", "description": "<p data-path-to-node=\"4\">Vergesst langweilige Wandertage! Wir bringen euch mit Speed und Style durch die Bodensee-Region. Damit jeder auf seine Kosten kommt, haben wir unser Setup f&uuml;r euch gepimpt: W&auml;hlt zwischen unseren&nbsp;<strong data-path-to-node=\"4\" data-index-in-node=\"196\">E-Fullys</strong>, die mit ihrer Vollfederung f&uuml;r maximalen Komfort und Fahrspass auf jedem Untergrund sorgen, oder unseren <strong data-path-to-node=\"4\" data-index-in-node=\"311\">E-Gravel Bikes</strong>, die perfekte Wahl f&uuml;r alle Fitness-Fans, die Bock auf ein sportlich-dynamisches Fahrgef&uuml;hl haben.</p><h2 data-path-to-node=\"5\">Das erwartet euch:</h2><ul data-path-to-node=\"6\"><li><p data-path-to-node=\"6,0,0\">Startschuss im Hafen: Wir treffen uns im charmanten Rorschach. Von dort aus cruisen wir entspannt am Ufer entlang Richtung Naturschutzgebiet Bisew&auml;ldli. Haltet die Augen offen &ndash; mit &uuml;ber 330 Vogelarten ist das hier ein echtes Natur-Highlight.</p></li><li><p data-path-to-node=\"6,1,0\">Reben-Vibe &amp; Panorama: &Uuml;ber Thal geht es mitten hinein in die malerischen Rebberge. Hier geniessen wir die gr&uuml;ne Kulisse, bevor wir den Rorschacherberg in Angriff nehmen.</p></li><li><p data-path-to-node=\"6,2,0\">Power-Up: Keine Sorge wegen der H&ouml;henmeter! Dank massiver Elektro-Unterst&uuml;tzung fliegen wir den Anstieg f&ouml;rmlich hoch. Oben angekommen, belohnt uns der legend&auml;re Schl&ouml;sserrundweg mit einem atemberaubenden Panorama-Blick &uuml;ber den glitzernden Bodensee.</p></li><li><p data-path-to-node=\"6,3,0\">Kultur im Vorbeifahren: Auf dem R&uuml;ckweg zum Seeufer passieren wir das historische Kornhaus &ndash; ein architektonisches Statement aus dem 18. Jahrhundert.</p></li></ul><p data-path-to-node=\"7\">Lasst euch von der Vielfalt am Bodensee begeistern und entdeckt neue Facetten der Region. <strong data-path-to-node=\"7\" data-index-in-node=\"90\">Gemeinsam in die Pedale, fertig, los!</strong></p>", "url": "https://st.gallen-bodensee.ch/de/", "image": "https://ostpimtsoch.sos-ch-dk-2.exoscale-cdn.com/catalog/3/9/9/8/39985c9494226ea97ded8270d4819051a15520c9_4e32948630215e0a0018e8b1d545495f.jpg", "openstreetmap_id": "way/179748654"}, "geometry": {"type": "Point", "coordinates": ["9.493603706359865", "47.47876864786605"]}}, {"type": "Feature", "properties": {"identifier": "980d7f02-ed19-4a41-bbec-a723152d27d9", "name": "Sweetwolf St\u00fcbli", "description": "<p class=\"s4\"><span class=\"s3\">GENUSS trifft ERLEBNIS</span></p><p class=\"s2\">Ob Weihnachtsfeier, Jubil&auml;um, Geburtstage oder Versammlungen &ndash; wir verwandeln eurem Anlass ein <span class=\"s3\">unvergleichliches Event</span>. Bei uns gibt&rsquo;s nicht nur <span class=\"s3\">kulinarische Highlights</span>, sondern auch Momente, die<span class=\"s3\">zusammenschwei&szlig;</span><span class=\"s3\">en.</span></p><p class=\"s2\">Unser Angebot f&uuml;r euch:</p><div class=\"s6\"><span class=\"s5\">\u25aa Kochkurse mit i</span><span class=\"s3\">ndividuellen Men&uuml;s</span> &ndash; von klassisch, vegan, laktosefrei-oder glutenfrei</div><div class=\"s6\">&nbsp;</div><div class=\"s6\"><span class=\"s5\">\u25aa&nbsp;</span><span class=\"s3\">Stimmungsvoller Rahmen</span> in angenehmer Atmosph&auml;re - Dessertabende, Brunches oder thematische Dinner</div><div class=\"s6\">&nbsp;</div><div class=\"s6\"><span class=\"s5\">\u25aa </span><span class=\"s3\">Catering </span><span class=\"s3\">nach Wunsch</span> - direkt zu euch in den Verein oder an eure Wunsch-Location</div><div class=\"s6\">&nbsp;</div><div class=\"s6\"><span class=\"s5\">\u25aa </span><span class=\"s3\">Teamevents</span><span class=\"s3\">- und Acton</span> <span class=\"s3\">mit Spa&szlig;faktor</span> &ndash; gemeinsamkochen, lachen und genie&szlig;en</div><p class=\"s2\">Mit &uuml;ber 16 Jahren Erfahrung in Kochkursen und unz&auml;hligen Veranstaltungen wissen wir genau, wie Genuss und gute Stimmung zusammenpassen.</p><p class=\"s2\">Hier geht&rsquo;s nicht nur ums Essen &ndash; hier entstehen Erinnerungen, die bleiben. Wir machen eure Feier einzigartig &ndash; von der Planung bis zum letzten Bissen.</p><p class=\"s2\">&nbsp;</p>", "url": "https://www.sweetwolf.ch", "image": "https://ostpimtsoch.sos-ch-dk-2.exoscale-cdn.com/catalog/9/8/2/f/982f2a192c8e84f37e7f444359f6c53ab3d332e3_fec8538588dde42c2f4dfd130e030805.jpeg", "openstreetmap_id": "node/13514189869"}, "geometry": {"type": "Point", "coordinates": ["9.403763", "47.4376903"]}}, {"type": "Feature", "properties": {"identifier": "9eca086c-869a-4d40-8532-c9311ad133a6", "name": "Indoorspielplatz und Trampolinpark F\u00e4gn\u00e4scht", "description": "<div class=\"flex flex-col text-sm pb-25\"><article class=\"text-token-text-primary w-full focus:outline-none [--shadow-height:45px] has-data-writing-block:pointer-events-none has-data-writing-block:-mt-(--shadow-height) has-data-writing-block:pt-(--shadow-height) [&amp;:has([data-writing-block])&gt;*]:pointer-events-auto scroll-mt-[calc(var(--header-height)+min(200px,max(70px,20svh)))]\" dir=\"auto\" tabindex=\"-1\" data-turn-id=\"request-WEB:af43760a-8afb-44cb-8518-55ca4d39ba4f-6\" data-testid=\"conversation-turn-14\" data-scroll-anchor=\"true\" data-turn=\"assistant\"><div class=\"text-base my-auto mx-auto pb-10 [--thread-content-margin:var(--thread-content-margin-xs,calc(var(--spacing)*4))] @w-sm/main:[--thread-content-margin:var(--thread-content-margin-sm,calc(var(--spacing)*6))] @w-lg/main:[--thread-content-margin:var(--thread-content-margin-lg,calc(var(--spacing)*16))] px-(--thread-content-margin)\"><div class=\"[--thread-content-max-width:40rem] @w-lg/main:[--thread-content-max-width:48rem] mx-auto max-w-(--thread-content-max-width) flex-1 group/turn-messages focus-visible:outline-hidden relative flex w-full min-w-0 flex-col agent-turn\" tabindex=\"-1\"><div class=\"flex max-w-full flex-col gap-4 grow\"><div class=\"min-h-8 text-message relative flex w-full flex-col items-end gap-2 text-start break-words whitespace-normal [.text-message+&amp;]:mt-1\" dir=\"auto\" data-message-author-role=\"assistant\" data-message-id=\"5a9ad55e-ba0f-4832-8150-77430e40717f\" data-message-model-slug=\"gpt-5-3\"><div class=\"flex w-full flex-col gap-1 empty:hidden\"><div class=\"markdown prose dark:prose-invert w-full wrap-break-word light markdown-new-styling\"><p data-start=\"0\" data-end=\"346\">Das F&auml;gn&auml;scht in Rorschach ist ein grossz&uuml;giger Indoorspielplatz mit integriertem Trampolinpark und ein beliebtes Ausflugsziel f&uuml;r Familien. Auf weitl&auml;ufiger Fl&auml;che erwartet die Besucher eine abwechslungsreiche Erlebniswelt mit Kletteranlagen, Rutschen, Spielbereichen und vielen Attraktionen zum Austoben und Entdecken. Das Restaurant sorgt mit seinem Angebot f&uuml;r das leibliche Wohl und bietet Verschiedenes f&uuml;r den kleinen und grossen Hunger.</p><p data-start=\"348\" data-end=\"681\">Der Trampolinpark sorgt f&uuml;r jede Menge Action und spricht neben Kindern auch Jugendliche und Erwachsene an &ndash; hier stehen Spass, Bewegung und gemeinsame Erlebnisse im Mittelpunkt. Auch bietet der Ninja-Parcours eine spannende Herausforderung f&uuml;r Geschicklichkeit, Kraft und Ausdauer und sorgt f&uuml;r zus&auml;tzlichen Nervenkitzel.</p><p data-start=\"683\" data-end=\"892\" data-is-last-node=\"\" data-is-only-node=\"\">Ob f&uuml;r einen aktiven Familienausflug, einen unvergesslichen Kindergeburtstag oder einfach einen Tag voller Spiel und Bewegung &ndash; das F&auml;gn&auml;scht bietet f&uuml;r Gross und Klein ein wetterunabh&auml;ngiges Freizeiterlebnis.</p></div></div></div></div></div></div></article></div>", "url": "http://www.faegnaescht.ch", "image": "https://ostpimtsoch.sos-ch-dk-2.exoscale-cdn.com/catalog/6/5/f/2/65f2194b177f477b9c09ea62cb8ad0270d2e4489_a9cfe168c7109ad8f5c297f6bf35cd76.jpg", "openstreetmap_id": "node/3351763653"}, "geometry": {"type": "Point", "coordinates": ["9.4852", "47.47687"]}}, {"type": "Feature", "properties": {"identifier": "a0d2c242-070e-4e2f-836b-4feb51c63968", "name": "Toggenburg-Guides", "description": "Willkommen bei unserer Gemeinschaft von Bergf\u00fchrern und Wanderleitern im Toggenburg.\nBei uns findest du Touren und Erlebnisse, die von erfahrenen Profis geplant und begleitet werden.\nGemeinsam entdecken wir die Sch\u00f6nheit der Berge - ob sanft oder anspruchsvoll.\nWir nehmen dich mit hinaus in die Natur: sicher, authentisch und genau so, wie es zu dir passt.", "url": "https://www.toggenburg-guides.ch", "image": "https://ostpimtsoch.sos-ch-dk-2.exoscale-cdn.com/catalog/9/e/b/c/9ebc956eb250219dd4a0b693b74830736616427c_af60adb34b0536b222ff14a82dda72cc.png", "openstreetmap_id": "node/11289740047"}, "geometry": {"type": "Point", "coordinates": ["9.25304174423218", "47.185727089944905"]}}, {"type": "Feature", "properties": {"identifier": "a1c5ae4c-7dee-4dca-9b09-9cbe36a847b2", "name": "Eisschnitzen: Das coolste Team-Event", "description": "<p><strong>Ein frostiges Abenteuer als Team </strong>Kreative Ideen schmieden, Skizze zeichnen, den Plan ausarbeiten und dann mit S&auml;ge und Meissel ans Werk gehen. Ob ein imposantes Firmenlogo oder eine verspielte Figur &ndash; eure Fantasie kennt keine Grenzen! Die Eisschnitz-Experten stehen euch dabei mit Rat und Tat zur Seite, und wer h&auml;tte gedacht, wie viel Talent in euren Kolleginnen und Kollegen schlummert?<br><br><strong>Erfrischender Kundenevent&nbsp;</strong>Egal, ob ihr draussen in einer Winterlandschaft, auf einer Seeterrasse beim Seminarhotel oder auf dem Gel&auml;nde eurer Firma loslegt: Das Eisschnitzen bringt den Fun-Faktor, der eure Firmenfeier von gew&ouml;hnlich zu legend&auml;r macht! Besonders als Rahmenprogramm bei einem Weihnachtsanlass, aber auch als erfrischendes <strong>Erlebnis im Sommer&nbsp;</strong>k&ouml;nnt ihr die eiskalten Meisterwerke ganzj&auml;hrig gestalten.<br><br><strong>Cool, kreativ und verbindend&nbsp;</strong>Lasst euch zudem von Kombinationsm&ouml;glichkeiten wie einen w&auml;rmenden Gl&uuml;hwein oder einer Schneeschuhtour inspirieren. Dieser Teamevent ist so viel mehr als nur eiskalte Kunst &ndash; es ist das perfekte Abenteuer in der festlichen Weihnachtszeit!</p><p>Event-Ort:</p><p>&uuml;berall in der ganzen Ostschweiz&nbsp;</p>", "url": "https://www.rafters.ch/teamevents/eisschnitzenteam/index.html", "image": "https://ostpimtsoch.sos-ch-dk-2.exoscale-cdn.com/catalog/1/2/7/3/127392ba7efd0e98928e63a49c705af44ee970b0_397b34f94fda284525c6e9a6e3c8d7a1.JPG", "openstreetmap_id": "Eisschnitzen: Das coolste Team-Event"}, "geometry": {"type": "Point", "coordinates": ["9.410734176635744", "47.402575429961765"]}}, {"type": "Feature", "properties": {"identifier": "ab96037e-e631-47db-a662-571d47c1f462", "name": "Kronberg", "description": "Die atemberaubende Aussicht und die frische Bergluft sind einmalig. G\u00e4ste geniessen auf \u00fcber 1600 Metern feine Appenzeller Spezialit\u00e4ten. Das heimelige Berggasthaus l\u00e4dt zum Verweilen und Geniessen inmitten einer herrlichen Bergwelt ein.", "url": "http://www.kronberg.ch/", "image": "https://ostpimtsoch.sos-ch-dk-2.exoscale-cdn.com/catalog/1/7/d/0/17d0b1feb2bc96ada7562757926675d6ea7c3861_79e01327c0b4997573e81521edd38a23.jpg", "openstreetmap_id": "node/41154842"}, "geometry": {"type": "Point", "coordinates": ["9.328294", "47.3198655"]}}, {"type": "Feature", "properties": {"identifier": "b5e6368d-cfbe-4580-93d4-5efc07928105", "name": "Chocolarium \u2013 die Gl\u00fccksfabrik von Munz und Minor", "description": "<p>Wer Schokolade liebt, kommt um einen Besuch im Chocolarium nicht herum. Auf dem interaktiven Erlebnis-Rundgang entdecken Schoggifans auf spielerische Weise viel Wissenswertes &uuml;ber Schokolade &ndash; und wie das Gl&uuml;ck seinen Weg in jede Tafel findet.</p><p>Von der Glasgalerie aus l&auml;sst sich hautnah beobachten, wie die beliebten Produkte von Munz und Minor entstehen. Ein besonderes Highlight bietet der Raum f&uuml;r individuelles Gl&uuml;ck: Verschiedene Schokoladenbrunnen laden dazu ein, die Sorten Weiss, Milch, Dunkel, Himbeere und sogar vegane Gianduja zu probieren und zu bewerten &ndash; Naschen ist hier ausdr&uuml;cklich erw&uuml;nscht.</p><p>Zum Abschluss wird der Rundgang mit einer s&uuml;ssen Erinnerung abgerundet: Die Show\u2011Confiseurin giesst eine frische Schoggitafel oder &ndash; wahlweise &ndash; zwei Schokoladenherzen, die nach Herzenslust verziert werden d&uuml;rfen. Dieses pers&ouml;nliche Kunstwerk nehmen die G&auml;ste anschliessend als s&uuml;sse Erinnerung mit nach Hause.</p><p>Das Chocolarium, eines der beliebtesten Ausflugsziele der Ostschweiz, heisst alle Besucherinnen und Besucher herzlich willkommen!</p>", "url": "http://www.chocolarium.ch/", "image": "https://ostpimtsoch.sos-ch-dk-2.exoscale-cdn.com/catalog/1/e/b/5/1eb5754aad3435010c0303974cf447ad7c1bc312_62aed7c40d6ebe1bea38fb59d4cb2e25.jpg", "openstreetmap_id": "way/196358285"}, "geometry": {"type": "Point", "coordinates": ["9.164934160728885", "47.4130675"]}}, {"type": "Feature", "properties": {"identifier": "b70f824c-9c8d-430a-a836-cb508e5a7d22", "name": "Kutschenfahrten Vogelsanger", "description": "<p>Zum Beispiel eine Wagenfahrt \u00fcber die Grenze?\nDie Route verl\u00e4uft vom St\u00e4dtchen Neunkirch auf den S\u00fcdranden durch den Naturpark, \u00fcber die deutsche Grenze nach Jestetten.<br>Oder eine kleine Reise durch die Reben zum Fasshotel in Trasadingen?<br>Immer sehr beliebt ist die Hallauer Weinstrasse, mit herrlicher Sicht auf den Klettgau.<br>Viele weitere Routen finden Sie auf unserem Prospekt, gerne machen ihnen Vorschl\u00e4ge.<br>Sie geniessen bei uns vor der Abfahrt einen Ap\u00e9ro, w\u00e4hrend wir unser Schimmel einspannen. \nWir fahren mit reinrassigen Kladruber Pferde, sch\u00f6nen Geschirren aus echtem Leder und original getreu nachgebauten Kuschen mit Scheibenbremsen.</p><p>Der Regionale Naturpark Schaffhausen umfasst den Klettgau mit seinen Weinbaugebieten, die Randenhochebene (ein Juraausl\u00e4ufer), den Reiat, sowie im s\u00fcdlichen Teil zwei deutsche Gemeinden mit der wunderbaren Stromlandschaft des Rheins.<br>Die Region Schaffhausen ist gepr\u00e4gt von landschaftlicher Sch\u00f6nheit und kultureller Vielfalt.</p>", "url": "http://www.kutschenfahrten-blauburgunderland.ch", "image": "https://ostpimtsoch.sos-ch-dk-2.exoscale-cdn.com/catalog/f/0/f/a/f0fae8628d4617d827e556dcb6af56c28facd335_ce3977175ae01883283f465f6d0351b0.jpg", "openstreetmap_id": "way/4714022"}, "geometry": {"type": "Point", "coordinates": ["8.50072503089905", "47.703256731459625"]}}, {"type": "Feature", "properties": {"identifier": "bbe801fe-5f7b-4517-b74b-99b0cf9aa51b", "name": "B\u00e4nkli-Fitness-Weg", "description": "<div><p>Regelm&auml;ssiges Training beziehungsweise k&ouml;rperliche Aktivit&auml;t ist in jedem Alter wichtig. F&uuml;r &auml;ltere Menschen stellt es eine wesentliche Grundlage f&uuml;r ein selbstbestimmtes Leben dar. F&uuml;r Jugendliche und Breitensportler ist Bewegung ein fester Bestandteil sozialer Begegnungen, des Wohlbefindens und der Steigerung der Fitness. Die Lebensqualit&auml;t kann dadurch deutlich verbessert werden.</p><p>Eine Kombination aus Kraft- und Gleichgewichtstraining ist besonders effektiv. Gezieltes Gleichgewichtstraining verbessert die Standstabilit&auml;t und unterst&uuml;tzt eine kontrollierte K&ouml;rperhaltung. Auch die Maximalkraft der Haltemuskulatur wird durch Gleichgewichtstraining gest&auml;rkt. Im Alter kann dies zu einer Verringerung der Sturzgefahr f&uuml;hren.</p><p>Bewegung st&auml;rkt zudem das Immunsystem und f&ouml;rdert die Sauerstoffaufnahme. Das Herz-Kreislauf-System wird gest&auml;rkt, und sowohl die Regeneration als auch die psychische Verfassung profitieren davon. K&ouml;rperliche Aktivit&auml;t unterst&uuml;tzt das K&ouml;rper- und Selbstbewusstsein, verbessert den Schlafrhythmus und tr&auml;gt zum Stressabbau bei.</p><p>Nebst einem gezielten Training ist die Freude an der Bewegung wichtig &ndash; Training soll Spass machen. Und gemeinsames Training macht doppelt Freude.</p></div>", "image": "https://ostpimtsoch.sos-ch-dk-2.exoscale-cdn.com/catalog/e/d/7/4/ed743acee259fbbc898001620d7386a097650f7e_0790d40182fc52f1831c3f661eec5df7.jpg", "openstreetmap_id": "way/460349509"}, "geometry": {"type": "Point", "coordinates": ["9.348828792572023", "47.20351976581697"]}}, {"type": "Feature", "properties": {"identifier": "bfdc2562-ebaf-472c-9b42-b24401931070", "name": "loftgalerie in der alten Spinnerei", "description": "Mit viel Liebe zum Detail, Kreativit\u00e4t und Herzblut wurde aus der ehemaligen, denkmalgesch\u00fctzten Spinnerei am Walensee ein neuer Ort der Begegnung geschaffen. Nachhaltigkeit und der Bezug zur industriellen Vergangenheit sind dabei ebenso wichtig wie pers\u00f6nlich gepr\u00e4gte Gastfreundschaft. \n\nBeispiel f\u00fcr den gelebten kreativen Geist ist die loftgalerie. In Zusammenarbeit mit Kurator Andrin Sch\u00fctz finden Ausstellungen von interessanten Kunstschaffenden aus dem In- und Ausland statt.", "url": "https://www.seekultour.ch/", "image": "https://ostpimtsoch.sos-ch-dk-2.exoscale-cdn.com/catalog/6/8/d/3/68d30c0a276f8d235d2a78d9f1e6f4d1fbce0f16_021364b6b82f40480d43d5801dc38b6a.jpg", "openstreetmap_id": "node/418190191"}, "geometry": {"type": "Point", "coordinates": ["9.2170854", "47.1124346"]}}, {"type": "Feature", "properties": {"identifier": "bfdde90b-a141-4860-8f28-ae05d191a1f1", "name": "Flossbauen - das Highlight in Sachen Teambuilding", "description": "<p><strong>Abenteuer, Teamwork und Naturgenuss</strong><br>Willkommen beim Flossbauen! Hier hei&szlig;t es: gemeinsam t&uuml;fteln, zusammenbauen und am Ende die Belohnung genie&szlig;en &ndash; eine Flossfahrt auf den sch&ouml;nsten Seen der Ostschweiz.<br><br>Am Ufer des Sees wartet ein Haufen Baumaterial auf euch &ndash; Bretter, F&auml;sser und Seile. Eure Mission? Ein stabiles Floss bauen, das den strengen Sicherheitsrichtlinien unserer Guides entspricht und, ach ja, schwimmen muss es nat&uuml;rlich auch! Keine Sorge, unsere Experten stehen mit Rat und Tat zur Seite, falls die Konstruktion mal wackelt.<br><br>Und das Beste? Wenn der letzte Knoten sitzt, geht's aufs Wasser!&nbsp; Das ist Teamarbeit, die tr&auml;gt &ndash; im wahrsten Sinne des Wortes!</p><p><br><strong>Event-Orte:&nbsp;</strong></p><p>Walensee: in Weesen oder Walenstadt&nbsp;</p><p>Bodensee: Badi Buchhorn Arbon&nbsp;</p><p>&nbsp;</p><p>&nbsp;</p><p>&nbsp;</p>", "url": "https://www.rafters.ch/teamevents/flossbauen/index.html", "image": "https://ostpimtsoch.sos-ch-dk-2.exoscale-cdn.com/catalog/f/0/7/4/f0749777fc5a4a6581d91549444f56fc6a7010bf_8d4cb48d46b0792a5ee593c38e57fdfb.jpg", "openstreetmap_id": "way/192205060"}, "geometry": {"type": "Point", "coordinates": ["9.098696708679201", "47.134621998047926"]}}, {"type": "Feature", "properties": {"identifier": "c47b96a8-b101-4d87-875b-b44cedb53eab", "name": "Restaurant Zollstube", "description": "Typisch schweizerisch ist die Atmosph\u00e4re im Restaurant Zollstube. Urchig und trotzdem mond\u00e4n. Hier finden Sie regionale und nationale Spezialit\u00e4ten auf der Speisekarte: R\u00f6sti und Fondue, B\u00fcndner Gerstensuppe und Z\u00fcrcher Kalbs-Geschnetzeltes. Dar\u00fcber hinaus hat die \u00abZollstube\u00bb mehr als 15 verschiedene Biersorten im Angebot. Die ausgesuchten Biere stammen aus kleinen, unabh\u00e4ngigen Schweizer Brauereien. Darunter auch das 36.5\u00b0 Quell \u2013 unser Hausbier. Gebraut mit Thermalwasser aus der Taminaschlucht.", "url": "https://www.resortragaz.ch/de/restaurants-und-bars/zollstube", "image": "https://ostpimtsoch.sos-ch-dk-2.exoscale-cdn.com/catalog/0/2/6/e/026ef5a35f9d3c7f1ab21bb82cea6a496be119a8_c149773f3ebb96768a65a605ba837ebc.jpg", "openstreetmap_id": "node/7770673145"}, "geometry": {"type": "Point", "coordinates": ["9.501874", "47.0004126"]}}, {"type": "Feature", "properties": {"identifier": "c76451b9-c0b6-4b7d-badb-09c558957a5e", "name": "Grill Pizzeria L\u00f6wen", "description": "Pizza aus dem Holzofen, Pastagerichte sowie Fleischspezialit\u00e4ten vom Holzofengrill werden mit italienischem Flair zubereitet. F\u00fcr jeden Gast haben wir das richtige Angebot, lassen Sie sich \u00fcberraschen. Unser professionelles Serviceteam freut sich, Sie zu verw\u00f6hnen.\n\nDas L\u00f6wenteam freut sich auf Ihren Besuch.", "url": "https://www.pizzeria-maienfeld.ch/", "image": "https://ostpimtsoch.sos-ch-dk-2.exoscale-cdn.com/catalog/7/b/c/8/7bc8381e4596363d3bbe81c8be3bbbc45522b529_99c3f8eaf22c2bc81ff7758f360bf851.jpg", "openstreetmap_id": "way/810807863"}, "geometry": {"type": "Point", "coordinates": ["9.530671921258078", "47.008206082718"]}}, {"type": "Feature", "properties": {"identifier": "c7d6afbb-d817-4990-8762-2b8b15d14aa9", "name": "RhyLa - Rhintaler Maislabyrinth Balgach", "description": "Das RhyLa ist das gr\u00f6sste digital anges\u00e4te Maislabyrinth der Schweiz. Das Rhintaler Mais-Labyrinth ist ein Abenteuer f\u00fcr die ganze Familie! Mit \u00fcber 3000 Metern Weg auf einer rund 3,5 Hektar grossen Fl\u00e4che wird es garantiert ein unvergessliches Erlebnis f\u00fcr alle, die sich gerne verirren und neue Wege entdecken. Das Labyrinth ist ein Meisterwerk der Landwirtschaft und bietet ein einzigartiges Erlebnis, um die Natur von einer anderen Seite zu erleben. Aber das ist noch nicht alles! Ein besonderes Highlight des Labyrinths ist der Aussichtsturm, der einen atemberaubenden Blick \u00fcber das Maisfeld bietet. Der Turm ist rund vier Meter hoch und bietet eine fantastische Aussicht auf die Umgebung.\n\nF\u00fcr alle Wissbegierigen: Im Labyrinth ist auch ein Lehrpfad integriert, der wissenswerte Informationen \u00fcber die Landwirtschaft vermittelt. Der Lehrpfad ist eine grossartige Gelegenheit, mehr \u00fcber die Natur und ihre Wunder zu erfahren - eine ideale Aktivit\u00e4t f\u00fcr Schulen und Gruppen.", "url": "https://www.schmidi-events.ch", "image": "https://ostpimtsoch.sos-ch-dk-2.exoscale-cdn.com/catalog/1/5/4/5/154587c64fcbe7817b81a4e7483f61714a6d196d_3fca1cff59684ea4792a1c706feff37d.jpg", "openstreetmap_id": "way/131338047"}, "geometry": {"type": "Point", "coordinates": ["9.612231493608663", "47.386764238943506"]}}, {"type": "Feature", "properties": {"identifier": "c81b6c29-3685-4cb5-8459-a73d102ec937", "name": "Sonnenaufgangsfahrt S\u00e4ntis", "description": "<p>Die einzigartige Ruhe der fr&uuml;hen Morgenstunden geniessen. Ein atemberaubendes Naturschauspiel sowie ein reichhaltiges Fr&uuml;hst&uuml;cksbuffet stehen an jedem Sonntag im Juli und August bereit. Nach einer St&auml;rkung im Restaurant S&auml;ntisgipfel empfiehlt sich ein Besuch in die Erlebniswelt. Eintauchen in eine interaktive Erlebniswelt f&uuml;r Gross und Klein. Faszinierendes zu Wind und Wetter, Schnee und Eis sowie zur Geschichte der Schwebebahn erwarten die Besucher.</p><p class=\"MsoNormal\"><strong>Wichtige Information: Die S&auml;ntis-Schwebebahn ist infolge Erneuerung der Bahn vom 1. Mai bis Sp&auml;therbst 2026 eingestellt.</strong></p><p class=\"MsoNormal\"><strong>Das &laquo;S&auml;ntis &ndash; das Hotel&raquo; und die Restaurationsbetriebe auf der Schw&auml;galp sind durchgehend f&uuml;r Sie ge&ouml;ffnet.</strong></p>", "url": "https://saentisbahn.ch/", "image": "https://ostpimtsoch.sos-ch-dk-2.exoscale-cdn.com/catalog/7/3/7/3/7373f6618380673b0fe6bfa8bae6a02831206686_4f4623bffd9241da8964c833680c1394.jpg", "openstreetmap_id": "node/6035271604"}, "geometry": {"type": "Point", "coordinates": ["9.342199", "47.24926"]}}, {"type": "Feature", "properties": {"identifier": "c8255124-6c7b-45e1-a1a7-c331786b1722", "name": "Schifffahrtsgesellschaft Z\u00fcri-Rhy", "description": "Events auf dem Schiff haben Ihren besonderen Reiz. Vor allem Rheinschifffahrten in der unber\u00fchrten Natur bleiben f\u00fcr G\u00e4ste unvergesslich.\nOb von uns organisierte Eventfahrten, f\u00fcr Ihren privaten oder gesch\u00e4ftlichen Event oder Kursschifffahrt, ob Sommer oder Winter wir bringen Sie aufs Wasser.\nUnsere Flotte bietet f\u00fcr jeden Anlass das richtige Schiff: vom Partyboot Flipper oder Neptun bis zu den grossen Event-Schiffen Rhystern, Rhenus und Hecht. Unser Team unterst\u00fctzt Sie gerne bei der Planung Ihres Events und ber\u00e4t Sie kompetent.\n\nMit uns kommen Sie in Fahrt...", "url": "https://www.szr.ch/", "image": "https://ostpimtsoch.sos-ch-dk-2.exoscale-cdn.com/catalog/8/e/1/0/8e1052fdcce71907c6e8046552e959c7ee848f12_8e6c9a935259cedaa0d5397c18425fc1.JPG", "openstreetmap_id": "node/10213910558"}, "geometry": {"type": "Point", "coordinates": ["8.5554292", "47.5517691"]}}, {"type": "Feature", "properties": {"identifier": "ce6c7f87-bbc4-4498-be9c-76319808e637", "name": "Fabrikantenhaus Schwellbrunn", "description": "<p>Das eindr\u00fcckliche Geb\u00e4ude an der Gerenstrasse erz\u00e4hlt die Geschichte der einst bl\u00fchenden Textilindustrie im Appenzellerland. Im 19. Jahrhundert im klassizistischen Stil der damaligen Fabrikantenh\u00e4user erbaut, zeugt es von der wirtschaftlichen Bedeutung der Region.&nbsp;</p><p>Auf Initiative einer Gruppe aus dem Dorf, wurde die Stiftung Fabrikantenhaus ins Leben gerufen. Dies mit dem Ziel, das Geb\u00e4ude zu sanieren und einer breiten \u00d6ffentlichkeit zug\u00e4nglich zu machen. Das Projekt konnte im Herbst 2024 abgeschlossen werden. Seither d\u00fcrfen Ferieng\u00e4ste die besondere Atmosph\u00e4re des Fabrikantenhauses fernab der Hektik geniessen. Die Ferienwohnungen werden \u00fcber die Buchungsplattform der Stiftung Ferien im Baudenkmal vermittelt.&nbsp;</p><p>Im Fabrikantenhaus Schwellbrunn stehen zudem flexibel nutzbare R\u00e4ume samt gut ausgestatteter Eventk\u00fcche zur Verf\u00fcgung, die sich perfekt f\u00fcr verschiedene Anl\u00e4sse f\u00fcr bis zu 50 Personen anpassen lassen - ob Meeting, Workshop oder festlicher Anlass.&nbsp;</p>", "url": "http://ferienimbaudenkmal.ch", "image": "https://ostpimtsoch.sos-ch-dk-2.exoscale-cdn.com/catalog/c/1/c/6/c1c623511f88cb11ad0f38c5cfcc99fb865cbad0_d79b04463041d23f05b5c0bbfaf97e4c.jpg", "openstreetmap_id": "396672070"}, "geometry": {"type": "Point", "coordinates": ["9.250847778086401", "47.35357478141015"]}}, {"type": "Feature", "properties": {"identifier": "ced09ecb-8854-4824-ab7a-94a0615338d5", "name": "Ch\u00e4serrugg", "description": "Zwischen dem Walensee und dem Alpstein liegt das Ch\u00e4serrugg Gebiet, eines der sch\u00f6nsten und naturbelassensten Erholungsgebiete der Schweiz. Innerhalb von rund 60 Minuten erreichen G\u00e4ste von Z\u00fcrich und St. Gallen das Gebiet im Toggenburg. Somit ist es auch ein attraktives Ziel f\u00fcr einen Tagesausflug.\n\nMit seinen Wanderwegen \u00fcber Weiden und Gipfel der Churfirsten und dem faszinierenden Wildtierbestand l\u00e4dt das Gebiet zum Staunen und aktiven Erholen ein. \n\nF\u00fcr ihren Umgang mit Natur und Ressourcen sowie f\u00fcr die sorgf\u00e4ltig eingegliederte Infrastruktur von Herzog & de Meuron wurde die Toggenburg Bergbahnen AG von der Stiftung Landschaftsschutz Schweiz 2021 zur \u00abLandschaft des Jahres\u00bb gek\u00fcrt. Innovation und R\u00fcckbesinnung auf die lokalen Werte lassen Sie das Toggenburger Kulturgut mit allen Sinnen erleben.", "url": "http://www.chaeserrugg.ch", "image": "https://ostpimtsoch.sos-ch-dk-2.exoscale-cdn.com/catalog/6/9/6/c/696cad24cb7b2c5c2f7178fdbd2ce152fb4a35aa_c2ba1f637e3489999b62894413431406.jpg", "openstreetmap_id": "node/243845595"}, "geometry": {"type": "Point", "coordinates": ["9.31199", "47.18527"]}}, {"type": "Feature", "properties": {"identifier": "d001c6f3-ec3f-48d8-ae60-1e77f50d6ea5", "name": "Restaurant Kiesfang", "description": "Das Restaurant Kiesfang, ein Zusammenspiel aus moderner Architektur, l\u00e4ndlicher Bodenst\u00e4ndigkeit, traditionellem Treffpunkt und Offenheit. Es liegt mitten im Sarganserland am beschaulichen Weiher Kiesfang und an dem angrenzenden Spielplatz. Das Restaurant geh\u00f6rt zum \u00f6ffentlichen Teil des Novellas Generationenhauses. \n\nDie verschiedenen R\u00e4umlichkeiten wie Restaurant, Lichthof und Terrasse sind individuell kombinierbar und ideal f\u00fcr Firmenanl\u00e4sse, Vereine und Familienfeste.", "url": "http://www.kiesfang.ch", "image": "https://ostpimtsoch.sos-ch-dk-2.exoscale-cdn.com/catalog/d/9/e/6/d9e6562bad77350403e7c1f75f8b21f29eacb13a_984a3c9580927f52b63bc7db60f35dd1.jpeg", "openstreetmap_id": "node/4448714989"}, "geometry": {"type": "Point", "coordinates": ["9.446858167648315", "47.029860867296"]}}, {"type": "Feature", "properties": {"identifier": "d1a4d8bc-ba40-4c4e-9966-6f6596fe1b12", "name": "Kantonsbibliothek Vadiana", "description": "Geschichte: \nDer Urprung der Bibliothek bildet die sogenannte Vadianische Sammlung, benannt nach dem St.Galler Reformator Joachim von Watt (1484-1551), auch bekannt als Vadian. Kurz vor seinem Tod vermachte er die Sammlung der Stadt. Im Jahr 1615 wurde sie von Jakob Studer reorganisiert und seither kontinuierlich erweitert. Die Bibliothek, deren Best\u00e4nde von St.Galler B\u00fcrgerfamilien erweitert wurden, war w\u00e4hrend Jahrhunderten das kulturelle Zentrum der Stadtrepublik St.Gallen.  \n \nArchitektur: \nDas 1907 fertiggestellte Geb\u00e4ude Vadiana von Karl Mossdorf verk\u00f6rpert sowohl architektonisch als auch bauk\u00fcnstlerisch den aus der Tradition gewachsenen Anspruch eines kulturellen Zentrums.  \n\n \n\nDer asymmetrische, pr\u00e4gnante Bau zeigt seine zwei Hauptfunktionen nach aussen: Im Westen befindet sich der villenartige Verwaltungstrakt mit B\u00fcros und Leses\u00e4len sowie einer Dachwohnung mit stilvoll geschweiften Lukarnen (Dachfenster) im Mansardendach. Im Osten erstreckt sich ein langer Bau mit einer Flucht von hohen, kirchenartigen Rundbogenfenstern. Er beherbergt die Archiv- und Bibliotheksmagazine. Zwischen diesen Bauteilen steht ein Eingangsrisalit mit schwerem barockisierenden Portal und Schaugiebel. \n\n \n\nIm Inneren des Geb\u00e4udes \u2013 in der Eingangshalle und in den G\u00e4ngen \u2013 fallen die vielen schweren und edlen Materialien (Kalk-, Sand- und Schiefersteine und allerlei Marmorsorten) auf. Ein Sechstel der Baukosten soll auf Steinhauerarbeiten entfallen sein! Farbige Marmort\u00e4felung, Jugendstil-Stukkaturen, Kassettendecke, Kunstverglasung und -schmiedearbeiten: Das Geb\u00e4ude ist innen und aussen weitgehend im Originalzustand erhalten. Nach Expertenmeinung: der sch\u00f6nste Schweizer Bibliotheks- und Archivbau der Jahrhundertwende. \n \n\nHeutige Nutzung: \nDie Kantonsbibliothek Vadiana beherbergt heute die Verwaltung der Kantonsbibliothek St.Gallen (nur in der Bibliothek Hauptpost an der Gutenbergstrasse 2 beim Hauptbahnhof k\u00f6nnen Medien ausgeliehen werden), die Vadianische Sammlung der Ortsb\u00fcrgergemeinde St.Gallen sowie das Stadtarchiv der Politischen Gemeinde und jenes der Ortsb\u00fcrgergemeinde St.Gallen. Eine Sichtung der verschiedenen Sammlungen ist nach Voranmeldung m\u00f6glich. ", "url": "https://www.sg.ch/kultur/kantonsbibliothek-vadiana.html", "image": "https://ostpimtsoch.sos-ch-dk-2.exoscale-cdn.com/catalog/a/4/c/e/a4ceea039bca54d987f109825e3d88fd1326ee84_aca7de2b78235c43a8896c1dc523a943.jpg", "openstreetmap_id": "node/3159783346"}, "geometry": {"type": "Point", "coordinates": ["9.3820889", "47.4291837"]}}, {"type": "Feature", "properties": {"identifier": "d29a3491-9163-4dc2-8d56-dd3b8559dbf1", "name": "Massagetherapie Underm\u00fcli in Alt St. Johann", "description": "Schmerzen werden gelindert oder die Behandlung kann einfach eine Wohltat sein. \nIch habe eine \u00fcber 20-j\u00e4hrige Berufspraxis und bin \u00fcber die Zusatzversicherungen bei den meisten Krankenkassen anerkannt, spreche Deutsch, Franz\u00f6sisch und Englisch. Parkpl\u00e4tze vor dem Haus, auch mit \u00d6V gut erreichbar.\nInkludierte Leistungen: Med. Klassische Massage, Fussreflexzonenmassage\n \nTermin nach Vereinbarung\nDetails / Infos: www.wellmed.ch\nBuchbar unter: www.wellmed.ch oder 079 678 65 67", "url": "http://www.wellmed.ch", "image": "https://ostpimtsoch.sos-ch-dk-2.exoscale-cdn.com/catalog/a/f/8/c/af8c15af14d877f6a077e4a009b978bc5df775d0_8dc7a59d472b47ee66fa533f78afb4ab.jpg", "openstreetmap_id": "node/2312187116"}, "geometry": {"type": "Point", "coordinates": ["9.280362725257875", "47.19370442653"]}}, {"type": "Feature", "properties": {"identifier": "d3184543-d322-4865-8753-76e89a28773a", "name": "Klettergarten Zwinglipass", "description": "In der n\u00e4heren und weiteren Region um die H\u00fctte gibt es viele sch\u00f6ne Klettergebiete im besten Kalk: G\u00e4tterifirst, Kreuzberge, Dreifaltigkeit, F\u00e4lent\u00fcrm und ganz besonders am Hausberg der Zwinglipassh\u00fctte, dem Altmann, dem zweith\u00f6chsten Berg des Alpsteins. \n\nDer Klettergarten \u00abZwinglipass\u00bb ist ab der Talstation der Bergbahn Gampl\u00fct in einer ca. 3-st\u00fcndigen Wanderung zu erreichen. \n\nEr bietet Routen in verschiedensten Schwierigkeitsgraden von 2a (Schaffhauser Kamin) bis 6c+ (Via Hacky Sack) an, welche \u00fcber die verschiedenen Grate oder durch die S\u00fcdwand auf den Gipfel des Altmanns f\u00fchren. \n\nDer Kletterf\u00fchrer liegt in der H\u00fctte auf.\n\nWeitere Informationen zu den Routen finden Sie im \u00abSAC Kletterf\u00fchrer Alpstein\u00bb und in der Tourist Information Wildhaus.", "url": "https://toggenburg.swiss", "image": "https://ostpimtsoch.sos-ch-dk-2.exoscale-cdn.com/catalog/e/e/5/d/ee5dd9908d1aa5df2391301616ff96ad6f735c6c_bfbb2a973def7754eff4bf5fc782ebb8.jpg", "openstreetmap_id": "node/600083987"}, "geometry": {"type": "Point", "coordinates": ["9.37485694885254", "47.23658824304505"]}}, {"type": "Feature", "properties": {"identifier": "da2b428b-2578-4680-a59e-d27fca283aec", "name": "Daniele Gaumenschmaus", "description": "Bei Daniele am Fronwagplatz 7 in Schaffhausen l\u00e4uft einem das Wasser im Munde zusammen: Hier gibt es Italienische Spezialit\u00e4ten, so weit das Auge reicht! Das Sortiment setzt sich aus Aceto, Pasta und vielen Leckereien zusammen. Alles mit viel Liebe hausgemacht, versteht sich! Eine freundliche Bedienung ist f\u00fcr uns selbstverst\u00e4ndlich. Sch\u00f6n, dass wir Sie hier haben d\u00fcrfen.", "url": "https://schaffhauserland.ch/de/index/map/detail/daniele-gaumenschmaus-da2b428b-2578-4680-a59e-d27fca283aec.html", "image": "https://ostpimtsoch.sos-ch-dk-2.exoscale-cdn.com/catalog/1/e/d/3/1ed35dbc8ef0f98f2a7e5c2ed5d31a4a62655a27_d8d2e99e9d25b7866331142e7b0a76da.jpg", "openstreetmap_id": "node/3172483993"}, "geometry": {"type": "Point", "coordinates": ["8.6332981", "47.6967698"]}}, {"type": "Feature", "properties": {"identifier": "e1e71e1f-2295-4c75-a52d-30fea99eb44c", "name": "Alpengaudi - der Mitarbeiteranlass mit Spass und Erlebnis", "description": "<p>Ob beim Armbrustschiessen, beim witzigen Mistb&auml;nne-Parcours , dem abenteuerlichen G&uuml;lleskiparcours, oder beim H&uuml;hnerfangen &ndash; hier ist Geschick, Cleverness und ein gutes Miteinander gefragt. Und h&auml;tten wir gedacht, dass Kuhfladengolf so viel Spa&szlig; machen kann?<br><br>Bei der Siegerehrung wird das beste Team gek&uuml;rt, aber gewonnen haben alle&ndash; dank der lustigen Erlebnisse und dem gemeinsamen Lachen. Und was w&auml;re ein Tag in den Alpen ohne ein herzhaftes Highlight? Nach den Spielen erwartet Euch ein feiner Grillschmaus, der die Stimmung perfekt abrundet.<br><br>Ob Firmenausflug, Teamevent oder ein geselliger Tag mit Freunden &ndash; die Bauernhof Olympiade ist Inspiration, Spa&szlig; und Herausforderung in einem! Seid dabei und entdeckt den Meister-&Auml;lpler in Euch!</p><p><strong>Event-Ort:</strong> diverse Bauernh&ouml;fe in der ganzen Ostschweiz</p><p><strong>unsere Empfehlung:</strong> Alp Habergschw&auml;nd auf dem Kerenzerberg in Kombination mit einer rasanten Trottinett-Abfahrt</p><p>&nbsp;</p>", "url": "https://www.rafters.ch/firmenevent/bauernhofolympiade/index.html", "image": "https://ostpimtsoch.sos-ch-dk-2.exoscale-cdn.com/catalog/d/d/d/a/ddda0865b3771e87d77c52e800bbcf37ef5a5a2e_d74b62980594e3160cfca51d7e2e201b.jpg", "openstreetmap_id": "node/9041170563"}, "geometry": {"type": "Point", "coordinates": ["9.1246868", "47.1040405"]}}, {"type": "Feature", "properties": {"identifier": "e53d0c4c-6cc1-4a1d-8b55-a4c916c738c8", "name": "Rother Ochsen", "description": "<p>Das Geb&auml;ude wurde 1615 innen und aussen neu gestaltet: Steinerker, sp&auml;tgotische Staffelfenster, Fassadenmalerei mit humanistischer Thematik und Bemalung der Stube im 2. Obergeschoss durch den Steiner Meister A. Schmucker. Heutzutage gilt die Taverne als eine der sch&ouml;nsten Weinkeller der Schweiz.</p>", "image": "https://ostpimtsoch.sos-ch-dk-2.exoscale-cdn.com/catalog/5/9/d/b/59dbe53d24f3adf6f3d6f1a01afddcd29a62e36c_02bae74e31383f12232c2d97e5f1e36c.jpeg", "openstreetmap_id": "node/247697238"}, "geometry": {"type": "Point", "coordinates": ["8.8592705", "47.6592985"]}}, {"type": "Feature", "properties": {"identifier": "e6301bdb-98b5-4f36-abd9-e061b3e264b5", "name": "Ch\u00e4s-Marili", "description": "<p>Selbstverst&auml;ndlich alles im optimalen Reifestadium: ob w&uuml;rziger Gruy&egrave;re, mildes Mutschli oder kr&auml;ftiger Bergk&auml;se - hier werden Sie immer f&uuml;ndig. Italienische Spezialit&auml;ten wie Gorgonzola, franz&ouml;sische Weichk&auml;se und andere Spezialit&auml;ten runden das Angebot ab. Das Fachgesch&auml;ft bereitet auch gerne Mischungen f&uuml;r Fondues zu und stellt K&auml;seplatten f&uuml;r jede Gelegenheit zusammen, sch&ouml;n garniert mit saisonalen Fr&uuml;chten/Gem&uuml;sen - das Auge isst ja bekanntlich mit! Im Sommer ist f&uuml;r Erfrischung all'italiana gesorgt mit den Glaces der Gelateria Antico del Corso.</p>", "url": "http://www.chaes-marili.ch/", "image": "https://ostpimtsoch.sos-ch-dk-2.exoscale-cdn.com/catalog/d/c/9/e/dc9e802f02717fccbea5d66e7bec6b944c0f4f17_87922cc9e21ee8119955ca6bde14dcf4.jpg", "openstreetmap_id": "node/3172483994"}, "geometry": {"type": "Point", "coordinates": ["8.6333104", "47.6968336"]}}, {"type": "Feature", "properties": {"identifier": "e768f618-5209-492e-a0c5-de814e88c8c5", "name": "Kaffeehaus", "description": "In der hauseigenen R\u00f6sterei entfaltet sich die Welt feinster Spezialit\u00e4tenkaffees \u2013 kreativ, aromatisch und mit der unverwechselbaren Handschrift des Baristas. Hier wird Kaffee nicht nur getrunken, sondern zelebriert \u2013 ein Genussmoment, in dem die Zeit stillzustehen scheint. Wer den Geschmack mit nach Hause nehmen m\u00f6chte, kann den Kaffee direkt im Kaffeehaus kaufen.\n\nDoch das Kaffeehaus ist mehr als ein Ort f\u00fcr herausragenden Kaffee. Es ist ein lebendiger Treffpunkt f\u00fcr Klang, Kunst und Wort \u2013 ein Raum, in dem Geschichten entstehen und geteilt werden.", "url": "https://kaffeehaus.sg/", "image": "https://ostpimtsoch.sos-ch-dk-2.exoscale-cdn.com/catalog/d/8/b/b/d8bb180f4e295902d2df60950c09801ef80fea6c_c6760bb1e666453eb1ce07f1f1f861bc.jpg", "openstreetmap_id": "node/2459053278"}, "geometry": {"type": "Point", "coordinates": ["9.3835919", "47.4250453"]}}, {"type": "Feature", "properties": {"identifier": "e9f441df-70d7-4983-a92d-8678f7b7a70f", "name": "JUST Welt", "description": "<p>Seit 1930 bringt JUST das Naturwohlgef&uuml;hl mit ihren hochwertigen Kosmetikprodukten zu dir nach Hause. Besuche nun du uns mit deiner Gruppe in der JUST Welt in Walzenhausen, im Appenzeller Vorderland und hoch &uuml;ber dem Bodensee. Auf der Arnikatour erhaltet ihr exklusive Einblicke in unsere moderne Produktion und erfahrt von eurem pers&ouml;nlichen Guide Wissenswertes &uuml;ber die Entwicklung und Herstellung der JUST Produkte.</p><p>Im Anschluss sch&uuml;pft ihr selbst in den Laborkittel und taucht in unserer Aroma Manufaktur in die Welt der &auml;therischen &Ouml;le ein. Lernt ihre Wirksamkeit auf K&ouml;rper und Geist kennen und stellt euer eigenes Duschgel mit eurem Lieblings&ouml;l her.&nbsp;</p><p>Die Tour findet ihren Abschluss im Chr&uuml;terforum bei einer Tasse Tee und euren JUST-Lieblingsprodukten zum Ausprobieren und mit nach Hause nehmen.&nbsp;</p>", "url": "https://www.just.swiss/just-welt/", "image": "https://ostpimtsoch.sos-ch-dk-2.exoscale-cdn.com/catalog/9/e/6/3/9e63e7bc4422f8bfa64ddfda54920d36aba8cb35_5e5d415535846107a46dd55b519645fd.jpg", "openstreetmap_id": "way/172158560"}, "geometry": {"type": "Point", "coordinates": ["9.602152705192566", "47.45189277008315"]}}, {"type": "Feature", "properties": {"identifier": "eb4bae6a-778c-4404-b2ec-6f0a4dffb6b5", "name": "verve by sven", "description": "1 Michelin-Stern | 15 Gault-Millau-Punkte\nSaisonal, authentisch und naturverbunden. So schmeckt die Health-und-Lifestyle-K\u00fcche im Restaurant verve by sven. Eine Ode an die Lebensfreude und den Genuss. Hier werden gesunde, authentische Gerichte in einem stimmigen Ambiente vereint. Kompromisslose Qualit\u00e4t, die sich auch im nat\u00fcrlichen und warmen Innendesign widerspiegelt. Ein lebendiger Treffpunkt mit integrierter Bar, in der pr\u00e4mierte Spirituosen auf alpin-inspirierte Cocktails und handgemachte alkoholfreie Drinks treffen.", "url": "https://www.resortragaz.ch/de/restaurants-und-bars/verve-by-sven", "image": "https://ostpimtsoch.sos-ch-dk-2.exoscale-cdn.com/catalog/e/d/1/b/ed1b34b7634aba809fd4dff05c65ad272ddb71e9_58059ef3a9f31cf2b22854378d60b4ff.jpg", "openstreetmap_id": "node/7770673150"}, "geometry": {"type": "Point", "coordinates": ["9.5040204", "47.0003325"]}}, {"type": "Feature", "properties": {"identifier": "ebf46d62-4748-4496-b052-e80a7185a25b", "name": "Museum Neuthal Textil- & Industriekultur", "description": "<p>Von der Wasserkraft, die einst Mensch und Maschinen antrieb, bis zu funktionierenden historischen Textilmaschinen &ndash; hier zeigt sich der ganze Produktionsprozess vom Spinnen &uuml;ber das Weben bis zum veredelten Stoff.</p><p><strong>Dem Wasser auf der Spur: Outdoor 365 Tage</strong></p><p>Ein <a href=\"https://www.neuthal-industriekultur.ch/outdoor365\" target=\"_blank\" rel=\"noopener\">Audiowalk als H&ouml;r-Reise</a> entf&uuml;hrt in die Zeit, als das Wasser Menschen und Maschinen antrieb. Kinder entdecken auf einer Schatzsuche den Gl&ouml;gglifrosch und die Wasserspitzmaus. Das Gel&auml;ndemodell erschliesst die wahre Gr&ouml;sse des historischen Fabrikareals und l&auml;sst virtuell in vergangene Zeiten und durch Mauern blicken.&nbsp;</p><p><strong>Sonderausstellung: &laquo;Mode macht Geld&raquo;</strong></p><p>Die Ausstellung zeigt den Weg der Kleidung &ndash; von der Herstellung bis zur Entsorgung &ndash; und regt zum Nachdenken &uuml;ber unseren Modekonsum an. Erg&auml;nzend zur <a href=\"https://www.neuthal-industriekultur.ch/sonderausstellung\" target=\"_blank\" rel=\"noopener\">Sonderausstellung</a> gibt es mehrere Events zum Thema &laquo;Kreislauf statt Kleiderflut: Wie Mode nachhaltig wird&raquo;.</p><p><strong>Mit historischen Z&uuml;gen ins Neuthal </strong></p><p>Eine Zeitreise in die Industriegeschichte des Z&uuml;rcher Oberlands. Jeden Sonntag verkehren nostalgische Z&uuml;ge: Dampfz&uuml;ge oder der Baumwoll-Express. Mit dem&nbsp;<a href=\"https://www.neuthal-industriekultur.ch/baumwollexpress\" target=\"_blank\" rel=\"noopener\">Industriekultur-Erlebnisticket</a> gibt es die Fahrt mit dem Baumwoll-Express und Eintritt ins Museum Neuthal f&uuml;r nur 49.&ndash; f&uuml;r die ganze Familie.</p><p><strong>Gruppenerlebnis, das Geschichte und Technik miteinander verbindet </strong></p><p>Im Museum Neuthal erlebst du Industriekultur hautnah. Die <a href=\"https://www.neuthal-industriekultur.ch/gruppen\" target=\"_blank\" rel=\"noopener\">F&uuml;hrungen</a> bieten spannende Einblicke in die Zeit der Industrialisierung des Z&uuml;rcher Oberlands und die Welt der Textilindustrie &ndash; ideal geeignet f&uuml;r Vereine, Firmen oder private Gruppen.</p>", "url": "http://www.neuthal-industriekultur.ch", "image": "https://ostpimtsoch.sos-ch-dk-2.exoscale-cdn.com/catalog/b/a/1/d/ba1dd6db78d8f92fcd4dc4cbff019dcb859fc1f8_d164e5aec89100cf1252e6f7f836cf4c.jpg", "openstreetmap_id": "199986140.0"}, "geometry": {"type": "Point", "coordinates": ["8.8653917", "47.3593969"]}}, {"type": "Feature", "properties": {"identifier": "ecb64c5d-3592-497a-8e71-b341b3387a25", "name": "Wiborada Audio Walk", "description": "<p class=\"MsoNormal\">Wer war diese Frau?</p><p class=\"MsoNormal\">Im Mittelalter, als die Kirche das Bistum und das Volk lenkte, wurde Wiborada zur wichtigsten Frau St.Gallens. Sie rettete die Manuskripte der Stiftsbibliothek in St.Gallen von den einfallenden Horden. Aus ihrer Klause heraus gewann sie grossen geistlichen und politischen Einfluss.</p><p class=\"MsoNormal\">Erlebe ihre faszinierende Geschichte neu mit deinen Ohren!</p><p class=\"MsoNormal\">Dauer: max. 120 Minuten</p><p class=\"MsoNormal\">Sprache: Deutsch</p><p class=\"MsoNormal\">Startort: Roter Platz St. Gallen (Raiffeisenplatz) beim Brunnen</p><p class=\"MsoNormal\">Points of Interest:<br>&nbsp;&bull; Roter Platz von Pipilotti Rist<br>&nbsp;&bull; Treppenstadt (13&lsquo;000 Stufen!)<br>&nbsp;&bull; Panoramablick &uuml;ber die Stadt<br>&nbsp;&bull; St.Georgen Kirche, Wiborada Kapelle<br>&nbsp;&bull; wilde M&uuml;hlenenschlucht<br>&nbsp;&bull; Klosterplatz St. Gallen<br>&nbsp;&bull; St. Mangen Kirche (Klause)</p>", "url": "https://wiborada-audio-walk.ch/", "image": "https://ostpimtsoch.sos-ch-dk-2.exoscale-cdn.com/catalog/5/8/9/c/589c90e12d2a8fd7a9df118af0e4efd7ecbcaff5_9a57c03edfcc44aa77171a3ace83715e.jpg", "openstreetmap_id": "way/25138184"}, "geometry": {"type": "Point", "coordinates": ["9.373177886009218", "47.421971830032824"]}}, {"type": "Feature", "properties": {"identifier": "efceda8d-daf6-4840-919c-d68443f0bbd3", "name": "TukTuk-Touren", "description": "Geniessen Sie das einmalige Strassenfeeling im TukTuk. Bei einer Freiluftfahrt erleben Sie das h\u00fcgelige Appenzellerland mit all seinen Sch\u00f6nheiten und Sehensw\u00fcrdigkeiten.\n\nEinst\u00fcndige Tour (1 - 2 Personen): CHF 75.00\nZweist\u00fcndige Tour (1 - 2 Personen): CHF 150.00\nHalbt\u00e4gige Tour (1 - 2 Personen): CHF 300.00", "url": "http://www.calessino.ch", "image": "https://ostpimtsoch.sos-ch-dk-2.exoscale-cdn.com/catalog/9/9/f/1/99f1ea68c601637fb36cd394c1f02a842caddfca_e02fa954b800b454179a9370f0d466e7.jpg", "openstreetmap_id": "way/1112456066"}, "geometry": {"type": "Point", "coordinates": ["9.295223251949373", "47.3913797"]}}, {"type": "Feature", "properties": {"identifier": "f33e276d-3f51-4b0d-baec-e0867d17d3f8", "name": "Jugendmusik Sinfonics St.Gallen", "description": "In w\u00f6chentlichen Gesamt- und Registerproben erarbeiten die jugendlichen Musikantinnen und Musikanten, Tambouren und T\u00e4nzerinnen unter fachkundiger Leitung ein breites Repertoire an Werken und Choreographien und erlernen dabei was es braucht, erfolgreich in einer Formation zu spielen bzw. tanzen.", "url": "https://www.sinfonics.ch", "image": "https://ostpimtsoch.sos-ch-dk-2.exoscale-cdn.com/catalog/4/0/d/e/40dee5e6bb2b7cb6b367748aeb14eb1174d4e300_0984c51af63275eb15e969bd117f9783.jpg", "openstreetmap_id": "node/7179285714"}, "geometry": {"type": "Point", "coordinates": ["9.3809153", "47.4295974"]}}, {"type": "Feature", "properties": {"identifier": "f3be7511-605d-47a8-af1b-d0552b550917", "name": "Haus zum Goldenen Ochsen", "description": "17. Jahrhundert. Eines der grossartigsten H\u00e4user des alten Schaffhausen, am ehemaligen Rindermarkt gelegen. Es diente u.a. bis 1608 auch als Gastherberge. Beim Umbau 1608 in ein vornehmes B\u00fcrgerhaus bekam die sp\u00e4tgotische Fassade den Prunk deutscher Renaissance in Form von Erker und Portal. Die Fresken an der Fassade zeigen einen goldenen Ochsen als Haus zeichen und Personen aus der babylonischen Geschichte und der griechischen Antike. So vor allem die Helden aus dem Trojanischen Krieg.", "image": "https://ostpimtsoch.sos-ch-dk-2.exoscale-cdn.com/catalog/8/f/c/f/8fcfaad00aafae1198fe3b7023ec30a323fd7ee4_75ea759d8d48582e21c44dfb5a7e6813.jpg", "openstreetmap_id": "node/2037971606"}, "geometry": {"type": "Point", "coordinates": ["8.6339364", "47.6980186"]}}, {"type": "Feature", "properties": {"identifier": "f45ef020-f1fc-4307-bbb1-521dfbf79fa4", "name": "Restaurant Namun", "description": "13 Gault-Millau-Punkte\nEine aromatische Thai-Suppe, ged\u00e4mpfte Dim-Sums oder eine pikante Knusper-Ente. Die Gerichte im Restaurant Namun sind Meisterwerke der asiatischen K\u00fcche. Und ein Feuerwerk f\u00fcr kulinarische Feinschmecker. Mit auserlesenen asiatischen Aromen. Einer Mischung aus Tradition und Moderne. Authentizit\u00e4t und perfektem Handwerk. In stilvollem Ambiente. Hier werden exotische Spezialit\u00e4ten zum Teilen oder als Tellergericht serviert. Und dies alles auf F\u00fcnf-Sterne-Niveau. Eine wahre fern\u00f6stliche Sinnesreise.", "url": "https://www.resortragaz.ch/de/restaurants-und-bars/namun", "image": "https://ostpimtsoch.sos-ch-dk-2.exoscale-cdn.com/catalog/f/b/1/3/fb13323c2ff1cccb3e22393da837438174a3a6fe_5395995bca5db382f0ad77797bd37eab.jpg", "openstreetmap_id": "node/7770673148"}, "geometry": {"type": "Point", "coordinates": ["9.502747", "47.0001435"]}}, {"type": "Feature", "properties": {"identifier": "f5d3af54-a294-4e2c-b353-62a3c55b55bd", "name": "Kino Passerelle", "description": "Die Gru\u0308ndung der Genossenschaft Kino Passerelle ist dabei auf eine mutige Initiative aus den Reihen des ehemaligen Cine\u0301-Clubs zuru\u0308ckzufu\u0308hren. Nach der Schliessung des bisherigen &quot;Kino Speer&quot; 1987 konnte so mit der breiten Unterstu\u0308tzung der Bevo\u0308lkerung wieder ein Kino im Toggenburg seine Tu\u0308ren o\u0308ffnen.\n\nIm November 2002 konnten ein zweiter Saal und eine Kinobar ero\u0308ffnet werden. Da sich die Kinobranche in den letzten Jahren in einer starken Umbruchsphase befindet, sind auch im Kino Passerelle diverse Schritte unternommen worden, um die Zukunft zu sichern. Die Beschaffung der herko\u0308mmlichen 35mm-Filme gestaltete sich zunehmend als schwierig, weshalb 2012 die bisherigen Projektoren durch moderne Digitalprojektoren ersetzt wurden. \n\nAm 3. September 2016 konnte das Kino Passerelle schlussendlich auch eine komplett neue Saalbestuhlung der O\u0308ffentlichkeit pra\u0308sentieren. In Anwesenheit des Regisseurs Xavier Koller wurde \u201eDie Reise der Hoffnung\u201c gezeigt \u2013 der gleiche Film, der am 17. November 1990 als erster Film im Kino Passerelle vorgefu\u0308hrt worden war.\n\nDie Auswahl der Filme gestalten wir sehr bewusst und sehr vielfa\u0308ltig. Uns liegen kulturelle Studio- und Arthouse-Filme ebenso am Herzen wie anspruchsvolle Dokumentarfilme, regionales und schweizerisches Filmschaffen und Familienfilme. Durch verschiedene Spezialanla\u0308sse, auch in Zusammenarbeit mit anderen regionalen Institutionen, mo\u0308chten wir unserem Publikum ausserdem bestimmte Themen bewusst und auf attraktive Weise na\u0308herbringen.\n\nDurch eine lokale Verankerung, ein u\u0308berlegtes Filmprogramm und eine perso\u0308nliche Na\u0308he zu unseren Ga\u0308sten und Genossenschafter:innen mo\u0308chten wir so unserem Publikum das Tor zur weiten Welt des Films offenhalten.\n\nHinweis: Grosser Saal ist rollstuhlg\u00e4ngig; rollstuhlgerechte Toilette ist vorhanden.", "url": "http://kinopasserelle.ch", "image": "https://ostpimtsoch.sos-ch-dk-2.exoscale-cdn.com/catalog/7/b/5/d/7b5d5d174fc7ea6d14f59432ffe2b322a2bd686f_27d38bc238aa35eb25d5951f0daa858e.png", "openstreetmap_id": "node/82951557"}, "geometry": {"type": "Point", "coordinates": ["9.08898", "47.29702"]}}, {"type": "Feature", "properties": {"identifier": "f736364a-e903-4dbd-9720-1a1df6156776", "name": "Alpenlodge Prod", "description": "Mitten im Winter- und Sommersportgebiet Flumserberg \u2013 auf dem Hochplateau Prodalp (1576 m) \u2013 finden Sie die Alpenlodge Prod. Die moderne Gruppenunterkunft mit 48 Betten und einer grossen Selbstversorgungsk\u00fcche bietet zus\u00e4tzlich Ruhe, Idylle und eine herrliche Aussicht.\n\nOb f\u00fcr ein Schullager oder f\u00fcr ein Wochenende f\u00fcr Firmen oder Vereine \u2013 die Alpenlodge Prod bietet eine \u00dcbernachtungsm\u00f6glichkeit in einmaliger Atmosph\u00e4re. Die Gruppenunterkunft hat 48 Betten (2 x 10er; 4 x 6er und 2 x 2er-Zimmer). Die K\u00fcche ist mit Induktionsherd, Steamer, Backofen, einem Tiefk\u00fchlschrank, zwei K\u00fchlschr\u00e4nken und einer Abwaschmaschine ausgestattet. Der gem\u00fctliche Ess- und Aufenthaltsraum hat ein Chemin\u00e9e. Der Ski- und Trockenraum eignet sich im Winter ideal zur Aufbewahrung von Skischuhen.\n\nDie Alpenlodge Prod ist eine Gruppenunterkunft f\u00fcr Selbstkocher. Bei einer Buchung mit Fr\u00fchst\u00fcck wird Ihnen dieses direkt ins Haus geliefert. Es besteht zudem die M\u00f6glichkeit ein K\u00e4se-Fondue auf Vorbestellung in die Alpenlodge Prod liefern zu lassen oder im ca. 300 m entfernten Bergrestaurant Prodalp das Mittag- und Abendessen einzunehmen (Reservation erforderlich).\n\nErreichbar ist die Alpenlodge Prod mit der 12er-Gondelbahn Prodalp-Express ab Tannenheim. Ab der Bergstation Prodalp gelangen Sie zu Fuss in wenigen Minuten zur Alpenlodge Prod. Mit den Skiern oder dem Snowboard ist die Alpenlodge Prod ebenfalls erreichbar. Die Gruppenunterkunft wird ab 30 Personen vermietet.", "url": "http://www.alpenlodge-prod.ch", "image": "https://ostpimtsoch.sos-ch-dk-2.exoscale-cdn.com/catalog/d/d/7/c/dd7c8d2c49963afb78a45a89ed9244ff9c048c11_ebd5fd681558215a202cfb152c063160.jpg", "openstreetmap_id": "way/182243643"}, "geometry": {"type": "Point", "coordinates": ["9.287202358245851", "47.076241500083825"]}}, {"type": "Feature", "properties": {"identifier": "f9138362-bb73-425f-83f2-d58ae9585114", "name": "Schloss Maienfeld", "description": "Unser Gastronomiekonzept ist vielseitig, vom Business Lunch im Bistro, \u00fcber ein gehobenes \u00e0 la Carte Angebot im Restaurant bis hin zum Ap\u00e9ro oder Schlummertrunk, f\u00fcr die G\u00e4ste oder auch Gruppen und Vereine im Club 1247. Im Vordergrund stehen die Kulinarik und die Gastfreundschaft \u2013 unsere G\u00e4ste sollen sich willkommen f\u00fchlen, Freude haben und sich kulinarisch begeistern lassen. Beim Ku\u0308chenkonzept legen wir viel Wert auf Regionalit\u00e4t sowie Tradition - alt bekanntes neu interpretieren, diese sollen die G\u00e4ste begeistern.", "url": "http://www.schlossmaienfeld.ch", "image": "https://ostpimtsoch.sos-ch-dk-2.exoscale-cdn.com/catalog/1/c/5/1/1c51e8619575f61cc55d376f5ecc454db05d0183_9617dfa49f8db547fd17a9502565d742.jpg", "openstreetmap_id": "node/1335415120"}, "geometry": {"type": "Point", "coordinates": ["9.5310679", "47.0064678"]}}, {"type": "Feature", "properties": {"identifier": "f978b33b-6fbd-4b8a-b849-ea0ca995fac7", "name": "Caf\u00e9 Confiserie F\u00e4ssler", "description": "Gem\u00fctliches Caf\u00e9 vis-\u00e0\u00a0-vis der katholischen Kirche. Hausgemachte Confiserie- und Konditoreiprodukte.", "url": "https://www.confiserie-faessler.ch", "image": "https://ostpimtsoch.sos-ch-dk-2.exoscale-cdn.com/catalog/b/5/e/5/b5e5d34be86c2d36dcf49a9bccacc337071fee43_33e045ba80cc28004294b1849949e15e.jpg", "openstreetmap_id": "node/411836378"}, "geometry": {"type": "Point", "coordinates": ["9.5005702", "47.0037015"]}}, {"type": "Feature", "properties": {"identifier": "fc519288-aefd-4e32-94ab-2888b2d3a8f3", "name": "Caf\u00e9 & Bar Breite", "description": "Das Caf\u00e9 &amp; Bar Breite ist tags\u00fcber ein gem\u00fctliches Caf\u00e9 und bietet im Restaurant und in der Gartenbeiz Platz zum Verweilen und Geniessen. \n\nAbends ist die Bar Treffpunkt f\u00fcr Nachtschw\u00e4rmer und bietet unter anderem diverse kreative Cocktails und lokales Bier an.", "url": "http://www.bar-breite.ch/", "image": "https://ostpimtsoch.sos-ch-dk-2.exoscale-cdn.com/catalog/4/3/5/b/435bbea9269f68983cdc0205ba57a9433c3bcbc5_6df1fc834b231dcc1970777a1496d0aa.jpeg", "openstreetmap_id": "node/1845412777"}, "geometry": {"type": "Point", "coordinates": ["9.5373429", "47.3785415"]}}, {"type": "Feature", "properties": {"identifier": "fea96a9c-93b8-495f-8c86-946b30ab4b02", "name": "Karlstor", "description": "Im Jahre 1566 wurde das Kloster St.Gallen durch eine Mauer von der Stadt getrennt. Also liess der Abt 1570 ein eigenes Tor f\u00fcr das Kloster errichten. Dieses ist bis heute erhalten geblieben. \n\nDas grosse Steinrelief, das die Ostfassade ziert, ist das auff\u00e4lligste Merkmal des Tores. Im oberen Teil wurde neben dem Wappen des damaligen Papstes ist auch das Wappen des alten deutschen Reiches in den Stein gemeisselt. Der mittlere Teil zeigt das Wappen von Otmar, dem ersten Abt und Gr\u00fcnder des Klosters. Ebenfalls zu erkennen ist  Gallus - Namenspatron der Stadt - mit dem B\u00e4ren. Ganz unten schm\u00fccken zwei liegende L\u00f6wen und einigte verschlungene B\u00e4nder das Relief. \n\nHeute befindet sich im Karlstor das Untersuchungsgef\u00e4ngnis. Das Geb\u00e4ude geh\u00f6rt zur kantonalen Verwaltung.", "image": "https://ostpimtsoch.sos-ch-dk-2.exoscale-cdn.com/catalog/a/d/2/6/ad26eb89bef960eff6438a3f13ce30fa5469a48d_d90063592c804114d5c5dcb60510b7e1.jpg", "openstreetmap_id": "way/131608031"}, "geometry": {"type": "Point", "coordinates": ["9.37895", "47.42357"]}}]}