id;name;disambiguatingDescription;description;longitude;latitude;streetAddress;postalCode;addressLocality;telephone;email;url;image;dateModified018b9171-3e4c-4d74-a5a5-5f286144cf99;sagibeiz;In der alten Sägerei, wo früher die Späne flogen, werden heute Kulinarik und Gastfreundschaft zelebriert. Frisch, regional, kreativ – und das in einzigartigem Ambiente.;Das Restaurant sagibeiz liegt in Murg direkt am Walensee und lädt mit der Seeterrasse und der gemütlichen Beiz inklusive Loungebereich zum Geniessen in einzigartiger Atmosphäre ein. Im Sommer bietet die sagilounge am See zusätzlichen Platz auf einer Holzplattform direkt am Schweizer Fjord, wo Sie auch Wassersportartikel für unvergessliche Stunden auf dem See ausleihen können.

Die Küche überrascht mit fantasievoll zubereiteten Gerichten aus lokalen Produkten. 

Die Location ist auch ideal für Privat- und Firmenanlässe mit bis zu 800 Personen geeignet. Gruppen bis 250 Personen finden in den Eventlokalitäten sagistübli, sagisteg/seegüetli mit dazugehörigem Aussenbereich und holzlager/schienenterrasse eine ideale Location für Hochzeiten, Geburtstage, Firmenfeiern und vieles mehr.

Von der Outdoor-Grillparty im Sommer über Spargel- und Marronifeste im Frühjahr und Herbst bis hin zu Fondue- und Raclette-Abenden im Winter ist alles möglich. Geniessen Sie das spezielle Ambiente im ehemaligen Sägewerk in Murg direkt am See. 

Zusätzlich bietet das sagiareal einen begehbaren Weinkeller mit einem breiten Angebot von regionalen Raritäten bis hin zu internationalen Spezialitäten. 
Auch der sagiladen im Untergeschoss ist als Ihre neue Adresse für Produkte vom und rund um den Walensee allemal einen Besuch wert.;9.2189915;47.1131786;alte Staatsstrasse 6;8877;Murg;+41 81 720 35 75;info@azibene.ch;https://www.sagibeiz.ch/;[{'@type': 'ImageObject', 'contentUrl': 'https://ostpimtsoch.sos-ch-dk-2.exoscale-cdn.com/catalog/2/f/5/5/2f55e857c017f8142136a01a14675293808ad51d_54696d06e7bcfbd16368e771fcb9bad6.jpg'}];2025-03-08T20:22:45+01:00
03815269-a186-40c0-a0b5-ad584126310c;Hotel Restaurant Falkenburg;Die Falkenburg verbindet historische Atmosphäre mit modernem Komfort. Geniessen Sie kreative Küche, stilvolle Zimmer und den traumhaften Blick über die St. Galler - Altstadt - idyllisch gelegen und bequem erreichbar.;<p>Die Falkenburg liegt idyllisch inmitten der Natur und bietet einen herrlichen Blick &uuml;ber die St.Galler Altstadt. Dank der guten Anbindung ist sie sowohl mit &ouml;ffentlichen Verkehrsmitteln als auch mit dem Auto bequem erreichbar.</p><p>Im hauseigenen Restaurant erwartet Sie eine vielseitige und kreative K&uuml;che mit saisonalen, klassischen, traditionellen und internationalen Gerichten.&nbsp;</p><p>Die historische Falkenburg verbindet stilvolles Ambiente mit modernem Komfort. Neben dem Restaurant stehen unseren G&auml;sten drei hochwertig ausgestattetete Doppelzimmer sowie ein Einzelzimmer zur Verf&uuml;gung. Das im 15. Jahrhundert erbaute Haus wurde liebevoll renoviert und technisch auf den neusten Standard gebracht.</p><p>Unser charmantes Mini-Hotel bietet den idealen Rahmen f&uuml;r enstpannte Auszeiten, Famillientreffen oder&nbsp;gem&uuml;tliche Stunden mit Freunden. Von hier aus erreichen Sie bequem zahlreiche Sehensw&uuml;rdigkeiten und weitere Highlights der Stadt.</p><p>Erleben Sie Genuss, Geschichte und Gastfreundschaft - wir freuen uns auf Ihren Besuch in der Falkenburg.</p>;9.375084692221808;47.4184709;Falkenburgstrasse 25;9000;St. Gallen;+41 71 222 55 81;info@falkenburgsg.ch;http://www.falkenburgsg.ch/;[{'@type': 'ImageObject', 'contentUrl': 'https://ostpimtsoch.sos-ch-dk-2.exoscale-cdn.com/catalog/9/b/7/f/9b7f4b80172f00710cb992fbcb53e5e9611c951e_9cb8bd44c770966c5d0e87f2326a04c0.jpg'}];2026-06-16T20:35:33+02:00
0411a33d-8d6f-4d2e-842d-848a449715f9;FRAME Freizeit & Bar;Im FRAME Freizeit & Bar erwarten dich auf 3500 m² Action, Spiel und Atmosphäre in einer neuen Dimension.;<p>Tobe dich beim Light Jumper oder dem Schwarzlicht 3D Minigolf aus, singe deine liebsten Hits in einem von unseren drei Karaoke-R&auml;umen oder entdecke moderne Bowling-Varianten wie Duckpin Bowling und Soccer Bowling. Zus&auml;tzlich stehen dir Arcade Games, Dart, Billard und Shuffleboard zur Verf&uuml;gung.</p><p>Das besondere Highlight im FRAME ist BattleKart. Hier f&auml;hrst du mit einem Elektro-Kart durch eine virtuelle Spielwelt, die direkt auf den Boden projiziert wird. Sammle Power-Ups, weiche Hindernissen aus und schiesse deine Gegner aus dem Rennen. Ausserdem kannst du zwischen sechs verschiedenen Spielmodi ausw&auml;hlen. Um mitzufahren, musst du mindestens&nbsp;<strong>1.45 Meter</strong> gross sein.</p><p>Verbringe bei uns einen abwechslungsreichen und unterhaltsamen Abend mit deinen Freunden. Ob Firmen- oder Familienausflug, Schulreise oder Junggesellenabschied, bei uns bist du genau richtig. Lass den Abend anschliessend bei einem Drink oder einem leckeren Flammkuchen an unserer Bar ausklingen, die sich mitten im Geschehen befindet.</p>;9.5479483;47.3794573;Schöntalstrasse 2;9450;Altstätten;+41 71 755 30 00;info@frame-freizeit.ch;https://frame-freizeit.ch/;[{'@type': 'ImageObject', 'contentUrl': 'https://ostpimtsoch.sos-ch-dk-2.exoscale-cdn.com/catalog/f/2/5/8/f258e9841d7d04034761d577401ff226249c05ac_ae9fd54c4feda828c0c16b4b106de6e7.jpg'}];2026-04-06T16:30:19+02:00
0417e454-794c-42ef-954e-7e65b4efa2bd;Alpkäserei Gamplüt;Willkommen auf der Alp Gamplüt im Toggenburg.;Mit viel Liebe und handwerklichem Können stellen wir Alpkäse in unserer eigenen Käserei her.;9.344427287578585;47.21196041275878;Gamplüt;9658;Wildhaus;079 580 81 71 / 079 569 89 71;info@alpkaeserei-gampluet.ch;https://alpkaeserei-gampluet.ch;[{'@type': 'ImageObject', 'contentUrl': 'https://ostpimtsoch.sos-ch-dk-2.exoscale-cdn.com/catalog/5/9/a/a/59aaec091ac1adf7b815f63abb478caa2535c2ad_0c714ca43164135030344c72b6153925.jpg'}];2025-10-28T16:18:03+01:00
054a29d0-5a2d-412f-9ffc-bedbc6b67d32;VersuchsStollen Hagerbach;Gruppenerlebnisse wie Teambuilding Challenges, Führungen, Sprengdemonstrationen und die Möglichkeit die vorzüglichen gastronomischen Möglichkeiten im Hagerbach zu geniessen.;Eine einzigartige Welt im Berginnern entdecken

Ein Team- oder Vereinsausflug geplant?  Dann finden Sie bei uns ein passendes Angebot!

Das ganze Jahr über, von Montag bis Samstag, locken im VersuchsStollen Hagerbach diverse Attraktionen. Von informativen Führungen über Spreng-Demonstrationen voller Action, Motto-Anlässen, bis hin zu Spiel und Spass für gezieltes Team-Building.

Gastronomie und Erlebnis unter einem Dach: Unsere Gruppenerlebnisse sind die ideale Ergänzung zu Ihrer Feier oder dem Firmenanlass im schönen Restaurant Hagerbach.

Besonders freut uns, dass wir zusammen mit unseren professionellen Partnern im schönen Heidiland und dem unvergleichbaren UNESCO-Welterbe Tektonikarena Sardona, sowohl im Sommer als auch im Winter, begeisternde Aktivitäten anbieten können.;9.389185309410097;47.076234315591;Polistrasse 1;8893;Flums Hochwiese;+41 81 734 14 14;info@hagerbach.ch;https://hagerbach.ch;[{'@type': 'ImageObject', 'contentUrl': 'https://ostpimtsoch.sos-ch-dk-2.exoscale-cdn.com/catalog/d/5/8/7/d5877fe3acccf954d14311d312cdfb3d8f7723f2_33467b76074b7f3cea8daf8bf7363d2b.jpg'}];2024-12-11T20:15:47+01:00
05ad1220-4bd3-450f-88e9-1de9a07c6509;Plozza Wine Group;Im Netzwerk der Plozza Wine Group vereinen wir vier traditionsreiche Unternehmen;Unser einzigartiges Verkaufsargument: Dreifacher Produzent und Weinhändler in einem.
Durch unsere Erfahrung im Umgang mit der Kelterung von Weinen aus drei unterschiedlichen Regionen, haben wir die Kompetenz und das Know-how, Ihnen ein breites Spektrum an hochwertigen Weinen anbieten zu können. Die Visionen, die grundlegende Wertvorstellung und die Ziele sind gruppenweit gemeinsam. Kooperation heisst nämlich Stärken zu kombinieren und Schwächen zu kompensieren. Davon profitieren Sie als Kunde.;9.56564784049988;46.9697985528364;Karlihof 11;7208;Malans;+41 81 650 50 50;malans@plozzawinegroup.ch;https://www.plozzawinegroup.ch/startseite;[{'@type': 'ImageObject', 'contentUrl': 'https://ostpimtsoch.sos-ch-dk-2.exoscale-cdn.com/catalog/a/2/a/e/a2aec4165615b7ed7a65367a63a21e9296a3fb0e_5b6735daeb5a1e40f3dcb09d387f9948.jpg'}];2025-02-17T10:25:08+01:00
0a5eccdb-45d0-4cbc-9002-b04508bae835;Kino Säntis Lodge;In unserem hauseigenen Kino sorgen wir täglich gleich zweimal für Ihre Unterhaltung!;Das Kino Säntis Lodge bietet zweimal täglich verschiedene Filmvorführungen an.  Die Vorstellungen finden jeweils um 16 Uhr und um 20 Uhr statt und sind kostenlos. 

Das Kino kann ausserdem ebenfalls für individuelle Anlässe, wie zum Beispiel Geburtstagspartys mit einem Wunschfilm und Pizzaplausch benutzt werden. 

Familienfreundlich und gemütlich in Filme eintauchen geht nirgends besser als hier.

Wir freuen uns auf Ihren Besuch!


Bitte beachten Sie, dass der Zugang zum Film ab 20 Uhr nur durch das Restaurant möglich ist. Daher ist der Zugang nur während der Öffnungszeiten des Restaurants von Dienstag bis Samstag gewährleistet.;9.313316573154678;47.1963286;Hauptstrasse 16;9657;Unterwasser;+41719992727;jelena.targiroff@bergundbett.ch;https://bergundbett.ch/;[{'@type': 'ImageObject', 'contentUrl': 'https://ostpimtsoch.sos-ch-dk-2.exoscale-cdn.com/catalog/6/6/4/9/6649aacad6e53940b81db41cdfeb5d7d38b258ba_decec56474a8306269200637c8171eac.jpg'}];2025-10-27T10:25:40+01:00
0a6bd443-807c-49c5-aff3-fe11ccaf70a2;Rittberghalle;Verpflegungsstopp direkt am Thurweg.;Das Rittberg Bistro öffnet saisonal von Frühling bis Herbst bei schönem Wetter. Die aktuellen Öffnungszeiten finden Sie auf der Website. 

Im Bistro werden kühle und warme Getränke serviert und gelegentlich auch etwas hausgemachtes. 

Für Wanderer und Spaziergänger werden im kleinen Kiosk auch erfrischende Getränke und Snacks für unterwegs angeboten. 

Das Bistro Team freut sich auf Ihren Besuch!;9.0835311;47.3489018;Untere Rittbergstrasse 3;9615;Dietfurt;0764089191;jenny@swissqueya.com;https://www.rittberg-eventhalle.ch/bistro;[{'@type': 'ImageObject', 'contentUrl': 'https://ostpimtsoch.sos-ch-dk-2.exoscale-cdn.com/catalog/6/a/b/f/6abfd0b898e27154b1fc246fb18d351b0a27aac0_b5d18b4159448afd584b776c89b2bc96.jpg'}];2025-10-27T10:25:40+01:00
0c787e1f-6355-476d-8ff1-fa62f1542b0a;Hongler Kerzen;Die älteste Kerzenmanufaktur der Schweiz bringt Licht in die Welt.;Bereits 1703 erscheint der Name Hongler im Rechnungsbuch der Kirchgemeinde Berneck. Bis heute stellt der Familienbetrieb Kerzen her. Ob zur Taufe, zu Ostern, zur Hochzeit oder auch zum Verzieren – das Angebot ist vielfältig. Der Shop lädt zum Stöbern ein. 

Auf einer Betriebsführung erfahren die Besucher viel Wissenswertes und Interessantes über das traditionelle Handwerk. Eine kurze Präsentation bringt die Geschichte der Kerze näher. Beim Rundgang durch die Fabrikation können die Besucher mitverfolgen, wie aus Wachs und Docht eine Kerze entsteht.;9.549312200000031;47.3773548;Bahnhofstrasse 25A;9450;Altstätten;+41 71 788 44 44;info@hongler.ch;http://www.hongler.ch/;[{'@type': 'ImageObject', 'contentUrl': 'https://ostpimtsoch.sos-ch-dk-2.exoscale-cdn.com/catalog/4/1/d/1/41d10d7b9077d7df53a2788b52ae155b2c0d7f6b_833696919f5dc2f76a4d586580a9abdc.jpg'}];2026-06-16T20:35:33+02:00
0cd5b495-3126-480d-9bf1-ae6744d4b5f1;Tanoshii Funpark;Im grössten Funpark der Ostschweiz erwarten dich Spiel und Spass in einer einzigartigen Atmosphäre.;<p class="MsoNormal">Freue dich auf einen Trampolinpark mit 72 unterschiedlich grossen Trampolinen, springe in die Schnitzelgrube oder perfektioniere deine Spr&uuml;nge auf unseren High Performance Trampolinen und schiesse K&ouml;rbe auf NBA-H&ouml;he auf unserem Basketballfeld.<br><br>Wenn du auf der Suche nach der n&auml;chsten Challenge bist, kannst du dich mit deinen Freunden auf unserem Ninja Parcour messen oder eine neue Welt mit unseren verschiedenen Virtual Reality Spielmodi betreten. W&auml;hle zwischen hungrigen Piraten, dem Kampf gegen Zombies oder achte dich vor dem verr&uuml;ckten Yeti. Unsere Simracing Lounge bietet dir ausserdem ein einziges Rennsimulationserlebnis, welches zu den Besten weltweit geh&ouml;rt.<br><br>Geniesse bei uns unvergessliche Momente mit deinen Freunden. Ob spontaner Ausflug, Schulreise oder Geburtstagsfeier, das Tanoshii bietet f&uuml;r alle G&auml;ste <strong>ab sechs Jahren</strong> den idealen Rahmen f&uuml;r gemeinsame Erlebnisse. Begleitpersonen, die nicht springen m&ouml;chten, d&uuml;rfen das Geschehen vom Zuschauerbereich aus mitverfolgen.</p><p class="MsoNormal">&nbsp;</p><p class="MsoNormal">&nbsp;</p>;9.5479483;47.3794573;Schöntalstrasse 2;9450;Altstätten SG;+41 71 571 29 29;info@tanoshii.ch;https://www.tanoshii.ch/de/;[{'@type': 'ImageObject', 'contentUrl': 'https://ostpimtsoch.sos-ch-dk-2.exoscale-cdn.com/catalog/4/9/d/3/49d365458fe8cf5bbbe85a41b716e12c32ed6246_e2a50e527454d1da0ad6d4933585b17c.jpg'}];2026-04-19T16:30:21+02:00
10efec41-b6a2-470f-b3e1-0f796b205dfa;Stellplatz Haus Ziel;Camping mit Blick über das Rheintal;Der Stellplatz am Natur Haus Ziel lädt ein, den Blick über das Tal schweifen zu lassen: Die Appenzeller- & Vorarlberger Alpen sind zum Greifen nahe! Die Gäste können auf dem Stellplatz verweilen oder einen Spaziergang in die nahe gelegene Altstadt von Altstätten oder dem Vita Parcours unternehmen. Für Aktive bietet sich auch eine Rundfahrt mit dem E-Bike über den St. Anton an.;9.53469;47.38879;Trogenerstrasse 99;9450;Altstätten;0041 79 237 69 27;ziel@hausziel.ch;https://www.hausziel.ch/stellplatz-camping/;[{'@type': 'ImageObject', 'contentUrl': 'https://ostpimtsoch.sos-ch-dk-2.exoscale-cdn.com/catalog/1/6/7/1/1671b4a58087e4766f1e37850f00bfe29871a52e_c16f5facbe7dff839aaf55de3f5615e7.jpg'}];2026-06-16T20:35:33+02:00
175fb35f-c932-42bc-b979-885e89f1dfc6;Beckenstube;Im 13. Jahrhundert Amtsgebäude der Augustinerporpstei Öhningen. 1412 Ankauf durch die Zunft zun Becken. 

Heute Verwaltungsgebäude.;8.634490695330898;47.695583239548284;Beckenstube 3;8200;Schaffhausen;[{'@type': 'ImageObject', 'contentUrl': 'https://ostpimtsoch.sos-ch-dk-2.exoscale-cdn.com/catalog/3/e/7/a/3e7aa1c1eae48ebffe3e6fe38fd949389e107e06_d39ad74440c68057b2234a3e5eedc9a2.jpeg'}];2025-03-31T18:50:39+02:00
1a82a38d-4052-4df2-b502-e63d0d9d4445;Restaurant Mätz Dine;Eintauchen in Genusswelten;Geniessen Sie inmitten herrlicher Bergkulisse mit Sicht auf das Sarganserland ein hochwertiges Gastronomieangebot.

Das Mätz Dine besticht durch seine Einzigartigkeit, Authentizität und Vielseitigkeit. Die heimelige Atmosphäre bietet zusammen mit unseren Leckereien ein Erlebnis für alle Sinne.

Wir kochen auf internationalem Top-Niveau mit regionalen Produkten. Unsere Küche verbindet Altbewährtes mit modernen Einflüssen aus der französischen Küche. Ob für eine ausgiebige Tavolata, ein feines Fisch-Gericht oder für ein Feierabend-Bier, das mätz dine bietet für jeden etwas. Auch unsere Weinkarte lässt keine Wünsche offen.

Geniesser, Weinliebhaber, Biertrinker, Kaffeenerds, Arbeiter, Feriengäste, Stammtischhocker, Familien, Freunde, alle sind willkommen und finden im mätz dine den einen oder anderen Lieblingsplatz, sei es an der Bar, am Stammtisch, beim Cheminée, im Restaurant oder auf der Terrasse.;9.30443825;47.09053425;Flumserbergstr. 131;8897;Flumserberg;+41 81 733 11 28;dine@maetz.ch;https://www.maetz.ch/;[{'@type': 'ImageObject', 'contentUrl': 'https://ostpimtsoch.sos-ch-dk-2.exoscale-cdn.com/catalog/4/6/5/7/46574722a0e84c9f548e76b95932cc19a139c3c8_35b981941e85a72239382bf0693e6fb2.jpg'}];2025-02-17T10:26:43+01:00
1c718eb7-a16e-4f2e-9307-f66fe59a49b5;Bier von Frau zu Frau;Eine Bier-Sommelière von der Brauerei Schützengarten bringt Frauen das Thema Bier näher.;<p>Erlebe in Begleitung mit unserer Bier-Sommeli&egrave;re die reiche Welt der Biere von einer v&ouml;llig neuen Seite. Erhalte einen interessanten Einblick in die Geschichte und Herstellung des Biers und degustiere unter kundiger Begleitung die verschiedensten Bierstile. Erfahre, wie die Biere richtig ausgeschenkt werden und welche Bierstile mit welchen Speisen besonders gut harmonieren.</p>;9.37906;47.42968;St. Jakob-Strasse 37;9004;St. Gallen;+41 71 243 42 83;celina.streun@schuetzengarten.ch;http://www.schuetzengarten.ch;[{'@type': 'ImageObject', 'contentUrl': 'https://ostpimtsoch.sos-ch-dk-2.exoscale-cdn.com/catalog/d/8/a/5/d8a5e71e7ecf6b08bfc72e37907df9db85ab434b_fd533d93baa9f2a272d3e010ec5af207.jpg'}];2026-02-24T18:42:14+01:00
1ddded46-1e2b-4e26-a919-ebee46aa3d13;Haus zum Einhorn;Hier befand sich die Apotheke von Johann Conrad Laffon, dem letzten männlichen Nachfahren der einzigen Hugenottenfamilie, die in Schaffhausen bleiben durfte. Die Flüchtlinge wurden auf der Durchreise medizinisch versorgt: Apotheker, Barbiere und Chirurgen waren beschäftigt, Fieber zu senken, abgefrorene Zehen zu amputieren oder nach Überfällen gar Schädelverletzungen zu behandeln. Auch die Totengräber hatten viel Arbeit.;8.633713;47.6965965;Fronwagplatz 8;8200;Schaffhausen;[{'@type': 'ImageObject', 'contentUrl': 'https://ostpimtsoch.sos-ch-dk-2.exoscale-cdn.com/catalog/c/d/0/8/cd08b889835b6a8c5866ca99f7291f5d2cc5d2a1_6cda023a17fba3aebf78e90d4d3b9380.JPG'}];2025-03-31T18:50:39+02:00
1f1e292e-a0e7-4568-ae62-628c4e6b3d43;From Heaven;Tapas, Weine, Kunst und Kultur. Genuss pur! ;In einem der schönsten Gebäude in Bad Ragaz. Unsere umfangreiche Weinkarte und die aussergewöhnlichen Tapas lassen sich unendlich kombinieren. Für einen Drink oder ein ausgiebiges Essen, wir freuen uns auf Dich!;9.5054804;47.0093991;Bahnhofstr. 38;7310;Bad Ragaz;+41 81 302 73 10;info@fromheaven.ch;http://www.fromheaven.ch;[{'@type': 'ImageObject', 'contentUrl': 'https://ostpimtsoch.sos-ch-dk-2.exoscale-cdn.com/catalog/b/f/9/9/bf9976bf0f438fdd985143218bd483a20a42baad_258ad990ba8d2b54c292086e0fabdd28.jpg'}];2025-02-17T10:26:43+01:00
2648119c-93c1-44ae-b165-976e0cd22a20;Bodensee;Die wunderschöne Uferlandschaft, das milde Klima sowie die vielseitigen Wassersport- und sonstigen Freizeitmöglichkeiten ziehen viele Ferien- und Ausflugsgäste an den Bodensee.;<p>Der Bodensee im Dreil&auml;ndereck Schweiz/Deutschland/&Ouml;sterreich ist mit einer L&auml;nge von 64km und einer maximalen Breite von 12km der drittgr&ouml;sste Binnensee Europas. Auf dem Bodensee verkehren veschiedene Kursschiffe und bieten ein attraktives Angebot.&nbsp;</p>
<p>Zahllose Wassersportm&ouml;glichkeiten, Wanderwege und vor allem Skating- und Radwege bietet die Ferien- und Ausflugsregion. Ein beliebter Klassiker ist der Bodensee-Radweg, der rund um den See f&uuml;hrt.</p>;9.496307373046877;47.48613919859396;[{'@type': 'ImageObject', 'contentUrl': 'https://ostpimtsoch.sos-ch-dk-2.exoscale-cdn.com/catalog/a/7/b/a/a7ba642b708e013cebc4eca7f83db46c76a65930_f3755b64e5ce9f2814667fe5767bef5c.jpg'}];2025-06-19T17:23:11+02:00
27f7fe2f-14ed-4d4f-87bf-bd284ba258d3;Fronwagturm;Der Fronwagturm ist ein historischer Stadtturm in Schaffhausen mit einer eindrücklichen astronomischen Uhr aus dem 16. Jahrhundert.;<p>Im Fronwagturm hing fr&uuml;her die grosse Marktwaage, mit welcher die G&uuml;ter - die in Schaffhausen aus dem Schiff ausgeladen und unterhalb des Rheinfalls wieder auf die Schiffe geladen wurden - gewogen wurden. Die Waage steht heute im Museum zu Allerheiligen. Im Giebelfeld des Turmes sieht man die astronomische Uhr von Joachim Habrecht, welche zehn verschiedene M&ouml;glichkeiten anzeigt:</p><ol><li>Stunden</li><li>Wochentage</li><li>Mondlauf durch die Sternzeichen</li><li>Auf- und Absteigen des Mondes am Himmel</li><li>Stand der Sonne zum Zodiac (Tierkreis)</li><li>Jahreszeiten</li><li>Tag- und Nachtgleichen</li><li>Mondknoten</li><li>Finsternisse</li><li>Aspekte zwischen Sonne und Mond. Die schwarz-goldene Kugel &uuml;ber der r&ouml;mischen XII der Uhr zeigt das Ab- und Zunehmen des Mondes.</li></ol>;8.633338617187498;47.69637295;Fronwagplatz 4;8200;Schaffhausen;[{'@type': 'ImageObject', 'contentUrl': 'https://ostpimtsoch.sos-ch-dk-2.exoscale-cdn.com/catalog/1/4/b/7/14b7862d43daf8ecef4638ea85cf22ec5d0d431a_2b9eb8df459d4644e1fbaf314eeeb90a.jpg'}];2026-01-08T19:40:20+01:00
2c98d299-11e7-4aa2-a29c-33ed634a72b6;Grotto Fläscher Bad;Einzigartiges Gasthaus mitten im Rebberg der Familie Hermann in Fläsch.;Das Grotto Fläscher Bad ist einfach ein Mü anders. 
Hier steht alles unter dem Motto «bewusst geniessen»: Beim respektvollen Umgang mit der Natur und unseren Ressourcen oder bei der Wertschätzung und Entlöhnung unserer Mitarbeitenden und Partner - wir mögen es lokal, sorgfältig und nachhaltig. 
Wir möchten Deine Gedanken und Deinen Gaumen in die Ferien schicken, denn eins wissen wir: Genuss ist vergänglich, nicht aber die Erinnerung daran. Deshalb möchten wir die Freude daran unbedingt mit dir teilen. 

Wir wünschen Dir ganz viele bleibende Eindrücke und einen Moment «zum Abschalte» bei uns.;9.4946418;47.0365098;mitten im Rebberg der Familie Hermann;7306;Fläsch;+41 81 756 11 22;geniessen@das-grotto.ch;http://www.das-grotto.ch;[{'@type': 'ImageObject', 'contentUrl': 'https://ostpimtsoch.sos-ch-dk-2.exoscale-cdn.com/catalog/d/5/a/3/d5a347b7abe78541cbc967a10167821a63fbbd27_34a77e17625f60887ccd0d8ede1fbcd6.jpeg'}];2025-02-17T10:26:43+01:00
2e167736-dc78-4262-878d-80929bc94753;Restaurant Schifflände;&quot;Genießen Sie exquisite Küche direkt am Seeufer – ein kulinarisches Erlebnis mit atemberaubender Aussicht.&quot;;&quot;Willkommen im Restaurant Schifflände Quinten. Genießen Sie unsere exzellente Küche, während Sie sich von der sanften Brise des Sees verwöhnen lassen. Tauchen Sie ein in eine Welt voller Gaumenfreuden und lassen Sie sich von unserer erstklassigen Küche und dem einzigartigen Ambiente verzaubern. Erleben Sie unvergessliche Momente, und bewundern Sie die malerische Landschaft des Sees.;9.215732216835024;47.128984199829;Dörfli 800;8878;Quinten;+41 81 738 14 60;cr@schifflaende.eu;https://www.schifflaende.eu/;[{'@type': 'ImageObject', 'contentUrl': 'https://ostpimtsoch.sos-ch-dk-2.exoscale-cdn.com/catalog/a/a/0/c/aa0c3e21c7ad766a147c98e3625cdf6994fcd294_a22ec6ebd51c0c2a060b1b3bd8d9df6e.jpg'}];2025-02-17T10:26:43+01:00
30d491d9-7ec9-4066-8803-0d39224cab1a;Kreuzgang Allerheiligen;Der Kreuzgang zu Allerheiligen ist der grösste Kreuzgang der Schweiz und umschliesst einen stillen, historischen Garten mitten in der Altstadt von Schaffhausen.;<p data-start="487" data-end="689">Der Kreuzgang zu Allerheiligen stammt aus dem 12. und 13. Jahrhundert und vereint romanische und gotische Bauelemente. Er umschliesst den idyllischen Kreuzganggarten, den sogenannten &laquo;Junkerfriedhof&raquo;.</p><p data-start="691" data-end="949">Hier wurden zwischen 1582 und 1874 bedeutende Schaffhauser Pers&ouml;nlichkeiten wie B&uuml;rgermeister, Ratsherren, Pfarrer sowie weitere verdiente B&uuml;rgerinnen und B&uuml;rger beigesetzt. Der Kreuzgang ist heute ein eindr&uuml;cklicher Ort der Ruhe, Geschichte und Architektur.</p>;8.636229064365772;47.69494555;Klosterstrasse 19;8200;Schaffhausen;[{'@type': 'ImageObject', 'contentUrl': 'https://ostpimtsoch.sos-ch-dk-2.exoscale-cdn.com/catalog/c/5/d/6/c5d6f34a7675a18ef4f1c1cf8e71e47c62033e73_8c65428cf02b9bd8c9d3bc48c46b340c.jpeg'}];2026-01-08T19:40:20+01:00
31a40f0b-b2b9-4650-bff6-140746be5d50;Steinerner Trauben;Repräsentatives Wohn- und Handelshaus aus dem frühen 17. Jahrhundert. Das Erdgeschoss war früher eine offene Halle. Viereckiger Steinerker von 1668. Dachuntersicht 1720 mit zwei schwerbeladenen Kaufmannsfuhren bemalt. Das Fassadenbild (Josua und Kaleb mit einer Traube aus dem Land, wo Milch und Honig fliessen) von C. Schmidt um 1900 ist eine Anspielung auf den Wohlstand des früheren Hausherren und den Hausnamen. Reichhaltige Stuckaturen im Innern.
;8.859115225656574;47.6592971;Rathausplatz 11;8260;Stein am Rhein;[{'@type': 'ImageObject', 'contentUrl': 'https://ostpimtsoch.sos-ch-dk-2.exoscale-cdn.com/catalog/e/3/7/d/e37ddbc93a18e76f36cd27735cd2dc5c32b978b7_b02034be77731279e17ae6c384525b72.jpeg'}];2025-03-31T18:50:39+02:00
370d5d0f-0d03-438f-b1e1-fc65bee284e2;Schwarzes Horn;Das Haus zum Schwarzen Horn zählt zu den schönsten historischen Gebäuden in Stein am Rhein. Direkt am Rathausplatz gelegen, ist es ein wahres Schmuckstück der Altstadt.;<p><span data-teams="true">Stattlicher Eckbau aus dem 15. Jahrhundert. 1515 wurden dem dreigeschossigen Steinbau zwei vorkragende Fachwerkgeschosse aufgesetzt. Auffallend ist das zierliche Steinerkerchen. Das Haus ist das Geburtshaus von Johann Rudolf Schmid, Freiherr von Schwarzenhorn, der 1629&ndash;1643 als kaiserlicher Resident beim t&uuml;rkischen Sultan t&auml;tig war. 1914 wurde die Fassade mit der Darstellung seines Einzugs 1664 in Stein am Rhein bemalt.</span></p>;8.858992760909786;47.65950915;Rathausplatz 17;8260;Stein am Rhein;[{'@type': 'ImageObject', 'contentUrl': 'https://ostpimtsoch.sos-ch-dk-2.exoscale-cdn.com/catalog/4/8/2/b/482be812714e1a932186cf1e58a1e10eee85a282_3891bf5ee900b56cd2444b639c684d67.jpeg'}];2025-10-28T19:03:31+01:00
39fbf514-8f4c-475c-badc-e5c3e3ec815e;Kristallhöhle Kobelwald;Die Kristallhöhle Kobelwald befindet sich oberhalb des Weilers Kobelwald bei Oberriet im St.Galler Rheintal.;Sie zieht alljährlich tausende von Besuchern in ihren Bann. Die Höhlenatmosphäre, die Tropfsteine, vorbei an funkelnden Calcit-Kristallen, das rauschende Wasser sowie die Ton- und Lichtverhältnisse üben auf jüngere und ältere Besucher eine grosse Faszination aus. Als begehbare, wasserführende Höhle mit einem grossen Kristall-Vorkommen ist sie einmalig in der Schweiz.;9.534201620600687;47.322854221093124;Parkplatz P1  Kristallhöhle Kobelwald;9463;Oberriet;0041 71 761 19 77;info@kristallhoehle.ch;http://www.kristallhoehle.ch;[{'@type': 'ImageObject', 'contentUrl': 'https://ostpimtsoch.sos-ch-dk-2.exoscale-cdn.com/catalog/1/0/6/d/106d5e5f9d9d8ef7fafeef445a6e90e07db37139_8d0eea3c07cf183f149c5871cf64b3bb.jpg'}];2026-04-15T16:30:18+02:00
3beb7c1f-9b35-4cae-adbd-82987275e9e1;Pilgerherberge St.Gallen;Eine Herberge am Rand der Altstadt St.Gallen! Nur Pilgerinnen und Pilger zu Fuss finden hier eine günstige und herzliche Unterkunft für eine Nacht. Sie weisen sich dafür mit einem Pilgerpass aus oder erstehen sich ein Exemplar in der Herberge.;Die Herberge liegt am Rand der Altstadt St.Gallen, direkt am Jakobsweg, dem Kolumbansweg und an der Via Francisca, drei der bedeutendsten Pilgerwege, die durch die Schweiz führen. Die Pilgerherberge Sankt Gallen wird von einem engagierten Team ehrenamtlicher Hospitaleras und Hospitaleros geführt – viele von ihnen sind selbst erfahrene Pilgerinnen und Pilger. Sie sorgen mit viel Engagement und Gastfreundschaft dafür, dass sich die Pilger willkommen fühlen. Die Tradition der Pilgerherbergen geht auf Klöster, Hospitäler und Hospize zurück, die seit Jahrhunderten Pilgernde auf ihrem Weg unterstützen. Die Pilgerherberge St.Gallen setzt diese Tradition fort und bietet eine einfache, aber gemütliche Unterkunft für alle, die auf Pilgerwegen unterwegs sind.;9.3830486;47.4249312;Linsebühlstrasse 61;9000;St.Gallen;+41 71 220 00 62;verein@pilgerherberge-sg.ch;https://pilgerherberge-sg.ch/reservation/;[{'@type': 'ImageObject', 'contentUrl': 'https://ostpimtsoch.sos-ch-dk-2.exoscale-cdn.com/catalog/d/9/9/0/d990f7ad0230d7aa04961dbe20d3cc1dcab0df6f_4a3ee695210e867f2435e22bc946007f.jpg'}];2026-06-16T20:10:27+02:00
3bf4ea53-5f5f-47fa-92e2-17081ae5228d;Holländerhaus;Das geschichtsträchtige Riegelhaus ist eines der schönsten Häuser im Kanton Schaffhausen. ;<p>1684 kaufte Tobias Holl&auml;nder den &laquo;Hof zu Hova&raquo; und errichtete dort seinen Adelssitz, das ber&uuml;hmte Holl&auml;nderhaus. Neben dem Haus steht die Kaserne, worin er standesgem&auml;ss seine Leibgarde beherbergte. Tobias Holl&auml;nder war im Stadtrat Schaffhausen der einflussreichste Mann seiner Zeit.</p>;8.67569014686288;47.782092649999996;Oberhof 22;8242;Hofen;[{'@type': 'ImageObject', 'contentUrl': 'https://ostpimtsoch.sos-ch-dk-2.exoscale-cdn.com/catalog/f/f/9/c/ff9cfe5aefefb2924cf4f2fdbf50d4b0f0172833_16e866f142a3894713ae719f0d13892f.jpg'}];2026-01-09T19:41:31+01:00
3c57da83-c0c2-4983-8269-9a14399cd3cd;Restaurant Landhaus Rheineck;Herzlich willkommen im Landhaus! Mit atemberaubendem Blick auf den malerischen Bodensee und die umliegenden Rebberge; so lässt es sich wunderbar Speisen, Heiraten, Feiern oder Seminare abhalten.;Die sorgfältig restaurierte Gaststube aus dem Jahr 1582 bietet eine stimmige Kulisse aus alt und neu. Im Saal können bis zu 80 Personen das charmante und liebevoll gestaltete Ambiente des Landhauses geniessen. Die Küche ist saisonal, regional und modern - authentisch, frisch und von konstanter Qualität.
Lass dich von uns zu unvergesslichen Momenten einladen - im Landhaus Rheineck, wo Genuss eine Heimat findet.;9.58161;47.46204;Appenzellerstrasse 73;9424;Rheineck;+41 71 888 12 60;info@landhaus-rheineck.ch;http://www.landhaus-rheineck.ch;[{'@type': 'ImageObject', 'contentUrl': 'https://ostpimtsoch.sos-ch-dk-2.exoscale-cdn.com/catalog/b/f/e/3/bfe3eb7da1ea5c01f0f64861a3abc39c6b1d9a54_e6328ce0a41fd9672208a4bd91720326.jpg'}];2025-06-10T17:34:13+02:00
3f139259-eb9b-4168-92ee-f978fe0a83ac;Restaurant Schloss Weinstein;Auf Schloss Weinstein geniessen Gäste gutbürgerliche, saisonale Küche in historischem Ambiente – ergänzt durch eine einmalige Aussicht und den passenden Rahmen für Hochzeiten und Veranstaltungen.;<p data-start="279" data-end="585">Schloss Weinstein ist heute ein Ort, an dem Genuss, Geschichte und eine einzigartige Lage zusammenkommen. Hoch &uuml;ber den Rebbergen oberhalb von Marbach gelegen, bietet das Schloss einen beeindruckenden Ausblick &uuml;ber das Rheintal und l&auml;dt dazu ein, kulinarisch und landschaftlich eine Auszeit zu geniessen.</p><p data-start="587" data-end="876">Die Geschichte des Schlosses reicht bis ins Jahr 1375 zur&uuml;ck und pr&auml;gt bis heute die besondere Atmosph&auml;re dieses Ortes. In der heutigen Schloss-Wirtschaft wird gutb&uuml;rgerliche, saisonale K&uuml;che mit regionalem Bezug serviert &ndash; sei es im Restaurant oder auf der Sonnenterrasse mit Weitblick.</p><p data-start="878" data-end="1183">Ein besonderer Schwerpunkt liegt auf Hochzeiten und Veranstaltungen: Von der zivilen Trauung &uuml;ber freie Zeremonien im Rebberg bis hin zu Ap&eacute;ro, Festessen und Feierlichkeiten im Festsaal oder in der rustikalen Schloss-Scheune bietet Schloss Weinstein vielseitige M&ouml;glichkeiten f&uuml;r unvergessliche Anl&auml;sse.</p><p data-start="1185" data-end="1377">Dank der idyllischen Lage eignet sich das Schloss zudem ideal als Ausflugsziel in der Region &ndash; sei es f&uuml;r einen genussvollen Zwischenhalt, eine Feier oder einen besonderen Moment mit Aussicht.</p>;9.570926427841188;47.39708191047987;Schloss Weinstein 219;9437;Marbach;+41 71 777 11 07;info@schloss-weinstein.ch;https://www.schloss-weinstein.ch;[{'@type': 'ImageObject', 'contentUrl': 'https://ostpimtsoch.sos-ch-dk-2.exoscale-cdn.com/catalog/e/e/c/5/eec51d35f091bb9f01c02315803becd4b1d0cbf6_257fa7c080a303f22ca7f7547444d33b.jpg'}];2026-04-09T18:22:15+02:00
3f47a958-270b-433e-8a28-063d5ea9f9cf;swissvid® Videoproduktion – Begleitung für Gruppenreisen;Was wäre ein Besuch in der schönen Ostschweiz ohne eine bleibende Erinnerung daran?;<p>swissvid&reg; bietet hochwertige Video- und Fotoproduktionen wie Reisevideos, Erinnerungen an Events oder Vlog-Produktionen, die besondere Erlebnisse in bleibende Erinnerungen verwandeln. Reisegruppen und Privatpersonen werden dabei diskret und authentisch auf ihren Reisen begleitet, w&auml;hrend emotionale Momente und einzigartige Eindr&uuml;cke festgehalten werden.</p><p>Dar&uuml;ber hinaus realisiert swissvid&reg; wirkungsvolle Imagefilme und visuelle Inhalte f&uuml;r touristische Betriebe &ndash; von Hotels &uuml;ber Destinationen bis hin zu Erlebnisanbietern.</p><p>Sichere deine pers&ouml;nliche Erinnerung oder pr&auml;sentiere dein Angebot professionell &ndash; swissvid&reg; freut sich deine Anfrage.&nbsp;</p>;9.3290721;47.5915626;Am See;8585;Kesswil;+41 77 292 70 10;info@swissvid.ch;https://swissvid.ch;[{'@type': 'ImageObject', 'contentUrl': 'https://ostpimtsoch.sos-ch-dk-2.exoscale-cdn.com/catalog/2/e/e/a/2eea23f871fbb08826ea969476e8bc2378d94240_86176c90d5f2a89f61dc4e80f29ce981.JPG'}];2026-04-21T18:15:07+02:00
3f8582c6-4295-499e-b716-a0b11a9be4ac;Musigbar Mariaberg;Gemütliche-gediegene Oase mit Fumoir, Karaoke und Livekonzerten, sowie Bankette und andere Feiern;Das historische Lokal liegt zentral in der am Bodensee gelegenen Stadt Rorschach. Die Musigbar-Mariaberg ist nicht nur für Live-Konzerte und Events bekannt - obwohl - die erstklassigen musikalischen Acts werfen hohe Wellen: Fast jedes Wochenende wird ein DJ oder eine Band präsentiert, welche die Balken zuverlässig zum Biegen bringen. In der Smoker's Lounge finden Geniesser eine gemütliche-gediegene Oase.;9.4938401;47.4780466;Hauptstrasse 45;9400;Rorschach;+41 71 870 08 08;info@musigbar-mariaberg.ch;http://www.musigbar-mariaberg.ch;[{'@type': 'ImageObject', 'contentUrl': 'https://ostpimtsoch.sos-ch-dk-2.exoscale-cdn.com/catalog/c/1/3/3/c1336910ffb3f7678944f7e0649d40c9120f06fa_322a31d12916e1a1e1742486845e5ca9.jpg'}];2026-04-01T18:14:50+02:00
44235085-3bad-4212-b814-f3d9369f5411;Schwabentor;Das Schwabentor in der Schaffhauser Altstadt wurde 1361 erstmals als "Neuturm" urkundlich erwähnt. Es bildete gegen die Schwaben den Nordabschluss der mittelalterlichen Stadtbefestigung. ;<p>Heute gelangt man durch das Schwabentor in die Vorstadt. Auf der westlichen Seite des Schwabentors ist noch ein St&uuml;ck der alten Stadtmauer mit Wehrgang und dem Finsterwaldturm als Eckturm erhalten geblieben. Weit &uuml;ber Schaffhausen hinaus bekannt wurde der Spruch des Kunstmalers Arnold Oechslin, welcher seit 1935 am Schlussstein des n&ouml;rdlichen Torbogens prangt: "Lappi tue d'Auge uf". Der Stadtrat hat den Entwurf aus vier Vorschl&auml;gen ausgew&auml;hlt. Zwischen dem Spruch und dem Schwabentor besteht kein geschichtlicher Zusammenhang.</p>;8.635424802483394;47.69969825;Vorstadt 3;8200;Schaffhausen;[{'@type': 'ImageObject', 'contentUrl': 'https://ostpimtsoch.sos-ch-dk-2.exoscale-cdn.com/catalog/a/e/a/4/aea43d7f85c8b2d5240a120ee7b63ca3a8df7c56_eaa799cb866f0c26b942c1db5543d15d.jpeg'}];2026-01-09T19:41:31+01:00
450c2f22-606b-4411-bc8e-e73b1b1d8123;Schillerglocke;Die 4,5 Tonnen schwere Schillerglocke wurde 1486 gegossen und läutete bis 1895 als grösste Glocke des Münsters zu Allerheiligen. ;<p>Friedrich Schiller verwendete ihre Inschrift als Motto f&uuml;r sein ber&uuml;hmtes Gedicht &laquo;Das Lied der Glocke&raquo;.</p>;8.6365799;47.695058;Klosterstrasse 19;8200;Schaffhausen;[{'@type': 'ImageObject', 'contentUrl': 'https://ostpimtsoch.sos-ch-dk-2.exoscale-cdn.com/catalog/b/c/5/6/bc5624dab6713595ef0b1b35adfe645f077e5efa_b92c6064d191424da30cfc0500ce30cc.jpeg'}];2026-01-09T19:41:31+01:00
4b5a72dd-ae1a-42ca-9d86-7ab6309ef2d5;Schleitheimer Dorfbach;Der Dorfkern reizt mit seinen Fachwerkhäusern und wird dazu vom Dorfbach geprägt, der mitten durch Schleitheim fliesst, der über den Sommer mit Geranien und in der Adventszeit mit Christbäumen schön geschmückt wird.;8.4822673;47.7481907;8226;Schleitheim;[{'@type': 'ImageObject', 'contentUrl': 'https://ostpimtsoch.sos-ch-dk-2.exoscale-cdn.com/catalog/e/f/2/5/ef25a0927b4dba2d3ccf3c82ad412d4309d5bd9f_692eeb11db2269beb1032e1f4573104d.jpg'}];2025-02-17T12:53:53+01:00
4c724441-b461-4883-9b0c-e9f1382b624a;Romantische Vollmondfahrt auf den Säntis;Unvergleichliche Abendfahrten auf den Säntis im Vollmondlicht.;<p>Das Bergpanorama im stimmungsvollen Mondschein geniessen. An jedem Vollmondabend findet auf dem Gipfel ein festliches Vollmondbuffet statt, begleitet von musikalischer Unterhaltung.</p><p>Die genauen Daten sind im Eventkalender auf der Webseite der S&auml;ntis-Schwebebahn AG zu finden: <a href="https://saentisbahn.ch/erlebnis/agenda/event-kalender/">https://saentisbahn.ch/erlebnis/agenda/event-kalender/</a></p><p>Bergfahrten erfolgen von 18.00 bis 19:30 Uhr,&nbsp;<br>Talfahrten starten ab 21.00 bis 23.00 Uhr.</p><p class="MsoNormal"><strong>Wichtige Information: Die S&auml;ntis-Schwebebahn ist infolge Erneuerung der Bahn vom 1. Mai bis Sp&auml;therbst 2026 eingestellt.</strong></p><p class="MsoNormal"><strong>Das &laquo;S&auml;ntis &ndash; das Hotel&raquo; und die Restaurationsbetriebe auf der Schw&auml;galp sind durchgehend f&uuml;r Sie ge&ouml;ffnet.</strong></p>;9.3432366;47.2493844;-;9107;Schwägalp-Säntis;+41 71 365 65 65;kontakt@saentisbahn.ch;https://saentisbahn.ch/;[{'@type': 'ImageObject', 'contentUrl': 'https://ostpimtsoch.sos-ch-dk-2.exoscale-cdn.com/catalog/5/5/5/d/555d42ed127dd8dd060668a2a44a94e4615be417_fd3e899c5a67eb5a0eb71953348887d2.jpg'}];2026-05-05T18:11:42+02:00
5306975d-5d96-43e3-bbc7-525d8e0aae64;Strandwirtschaft Schlössli;Ob nach einem Spaziergang mit der Familie, einer SUP-Session, zum geselligen Beisammensein oder einfach so. Die Strandwirtschaft Schlössli bietet eine Oase zum puren Geniessen.;Die Strandwirtschaft Schlössli liegt direkt neben der Schiffsanlegestelle und bietet damit die perfekte Gelegenheit, dem regen Geschehen auf dem Bodensee zuzusehen. 

In der geselligen Runde geniesst man im Schössli eine feine Tavolata mit verschiedenen Fisch- und Fleischspezialitäten. Auch vegetarische Gerichte und leckere Salatkombinationen stehen auf der Speisekarte. ;9.2098597;47.6440984;Seestrasse 50;8598 ;Bottighofen;+41 71 688 90 92;info@strandwirtschaft.ch;[{'@type': 'ImageObject', 'contentUrl': 'https://ostpimtsoch.sos-ch-dk-2.exoscale-cdn.com/catalog/1/9/8/5/19853c7fdbe2d9c6532f10761fd1025baa4b0ecb_349b0448c426e30a176a22e882cb8fb4.jpg'}];2025-07-24T21:23:17+02:00
538cadbe-5fc0-4c20-bd38-b8fcea5fbcdd;Bibliothek Hauptpost;Die Bibliothek Hauptpost bietet schnellen Zugang zu Information und Wissen.;Die Bibliothek Hauptpost befindet sich im Postgebäude direkt am Bahnhof St.Gallen und bietet schnellen Zugang zu Information und Wissen. Hier kann der Durst nach Unterhaltung, nach Kultur, nach Aus- und Weiterbildung, nach wissenschaftlichen Arbeiten, aber auch Begegnung und Austausch gestillt werden. Die Kantonsbibliothek Vadiana und die Stadtbibliothek St.Gallen präsentieren hier rund 100'000 Medien und laden zu Veranstaltungen ein.;9.370270371437075;47.42262515669229;Gutenbergstrasse 2;9000;St.Gallen;+41 582290990;info@bibliosg.ch;https://bibliosg.ch;[{'@type': 'ImageObject', 'contentUrl': 'https://ostpimtsoch.sos-ch-dk-2.exoscale-cdn.com/catalog/5/6/3/4/56345a1378d96a5bd61d3d6e63446dd59cddd6df_6a216dc3f2c44b031a656296361787d2.JPEG'}];2026-06-16T20:35:33+02:00
546bac57-e8fc-45ea-804a-539c3060a663;Sonne;Erstmals erwähnt 1448. Gefälliger, auskragender Fachwerkaufbau von 1659. Zuerst wurde das Gebäude nur als Wohnhaus genutzt, später ab 1512 auch als Gast- und Wirtshaus. Auffällig ist ein massiver Holzerker ohne Untersatz. 
Die Bemalung um 1900 von C. Schmidt mit der Begegnung zwischen Alexander dem Grossen und Diogenes („Geh mir aus der Sonne“) spielt auf den Hausnamen an. Behäbige gotische Balkendecke im 1. und leuchtende Rokoko-Täfelung im 2. Obergeschoss.;8.859016181828192;47.65933465;Rathausplatz 13;8260;Stein am Rhein;[{'@type': 'ImageObject', 'contentUrl': 'https://ostpimtsoch.sos-ch-dk-2.exoscale-cdn.com/catalog/5/c/1/a/5c1af069e7e98561c339b56de603ad9450ec3e18_da23800b18f361957463ae119bcab98a.jpeg'}];2025-03-31T18:50:39+02:00
56c45382-d6ab-4627-9e50-53a351308581;OFFCUT St.Gallen;OFFCUT zeigt, wie spannend Wiederverwertung sein kann – mit einem reichen Sortiment an Stickereien, Stoffen und anderen Restmaterialien.;<p class="MsoNormal">Im OFFCUT-Materialmarkt in St.Gallen werden gebrauchte und &uuml;bersch&uuml;ssige Werkstoffe gesammelt, sortiert und zu g&uuml;nstigen Preisen weiterverkauft. Auch hochwertige Textilien und Stickereien aus der Ostschweiz sind hier zu finden. Diese Sch&auml;tze werden neben Holz, Papier, Metall, Kunststoffen und vielem mehr angeboten &ndash; ideal f&uuml;r kreative Projekte mit Nachhaltigkeitsanspruch. F&uuml;hrungen, Workshops und die Vermietung der vielseitigen R&auml;umlichkeiten machen OFFCUT auch f&uuml;r Kurse, Projektwochenauftakte, Geburtstage oder Weiterbildungen zu einem inspirierenden Ort der Wiederverwendung.</p>;9.354078;47.419895;Ulmenstrasse 5;9000;St.Gallen;0765049480;st.gallen@offcut.ch;http://www.offcut.ch/;[{'@type': 'ImageObject', 'contentUrl': 'https://ostpimtsoch.sos-ch-dk-2.exoscale-cdn.com/catalog/f/4/8/5/f4856d2593faa4cbcf702dca6d7fbd0f2db7b1d6_ea9faae85d658799847e9911aaa4e0cc.jpg', 'caption': {'de': 'OFFCUT St.Gallen Eingang'}}];2026-06-16T20:35:33+02:00
5f6dfdb8-157e-430c-88b7-cb3206b894fa;Untertor;Das Untertor markiert die Altstadt von Stein am Rhein und zählt zu den eindrucksvollsten Stadttoren der Region. Mit seinem markanten Turm und den gut erhaltenen Mauern erinnert es an die bewegte Geschichte der Stadt.;<p><span data-teams="true">Der Turm, auch Zeitturm genannt, wurde erstmals 1367 erw&auml;hnt und bewachte die wichtige Verkehrsstrasse zum Hegau. Wie alle Stadttore erhielt er 1520 einen zwingerartigen Vorbau mit Fallt&uuml;r. Bei der Bombardierung 1945 wurde er zerst&ouml;rt und anschliessend originalgetreu wieder aufgebaut.</span></p>;8.85772405257506;47.66084565;Undertor 1;8260;Stein am Rhein;[{'@type': 'ImageObject', 'contentUrl': 'https://ostpimtsoch.sos-ch-dk-2.exoscale-cdn.com/catalog/2/5/7/c/257c505fa9607646fcc4080503c983879002d1c9_d0f7fec5c2dc185385f79a0bf0e4af0e.jpg'}];2025-10-28T19:03:31+01:00
63a1c040-5ca2-4691-8959-4732391badbc;Reitschule für Kinder und Erwachsene / geführte Ausritte im Toggenburg;Ob Reitstunden auf Schulpferden, geführte Ausritte oder Bodenarbeitskurse – bei uns finden Pferdefans jeden Alters ein passendes Angebot.;<p>Auf unserem modernen Sandplatz in Dietfurt SG bieten wir pferdebegeisterten Kindern und Erwachsenen Reitstunden auf gut ausgebildeten Schulpferden an.<br>Zudem k&ouml;nnen auch gef&uuml;hrte Ausritte ins Gel&auml;nde oder Bodenarbeitskurse gebucht werden.</p>
<p>Weitere Informationen zu unseren Angeboten, Preisen und Kursen finden Sie auf unserer Website unter:<br><a href="https://kutschenfahrten-scherrer.ch/Reitschule/">www.kutschenfahrten-scherrer.ch</a>, Rubrik&nbsp;<strong>Reitschule</strong>.</p>;9.0767387;47.3438857;Eichli, 680;9615;Dietfurt;078 823 02 70;ramaechler1@gmail.com;https://www.kutschenfahrten-scherrer.ch;[{'@type': 'ImageObject', 'contentUrl': 'https://ostpimtsoch.sos-ch-dk-2.exoscale-cdn.com/catalog/e/8/c/8/e8c87529f5f4482f0c114f9889c172647c67c9d0_3d5e4f976c1d5370ba2b319d9c7fc648.jpg'}];2025-08-14T19:16:30+02:00
692de842-1388-40aa-ace5-14de82b680ca;Fronhof;<p>Ersterwähnung 1398. Hier brach 1668 wegen einer im Bett pfeifenrauchenden alten Frau ein Brand aus, der sieben Häuser zerstörte. Kecker, gewinkelt vorkragender Riegelbau.</p>;8.858887080150886;47.66097725;Fronhof;8260;Stein am Rhein;[{'@type': 'ImageObject', 'contentUrl': 'https://ostpimtsoch.sos-ch-dk-2.exoscale-cdn.com/catalog/8/a/f/6/8af60d904b72c57d39812512928ea4473ed09a09_66309539a99fffded42a7f74296423a6.jpg'}];2025-05-05T18:50:53+02:00
69d40478-c2ec-44de-86be-6e9d16af4cde;Highland Games - lustiger Gruppenausflug mit Action und Spass;Highland Games – der unvergessliche Teamevent beliebt als Firmenausflug, Junggesellenabschied oder Vereinsausflug;<p><strong>Erleben Sie echte schottische Abenteuer: </strong></p><p>Mit den spassigen <strong>HighlandGames</strong> k&ouml;nnen Sie Ihre G&auml;ste in die Berge Schottlands versetzen und endlich das Geheimnis l&uuml;ften, was der Schotte denn so unter seinem Rock tr&auml;gt...</p><p>Gemeinsam mit Ihrem Team k&auml;mpfen Sie um wichtige Punkte f&uuml;r den Gesamtsieg in dieser Meisterschaft. Welches Team hat die Nase vorn beim Balkenweitwurf, punktet beim&nbsp;<a title="Bogenschiessen als Teamevent" href="https://www.rafters.ch/ausflugsideen/ostschweiz/pfeilbogenschiessen/index.html" target="_blank" rel="noopener">Pfeilbogenschiessen</a> oder <a title="Wettschiessen testen Sie Ihre Treffsicherheit" href="https://www.rafters.ch/ausflugsideen/ostschweiz/wettschiessen/index.html" target="_blank" rel="noopener">Axtwerfen</a>, f&auml;ngt die meisten H&uuml;hner ein und holt die Gegner reihenweise vom Balken?</p><p><br>Ob als actionreiches Outdoor-Event oder als unterhaltsamer Programmpunkt f&uuml;r Ihren Betriebsausflug: Die Highland Games bringen Teams jeder Gr&ouml;&szlig;e ins Schwitzen, Lachen und Jubeln. Ideal f&uuml;r Unternehmen, die ein au&szlig;ergew&ouml;hnliches Event mit hohem Erlebniswert suchen.</p><p><strong>Ein Auszug aus unseren Posten:</strong><br>Die Posten bei unseren HighlandGames trainieren Ihre Lachmuskeln und f&ouml;rdern den Teamgeist<br><br><strong>Tauziehen&nbsp;</strong>- nur wer gemeinsam am Strick zieht kann hier gewinnen<br><strong>Baumstamm Weitwurf</strong> - die richtige Technik macht die Weite<br><strong>Axt werfen&nbsp;</strong>- als echter Highlander treffen Sie den Stamm sicher in der Mitte<br><strong>Balkenpolka&nbsp;</strong>- hier wird das Gleichgewicht gefordert<br><strong>Baumstamm Parcour</strong> - im Gleichschritt wertvolle Punkte holen<br><strong>wenn H&uuml;hner fliegen lernen&nbsp;</strong>- ist der Schotte am Rotieren...<br><strong>Hammerwurf</strong>&nbsp;- nicht Kraft sondern Geschicklichkeit bring hier die Punkte<br><strong>Strohsack-Weitwurf&nbsp;</strong>- mit dem richtigen Schwung gibt ordentlich was aufs Punktekonto<br><strong>Clan-Rapp</strong> - welcher Clan komponiert die beste Erkennungsmelodie</p><p>Schafft es Ihr Team bis ins Finale und kann mit dem SchottenRapp nochmals richtig Gas geben und und holt sich so den begehrten Sieg? Dieser Teamevent trainiert die Lachmuskel, befl&uuml;gelt den Geist und wird Ihren G&auml;sten mit Sicherheit noch lange in Erinnerung bleiben</p><p><strong>Event-Ort:</strong> in der ganzen Ostschweiz m&ouml;glich</p><p><strong>unsere Empfehlung:</strong> Alp Habergschw&auml;nd auf dem Kerenzerberg hoch &uuml;ber dem Walensee</p>;9.124660491943361;47.10397047446817;Habergschwändstrasse 10;8757;Filzbach;+41438885300;info@rafters.ch;https://www.rafters.ch/ausflugsideen/ostschweiz/highlandgames/index.html;[{'@type': 'ImageObject', 'contentUrl': 'https://ostpimtsoch.sos-ch-dk-2.exoscale-cdn.com/catalog/b/c/6/f/bc6f2730ed06420d7cf230fccc1bfe1dee9f92e5_6ed02660e988703c4d078f48aa934f65.jpg'}];2026-03-03T21:10:42+01:00
6bf28206-9e8f-482a-a4b7-d7625c2b02a1;Wettschiessen - die Idee für Ihren Firmenausflug;Robin Hood lässt grüssen – Schiesswettkampf mit Spass;<div class="paragraph"><p>Wer hat nicht als Kind davon getr&auml;umt, ein echter Robin Hood zu sein? Jetzt ist die Zeit gekommen, diese Tr&auml;ume wahr werden zu lassen! Wir laden Sie zu einem geselligen Schiesswettkampf ein, bei dem nicht nur treffsichere Helden gesucht werden, sondern auch der Spa&szlig; und die Gemeinschaft im Mittelpunkt stehen.<br><br><strong>Der perfekte Mix aus Wettbewerb und Nostalgie</strong><br>Erinnern Sie sich noch an die Abenteuer, bei denen Pfeil und Bogen eine grosse Rolle spielten? Bei uns k&ouml;nnen Sie diese Kindheitstr&auml;ume wieder aufleben lassen &ndash; nur diesmal mit echten Herausforderungen. Unsere Schiessanlagen sind bereit, Sie in verschiedenen Disziplinen herauszufordern:<br><br><strong>Pfeil und Bogen:</strong>&nbsp;Finden Sie Ihre innere Ruhe und treffen Sie ins Schwarze!<br><strong>Armbrust:&nbsp;</strong>Pr&auml;zision und Power &ndash; der Klassiker f&uuml;r jeden Zielsportfan.<br><strong>Blasrohr:</strong> Wer h&auml;tte gedacht, dass dieser uralte Sport so viel Spass machen kann?<br><strong>Steinschleuder:</strong>&nbsp;Wie fr&uuml;her auf dem Schulhof, nur mit professionellem Zieltraining.<br><strong>B&uuml;chsenwerfen:&nbsp;</strong>Treffgenauigkeit trifft auf ein bisschen Chaos &ndash; immer ein Highlight!<br><strong>Axtzielwurf:&nbsp;</strong>F&uuml;r die wahren Abenteurer &ndash; werfen Sie sich mitten ins Geschehen.<br><br>Wer denkt, dass dies nur etwas f&uuml;r die Jungs ist, wird &uuml;berrascht sein. Unsere Erfahrung zeigt: Die Damen trumpfen oft mit einer ruhigen Hand und messerscharfer Pr&auml;zision auf. So manche Siegesserie wurde von einer Robin-Hood-Dame durchbrochen &ndash; mit Stil!<br><br><strong>Gemeinsam unvergessliche Momente erleben</strong><br>Das Beste an diesem Wettkampf? Es geht nicht nur um den Titel &bdquo;Bester Robin Hood&ldquo;, sondern auch um das Miteinander. Fachkundige Betreuung, lockere Stimmung und jede Menge Gelegenheiten zum Lachen sorgen daf&uuml;r, dass alle auf ihre Kosten kommen &ndash; egal ob Scharfsch&uuml;tze, Neuling oder einfach nur neugierig.</p></div>;9.124596118927004;47.10400958858034;Habergschwändstrasse 10;8757;Filzbach;043 888 53 00;info@rafters.ch;https://www.rafters.ch/teamevents/vereinsausflug/index.html;[{'@type': 'ImageObject', 'contentUrl': 'https://ostpimtsoch.sos-ch-dk-2.exoscale-cdn.com/catalog/b/0/e/f/b0ef49498c686e8c93c1be926aab4438f0476cf0_e61372feac48c01d0e8e776b7a1edc1e.jpg'}];2026-03-03T21:10:42+01:00
6c263c8f-e0d6-4f6a-9f7c-874f976b244c;Haus zum Ritter;Das Haus zum Ritter ist eines von drei noch erhaltenen bemalten Häusern in der Stadt Schaffhausen. ;<p>Fr&uuml;her gab es etwa zehn solch bemalte H&auml;user - ein bemaltes Haus war Zeichen von Wohlstand. Der Ritter ist eines der sch&ouml;nsten H&auml;user der Stadt und die Malereien gelten als die bedeutendsten Renaissancefresken n&ouml;rdlich der Alpen. Urspr&uuml;nglich waren es zwei H&auml;user. Dies wird sichtbar, wenn man die linke Haush&auml;lfte mit der rechten Haush&auml;lfte vergleicht. Die Fenster sind asymmetrisch angeordnet und ungleich gross. Umgebaut 1566 durch Ritter Hans von Waldkirch, der 1568/70 die Fassadenbemalung von dem ber&uuml;hmten Schaffhauser Maler Tobias Stimmer ausf&uuml;hren liess. Originalfresken 1938/39 und 1943 von Carl Roesch, Diessenhofen, im Sinn und Geist von Tobias Stimmer meisterhaft neu erstellt.</p>;8.634899207145345;47.6962072;Vordergasse 65;8200;Schaffhausen;[{'@type': 'ImageObject', 'contentUrl': 'https://ostpimtsoch.sos-ch-dk-2.exoscale-cdn.com/catalog/f/2/6/0/f2607eac7671c0d73f96feaf0eed98df9c71e285_71fb1a1ebf39a967af85794d0c5f80aa.jpg'}];2026-01-08T19:40:20+01:00
6e9b6fdd-62cc-40f8-bef0-30f7b8b08a84;Lohr Wassersport;Lohr Wassersport bietet SUP-Sessions, Kurse und beste Ausrüstung dazu. ;Stand Up Paddling (SUP) bietet ein ausgewogenes Training für den ganzen Körper. Auch wenn du es nur einmal ausprobieren möchtest, ist dieser Sport ein Erlebnis. Unabhängig von Alter, Können und persönlichem Fitnesslevel ist SUP für alle Personen geeignet. Lohr Wassersport bietet dazu passende Vermietung, Kurse und gemeinsame SUP-Sessions an.;9.19804131630271;47.6471903;Fischerhausstrasse;8280 ;Kreuzlingen;+41 79 405 82 15;http://lohrsport.ch/project/stand-up-paddling/;[{'@type': 'ImageObject', 'contentUrl': 'https://ostpimtsoch.sos-ch-dk-2.exoscale-cdn.com/catalog/7/1/7/9/71795e083487965661d519199b8d7ac31f2da00b_27d4a2a8e38f24fa376639e5fe17f00a.png'}];2025-07-24T21:23:17+02:00
70a4d632-c837-40d8-b433-18d98421fa43;Theater Trouvaille;Entdecke das Theater Trouvaille in St. Gallen! Der Name ist Programm: Als „glücklicher Fund“ bietet die charmante Bühne (ehem. Parfin de Siècle) unter Matthias Flückiger besondere Kulturperlen in intimer Atmosphäre. Ein verstecktes Juwel für echte Theaterfans.;<p data-path-to-node="6">Wenn du das Besondere suchst, musst du manchmal etwas genauer hinschauen. Das <strong data-path-to-node="6" data-index-in-node="78">Theater Trouvaille</strong> in St. Gallen ist genau so eine Entdeckung. 1997 von Arnim Halter und Regine Weingart als &laquo;Parfin de Si&egrave;cle&raquo; ins Leben gerufen, steht das Haus seit &uuml;ber 25 Jahren f&uuml;r tiefgr&uuml;ndige Inszenierungen, die dich in den Bann ziehen.</p><p data-path-to-node="7">Seit der Schauspieler Matthias Fl&uuml;ckiger das Ruder &uuml;bernommen hat, weht ein frischer Wind durch die R&auml;ume. Mit dem Namenswechsel im Jahr 2022 zu &laquo;Trouvaille&raquo; &ndash; franz&ouml;sisch f&uuml;r einen gl&uuml;cklichen Fund oder eine wertvolle Entdeckung &ndash; wurde ein neues Kapitel aufgeschlagen. Das Theater hat sich von der reinen Fixierung auf die Jahrhundertwende gel&ouml;st und &ouml;ffnet sich neuen, vielschichtigen Stoffen, ohne seinen pers&ouml;nlichen und exklusiven Charakter zu verlieren.</p><p data-path-to-node="7">Ein bedeutsamer Ort f&uuml;r die Theater- und Kulturszene in St.Gallen - mit Theaterst&uuml;cken, Lesungen und Musikprogrammen.</p>;9.377237000000036;47.42173460000001;Mühlensteg 3;9000;St. Gallen;+41 71 245 21 10;info@theater-trouvaille.ch;https://theater-trouvaille.ch/;[{'@type': 'ImageObject', 'contentUrl': 'https://ostpimtsoch.sos-ch-dk-2.exoscale-cdn.com/catalog/2/6/e/a/26ea24cc91f8a3a8c07afced625f955bf83ae667_300db5e79d9270baca31f436ca87c5fe.png'}];2026-06-16T20:35:33+02:00
70ac280f-a9d1-4809-960f-b0438de93f1c;Grillstelle und Badestelle Mündung Thur und Necker;Ein lauschiges Badeplätzchen, bei Einheimischen äusserst beliebt, verbirgt sich in der Schlucht bei Lütisburg, wo Thur und Necker zusammenfliessen.;Den Ausflug an den wunderschönen, ruhig gelegenen Badeplatz muss man sich verdienen. Ein kleiner Fussmarsch ist unumgänglich, wer das Flussufer erreichen will. Von der Hauptstrasse, die Lütisburg und Ganterschwil verbindet, führen gekieste Strässchen hinunter zum Fluss. Besser gesagt: zu den Flüssen. Denn hier mündet der wilde Necker in die breite Thur. An deren Ufer gibt es etliche Plätze zum Verweilen, zum Bräteln. Wenn die Flüsse nicht viel Wasser führen, ist das Bett breit und einfach zugänglich. 
Auf dem Weg zum Fluss liegt die historische Holzbrücke Letzibrücke. Hier befinden sich eine Grillstelle und Mülleimer, oft wird im Sommer ein mobiles Toilettenhäuschen aufgestellt. Infotafeln geben Auskunft über das Naturschutzgebiet. Respekt und Rücksichtnahme auf die schöne Natur sind eine Selbstverständlichkeit.;9.08172;47.39095;9604;Lütisburg;+41 71 999 99 11;info@toggenburg.swiss;https://toggenburg.swiss;[{'@type': 'ImageObject', 'contentUrl': 'https://ostpimtsoch.sos-ch-dk-2.exoscale-cdn.com/catalog/b/d/2/c/bd2c2e15500a79399148be71e4153fe82d9dd138_c3561b8e7f448c5917122502f6e7718d.jpg'}];2026-02-26T19:28:50+01:00
7b4754e3-1442-44cd-8212-60c5d7eddbf5;Hexenturm;Auch Diebesturm genannt.;<p>Der Turm wurde im 14. Jahrhundert errichtet und war<strong>&nbsp;</strong>damals ein Eckturm der Stadtmauer. Sp&auml;ter wurde er zu einem Verlies umfunktioniert. Der Zinnenkranz wurde zu einer Fensterreihe umgebaut, und der Turm bekam ein Dach. Der Eingang an der Nordseite lag f&uuml;nf Meter &uuml;ber dem Boden.</p><p>Der erste nachweisbare Hexenprozess in Stein am Rhein datiert auf das Jahr 1512 gegen Anna Beringer. Als letzte Hexe wurde in Stein am Rhein Katharina Albrecht im Jahr 1667 hingerichtet. Der Hexenglaube hielt jedoch noch lange an. Im Jahr 1783 stellte der Rat eine Untersuchung gegen vier M&auml;nner an, die wegen Zauberei und Hexerei verd&auml;chtigt, jedoch freigesprochen wurden. Insgesamt waren es 17 Personen, die in Stein am Rhein der Hexerei beschuldigt und hingerichtet wurden.</p><p>Bis um 1800 wurde der Turm als Gef&auml;ngnis genutzt.</p>;8.856827000662875;47.660413750000004;Choligass 12 (Bei der Schifflände);8260;Stein am Rhein;[{'@type': 'ImageObject', 'contentUrl': 'https://ostpimtsoch.sos-ch-dk-2.exoscale-cdn.com/catalog/9/3/9/f/939f02148fafaaf7220136722d42178d2d1f3066_7e82d6cff0667238c51b9ff97be98b98.jpg'}];2026-02-09T19:41:35+01:00
7b779cc8-91e6-490e-86d4-faf9622f24fb;Appenzeller Park;Der Lieblingsfreizeitpark im Appenzeller Land.;<p class="MsoNormal">Der Appenzeller Park bietet aussergewöhnliche Erlebnisse für
jedes Alter und jedes Level. Zu erleben gibt es den gigantischen, 800 Tonnen
schweren Minenbagger, 2300 m² Spielspass mit doppelt so vielen Spielgeräten als
in anderen Indoor-Spielplätzen, pure Action im Kletterparcours Clip'n Climb, die
hochwertige Kletter- und Boulderhalle oder den einen oder anderen Adrenalinkick
mit den Erlebnisrutschen. <o:p></o:p></p>

<p class="MsoNormal">Sollte die Gäste in all den aufregenden Erlebnissen der
grosse oder kleine Hunger packen, bieten die separierten 5-Sterne-Bistros im
Indoor-Spielplatz und in der Kletterhalle die ideale Stärkungs- und
Erholmöglichkeit mit leckeren Snacks, herzhaften Speisen und erfrischenden
Getränken. Die Räume sind zudem schalldicht und im Sommer wie im Winter
kontinuierlich frisch belüftet – genau so, damit sich Gross und Klein wohlfühlen.&nbsp;<o:p></o:p></p>;9.269369224573303;47.389611450000004;Hölzlistrasse 10;9100;Herisau;+41 71 544 99 77;anna.haemmerle@kernconcept.ch;https://appenzellerpark.ch/;[{'@type': 'ImageObject', 'contentUrl': 'https://ostpimtsoch.sos-ch-dk-2.exoscale-cdn.com/catalog/1/9/d/1/19d11b10c91223ac4702821a50fb6b8ba192fbb9_0674debe2c640d0183dd33b275e73275.jpg'}];2025-02-17T12:04:24+01:00
812c6228-58ef-4c44-8d93-8d9ae594ccda;Rheinfall;Der Rheinfall bietet ein grandiose Schauspiel des grössten Wasserfalls Europas.;<p>Vor 17'000 Jahren entstand das imposante Naturschauspiel und wurde zum Hauptanziehungspunkt f&uuml;r unz&auml;hlige Besucher aus aller Welt. Auf einer Breite von 150 m st&uuml;rzen jede Sekunde 700'000 Liter Wasser tosend &uuml;ber eine Klippe von 23 m H&ouml;he. Das Besteigen des Felsens geh&ouml;rt mit der Bootsfahrt im Rheinfallbecken zu den unvergesslichen Erlebnissen eines jeden Besuchers.</p>;8.6153284;47.6778348;Rheinfallquai;8212;Neuhausen am Rheinfall;info@rheinfall.ch;http://www.rheinfall.ch/;[{'@type': 'ImageObject', 'contentUrl': 'https://ostpimtsoch.sos-ch-dk-2.exoscale-cdn.com/catalog/d/4/7/3/d4736f43fe124bb3e3a99b0fd921fdaf741fef3e_34ede1edbb0ac22b6909d4df15f3d646.jpg'}];2026-01-08T19:55:14+01:00
82d07b7c-3b6e-4364-b57f-bd60cdc0c42a;THOMIS Schoggikreationen Manufaktur;THOMIS Schoggi Kreationen aus Schaffhausen mit dem gewissen Etwas...
machen Glücklich und passt zu jedem Anlass das ganze Jahr...
Einfach himmlisch gut!;Alle Schoggi Spezialitäten sind Eigenkreationen mit Liebe zum Detail handgemachte Pralines &amp; Truffés und Schaffhauser Spezialität die Schaffhuuser Spatzen mit dem Original Munot Spatzen.

Jedes Stück ist ein Unikat.

Bei mir werden keine künstlichen Konservierungsstoffe und zusätzlichen Butter und Zucker dazugegeben. Ausser es enthalten bereits in den Rohstoffen enthaltene Stoffe. Das Rohmaterial wird immer frisch nach Möglichkeit aus der Region oder aus der Schweiz verwendet. Die Schokolade ist aus bester Edler Schweizer Grand Cru Couverture wie auch die Liköre &amp; Spirituosen sind ausschliesslich mit edlen Marken aus der Schweiz &amp; aus Regionalen Eigenbränden von der Distillerie Zimmerli Hans Zimmerli, 8215 Hallau hergestellt. 
Damit die Frische aller Produkte garantiert ist werden immer nur kleinere Mengen hergestellt. Alle Schoggi Kreationen sind Naturbelassene Produkte und haben somit eine begrenzte Haltbarkeit.

Ich habe keinen Verkaufsladen. Meine Schoggi-Spezialitäten können Sie bei meinen Geschäftspartnern in Ihren Verkaufsläden kaufen. (Sehen Sie auf der Rückseite vom Flyer unter Geschäftspartner & Empfehlungen.)

Die Produkte werden auch direkt von mir an den Kunden ausgeliefert oder auf Wunsch bei kühleren Tagen (bis 15°-18°C) per Post versenden.
Auf Wunsch und Voranmeldung können die Kreationen bei mir in der Produktion auch abgeholt werden.

Meine Geschäftspartner und ich, THOMIS Schoggikreationen Manufaktur freuen sich auf Ihren Besuch und Einkauf.

Bis Bald
Ihre THOMIS Schoggikreationen Manufaktur aus Schaffhausen mit dem gewissen Etwas...

NEU auch auf Instagram: @thomisschoggikreationen;8.645208632060285;47.71543615;Steingutstrasse 32;8200;Schaffhausen;+41 76 340 69 88;thomisschoggikreationen@bluewin.ch;https://www.schoggitraumkreationen.ch;[{'@type': 'ImageObject', 'contentUrl': 'https://ostpimtsoch.sos-ch-dk-2.exoscale-cdn.com/catalog/9/4/9/6/9496d60d00bce5588b8b750a20ae20e110143016_2ac79aa1b3af8688327ed7faf5984cd9.jpeg'}];2025-09-08T18:56:43+02:00
84051462-0548-4390-aee6-3ab283be9e87;Bürgerasyl;Das Bürgerasyl ist ein historisches Gebäude in der Altstadt von Stein am Rhein und zeugt von der sozialen Fürsorge vergangener Jahrhunderte.;<p>Das Klosterspital entstand vermutlich im 13. Jahrhundert. Im Zuge des politischen Wandels ging das Spital 1476 an die Stadt &uuml;ber und wurde in der Folge stark ausgebaut. Das ehemalige Spital zum Heiligen Geist umfasst f&uuml;nf um einen Hof gruppierte Geb&auml;ude, die die historische Entwicklung vom mittelalterlichen Klosterspital &uuml;ber das st&auml;dtische Spital bis hin zum Armen- und Waisenhaus widerspiegeln.</p><p>Die Geb&auml;ude wurden von 1999 bis 2002 unter gr&ouml;sstm&ouml;glicher Erhaltung der originalen Bausubstanz und mit viel Geschmack restauriert. Heute beherbergen sie stilvolle Sitzungs- und Veranstaltungsr&auml;ume f&uuml;r die Stadt und die &Ouml;ffentlichkeit, die zur Vermietung frei stehen. Zudem befinden sich hier das Stadtarchiv, rollstuhlg&auml;ngige Wohnungen sowie das Tourist Office.</p>;8.8598389;47.6593933;Oberstadt 3;8260;Stein am Rhein;[{'@type': 'ImageObject', 'contentUrl': 'https://ostpimtsoch.sos-ch-dk-2.exoscale-cdn.com/catalog/7/5/a/9/75a94c994801a7ec0250cb4155454e62d2648b36_dbac6ee185e185851eab38588fb4d4a2.jpeg'}];2026-01-21T19:30:48+01:00
84fe53c7-2246-4fb1-b78c-2c025109f3a7;Restaurant Sennästube;Sehen, wie Alpkäse hergestellt wird;Heimelig, gemütliches Restaurant mit direkter Einsicht durch eine Glaswand in die Produktionsräume der Alpkäserei. Gut bürgerliche Küche, Käsespezialitäten und Kindermenus für die kleinen Gäste.  

Im Winter
Der ideale Ausgangspunkt zum Langlaufen sowie für die Hundeschlittentouren. Ausserdem beginnen hier mehrere idyllische Winterwanderwege.

Im Sommer
Ausgangspunkt für diverse Wanderwege ins Wanderparadies Flumserberg. Grosse Gartenwirtschaft mit Kinderspielplatz und wunderschöner Aussicht auf die imposante Bergwelt.;9.287814338148326;47.089852;Alp Tannenbodenstrasse 4;8898;Flumserberg Tannenbodenalp;+41 81 733 00 23;info@sennenstube.ch;https://www.sennenstube.ch;[{'@type': 'ImageObject', 'contentUrl': 'https://ostpimtsoch.sos-ch-dk-2.exoscale-cdn.com/catalog/4/0/e/6/40e62eefa54d5f566988e6030a9a8aec94ebd20d_478326a96f445cbb5a599397d8936af1.jpg'}];2025-02-17T10:29:34+01:00
880d0939-7786-4fd7-9fff-ff9fdd444004;Freizeitpark Niederbüren;Spiel, Sport und Spass auf über 6000 m²!;<p>Der Freizeitpark bietet auf &uuml;ber 6000 m&sup2; Spiel, Sport und Spass f&uuml;r alle Altersklassen. Ein feines Restaurant mit &uuml;ber 200 sonnigen Gartenpl&auml;tzen, die Spielsch&uuml;&uuml;r und die Abent&uuml;&uuml;rw&auml;lt f&uuml;r Kids, die Bowlinganlage und vieles mehr garantieren spannende, abwechslungsreiche Stunden in einem familienfreundlichen Park.</p><p>Die &laquo;Abent&uuml;&uuml;rw&auml;lt&raquo; im Outdoorbereich verf&uuml;gt &uuml;ber einen 11 Meter hohen Rutschenturm im Western-Stil. Eine H&uuml;pfburg, Trampoline, der Spaceball, eine Wasser-/Sandspielanlage sowie eine Spiellandschaft lassen den Besuch zum Erlebnis werden. Die &laquo;Spielsch&uuml;&uuml;r&raquo; ist ein Indoor-Spielplatz mit Trampolinen, Rutschen, Softball-Kanonen, einer Kletterwand uvm.&nbsp;</p>;9.200159311294557;47.46538853496439;Staatsstrasse 17;9246;Niederbüren;+41 71 422 30 01;info@fzp.ch;http://www.freizeitpark-niederbueren.ch;[{'@type': 'ImageObject', 'contentUrl': 'https://ostpimtsoch.sos-ch-dk-2.exoscale-cdn.com/catalog/e/9/3/b/e93bfe78efed8c0349dad60ab8f3ee15393a3348_12480e711601c9a98332bd52f939bd85.jpg'}];2026-08-15T16:30:18+02:00
8e58214d-5267-4ad6-9fe2-da2ba0cdc7de;Alpenhof – Restaurant, Hotel & Bibliothek;Der Alpenhof ist Restaurant, Hotel und Bibliothek – ein inspirierender und wohliger Rückzugs- und Arbeitsort mit Raum für Austausch, Genuss und Erholung. Friedlich, gerne belebt, stets beseelt. Abgelegen auf dem St. Anton in Oberegg/AI auf 1110 Meter über Meer. Mit Blick über das Rheintal und den Bodensee, trifft Weite auf Weile, Alpstein auf Nebelmeer, Ostschweiz auf Übersee.;<p class="MsoNormal">Zum Ap&eacute;ro voraus, ein mehrg&auml;ngiges Men&uuml;, am Wochenende zu Brunch oder Lunch &ndash; im hellen Panoramasaal, draussen auf der Terrasse und mit Sicht auf die Alpen. Zum Schmausen und St&auml;rken &ndash; am liebsten mit Produkten aus der direkten Umgebung, nachhaltig, hausgemacht und in bester Qualit&auml;t getreu der Haltung von Slow Food.</p>
<p class="MsoNormal">Durch die Kombination von Gastronomie, Unterkunft und Arbeitsraum bietet der Alpenhof einen idealen Ort f&uuml;r Teams und Arbeitsgruppen, f&uuml;r Seminare, Kurse oder Retraiten, f&uuml;r Feste und Feiern. Gerne auf Anfrage auch ausserhalb der regul&auml;ren &Ouml;ffnungszeiten.</p>
<p class="MsoNormal">Die Bibliothek im Alpenhof &ndash; f&uuml;r Hotelg&auml;ste stets zug&auml;nglich &ndash; umfasst rund 10&rsquo;400 Titel zu Themengebieten wie Wetter, Geologie, Astronomie, Physik, Literatur, Fotografie, Kunst, Kitsch und Popul&auml;rkultur. Neben der Bibliothek finden sich im ganzen Haus eine Vielzahl Magazine und B&uuml;cher &uuml;ber Kulinarik, Kunst, Design, Stadtentwicklung und Architektur.</p>
<p class="MsoNormal">Pers&ouml;nlich gef&uuml;hrt und gestaltet vom Kollektiv Alpenhof. Dankbar und verbunden in der gemeinsamen Freude an Gastfreundschaft, Kulinarik, Kultur, Handwerk und Nachhaltigkeit.&nbsp;</p>;9.53592435;47.41010455;St. Antonstrasse 62;9413;Oberegg;+41 71 890 08 04;info@alpenhof.ai;https://alpenhof.ai;[{'@type': 'ImageObject', 'contentUrl': 'https://ostpimtsoch.sos-ch-dk-2.exoscale-cdn.com/catalog/6/9/c/3/69c3f48fc2c1d014b906621853735622e4261284_f28bd722cecd16d23de0c56da5c2fd56.png'}];2025-10-28T15:34:57+01:00
9093baaf-8279-4aba-b9f5-b44ad0c6c558;Restaurant Adler;Kulinarische Höhenflüge, die süchtig machen;Das Gourmetrestaurant Adler in Fläsch mit seinen gemütlichen Gaststuben ist ein bezauberndes Haus mit zeitlosem Charme und der Treffpunkt von Gourmets und Weinliebhabern aus der ganzen Welt. 
Siggi Tschurtschenthaler und sein Team sorgen mit herzlichem Service und feinen Köstlichkeiten aus der Küche dafür, dass Sie sich wohlfühlen. Darüber hinaus begeistert Sie Melanie mit edlen Tropfen aus einem der wohl aussergewöhnlichsten Weinkeller der Region.;9.5132443;47.0266975;Krüzgass 2;7306;Fläsch;+41 81 302 61 64;info@adlerflaesch.ch;https://www.adlerflaesch.ch;[{'@type': 'ImageObject', 'contentUrl': 'https://ostpimtsoch.sos-ch-dk-2.exoscale-cdn.com/catalog/1/7/1/0/17100c2e25ba633192218434ff99a82cc431255d_3ba17d6735d890b7d1f6fbf582fadc97.jpg'}];2025-02-17T10:29:34+01:00
910275d4-e4e1-46a7-ab29-b096503862ed;BCB Bleisch Craft Beer;Schon beim Betreten der kleinen aber feinen Brauerei wird einem klar, dass hier ein Brauer mit Leidenschaft am Werk ist. Wer ein normales Bier trinken möchte, ist nicht falsch. Wer etwas Exklusives möchte, ist garantiert richtig.;Der Brauer, Marco Bleisch, lässt einem seine Freude am Bierbrauen ab dem ersten Moment spüren. Er erzählt von Zutaten, dem Brauprozess, anstehenden Projekten und neuen Ideen. Dass man in einer Garage sitzt, geht dabei schnell vergessen. Einen oder zwei Tage pro Woche ist Marco hier anzutreffen. Pro Sud produziert er etwa 300 Liter Bier. Abfüllanlage, Kühlzelle, Gärfass und fruchtbetont mögen einem noch bekannt vorkommen, wenn es um Dry Hopping, Hopfennote oder Porter Bier geht, wird es schon spezifischer. Marco ist ehrlich mit sich selbst und freut sich, wenn ein Bier gelingt. Ein gutes Bier braucht Geduld und gute Lagerung. Der Brauer Bescheidenheit, Begeisterung und Leidenschaft. Auch das Bierbrauen ist herrlich für Marco. Dort findet er einen Ausgleich zum Arbeitsalltag und kann seine kreativen Ideen umsetzen. So entstand zum Beispiel das beliebte Honig-Rosmarin Bier. Deshalb hat er vor rund neun Jahren das Einzelunternehmen «BCB Bleisch Craft Beer» gegründet, das er selbst betreibt. Nicht ohne tatkräftige Helfer natürlich, diese werden in Naturalien, also in Bier bezahlt.;9.34248;47.41139;Moosstrasse 52;9014;St. Gallen;+41 78 897 09 60;marco.bleisch@bluewin.ch;https://www.bleischcraftbeer.ch;[{'@type': 'ImageObject', 'contentUrl': 'https://ostpimtsoch.sos-ch-dk-2.exoscale-cdn.com/catalog/d/1/4/2/d142a4e7b217cf43cbd54c02fb15d1ffe356230c_ac554162e2375887f500d6b90656ecf8.jpg'}];2025-02-17T19:38:12+01:00
9139acaa-0f15-4482-b6ce-a30c96766ad4;Velosafari;Kurzferien mit dem Velocamper.;<div>Starten Sie Ihre nächste Veloreise und haben Sie Ihr Bett stets dabei. Mit dem Velocamper ist genau das der Fall. Denn im eigens dafür konstruierten Cargo E-Bike mit integriertem Zeltaufbau sind Sie bestens ausgerüstet für eine abenteuerliche Reise durch die Ostschweiz. Erleben Sie eine unvergessliche Velotour, vorbei an schier endlosen Rebhängen, malerischen Landschaften und schmucken Dörfern.</div><div><br></div><div>Dabei kann gewählt werden zwischen einer Tour im Schaffhauserland oder dem Thurgau.</div>

Die Velosafari ist zwischen Mai und September buchbar.;8.502173423760137;47.702187968441685;[{'@type': 'ImageObject', 'contentUrl': 'https://ostpimtsoch.sos-ch-dk-2.exoscale-cdn.com/catalog/2/5/5/6/255602ddcd27f148cb9cc08dfe9c2312280173a1_500560a9ea296f2db056a202ec0a9c2d.jpg'}];2025-03-31T18:55:31+02:00
917ebc5d-1429-4ce7-a5bb-77e0492b2555;Klangsein: Wohltuende und regenerierende Entspannung durch Klang.;Die Klangmassage mit Peter Hess®-Therapie Klangschalen
kann je nach Bedürfnis gestaltet werden. ;<p>Die Klangschalenmassage zeichnet sich durch obertonreiche Kl&auml;nge und feine Vibrationen aus, welche unser Nervensystem beruhigen. Die Klangschalen werden sowohl auf, als auch um den bekleideten K&ouml;rper positioniert und mit einem Filzschl&auml;gel sanft zum Klingen gebracht. Die harmonischen, obertonreichen Kl&auml;nge der verschiedenen Schalen erm&ouml;glichen Tiefenentspannung. Die feinen Vibrationen der Schalen bringen die Fl&uuml;ssigkeit im K&ouml;rper zum Schwingen und breiten sich im K&ouml;rper aus, vergleichbar mit den konzentrischen Wellen, die entstehen, wenn ein Stein ins Wasser f&auml;llt. Muskul&auml;re Verspannungen werden sanft gel&ouml;st, Faszien gelockert sowie Durchblutung und Lymphfluss angeregt. Die tiefe Entspannung beeinflusst Atmung, Herzkreislaufsystem, Stoffwechsel und Verdauungssystem positiv. Die Regenerationsf&auml;higkeit des K&ouml;rpers wird so gef&ouml;rdert. Das urspr&uuml;ngliche Vertrauen sowie die K&ouml;rper- und Selbstwahrnehmung werden gest&auml;rkt. Ein Gef&uuml;hl von Entspannung und Leichtigkeit wird erfahrbar &ndash; Wellness f&uuml;r K&ouml;rper, Seele und Geist.</p>;9.30894;47.20253;Nesselhalden 755;9657;Unterwasser;078 767 50 95;info@klangsein.ch;https://klangsein.ch;[{'@type': 'ImageObject', 'contentUrl': 'https://ostpimtsoch.sos-ch-dk-2.exoscale-cdn.com/catalog/5/e/b/6/5eb677d434d9c0edbfd25e912a27c4e3ab259846_501e6aabdee48872e943ff1da7bce77d.JPG'}];2026-02-03T20:37:16+01:00
91fb6a10-e065-4950-9306-0dd37fcd68bd;Engeweiher;Am Engeweiher befindet sich ein gedeckter Sitzplatz mit einer Grillstelle und einem Kinderspielplatz. Das Gebiet rund um den Schaffhauser Weiher wird heute oft für diverse Freizeitvergnügen wie Spazieren oder Joggen genutzt.;<p>Der k&uuml;nstlich angelegte Weiher war 1907 das erste Pumpspeicherwerk der Schweiz und wurde dazumal praktisch in Handarbeit angelegt.&nbsp;</p>;8.607368046406954;47.70217825;Engewaldweg;8200;Schaffhausen;[{'@type': 'ImageObject', 'contentUrl': 'https://ostpimtsoch.sos-ch-dk-2.exoscale-cdn.com/catalog/3/b/1/f/3b1fdcea122477fb737b6c5c5f116ed2b8dd06e7_5114875112fc1ed316a5c290cf995f0d.jpeg'}];2026-01-09T19:41:31+01:00
9800ecdd-da25-4dcd-9199-3feb71542ee6;E-Bike Adventure: Dein Team-Event mit See-Panorama!;Action-Upgrade für dein Team: Entdeckt den Bodensee mit Speed und Style! Wählt euer Match – maximaler Komfort auf unseren vollgefederten E-Fullys oder sportliche Dynamik auf unseren E-Gravel Bikes. Das perfekte Setup für jedes Fitnesslevel!;<p data-path-to-node="4">Vergesst langweilige Wandertage! Wir bringen euch mit Speed und Style durch die Bodensee-Region. Damit jeder auf seine Kosten kommt, haben wir unser Setup f&uuml;r euch gepimpt: W&auml;hlt zwischen unseren&nbsp;<strong data-path-to-node="4" data-index-in-node="196">E-Fullys</strong>, die mit ihrer Vollfederung f&uuml;r maximalen Komfort und Fahrspass auf jedem Untergrund sorgen, oder unseren <strong data-path-to-node="4" data-index-in-node="311">E-Gravel Bikes</strong>, die perfekte Wahl f&uuml;r alle Fitness-Fans, die Bock auf ein sportlich-dynamisches Fahrgef&uuml;hl haben.</p><h2 data-path-to-node="5">Das erwartet euch:</h2><ul data-path-to-node="6"><li><p data-path-to-node="6,0,0">Startschuss im Hafen: Wir treffen uns im charmanten Rorschach. Von dort aus cruisen wir entspannt am Ufer entlang Richtung Naturschutzgebiet Bisew&auml;ldli. Haltet die Augen offen &ndash; mit &uuml;ber 330 Vogelarten ist das hier ein echtes Natur-Highlight.</p></li><li><p data-path-to-node="6,1,0">Reben-Vibe &amp; Panorama: &Uuml;ber Thal geht es mitten hinein in die malerischen Rebberge. Hier geniessen wir die gr&uuml;ne Kulisse, bevor wir den Rorschacherberg in Angriff nehmen.</p></li><li><p data-path-to-node="6,2,0">Power-Up: Keine Sorge wegen der H&ouml;henmeter! Dank massiver Elektro-Unterst&uuml;tzung fliegen wir den Anstieg f&ouml;rmlich hoch. Oben angekommen, belohnt uns der legend&auml;re Schl&ouml;sserrundweg mit einem atemberaubenden Panorama-Blick &uuml;ber den glitzernden Bodensee.</p></li><li><p data-path-to-node="6,3,0">Kultur im Vorbeifahren: Auf dem R&uuml;ckweg zum Seeufer passieren wir das historische Kornhaus &ndash; ein architektonisches Statement aus dem 18. Jahrhundert.</p></li></ul><p data-path-to-node="7">Lasst euch von der Vielfalt am Bodensee begeistern und entdeckt neue Facetten der Region. <strong data-path-to-node="7" data-index-in-node="90">Gemeinsam in die Pedale, fertig, los!</strong></p>;9.493603706359865;47.47876864786605;Hafenpavillon;9401;Rorschach;+41 71 841 61 41;rorschach@st.gallen-bodensee.ch;https://st.gallen-bodensee.ch/de/;[{'@type': 'ImageObject', 'contentUrl': 'https://ostpimtsoch.sos-ch-dk-2.exoscale-cdn.com/catalog/3/9/9/8/39985c9494226ea97ded8270d4819051a15520c9_4e32948630215e0a0018e8b1d545495f.jpg'}];2026-03-26T18:30:41+01:00
980d7f02-ed19-4a41-bbec-a723152d27d9;Sweetwolf Stübli;Ich biete Kochkurse ab 2 Personen ganz individuell. Sowie Events wie Brunch, Menüabende, Veranstaltungen und Catering.;<p class="s4"><span class="s3">GENUSS trifft ERLEBNIS</span></p><p class="s2">Ob Weihnachtsfeier, Jubil&auml;um, Geburtstage oder Versammlungen &ndash; wir verwandeln eurem Anlass ein <span class="s3">unvergleichliches Event</span>. Bei uns gibt&rsquo;s nicht nur <span class="s3">kulinarische Highlights</span>, sondern auch Momente, die<span class="s3">zusammenschwei&szlig;</span><span class="s3">en.</span></p><p class="s2">Unser Angebot f&uuml;r euch:</p><div class="s6"><span class="s5">▪ Kochkurse mit i</span><span class="s3">ndividuellen Men&uuml;s</span> &ndash; von klassisch, vegan, laktosefrei-oder glutenfrei</div><div class="s6">&nbsp;</div><div class="s6"><span class="s5">▪&nbsp;</span><span class="s3">Stimmungsvoller Rahmen</span> in angenehmer Atmosph&auml;re - Dessertabende, Brunches oder thematische Dinner</div><div class="s6">&nbsp;</div><div class="s6"><span class="s5">▪ </span><span class="s3">Catering </span><span class="s3">nach Wunsch</span> - direkt zu euch in den Verein oder an eure Wunsch-Location</div><div class="s6">&nbsp;</div><div class="s6"><span class="s5">▪ </span><span class="s3">Teamevents</span><span class="s3">- und Acton</span> <span class="s3">mit Spa&szlig;faktor</span> &ndash; gemeinsamkochen, lachen und genie&szlig;en</div><p class="s2">Mit &uuml;ber 16 Jahren Erfahrung in Kochkursen und unz&auml;hligen Veranstaltungen wissen wir genau, wie Genuss und gute Stimmung zusammenpassen.</p><p class="s2">Hier geht&rsquo;s nicht nur ums Essen &ndash; hier entstehen Erinnerungen, die bleiben. Wir machen eure Feier einzigartig &ndash; von der Planung bis zum letzten Bissen.</p><p class="s2">&nbsp;</p>;9.403763;47.4376903;Lukasstrasse 61;9016;St.Gallen;+41787768499;mike@sweetwolf.ch;https://www.sweetwolf.ch;[{'@type': 'ImageObject', 'contentUrl': 'https://ostpimtsoch.sos-ch-dk-2.exoscale-cdn.com/catalog/9/8/2/f/982f2a192c8e84f37e7f444359f6c53ab3d332e3_fec8538588dde42c2f4dfd130e030805.jpeg'}];2026-04-01T18:14:50+02:00
9eca086c-869a-4d40-8532-c9311ad133a6;Indoorspielplatz und Trampolinpark Fägnäscht;Ein Ort voller Bewegung und Spass: Der Indoorspielplatz mit Trampolinpark bietet Action, Abenteuer und Freude für Gross und Klein – bei jedem Wetter!;<div class="flex flex-col text-sm pb-25"><article class="text-token-text-primary w-full focus:outline-none [--shadow-height:45px] has-data-writing-block:pointer-events-none has-data-writing-block:-mt-(--shadow-height) has-data-writing-block:pt-(--shadow-height) [&amp;:has([data-writing-block])&gt;*]:pointer-events-auto scroll-mt-[calc(var(--header-height)+min(200px,max(70px,20svh)))]" dir="auto" tabindex="-1" data-turn-id="request-WEB:af43760a-8afb-44cb-8518-55ca4d39ba4f-6" data-testid="conversation-turn-14" data-scroll-anchor="true" data-turn="assistant"><div class="text-base my-auto mx-auto pb-10 [--thread-content-margin:var(--thread-content-margin-xs,calc(var(--spacing)*4))] @w-sm/main:[--thread-content-margin:var(--thread-content-margin-sm,calc(var(--spacing)*6))] @w-lg/main:[--thread-content-margin:var(--thread-content-margin-lg,calc(var(--spacing)*16))] px-(--thread-content-margin)"><div class="[--thread-content-max-width:40rem] @w-lg/main:[--thread-content-max-width:48rem] mx-auto max-w-(--thread-content-max-width) flex-1 group/turn-messages focus-visible:outline-hidden relative flex w-full min-w-0 flex-col agent-turn" tabindex="-1"><div class="flex max-w-full flex-col gap-4 grow"><div class="min-h-8 text-message relative flex w-full flex-col items-end gap-2 text-start break-words whitespace-normal [.text-message+&amp;]:mt-1" dir="auto" data-message-author-role="assistant" data-message-id="5a9ad55e-ba0f-4832-8150-77430e40717f" data-message-model-slug="gpt-5-3"><div class="flex w-full flex-col gap-1 empty:hidden"><div class="markdown prose dark:prose-invert w-full wrap-break-word light markdown-new-styling"><p data-start="0" data-end="346">Das F&auml;gn&auml;scht in Rorschach ist ein grossz&uuml;giger Indoorspielplatz mit integriertem Trampolinpark und ein beliebtes Ausflugsziel f&uuml;r Familien. Auf weitl&auml;ufiger Fl&auml;che erwartet die Besucher eine abwechslungsreiche Erlebniswelt mit Kletteranlagen, Rutschen, Spielbereichen und vielen Attraktionen zum Austoben und Entdecken. Das Restaurant sorgt mit seinem Angebot f&uuml;r das leibliche Wohl und bietet Verschiedenes f&uuml;r den kleinen und grossen Hunger.</p><p data-start="348" data-end="681">Der Trampolinpark sorgt f&uuml;r jede Menge Action und spricht neben Kindern auch Jugendliche und Erwachsene an &ndash; hier stehen Spass, Bewegung und gemeinsame Erlebnisse im Mittelpunkt. Auch bietet der Ninja-Parcours eine spannende Herausforderung f&uuml;r Geschicklichkeit, Kraft und Ausdauer und sorgt f&uuml;r zus&auml;tzlichen Nervenkitzel.</p><p data-start="683" data-end="892" data-is-last-node="" data-is-only-node="">Ob f&uuml;r einen aktiven Familienausflug, einen unvergesslichen Kindergeburtstag oder einfach einen Tag voller Spiel und Bewegung &ndash; das F&auml;gn&auml;scht bietet f&uuml;r Gross und Klein ein wetterunabh&auml;ngiges Freizeiterlebnis.</p></div></div></div></div></div></div></article></div>;9.4852;47.47687;Industriestrasse 21;9400;Rorschach;+41 71 845 55 00;info@faegnaescht.ch;http://www.faegnaescht.ch;[{'@type': 'ImageObject', 'contentUrl': 'https://ostpimtsoch.sos-ch-dk-2.exoscale-cdn.com/catalog/6/5/f/2/65f2194b177f477b9c09ea62cb8ad0270d2e4489_a9cfe168c7109ad8f5c297f6bf35cd76.jpg'}];2026-03-17T18:39:43+01:00
a0d2c242-070e-4e2f-836b-4feb51c63968;Toggenburg-Guides;Geführte Outdoor-Erlebnisse mit einheimischen Guides;Willkommen bei unserer Gemeinschaft von Bergführern und Wanderleitern im Toggenburg.
Bei uns findest du Touren und Erlebnisse, die von erfahrenen Profis geplant und begleitet werden.
Gemeinsam entdecken wir die Schönheit der Berge - ob sanft oder anspruchsvoll.
Wir nehmen dich mit hinaus in die Natur: sicher, authentisch und genau so, wie es zu dir passt.;9.25304174423218;47.185727089944905;Hof-Starkenbach;9656 ;Alt St. Johann;info@toggenburg-guides.ch;https://www.toggenburg-guides.ch;[{'@type': 'ImageObject', 'contentUrl': 'https://ostpimtsoch.sos-ch-dk-2.exoscale-cdn.com/catalog/9/e/b/c/9ebc956eb250219dd4a0b693b74830736616427c_af60adb34b0536b222ff14a82dda72cc.png'}];2026-04-27T19:55:28+02:00
a1c5ae4c-7dee-4dca-9b09-9cbe36a847b2;Eisschnitzen: Das coolste Team-Event;Vergesst die gewöhnlichen Teamevents, Weihnachtsfeiern oder Firmenevents und macht euch bereit für ein Event, der euer Team so richtig mitreisst!;<p><strong>Ein frostiges Abenteuer als Team </strong>Kreative Ideen schmieden, Skizze zeichnen, den Plan ausarbeiten und dann mit S&auml;ge und Meissel ans Werk gehen. Ob ein imposantes Firmenlogo oder eine verspielte Figur &ndash; eure Fantasie kennt keine Grenzen! Die Eisschnitz-Experten stehen euch dabei mit Rat und Tat zur Seite, und wer h&auml;tte gedacht, wie viel Talent in euren Kolleginnen und Kollegen schlummert?<br><br><strong>Erfrischender Kundenevent&nbsp;</strong>Egal, ob ihr draussen in einer Winterlandschaft, auf einer Seeterrasse beim Seminarhotel oder auf dem Gel&auml;nde eurer Firma loslegt: Das Eisschnitzen bringt den Fun-Faktor, der eure Firmenfeier von gew&ouml;hnlich zu legend&auml;r macht! Besonders als Rahmenprogramm bei einem Weihnachtsanlass, aber auch als erfrischendes <strong>Erlebnis im Sommer&nbsp;</strong>k&ouml;nnt ihr die eiskalten Meisterwerke ganzj&auml;hrig gestalten.<br><br><strong>Cool, kreativ und verbindend&nbsp;</strong>Lasst euch zudem von Kombinationsm&ouml;glichkeiten wie einen w&auml;rmenden Gl&uuml;hwein oder einer Schneeschuhtour inspirieren. Dieser Teamevent ist so viel mehr als nur eiskalte Kunst &ndash; es ist das perfekte Abenteuer in der festlichen Weihnachtszeit!</p><p>Event-Ort:</p><p>&uuml;berall in der ganzen Ostschweiz&nbsp;</p>;9.410734176635744;47.402575429961765;Walenguflen 10;8758;Obstalden;+41438885300;info@rafters.ch;https://www.rafters.ch/teamevents/eisschnitzenteam/index.html;[{'@type': 'ImageObject', 'contentUrl': 'https://ostpimtsoch.sos-ch-dk-2.exoscale-cdn.com/catalog/1/2/7/3/127392ba7efd0e98928e63a49c705af44ee970b0_397b34f94fda284525c6e9a6e3c8d7a1.JPG'}];2026-03-03T21:10:42+01:00
ab96037e-e631-47db-a662-571d47c1f462;Kronberg;Luftseilbahn auf 1'663 m ü. M. - atemberaubendes 360° Panorama vom Alpsteinmassiv bis zum Bodensee;Die atemberaubende Aussicht und die frische Bergluft sind einmalig. Gäste geniessen auf über 1600 Metern feine Appenzeller Spezialitäten. Das heimelige Berggasthaus lädt zum Verweilen und Geniessen inmitten einer herrlichen Bergwelt ein.;9.328294;47.3198655;Sankt Josefstrasse 2;9108;Jakobsbad;+41 71 794 12 89;info@kronberg.ch;http://www.kronberg.ch/;[{'@type': 'ImageObject', 'contentUrl': 'https://ostpimtsoch.sos-ch-dk-2.exoscale-cdn.com/catalog/1/7/d/0/17d0b1feb2bc96ada7562757926675d6ea7c3861_79e01327c0b4997573e81521edd38a23.jpg'}];2026-04-11T16:30:18+02:00
b5e6368d-cfbe-4580-93d4-5efc07928105;Chocolarium – die Glücksfabrik von Munz und Minor;Die beliebte Schokoladen-Erlebniswelt von Munz und Minor lädt zu einer süssen Reise auf die Suche nach dem Glück ein. Das Chocolarium bietet einen interaktiven Erlebnis-Rundgang, Einblick in die Live Produktion und diverse Giesskurse an. Naschen erwünscht!;<p>Wer Schokolade liebt, kommt um einen Besuch im Chocolarium nicht herum. Auf dem interaktiven Erlebnis-Rundgang entdecken Schoggifans auf spielerische Weise viel Wissenswertes &uuml;ber Schokolade &ndash; und wie das Gl&uuml;ck seinen Weg in jede Tafel findet.</p><p>Von der Glasgalerie aus l&auml;sst sich hautnah beobachten, wie die beliebten Produkte von Munz und Minor entstehen. Ein besonderes Highlight bietet der Raum f&uuml;r individuelles Gl&uuml;ck: Verschiedene Schokoladenbrunnen laden dazu ein, die Sorten Weiss, Milch, Dunkel, Himbeere und sogar vegane Gianduja zu probieren und zu bewerten &ndash; Naschen ist hier ausdr&uuml;cklich erw&uuml;nscht.</p><p>Zum Abschluss wird der Rundgang mit einer s&uuml;ssen Erinnerung abgerundet: Die Show‑Confiseurin giesst eine frische Schoggitafel oder &ndash; wahlweise &ndash; zwei Schokoladenherzen, die nach Herzenslust verziert werden d&uuml;rfen. Dieses pers&ouml;nliche Kunstwerk nehmen die G&auml;ste anschliessend als s&uuml;sse Erinnerung mit nach Hause.</p><p>Das Chocolarium, eines der beliebtesten Ausflugsziele der Ostschweiz, heisst alle Besucherinnen und Besucher herzlich willkommen!</p>;9.164934160728885;47.4130675;Toggenburgerstrasse 41;9230;Flawil;+41 71 228 38 88;info@chocolarium.ch;http://www.chocolarium.ch/;[{'@type': 'ImageObject', 'contentUrl': 'https://ostpimtsoch.sos-ch-dk-2.exoscale-cdn.com/catalog/1/e/b/5/1eb5754aad3435010c0303974cf447ad7c1bc312_62aed7c40d6ebe1bea38fb59d4cb2e25.jpg'}];2026-06-16T20:40:45+02:00
b70f824c-9c8d-430a-a836-cb508e5a7d22;Kutschenfahrten Vogelsanger;Mit dem noblen Landauer fahren wir für Jubilare, Geburtstage und Hochzeiten. Darin sieht man die Gäste gut, ideal für schöne Fotos.
Für Familienausflüge oder Ausfahrten mit Freunden sind die Kutschen mit einem Tisch in der Mitte geeignet.;<p>Zum Beispiel eine Wagenfahrt über die Grenze?
Die Route verläuft vom Städtchen Neunkirch auf den Südranden durch den Naturpark, über die deutsche Grenze nach Jestetten.<br>Oder eine kleine Reise durch die Reben zum Fasshotel in Trasadingen?<br>Immer sehr beliebt ist die Hallauer Weinstrasse, mit herrlicher Sicht auf den Klettgau.<br>Viele weitere Routen finden Sie auf unserem Prospekt, gerne machen ihnen Vorschläge.<br>Sie geniessen bei uns vor der Abfahrt einen Apéro, während wir unser Schimmel einspannen. 
Wir fahren mit reinrassigen Kladruber Pferde, schönen Geschirren aus echtem Leder und original getreu nachgebauten Kuschen mit Scheibenbremsen.</p><p>Der Regionale Naturpark Schaffhausen umfasst den Klettgau mit seinen Weinbaugebieten, die Randenhochebene (ein Juraausläufer), den Reiat, sowie im südlichen Teil zwei deutsche Gemeinden mit der wunderbaren Stromlandschaft des Rheins.<br>Die Region Schaffhausen ist geprägt von landschaftlicher Schönheit und kultureller Vielfalt.</p>;8.50072503089905;47.703256731459625;Chilchgasse 3;8214;Gächlingen;+41526811914;info@kutschenfahrten-blauburgunderland.ch;http://www.kutschenfahrten-blauburgunderland.ch;[{'@type': 'ImageObject', 'contentUrl': 'https://ostpimtsoch.sos-ch-dk-2.exoscale-cdn.com/catalog/f/0/f/a/f0fae8628d4617d827e556dcb6af56c28facd335_ce3977175ae01883283f465f6d0351b0.jpg'}];2025-03-31T18:55:31+02:00
bbe801fe-5f7b-4517-b74b-99b0cf9aa51b;Bänkli-Fitness-Weg;Eine Kombination aus Kraft- und Gleichgewichtstraining ist besonders effektiv. Gezieltes Gleichgewichtstraining verbessert die Standstabilität und unterstützt eine kontrollierte Körperhaltung.;<div><p>Regelm&auml;ssiges Training beziehungsweise k&ouml;rperliche Aktivit&auml;t ist in jedem Alter wichtig. F&uuml;r &auml;ltere Menschen stellt es eine wesentliche Grundlage f&uuml;r ein selbstbestimmtes Leben dar. F&uuml;r Jugendliche und Breitensportler ist Bewegung ein fester Bestandteil sozialer Begegnungen, des Wohlbefindens und der Steigerung der Fitness. Die Lebensqualit&auml;t kann dadurch deutlich verbessert werden.</p><p>Eine Kombination aus Kraft- und Gleichgewichtstraining ist besonders effektiv. Gezieltes Gleichgewichtstraining verbessert die Standstabilit&auml;t und unterst&uuml;tzt eine kontrollierte K&ouml;rperhaltung. Auch die Maximalkraft der Haltemuskulatur wird durch Gleichgewichtstraining gest&auml;rkt. Im Alter kann dies zu einer Verringerung der Sturzgefahr f&uuml;hren.</p><p>Bewegung st&auml;rkt zudem das Immunsystem und f&ouml;rdert die Sauerstoffaufnahme. Das Herz-Kreislauf-System wird gest&auml;rkt, und sowohl die Regeneration als auch die psychische Verfassung profitieren davon. K&ouml;rperliche Aktivit&auml;t unterst&uuml;tzt das K&ouml;rper- und Selbstbewusstsein, verbessert den Schlafrhythmus und tr&auml;gt zum Stressabbau bei.</p><p>Nebst einem gezielten Training ist die Freude an der Bewegung wichtig &ndash; Training soll Spass machen. Und gemeinsames Training macht doppelt Freude.</p></div>;9.348828792572023;47.20351976581697;Mittelweg;9658;Wildhaus;+41795009161;christianasutter@me.com;[{'@type': 'ImageObject', 'contentUrl': 'https://ostpimtsoch.sos-ch-dk-2.exoscale-cdn.com/catalog/e/d/7/4/ed743acee259fbbc898001620d7386a097650f7e_0790d40182fc52f1831c3f661eec5df7.jpg'}];2026-02-17T19:46:06+01:00
bfdc2562-ebaf-472c-9b42-b24401931070;loftgalerie in der alten Spinnerei;Kunst im alten Industriegebäude;Mit viel Liebe zum Detail, Kreativität und Herzblut wurde aus der ehemaligen, denkmalgeschützten Spinnerei am Walensee ein neuer Ort der Begegnung geschaffen. Nachhaltigkeit und der Bezug zur industriellen Vergangenheit sind dabei ebenso wichtig wie persönlich geprägte Gastfreundschaft. 

Beispiel für den gelebten kreativen Geist ist die loftgalerie. In Zusammenarbeit mit Kurator Andrin Schütz finden Ausstellungen von interessanten Kunstschaffenden aus dem In- und Ausland statt.;9.2170854;47.1124346;Alte Spinnerei;8877;Murg;+41 81 720 35 75;info@lofthotel.ch;https://www.seekultour.ch/;[{'@type': 'ImageObject', 'contentUrl': 'https://ostpimtsoch.sos-ch-dk-2.exoscale-cdn.com/catalog/6/8/d/3/68d30c0a276f8d235d2a78d9f1e6f4d1fbce0f16_021364b6b82f40480d43d5801dc38b6a.jpg'}];2024-12-11T20:22:15+01:00
bfdde90b-a141-4860-8f28-ae05d191a1f1;Flossbauen - das Highlight in Sachen Teambuilding;Lust auf ein Teamevent, das verbindet, begeistert und einen Hauch Abenteuer in den Arbeitsalltag bringt?;<p><strong>Abenteuer, Teamwork und Naturgenuss</strong><br>Willkommen beim Flossbauen! Hier hei&szlig;t es: gemeinsam t&uuml;fteln, zusammenbauen und am Ende die Belohnung genie&szlig;en &ndash; eine Flossfahrt auf den sch&ouml;nsten Seen der Ostschweiz.<br><br>Am Ufer des Sees wartet ein Haufen Baumaterial auf euch &ndash; Bretter, F&auml;sser und Seile. Eure Mission? Ein stabiles Floss bauen, das den strengen Sicherheitsrichtlinien unserer Guides entspricht und, ach ja, schwimmen muss es nat&uuml;rlich auch! Keine Sorge, unsere Experten stehen mit Rat und Tat zur Seite, falls die Konstruktion mal wackelt.<br><br>Und das Beste? Wenn der letzte Knoten sitzt, geht's aufs Wasser!&nbsp; Das ist Teamarbeit, die tr&auml;gt &ndash; im wahrsten Sinne des Wortes!</p><p><br><strong>Event-Orte:&nbsp;</strong></p><p>Walensee: in Weesen oder Walenstadt&nbsp;</p><p>Bodensee: Badi Buchhorn Arbon&nbsp;</p><p>&nbsp;</p><p>&nbsp;</p><p>&nbsp;</p>;9.098696708679201;47.134621998047926;Hauptstrasse;8872;Weesen;043 888 53 00;info@rafters.ch;https://www.rafters.ch/teamevents/flossbauen/index.html;[{'@type': 'ImageObject', 'contentUrl': 'https://ostpimtsoch.sos-ch-dk-2.exoscale-cdn.com/catalog/f/0/7/4/f0749777fc5a4a6581d91549444f56fc6a7010bf_8d4cb48d46b0792a5ee593c38e57fdfb.jpg'}];2026-03-03T21:10:42+01:00
c47b96a8-b101-4d87-875b-b44cedb53eab;Restaurant Zollstube;Schweizer und regionale Spezialitäten;Typisch schweizerisch ist die Atmosphäre im Restaurant Zollstube. Urchig und trotzdem mondän. Hier finden Sie regionale und nationale Spezialitäten auf der Speisekarte: Rösti und Fondue, Bündner Gerstensuppe und Zürcher Kalbs-Geschnetzeltes. Darüber hinaus hat die «Zollstube» mehr als 15 verschiedene Biersorten im Angebot. Die ausgesuchten Biere stammen aus kleinen, unabhängigen Schweizer Brauereien. Darunter auch das 36.5° Quell – unser Hausbier. Gebraut mit Thermalwasser aus der Taminaschlucht.;9.501874;47.0004126;Bernhard-Simonstrasse;7310;Bad Ragaz;+41 81 303 30 35;restaurants@resortragaz.ch;https://www.resortragaz.ch/de/restaurants-und-bars/zollstube;[{'@type': 'ImageObject', 'contentUrl': 'https://ostpimtsoch.sos-ch-dk-2.exoscale-cdn.com/catalog/0/2/6/e/026ef5a35f9d3c7f1ab21bb82cea6a496be119a8_c149773f3ebb96768a65a605ba837ebc.jpg'}];2025-02-17T10:32:24+01:00
c76451b9-c0b6-4b7d-badb-09c558957a5e;Grill Pizzeria Löwen;Herzlich willkommen, das neu renovierte Restaurant «Grill Pizzeria Löwen» hat seine Tore geöffnet. Der Löwen befindet sich im Herzen der Altstadt von Maienfeld, wo es Euch zum Verweilen einlädt.

Mit viel Liebe zum Detail werden alte und moderne Materialien kombiniert. Das vordergründige Ziel des Innenausbaues war die Gemütlichkeit sowie das Ambiente. Verbringen Sie angenehme Momente in Gesellschaft von Freunden oder Familie in freundlicher Atmosphäre.;Pizza aus dem Holzofen, Pastagerichte sowie Fleischspezialitäten vom Holzofengrill werden mit italienischem Flair zubereitet. Für jeden Gast haben wir das richtige Angebot, lassen Sie sich überraschen. Unser professionelles Serviceteam freut sich, Sie zu verwöhnen.

Das Löwenteam freut sich auf Ihren Besuch.;9.530671921258078;47.008206082718;Städtli 25;7304;Maienfeld;+41 81 302 64 64;info@pizzeria-maienfeld.ch;https://www.pizzeria-maienfeld.ch/;[{'@type': 'ImageObject', 'contentUrl': 'https://ostpimtsoch.sos-ch-dk-2.exoscale-cdn.com/catalog/7/b/c/8/7bc8381e4596363d3bbe81c8be3bbbc45522b529_99c3f8eaf22c2bc81ff7758f360bf851.jpg', 'caption': {'de': 'Grill Pizzeria Löwen'}}];2025-02-17T10:32:24+01:00
c7d6afbb-d817-4990-8762-2b8b15d14aa9;RhyLa - Rhintaler Maislabyrinth Balgach;Der Freizeitspass in der Region findet auf dem Balgacher Birkenhof auf einer rund 3.5 Hektar grossen Fläche statt. Das spannende und kurzweilige Ausflugziel mit einem Labyrinth von über 3 km für Familien, Jung und Alt.;Das RhyLa ist das grösste digital angesäte Maislabyrinth der Schweiz. Das Rhintaler Mais-Labyrinth ist ein Abenteuer für die ganze Familie! Mit über 3000 Metern Weg auf einer rund 3,5 Hektar grossen Fläche wird es garantiert ein unvergessliches Erlebnis für alle, die sich gerne verirren und neue Wege entdecken. Das Labyrinth ist ein Meisterwerk der Landwirtschaft und bietet ein einzigartiges Erlebnis, um die Natur von einer anderen Seite zu erleben. Aber das ist noch nicht alles! Ein besonderes Highlight des Labyrinths ist der Aussichtsturm, der einen atemberaubenden Blick über das Maisfeld bietet. Der Turm ist rund vier Meter hoch und bietet eine fantastische Aussicht auf die Umgebung.

Für alle Wissbegierigen: Im Labyrinth ist auch ein Lehrpfad integriert, der wissenswerte Informationen über die Landwirtschaft vermittelt. Der Lehrpfad ist eine grossartige Gelegenheit, mehr über die Natur und ihre Wunder zu erfahren - eine ideale Aktivität für Schulen und Gruppen.;9.612231493608663;47.386764238943506;Rietstrasse 59;9436;Balgach;+41 77 476 80 55;info@schmidi-events.ch;https://www.schmidi-events.ch;[{'@type': 'ImageObject', 'contentUrl': 'https://ostpimtsoch.sos-ch-dk-2.exoscale-cdn.com/catalog/1/5/4/5/154587c64fcbe7817b81a4e7483f61714a6d196d_3fca1cff59684ea4792a1c706feff37d.jpg'}];2026-04-01T18:14:50+02:00
c81b6c29-3685-4cb5-8459-a73d102ec937;Sonnenaufgangsfahrt Säntis;Jeden Sonntag im Juli und August mit Frühstücksbuffet. Erste Bergfahrt im Juli um 5 Uhr, im August um 6 Uhr.;<p>Die einzigartige Ruhe der fr&uuml;hen Morgenstunden geniessen. Ein atemberaubendes Naturschauspiel sowie ein reichhaltiges Fr&uuml;hst&uuml;cksbuffet stehen an jedem Sonntag im Juli und August bereit. Nach einer St&auml;rkung im Restaurant S&auml;ntisgipfel empfiehlt sich ein Besuch in die Erlebniswelt. Eintauchen in eine interaktive Erlebniswelt f&uuml;r Gross und Klein. Faszinierendes zu Wind und Wetter, Schnee und Eis sowie zur Geschichte der Schwebebahn erwarten die Besucher.</p><p class="MsoNormal"><strong>Wichtige Information: Die S&auml;ntis-Schwebebahn ist infolge Erneuerung der Bahn vom 1. Mai bis Sp&auml;therbst 2026 eingestellt.</strong></p><p class="MsoNormal"><strong>Das &laquo;S&auml;ntis &ndash; das Hotel&raquo; und die Restaurationsbetriebe auf der Schw&auml;galp sind durchgehend f&uuml;r Sie ge&ouml;ffnet.</strong></p>;9.342199;47.24926;Schwägalp;9107;Schwägalp-Säntis;+41 71 365 65 65;kontakt@saentisbahn.ch;https://saentisbahn.ch/;[{'@type': 'ImageObject', 'contentUrl': 'https://ostpimtsoch.sos-ch-dk-2.exoscale-cdn.com/catalog/7/3/7/3/7373f6618380673b0fe6bfa8bae6a02831206686_4f4623bffd9241da8964c833680c1394.jpg'}];2026-05-05T18:11:42+02:00
c8255124-6c7b-45e1-a1a7-c331786b1722;Schifffahrtsgesellschaft Züri-Rhy;Events auf dem Wasser  - Ihr besonderes Erlebnis auf unseren Schiffen;Events auf dem Schiff haben Ihren besonderen Reiz. Vor allem Rheinschifffahrten in der unberührten Natur bleiben für Gäste unvergesslich.
Ob von uns organisierte Eventfahrten, für Ihren privaten oder geschäftlichen Event oder Kursschifffahrt, ob Sommer oder Winter wir bringen Sie aufs Wasser.
Unsere Flotte bietet für jeden Anlass das richtige Schiff: vom Partyboot Flipper oder Neptun bis zu den grossen Event-Schiffen Rhystern, Rhenus und Hecht. Unser Team unterstützt Sie gerne bei der Planung Ihres Events und berät Sie kompetent.

Mit uns kommen Sie in Fahrt...;8.5554292;47.5517691;Rheinstrasse 10;8428;Teufen;+41 44 865 62 62;info@szr.ch;https://www.szr.ch/;[{'@type': 'ImageObject', 'contentUrl': 'https://ostpimtsoch.sos-ch-dk-2.exoscale-cdn.com/catalog/8/e/1/0/8e1052fdcce71907c6e8046552e959c7ee848f12_8e6c9a935259cedaa0d5397c18425fc1.JPG'}];2025-03-31T18:55:31+02:00
ce6c7f87-bbc4-4498-be9c-76319808e637;Fabrikantenhaus Schwellbrunn;Erleben Sie erholsame Ferien im historischen Fabrikantenhaus Schwellbrunn! Dieses liebevoll renovierte Baudenkmal verbindet authentischen Charme mit modernem Komfort und lädt Sie ein, die reiche Geschichte des Hauses zu entdecken. ;<p>Das eindrückliche Gebäude an der Gerenstrasse erzählt die Geschichte der einst blühenden Textilindustrie im Appenzellerland. Im 19. Jahrhundert im klassizistischen Stil der damaligen Fabrikantenhäuser erbaut, zeugt es von der wirtschaftlichen Bedeutung der Region.&nbsp;</p><p>Auf Initiative einer Gruppe aus dem Dorf, wurde die Stiftung Fabrikantenhaus ins Leben gerufen. Dies mit dem Ziel, das Gebäude zu sanieren und einer breiten Öffentlichkeit zugänglich zu machen. Das Projekt konnte im Herbst 2024 abgeschlossen werden. Seither dürfen Feriengäste die besondere Atmosphäre des Fabrikantenhauses fernab der Hektik geniessen. Die Ferienwohnungen werden über die Buchungsplattform der Stiftung Ferien im Baudenkmal vermittelt.&nbsp;</p><p>Im Fabrikantenhaus Schwellbrunn stehen zudem flexibel nutzbare Räume samt gut ausgestatteter Eventküche zur Verfügung, die sich perfekt für verschiedene Anlässe für bis zu 50 Personen anpassen lassen - ob Meeting, Workshop oder festlicher Anlass.&nbsp;</p>;9.250847778086401;47.35357478141015;Dorf 31;9103 ;Schwellbrunn;+41 44 252 28 72;info@fib.ch;http://ferienimbaudenkmal.ch;[{'@type': 'ImageObject', 'contentUrl': 'https://ostpimtsoch.sos-ch-dk-2.exoscale-cdn.com/catalog/c/1/c/6/c1c623511f88cb11ad0f38c5cfcc99fb865cbad0_d79b04463041d23f05b5c0bbfaf97e4c.jpg'}];2025-07-16T18:29:25+02:00
ced09ecb-8854-4824-ab7a-94a0615338d5;Chäserrugg;Aktive Erholung in der einmaligen Bergnatur der Churfirsten;Zwischen dem Walensee und dem Alpstein liegt das Chäserrugg Gebiet, eines der schönsten und naturbelassensten Erholungsgebiete der Schweiz. Innerhalb von rund 60 Minuten erreichen Gäste von Zürich und St. Gallen das Gebiet im Toggenburg. Somit ist es auch ein attraktives Ziel für einen Tagesausflug.

Mit seinen Wanderwegen über Weiden und Gipfel der Churfirsten und dem faszinierenden Wildtierbestand lädt das Gebiet zum Staunen und aktiven Erholen ein. 

Für ihren Umgang mit Natur und Ressourcen sowie für die sorgfältig eingegliederte Infrastruktur von Herzog & de Meuron wurde die Toggenburg Bergbahnen AG von der Stiftung Landschaftsschutz Schweiz 2021 zur «Landschaft des Jahres» gekürt. Innovation und Rückbesinnung auf die lokalen Werte lassen Sie das Toggenburger Kulturgut mit allen Sinnen erleben.;9.31199;47.18527;Frühweidstrasse 8;9657;Unterwasser;+41 71 998 68 10;info@chaeserrugg.ch;http://www.chaeserrugg.ch;[{'@type': 'ImageObject', 'contentUrl': 'https://ostpimtsoch.sos-ch-dk-2.exoscale-cdn.com/catalog/6/9/6/c/696cad24cb7b2c5c2f7178fdbd2ce152fb4a35aa_c2ba1f637e3489999b62894413431406.jpg'}];2025-02-17T11:58:28+01:00
d001c6f3-ec3f-48d8-ae60-1e77f50d6ea5;Restaurant Kiesfang;Restaurant für Familienfeste, Vereine, Mittagsessen, Geschäftsleute.;Das Restaurant Kiesfang, ein Zusammenspiel aus moderner Architektur, ländlicher Bodenständigkeit, traditionellem Treffpunkt und Offenheit. Es liegt mitten im Sarganserland am beschaulichen Weiher Kiesfang und an dem angrenzenden Spielplatz. Das Restaurant gehört zum öffentlichen Teil des Novellas Generationenhauses. 

Die verschiedenen Räumlichkeiten wie Restaurant, Lichthof und Terrasse sind individuell kombinierbar und ideal für Firmenanlässe, Vereine und Familienfeste.;9.446858167648315;47.029860867296;Aeulistrasse 8;7324;Vilters;+41 81 725 52 10;info@kiesfang.ch;http://www.kiesfang.ch;[{'@type': 'ImageObject', 'contentUrl': 'https://ostpimtsoch.sos-ch-dk-2.exoscale-cdn.com/catalog/d/9/e/6/d9e6562bad77350403e7c1f75f8b21f29eacb13a_984a3c9580927f52b63bc7db60f35dd1.jpeg'}];2025-02-17T10:32:24+01:00
d1a4d8bc-ba40-4c4e-9966-6f6596fe1b12;Kantonsbibliothek Vadiana;Während der Stickereizeit war die Ortsbürgergemeinde St.Gallen aktiv an der Baublüte beteiligt, in dem sie den repräsentativen Bau Vadiana für die Stadtbibliothek errichten liess. ;Geschichte: 
Der Urprung der Bibliothek bildet die sogenannte Vadianische Sammlung, benannt nach dem St.Galler Reformator Joachim von Watt (1484-1551), auch bekannt als Vadian. Kurz vor seinem Tod vermachte er die Sammlung der Stadt. Im Jahr 1615 wurde sie von Jakob Studer reorganisiert und seither kontinuierlich erweitert. Die Bibliothek, deren Bestände von St.Galler Bürgerfamilien erweitert wurden, war während Jahrhunderten das kulturelle Zentrum der Stadtrepublik St.Gallen.  
 
Architektur: 
Das 1907 fertiggestellte Gebäude Vadiana von Karl Mossdorf verkörpert sowohl architektonisch als auch baukünstlerisch den aus der Tradition gewachsenen Anspruch eines kulturellen Zentrums.  

 

Der asymmetrische, prägnante Bau zeigt seine zwei Hauptfunktionen nach aussen: Im Westen befindet sich der villenartige Verwaltungstrakt mit Büros und Lesesälen sowie einer Dachwohnung mit stilvoll geschweiften Lukarnen (Dachfenster) im Mansardendach. Im Osten erstreckt sich ein langer Bau mit einer Flucht von hohen, kirchenartigen Rundbogenfenstern. Er beherbergt die Archiv- und Bibliotheksmagazine. Zwischen diesen Bauteilen steht ein Eingangsrisalit mit schwerem barockisierenden Portal und Schaugiebel. 

 

Im Inneren des Gebäudes – in der Eingangshalle und in den Gängen – fallen die vielen schweren und edlen Materialien (Kalk-, Sand- und Schiefersteine und allerlei Marmorsorten) auf. Ein Sechstel der Baukosten soll auf Steinhauerarbeiten entfallen sein! Farbige Marmortäfelung, Jugendstil-Stukkaturen, Kassettendecke, Kunstverglasung und -schmiedearbeiten: Das Gebäude ist innen und aussen weitgehend im Originalzustand erhalten. Nach Expertenmeinung: der schönste Schweizer Bibliotheks- und Archivbau der Jahrhundertwende. 
 

Heutige Nutzung: 
Die Kantonsbibliothek Vadiana beherbergt heute die Verwaltung der Kantonsbibliothek St.Gallen (nur in der Bibliothek Hauptpost an der Gutenbergstrasse 2 beim Hauptbahnhof können Medien ausgeliehen werden), die Vadianische Sammlung der Ortsbürgergemeinde St.Gallen sowie das Stadtarchiv der Politischen Gemeinde und jenes der Ortsbürgergemeinde St.Gallen. Eine Sichtung der verschiedenen Sammlungen ist nach Voranmeldung möglich. ;9.3820889;47.4291837;Notkerstrasse 22;9000;St. Gallen;+41 58 229 09 90;kb.vadiana@sg.ch;https://www.sg.ch/kultur/kantonsbibliothek-vadiana.html;[{'@type': 'ImageObject', 'contentUrl': 'https://ostpimtsoch.sos-ch-dk-2.exoscale-cdn.com/catalog/a/4/c/e/a4ceea039bca54d987f109825e3d88fd1326ee84_aca7de2b78235c43a8896c1dc523a943.jpg'}];2026-06-16T20:35:33+02:00
d29a3491-9163-4dc2-8d56-dd3b8559dbf1;Massagetherapie Undermüli in Alt St. Johann;Verspannungen, Kopfschmerzen, Rückenprobleme oder sonstige Bewegungseinschränkungen können mit einer Massage, zum Teil mit anderen therapeutischen Anwendungen kombiniert, gezielt behandelt werden.;Schmerzen werden gelindert oder die Behandlung kann einfach eine Wohltat sein. 
Ich habe eine über 20-jährige Berufspraxis und bin über die Zusatzversicherungen bei den meisten Krankenkassen anerkannt, spreche Deutsch, Französisch und Englisch. Parkplätze vor dem Haus, auch mit ÖV gut erreichbar.
Inkludierte Leistungen: Med. Klassische Massage, Fussreflexzonenmassage
 
Termin nach Vereinbarung
Details / Infos: www.wellmed.ch
Buchbar unter: www.wellmed.ch oder 079 678 65 67;9.280362725257875;47.19370442653;Sonnenhalbstrasse 14;9656;Alt St. Johann;079 678 65 67;info@wellmed.ch;http://www.wellmed.ch;[{'@type': 'ImageObject', 'contentUrl': 'https://ostpimtsoch.sos-ch-dk-2.exoscale-cdn.com/catalog/a/f/8/c/af8c15af14d877f6a077e4a009b978bc5df775d0_8dc7a59d472b47ee66fa533f78afb4ab.jpg'}];2026-06-02T19:40:06+02:00
d3184543-d322-4865-8753-76e89a28773a;Klettergarten Zwinglipass;Klettern rund um den Zwinglipass.;In der näheren und weiteren Region um die Hütte gibt es viele schöne Klettergebiete im besten Kalk: Gätterifirst, Kreuzberge, Dreifaltigkeit, Fälentürm und ganz besonders am Hausberg der Zwinglipasshütte, dem Altmann, dem zweithöchsten Berg des Alpsteins. 

Der Klettergarten «Zwinglipass» ist ab der Talstation der Bergbahn Gamplüt in einer ca. 3-stündigen Wanderung zu erreichen. 

Er bietet Routen in verschiedensten Schwierigkeitsgraden von 2a (Schaffhauser Kamin) bis 6c+ (Via Hacky Sack) an, welche über die verschiedenen Grate oder durch die Südwand auf den Gipfel des Altmanns führen. 

Der Kletterführer liegt in der Hütte auf.

Weitere Informationen zu den Routen finden Sie im «SAC Kletterführer Alpstein» und in der Tourist Information Wildhaus.;9.37485694885254;47.23658824304505;Zwinglipass;9658;Wildhaus;+41719999911;info@toggenburg.swiss;https://toggenburg.swiss;[{'@type': 'ImageObject', 'contentUrl': 'https://ostpimtsoch.sos-ch-dk-2.exoscale-cdn.com/catalog/e/e/5/d/ee5dd9908d1aa5df2391301616ff96ad6f735c6c_bfbb2a973def7754eff4bf5fc782ebb8.jpg'}];2025-10-28T16:18:03+01:00
da2b428b-2578-4680-a59e-d27fca283aec;Daniele Gaumenschmaus;Hausgemachter regionaler Aceto Balsamico aus Blauburgundertrauben und frische Pasta.;Bei Daniele am Fronwagplatz 7 in Schaffhausen läuft einem das Wasser im Munde zusammen: Hier gibt es Italienische Spezialitäten, so weit das Auge reicht! Das Sortiment setzt sich aus Aceto, Pasta und vielen Leckereien zusammen. Alles mit viel Liebe hausgemacht, versteht sich! Eine freundliche Bedienung ist für uns selbstverständlich. Schön, dass wir Sie hier haben dürfen.;8.6332981;47.6967698;Fronwagplatz 7;8200;Schaffhausen;0526258270;mail@daniele.shop;https://schaffhauserland.ch/de/index/map/detail/daniele-gaumenschmaus-da2b428b-2578-4680-a59e-d27fca283aec.html;[{'@type': 'ImageObject', 'contentUrl': 'https://ostpimtsoch.sos-ch-dk-2.exoscale-cdn.com/catalog/1/e/d/3/1ed35dbc8ef0f98f2a7e5c2ed5d31a4a62655a27_d8d2e99e9d25b7866331142e7b0a76da.jpg'}];2025-02-17T12:51:25+01:00
e1e71e1f-2295-4c75-a52d-30fea99eb44c;Alpengaudi - der Mitarbeiteranlass mit Spass und Erlebnis;Bauernolympiade Teamspaß mit Elan und Esprit!
Erlebt einen unvergesslichen Tag gespickt mit spassigen Herausforderungen die den wahren Teamgeist wecken!;<p>Ob beim Armbrustschiessen, beim witzigen Mistb&auml;nne-Parcours , dem abenteuerlichen G&uuml;lleskiparcours, oder beim H&uuml;hnerfangen &ndash; hier ist Geschick, Cleverness und ein gutes Miteinander gefragt. Und h&auml;tten wir gedacht, dass Kuhfladengolf so viel Spa&szlig; machen kann?<br><br>Bei der Siegerehrung wird das beste Team gek&uuml;rt, aber gewonnen haben alle&ndash; dank der lustigen Erlebnisse und dem gemeinsamen Lachen. Und was w&auml;re ein Tag in den Alpen ohne ein herzhaftes Highlight? Nach den Spielen erwartet Euch ein feiner Grillschmaus, der die Stimmung perfekt abrundet.<br><br>Ob Firmenausflug, Teamevent oder ein geselliger Tag mit Freunden &ndash; die Bauernhof Olympiade ist Inspiration, Spa&szlig; und Herausforderung in einem! Seid dabei und entdeckt den Meister-&Auml;lpler in Euch!</p><p><strong>Event-Ort:</strong> diverse Bauernh&ouml;fe in der ganzen Ostschweiz</p><p><strong>unsere Empfehlung:</strong> Alp Habergschw&auml;nd auf dem Kerenzerberg in Kombination mit einer rasanten Trottinett-Abfahrt</p><p>&nbsp;</p>;9.1246868;47.1040405;Habergschwändstrasse 10;8757;Filzbach GL;+41438885300;info@rafters.ch;https://www.rafters.ch/firmenevent/bauernhofolympiade/index.html;[{'@type': 'ImageObject', 'contentUrl': 'https://ostpimtsoch.sos-ch-dk-2.exoscale-cdn.com/catalog/d/d/d/a/ddda0865b3771e87d77c52e800bbcf37ef5a5a2e_d74b62980594e3160cfca51d7e2e201b.jpg'}];2026-03-17T18:39:43+01:00
e53d0c4c-6cc1-4a1d-8b55-a4c916c738c8;Rother Ochsen;Der Rother Ochsen ist die älteste Taverne der Stadt Stein am Rhein. Diese wurde 1446 gegründet. ;<p>Das Geb&auml;ude wurde 1615 innen und aussen neu gestaltet: Steinerker, sp&auml;tgotische Staffelfenster, Fassadenmalerei mit humanistischer Thematik und Bemalung der Stube im 2. Obergeschoss durch den Steiner Meister A. Schmucker. Heutzutage gilt die Taverne als eine der sch&ouml;nsten Weinkeller der Schweiz.</p>;8.8592705;47.6592985;Rathausplatz 9;8260;Stein am Rhein;[{'@type': 'ImageObject', 'contentUrl': 'https://ostpimtsoch.sos-ch-dk-2.exoscale-cdn.com/catalog/5/9/d/b/59dbe53d24f3adf6f3d6f1a01afddcd29a62e36c_02bae74e31383f12232c2d97e5f1e36c.jpeg'}];2026-01-08T19:40:20+01:00
e6301bdb-98b5-4f36-abd9-e061b3e264b5;Chäs-Marili;Emmentaler, DIE Schweizer Spezialität mit den grossen Löchern und viele weitere seiner Verwandten aus aller Welt erhalten Sie im Chäs Marili. ;<p>Selbstverst&auml;ndlich alles im optimalen Reifestadium: ob w&uuml;rziger Gruy&egrave;re, mildes Mutschli oder kr&auml;ftiger Bergk&auml;se - hier werden Sie immer f&uuml;ndig. Italienische Spezialit&auml;ten wie Gorgonzola, franz&ouml;sische Weichk&auml;se und andere Spezialit&auml;ten runden das Angebot ab. Das Fachgesch&auml;ft bereitet auch gerne Mischungen f&uuml;r Fondues zu und stellt K&auml;seplatten f&uuml;r jede Gelegenheit zusammen, sch&ouml;n garniert mit saisonalen Fr&uuml;chten/Gem&uuml;sen - das Auge isst ja bekanntlich mit! Im Sommer ist f&uuml;r Erfrischung all'italiana gesorgt mit den Glaces der Gelateria Antico del Corso.</p>;8.6333104;47.6968336;Fronwagplatz 9;8200;Schaffhausen;+41 52 625 16 37;info@chaes-marili.ch;http://www.chaes-marili.ch/;[{'@type': 'ImageObject', 'contentUrl': 'https://ostpimtsoch.sos-ch-dk-2.exoscale-cdn.com/catalog/d/c/9/e/dc9e802f02717fccbea5d66e7bec6b944c0f4f17_87922cc9e21ee8119955ca6bde14dcf4.jpg'}];2026-01-09T19:41:31+01:00
e768f618-5209-492e-a0c5-de814e88c8c5;Kaffeehaus;Das Kaffeehaus in St. Gallen, untergebracht im historischen Polizeiposten der alten Linsebühl-Post, ist weit mehr als nur ein Café – es ist ein fester Bestandteil der Stadt.;In der hauseigenen Rösterei entfaltet sich die Welt feinster Spezialitätenkaffees – kreativ, aromatisch und mit der unverwechselbaren Handschrift des Baristas. Hier wird Kaffee nicht nur getrunken, sondern zelebriert – ein Genussmoment, in dem die Zeit stillzustehen scheint. Wer den Geschmack mit nach Hause nehmen möchte, kann den Kaffee direkt im Kaffeehaus kaufen.

Doch das Kaffeehaus ist mehr als ein Ort für herausragenden Kaffee. Es ist ein lebendiger Treffpunkt für Klang, Kunst und Wort – ein Raum, in dem Geschichten entstehen und geteilt werden.;9.3835919;47.4250453;Linsebühlstrasse 77;9000;St. Gallen;+41 71 534 34 24;post@kaffeehaus.sg;https://kaffeehaus.sg/;[{'@type': 'ImageObject', 'contentUrl': 'https://ostpimtsoch.sos-ch-dk-2.exoscale-cdn.com/catalog/d/8/b/b/d8bb180f4e295902d2df60950c09801ef80fea6c_c6760bb1e666453eb1ce07f1f1f861bc.jpg'}];2026-02-24T18:42:14+01:00
e9f441df-70d7-4983-a92d-8678f7b7a70f;JUST Welt;Ideal für den nächsten Familien-, Firmen-, oder Vereinsausflug in die Ostschweiz.;<p>Seit 1930 bringt JUST das Naturwohlgef&uuml;hl mit ihren hochwertigen Kosmetikprodukten zu dir nach Hause. Besuche nun du uns mit deiner Gruppe in der JUST Welt in Walzenhausen, im Appenzeller Vorderland und hoch &uuml;ber dem Bodensee. Auf der Arnikatour erhaltet ihr exklusive Einblicke in unsere moderne Produktion und erfahrt von eurem pers&ouml;nlichen Guide Wissenswertes &uuml;ber die Entwicklung und Herstellung der JUST Produkte.</p><p>Im Anschluss sch&uuml;pft ihr selbst in den Laborkittel und taucht in unserer Aroma Manufaktur in die Welt der &auml;therischen &Ouml;le ein. Lernt ihre Wirksamkeit auf K&ouml;rper und Geist kennen und stellt euer eigenes Duschgel mit eurem Lieblings&ouml;l her.&nbsp;</p><p>Die Tour findet ihren Abschluss im Chr&uuml;terforum bei einer Tasse Tee und euren JUST-Lieblingsprodukten zum Ausprobieren und mit nach Hause nehmen.&nbsp;</p>;9.602152705192566;47.45189277008315;Dorf 60;9428;Walzenhausen;+41 71 886 42 42;justweltteam@just.ch;https://www.just.swiss/just-welt/;[{'@type': 'ImageObject', 'contentUrl': 'https://ostpimtsoch.sos-ch-dk-2.exoscale-cdn.com/catalog/9/e/6/3/9e63e7bc4422f8bfa64ddfda54920d36aba8cb35_5e5d415535846107a46dd55b519645fd.jpg'}];2026-06-16T20:40:45+02:00
eb4bae6a-778c-4404-b2ec-6f0a4dffb6b5;verve by sven;Health-und-Lifestyle-Küche;1 Michelin-Stern | 15 Gault-Millau-Punkte
Saisonal, authentisch und naturverbunden. So schmeckt die Health-und-Lifestyle-Küche im Restaurant verve by sven. Eine Ode an die Lebensfreude und den Genuss. Hier werden gesunde, authentische Gerichte in einem stimmigen Ambiente vereint. Kompromisslose Qualität, die sich auch im natürlichen und warmen Innendesign widerspiegelt. Ein lebendiger Treffpunkt mit integrierter Bar, in der prämierte Spirituosen auf alpin-inspirierte Cocktails und handgemachte alkoholfreie Drinks treffen.;9.5040204;47.0003325;Bernhard-Simonstrasse;7310;Bad Ragaz;+41 81 303 30 35;restaurants@resortragaz.ch;https://www.resortragaz.ch/de/restaurants-und-bars/verve-by-sven;[{'@type': 'ImageObject', 'contentUrl': 'https://ostpimtsoch.sos-ch-dk-2.exoscale-cdn.com/catalog/e/d/1/b/ed1b34b7634aba809fd4dff05c65ad272ddb71e9_58059ef3a9f31cf2b22854378d60b4ff.jpg'}];2025-02-17T10:34:12+01:00
ebf46d62-4748-4496-b052-e80a7185a25b;Museum Neuthal Textil- & Industriekultur;200 Jahre Textil- und Industriekultur werden wieder lebendig. ;<p>Von der Wasserkraft, die einst Mensch und Maschinen antrieb, bis zu funktionierenden historischen Textilmaschinen &ndash; hier zeigt sich der ganze Produktionsprozess vom Spinnen &uuml;ber das Weben bis zum veredelten Stoff.</p><p><strong>Dem Wasser auf der Spur: Outdoor 365 Tage</strong></p><p>Ein <a href="https://www.neuthal-industriekultur.ch/outdoor365" target="_blank" rel="noopener">Audiowalk als H&ouml;r-Reise</a> entf&uuml;hrt in die Zeit, als das Wasser Menschen und Maschinen antrieb. Kinder entdecken auf einer Schatzsuche den Gl&ouml;gglifrosch und die Wasserspitzmaus. Das Gel&auml;ndemodell erschliesst die wahre Gr&ouml;sse des historischen Fabrikareals und l&auml;sst virtuell in vergangene Zeiten und durch Mauern blicken.&nbsp;</p><p><strong>Sonderausstellung: &laquo;Mode macht Geld&raquo;</strong></p><p>Die Ausstellung zeigt den Weg der Kleidung &ndash; von der Herstellung bis zur Entsorgung &ndash; und regt zum Nachdenken &uuml;ber unseren Modekonsum an. Erg&auml;nzend zur <a href="https://www.neuthal-industriekultur.ch/sonderausstellung" target="_blank" rel="noopener">Sonderausstellung</a> gibt es mehrere Events zum Thema &laquo;Kreislauf statt Kleiderflut: Wie Mode nachhaltig wird&raquo;.</p><p><strong>Mit historischen Z&uuml;gen ins Neuthal </strong></p><p>Eine Zeitreise in die Industriegeschichte des Z&uuml;rcher Oberlands. Jeden Sonntag verkehren nostalgische Z&uuml;ge: Dampfz&uuml;ge oder der Baumwoll-Express. Mit dem&nbsp;<a href="https://www.neuthal-industriekultur.ch/baumwollexpress" target="_blank" rel="noopener">Industriekultur-Erlebnisticket</a> gibt es die Fahrt mit dem Baumwoll-Express und Eintritt ins Museum Neuthal f&uuml;r nur 49.&ndash; f&uuml;r die ganze Familie.</p><p><strong>Gruppenerlebnis, das Geschichte und Technik miteinander verbindet </strong></p><p>Im Museum Neuthal erlebst du Industriekultur hautnah. Die <a href="https://www.neuthal-industriekultur.ch/gruppen" target="_blank" rel="noopener">F&uuml;hrungen</a> bieten spannende Einblicke in die Zeit der Industrialisierung des Z&uuml;rcher Oberlands und die Welt der Textilindustrie &ndash; ideal geeignet f&uuml;r Vereine, Firmen oder private Gruppen.</p>;8.8653917;47.3593969;Im Neuthal 6;8344;Bäretswil;+41 52 397 10 20;info@neuthal-industriekultur.ch;http://www.neuthal-industriekultur.ch;[{'@type': 'ImageObject', 'contentUrl': 'https://ostpimtsoch.sos-ch-dk-2.exoscale-cdn.com/catalog/b/a/1/d/ba1dd6db78d8f92fcd4dc4cbff019dcb859fc1f8_d164e5aec89100cf1252e6f7f836cf4c.jpg'}];2026-06-16T20:40:45+02:00
ecb64c5d-3592-497a-8e71-b341b3387a25;Wiborada Audio Walk;Wiborada: Die einflussreichste Ratgeberin von St.Gallen ;<p class="MsoNormal">Wer war diese Frau?</p><p class="MsoNormal">Im Mittelalter, als die Kirche das Bistum und das Volk lenkte, wurde Wiborada zur wichtigsten Frau St.Gallens. Sie rettete die Manuskripte der Stiftsbibliothek in St.Gallen von den einfallenden Horden. Aus ihrer Klause heraus gewann sie grossen geistlichen und politischen Einfluss.</p><p class="MsoNormal">Erlebe ihre faszinierende Geschichte neu mit deinen Ohren!</p><p class="MsoNormal">Dauer: max. 120 Minuten</p><p class="MsoNormal">Sprache: Deutsch</p><p class="MsoNormal">Startort: Roter Platz St. Gallen (Raiffeisenplatz) beim Brunnen</p><p class="MsoNormal">Points of Interest:<br>&nbsp;&bull; Roter Platz von Pipilotti Rist<br>&nbsp;&bull; Treppenstadt (13&lsquo;000 Stufen!)<br>&nbsp;&bull; Panoramablick &uuml;ber die Stadt<br>&nbsp;&bull; St.Georgen Kirche, Wiborada Kapelle<br>&nbsp;&bull; wilde M&uuml;hlenenschlucht<br>&nbsp;&bull; Klosterplatz St. Gallen<br>&nbsp;&bull; St. Mangen Kirche (Klause)</p>;9.373177886009218;47.421971830032824;Raiffeisenplatz;9000;St.Gallen ;https://wiborada-audio-walk.ch/;[{'@type': 'ImageObject', 'contentUrl': 'https://ostpimtsoch.sos-ch-dk-2.exoscale-cdn.com/catalog/5/8/9/c/589c90e12d2a8fd7a9df118af0e4efd7ecbcaff5_9a57c03edfcc44aa77171a3ace83715e.jpg'}];2026-06-16T20:40:45+02:00
efceda8d-daf6-4840-919c-d68443f0bbd3;TukTuk-Touren;Die schönsten Orte und Plätze im Appenzellerland entdecken bei einer Freiluftfahrt mit dem TukTuk.;Geniessen Sie das einmalige Strassenfeeling im TukTuk. Bei einer Freiluftfahrt erleben Sie das hügelige Appenzellerland mit all seinen Schönheiten und Sehenswürdigkeiten.

Einstündige Tour (1 - 2 Personen): CHF 75.00
Zweistündige Tour (1 - 2 Personen): CHF 150.00
Halbtägige Tour (1 - 2 Personen): CHF 300.00;9.295223251949373;47.3913797;Saumstrasse 6;9100;Herisau;+41 79 669 56 31;ruedi.aerni@calessino.ch;http://www.calessino.ch;[{'@type': 'ImageObject', 'contentUrl': 'https://ostpimtsoch.sos-ch-dk-2.exoscale-cdn.com/catalog/9/9/f/1/99f1ea68c601637fb36cd394c1f02a842caddfca_e02fa954b800b454179a9370f0d466e7.jpg'}];2025-05-26T18:16:37+02:00
f33e276d-3f51-4b0d-baec-e0867d17d3f8;Jugendmusik Sinfonics St.Gallen;Die Sinfonics St. Gallen ist ein symphonisches Jugendblasorchester mit Tambouren- und Majorettenformation für musik- und tanzbegeisterte Mädchen und Jungen aus Stadt und Region St.Gallen.;In wöchentlichen Gesamt- und Registerproben erarbeiten die jugendlichen Musikantinnen und Musikanten, Tambouren und Tänzerinnen unter fachkundiger Leitung ein breites Repertoire an Werken und Choreographien und erlernen dabei was es braucht, erfolgreich in einer Formation zu spielen bzw. tanzen.;9.3809153;47.4295974;Sonnenstrasse 16;9000;St. Gallen;+41 76 440 38 39;daniel.kern@kmsg.ch;https://www.sinfonics.ch;[{'@type': 'ImageObject', 'contentUrl': 'https://ostpimtsoch.sos-ch-dk-2.exoscale-cdn.com/catalog/4/0/d/e/40dee5e6bb2b7cb6b367748aeb14eb1174d4e300_0984c51af63275eb15e969bd117f9783.jpg'}];2026-06-16T20:40:45+02:00
f3be7511-605d-47a8-af1b-d0552b550917;Haus zum Goldenen Ochsen;Das Haus zum Goldenen Ochsen ist ein markantes historisches Gebäude in der Schaffhauser Altstadt und erinnert an den früheren Rindermarkt.;17. Jahrhundert. Eines der grossartigsten Häuser des alten Schaffhausen, am ehemaligen Rindermarkt gelegen. Es diente u.a. bis 1608 auch als Gastherberge. Beim Umbau 1608 in ein vornehmes Bürgerhaus bekam die spätgotische Fassade den Prunk deutscher Renaissance in Form von Erker und Portal. Die Fresken an der Fassade zeigen einen goldenen Ochsen als Haus zeichen und Personen aus der babylonischen Geschichte und der griechischen Antike. So vor allem die Helden aus dem Trojanischen Krieg.;8.6339364;47.6980186;Vorstadt 17;8200;Schaffhausen;[{'@type': 'ImageObject', 'contentUrl': 'https://ostpimtsoch.sos-ch-dk-2.exoscale-cdn.com/catalog/8/f/c/f/8fcfaad00aafae1198fe3b7023ec30a323fd7ee4_75ea759d8d48582e21c44dfb5a7e6813.jpg'}];2026-01-08T19:40:20+01:00
f45ef020-f1fc-4307-bbb1-521dfbf79fa4;Restaurant Namun;Eine meisterhafte asiatische Küche. Mit auserlesenen asiatischen Aromen.;13 Gault-Millau-Punkte
Eine aromatische Thai-Suppe, gedämpfte Dim-Sums oder eine pikante Knusper-Ente. Die Gerichte im Restaurant Namun sind Meisterwerke der asiatischen Küche. Und ein Feuerwerk für kulinarische Feinschmecker. Mit auserlesenen asiatischen Aromen. Einer Mischung aus Tradition und Moderne. Authentizität und perfektem Handwerk. In stilvollem Ambiente. Hier werden exotische Spezialitäten zum Teilen oder als Tellergericht serviert. Und dies alles auf Fünf-Sterne-Niveau. Eine wahre fernöstliche Sinnesreise.;9.502747;47.0001435;Bernhard-Simonstrasse;7310;Bad Ragaz;+41 81 303 30 35;restaurants@resortragaz.ch;https://www.resortragaz.ch/de/restaurants-und-bars/namun;[{'@type': 'ImageObject', 'contentUrl': 'https://ostpimtsoch.sos-ch-dk-2.exoscale-cdn.com/catalog/f/b/1/3/fb13323c2ff1cccb3e22393da837438174a3a6fe_5395995bca5db382f0ad77797bd37eab.jpg'}];2025-02-17T10:34:12+01:00
f5d3af54-a294-4e2c-b353-62a3c55b55bd;Kino Passerelle;Seit unserer Eröffnung als erstes genossenschaftliches Kino der Schweiz am 17. November 1990 gehören unsere täglichen Vorstellungen zum selbstverständlichen kulturellen Angebot des Toggenburgs.;Die Gründung der Genossenschaft Kino Passerelle ist dabei auf eine mutige Initiative aus den Reihen des ehemaligen Ciné-Clubs zurückzuführen. Nach der Schliessung des bisherigen &quot;Kino Speer&quot; 1987 konnte so mit der breiten Unterstützung der Bevölkerung wieder ein Kino im Toggenburg seine Türen öffnen.

Im November 2002 konnten ein zweiter Saal und eine Kinobar eröffnet werden. Da sich die Kinobranche in den letzten Jahren in einer starken Umbruchsphase befindet, sind auch im Kino Passerelle diverse Schritte unternommen worden, um die Zukunft zu sichern. Die Beschaffung der herkömmlichen 35mm-Filme gestaltete sich zunehmend als schwierig, weshalb 2012 die bisherigen Projektoren durch moderne Digitalprojektoren ersetzt wurden. 

Am 3. September 2016 konnte das Kino Passerelle schlussendlich auch eine komplett neue Saalbestuhlung der Öffentlichkeit präsentieren. In Anwesenheit des Regisseurs Xavier Koller wurde „Die Reise der Hoffnung“ gezeigt – der gleiche Film, der am 17. November 1990 als erster Film im Kino Passerelle vorgeführt worden war.

Die Auswahl der Filme gestalten wir sehr bewusst und sehr vielfältig. Uns liegen kulturelle Studio- und Arthouse-Filme ebenso am Herzen wie anspruchsvolle Dokumentarfilme, regionales und schweizerisches Filmschaffen und Familienfilme. Durch verschiedene Spezialanlässe, auch in Zusammenarbeit mit anderen regionalen Institutionen, möchten wir unserem Publikum ausserdem bestimmte Themen bewusst und auf attraktive Weise näherbringen.

Durch eine lokale Verankerung, ein überlegtes Filmprogramm und eine persönliche Nähe zu unseren Gästen und Genossenschafter:innen möchten wir so unserem Publikum das Tor zur weiten Welt des Films offenhalten.

Hinweis: Grosser Saal ist rollstuhlgängig; rollstuhlgerechte Toilette ist vorhanden.;9.08898;47.29702;Austrasse 3;9630;Wattwil;+41 71 988 60 50;info@kinopasserelle.ch;http://kinopasserelle.ch;[{'@type': 'ImageObject', 'contentUrl': 'https://ostpimtsoch.sos-ch-dk-2.exoscale-cdn.com/catalog/7/b/5/d/7b5d5d174fc7ea6d14f59432ffe2b322a2bd686f_27d38bc238aa35eb25d5951f0daa858e.png'}];2025-10-28T16:18:03+01:00
f736364a-e903-4dbd-9720-1a1df6156776;Alpenlodge Prod;Moderne Gruppenunterkunft am Flumserberg;Mitten im Winter- und Sommersportgebiet Flumserberg – auf dem Hochplateau Prodalp (1576 m) – finden Sie die Alpenlodge Prod. Die moderne Gruppenunterkunft mit 48 Betten und einer grossen Selbstversorgungsküche bietet zusätzlich Ruhe, Idylle und eine herrliche Aussicht.

Ob für ein Schullager oder für ein Wochenende für Firmen oder Vereine – die Alpenlodge Prod bietet eine Übernachtungsmöglichkeit in einmaliger Atmosphäre. Die Gruppenunterkunft hat 48 Betten (2 x 10er; 4 x 6er und 2 x 2er-Zimmer). Die Küche ist mit Induktionsherd, Steamer, Backofen, einem Tiefkühlschrank, zwei Kühlschränken und einer Abwaschmaschine ausgestattet. Der gemütliche Ess- und Aufenthaltsraum hat ein Cheminée. Der Ski- und Trockenraum eignet sich im Winter ideal zur Aufbewahrung von Skischuhen.

Die Alpenlodge Prod ist eine Gruppenunterkunft für Selbstkocher. Bei einer Buchung mit Frühstück wird Ihnen dieses direkt ins Haus geliefert. Es besteht zudem die Möglichkeit ein Käse-Fondue auf Vorbestellung in die Alpenlodge Prod liefern zu lassen oder im ca. 300 m entfernten Bergrestaurant Prodalp das Mittag- und Abendessen einzunehmen (Reservation erforderlich).

Erreichbar ist die Alpenlodge Prod mit der 12er-Gondelbahn Prodalp-Express ab Tannenheim. Ab der Bergstation Prodalp gelangen Sie zu Fuss in wenigen Minuten zur Alpenlodge Prod. Mit den Skiern oder dem Snowboard ist die Alpenlodge Prod ebenfalls erreichbar. Die Gruppenunterkunft wird ab 30 Personen vermietet.;9.287202358245851;47.076241500083825;Prodalp;8898;Flumserberg;+41 81 720 15 15;info@flumserbergbahnen.ch;http://www.alpenlodge-prod.ch;[{'@type': 'ImageObject', 'contentUrl': 'https://ostpimtsoch.sos-ch-dk-2.exoscale-cdn.com/catalog/d/d/7/c/dd7c8d2c49963afb78a45a89ed9244ff9c048c11_ebd5fd681558215a202cfb152c063160.jpg'}];2024-12-11T20:24:32+01:00
f9138362-bb73-425f-83f2-d58ae9585114;Schloss Maienfeld;Umgeben von malerischen Rebbergen, stellt das Schloss im gleichnamigen Städtchen ein bedeutendes Wahrzeichen dar. In verschiedensten Gastronomie- und Eventräumen, sowie dem Weinberg, auf welchem der schlosseigene Pinot Noir angebaut wird, trifft hier die Moderne auf Tradition und kreiert ein aussergewöhnliches Ambiente.;Unser Gastronomiekonzept ist vielseitig, vom Business Lunch im Bistro, über ein gehobenes à la Carte Angebot im Restaurant bis hin zum Apéro oder Schlummertrunk, für die Gäste oder auch Gruppen und Vereine im Club 1247. Im Vordergrund stehen die Kulinarik und die Gastfreundschaft – unsere Gäste sollen sich willkommen fühlen, Freude haben und sich kulinarisch begeistern lassen. Beim Küchenkonzept legen wir viel Wert auf Regionalität sowie Tradition - alt bekanntes neu interpretieren, diese sollen die Gäste begeistern.;9.5310679;47.0064678;Schloss Maienfeld 2A;7304;Maienfeld;+41 81 302 24 23;info@schlossmaienfeld.ch;http://www.schlossmaienfeld.ch;[{'@type': 'ImageObject', 'contentUrl': 'https://ostpimtsoch.sos-ch-dk-2.exoscale-cdn.com/catalog/1/c/5/1/1c51e8619575f61cc55d376f5ecc454db05d0183_9617dfa49f8db547fd17a9502565d742.jpg'}];2025-02-17T10:34:12+01:00
f978b33b-6fbd-4b8a-b849-ea0ca995fac7;Café Confiserie Fässler;Genuss trifft Leidenschaft!;Gemütliches Café vis-à -vis der katholischen Kirche. Hausgemachte Confiserie- und Konditoreiprodukte.;9.5005702;47.0037015;Sarganserstrasse 1;7310;Bad Ragaz;+41 81 330 78 00;confiserie.faessler@bluewin.ch;https://www.confiserie-faessler.ch;[{'@type': 'ImageObject', 'contentUrl': 'https://ostpimtsoch.sos-ch-dk-2.exoscale-cdn.com/catalog/b/5/e/5/b5e5d34be86c2d36dcf49a9bccacc337071fee43_33e045ba80cc28004294b1849949e15e.jpg'}];2025-02-17T10:34:12+01:00
fc519288-aefd-4e32-94ab-2888b2d3a8f3;Café & Bar Breite;Das Café & Bar Breite lädt zum Geniessen, gemeinsamen Verweilen, Kaffeetrinken, Teeschlürfen, Tratschen, Ausspannen, Freunde treffen und Feiern ein.;Das Café &amp; Bar Breite ist tagsüber ein gemütliches Café und bietet im Restaurant und in der Gartenbeiz Platz zum Verweilen und Geniessen. 

Abends ist die Bar Treffpunkt für Nachtschwärmer und bietet unter anderem diverse kreative Cocktails und lokales Bier an.;9.5373429;47.3785415;Breite 29;9450;Altstätten;0796126819;simonwalt@bluewin.ch;http://www.bar-breite.ch/;[{'@type': 'ImageObject', 'contentUrl': 'https://ostpimtsoch.sos-ch-dk-2.exoscale-cdn.com/catalog/4/3/5/b/435bbea9269f68983cdc0205ba57a9433c3bcbc5_6df1fc834b231dcc1970777a1496d0aa.jpeg'}];2026-04-01T18:14:50+02:00
fea96a9c-93b8-495f-8c86-946b30ab4b02;Karlstor;Das letzte erhaltene Stadttor von St.Gallen ;Im Jahre 1566 wurde das Kloster St.Gallen durch eine Mauer von der Stadt getrennt. Also liess der Abt 1570 ein eigenes Tor für das Kloster errichten. Dieses ist bis heute erhalten geblieben. 

Das grosse Steinrelief, das die Ostfassade ziert, ist das auffälligste Merkmal des Tores. Im oberen Teil wurde neben dem Wappen des damaligen Papstes ist auch das Wappen des alten deutschen Reiches in den Stein gemeisselt. Der mittlere Teil zeigt das Wappen von Otmar, dem ersten Abt und Gründer des Klosters. Ebenfalls zu erkennen ist  Gallus - Namenspatron der Stadt - mit dem Bären. Ganz unten schmücken zwei liegende Löwen und einigte verschlungene Bänder das Relief. 

Heute befindet sich im Karlstor das Untersuchungsgefängnis. Das Gebäude gehört zur kantonalen Verwaltung.;9.37895;47.42357;Moosbruggstrasse;9000;St. Gallen;[{'@type': 'ImageObject', 'contentUrl': 'https://ostpimtsoch.sos-ch-dk-2.exoscale-cdn.com/catalog/a/d/2/6/ad26eb89bef960eff6438a3f13ce30fa5469a48d_d90063592c804114d5c5dcb60510b7e1.jpg'}];2026-06-16T20:35:33+02:00
